ISO-10303-21;
HEADER;
/* Generated by software containing ST-Developer
 * from STEP Tools, Inc. (www.steptools.com) 
 */

FILE_DESCRIPTION(
/* description */ (''),
/* implementation_level */ '2;1');

FILE_NAME(
/* name */ 'Feet Right.step',
/* time_stamp */ '2026-02-17T16:23:34-03:00',
/* author */ (''),
/* organization */ (''),
/* preprocessor_version */ 'ST-DEVELOPER v20.1',
/* originating_system */ 'Autodesk Translation Framework v14.21.0.0',
/* authorisation */ '');

FILE_SCHEMA (('AUTOMOTIVE_DESIGN { 1 0 10303 214 3 1 1 }'));
ENDSEC;

DATA;
#10=MECHANICAL_DESIGN_GEOMETRIC_PRESENTATION_REPRESENTATION('',(#13,#14,
#15),#2295);
#11=SHAPE_REPRESENTATION_RELATIONSHIP('SRR','None',#2302,#12);
#12=ADVANCED_BREP_SHAPE_REPRESENTATION('',(#16,#17,#18),#2294);
#13=STYLED_ITEM('',(#2311),#16);
#14=STYLED_ITEM('',(#2311),#17);
#15=STYLED_ITEM('',(#2311),#18);
#16=MANIFOLD_SOLID_BREP('Body2',#1417);
#17=MANIFOLD_SOLID_BREP('Body3',#1418);
#18=MANIFOLD_SOLID_BREP('Feet L (1)',#1419);
#19=CYLINDRICAL_SURFACE('',#1443,1.5);
#20=CYLINDRICAL_SURFACE('',#1446,10.5);
#21=CYLINDRICAL_SURFACE('',#1448,1.50000000000001);
#22=CYLINDRICAL_SURFACE('',#1452,4.);
#23=CYLINDRICAL_SURFACE('',#1461,10.5);
#24=CYLINDRICAL_SURFACE('',#1465,1.5);
#25=CYLINDRICAL_SURFACE('',#1468,1.50000000000001);
#26=CYLINDRICAL_SURFACE('',#1472,3.7);
#27=CYLINDRICAL_SURFACE('',#1475,1.9);
#28=CYLINDRICAL_SURFACE('',#1482,1.9);
#29=CYLINDRICAL_SURFACE('',#1484,1.9);
#30=CYLINDRICAL_SURFACE('',#1486,1.9);
#31=CYLINDRICAL_SURFACE('',#1489,1.4);
#32=FACE_BOUND('',#160,.T.);
#33=FACE_BOUND('',#161,.T.);
#34=FACE_BOUND('',#162,.T.);
#35=FACE_BOUND('',#172,.T.);
#36=FACE_BOUND('',#173,.T.);
#37=FACE_BOUND('',#174,.T.);
#38=FACE_BOUND('',#188,.T.);
#39=FACE_BOUND('',#189,.T.);
#40=FACE_BOUND('',#190,.T.);
#41=FACE_BOUND('',#191,.T.);
#42=FACE_BOUND('',#192,.T.);
#43=FACE_BOUND('',#193,.T.);
#44=FACE_BOUND('',#194,.T.);
#45=FACE_BOUND('',#199,.T.);
#46=FACE_BOUND('',#200,.T.);
#47=FACE_BOUND('',#201,.T.);
#48=FACE_BOUND('',#202,.T.);
#49=FACE_BOUND('',#203,.T.);
#50=FACE_BOUND('',#204,.T.);
#51=FACE_BOUND('',#205,.T.);
#52=FACE_BOUND('',#208,.T.);
#53=FACE_BOUND('',#212,.T.);
#54=CIRCLE('',#1435,10.5);
#55=CIRCLE('',#1436,9.);
#56=CIRCLE('',#1439,4.);
#57=CIRCLE('',#1440,1.50000000000001);
#58=CIRCLE('',#1441,1.5);
#59=CIRCLE('',#1444,1.5);
#60=CIRCLE('',#1447,10.5);
#61=CIRCLE('',#1449,1.50000000000001);
#62=CIRCLE('',#1453,4.);
#63=CIRCLE('',#1457,10.5);
#64=CIRCLE('',#1458,9.);
#65=CIRCLE('',#1462,10.5);
#66=CIRCLE('',#1466,1.5);
#67=CIRCLE('',#1467,1.5);
#68=CIRCLE('',#1469,1.50000000000001);
#69=CIRCLE('',#1470,1.50000000000001);
#70=CIRCLE('',#1473,3.7);
#71=CIRCLE('',#1474,3.7);
#72=CIRCLE('',#1476,1.9);
#73=CIRCLE('',#1477,1.9);
#74=CIRCLE('',#1479,1.9);
#75=CIRCLE('',#1480,1.9);
#76=CIRCLE('',#1481,1.9);
#77=CIRCLE('',#1483,1.9);
#78=CIRCLE('',#1485,1.9);
#79=CIRCLE('',#1487,1.9);
#80=CIRCLE('',#1490,1.4);
#81=CIRCLE('',#1491,1.4);
#82=CONICAL_SURFACE('',#1434,9.75,0.785398163397447);
#83=CONICAL_SURFACE('',#1456,9.75,0.785398163397448);
#84=FACE_OUTER_BOUND('',#156,.T.);
#85=FACE_OUTER_BOUND('',#157,.T.);
#86=FACE_OUTER_BOUND('',#158,.T.);
#87=FACE_OUTER_BOUND('',#159,.T.);
#88=FACE_OUTER_BOUND('',#163,.T.);
#89=FACE_OUTER_BOUND('',#164,.T.);
#90=FACE_OUTER_BOUND('',#165,.T.);
#91=FACE_OUTER_BOUND('',#166,.T.);
#92=FACE_OUTER_BOUND('',#167,.T.);
#93=FACE_OUTER_BOUND('',#168,.T.);
#94=FACE_OUTER_BOUND('',#169,.T.);
#95=FACE_OUTER_BOUND('',#170,.T.);
#96=FACE_OUTER_BOUND('',#171,.T.);
#97=FACE_OUTER_BOUND('',#175,.T.);
#98=FACE_OUTER_BOUND('',#176,.T.);
#99=FACE_OUTER_BOUND('',#177,.T.);
#100=FACE_OUTER_BOUND('',#178,.T.);
#101=FACE_OUTER_BOUND('',#179,.T.);
#102=FACE_OUTER_BOUND('',#180,.T.);
#103=FACE_OUTER_BOUND('',#181,.T.);
#104=FACE_OUTER_BOUND('',#182,.T.);
#105=FACE_OUTER_BOUND('',#183,.T.);
#106=FACE_OUTER_BOUND('',#184,.T.);
#107=FACE_OUTER_BOUND('',#185,.T.);
#108=FACE_OUTER_BOUND('',#186,.T.);
#109=FACE_OUTER_BOUND('',#187,.T.);
#110=FACE_OUTER_BOUND('',#195,.T.);
#111=FACE_OUTER_BOUND('',#196,.T.);
#112=FACE_OUTER_BOUND('',#197,.T.);
#113=FACE_OUTER_BOUND('',#198,.T.);
#114=FACE_OUTER_BOUND('',#206,.T.);
#115=FACE_OUTER_BOUND('',#207,.T.);
#116=FACE_OUTER_BOUND('',#209,.T.);
#117=FACE_OUTER_BOUND('',#210,.T.);
#118=FACE_OUTER_BOUND('',#211,.T.);
#119=FACE_OUTER_BOUND('',#213,.T.);
#120=FACE_OUTER_BOUND('',#214,.T.);
#121=FACE_OUTER_BOUND('',#215,.T.);
#122=FACE_OUTER_BOUND('',#216,.T.);
#123=FACE_OUTER_BOUND('',#217,.T.);
#124=FACE_OUTER_BOUND('',#218,.T.);
#125=FACE_OUTER_BOUND('',#219,.T.);
#126=FACE_OUTER_BOUND('',#220,.T.);
#127=FACE_OUTER_BOUND('',#221,.T.);
#128=FACE_OUTER_BOUND('',#222,.T.);
#129=FACE_OUTER_BOUND('',#223,.T.);
#130=FACE_OUTER_BOUND('',#224,.T.);
#131=FACE_OUTER_BOUND('',#225,.T.);
#132=FACE_OUTER_BOUND('',#226,.T.);
#133=FACE_OUTER_BOUND('',#227,.T.);
#134=FACE_OUTER_BOUND('',#228,.T.);
#135=FACE_OUTER_BOUND('',#229,.T.);
#136=FACE_OUTER_BOUND('',#230,.T.);
#137=FACE_OUTER_BOUND('',#231,.T.);
#138=FACE_OUTER_BOUND('',#232,.T.);
#139=FACE_OUTER_BOUND('',#233,.T.);
#140=FACE_OUTER_BOUND('',#234,.T.);
#141=FACE_OUTER_BOUND('',#235,.T.);
#142=FACE_OUTER_BOUND('',#236,.T.);
#143=FACE_OUTER_BOUND('',#237,.T.);
#144=FACE_OUTER_BOUND('',#238,.T.);
#145=FACE_OUTER_BOUND('',#239,.T.);
#146=FACE_OUTER_BOUND('',#240,.T.);
#147=FACE_OUTER_BOUND('',#241,.T.);
#148=FACE_OUTER_BOUND('',#242,.T.);
#149=FACE_OUTER_BOUND('',#243,.T.);
#150=FACE_OUTER_BOUND('',#244,.T.);
#151=FACE_OUTER_BOUND('',#245,.T.);
#152=FACE_OUTER_BOUND('',#246,.T.);
#153=FACE_OUTER_BOUND('',#247,.T.);
#154=FACE_OUTER_BOUND('',#248,.T.);
#155=FACE_OUTER_BOUND('',#249,.T.);
#156=EDGE_LOOP('',(#900,#901,#902,#903));
#157=EDGE_LOOP('',(#904,#905,#906,#907));
#158=EDGE_LOOP('',(#908,#909,#910,#911));
#159=EDGE_LOOP('',(#912,#913,#914,#915,#916));
#160=EDGE_LOOP('',(#917));
#161=EDGE_LOOP('',(#918));
#162=EDGE_LOOP('',(#919));
#163=EDGE_LOOP('',(#920,#921,#922,#923,#924));
#164=EDGE_LOOP('',(#925,#926,#927,#928));
#165=EDGE_LOOP('',(#929,#930,#931,#932));
#166=EDGE_LOOP('',(#933,#934,#935,#936));
#167=EDGE_LOOP('',(#937,#938,#939,#940));
#168=EDGE_LOOP('',(#941,#942,#943,#944));
#169=EDGE_LOOP('',(#945,#946,#947,#948,#949));
#170=EDGE_LOOP('',(#950,#951,#952,#953));
#171=EDGE_LOOP('',(#954,#955,#956,#957,#958));
#172=EDGE_LOOP('',(#959));
#173=EDGE_LOOP('',(#960));
#174=EDGE_LOOP('',(#961));
#175=EDGE_LOOP('',(#962,#963,#964,#965));
#176=EDGE_LOOP('',(#966,#967,#968,#969));
#177=EDGE_LOOP('',(#970,#971,#972,#973));
#178=EDGE_LOOP('',(#974,#975,#976,#977));
#179=EDGE_LOOP('',(#978,#979,#980,#981));
#180=EDGE_LOOP('',(#982,#983,#984,#985));
#181=EDGE_LOOP('',(#986,#987,#988,#989,#990));
#182=EDGE_LOOP('',(#991,#992,#993,#994));
#183=EDGE_LOOP('',(#995,#996,#997,#998));
#184=EDGE_LOOP('',(#999,#1000,#1001,#1002,#1003));
#185=EDGE_LOOP('',(#1004,#1005,#1006,#1007));
#186=EDGE_LOOP('',(#1008,#1009,#1010,#1011));
#187=EDGE_LOOP('',(#1012,#1013,#1014,#1015,#1016));
#188=EDGE_LOOP('',(#1017));
#189=EDGE_LOOP('',(#1018));
#190=EDGE_LOOP('',(#1019));
#191=EDGE_LOOP('',(#1020));
#192=EDGE_LOOP('',(#1021));
#193=EDGE_LOOP('',(#1022));
#194=EDGE_LOOP('',(#1023));
#195=EDGE_LOOP('',(#1024,#1025,#1026,#1027));
#196=EDGE_LOOP('',(#1028,#1029,#1030,#1031));
#197=EDGE_LOOP('',(#1032,#1033,#1034,#1035));
#198=EDGE_LOOP('',(#1036,#1037,#1038,#1039,#1040));
#199=EDGE_LOOP('',(#1041));
#200=EDGE_LOOP('',(#1042));
#201=EDGE_LOOP('',(#1043));
#202=EDGE_LOOP('',(#1044));
#203=EDGE_LOOP('',(#1045));
#204=EDGE_LOOP('',(#1046));
#205=EDGE_LOOP('',(#1047));
#206=EDGE_LOOP('',(#1048,#1049,#1050,#1051));
#207=EDGE_LOOP('',(#1052,#1053,#1054,#1055));
#208=EDGE_LOOP('',(#1056));
#209=EDGE_LOOP('',(#1057,#1058,#1059,#1060,#1061,#1062,#1063,#1064,#1065));
#210=EDGE_LOOP('',(#1066,#1067,#1068,#1069,#1070,#1071,#1072,#1073,#1074,
#1075,#1076));
#211=EDGE_LOOP('',(#1077,#1078,#1079,#1080));
#212=EDGE_LOOP('',(#1081));
#213=EDGE_LOOP('',(#1082,#1083,#1084,#1085,#1086,#1087,#1088,#1089,#1090,
#1091,#1092,#1093,#1094,#1095,#1096,#1097,#1098,#1099,#1100,#1101,#1102,
#1103,#1104,#1105,#1106,#1107,#1108,#1109));
#214=EDGE_LOOP('',(#1110,#1111,#1112));
#215=EDGE_LOOP('',(#1113,#1114,#1115));
#216=EDGE_LOOP('',(#1116,#1117,#1118));
#217=EDGE_LOOP('',(#1119,#1120,#1121));
#218=EDGE_LOOP('',(#1122,#1123,#1124,#1125,#1126,#1127));
#219=EDGE_LOOP('',(#1128,#1129,#1130,#1131,#1132,#1133));
#220=EDGE_LOOP('',(#1134,#1135,#1136,#1137));
#221=EDGE_LOOP('',(#1138,#1139,#1140,#1141,#1142,#1143));
#222=EDGE_LOOP('',(#1144,#1145,#1146,#1147));
#223=EDGE_LOOP('',(#1148,#1149,#1150,#1151,#1152,#1153));
#224=EDGE_LOOP('',(#1154,#1155,#1156,#1157));
#225=EDGE_LOOP('',(#1158,#1159,#1160,#1161));
#226=EDGE_LOOP('',(#1162,#1163,#1164,#1165,#1166,#1167));
#227=EDGE_LOOP('',(#1168,#1169,#1170,#1171,#1172,#1173,#1174,#1175,#1176,
#1177,#1178));
#228=EDGE_LOOP('',(#1179,#1180,#1181,#1182,#1183,#1184));
#229=EDGE_LOOP('',(#1185,#1186,#1187,#1188));
#230=EDGE_LOOP('',(#1189,#1190,#1191,#1192));
#231=EDGE_LOOP('',(#1193,#1194,#1195,#1196));
#232=EDGE_LOOP('',(#1197,#1198,#1199,#1200,#1201,#1202,#1203,#1204,#1205));
#233=EDGE_LOOP('',(#1206,#1207,#1208,#1209));
#234=EDGE_LOOP('',(#1210,#1211,#1212,#1213));
#235=EDGE_LOOP('',(#1214,#1215,#1216,#1217,#1218,#1219,#1220,#1221,#1222));
#236=EDGE_LOOP('',(#1223,#1224,#1225,#1226));
#237=EDGE_LOOP('',(#1227,#1228,#1229,#1230,#1231,#1232,#1233,#1234,#1235));
#238=EDGE_LOOP('',(#1236,#1237,#1238,#1239));
#239=EDGE_LOOP('',(#1240,#1241,#1242,#1243));
#240=EDGE_LOOP('',(#1244,#1245,#1246,#1247));
#241=EDGE_LOOP('',(#1248,#1249,#1250,#1251,#1252));
#242=EDGE_LOOP('',(#1253,#1254,#1255,#1256));
#243=EDGE_LOOP('',(#1257,#1258,#1259,#1260));
#244=EDGE_LOOP('',(#1261,#1262,#1263,#1264,#1265));
#245=EDGE_LOOP('',(#1266,#1267,#1268,#1269));
#246=EDGE_LOOP('',(#1270,#1271,#1272,#1273,#1274));
#247=EDGE_LOOP('',(#1275,#1276,#1277,#1278));
#248=EDGE_LOOP('',(#1279,#1280,#1281,#1282));
#249=EDGE_LOOP('',(#1283,#1284,#1285,#1286,#1287));
#250=LINE('',#1905,#416);
#251=LINE('',#1907,#417);
#252=LINE('',#1909,#418);
#253=LINE('',#1910,#419);
#254=LINE('',#1914,#420);
#255=LINE('',#1920,#421);
#256=LINE('',#1921,#422);
#257=LINE('',#1922,#423);
#258=LINE('',#1925,#424);
#259=LINE('',#1926,#425);
#260=LINE('',#1935,#426);
#261=LINE('',#1937,#427);
#262=LINE('',#1938,#428);
#263=LINE('',#1941,#429);
#264=LINE('',#1945,#430);
#265=LINE('',#1946,#431);
#266=LINE('',#1950,#432);
#267=LINE('',#1954,#433);
#268=LINE('',#1957,#434);
#269=LINE('',#1958,#435);
#270=LINE('',#1960,#436);
#271=LINE('',#1963,#437);
#272=LINE('',#1969,#438);
#273=LINE('',#1971,#439);
#274=LINE('',#1973,#440);
#275=LINE('',#1974,#441);
#276=LINE('',#1978,#442);
#277=LINE('',#1984,#443);
#278=LINE('',#1985,#444);
#279=LINE('',#1986,#445);
#280=LINE('',#1989,#446);
#281=LINE('',#1991,#447);
#282=LINE('',#1992,#448);
#283=LINE('',#1996,#449);
#284=LINE('',#1999,#450);
#285=LINE('',#2000,#451);
#286=LINE('',#2003,#452);
#287=LINE('',#2005,#453);
#288=LINE('',#2006,#454);
#289=LINE('',#2011,#455);
#290=LINE('',#2017,#456);
#291=LINE('',#2020,#457);
#292=LINE('',#2021,#458);
#293=LINE('',#2026,#459);
#294=LINE('',#2032,#460);
#295=LINE('',#2043,#461);
#296=LINE('',#2047,#462);
#297=LINE('',#2051,#463);
#298=LINE('',#2058,#464);
#299=LINE('',#2063,#465);
#300=LINE('',#2065,#466);
#301=LINE('',#2067,#467);
#302=LINE('',#2068,#468);
#303=LINE('',#2071,#469);
#304=LINE('',#2073,#470);
#305=LINE('',#2075,#471);
#306=LINE('',#2077,#472);
#307=LINE('',#2079,#473);
#308=LINE('',#2081,#474);
#309=LINE('',#2083,#475);
#310=LINE('',#2084,#476);
#311=LINE('',#2087,#477);
#312=LINE('',#2089,#478);
#313=LINE('',#2091,#479);
#314=LINE('',#2093,#480);
#315=LINE('',#2095,#481);
#316=LINE('',#2097,#482);
#317=LINE('',#2099,#483);
#318=LINE('',#2101,#484);
#319=LINE('',#2103,#485);
#320=LINE('',#2104,#486);
#321=LINE('',#2106,#487);
#322=LINE('',#2107,#488);
#323=LINE('',#2110,#489);
#324=LINE('',#2112,#490);
#325=LINE('',#2114,#491);
#326=LINE('',#2116,#492);
#327=LINE('',#2118,#493);
#328=LINE('',#2120,#494);
#329=LINE('',#2122,#495);
#330=LINE('',#2124,#496);
#331=LINE('',#2126,#497);
#332=LINE('',#2128,#498);
#333=LINE('',#2130,#499);
#334=LINE('',#2132,#500);
#335=LINE('',#2134,#501);
#336=LINE('',#2136,#502);
#337=LINE('',#2137,#503);
#338=LINE('',#2139,#504);
#339=LINE('',#2141,#505);
#340=LINE('',#2143,#506);
#341=LINE('',#2145,#507);
#342=LINE('',#2147,#508);
#343=LINE('',#2149,#509);
#344=LINE('',#2150,#510);
#345=LINE('',#2154,#511);
#346=LINE('',#2156,#512);
#347=LINE('',#2157,#513);
#348=LINE('',#2161,#514);
#349=LINE('',#2163,#515);
#350=LINE('',#2164,#516);
#351=LINE('',#2168,#517);
#352=LINE('',#2170,#518);
#353=LINE('',#2171,#519);
#354=LINE('',#2175,#520);
#355=LINE('',#2177,#521);
#356=LINE('',#2178,#522);
#357=LINE('',#2181,#523);
#358=LINE('',#2182,#524);
#359=LINE('',#2183,#525);
#360=LINE('',#2184,#526);
#361=LINE('',#2187,#527);
#362=LINE('',#2189,#528);
#363=LINE('',#2190,#529);
#364=LINE('',#2191,#530);
#365=LINE('',#2193,#531);
#366=LINE('',#2194,#532);
#367=LINE('',#2197,#533);
#368=LINE('',#2199,#534);
#369=LINE('',#2200,#535);
#370=LINE('',#2202,#536);
#371=LINE('',#2203,#537);
#372=LINE('',#2205,#538);
#373=LINE('',#2207,#539);
#374=LINE('',#2208,#540);
#375=LINE('',#2210,#541);
#376=LINE('',#2212,#542);
#377=LINE('',#2215,#543);
#378=LINE('',#2217,#544);
#379=LINE('',#2218,#545);
#380=LINE('',#2220,#546);
#381=LINE('',#2222,#547);
#382=LINE('',#2224,#548);
#383=LINE('',#2225,#549);
#384=LINE('',#2227,#550);
#385=LINE('',#2228,#551);
#386=LINE('',#2230,#552);
#387=LINE('',#2232,#553);
#388=LINE('',#2234,#554);
#389=LINE('',#2235,#555);
#390=LINE('',#2238,#556);
#391=LINE('',#2240,#557);
#392=LINE('',#2243,#558);
#393=LINE('',#2245,#559);
#394=LINE('',#2247,#560);
#395=LINE('',#2248,#561);
#396=LINE('',#2250,#562);
#397=LINE('',#2251,#563);
#398=LINE('',#2254,#564);
#399=LINE('',#2256,#565);
#400=LINE('',#2257,#566);
#401=LINE('',#2259,#567);
#402=LINE('',#2261,#568);
#403=LINE('',#2262,#569);
#404=LINE('',#2265,#570);
#405=LINE('',#2267,#571);
#406=LINE('',#2268,#572);
#407=LINE('',#2270,#573);
#408=LINE('',#2272,#574);
#409=LINE('',#2273,#575);
#410=LINE('',#2274,#576);
#411=LINE('',#2275,#577);
#412=LINE('',#2277,#578);
#413=LINE('',#2279,#579);
#414=LINE('',#2281,#580);
#415=LINE('',#2287,#581);
#416=VECTOR('',#1537,10.);
#417=VECTOR('',#1538,10.);
#418=VECTOR('',#1539,10.);
#419=VECTOR('',#1540,10.);
#420=VECTOR('',#1543,10.);
#421=VECTOR('',#1550,10.);
#422=VECTOR('',#1551,10.);
#423=VECTOR('',#1552,10.);
#424=VECTOR('',#1555,10.);
#425=VECTOR('',#1556,10.);
#426=VECTOR('',#1565,10.);
#427=VECTOR('',#1566,10.);
#428=VECTOR('',#1567,10.);
#429=VECTOR('',#1570,1.5);
#430=VECTOR('',#1575,10.);
#431=VECTOR('',#1576,10.);
#432=VECTOR('',#1581,10.);
#433=VECTOR('',#1586,1.50000000000001);
#434=VECTOR('',#1589,10.);
#435=VECTOR('',#1590,10.);
#436=VECTOR('',#1593,10.);
#437=VECTOR('',#1596,4.7);
#438=VECTOR('',#1603,10.);
#439=VECTOR('',#1604,10.);
#440=VECTOR('',#1605,10.);
#441=VECTOR('',#1606,10.);
#442=VECTOR('',#1609,10.);
#443=VECTOR('',#1616,10.);
#444=VECTOR('',#1617,10.);
#445=VECTOR('',#1618,10.);
#446=VECTOR('',#1621,10.);
#447=VECTOR('',#1622,10.);
#448=VECTOR('',#1623,10.);
#449=VECTOR('',#1628,10.);
#450=VECTOR('',#1631,10.);
#451=VECTOR('',#1632,10.);
#452=VECTOR('',#1635,10.);
#453=VECTOR('',#1636,10.);
#454=VECTOR('',#1637,10.);
#455=VECTOR('',#1642,1.5);
#456=VECTOR('',#1649,1.50000000000001);
#457=VECTOR('',#1654,10.);
#458=VECTOR('',#1655,10.);
#459=VECTOR('',#1660,4.7);
#460=VECTOR('',#1667,1.9);
#461=VECTOR('',#1680,1.9);
#462=VECTOR('',#1685,1.9);
#463=VECTOR('',#1690,1.9);
#464=VECTOR('',#1699,1.4);
#465=VECTOR('',#1704,12.958);
#466=VECTOR('',#1705,10.);
#467=VECTOR('',#1706,12.958);
#468=VECTOR('',#1707,10.);
#469=VECTOR('',#1710,12.958);
#470=VECTOR('',#1711,12.958);
#471=VECTOR('',#1712,12.958);
#472=VECTOR('',#1713,12.958);
#473=VECTOR('',#1714,12.958);
#474=VECTOR('',#1715,12.958);
#475=VECTOR('',#1716,10.);
#476=VECTOR('',#1717,12.958);
#477=VECTOR('',#1720,12.958);
#478=VECTOR('',#1721,12.958);
#479=VECTOR('',#1722,12.958);
#480=VECTOR('',#1723,10.);
#481=VECTOR('',#1724,10.);
#482=VECTOR('',#1725,12.958);
#483=VECTOR('',#1726,12.958);
#484=VECTOR('',#1727,12.958);
#485=VECTOR('',#1728,12.958);
#486=VECTOR('',#1729,12.958);
#487=VECTOR('',#1732,10.);
#488=VECTOR('',#1733,10.);
#489=VECTOR('',#1736,12.958);
#490=VECTOR('',#1737,12.958);
#491=VECTOR('',#1738,12.958);
#492=VECTOR('',#1739,12.958);
#493=VECTOR('',#1740,12.958);
#494=VECTOR('',#1741,12.958);
#495=VECTOR('',#1742,12.958);
#496=VECTOR('',#1743,12.958);
#497=VECTOR('',#1744,12.958);
#498=VECTOR('',#1745,12.958);
#499=VECTOR('',#1746,12.958);
#500=VECTOR('',#1747,12.958);
#501=VECTOR('',#1748,12.958);
#502=VECTOR('',#1749,12.958);
#503=VECTOR('',#1750,12.958);
#504=VECTOR('',#1751,12.958);
#505=VECTOR('',#1752,12.958);
#506=VECTOR('',#1753,12.958);
#507=VECTOR('',#1754,12.958);
#508=VECTOR('',#1755,12.958);
#509=VECTOR('',#1756,12.958);
#510=VECTOR('',#1757,12.958);
#511=VECTOR('',#1760,12.958);
#512=VECTOR('',#1761,12.958);
#513=VECTOR('',#1762,12.958);
#514=VECTOR('',#1765,12.958);
#515=VECTOR('',#1766,12.958);
#516=VECTOR('',#1767,12.958);
#517=VECTOR('',#1770,12.958);
#518=VECTOR('',#1771,12.958);
#519=VECTOR('',#1772,12.958);
#520=VECTOR('',#1775,12.958);
#521=VECTOR('',#1776,12.958);
#522=VECTOR('',#1777,12.958);
#523=VECTOR('',#1780,12.958);
#524=VECTOR('',#1781,12.958);
#525=VECTOR('',#1782,12.958);
#526=VECTOR('',#1783,12.958);
#527=VECTOR('',#1786,12.958);
#528=VECTOR('',#1787,12.958);
#529=VECTOR('',#1788,12.958);
#530=VECTOR('',#1789,12.958);
#531=VECTOR('',#1792,12.958);
#532=VECTOR('',#1793,12.958);
#533=VECTOR('',#1796,12.958);
#534=VECTOR('',#1797,12.958);
#535=VECTOR('',#1798,12.958);
#536=VECTOR('',#1801,12.958);
#537=VECTOR('',#1802,12.958);
#538=VECTOR('',#1805,12.958);
#539=VECTOR('',#1806,12.958);
#540=VECTOR('',#1807,12.958);
#541=VECTOR('',#1810,12.958);
#542=VECTOR('',#1813,12.958);
#543=VECTOR('',#1818,12.958);
#544=VECTOR('',#1819,12.958);
#545=VECTOR('',#1820,12.958);
#546=VECTOR('',#1821,12.958);
#547=VECTOR('',#1822,12.958);
#548=VECTOR('',#1823,12.958);
#549=VECTOR('',#1824,12.958);
#550=VECTOR('',#1825,12.958);
#551=VECTOR('',#1826,12.958);
#552=VECTOR('',#1829,12.958);
#553=VECTOR('',#1830,12.958);
#554=VECTOR('',#1831,12.958);
#555=VECTOR('',#1832,12.958);
#556=VECTOR('',#1837,12.958);
#557=VECTOR('',#1840,12.958);
#558=VECTOR('',#1843,12.958);
#559=VECTOR('',#1844,12.958);
#560=VECTOR('',#1845,12.958);
#561=VECTOR('',#1846,12.958);
#562=VECTOR('',#1849,12.958);
#563=VECTOR('',#1850,12.958);
#564=VECTOR('',#1853,12.958);
#565=VECTOR('',#1854,12.958);
#566=VECTOR('',#1855,12.958);
#567=VECTOR('',#1858,12.958);
#568=VECTOR('',#1859,12.958);
#569=VECTOR('',#1860,12.958);
#570=VECTOR('',#1863,12.958);
#571=VECTOR('',#1864,12.958);
#572=VECTOR('',#1865,12.958);
#573=VECTOR('',#1868,12.958);
#574=VECTOR('',#1869,12.958);
#575=VECTOR('',#1870,12.958);
#576=VECTOR('',#1871,12.958);
#577=VECTOR('',#1872,12.958);
#578=VECTOR('',#1875,12.958);
#579=VECTOR('',#1878,12.958);
#580=VECTOR('',#1881,12.958);
#581=VECTOR('',#1892,12.958);
#582=VERTEX_POINT('',#1903);
#583=VERTEX_POINT('',#1904);
#584=VERTEX_POINT('',#1906);
#585=VERTEX_POINT('',#1908);
#586=VERTEX_POINT('',#1912);
#587=VERTEX_POINT('',#1913);
#588=VERTEX_POINT('',#1918);
#589=VERTEX_POINT('',#1919);
#590=VERTEX_POINT('',#1924);
#591=VERTEX_POINT('',#1927);
#592=VERTEX_POINT('',#1929);
#593=VERTEX_POINT('',#1931);
#594=VERTEX_POINT('',#1934);
#595=VERTEX_POINT('',#1936);
#596=VERTEX_POINT('',#1940);
#597=VERTEX_POINT('',#1944);
#598=VERTEX_POINT('',#1948);
#599=VERTEX_POINT('',#1952);
#600=VERTEX_POINT('',#1956);
#601=VERTEX_POINT('',#1962);
#602=VERTEX_POINT('',#1967);
#603=VERTEX_POINT('',#1968);
#604=VERTEX_POINT('',#1970);
#605=VERTEX_POINT('',#1972);
#606=VERTEX_POINT('',#1976);
#607=VERTEX_POINT('',#1977);
#608=VERTEX_POINT('',#1982);
#609=VERTEX_POINT('',#1983);
#610=VERTEX_POINT('',#1988);
#611=VERTEX_POINT('',#1990);
#612=VERTEX_POINT('',#1994);
#613=VERTEX_POINT('',#1998);
#614=VERTEX_POINT('',#2002);
#615=VERTEX_POINT('',#2004);
#616=VERTEX_POINT('',#2008);
#617=VERTEX_POINT('',#2010);
#618=VERTEX_POINT('',#2014);
#619=VERTEX_POINT('',#2016);
#620=VERTEX_POINT('',#2023);
#621=VERTEX_POINT('',#2025);
#622=VERTEX_POINT('',#2029);
#623=VERTEX_POINT('',#2031);
#624=VERTEX_POINT('',#2035);
#625=VERTEX_POINT('',#2037);
#626=VERTEX_POINT('',#2039);
#627=VERTEX_POINT('',#2042);
#628=VERTEX_POINT('',#2046);
#629=VERTEX_POINT('',#2050);
#630=VERTEX_POINT('',#2055);
#631=VERTEX_POINT('',#2057);
#632=VERTEX_POINT('',#2061);
#633=VERTEX_POINT('',#2062);
#634=VERTEX_POINT('',#2064);
#635=VERTEX_POINT('',#2066);
#636=VERTEX_POINT('',#2070);
#637=VERTEX_POINT('',#2072);
#638=VERTEX_POINT('',#2074);
#639=VERTEX_POINT('',#2076);
#640=VERTEX_POINT('',#2078);
#641=VERTEX_POINT('',#2080);
#642=VERTEX_POINT('',#2082);
#643=VERTEX_POINT('',#2086);
#644=VERTEX_POINT('',#2088);
#645=VERTEX_POINT('',#2090);
#646=VERTEX_POINT('',#2092);
#647=VERTEX_POINT('',#2094);
#648=VERTEX_POINT('',#2096);
#649=VERTEX_POINT('',#2098);
#650=VERTEX_POINT('',#2100);
#651=VERTEX_POINT('',#2102);
#652=VERTEX_POINT('',#2109);
#653=VERTEX_POINT('',#2111);
#654=VERTEX_POINT('',#2113);
#655=VERTEX_POINT('',#2115);
#656=VERTEX_POINT('',#2117);
#657=VERTEX_POINT('',#2119);
#658=VERTEX_POINT('',#2121);
#659=VERTEX_POINT('',#2123);
#660=VERTEX_POINT('',#2125);
#661=VERTEX_POINT('',#2127);
#662=VERTEX_POINT('',#2129);
#663=VERTEX_POINT('',#2131);
#664=VERTEX_POINT('',#2133);
#665=VERTEX_POINT('',#2135);
#666=VERTEX_POINT('',#2138);
#667=VERTEX_POINT('',#2140);
#668=VERTEX_POINT('',#2142);
#669=VERTEX_POINT('',#2144);
#670=VERTEX_POINT('',#2146);
#671=VERTEX_POINT('',#2148);
#672=VERTEX_POINT('',#2152);
#673=VERTEX_POINT('',#2153);
#674=VERTEX_POINT('',#2155);
#675=VERTEX_POINT('',#2159);
#676=VERTEX_POINT('',#2160);
#677=VERTEX_POINT('',#2162);
#678=VERTEX_POINT('',#2166);
#679=VERTEX_POINT('',#2167);
#680=VERTEX_POINT('',#2169);
#681=VERTEX_POINT('',#2173);
#682=VERTEX_POINT('',#2174);
#683=VERTEX_POINT('',#2176);
#684=VERTEX_POINT('',#2180);
#685=VERTEX_POINT('',#2186);
#686=VERTEX_POINT('',#2188);
#687=VERTEX_POINT('',#2196);
#688=VERTEX_POINT('',#2198);
#689=VERTEX_POINT('',#2206);
#690=VERTEX_POINT('',#2216);
#691=VERTEX_POINT('',#2219);
#692=VERTEX_POINT('',#2221);
#693=VERTEX_POINT('',#2223);
#694=VERTEX_POINT('',#2226);
#695=VERTEX_POINT('',#2231);
#696=VERTEX_POINT('',#2233);
#697=VERTEX_POINT('',#2242);
#698=VERTEX_POINT('',#2244);
#699=VERTEX_POINT('',#2246);
#700=VERTEX_POINT('',#2253);
#701=VERTEX_POINT('',#2255);
#702=VERTEX_POINT('',#2260);
#703=VERTEX_POINT('',#2264);
#704=VERTEX_POINT('',#2266);
#705=VERTEX_POINT('',#2271);
#706=EDGE_CURVE('',#582,#583,#250,.T.);
#707=EDGE_CURVE('',#584,#582,#251,.T.);
#708=EDGE_CURVE('',#585,#584,#252,.T.);
#709=EDGE_CURVE('',#583,#585,#253,.T.);
#710=EDGE_CURVE('',#586,#587,#254,.T.);
#711=EDGE_CURVE('',#585,#586,#54,.T.);
#712=EDGE_CURVE('',#587,#584,#55,.T.);
#713=EDGE_CURVE('',#588,#589,#255,.T.);
#714=EDGE_CURVE('',#586,#588,#256,.T.);
#715=EDGE_CURVE('',#589,#587,#257,.T.);
#716=EDGE_CURVE('',#590,#582,#258,.T.);
#717=EDGE_CURVE('',#589,#590,#259,.T.);
#718=EDGE_CURVE('',#591,#591,#56,.T.);
#719=EDGE_CURVE('',#592,#592,#57,.T.);
#720=EDGE_CURVE('',#593,#593,#58,.T.);
#721=EDGE_CURVE('',#594,#590,#260,.T.);
#722=EDGE_CURVE('',#594,#595,#261,.T.);
#723=EDGE_CURVE('',#595,#588,#262,.T.);
#724=EDGE_CURVE('',#593,#596,#263,.T.);
#725=EDGE_CURVE('',#596,#596,#59,.T.);
#726=EDGE_CURVE('',#595,#597,#264,.T.);
#727=EDGE_CURVE('',#586,#597,#265,.T.);
#728=EDGE_CURVE('',#597,#598,#60,.T.);
#729=EDGE_CURVE('',#585,#598,#266,.T.);
#730=EDGE_CURVE('',#599,#599,#61,.T.);
#731=EDGE_CURVE('',#599,#592,#267,.T.);
#732=EDGE_CURVE('',#598,#600,#268,.T.);
#733=EDGE_CURVE('',#583,#600,#269,.T.);
#734=EDGE_CURVE('',#600,#594,#270,.T.);
#735=EDGE_CURVE('',#591,#601,#271,.T.);
#736=EDGE_CURVE('',#601,#601,#62,.T.);
#737=EDGE_CURVE('',#602,#603,#272,.T.);
#738=EDGE_CURVE('',#604,#602,#273,.T.);
#739=EDGE_CURVE('',#605,#604,#274,.T.);
#740=EDGE_CURVE('',#603,#605,#275,.T.);
#741=EDGE_CURVE('',#606,#607,#276,.T.);
#742=EDGE_CURVE('',#605,#606,#63,.T.);
#743=EDGE_CURVE('',#607,#604,#64,.T.);
#744=EDGE_CURVE('',#608,#609,#277,.T.);
#745=EDGE_CURVE('',#606,#608,#278,.T.);
#746=EDGE_CURVE('',#609,#607,#279,.T.);
#747=EDGE_CURVE('',#610,#608,#280,.T.);
#748=EDGE_CURVE('',#610,#611,#281,.T.);
#749=EDGE_CURVE('',#611,#606,#282,.T.);
#750=EDGE_CURVE('',#611,#612,#65,.T.);
#751=EDGE_CURVE('',#612,#605,#283,.T.);
#752=EDGE_CURVE('',#612,#613,#284,.T.);
#753=EDGE_CURVE('',#603,#613,#285,.T.);
#754=EDGE_CURVE('',#613,#614,#286,.T.);
#755=EDGE_CURVE('',#615,#614,#287,.T.);
#756=EDGE_CURVE('',#615,#602,#288,.T.);
#757=EDGE_CURVE('',#616,#616,#66,.T.);
#758=EDGE_CURVE('',#616,#617,#289,.T.);
#759=EDGE_CURVE('',#617,#617,#67,.T.);
#760=EDGE_CURVE('',#618,#618,#68,.T.);
#761=EDGE_CURVE('',#618,#619,#290,.T.);
#762=EDGE_CURVE('',#619,#619,#69,.T.);
#763=EDGE_CURVE('',#609,#615,#291,.T.);
#764=EDGE_CURVE('',#614,#610,#292,.T.);
#765=EDGE_CURVE('',#620,#620,#70,.T.);
#766=EDGE_CURVE('',#620,#621,#293,.T.);
#767=EDGE_CURVE('',#621,#621,#71,.T.);
#768=EDGE_CURVE('',#622,#622,#72,.T.);
#769=EDGE_CURVE('',#622,#623,#294,.T.);
#770=EDGE_CURVE('',#623,#623,#73,.T.);
#771=EDGE_CURVE('',#624,#624,#74,.T.);
#772=EDGE_CURVE('',#625,#625,#75,.T.);
#773=EDGE_CURVE('',#626,#626,#76,.T.);
#774=EDGE_CURVE('',#626,#627,#295,.T.);
#775=EDGE_CURVE('',#627,#627,#77,.T.);
#776=EDGE_CURVE('',#624,#628,#296,.T.);
#777=EDGE_CURVE('',#628,#628,#78,.T.);
#778=EDGE_CURVE('',#625,#629,#297,.T.);
#779=EDGE_CURVE('',#629,#629,#79,.T.);
#780=EDGE_CURVE('',#630,#630,#80,.T.);
#781=EDGE_CURVE('',#630,#631,#298,.T.);
#782=EDGE_CURVE('',#631,#631,#81,.T.);
#783=EDGE_CURVE('',#632,#633,#299,.T.);
#784=EDGE_CURVE('',#632,#634,#300,.T.);
#785=EDGE_CURVE('',#635,#634,#301,.T.);
#786=EDGE_CURVE('',#635,#633,#302,.T.);
#787=EDGE_CURVE('',#636,#632,#303,.T.);
#788=EDGE_CURVE('',#636,#637,#304,.T.);
#789=EDGE_CURVE('',#637,#638,#305,.T.);
#790=EDGE_CURVE('',#638,#639,#306,.T.);
#791=EDGE_CURVE('',#640,#639,#307,.T.);
#792=EDGE_CURVE('',#640,#641,#308,.T.);
#793=EDGE_CURVE('',#642,#641,#309,.T.);
#794=EDGE_CURVE('',#642,#634,#310,.T.);
#795=EDGE_CURVE('',#635,#643,#311,.T.);
#796=EDGE_CURVE('',#643,#644,#312,.T.);
#797=EDGE_CURVE('',#644,#645,#313,.T.);
#798=EDGE_CURVE('',#646,#645,#314,.T.);
#799=EDGE_CURVE('',#646,#647,#315,.T.);
#800=EDGE_CURVE('',#647,#648,#316,.T.);
#801=EDGE_CURVE('',#649,#648,#317,.F.);
#802=EDGE_CURVE('',#649,#650,#318,.T.);
#803=EDGE_CURVE('',#651,#650,#319,.T.);
#804=EDGE_CURVE('',#651,#633,#320,.T.);
#805=EDGE_CURVE('',#646,#641,#321,.T.);
#806=EDGE_CURVE('',#642,#645,#322,.T.);
#807=EDGE_CURVE('',#652,#640,#323,.T.);
#808=EDGE_CURVE('',#653,#652,#324,.T.);
#809=EDGE_CURVE('',#654,#653,#325,.T.);
#810=EDGE_CURVE('',#655,#654,#326,.T.);
#811=EDGE_CURVE('',#656,#655,#327,.T.);
#812=EDGE_CURVE('',#657,#656,#328,.F.);
#813=EDGE_CURVE('',#657,#658,#329,.T.);
#814=EDGE_CURVE('',#658,#659,#330,.T.);
#815=EDGE_CURVE('',#659,#660,#331,.T.);
#816=EDGE_CURVE('',#660,#661,#332,.T.);
#817=EDGE_CURVE('',#661,#662,#333,.T.);
#818=EDGE_CURVE('',#662,#663,#334,.T.);
#819=EDGE_CURVE('',#663,#664,#335,.T.);
#820=EDGE_CURVE('',#664,#665,#336,.T.);
#821=EDGE_CURVE('',#665,#636,#337,.T.);
#822=EDGE_CURVE('',#666,#651,#338,.T.);
#823=EDGE_CURVE('',#666,#667,#339,.T.);
#824=EDGE_CURVE('',#667,#668,#340,.T.);
#825=EDGE_CURVE('',#669,#668,#341,.T.);
#826=EDGE_CURVE('',#669,#670,#342,.T.);
#827=EDGE_CURVE('',#670,#671,#343,.T.);
#828=EDGE_CURVE('',#671,#647,#344,.T.);
#829=EDGE_CURVE('',#672,#673,#345,.T.);
#830=EDGE_CURVE('',#673,#674,#346,.T.);
#831=EDGE_CURVE('',#674,#672,#347,.T.);
#832=EDGE_CURVE('',#675,#676,#348,.T.);
#833=EDGE_CURVE('',#676,#677,#349,.T.);
#834=EDGE_CURVE('',#677,#675,#350,.T.);
#835=EDGE_CURVE('',#678,#679,#351,.T.);
#836=EDGE_CURVE('',#679,#680,#352,.T.);
#837=EDGE_CURVE('',#680,#678,#353,.T.);
#838=EDGE_CURVE('',#681,#682,#354,.T.);
#839=EDGE_CURVE('',#682,#683,#355,.T.);
#840=EDGE_CURVE('',#683,#681,#356,.T.);
#841=EDGE_CURVE('',#684,#672,#357,.T.);
#842=EDGE_CURVE('',#643,#684,#358,.F.);
#843=EDGE_CURVE('',#643,#668,#359,.T.);
#844=EDGE_CURVE('',#673,#667,#360,.T.);
#845=EDGE_CURVE('',#685,#675,#361,.T.);
#846=EDGE_CURVE('',#686,#685,#362,.F.);
#847=EDGE_CURVE('',#686,#658,#363,.T.);
#848=EDGE_CURVE('',#676,#657,#364,.T.);
#849=EDGE_CURVE('',#661,#680,#365,.T.);
#850=EDGE_CURVE('',#660,#678,#366,.T.);
#851=EDGE_CURVE('',#659,#687,#367,.T.);
#852=EDGE_CURVE('',#687,#688,#368,.T.);
#853=EDGE_CURVE('',#679,#688,#369,.T.);
#854=EDGE_CURVE('',#671,#683,#370,.T.);
#855=EDGE_CURVE('',#670,#681,#371,.T.);
#856=EDGE_CURVE('',#669,#644,#372,.T.);
#857=EDGE_CURVE('',#644,#689,#373,.T.);
#858=EDGE_CURVE('',#682,#689,#374,.T.);
#859=EDGE_CURVE('',#689,#684,#375,.T.);
#860=EDGE_CURVE('',#643,#644,#376,.T.);
#861=EDGE_CURVE('',#686,#687,#377,.T.);
#862=EDGE_CURVE('',#687,#690,#378,.T.);
#863=EDGE_CURVE('',#663,#690,#379,.T.);
#864=EDGE_CURVE('',#662,#691,#380,.T.);
#865=EDGE_CURVE('',#691,#692,#381,.T.);
#866=EDGE_CURVE('',#692,#693,#382,.T.);
#867=EDGE_CURVE('',#655,#693,#383,.T.);
#868=EDGE_CURVE('',#654,#694,#384,.T.);
#869=EDGE_CURVE('',#694,#686,#385,.T.);
#870=EDGE_CURVE('',#686,#687,#386,.T.);
#871=EDGE_CURVE('',#695,#694,#387,.T.);
#872=EDGE_CURVE('',#696,#695,#388,.T.);
#873=EDGE_CURVE('',#690,#696,#389,.T.);
#874=EDGE_CURVE('',#688,#685,#390,.T.);
#875=EDGE_CURVE('',#656,#677,#391,.T.);
#876=EDGE_CURVE('',#683,#697,#392,.T.);
#877=EDGE_CURVE('',#674,#698,#393,.T.);
#878=EDGE_CURVE('',#698,#699,#394,.T.);
#879=EDGE_CURVE('',#699,#697,#395,.T.);
#880=EDGE_CURVE('',#648,#697,#396,.T.);
#881=EDGE_CURVE('',#699,#649,#397,.T.);
#882=EDGE_CURVE('',#700,#693,#398,.T.);
#883=EDGE_CURVE('',#692,#701,#399,.T.);
#884=EDGE_CURVE('',#701,#700,#400,.F.);
#885=EDGE_CURVE('',#677,#700,#401,.T.);
#886=EDGE_CURVE('',#701,#702,#402,.T.);
#887=EDGE_CURVE('',#680,#702,#403,.T.);
#888=EDGE_CURVE('',#703,#639,#404,.T.);
#889=EDGE_CURVE('',#638,#704,#405,.T.);
#890=EDGE_CURVE('',#704,#703,#406,.F.);
#891=EDGE_CURVE('',#652,#703,#407,.T.);
#892=EDGE_CURVE('',#704,#705,#408,.T.);
#893=EDGE_CURVE('',#665,#705,#409,.T.);
#894=EDGE_CURVE('',#664,#696,#410,.T.);
#895=EDGE_CURVE('',#653,#695,#411,.T.);
#896=EDGE_CURVE('',#650,#698,#412,.T.);
#897=EDGE_CURVE('',#702,#691,#413,.T.);
#898=EDGE_CURVE('',#705,#637,#414,.T.);
#899=EDGE_CURVE('',#666,#674,#415,.T.);
#900=ORIENTED_EDGE('',*,*,#706,.F.);
#901=ORIENTED_EDGE('',*,*,#707,.F.);
#902=ORIENTED_EDGE('',*,*,#708,.F.);
#903=ORIENTED_EDGE('',*,*,#709,.F.);
#904=ORIENTED_EDGE('',*,*,#710,.F.);
#905=ORIENTED_EDGE('',*,*,#711,.F.);
#906=ORIENTED_EDGE('',*,*,#708,.T.);
#907=ORIENTED_EDGE('',*,*,#712,.F.);
#908=ORIENTED_EDGE('',*,*,#713,.F.);
#909=ORIENTED_EDGE('',*,*,#714,.F.);
#910=ORIENTED_EDGE('',*,*,#710,.T.);
#911=ORIENTED_EDGE('',*,*,#715,.F.);
#912=ORIENTED_EDGE('',*,*,#707,.T.);
#913=ORIENTED_EDGE('',*,*,#716,.F.);
#914=ORIENTED_EDGE('',*,*,#717,.F.);
#915=ORIENTED_EDGE('',*,*,#715,.T.);
#916=ORIENTED_EDGE('',*,*,#712,.T.);
#917=ORIENTED_EDGE('',*,*,#718,.T.);
#918=ORIENTED_EDGE('',*,*,#719,.F.);
#919=ORIENTED_EDGE('',*,*,#720,.F.);
#920=ORIENTED_EDGE('',*,*,#713,.T.);
#921=ORIENTED_EDGE('',*,*,#717,.T.);
#922=ORIENTED_EDGE('',*,*,#721,.F.);
#923=ORIENTED_EDGE('',*,*,#722,.T.);
#924=ORIENTED_EDGE('',*,*,#723,.T.);
#925=ORIENTED_EDGE('',*,*,#720,.T.);
#926=ORIENTED_EDGE('',*,*,#724,.T.);
#927=ORIENTED_EDGE('',*,*,#725,.T.);
#928=ORIENTED_EDGE('',*,*,#724,.F.);
#929=ORIENTED_EDGE('',*,*,#714,.T.);
#930=ORIENTED_EDGE('',*,*,#723,.F.);
#931=ORIENTED_EDGE('',*,*,#726,.T.);
#932=ORIENTED_EDGE('',*,*,#727,.F.);
#933=ORIENTED_EDGE('',*,*,#711,.T.);
#934=ORIENTED_EDGE('',*,*,#727,.T.);
#935=ORIENTED_EDGE('',*,*,#728,.T.);
#936=ORIENTED_EDGE('',*,*,#729,.F.);
#937=ORIENTED_EDGE('',*,*,#730,.T.);
#938=ORIENTED_EDGE('',*,*,#731,.T.);
#939=ORIENTED_EDGE('',*,*,#719,.T.);
#940=ORIENTED_EDGE('',*,*,#731,.F.);
#941=ORIENTED_EDGE('',*,*,#709,.T.);
#942=ORIENTED_EDGE('',*,*,#729,.T.);
#943=ORIENTED_EDGE('',*,*,#732,.T.);
#944=ORIENTED_EDGE('',*,*,#733,.F.);
#945=ORIENTED_EDGE('',*,*,#706,.T.);
#946=ORIENTED_EDGE('',*,*,#733,.T.);
#947=ORIENTED_EDGE('',*,*,#734,.T.);
#948=ORIENTED_EDGE('',*,*,#721,.T.);
#949=ORIENTED_EDGE('',*,*,#716,.T.);
#950=ORIENTED_EDGE('',*,*,#718,.F.);
#951=ORIENTED_EDGE('',*,*,#735,.T.);
#952=ORIENTED_EDGE('',*,*,#736,.F.);
#953=ORIENTED_EDGE('',*,*,#735,.F.);
#954=ORIENTED_EDGE('',*,*,#732,.F.);
#955=ORIENTED_EDGE('',*,*,#728,.F.);
#956=ORIENTED_EDGE('',*,*,#726,.F.);
#957=ORIENTED_EDGE('',*,*,#722,.F.);
#958=ORIENTED_EDGE('',*,*,#734,.F.);
#959=ORIENTED_EDGE('',*,*,#725,.F.);
#960=ORIENTED_EDGE('',*,*,#730,.F.);
#961=ORIENTED_EDGE('',*,*,#736,.T.);
#962=ORIENTED_EDGE('',*,*,#737,.F.);
#963=ORIENTED_EDGE('',*,*,#738,.F.);
#964=ORIENTED_EDGE('',*,*,#739,.F.);
#965=ORIENTED_EDGE('',*,*,#740,.F.);
#966=ORIENTED_EDGE('',*,*,#741,.F.);
#967=ORIENTED_EDGE('',*,*,#742,.F.);
#968=ORIENTED_EDGE('',*,*,#739,.T.);
#969=ORIENTED_EDGE('',*,*,#743,.F.);
#970=ORIENTED_EDGE('',*,*,#744,.F.);
#971=ORIENTED_EDGE('',*,*,#745,.F.);
#972=ORIENTED_EDGE('',*,*,#741,.T.);
#973=ORIENTED_EDGE('',*,*,#746,.F.);
#974=ORIENTED_EDGE('',*,*,#745,.T.);
#975=ORIENTED_EDGE('',*,*,#747,.F.);
#976=ORIENTED_EDGE('',*,*,#748,.T.);
#977=ORIENTED_EDGE('',*,*,#749,.T.);
#978=ORIENTED_EDGE('',*,*,#742,.T.);
#979=ORIENTED_EDGE('',*,*,#749,.F.);
#980=ORIENTED_EDGE('',*,*,#750,.T.);
#981=ORIENTED_EDGE('',*,*,#751,.T.);
#982=ORIENTED_EDGE('',*,*,#740,.T.);
#983=ORIENTED_EDGE('',*,*,#751,.F.);
#984=ORIENTED_EDGE('',*,*,#752,.T.);
#985=ORIENTED_EDGE('',*,*,#753,.F.);
#986=ORIENTED_EDGE('',*,*,#737,.T.);
#987=ORIENTED_EDGE('',*,*,#753,.T.);
#988=ORIENTED_EDGE('',*,*,#754,.T.);
#989=ORIENTED_EDGE('',*,*,#755,.F.);
#990=ORIENTED_EDGE('',*,*,#756,.T.);
#991=ORIENTED_EDGE('',*,*,#757,.T.);
#992=ORIENTED_EDGE('',*,*,#758,.T.);
#993=ORIENTED_EDGE('',*,*,#759,.T.);
#994=ORIENTED_EDGE('',*,*,#758,.F.);
#995=ORIENTED_EDGE('',*,*,#760,.T.);
#996=ORIENTED_EDGE('',*,*,#761,.T.);
#997=ORIENTED_EDGE('',*,*,#762,.T.);
#998=ORIENTED_EDGE('',*,*,#761,.F.);
#999=ORIENTED_EDGE('',*,*,#744,.T.);
#1000=ORIENTED_EDGE('',*,*,#763,.T.);
#1001=ORIENTED_EDGE('',*,*,#755,.T.);
#1002=ORIENTED_EDGE('',*,*,#764,.T.);
#1003=ORIENTED_EDGE('',*,*,#747,.T.);
#1004=ORIENTED_EDGE('',*,*,#765,.F.);
#1005=ORIENTED_EDGE('',*,*,#766,.T.);
#1006=ORIENTED_EDGE('',*,*,#767,.F.);
#1007=ORIENTED_EDGE('',*,*,#766,.F.);
#1008=ORIENTED_EDGE('',*,*,#768,.F.);
#1009=ORIENTED_EDGE('',*,*,#769,.T.);
#1010=ORIENTED_EDGE('',*,*,#770,.F.);
#1011=ORIENTED_EDGE('',*,*,#769,.F.);
#1012=ORIENTED_EDGE('',*,*,#750,.F.);
#1013=ORIENTED_EDGE('',*,*,#748,.F.);
#1014=ORIENTED_EDGE('',*,*,#764,.F.);
#1015=ORIENTED_EDGE('',*,*,#754,.F.);
#1016=ORIENTED_EDGE('',*,*,#752,.F.);
#1017=ORIENTED_EDGE('',*,*,#757,.F.);
#1018=ORIENTED_EDGE('',*,*,#762,.F.);
#1019=ORIENTED_EDGE('',*,*,#771,.T.);
#1020=ORIENTED_EDGE('',*,*,#765,.T.);
#1021=ORIENTED_EDGE('',*,*,#772,.T.);
#1022=ORIENTED_EDGE('',*,*,#768,.T.);
#1023=ORIENTED_EDGE('',*,*,#773,.T.);
#1024=ORIENTED_EDGE('',*,*,#773,.F.);
#1025=ORIENTED_EDGE('',*,*,#774,.T.);
#1026=ORIENTED_EDGE('',*,*,#775,.F.);
#1027=ORIENTED_EDGE('',*,*,#774,.F.);
#1028=ORIENTED_EDGE('',*,*,#771,.F.);
#1029=ORIENTED_EDGE('',*,*,#776,.T.);
#1030=ORIENTED_EDGE('',*,*,#777,.F.);
#1031=ORIENTED_EDGE('',*,*,#776,.F.);
#1032=ORIENTED_EDGE('',*,*,#772,.F.);
#1033=ORIENTED_EDGE('',*,*,#778,.T.);
#1034=ORIENTED_EDGE('',*,*,#779,.F.);
#1035=ORIENTED_EDGE('',*,*,#778,.F.);
#1036=ORIENTED_EDGE('',*,*,#746,.T.);
#1037=ORIENTED_EDGE('',*,*,#743,.T.);
#1038=ORIENTED_EDGE('',*,*,#738,.T.);
#1039=ORIENTED_EDGE('',*,*,#756,.F.);
#1040=ORIENTED_EDGE('',*,*,#763,.F.);
#1041=ORIENTED_EDGE('',*,*,#759,.F.);
#1042=ORIENTED_EDGE('',*,*,#760,.F.);
#1043=ORIENTED_EDGE('',*,*,#767,.T.);
#1044=ORIENTED_EDGE('',*,*,#770,.T.);
#1045=ORIENTED_EDGE('',*,*,#777,.T.);
#1046=ORIENTED_EDGE('',*,*,#779,.T.);
#1047=ORIENTED_EDGE('',*,*,#775,.T.);
#1048=ORIENTED_EDGE('',*,*,#780,.T.);
#1049=ORIENTED_EDGE('',*,*,#781,.T.);
#1050=ORIENTED_EDGE('',*,*,#782,.T.);
#1051=ORIENTED_EDGE('',*,*,#781,.F.);
#1052=ORIENTED_EDGE('',*,*,#783,.F.);
#1053=ORIENTED_EDGE('',*,*,#784,.T.);
#1054=ORIENTED_EDGE('',*,*,#785,.F.);
#1055=ORIENTED_EDGE('',*,*,#786,.T.);
#1056=ORIENTED_EDGE('',*,*,#782,.F.);
#1057=ORIENTED_EDGE('',*,*,#784,.F.);
#1058=ORIENTED_EDGE('',*,*,#787,.F.);
#1059=ORIENTED_EDGE('',*,*,#788,.T.);
#1060=ORIENTED_EDGE('',*,*,#789,.T.);
#1061=ORIENTED_EDGE('',*,*,#790,.T.);
#1062=ORIENTED_EDGE('',*,*,#791,.F.);
#1063=ORIENTED_EDGE('',*,*,#792,.T.);
#1064=ORIENTED_EDGE('',*,*,#793,.F.);
#1065=ORIENTED_EDGE('',*,*,#794,.T.);
#1066=ORIENTED_EDGE('',*,*,#795,.T.);
#1067=ORIENTED_EDGE('',*,*,#796,.T.);
#1068=ORIENTED_EDGE('',*,*,#797,.T.);
#1069=ORIENTED_EDGE('',*,*,#798,.F.);
#1070=ORIENTED_EDGE('',*,*,#799,.T.);
#1071=ORIENTED_EDGE('',*,*,#800,.T.);
#1072=ORIENTED_EDGE('',*,*,#801,.F.);
#1073=ORIENTED_EDGE('',*,*,#802,.T.);
#1074=ORIENTED_EDGE('',*,*,#803,.F.);
#1075=ORIENTED_EDGE('',*,*,#804,.T.);
#1076=ORIENTED_EDGE('',*,*,#786,.F.);
#1077=ORIENTED_EDGE('',*,*,#805,.F.);
#1078=ORIENTED_EDGE('',*,*,#798,.T.);
#1079=ORIENTED_EDGE('',*,*,#806,.F.);
#1080=ORIENTED_EDGE('',*,*,#793,.T.);
#1081=ORIENTED_EDGE('',*,*,#780,.F.);
#1082=ORIENTED_EDGE('',*,*,#792,.F.);
#1083=ORIENTED_EDGE('',*,*,#807,.F.);
#1084=ORIENTED_EDGE('',*,*,#808,.F.);
#1085=ORIENTED_EDGE('',*,*,#809,.F.);
#1086=ORIENTED_EDGE('',*,*,#810,.F.);
#1087=ORIENTED_EDGE('',*,*,#811,.F.);
#1088=ORIENTED_EDGE('',*,*,#812,.F.);
#1089=ORIENTED_EDGE('',*,*,#813,.T.);
#1090=ORIENTED_EDGE('',*,*,#814,.T.);
#1091=ORIENTED_EDGE('',*,*,#815,.T.);
#1092=ORIENTED_EDGE('',*,*,#816,.T.);
#1093=ORIENTED_EDGE('',*,*,#817,.T.);
#1094=ORIENTED_EDGE('',*,*,#818,.T.);
#1095=ORIENTED_EDGE('',*,*,#819,.T.);
#1096=ORIENTED_EDGE('',*,*,#820,.T.);
#1097=ORIENTED_EDGE('',*,*,#821,.T.);
#1098=ORIENTED_EDGE('',*,*,#787,.T.);
#1099=ORIENTED_EDGE('',*,*,#783,.T.);
#1100=ORIENTED_EDGE('',*,*,#804,.F.);
#1101=ORIENTED_EDGE('',*,*,#822,.F.);
#1102=ORIENTED_EDGE('',*,*,#823,.T.);
#1103=ORIENTED_EDGE('',*,*,#824,.T.);
#1104=ORIENTED_EDGE('',*,*,#825,.F.);
#1105=ORIENTED_EDGE('',*,*,#826,.T.);
#1106=ORIENTED_EDGE('',*,*,#827,.T.);
#1107=ORIENTED_EDGE('',*,*,#828,.T.);
#1108=ORIENTED_EDGE('',*,*,#799,.F.);
#1109=ORIENTED_EDGE('',*,*,#805,.T.);
#1110=ORIENTED_EDGE('',*,*,#829,.T.);
#1111=ORIENTED_EDGE('',*,*,#830,.T.);
#1112=ORIENTED_EDGE('',*,*,#831,.T.);
#1113=ORIENTED_EDGE('',*,*,#832,.T.);
#1114=ORIENTED_EDGE('',*,*,#833,.T.);
#1115=ORIENTED_EDGE('',*,*,#834,.T.);
#1116=ORIENTED_EDGE('',*,*,#835,.T.);
#1117=ORIENTED_EDGE('',*,*,#836,.T.);
#1118=ORIENTED_EDGE('',*,*,#837,.T.);
#1119=ORIENTED_EDGE('',*,*,#838,.T.);
#1120=ORIENTED_EDGE('',*,*,#839,.T.);
#1121=ORIENTED_EDGE('',*,*,#840,.T.);
#1122=ORIENTED_EDGE('',*,*,#841,.F.);
#1123=ORIENTED_EDGE('',*,*,#842,.F.);
#1124=ORIENTED_EDGE('',*,*,#843,.T.);
#1125=ORIENTED_EDGE('',*,*,#824,.F.);
#1126=ORIENTED_EDGE('',*,*,#844,.F.);
#1127=ORIENTED_EDGE('',*,*,#829,.F.);
#1128=ORIENTED_EDGE('',*,*,#845,.F.);
#1129=ORIENTED_EDGE('',*,*,#846,.F.);
#1130=ORIENTED_EDGE('',*,*,#847,.T.);
#1131=ORIENTED_EDGE('',*,*,#813,.F.);
#1132=ORIENTED_EDGE('',*,*,#848,.F.);
#1133=ORIENTED_EDGE('',*,*,#832,.F.);
#1134=ORIENTED_EDGE('',*,*,#837,.F.);
#1135=ORIENTED_EDGE('',*,*,#849,.F.);
#1136=ORIENTED_EDGE('',*,*,#816,.F.);
#1137=ORIENTED_EDGE('',*,*,#850,.T.);
#1138=ORIENTED_EDGE('',*,*,#835,.F.);
#1139=ORIENTED_EDGE('',*,*,#850,.F.);
#1140=ORIENTED_EDGE('',*,*,#815,.F.);
#1141=ORIENTED_EDGE('',*,*,#851,.T.);
#1142=ORIENTED_EDGE('',*,*,#852,.T.);
#1143=ORIENTED_EDGE('',*,*,#853,.F.);
#1144=ORIENTED_EDGE('',*,*,#840,.F.);
#1145=ORIENTED_EDGE('',*,*,#854,.F.);
#1146=ORIENTED_EDGE('',*,*,#827,.F.);
#1147=ORIENTED_EDGE('',*,*,#855,.T.);
#1148=ORIENTED_EDGE('',*,*,#838,.F.);
#1149=ORIENTED_EDGE('',*,*,#855,.F.);
#1150=ORIENTED_EDGE('',*,*,#826,.F.);
#1151=ORIENTED_EDGE('',*,*,#856,.T.);
#1152=ORIENTED_EDGE('',*,*,#857,.T.);
#1153=ORIENTED_EDGE('',*,*,#858,.F.);
#1154=ORIENTED_EDGE('',*,*,#842,.T.);
#1155=ORIENTED_EDGE('',*,*,#859,.F.);
#1156=ORIENTED_EDGE('',*,*,#857,.F.);
#1157=ORIENTED_EDGE('',*,*,#796,.F.);
#1158=ORIENTED_EDGE('',*,*,#843,.F.);
#1159=ORIENTED_EDGE('',*,*,#860,.T.);
#1160=ORIENTED_EDGE('',*,*,#856,.F.);
#1161=ORIENTED_EDGE('',*,*,#825,.T.);
#1162=ORIENTED_EDGE('',*,*,#794,.F.);
#1163=ORIENTED_EDGE('',*,*,#806,.T.);
#1164=ORIENTED_EDGE('',*,*,#797,.F.);
#1165=ORIENTED_EDGE('',*,*,#860,.F.);
#1166=ORIENTED_EDGE('',*,*,#795,.F.);
#1167=ORIENTED_EDGE('',*,*,#785,.T.);
#1168=ORIENTED_EDGE('',*,*,#861,.T.);
#1169=ORIENTED_EDGE('',*,*,#862,.T.);
#1170=ORIENTED_EDGE('',*,*,#863,.F.);
#1171=ORIENTED_EDGE('',*,*,#818,.F.);
#1172=ORIENTED_EDGE('',*,*,#864,.T.);
#1173=ORIENTED_EDGE('',*,*,#865,.T.);
#1174=ORIENTED_EDGE('',*,*,#866,.T.);
#1175=ORIENTED_EDGE('',*,*,#867,.F.);
#1176=ORIENTED_EDGE('',*,*,#810,.T.);
#1177=ORIENTED_EDGE('',*,*,#868,.T.);
#1178=ORIENTED_EDGE('',*,*,#869,.T.);
#1179=ORIENTED_EDGE('',*,*,#862,.F.);
#1180=ORIENTED_EDGE('',*,*,#870,.F.);
#1181=ORIENTED_EDGE('',*,*,#869,.F.);
#1182=ORIENTED_EDGE('',*,*,#871,.F.);
#1183=ORIENTED_EDGE('',*,*,#872,.F.);
#1184=ORIENTED_EDGE('',*,*,#873,.F.);
#1185=ORIENTED_EDGE('',*,*,#851,.F.);
#1186=ORIENTED_EDGE('',*,*,#814,.F.);
#1187=ORIENTED_EDGE('',*,*,#847,.F.);
#1188=ORIENTED_EDGE('',*,*,#870,.T.);
#1189=ORIENTED_EDGE('',*,*,#852,.F.);
#1190=ORIENTED_EDGE('',*,*,#861,.F.);
#1191=ORIENTED_EDGE('',*,*,#846,.T.);
#1192=ORIENTED_EDGE('',*,*,#874,.F.);
#1193=ORIENTED_EDGE('',*,*,#833,.F.);
#1194=ORIENTED_EDGE('',*,*,#848,.T.);
#1195=ORIENTED_EDGE('',*,*,#812,.T.);
#1196=ORIENTED_EDGE('',*,*,#875,.T.);
#1197=ORIENTED_EDGE('',*,*,#876,.F.);
#1198=ORIENTED_EDGE('',*,*,#839,.F.);
#1199=ORIENTED_EDGE('',*,*,#858,.T.);
#1200=ORIENTED_EDGE('',*,*,#859,.T.);
#1201=ORIENTED_EDGE('',*,*,#841,.T.);
#1202=ORIENTED_EDGE('',*,*,#831,.F.);
#1203=ORIENTED_EDGE('',*,*,#877,.T.);
#1204=ORIENTED_EDGE('',*,*,#878,.T.);
#1205=ORIENTED_EDGE('',*,*,#879,.T.);
#1206=ORIENTED_EDGE('',*,*,#880,.T.);
#1207=ORIENTED_EDGE('',*,*,#879,.F.);
#1208=ORIENTED_EDGE('',*,*,#881,.T.);
#1209=ORIENTED_EDGE('',*,*,#801,.T.);
#1210=ORIENTED_EDGE('',*,*,#882,.T.);
#1211=ORIENTED_EDGE('',*,*,#866,.F.);
#1212=ORIENTED_EDGE('',*,*,#883,.T.);
#1213=ORIENTED_EDGE('',*,*,#884,.T.);
#1214=ORIENTED_EDGE('',*,*,#885,.T.);
#1215=ORIENTED_EDGE('',*,*,#884,.F.);
#1216=ORIENTED_EDGE('',*,*,#886,.T.);
#1217=ORIENTED_EDGE('',*,*,#887,.F.);
#1218=ORIENTED_EDGE('',*,*,#836,.F.);
#1219=ORIENTED_EDGE('',*,*,#853,.T.);
#1220=ORIENTED_EDGE('',*,*,#874,.T.);
#1221=ORIENTED_EDGE('',*,*,#845,.T.);
#1222=ORIENTED_EDGE('',*,*,#834,.F.);
#1223=ORIENTED_EDGE('',*,*,#888,.T.);
#1224=ORIENTED_EDGE('',*,*,#790,.F.);
#1225=ORIENTED_EDGE('',*,*,#889,.T.);
#1226=ORIENTED_EDGE('',*,*,#890,.T.);
#1227=ORIENTED_EDGE('',*,*,#891,.T.);
#1228=ORIENTED_EDGE('',*,*,#890,.F.);
#1229=ORIENTED_EDGE('',*,*,#892,.T.);
#1230=ORIENTED_EDGE('',*,*,#893,.F.);
#1231=ORIENTED_EDGE('',*,*,#820,.F.);
#1232=ORIENTED_EDGE('',*,*,#894,.T.);
#1233=ORIENTED_EDGE('',*,*,#872,.T.);
#1234=ORIENTED_EDGE('',*,*,#895,.F.);
#1235=ORIENTED_EDGE('',*,*,#808,.T.);
#1236=ORIENTED_EDGE('',*,*,#896,.F.);
#1237=ORIENTED_EDGE('',*,*,#802,.F.);
#1238=ORIENTED_EDGE('',*,*,#881,.F.);
#1239=ORIENTED_EDGE('',*,*,#878,.F.);
#1240=ORIENTED_EDGE('',*,*,#897,.F.);
#1241=ORIENTED_EDGE('',*,*,#886,.F.);
#1242=ORIENTED_EDGE('',*,*,#883,.F.);
#1243=ORIENTED_EDGE('',*,*,#865,.F.);
#1244=ORIENTED_EDGE('',*,*,#898,.F.);
#1245=ORIENTED_EDGE('',*,*,#892,.F.);
#1246=ORIENTED_EDGE('',*,*,#889,.F.);
#1247=ORIENTED_EDGE('',*,*,#789,.F.);
#1248=ORIENTED_EDGE('',*,*,#867,.T.);
#1249=ORIENTED_EDGE('',*,*,#882,.F.);
#1250=ORIENTED_EDGE('',*,*,#885,.F.);
#1251=ORIENTED_EDGE('',*,*,#875,.F.);
#1252=ORIENTED_EDGE('',*,*,#811,.T.);
#1253=ORIENTED_EDGE('',*,*,#809,.T.);
#1254=ORIENTED_EDGE('',*,*,#895,.T.);
#1255=ORIENTED_EDGE('',*,*,#871,.T.);
#1256=ORIENTED_EDGE('',*,*,#868,.F.);
#1257=ORIENTED_EDGE('',*,*,#791,.T.);
#1258=ORIENTED_EDGE('',*,*,#888,.F.);
#1259=ORIENTED_EDGE('',*,*,#891,.F.);
#1260=ORIENTED_EDGE('',*,*,#807,.T.);
#1261=ORIENTED_EDGE('',*,*,#876,.T.);
#1262=ORIENTED_EDGE('',*,*,#880,.F.);
#1263=ORIENTED_EDGE('',*,*,#800,.F.);
#1264=ORIENTED_EDGE('',*,*,#828,.F.);
#1265=ORIENTED_EDGE('',*,*,#854,.T.);
#1266=ORIENTED_EDGE('',*,*,#830,.F.);
#1267=ORIENTED_EDGE('',*,*,#844,.T.);
#1268=ORIENTED_EDGE('',*,*,#823,.F.);
#1269=ORIENTED_EDGE('',*,*,#899,.T.);
#1270=ORIENTED_EDGE('',*,*,#822,.T.);
#1271=ORIENTED_EDGE('',*,*,#803,.T.);
#1272=ORIENTED_EDGE('',*,*,#896,.T.);
#1273=ORIENTED_EDGE('',*,*,#877,.F.);
#1274=ORIENTED_EDGE('',*,*,#899,.F.);
#1275=ORIENTED_EDGE('',*,*,#821,.F.);
#1276=ORIENTED_EDGE('',*,*,#893,.T.);
#1277=ORIENTED_EDGE('',*,*,#898,.T.);
#1278=ORIENTED_EDGE('',*,*,#788,.F.);
#1279=ORIENTED_EDGE('',*,*,#819,.F.);
#1280=ORIENTED_EDGE('',*,*,#863,.T.);
#1281=ORIENTED_EDGE('',*,*,#873,.T.);
#1282=ORIENTED_EDGE('',*,*,#894,.F.);
#1283=ORIENTED_EDGE('',*,*,#817,.F.);
#1284=ORIENTED_EDGE('',*,*,#849,.T.);
#1285=ORIENTED_EDGE('',*,*,#887,.T.);
#1286=ORIENTED_EDGE('',*,*,#897,.T.);
#1287=ORIENTED_EDGE('',*,*,#864,.F.);
#1288=PLANE('',#1433);
#1289=PLANE('',#1437);
#1290=PLANE('',#1438);
#1291=PLANE('',#1442);
#1292=PLANE('',#1445);
#1293=PLANE('',#1450);
#1294=PLANE('',#1451);
#1295=PLANE('',#1454);
#1296=PLANE('',#1455);
#1297=PLANE('',#1459);
#1298=PLANE('',#1460);
#1299=PLANE('',#1463);
#1300=PLANE('',#1464);
#1301=PLANE('',#1471);
#1302=PLANE('',#1478);
#1303=PLANE('',#1488);
#1304=PLANE('',#1492);
#1305=PLANE('',#1493);
#1306=PLANE('',#1494);
#1307=PLANE('',#1495);
#1308=PLANE('',#1496);
#1309=PLANE('',#1497);
#1310=PLANE('',#1498);
#1311=PLANE('',#1499);
#1312=PLANE('',#1500);
#1313=PLANE('',#1501);
#1314=PLANE('',#1502);
#1315=PLANE('',#1503);
#1316=PLANE('',#1504);
#1317=PLANE('',#1505);
#1318=PLANE('',#1506);
#1319=PLANE('',#1507);
#1320=PLANE('',#1508);
#1321=PLANE('',#1509);
#1322=PLANE('',#1510);
#1323=PLANE('',#1511);
#1324=PLANE('',#1512);
#1325=PLANE('',#1513);
#1326=PLANE('',#1514);
#1327=PLANE('',#1515);
#1328=PLANE('',#1516);
#1329=PLANE('',#1517);
#1330=PLANE('',#1518);
#1331=PLANE('',#1519);
#1332=PLANE('',#1520);
#1333=PLANE('',#1521);
#1334=PLANE('',#1522);
#1335=PLANE('',#1523);
#1336=PLANE('',#1524);
#1337=PLANE('',#1525);
#1338=PLANE('',#1526);
#1339=PLANE('',#1527);
#1340=PLANE('',#1528);
#1341=PLANE('',#1529);
#1342=PLANE('',#1530);
#1343=PLANE('',#1531);
#1344=PLANE('',#1532);
#1345=ADVANCED_FACE('',(#84),#1288,.F.);
#1346=ADVANCED_FACE('',(#85),#82,.T.);
#1347=ADVANCED_FACE('',(#86),#1289,.F.);
#1348=ADVANCED_FACE('',(#87,#32,#33,#34),#1290,.F.);
#1349=ADVANCED_FACE('',(#88),#1291,.F.);
#1350=ADVANCED_FACE('',(#89),#19,.F.);
#1351=ADVANCED_FACE('',(#90),#1292,.F.);
#1352=ADVANCED_FACE('',(#91),#20,.T.);
#1353=ADVANCED_FACE('',(#92),#21,.F.);
#1354=ADVANCED_FACE('',(#93),#1293,.T.);
#1355=ADVANCED_FACE('',(#94),#1294,.T.);
#1356=ADVANCED_FACE('',(#95),#22,.F.);
#1357=ADVANCED_FACE('',(#96,#35,#36,#37),#1295,.F.);
#1358=ADVANCED_FACE('',(#97),#1296,.F.);
#1359=ADVANCED_FACE('',(#98),#83,.T.);
#1360=ADVANCED_FACE('',(#99),#1297,.F.);
#1361=ADVANCED_FACE('',(#100),#1298,.T.);
#1362=ADVANCED_FACE('',(#101),#23,.T.);
#1363=ADVANCED_FACE('',(#102),#1299,.F.);
#1364=ADVANCED_FACE('',(#103),#1300,.F.);
#1365=ADVANCED_FACE('',(#104),#24,.F.);
#1366=ADVANCED_FACE('',(#105),#25,.F.);
#1367=ADVANCED_FACE('',(#106),#1301,.T.);
#1368=ADVANCED_FACE('',(#107),#26,.F.);
#1369=ADVANCED_FACE('',(#108),#27,.F.);
#1370=ADVANCED_FACE('',(#109,#38,#39,#40,#41,#42,#43,#44),#1302,.F.);
#1371=ADVANCED_FACE('',(#110),#28,.F.);
#1372=ADVANCED_FACE('',(#111),#29,.F.);
#1373=ADVANCED_FACE('',(#112),#30,.F.);
#1374=ADVANCED_FACE('',(#113,#45,#46,#47,#48,#49,#50,#51),#1303,.F.);
#1375=ADVANCED_FACE('',(#114),#31,.F.);
#1376=ADVANCED_FACE('',(#115,#52),#1304,.F.);
#1377=ADVANCED_FACE('',(#116),#1305,.F.);
#1378=ADVANCED_FACE('',(#117),#1306,.F.);
#1379=ADVANCED_FACE('',(#118,#53),#1307,.F.);
#1380=ADVANCED_FACE('',(#119),#1308,.F.);
#1381=ADVANCED_FACE('',(#120),#1309,.T.);
#1382=ADVANCED_FACE('',(#121),#1310,.T.);
#1383=ADVANCED_FACE('',(#122),#1311,.T.);
#1384=ADVANCED_FACE('',(#123),#1312,.T.);
#1385=ADVANCED_FACE('',(#124),#1313,.F.);
#1386=ADVANCED_FACE('',(#125),#1314,.F.);
#1387=ADVANCED_FACE('',(#126),#1315,.F.);
#1388=ADVANCED_FACE('',(#127),#1316,.F.);
#1389=ADVANCED_FACE('',(#128),#1317,.F.);
#1390=ADVANCED_FACE('',(#129),#1318,.F.);
#1391=ADVANCED_FACE('',(#130),#1319,.T.);
#1392=ADVANCED_FACE('',(#131),#1320,.F.);
#1393=ADVANCED_FACE('',(#132),#1321,.F.);
#1394=ADVANCED_FACE('',(#133),#1322,.F.);
#1395=ADVANCED_FACE('',(#134),#1323,.F.);
#1396=ADVANCED_FACE('',(#135),#1324,.F.);
#1397=ADVANCED_FACE('',(#136),#1325,.T.);
#1398=ADVANCED_FACE('',(#137),#1326,.F.);
#1399=ADVANCED_FACE('',(#138),#1327,.T.);
#1400=ADVANCED_FACE('',(#139),#1328,.T.);
#1401=ADVANCED_FACE('',(#140),#1329,.T.);
#1402=ADVANCED_FACE('',(#141),#1330,.T.);
#1403=ADVANCED_FACE('',(#142),#1331,.T.);
#1404=ADVANCED_FACE('',(#143),#1332,.F.);
#1405=ADVANCED_FACE('',(#144),#1333,.F.);
#1406=ADVANCED_FACE('',(#145),#1334,.F.);
#1407=ADVANCED_FACE('',(#146),#1335,.F.);
#1408=ADVANCED_FACE('',(#147),#1336,.F.);
#1409=ADVANCED_FACE('',(#148),#1337,.F.);
#1410=ADVANCED_FACE('',(#149),#1338,.F.);
#1411=ADVANCED_FACE('',(#150),#1339,.F.);
#1412=ADVANCED_FACE('',(#151),#1340,.F.);
#1413=ADVANCED_FACE('',(#152),#1341,.F.);
#1414=ADVANCED_FACE('',(#153),#1342,.F.);
#1415=ADVANCED_FACE('',(#154),#1343,.F.);
#1416=ADVANCED_FACE('',(#155),#1344,.F.);
#1417=CLOSED_SHELL('',(#1345,#1346,#1347,#1348,#1349,#1350,#1351,#1352,
#1353,#1354,#1355,#1356,#1357));
#1418=CLOSED_SHELL('',(#1358,#1359,#1360,#1361,#1362,#1363,#1364,#1365,
#1366,#1367,#1368,#1369,#1370,#1371,#1372,#1373,#1374));
#1419=CLOSED_SHELL('',(#1375,#1376,#1377,#1378,#1379,#1380,#1381,#1382,
#1383,#1384,#1385,#1386,#1387,#1388,#1389,#1390,#1391,#1392,#1393,#1394,
#1395,#1396,#1397,#1398,#1399,#1400,#1401,#1402,#1403,#1404,#1405,#1406,
#1407,#1408,#1409,#1410,#1411,#1412,#1413,#1414,#1415,#1416));
#1420=DERIVED_UNIT_ELEMENT(#1422,1.);
#1421=DERIVED_UNIT_ELEMENT(#2297,-3.);
#1422=(
MASS_UNIT()
NAMED_UNIT(*)
SI_UNIT(.KILO.,.GRAM.)
);
#1423=DERIVED_UNIT((#1420,#1421));
#1424=MEASURE_REPRESENTATION_ITEM('density measure',
POSITIVE_RATIO_MEASURE(7850.),#1423);
#1425=PROPERTY_DEFINITION_REPRESENTATION(#1430,#1427);
#1426=PROPERTY_DEFINITION_REPRESENTATION(#1431,#1428);
#1427=REPRESENTATION('material name',(#1429),#2294);
#1428=REPRESENTATION('density',(#1424),#2294);
#1429=DESCRIPTIVE_REPRESENTATION_ITEM('Steel','Steel');
#1430=PROPERTY_DEFINITION('material property','material name',#2304);
#1431=PROPERTY_DEFINITION('material property','density of part',#2304);
#1432=AXIS2_PLACEMENT_3D('',#1901,#1533,#1534);
#1433=AXIS2_PLACEMENT_3D('',#1902,#1535,#1536);
#1434=AXIS2_PLACEMENT_3D('',#1911,#1541,#1542);
#1435=AXIS2_PLACEMENT_3D('',#1915,#1544,#1545);
#1436=AXIS2_PLACEMENT_3D('',#1916,#1546,#1547);
#1437=AXIS2_PLACEMENT_3D('',#1917,#1548,#1549);
#1438=AXIS2_PLACEMENT_3D('',#1923,#1553,#1554);
#1439=AXIS2_PLACEMENT_3D('',#1928,#1557,#1558);
#1440=AXIS2_PLACEMENT_3D('',#1930,#1559,#1560);
#1441=AXIS2_PLACEMENT_3D('',#1932,#1561,#1562);
#1442=AXIS2_PLACEMENT_3D('',#1933,#1563,#1564);
#1443=AXIS2_PLACEMENT_3D('',#1939,#1568,#1569);
#1444=AXIS2_PLACEMENT_3D('',#1942,#1571,#1572);
#1445=AXIS2_PLACEMENT_3D('',#1943,#1573,#1574);
#1446=AXIS2_PLACEMENT_3D('',#1947,#1577,#1578);
#1447=AXIS2_PLACEMENT_3D('',#1949,#1579,#1580);
#1448=AXIS2_PLACEMENT_3D('',#1951,#1582,#1583);
#1449=AXIS2_PLACEMENT_3D('',#1953,#1584,#1585);
#1450=AXIS2_PLACEMENT_3D('',#1955,#1587,#1588);
#1451=AXIS2_PLACEMENT_3D('',#1959,#1591,#1592);
#1452=AXIS2_PLACEMENT_3D('',#1961,#1594,#1595);
#1453=AXIS2_PLACEMENT_3D('',#1964,#1597,#1598);
#1454=AXIS2_PLACEMENT_3D('',#1965,#1599,#1600);
#1455=AXIS2_PLACEMENT_3D('',#1966,#1601,#1602);
#1456=AXIS2_PLACEMENT_3D('',#1975,#1607,#1608);
#1457=AXIS2_PLACEMENT_3D('',#1979,#1610,#1611);
#1458=AXIS2_PLACEMENT_3D('',#1980,#1612,#1613);
#1459=AXIS2_PLACEMENT_3D('',#1981,#1614,#1615);
#1460=AXIS2_PLACEMENT_3D('',#1987,#1619,#1620);
#1461=AXIS2_PLACEMENT_3D('',#1993,#1624,#1625);
#1462=AXIS2_PLACEMENT_3D('',#1995,#1626,#1627);
#1463=AXIS2_PLACEMENT_3D('',#1997,#1629,#1630);
#1464=AXIS2_PLACEMENT_3D('',#2001,#1633,#1634);
#1465=AXIS2_PLACEMENT_3D('',#2007,#1638,#1639);
#1466=AXIS2_PLACEMENT_3D('',#2009,#1640,#1641);
#1467=AXIS2_PLACEMENT_3D('',#2012,#1643,#1644);
#1468=AXIS2_PLACEMENT_3D('',#2013,#1645,#1646);
#1469=AXIS2_PLACEMENT_3D('',#2015,#1647,#1648);
#1470=AXIS2_PLACEMENT_3D('',#2018,#1650,#1651);
#1471=AXIS2_PLACEMENT_3D('',#2019,#1652,#1653);
#1472=AXIS2_PLACEMENT_3D('',#2022,#1656,#1657);
#1473=AXIS2_PLACEMENT_3D('',#2024,#1658,#1659);
#1474=AXIS2_PLACEMENT_3D('',#2027,#1661,#1662);
#1475=AXIS2_PLACEMENT_3D('',#2028,#1663,#1664);
#1476=AXIS2_PLACEMENT_3D('',#2030,#1665,#1666);
#1477=AXIS2_PLACEMENT_3D('',#2033,#1668,#1669);
#1478=AXIS2_PLACEMENT_3D('',#2034,#1670,#1671);
#1479=AXIS2_PLACEMENT_3D('',#2036,#1672,#1673);
#1480=AXIS2_PLACEMENT_3D('',#2038,#1674,#1675);
#1481=AXIS2_PLACEMENT_3D('',#2040,#1676,#1677);
#1482=AXIS2_PLACEMENT_3D('',#2041,#1678,#1679);
#1483=AXIS2_PLACEMENT_3D('',#2044,#1681,#1682);
#1484=AXIS2_PLACEMENT_3D('',#2045,#1683,#1684);
#1485=AXIS2_PLACEMENT_3D('',#2048,#1686,#1687);
#1486=AXIS2_PLACEMENT_3D('',#2049,#1688,#1689);
#1487=AXIS2_PLACEMENT_3D('',#2052,#1691,#1692);
#1488=AXIS2_PLACEMENT_3D('',#2053,#1693,#1694);
#1489=AXIS2_PLACEMENT_3D('',#2054,#1695,#1696);
#1490=AXIS2_PLACEMENT_3D('',#2056,#1697,#1698);
#1491=AXIS2_PLACEMENT_3D('',#2059,#1700,#1701);
#1492=AXIS2_PLACEMENT_3D('',#2060,#1702,#1703);
#1493=AXIS2_PLACEMENT_3D('',#2069,#1708,#1709);
#1494=AXIS2_PLACEMENT_3D('',#2085,#1718,#1719);
#1495=AXIS2_PLACEMENT_3D('',#2105,#1730,#1731);
#1496=AXIS2_PLACEMENT_3D('',#2108,#1734,#1735);
#1497=AXIS2_PLACEMENT_3D('',#2151,#1758,#1759);
#1498=AXIS2_PLACEMENT_3D('',#2158,#1763,#1764);
#1499=AXIS2_PLACEMENT_3D('',#2165,#1768,#1769);
#1500=AXIS2_PLACEMENT_3D('',#2172,#1773,#1774);
#1501=AXIS2_PLACEMENT_3D('',#2179,#1778,#1779);
#1502=AXIS2_PLACEMENT_3D('',#2185,#1784,#1785);
#1503=AXIS2_PLACEMENT_3D('',#2192,#1790,#1791);
#1504=AXIS2_PLACEMENT_3D('',#2195,#1794,#1795);
#1505=AXIS2_PLACEMENT_3D('',#2201,#1799,#1800);
#1506=AXIS2_PLACEMENT_3D('',#2204,#1803,#1804);
#1507=AXIS2_PLACEMENT_3D('',#2209,#1808,#1809);
#1508=AXIS2_PLACEMENT_3D('',#2211,#1811,#1812);
#1509=AXIS2_PLACEMENT_3D('',#2213,#1814,#1815);
#1510=AXIS2_PLACEMENT_3D('',#2214,#1816,#1817);
#1511=AXIS2_PLACEMENT_3D('',#2229,#1827,#1828);
#1512=AXIS2_PLACEMENT_3D('',#2236,#1833,#1834);
#1513=AXIS2_PLACEMENT_3D('',#2237,#1835,#1836);
#1514=AXIS2_PLACEMENT_3D('',#2239,#1838,#1839);
#1515=AXIS2_PLACEMENT_3D('',#2241,#1841,#1842);
#1516=AXIS2_PLACEMENT_3D('',#2249,#1847,#1848);
#1517=AXIS2_PLACEMENT_3D('',#2252,#1851,#1852);
#1518=AXIS2_PLACEMENT_3D('',#2258,#1856,#1857);
#1519=AXIS2_PLACEMENT_3D('',#2263,#1861,#1862);
#1520=AXIS2_PLACEMENT_3D('',#2269,#1866,#1867);
#1521=AXIS2_PLACEMENT_3D('',#2276,#1873,#1874);
#1522=AXIS2_PLACEMENT_3D('',#2278,#1876,#1877);
#1523=AXIS2_PLACEMENT_3D('',#2280,#1879,#1880);
#1524=AXIS2_PLACEMENT_3D('',#2282,#1882,#1883);
#1525=AXIS2_PLACEMENT_3D('',#2283,#1884,#1885);
#1526=AXIS2_PLACEMENT_3D('',#2284,#1886,#1887);
#1527=AXIS2_PLACEMENT_3D('',#2285,#1888,#1889);
#1528=AXIS2_PLACEMENT_3D('',#2286,#1890,#1891);
#1529=AXIS2_PLACEMENT_3D('',#2288,#1893,#1894);
#1530=AXIS2_PLACEMENT_3D('',#2289,#1895,#1896);
#1531=AXIS2_PLACEMENT_3D('',#2290,#1897,#1898);
#1532=AXIS2_PLACEMENT_3D('',#2291,#1899,#1900);
#1533=DIRECTION('axis',(0.,0.,1.));
#1534=DIRECTION('refdir',(1.,0.,0.));
#1535=DIRECTION('center_axis',(0.707106781186552,-2.96335975731576E-31,
-0.707106781186543));
#1536=DIRECTION('ref_axis',(-0.707106781186543,0.,-0.707106781186552));
#1537=DIRECTION('',(-0.707106781186543,-2.96335975731581E-31,-0.707106781186552));
#1538=DIRECTION('',(6.06956690308962E-62,-1.,4.19082355898663E-31));
#1539=DIRECTION('',(0.707106781186538,0.,0.707106781186557));
#1540=DIRECTION('',(-6.06956690308962E-62,1.,-4.19082355898663E-31));
#1541=DIRECTION('center_axis',(0.,0.,-1.));
#1542=DIRECTION('ref_axis',(-1.,-1.12081503406245E-15,4.19556430961894E-32));
#1543=DIRECTION('',(-0.678225171678784,-0.200026539492328,0.707106781186553));
#1544=DIRECTION('center_axis',(-1.44829931817919E-31,-4.19082355898663E-31,
-1.));
#1545=DIRECTION('ref_axis',(-1.,-1.12081503406245E-15,-4.62223186652935E-32));
#1546=DIRECTION('center_axis',(1.44829931817919E-31,4.19082355898663E-31,
1.));
#1547=DIRECTION('ref_axis',(-1.,-1.12081503406245E-15,1.4482993181792E-31));
#1548=DIRECTION('center_axis',(-0.678225171678793,-0.200026539492334,-0.707106781186543));
#1549=DIRECTION('ref_axis',(-0.721691827040875,0.,0.692214494779186));
#1550=DIRECTION('',(5.84038606434487E-62,-0.962240989776702,0.272198966922274));
#1551=DIRECTION('',(0.282880244984614,-0.959155236130964,3.60995509436545E-31));
#1552=DIRECTION('',(-0.282880244984614,0.959155236130964,-3.60995509436545E-31));
#1553=DIRECTION('center_axis',(-1.44829931817919E-31,-4.19082355898663E-31,
-1.));
#1554=DIRECTION('ref_axis',(1.,1.12081503406245E-15,-5.23852944873329E-32));
#1555=DIRECTION('',(-1.,-2.05188093597444E-65,1.44780970536035E-31));
#1556=DIRECTION('',(6.06956690308962E-62,-1.,4.19082355898663E-31));
#1557=DIRECTION('center_axis',(-1.44829931817919E-31,-4.19082355898663E-31,
-1.));
#1558=DIRECTION('ref_axis',(4.68559007095175E-16,-1.,-2.2204460492503E-16));
#1559=DIRECTION('center_axis',(1.44829931817919E-31,4.19082355898663E-31,
1.));
#1560=DIRECTION('ref_axis',(1.,0.,0.));
#1561=DIRECTION('center_axis',(1.44829931817919E-31,4.19082355898663E-31,
1.));
#1562=DIRECTION('ref_axis',(1.,0.,-1.44829931817919E-31));
#1563=DIRECTION('center_axis',(-1.,-6.06956690308962E-62,0.));
#1564=DIRECTION('ref_axis',(6.06956690308962E-62,-1.,4.19082355898663E-31));
#1565=DIRECTION('',(0.,0.,1.));
#1566=DIRECTION('',(-6.06956690308962E-62,1.,-4.19082355898663E-31));
#1567=DIRECTION('',(0.,0.,1.));
#1568=DIRECTION('center_axis',(0.,0.,-1.));
#1569=DIRECTION('ref_axis',(1.,0.,0.));
#1570=DIRECTION('',(0.,0.,-1.));
#1571=DIRECTION('center_axis',(-1.44829931817919E-31,-4.19082355898663E-31,
-1.));
#1572=DIRECTION('ref_axis',(1.,0.,-1.44829931817919E-31));
#1573=DIRECTION('center_axis',(-0.959155236130964,-0.282880244984614,0.));
#1574=DIRECTION('ref_axis',(0.282880244984614,-0.959155236130964,3.60995509436545E-31));
#1575=DIRECTION('',(-0.282880244984614,0.959155236130964,-3.60995509436545E-31));
#1576=DIRECTION('',(-1.44829931817919E-31,-4.19082355898663E-31,-1.));
#1577=DIRECTION('center_axis',(1.44829931817919E-31,4.19082355898663E-31,
1.));
#1578=DIRECTION('ref_axis',(-1.,-1.12081503406245E-15,-4.62223186652935E-32));
#1579=DIRECTION('center_axis',(1.44829931817919E-31,4.19082355898663E-31,
1.));
#1580=DIRECTION('ref_axis',(-1.,-1.12081503406245E-15,-4.62223186652935E-32));
#1581=DIRECTION('',(-1.44829931817919E-31,-4.19082355898663E-31,-1.));
#1582=DIRECTION('center_axis',(0.,0.,-1.));
#1583=DIRECTION('ref_axis',(1.,0.,0.));
#1584=DIRECTION('center_axis',(-1.44829931817919E-31,-4.19082355898663E-31,
-1.));
#1585=DIRECTION('ref_axis',(1.,0.,0.));
#1586=DIRECTION('',(0.,0.,1.));
#1587=DIRECTION('center_axis',(-1.,-2.05188093597444E-65,1.44780970536035E-31));
#1588=DIRECTION('ref_axis',(-1.44780970536035E-31,-4.19082355898663E-31,
-1.));
#1589=DIRECTION('',(6.06956690308962E-62,-1.,4.19082355898663E-31));
#1590=DIRECTION('',(-1.44780970536035E-31,-4.19082355898663E-31,-1.));
#1591=DIRECTION('center_axis',(6.06956690308962E-62,-1.,4.19082355898663E-31));
#1592=DIRECTION('ref_axis',(1.44780970536035E-31,4.19082355898663E-31,1.));
#1593=DIRECTION('',(1.,2.05188093597444E-65,-1.44780970536035E-31));
#1594=DIRECTION('center_axis',(-6.52256026967279E-16,2.2204460492503E-16,
-1.));
#1595=DIRECTION('ref_axis',(4.68559007095175E-16,-1.,-2.2204460492503E-16));
#1596=DIRECTION('',(-6.52256026967279E-16,2.2204460492503E-16,-1.));
#1597=DIRECTION('center_axis',(1.44829931817919E-31,4.19082355898663E-31,
1.));
#1598=DIRECTION('ref_axis',(4.68559007095175E-16,-1.,-2.2204460492503E-16));
#1599=DIRECTION('center_axis',(1.44829931817919E-31,4.19082355898663E-31,
1.));
#1600=DIRECTION('ref_axis',(-1.,-1.12081503406245E-15,5.23852944873329E-32));
#1601=DIRECTION('center_axis',(-0.678225171678788,-0.200026539492332,0.707106781186548));
#1602=DIRECTION('ref_axis',(0.72169182704088,0.,0.692214494779181));
#1603=DIRECTION('',(-5.84038606434487E-62,0.962240989776703,0.27219896692227));
#1604=DIRECTION('',(0.282880244984614,-0.959155236130964,3.60995509436545E-31));
#1605=DIRECTION('',(-0.678225171678788,-0.200026539492335,-0.707106781186547));
#1606=DIRECTION('',(-0.282880244984614,0.959155236130964,-3.60995509436545E-31));
#1607=DIRECTION('center_axis',(0.,0.,1.));
#1608=DIRECTION('ref_axis',(-1.,-1.12081503406245E-15,4.19556430961894E-32));
#1609=DIRECTION('',(0.707106781186547,0.,-0.707106781186548));
#1610=DIRECTION('center_axis',(1.44829931817919E-31,4.19082355898663E-31,
1.));
#1611=DIRECTION('ref_axis',(-1.,-1.12081503406245E-15,-4.62223186652935E-32));
#1612=DIRECTION('center_axis',(-1.44829931817919E-31,-4.19082355898663E-31,
-1.));
#1613=DIRECTION('ref_axis',(-1.,-1.12081503406245E-15,1.4482993181792E-31));
#1614=DIRECTION('center_axis',(0.707106781186548,2.96335975731579E-31,0.707106781186548));
#1615=DIRECTION('ref_axis',(0.707106781186548,0.,-0.707106781186548));
#1616=DIRECTION('',(0.707106781186548,-2.96335975731579E-31,-0.707106781186548));
#1617=DIRECTION('',(6.06956690308962E-62,-1.,4.19082355898663E-31));
#1618=DIRECTION('',(-6.06956690308962E-62,1.,-4.19082355898663E-31));
#1619=DIRECTION('center_axis',(-1.,-2.05188093597444E-65,1.44780970536035E-31));
#1620=DIRECTION('ref_axis',(-1.44780970536035E-31,-4.19082355898663E-31,
-1.));
#1621=DIRECTION('',(-1.44780970536035E-31,-4.19082355898663E-31,-1.));
#1622=DIRECTION('',(-6.06956690308962E-62,1.,-4.19082355898663E-31));
#1623=DIRECTION('',(-1.44829931817919E-31,-4.19082355898663E-31,-1.));
#1624=DIRECTION('center_axis',(1.44829931817919E-31,4.19082355898663E-31,
1.));
#1625=DIRECTION('ref_axis',(-1.,-1.12081503406245E-15,-4.62223186652935E-32));
#1626=DIRECTION('center_axis',(-1.44829931817919E-31,-4.19082355898663E-31,
-1.));
#1627=DIRECTION('ref_axis',(-1.,-1.12081503406245E-15,-4.62223186652935E-32));
#1628=DIRECTION('',(-1.44829931817919E-31,-4.19082355898663E-31,-1.));
#1629=DIRECTION('center_axis',(-0.959155236130964,-0.282880244984614,0.));
#1630=DIRECTION('ref_axis',(0.282880244984614,-0.959155236130964,3.60995509436545E-31));
#1631=DIRECTION('',(0.282880244984614,-0.959155236130964,3.60995509436545E-31));
#1632=DIRECTION('',(0.,0.,1.));
#1633=DIRECTION('center_axis',(-1.,-6.06956690308962E-62,0.));
#1634=DIRECTION('ref_axis',(6.06956690308962E-62,-1.,4.19082355898663E-31));
#1635=DIRECTION('',(6.06956690308962E-62,-1.,4.19082355898663E-31));
#1636=DIRECTION('',(0.,0.,1.));
#1637=DIRECTION('',(-6.06956690308962E-62,1.,-4.19082355898663E-31));
#1638=DIRECTION('center_axis',(0.,0.,-1.));
#1639=DIRECTION('ref_axis',(1.,0.,0.));
#1640=DIRECTION('center_axis',(1.44829931817919E-31,4.19082355898663E-31,
1.));
#1641=DIRECTION('ref_axis',(1.,0.,-1.44829931817919E-31));
#1642=DIRECTION('',(0.,0.,-1.));
#1643=DIRECTION('center_axis',(-1.44829931817919E-31,-4.19082355898663E-31,
-1.));
#1644=DIRECTION('ref_axis',(1.,0.,-1.44829931817919E-31));
#1645=DIRECTION('center_axis',(0.,0.,-1.));
#1646=DIRECTION('ref_axis',(1.,0.,0.));
#1647=DIRECTION('center_axis',(-1.44829931817919E-31,-4.19082355898663E-31,
-1.));
#1648=DIRECTION('ref_axis',(1.,0.,0.));
#1649=DIRECTION('',(0.,0.,1.));
#1650=DIRECTION('center_axis',(1.44829931817919E-31,4.19082355898663E-31,
1.));
#1651=DIRECTION('ref_axis',(1.,0.,0.));
#1652=DIRECTION('center_axis',(6.06956690308962E-62,-1.,4.19082355898663E-31));
#1653=DIRECTION('ref_axis',(1.44780970536035E-31,4.19082355898663E-31,1.));
#1654=DIRECTION('',(1.,2.05188093597444E-65,-1.44780970536035E-31));
#1655=DIRECTION('',(-1.,-2.05188093597444E-65,1.44780970536035E-31));
#1656=DIRECTION('center_axis',(-6.52256026967279E-16,2.2204460492503E-16,
-1.));
#1657=DIRECTION('ref_axis',(4.68559007095175E-16,-1.,-2.2204460492503E-16));
#1658=DIRECTION('center_axis',(-1.44829931817919E-31,-4.19082355898663E-31,
-1.));
#1659=DIRECTION('ref_axis',(4.68559007095175E-16,-1.,-2.2204460492503E-16));
#1660=DIRECTION('',(-6.52256026967279E-16,2.2204460492503E-16,-1.));
#1661=DIRECTION('center_axis',(1.44829931817919E-31,4.19082355898663E-31,
1.));
#1662=DIRECTION('ref_axis',(4.68559007095175E-16,-1.,-2.2204460492503E-16));
#1663=DIRECTION('center_axis',(-6.52256026967279E-16,2.2204460492503E-16,
-1.));
#1664=DIRECTION('ref_axis',(4.68559007095175E-16,-1.,-2.2204460492503E-16));
#1665=DIRECTION('center_axis',(-1.44829931817919E-31,-4.19082355898663E-31,
-1.));
#1666=DIRECTION('ref_axis',(4.68559007095175E-16,-1.,-2.2204460492503E-16));
#1667=DIRECTION('',(-6.52256026967279E-16,2.2204460492503E-16,-1.));
#1668=DIRECTION('center_axis',(1.44829931817919E-31,4.19082355898663E-31,
1.));
#1669=DIRECTION('ref_axis',(4.68559007095175E-16,-1.,-2.2204460492503E-16));
#1670=DIRECTION('center_axis',(-1.44829931817919E-31,-4.19082355898663E-31,
-1.));
#1671=DIRECTION('ref_axis',(1.,1.12081503406245E-15,-5.23852944873329E-32));
#1672=DIRECTION('center_axis',(-1.44829931817919E-31,-4.19082355898663E-31,
-1.));
#1673=DIRECTION('ref_axis',(4.68559007095175E-16,-1.,-2.2204460492503E-16));
#1674=DIRECTION('center_axis',(-1.44829931817919E-31,-4.19082355898663E-31,
-1.));
#1675=DIRECTION('ref_axis',(4.68559007095175E-16,-1.,-2.2204460492503E-16));
#1676=DIRECTION('center_axis',(-1.44829931817919E-31,-4.19082355898663E-31,
-1.));
#1677=DIRECTION('ref_axis',(4.68559007095175E-16,-1.,-2.2204460492503E-16));
#1678=DIRECTION('center_axis',(-6.52256026967279E-16,2.2204460492503E-16,
-1.));
#1679=DIRECTION('ref_axis',(4.68559007095175E-16,-1.,-2.2204460492503E-16));
#1680=DIRECTION('',(-6.52256026967279E-16,2.2204460492503E-16,-1.));
#1681=DIRECTION('center_axis',(1.44829931817919E-31,4.19082355898663E-31,
1.));
#1682=DIRECTION('ref_axis',(4.68559007095175E-16,-1.,-2.2204460492503E-16));
#1683=DIRECTION('center_axis',(-6.52256026967279E-16,2.2204460492503E-16,
-1.));
#1684=DIRECTION('ref_axis',(4.68559007095175E-16,-1.,-2.2204460492503E-16));
#1685=DIRECTION('',(-6.52256026967279E-16,2.2204460492503E-16,-1.));
#1686=DIRECTION('center_axis',(1.44829931817919E-31,4.19082355898663E-31,
1.));
#1687=DIRECTION('ref_axis',(4.68559007095175E-16,-1.,-2.2204460492503E-16));
#1688=DIRECTION('center_axis',(-6.52256026967279E-16,2.2204460492503E-16,
-1.));
#1689=DIRECTION('ref_axis',(4.68559007095175E-16,-1.,-2.2204460492503E-16));
#1690=DIRECTION('',(-6.52256026967279E-16,2.2204460492503E-16,-1.));
#1691=DIRECTION('center_axis',(1.44829931817919E-31,4.19082355898663E-31,
1.));
#1692=DIRECTION('ref_axis',(4.68559007095175E-16,-1.,-2.2204460492503E-16));
#1693=DIRECTION('center_axis',(1.44829931817919E-31,4.19082355898663E-31,
1.));
#1694=DIRECTION('ref_axis',(-1.,-1.12081503406245E-15,5.23852944873329E-32));
#1695=DIRECTION('center_axis',(-1.59056158472368E-16,8.04014952371025E-31,
-1.));
#1696=DIRECTION('ref_axis',(2.44929359829485E-16,1.,7.65057429299451E-31));
#1697=DIRECTION('center_axis',(-1.59056158472368E-16,8.04014952371025E-31,
-1.));
#1698=DIRECTION('ref_axis',(2.44929359829485E-16,1.,7.65057429299451E-31));
#1699=DIRECTION('',(1.59056158472368E-16,-8.04014952371025E-31,1.));
#1700=DIRECTION('center_axis',(1.59056158472368E-16,-8.04014952371025E-31,
1.));
#1701=DIRECTION('ref_axis',(2.44929359829485E-16,1.,7.65057429299451E-31));
#1702=DIRECTION('center_axis',(-1.59056158472368E-16,8.04014952371025E-31,
-1.));
#1703=DIRECTION('ref_axis',(-1.,2.44929359829485E-16,1.59056158472368E-16));
#1704=DIRECTION('',(-1.,1.76011710866942E-14,1.12915637781366E-16));
#1705=DIRECTION('',(1.77263160684064E-14,1.,-2.01546478533672E-30));
#1706=DIRECTION('',(1.,-1.76011710866942E-14,-1.12915637781366E-16));
#1707=DIRECTION('',(-1.77263160684064E-14,-1.,2.01546478533672E-30));
#1708=DIRECTION('center_axis',(1.,-1.77263160684064E-14,-1.12915637781366E-16));
#1709=DIRECTION('ref_axis',(-1.12915637781357E-16,4.83457236520813E-16,
-1.));
#1710=DIRECTION('',(-1.12915637781357E-16,4.83457236520815E-16,-1.));
#1711=DIRECTION('',(1.77263160684064E-14,1.,5.5511151231261E-16));
#1712=DIRECTION('',(-1.12915637781356E-16,5.55111512312612E-16,-1.));
#1713=DIRECTION('',(-3.1893426775502E-15,-0.17364817766693,-0.984807753012208));
#1714=DIRECTION('',(1.77263160684064E-14,1.,5.5511151231261E-16));
#1715=DIRECTION('',(1.12915637781357E-16,-4.83457236520813E-16,1.));
#1716=DIRECTION('',(-1.77263160684064E-14,-1.,2.01546478533672E-30));
#1717=DIRECTION('',(1.12915637781356E-16,-5.55111512312612E-16,1.));
#1718=DIRECTION('center_axis',(-1.,1.77263160684064E-14,1.12915637781366E-16));
#1719=DIRECTION('ref_axis',(1.12915637781357E-16,-4.83457236520813E-16,
1.));
#1720=DIRECTION('',(-1.12915637781357E-16,4.83457236520813E-16,-1.));
#1721=DIRECTION('',(-1.12915637781357E-16,4.83457236520813E-16,-1.));
#1722=DIRECTION('',(-1.12915637781357E-16,4.83457236520813E-16,-1.));
#1723=DIRECTION('',(1.77263160684064E-14,1.,-2.01546478533672E-30));
#1724=DIRECTION('',(-1.5905615847236E-16,4.83457236520808E-16,-1.));
#1725=DIRECTION('',(1.77263160684064E-14,1.,5.5511151231261E-16));
#1726=DIRECTION('',(3.1893426775502E-15,0.17364817766693,0.984807753012208));
#1727=DIRECTION('',(1.12915637781356E-16,-5.55111512312612E-16,1.));
#1728=DIRECTION('',(1.77263160684064E-14,1.,5.5511151231261E-16));
#1729=DIRECTION('',(-1.12915637781357E-16,4.83457236520813E-16,-1.));
#1730=DIRECTION('center_axis',(1.59056158472368E-16,-8.04014952371025E-31,
1.));
#1731=DIRECTION('ref_axis',(1.,-2.44929359829485E-16,-1.59056158472368E-16));
#1732=DIRECTION('',(1.,-1.76011710866942E-14,-1.12915637781366E-16));
#1733=DIRECTION('',(-1.,1.77263160684064E-14,1.12915637781366E-16));
#1734=DIRECTION('center_axis',(1.76011710866942E-14,1.,4.83457236520805E-16));
#1735=DIRECTION('ref_axis',(1.,-1.76011710866942E-14,-1.12915637781366E-16));
#1736=DIRECTION('',(-1.,1.76011710866942E-14,1.12915637781366E-16));
#1737=DIRECTION('',(-1.12915637781357E-16,4.83457236520813E-16,-1.));
#1738=DIRECTION('',(-1.,1.76011710866942E-14,1.12915637781366E-16));
#1739=DIRECTION('',(1.12915637781357E-16,-4.83457236520813E-16,1.));
#1740=DIRECTION('',(-1.,1.76011710866942E-14,1.12915637781366E-16));
#1741=DIRECTION('',(0.258819045102521,-5.02250212400607E-15,0.965925826289068));
#1742=DIRECTION('',(-0.608761429008721,1.03313616494812E-14,0.793353340291235));
#1743=DIRECTION('',(1.12915637781357E-16,-4.83457236520813E-16,1.));
#1744=DIRECTION('',(0.608761429008721,-1.10984664764447E-14,0.793353340291235));
#1745=DIRECTION('',(-0.258819045102521,4.08853446268249E-15,0.965925826289068));
#1746=DIRECTION('',(-1.,1.76011710866942E-14,1.12915637781366E-16));
#1747=DIRECTION('',(-1.12915637781357E-16,4.83457236520813E-16,-1.));
#1748=DIRECTION('',(-1.,1.76011710866942E-14,1.12915637781366E-16));
#1749=DIRECTION('',(1.12915637781357E-16,-4.83457236520813E-16,1.));
#1750=DIRECTION('',(-1.,1.76011710866942E-14,1.12915637781366E-16));
#1751=DIRECTION('',(1.,-1.76011710866942E-14,-1.12915637781366E-16));
#1752=DIRECTION('',(-0.258819045102521,5.02250212400607E-15,-0.965925826289068));
#1753=DIRECTION('',(0.60876142900872,-1.03313616494812E-14,-0.793353340291235));
#1754=DIRECTION('',(1.12915637781357E-16,-4.83457236520813E-16,1.));
#1755=DIRECTION('',(-0.608761429008721,1.10984664764447E-14,-0.793353340291235));
#1756=DIRECTION('',(0.258819045102521,-4.08853446268249E-15,-0.965925826289068));
#1757=DIRECTION('',(1.,-1.76011710866942E-14,-1.12915637781366E-16));
#1758=DIRECTION('center_axis',(1.75782863317897E-14,1.,5.5511151231261E-16));
#1759=DIRECTION('ref_axis',(1.12915637781362E-16,-5.55111512312612E-16,
1.));
#1760=DIRECTION('',(-0.60876142900872,1.02605831343374E-14,0.793353340291235));
#1761=DIRECTION('',(0.258819045102521,-5.08579182914564E-15,0.965925826289068));
#1762=DIRECTION('',(-1.12915637781356E-16,5.55111512312612E-16,-1.));
#1763=DIRECTION('center_axis',(1.75782863317897E-14,1.,6.66133814775126E-16));
#1764=DIRECTION('ref_axis',(1.12915637781362E-16,-6.66133814775128E-16,
1.));
#1765=DIRECTION('',(0.608761429008721,-1.0172503219832E-14,-0.793353340291235));
#1766=DIRECTION('',(-0.258819045102521,5.19303113838826E-15,-0.965925826289068));
#1767=DIRECTION('',(1.12915637781356E-16,-5.55111512312612E-16,1.));
#1768=DIRECTION('center_axis',(1.75782863317897E-14,1.,4.44089209850094E-16));
#1769=DIRECTION('ref_axis',(1.12915637781364E-16,-4.44089209850096E-16,
1.));
#1770=DIRECTION('',(-0.608761429008721,1.10533023648866E-14,-0.793353340291235));
#1771=DIRECTION('',(1.12915637781356E-16,-5.55111512312612E-16,1.));
#1772=DIRECTION('',(0.258819045102521,-4.12063804596199E-15,-0.965925826289068));
#1773=DIRECTION('center_axis',(1.75782863317897E-14,1.,8.88178419700157E-16));
#1774=DIRECTION('ref_axis',(1.12915637781361E-16,-8.88178419700159E-16,
1.));
#1775=DIRECTION('',(0.608761429008721,-1.14056220229085E-14,0.793353340291235));
#1776=DIRECTION('',(-1.12915637781356E-16,5.55111512312612E-16,-1.));
#1777=DIRECTION('',(-0.258819045102521,3.69168080899151E-15,0.965925826289068));
#1778=DIRECTION('center_axis',(0.793353340291235,-1.4401162541423E-14,0.608761429008721));
#1779=DIRECTION('ref_axis',(0.60876142900872,-3.13134001098576E-15,-0.793353340291235));
#1780=DIRECTION('',(-1.75782863317897E-14,-1.,-7.48027621006485E-16));
#1781=DIRECTION('',(0.60876142900872,-1.0350697928336E-14,-0.793353340291235));
#1782=DIRECTION('',(-1.77263160684064E-14,-1.,-5.5511151231261E-16));
#1783=DIRECTION('',(-1.77263160684064E-14,-1.,-5.5511151231261E-16));
#1784=DIRECTION('center_axis',(-0.793353340291235,1.4401162541423E-14,-0.608761429008721));
#1785=DIRECTION('ref_axis',(-0.608761429008721,3.13134001098576E-15,0.793353340291235));
#1786=DIRECTION('',(-1.75782863317897E-14,-1.,-7.48027621006487E-16));
#1787=DIRECTION('',(-0.608761429008721,1.0350697928336E-14,0.793353340291235));
#1788=DIRECTION('',(-1.77263160684064E-14,-1.,-5.55111512312609E-16));
#1789=DIRECTION('',(-1.77263160684064E-14,-1.,-5.5511151231261E-16));
#1790=DIRECTION('center_axis',(-0.965925826289068,1.72659799269788E-14,
-0.258819045102521));
#1791=DIRECTION('ref_axis',(-0.258819045102521,4.12336592758908E-15,0.965925826289068));
#1792=DIRECTION('',(1.77263160684064E-14,1.,5.5511151231261E-16));
#1793=DIRECTION('',(1.77263160684064E-14,1.,5.5511151231261E-16));
#1794=DIRECTION('center_axis',(-0.793353340291235,1.37253015864338E-14,
0.608761429008721));
#1795=DIRECTION('ref_axis',(0.608761429008721,-3.13134001098581E-15,0.793353340291235));
#1796=DIRECTION('',(1.77263160684064E-14,1.,5.5511151231261E-16));
#1797=DIRECTION('',(0.608761429008721,-1.12314970733907E-14,0.793353340291235));
#1798=DIRECTION('',(1.75782863317897E-14,1.,3.62195403618732E-16));
#1799=DIRECTION('center_axis',(0.965925826289068,-1.72659799269788E-14,
0.258819045102521));
#1800=DIRECTION('ref_axis',(0.258819045102521,-4.12336592758908E-15,-0.965925826289068));
#1801=DIRECTION('',(1.77263160684064E-14,1.,5.5511151231261E-16));
#1802=DIRECTION('',(1.77263160684064E-14,1.,5.5511151231261E-16));
#1803=DIRECTION('center_axis',(0.793353340291235,-1.37253015864338E-14,
-0.60876142900872));
#1804=DIRECTION('ref_axis',(-0.608761429008721,3.13134001098581E-15,-0.793353340291235));
#1805=DIRECTION('',(1.77263160684064E-14,1.,5.55111512312612E-16));
#1806=DIRECTION('',(-0.608761429008721,1.12314970733907E-14,-0.793353340291235));
#1807=DIRECTION('',(1.75782863317897E-14,1.,3.62195403618734E-16));
#1808=DIRECTION('center_axis',(-1.77263160684064E-14,-1.,-5.5511151231261E-16));
#1809=DIRECTION('ref_axis',(1.12915637781356E-16,-5.55111512312612E-16,
1.));
#1810=DIRECTION('',(1.12915637781356E-16,-5.55111512312612E-16,1.));
#1811=DIRECTION('center_axis',(1.,-1.77263160684064E-14,-1.12915637781366E-16));
#1812=DIRECTION('ref_axis',(-1.12915637781357E-16,4.83457236520813E-16,
-1.));
#1813=DIRECTION('',(-1.12915637781357E-16,4.83457236520813E-16,-1.));
#1814=DIRECTION('center_axis',(-1.77263160684064E-14,-1.,-5.5511151231261E-16));
#1815=DIRECTION('ref_axis',(-1.12915637781362E-16,5.55111512312612E-16,
-1.));
#1816=DIRECTION('center_axis',(1.,-1.77263160684064E-14,-1.12915637781366E-16));
#1817=DIRECTION('ref_axis',(-1.12915637781357E-16,4.83457236520813E-16,
-1.));
#1818=DIRECTION('',(1.12915637781357E-16,-4.83457236520813E-16,1.));
#1819=DIRECTION('',(1.12915637781357E-16,-4.83457236520813E-16,1.));
#1820=DIRECTION('',(1.77263160684064E-14,1.,5.5511151231261E-16));
#1821=DIRECTION('',(1.77263160684064E-14,1.,5.5511151231261E-16));
#1822=DIRECTION('',(-1.12915637781356E-16,5.55111512312612E-16,-1.));
#1823=DIRECTION('',(-3.1893426775502E-15,-0.17364817766693,-0.984807753012208));
#1824=DIRECTION('',(1.77263160684064E-14,1.,5.5511151231261E-16));
#1825=DIRECTION('',(1.77263160684064E-14,1.,5.5511151231261E-16));
#1826=DIRECTION('',(1.12915637781357E-16,-4.83457236520813E-16,1.));
#1827=DIRECTION('center_axis',(-1.77263160684064E-14,-1.,-5.5511151231261E-16));
#1828=DIRECTION('ref_axis',(-1.12915637781362E-16,5.55111512312612E-16,
-1.));
#1829=DIRECTION('',(1.12915637781357E-16,-4.83457236520813E-16,1.));
#1830=DIRECTION('',(1.,-1.76011710866942E-14,-1.12915637781366E-16));
#1831=DIRECTION('',(-1.12915637781356E-16,5.55111512312612E-16,-1.));
#1832=DIRECTION('',(-1.,1.76011710866942E-14,1.12915637781366E-16));
#1833=DIRECTION('center_axis',(-1.,1.77263160684064E-14,1.12915637781366E-16));
#1834=DIRECTION('ref_axis',(1.12915637781357E-16,-4.83457236520813E-16,
1.));
#1835=DIRECTION('center_axis',(-1.77263160684064E-14,-1.,-5.5511151231261E-16));
#1836=DIRECTION('ref_axis',(1.12915637781356E-16,-5.55111512312612E-16,
1.));
#1837=DIRECTION('',(-1.12915637781356E-16,5.55111512312612E-16,-1.));
#1838=DIRECTION('center_axis',(-0.965925826289068,1.69786330638945E-14,
0.258819045102521));
#1839=DIRECTION('ref_axis',(0.258819045102521,-5.05245046843175E-15,0.965925826289068));
#1840=DIRECTION('',(1.77263160684064E-14,1.,5.5511151231261E-16));
#1841=DIRECTION('center_axis',(-1.,1.77263160684064E-14,1.12915637781367E-16));
#1842=DIRECTION('ref_axis',(-1.77263160684064E-14,-1.,-5.5511151231261E-16));
#1843=DIRECTION('',(1.77263160684064E-14,1.,5.5511151231261E-16));
#1844=DIRECTION('',(1.77263160684064E-14,1.,5.5511151231261E-16));
#1845=DIRECTION('',(-1.12915637781356E-16,5.55111512312612E-16,-1.));
#1846=DIRECTION('',(-3.1893426775502E-15,-0.17364817766693,-0.984807753012208));
#1847=DIRECTION('center_axis',(1.74374059017807E-14,0.984807753012208,-0.17364817766693));
#1848=DIRECTION('ref_axis',(-3.1893426775502E-15,-0.17364817766693,-0.984807753012208));
#1849=DIRECTION('',(-1.,1.77263160684064E-14,1.12915637781366E-16));
#1850=DIRECTION('',(1.,-1.77263160684064E-14,-1.12915637781366E-16));
#1851=DIRECTION('center_axis',(1.74374059017807E-14,0.984807753012208,-0.17364817766693));
#1852=DIRECTION('ref_axis',(-3.1893426775502E-15,-0.17364817766693,-0.984807753012208));
#1853=DIRECTION('',(-1.,1.77263160684064E-14,1.12915637781366E-16));
#1854=DIRECTION('',(1.,-1.77263160684064E-14,-1.12915637781366E-16));
#1855=DIRECTION('',(3.1893426775502E-15,0.17364817766693,0.984807753012208));
#1856=DIRECTION('center_axis',(1.,-1.77263160684064E-14,-1.12915637781366E-16));
#1857=DIRECTION('ref_axis',(1.77263160684064E-14,1.,5.5511151231261E-16));
#1858=DIRECTION('',(1.77263160684064E-14,1.,5.5511151231261E-16));
#1859=DIRECTION('',(1.12915637781356E-16,-5.55111512312612E-16,1.));
#1860=DIRECTION('',(1.77263160684064E-14,1.,5.5511151231261E-16));
#1861=DIRECTION('center_axis',(1.74374059017807E-14,0.984807753012208,-0.17364817766693));
#1862=DIRECTION('ref_axis',(-3.1893426775502E-15,-0.17364817766693,-0.984807753012208));
#1863=DIRECTION('',(-1.,1.77263160684064E-14,1.12915637781366E-16));
#1864=DIRECTION('',(1.,-1.77263160684064E-14,-1.12915637781366E-16));
#1865=DIRECTION('',(3.1893426775502E-15,0.17364817766693,0.984807753012208));
#1866=DIRECTION('center_axis',(-1.,1.77263160684064E-14,1.12915637781366E-16));
#1867=DIRECTION('ref_axis',(1.12915637781357E-16,-4.83457236520813E-16,
1.));
#1868=DIRECTION('',(1.77263160684064E-14,1.,5.5511151231261E-16));
#1869=DIRECTION('',(1.12915637781356E-16,-5.55111512312612E-16,1.));
#1870=DIRECTION('',(1.77263160684064E-14,1.,5.5511151231261E-16));
#1871=DIRECTION('',(1.77263160684064E-14,1.,5.5511151231261E-16));
#1872=DIRECTION('',(1.77263160684064E-14,1.,5.5511151231261E-16));
#1873=DIRECTION('center_axis',(-1.77263160684064E-14,-1.,-5.5511151231261E-16));
#1874=DIRECTION('ref_axis',(1.12915637781356E-16,-5.55111512312612E-16,
1.));
#1875=DIRECTION('',(-1.,1.77263160684064E-14,1.12915637781366E-16));
#1876=DIRECTION('center_axis',(-1.77263160684064E-14,-1.,-5.5511151231261E-16));
#1877=DIRECTION('ref_axis',(1.12915637781356E-16,-5.55111512312612E-16,
1.));
#1878=DIRECTION('',(-1.,1.77263160684064E-14,1.12915637781366E-16));
#1879=DIRECTION('center_axis',(-1.77263160684064E-14,-1.,-5.5511151231261E-16));
#1880=DIRECTION('ref_axis',(1.12915637781356E-16,-5.55111512312612E-16,
1.));
#1881=DIRECTION('',(-1.,1.77263160684064E-14,1.12915637781366E-16));
#1882=DIRECTION('center_axis',(1.12915637781357E-16,-5.55111512312612E-16,
1.));
#1883=DIRECTION('ref_axis',(1.,-1.76011710866942E-14,-1.12915637781366E-16));
#1884=DIRECTION('center_axis',(1.12915637781357E-16,-5.55111512312612E-16,
1.));
#1885=DIRECTION('ref_axis',(1.,-1.76011710866942E-14,-1.12915637781366E-16));
#1886=DIRECTION('center_axis',(1.12915637781357E-16,-5.55111512312612E-16,
1.));
#1887=DIRECTION('ref_axis',(1.,-1.76011710866942E-14,-1.12915637781366E-16));
#1888=DIRECTION('center_axis',(1.12915637781357E-16,-5.55111512312612E-16,
1.));
#1889=DIRECTION('ref_axis',(1.,-1.76011710866942E-14,-1.12915637781366E-16));
#1890=DIRECTION('center_axis',(0.965925826289068,-1.69786330638945E-14,
-0.258819045102521));
#1891=DIRECTION('ref_axis',(-0.258819045102521,5.05245046843175E-15,-0.965925826289068));
#1892=DIRECTION('',(1.77263160684064E-14,1.,5.5511151231261E-16));
#1893=DIRECTION('center_axis',(-1.12915637781357E-16,5.55111512312612E-16,
-1.));
#1894=DIRECTION('ref_axis',(-1.,1.76011710866942E-14,1.12915637781366E-16));
#1895=DIRECTION('center_axis',(-1.12915637781357E-16,5.55111512312612E-16,
-1.));
#1896=DIRECTION('ref_axis',(-1.,1.76011710866942E-14,1.12915637781366E-16));
#1897=DIRECTION('center_axis',(-1.12915637781357E-16,5.55111512312612E-16,
-1.));
#1898=DIRECTION('ref_axis',(-1.,1.76011710866942E-14,1.12915637781366E-16));
#1899=DIRECTION('center_axis',(-1.12915637781357E-16,5.55111512312612E-16,
-1.));
#1900=DIRECTION('ref_axis',(-1.,1.76011710866942E-14,1.12915637781366E-16));
#1901=CARTESIAN_POINT('',(0.,0.,0.));
#1902=CARTESIAN_POINT('Origin',(8.07500000000011,-143.225,50.76));
#1903=CARTESIAN_POINT('',(8.82500000000011,-169.475,51.51));
#1904=CARTESIAN_POINT('',(7.32500000000011,-169.475,50.01));
#1905=CARTESIAN_POINT('',(10.3250000000001,-169.475,53.01));
#1906=CARTESIAN_POINT('',(8.82500000000011,-134.475,51.51));
#1907=CARTESIAN_POINT('',(8.82500000000011,-143.225,51.51));
#1908=CARTESIAN_POINT('',(7.32500000000013,-134.475,50.01));
#1909=CARTESIAN_POINT('',(7.32500000000013,-134.475,50.01));
#1910=CARTESIAN_POINT('',(7.32500000000011,-143.225,50.01));
#1911=CARTESIAN_POINT('Origin',(17.8250000000001,-134.475,50.76));
#1912=CARTESIAN_POINT('',(27.8961299793752,-131.504757427661,50.01));
#1913=CARTESIAN_POINT('',(26.4573971251788,-131.929077795138,51.51));
#1914=CARTESIAN_POINT('',(27.8961299793752,-131.504757427661,50.01));
#1915=CARTESIAN_POINT('Origin',(17.8250000000001,-134.475,50.01));
#1916=CARTESIAN_POINT('Origin',(17.8250000000001,-134.475,51.51));
#1917=CARTESIAN_POINT('Origin',(27.176763552277,-131.7169176114,50.76));
#1918=CARTESIAN_POINT('',(37.3250000000001,-163.475,50.01));
#1919=CARTESIAN_POINT('',(37.3250000000001,-168.777597217708,51.51));
#1920=CARTESIAN_POINT('',(37.3250000000001,-148.674252757532,45.8231609940953));
#1921=CARTESIAN_POINT('',(27.8961299793752,-131.504757427661,50.01));
#1922=CARTESIAN_POINT('',(26.4573971251788,-131.929077795138,51.51));
#1923=CARTESIAN_POINT('Origin',(17.8250000000001,-134.475,51.51));
#1924=CARTESIAN_POINT('',(37.3250000000001,-169.475,51.51));
#1925=CARTESIAN_POINT('',(17.8250000000001,-169.475,51.51));
#1926=CARTESIAN_POINT('',(37.3250000000001,-169.475,51.51));
#1927=CARTESIAN_POINT('',(18.0000000000001,-130.475,51.51));
#1928=CARTESIAN_POINT('Origin',(18.0000000000002,-134.475,51.51));
#1929=CARTESIAN_POINT('',(11.3250000000001,-166.475,51.51));
#1930=CARTESIAN_POINT('Origin',(12.8250000000001,-166.475,51.51));
#1931=CARTESIAN_POINT('',(31.3250000000001,-166.475,51.51));
#1932=CARTESIAN_POINT('Origin',(32.8250000000001,-166.475,51.51));
#1933=CARTESIAN_POINT('Origin',(37.3250000000001,-163.475,48.51));
#1934=CARTESIAN_POINT('',(37.3250000000001,-169.475,48.51));
#1935=CARTESIAN_POINT('',(37.3250000000001,-169.475,48.51));
#1936=CARTESIAN_POINT('',(37.3250000000001,-163.475,48.51));
#1937=CARTESIAN_POINT('',(37.3250000000001,-169.475,48.51));
#1938=CARTESIAN_POINT('',(37.3250000000001,-163.475,48.51));
#1939=CARTESIAN_POINT('Origin',(32.8250000000001,-166.475,48.51));
#1940=CARTESIAN_POINT('',(31.3250000000001,-166.475,48.51));
#1941=CARTESIAN_POINT('',(31.3250000000001,-166.475,48.51));
#1942=CARTESIAN_POINT('Origin',(32.8250000000001,-166.475,48.51));
#1943=CARTESIAN_POINT('Origin',(27.8961299793752,-131.504757427662,48.51));
#1944=CARTESIAN_POINT('',(27.8961299793752,-131.504757427662,48.51));
#1945=CARTESIAN_POINT('',(37.3250000000001,-163.475,48.51));
#1946=CARTESIAN_POINT('',(27.8961299793752,-131.504757427661,50.01));
#1947=CARTESIAN_POINT('Origin',(17.8250000000001,-134.475,50.01));
#1948=CARTESIAN_POINT('',(7.32500000000011,-134.475,48.51));
#1949=CARTESIAN_POINT('Origin',(17.8250000000001,-134.475,48.51));
#1950=CARTESIAN_POINT('',(7.32500000000013,-134.475,50.01));
#1951=CARTESIAN_POINT('Origin',(12.8250000000001,-166.475,-11.49));
#1952=CARTESIAN_POINT('',(11.3250000000001,-166.475,48.51));
#1953=CARTESIAN_POINT('Origin',(12.8250000000001,-166.475,48.51));
#1954=CARTESIAN_POINT('',(11.3250000000001,-166.475,-11.49));
#1955=CARTESIAN_POINT('Origin',(7.32500000000011,-151.975,50.01));
#1956=CARTESIAN_POINT('',(7.32500000000011,-169.475,48.51));
#1957=CARTESIAN_POINT('',(7.32500000000011,-151.975,48.51));
#1958=CARTESIAN_POINT('',(7.32500000000011,-169.475,50.01));
#1959=CARTESIAN_POINT('Origin',(17.8250000000001,-169.475,50.01));
#1960=CARTESIAN_POINT('',(17.8250000000001,-169.475,48.51));
#1961=CARTESIAN_POINT('Origin',(18.0000000000001,-134.475,48.51));
#1962=CARTESIAN_POINT('',(18.0000000000001,-130.475,48.51));
#1963=CARTESIAN_POINT('',(18.0000000000001,-130.475,48.51));
#1964=CARTESIAN_POINT('Origin',(18.0000000000001,-134.475,48.51));
#1965=CARTESIAN_POINT('Origin',(17.8250000000001,-134.475,48.51));
#1966=CARTESIAN_POINT('Origin',(27.176763552277,-131.7169176114,-10.74));
#1967=CARTESIAN_POINT('',(37.3250000000001,-168.777597217708,-11.49));
#1968=CARTESIAN_POINT('',(37.3250000000001,-163.475,-9.99000000000004));
#1969=CARTESIAN_POINT('',(37.3250000000001,-149.067134262553,-5.91429941048574));
#1970=CARTESIAN_POINT('',(26.4573971251788,-131.929077795138,-11.49));
#1971=CARTESIAN_POINT('',(26.4573971251788,-131.929077795138,-11.49));
#1972=CARTESIAN_POINT('',(27.8961299793752,-131.504757427661,-9.99000000000004));
#1973=CARTESIAN_POINT('',(27.8961299793752,-131.504757427661,-9.99000000000004));
#1974=CARTESIAN_POINT('',(27.8961299793752,-131.504757427661,-9.99000000000004));
#1975=CARTESIAN_POINT('Origin',(17.8250000000001,-134.475,-10.74));
#1976=CARTESIAN_POINT('',(7.32500000000013,-134.475,-9.99000000000004));
#1977=CARTESIAN_POINT('',(8.82500000000013,-134.475,-11.49));
#1978=CARTESIAN_POINT('',(7.32500000000013,-134.475,-9.99000000000004));
#1979=CARTESIAN_POINT('Origin',(17.8250000000001,-134.475,-9.99000000000004));
#1980=CARTESIAN_POINT('Origin',(17.8250000000001,-134.475,-11.49));
#1981=CARTESIAN_POINT('Origin',(8.07500000000011,-143.225,-10.74));
#1982=CARTESIAN_POINT('',(7.32500000000011,-169.475,-9.99000000000004));
#1983=CARTESIAN_POINT('',(8.82500000000011,-169.475,-11.49));
#1984=CARTESIAN_POINT('',(10.3250000000001,-169.475,-12.99));
#1985=CARTESIAN_POINT('',(7.32500000000011,-143.225,-9.99000000000004));
#1986=CARTESIAN_POINT('',(8.82500000000011,-143.225,-11.49));
#1987=CARTESIAN_POINT('Origin',(7.32500000000011,-151.975,-9.99000000000004));
#1988=CARTESIAN_POINT('',(7.32500000000011,-169.475,-8.49000000000004));
#1989=CARTESIAN_POINT('',(7.32500000000011,-169.475,-9.99000000000004));
#1990=CARTESIAN_POINT('',(7.32500000000011,-134.475,-8.49000000000004));
#1991=CARTESIAN_POINT('',(7.32500000000011,-151.975,-8.49000000000004));
#1992=CARTESIAN_POINT('',(7.32500000000013,-134.475,-9.99000000000003));
#1993=CARTESIAN_POINT('Origin',(17.8250000000001,-134.475,-9.99000000000003));
#1994=CARTESIAN_POINT('',(27.8961299793752,-131.504757427662,-8.49000000000004));
#1995=CARTESIAN_POINT('Origin',(17.8250000000001,-134.475,-8.49000000000002));
#1996=CARTESIAN_POINT('',(27.8961299793752,-131.504757427661,-9.99000000000003));
#1997=CARTESIAN_POINT('Origin',(27.8961299793752,-131.504757427662,-11.49));
#1998=CARTESIAN_POINT('',(37.3250000000001,-163.475,-8.49000000000004));
#1999=CARTESIAN_POINT('',(37.3250000000001,-163.475,-8.49000000000004));
#2000=CARTESIAN_POINT('',(37.3250000000001,-163.475,-11.49));
#2001=CARTESIAN_POINT('Origin',(37.3250000000001,-163.475,-11.49));
#2002=CARTESIAN_POINT('',(37.3250000000001,-169.475,-8.49000000000004));
#2003=CARTESIAN_POINT('',(37.3250000000001,-169.475,-8.49000000000004));
#2004=CARTESIAN_POINT('',(37.3250000000001,-169.475,-11.49));
#2005=CARTESIAN_POINT('',(37.3250000000001,-169.475,-11.49));
#2006=CARTESIAN_POINT('',(37.3250000000001,-169.475,-11.49));
#2007=CARTESIAN_POINT('Origin',(32.8250000000001,-166.475,-11.49));
#2008=CARTESIAN_POINT('',(31.3250000000001,-166.475,-8.49000000000004));
#2009=CARTESIAN_POINT('Origin',(32.8250000000001,-166.475,-8.49000000000004));
#2010=CARTESIAN_POINT('',(31.3250000000001,-166.475,-11.49));
#2011=CARTESIAN_POINT('',(31.3250000000001,-166.475,-11.49));
#2012=CARTESIAN_POINT('Origin',(32.8250000000001,-166.475,-11.49));
#2013=CARTESIAN_POINT('Origin',(12.8250000000001,-166.475,-11.49));
#2014=CARTESIAN_POINT('',(11.3250000000001,-166.475,-11.49));
#2015=CARTESIAN_POINT('Origin',(12.8250000000001,-166.475,-11.49));
#2016=CARTESIAN_POINT('',(11.3250000000001,-166.475,-8.49000000000002));
#2017=CARTESIAN_POINT('',(11.3250000000001,-166.475,-11.49));
#2018=CARTESIAN_POINT('Origin',(12.8250000000001,-166.475,-8.49000000000002));
#2019=CARTESIAN_POINT('Origin',(17.8250000000001,-169.475,-9.99000000000004));
#2020=CARTESIAN_POINT('',(17.8250000000001,-169.475,-11.49));
#2021=CARTESIAN_POINT('',(17.8250000000001,-169.475,-8.49000000000004));
#2022=CARTESIAN_POINT('Origin',(18.0000000000001,-134.475,-11.49));
#2023=CARTESIAN_POINT('',(18.0000000000001,-130.775,-8.49000000000002));
#2024=CARTESIAN_POINT('Origin',(18.0000000000001,-134.475,-8.49000000000002));
#2025=CARTESIAN_POINT('',(18.0000000000001,-130.775,-11.49));
#2026=CARTESIAN_POINT('',(18.0000000000001,-130.775,-11.49));
#2027=CARTESIAN_POINT('Origin',(18.0000000000001,-134.475,-11.49));
#2028=CARTESIAN_POINT('Origin',(25.0000000000001,-134.475,-11.49));
#2029=CARTESIAN_POINT('',(25.0000000000002,-132.575,-8.49000000000003));
#2030=CARTESIAN_POINT('Origin',(25.0000000000002,-134.475,-8.49000000000004));
#2031=CARTESIAN_POINT('',(25.0000000000001,-132.575,-11.49));
#2032=CARTESIAN_POINT('',(25.0000000000001,-132.575,-11.49));
#2033=CARTESIAN_POINT('Origin',(25.0000000000001,-134.475,-11.49));
#2034=CARTESIAN_POINT('Origin',(17.8250000000001,-134.475,-8.49000000000002));
#2035=CARTESIAN_POINT('',(11.0000000000002,-132.575,-8.49000000000001));
#2036=CARTESIAN_POINT('Origin',(11.0000000000002,-134.475,-8.49000000000001));
#2037=CARTESIAN_POINT('',(18.0000000000001,-139.575,-8.49000000000002));
#2038=CARTESIAN_POINT('Origin',(18.0000000000002,-141.475,-8.49000000000002));
#2039=CARTESIAN_POINT('',(18.0000000000001,-125.575,-8.49000000000003));
#2040=CARTESIAN_POINT('Origin',(18.0000000000001,-127.475,-8.49000000000003));
#2041=CARTESIAN_POINT('Origin',(18.0000000000001,-127.475,-11.49));
#2042=CARTESIAN_POINT('',(18.0000000000001,-125.575,-11.49));
#2043=CARTESIAN_POINT('',(18.0000000000001,-125.575,-11.49));
#2044=CARTESIAN_POINT('Origin',(18.0000000000001,-127.475,-11.49));
#2045=CARTESIAN_POINT('Origin',(11.0000000000002,-134.475,-11.49));
#2046=CARTESIAN_POINT('',(11.0000000000002,-132.575,-11.49));
#2047=CARTESIAN_POINT('',(11.0000000000002,-132.575,-11.49));
#2048=CARTESIAN_POINT('Origin',(11.0000000000002,-134.475,-11.49));
#2049=CARTESIAN_POINT('Origin',(18.0000000000002,-141.475,-11.49));
#2050=CARTESIAN_POINT('',(18.0000000000001,-139.575,-11.49));
#2051=CARTESIAN_POINT('',(18.0000000000002,-139.575,-11.49));
#2052=CARTESIAN_POINT('Origin',(18.0000000000002,-141.475,-11.49));
#2053=CARTESIAN_POINT('Origin',(17.8250000000001,-134.475,-11.49));
#2054=CARTESIAN_POINT('Origin',(23.8235790394214,-166.475,36.01));
#2055=CARTESIAN_POINT('',(23.8235790394214,-167.875,-8.49000000000004));
#2056=CARTESIAN_POINT('Origin',(23.8235790394214,-166.475,-8.49000000000004));
#2057=CARTESIAN_POINT('',(23.8235790394214,-167.875,48.5104));
#2058=CARTESIAN_POINT('',(23.8235790394214,-167.875,36.01));
#2059=CARTESIAN_POINT('Origin',(23.8235790394214,-166.475,48.5104));
#2060=CARTESIAN_POINT('Origin',(38.0735790394214,-169.475,48.5104));
#2061=CARTESIAN_POINT('',(38.0735790394214,-169.475,48.5104));
#2062=CARTESIAN_POINT('',(8.07593342867658,-169.474999999999,48.5104));
#2063=CARTESIAN_POINT('',(68.9785334286766,-169.475,48.5103999999999));
#2064=CARTESIAN_POINT('',(38.0735790394215,-161.7002,48.5104));
#2065=CARTESIAN_POINT('',(38.0735790394214,-169.475,48.5104));
#2066=CARTESIAN_POINT('',(8.07593342867671,-161.700199999999,48.5104));
#2067=CARTESIAN_POINT('',(68.9785334286767,-161.7002,48.5104));
#2068=CARTESIAN_POINT('',(8.07593342867658,-169.474999999999,48.5104));
#2069=CARTESIAN_POINT('Origin',(38.0735790394214,-169.475,-6.49000000000004));
#2070=CARTESIAN_POINT('',(38.0735790394214,-169.475,66.0748));
#2071=CARTESIAN_POINT('',(38.0735790394214,-169.475,66.0748));
#2072=CARTESIAN_POINT('',(38.0735790394216,-156.517,66.0748000000002));
#2073=CARTESIAN_POINT('',(38.0735790394214,-169.475,66.0748));
#2074=CARTESIAN_POINT('',(38.0735790394216,-156.517,-7.06283383695937));
#2075=CARTESIAN_POINT('',(38.0735790394216,-156.517,14.8907000000002));
#2076=CARTESIAN_POINT('',(38.0735790394215,-161.671137475928,-36.2933999999998));
#2077=CARTESIAN_POINT('',(38.0735790394216,-155.101691419577,0.963779984342946));
#2078=CARTESIAN_POINT('',(38.0735790394214,-169.475,-36.2933999999998));
#2079=CARTESIAN_POINT('',(38.0735790394214,-169.475,-36.2933999999998));
#2080=CARTESIAN_POINT('',(38.0735790394214,-169.475,-8.49000000000004));
#2081=CARTESIAN_POINT('',(38.0735790394214,-169.475,-36.2933999999998));
#2082=CARTESIAN_POINT('',(38.0735790394215,-161.7002,-8.49000000000004));
#2083=CARTESIAN_POINT('',(38.0735790394214,-169.475,-8.49000000000004));
#2084=CARTESIAN_POINT('',(38.0735790394215,-161.7002,14.8907000000001));
#2085=CARTESIAN_POINT('Origin',(8.07593342867656,-169.474999999999,-47.9556));
#2086=CARTESIAN_POINT('',(8.0759334286767,-161.700199999999,16.9741733790176));
#2087=CARTESIAN_POINT('',(8.07593342867669,-161.700199999999,-47.9556));
#2088=CARTESIAN_POINT('',(8.0759334286767,-161.700199999999,12.8072266209824));
#2089=CARTESIAN_POINT('',(8.07593342867669,-161.700199999999,-47.9556));
#2090=CARTESIAN_POINT('',(8.0759334286767,-161.700199999999,-8.49000000000004));
#2091=CARTESIAN_POINT('',(8.07593342867669,-161.700199999999,-47.9556));
#2092=CARTESIAN_POINT('',(8.07593342867656,-169.474999999999,-8.49000000000004));
#2093=CARTESIAN_POINT('',(8.07593342867656,-169.474999999999,-8.49000000000004));
#2094=CARTESIAN_POINT('',(8.07593342867656,-169.474999999999,-47.9556));
#2095=CARTESIAN_POINT('',(8.07593342867656,-169.474999999999,4.20034999999996));
#2096=CARTESIAN_POINT('',(8.07593342867669,-161.671137475927,-47.9556));
#2097=CARTESIAN_POINT('',(8.07593342867656,-169.474999999999,-47.9556));
#2098=CARTESIAN_POINT('',(8.07593342867678,-156.516999999999,-18.7250338369596));
#2099=CARTESIAN_POINT('',(8.07593342867682,-155.101691419576,-10.6984200156573));
#2100=CARTESIAN_POINT('',(8.07593342867679,-156.516999999999,77.737));
#2101=CARTESIAN_POINT('',(8.07593342867679,-156.516999999999,3.22849999999996));
#2102=CARTESIAN_POINT('',(8.07593342867658,-169.474999999999,77.737));
#2103=CARTESIAN_POINT('',(8.07593342867658,-169.474999999999,77.737));
#2104=CARTESIAN_POINT('',(8.07593342867658,-169.474999999999,77.737));
#2105=CARTESIAN_POINT('Origin',(8.07593342867656,-169.474999999999,-8.49000000000004));
#2106=CARTESIAN_POINT('',(18.7662834286766,-169.475,-8.49000000000004));
#2107=CARTESIAN_POINT('',(18.7662834286767,-161.7002,-8.49000000000004));
#2108=CARTESIAN_POINT('Origin',(29.4566334286766,-169.475,14.8907));
#2109=CARTESIAN_POINT('',(43.2567790394214,-169.475,-36.2933999999998));
#2110=CARTESIAN_POINT('',(43.2567790394214,-169.475,-36.2933999999998));
#2111=CARTESIAN_POINT('',(43.2567790394214,-169.475,-6.49000000000004));
#2112=CARTESIAN_POINT('',(43.2567790394214,-169.475,-6.48999999999984));
#2113=CARTESIAN_POINT('',(50.8373334286766,-169.475,-6.49000000000005));
#2114=CARTESIAN_POINT('',(68.9785334286766,-169.475,-6.49000000000005));
#2115=CARTESIAN_POINT('',(50.8373334286765,-169.475,-47.9556000000001));
#2116=CARTESIAN_POINT('',(50.8373334286765,-169.475,-47.9556000000001));
#2117=CARTESIAN_POINT('',(56.0205334286766,-169.475,-47.9556000000001));
#2118=CARTESIAN_POINT('',(68.9785334286766,-169.475,-47.9556000000001));
#2119=CARTESIAN_POINT('',(66.7464493334668,-169.475,-7.92593688561186));
#2120=CARTESIAN_POINT('',(62.5525882801336,-169.475,-23.5776394165356));
#2121=CARTESIAN_POINT('',(50.8373334286765,-169.475,12.8072266209823));
#2122=CARTESIAN_POINT('',(51.5658152252839,-169.475,11.8578506599907));
#2123=CARTESIAN_POINT('',(50.8373334286766,-169.475,16.9741733790176));
#2124=CARTESIAN_POINT('',(50.8373334286765,-169.475,-47.9556000000001));
#2125=CARTESIAN_POINT('',(66.7464493334668,-169.475,37.7073368856118));
#2126=CARTESIAN_POINT('',(51.5658152252839,-169.475,17.9235493400092));
#2127=CARTESIAN_POINT('',(56.0205334286766,-169.475,77.7369999999999));
#2128=CARTESIAN_POINT('',(69.5955203716544,-169.475,27.0744590167226));
#2129=CARTESIAN_POINT('',(50.8373334286766,-169.475,77.7369999999999));
#2130=CARTESIAN_POINT('',(68.9785334286766,-169.475,77.7369999999999));
#2131=CARTESIAN_POINT('',(50.8373334286766,-169.475,36.2714));
#2132=CARTESIAN_POINT('',(50.8373334286766,-169.475,77.7369999999999));
#2133=CARTESIAN_POINT('',(43.2567790394214,-169.475,36.2714));
#2134=CARTESIAN_POINT('',(68.9785334286766,-169.475,36.2714));
#2135=CARTESIAN_POINT('',(43.2567790394214,-169.475,66.0748));
#2136=CARTESIAN_POINT('',(43.2567790394214,-169.475,36.2714));
#2137=CARTESIAN_POINT('',(43.2567790394214,-169.475,66.0748));
#2138=CARTESIAN_POINT('',(2.89273342867657,-169.474999999999,77.737));
#2139=CARTESIAN_POINT('',(-10.0652665713234,-169.474999999999,77.737));
#2140=CARTESIAN_POINT('',(-7.83318247611366,-169.474999999999,37.7073368856118));
#2141=CARTESIAN_POINT('',(-3.63932142278049,-169.474999999999,53.3590394165355));
#2142=CARTESIAN_POINT('',(8.07593342867657,-169.474999999999,16.9741733790176));
#2143=CARTESIAN_POINT('',(7.34745163206925,-169.474999999999,17.9235493400092));
#2144=CARTESIAN_POINT('',(8.07593342867657,-169.474999999999,12.8072266209824));
#2145=CARTESIAN_POINT('',(8.07593342867656,-169.474999999999,-47.9556));
#2146=CARTESIAN_POINT('',(-7.83318247611366,-169.474999999999,-7.92593688561185));
#2147=CARTESIAN_POINT('',(7.34745163206924,-169.474999999999,11.8578506599907));
#2148=CARTESIAN_POINT('',(2.89273342867655,-169.474999999999,-47.9556000000001));
#2149=CARTESIAN_POINT('',(-10.6822535143013,-169.474999999999,2.70694098327732));
#2150=CARTESIAN_POINT('',(-10.0652665713235,-169.474999999999,-47.9556));
#2151=CARTESIAN_POINT('Origin',(29.4566334286766,-168.1792,14.8907));
#2152=CARTESIAN_POINT('',(2.89273342867658,-168.179199999999,23.7290511315281));
#2153=CARTESIAN_POINT('',(-7.83318247611365,-168.179199999999,37.7073368856118));
#2154=CARTESIAN_POINT('',(7.34745163206926,-168.179199999999,17.9235493400092));
#2155=CARTESIAN_POINT('',(2.89273342867659,-168.179199999999,77.737));
#2156=CARTESIAN_POINT('',(-4.07333212722079,-168.179199999999,51.7392894165355));
#2157=CARTESIAN_POINT('',(2.89273342867658,-168.179199999999,9.05959999999996));
#2158=CARTESIAN_POINT('Origin',(29.4566334286766,-168.1792,14.8907));
#2159=CARTESIAN_POINT('',(56.0205334286766,-168.1792,6.05234886847178));
#2160=CARTESIAN_POINT('',(66.7464493334668,-168.1792,-7.92593688561186));
#2161=CARTESIAN_POINT('',(51.5658152252839,-168.1792,11.8578506599907));
#2162=CARTESIAN_POINT('',(56.0205334286766,-168.1792,-47.9556000000001));
#2163=CARTESIAN_POINT('',(62.986598984574,-168.1792,-21.9578894165355));
#2164=CARTESIAN_POINT('',(56.0205334286766,-168.1792,9.05959999999995));
#2165=CARTESIAN_POINT('Origin',(29.4566334286766,-168.1792,14.8907));
#2166=CARTESIAN_POINT('',(66.7464493334668,-168.1792,37.7073368856118));
#2167=CARTESIAN_POINT('',(56.0205334286766,-168.1792,23.7290511315281));
#2168=CARTESIAN_POINT('',(51.5658152252839,-168.1792,17.9235493400092));
#2169=CARTESIAN_POINT('',(56.0205334286766,-168.1792,77.7369999999999));
#2170=CARTESIAN_POINT('',(56.0205334286766,-168.1792,9.05959999999995));
#2171=CARTESIAN_POINT('',(70.0295310760947,-168.1792,25.4547090167226));
#2172=CARTESIAN_POINT('Origin',(29.4566334286766,-168.1792,14.8907));
#2173=CARTESIAN_POINT('',(-7.83318247611364,-168.179199999999,-7.92593688561185));
#2174=CARTESIAN_POINT('',(2.89273342867658,-168.179199999999,6.05234886847181));
#2175=CARTESIAN_POINT('',(7.34745163206926,-168.179199999999,11.8578506599907));
#2176=CARTESIAN_POINT('',(2.89273342867657,-168.179199999999,-47.9556000000001));
#2177=CARTESIAN_POINT('',(2.89273342867658,-168.179199999999,9.05959999999996));
#2178=CARTESIAN_POINT('',(-11.1162642187416,-168.179199999999,4.32669098327732));
#2179=CARTESIAN_POINT('Origin',(-2.31075435831578,-169.474999999999,30.5103684428059));
#2180=CARTESIAN_POINT('',(2.89273342867669,-161.700199999999,23.7290511315281));
#2181=CARTESIAN_POINT('',(2.89273342867663,-165.587599999999,23.7290511315281));
#2182=CARTESIAN_POINT('',(5.72170362363427,-161.700199999999,20.0422653944479));
#2183=CARTESIAN_POINT('',(8.07593342867657,-169.474999999999,16.9741733790176));
#2184=CARTESIAN_POINT('',(-7.83318247611366,-169.474999999999,37.7073368856118));
#2185=CARTESIAN_POINT('Origin',(61.2240212156689,-169.475,-0.728968442805953));
#2186=CARTESIAN_POINT('',(56.0205334286767,-161.7002,6.05234886847178));
#2187=CARTESIAN_POINT('',(56.0205334286766,-165.5876,6.05234886847178));
#2188=CARTESIAN_POINT('',(50.8373334286767,-161.7002,12.8072266209823));
#2189=CARTESIAN_POINT('',(58.8239733193933,-161.7002,2.39883487165472));
#2190=CARTESIAN_POINT('',(50.8373334286765,-169.475,12.8072266209823));
#2191=CARTESIAN_POINT('',(66.7464493334668,-169.475,-7.92593688561186));
#2192=CARTESIAN_POINT('Origin',(70.1063976117181,-169.475,25.1678392003742));
#2193=CARTESIAN_POINT('',(56.0205334286766,-169.475,77.7369999999999));
#2194=CARTESIAN_POINT('',(66.7464493334668,-169.475,37.7073368856118));
#2195=CARTESIAN_POINT('Origin',(61.2240212156689,-169.475,30.5103684428059));
#2196=CARTESIAN_POINT('',(50.8373334286767,-161.7002,16.9741733790176));
#2197=CARTESIAN_POINT('',(50.8373334286766,-169.475,16.9741733790176));
#2198=CARTESIAN_POINT('',(56.0205334286767,-161.7002,23.7290511315281));
#2199=CARTESIAN_POINT('',(53.1915632337192,-161.7002,20.0422653944479));
#2200=CARTESIAN_POINT('',(56.0205334286766,-165.5876,23.7290511315281));
#2201=CARTESIAN_POINT('Origin',(-11.193130754365,-169.474999999999,4.61356079962569));
#2202=CARTESIAN_POINT('',(2.89273342867655,-169.474999999999,-47.9556000000001));
#2203=CARTESIAN_POINT('',(-7.83318247611366,-169.474999999999,-7.92593688561185));
#2204=CARTESIAN_POINT('Origin',(-2.31075435831578,-169.474999999999,-0.728968442805945));
#2205=CARTESIAN_POINT('',(8.07593342867657,-169.474999999999,12.8072266209824));
#2206=CARTESIAN_POINT('',(2.8927334286767,-161.700199999999,6.05234886847182));
#2207=CARTESIAN_POINT('',(0.0892935379600601,-161.700199999999,2.39883487165473));
#2208=CARTESIAN_POINT('',(2.89273342867663,-165.587599999999,6.05234886847181));
#2209=CARTESIAN_POINT('Origin',(5.4843334286767,-161.700199999999,3.22849999999996));
#2210=CARTESIAN_POINT('',(2.8927334286767,-161.700199999999,9.05959999999996));
#2211=CARTESIAN_POINT('Origin',(8.07593342867656,-169.474999999999,23.3134));
#2212=CARTESIAN_POINT('',(8.07593342867669,-161.700199999999,-47.9556));
#2213=CARTESIAN_POINT('Origin',(29.4566334286767,-161.7002,14.8907));
#2214=CARTESIAN_POINT('Origin',(50.8373334286766,-169.475,-6.49000000000005));
#2215=CARTESIAN_POINT('',(50.8373334286767,-161.7002,-47.9556000000001));
#2216=CARTESIAN_POINT('',(50.8373334286767,-161.7002,36.2714));
#2217=CARTESIAN_POINT('',(50.8373334286767,-161.7002,-47.9556000000001));
#2218=CARTESIAN_POINT('',(50.8373334286766,-169.475,36.2714));
#2219=CARTESIAN_POINT('',(50.8373334286768,-156.517,77.7369999999999));
#2220=CARTESIAN_POINT('',(50.8373334286766,-169.475,77.7369999999999));
#2221=CARTESIAN_POINT('',(50.8373334286768,-156.517,-18.7250338369596));
#2222=CARTESIAN_POINT('',(50.8373334286768,-156.517,3.22849999999995));
#2223=CARTESIAN_POINT('',(50.8373334286767,-161.671137475928,-47.9556000000001));
#2224=CARTESIAN_POINT('',(50.8373334286768,-155.101691419577,-10.6984200156573));
#2225=CARTESIAN_POINT('',(50.8373334286765,-169.475,-47.9556000000001));
#2226=CARTESIAN_POINT('',(50.8373334286767,-161.7002,-6.49000000000005));
#2227=CARTESIAN_POINT('',(50.8373334286766,-169.475,-6.49000000000005));
#2228=CARTESIAN_POINT('',(50.8373334286767,-161.7002,-47.9556000000001));
#2229=CARTESIAN_POINT('Origin',(29.4566334286767,-161.7002,14.8907));
#2230=CARTESIAN_POINT('',(50.8373334286767,-161.7002,-47.9556000000001));
#2231=CARTESIAN_POINT('',(43.2567790394215,-161.7002,-6.49000000000004));
#2232=CARTESIAN_POINT('',(68.9785334286767,-161.7002,-6.49000000000005));
#2233=CARTESIAN_POINT('',(43.2567790394215,-161.7002,36.2714));
#2234=CARTESIAN_POINT('',(43.2567790394215,-161.7002,14.8907000000001));
#2235=CARTESIAN_POINT('',(68.9785334286767,-161.7002,36.2714));
#2236=CARTESIAN_POINT('Origin',(50.8373334286766,-169.475,6.46799999999996));
#2237=CARTESIAN_POINT('Origin',(53.4289334286767,-161.7002,3.22849999999995));
#2238=CARTESIAN_POINT('',(56.0205334286767,-161.7002,9.05959999999995));
#2239=CARTESIAN_POINT('Origin',(56.0205334286766,-169.475,-47.9556));
#2240=CARTESIAN_POINT('',(56.0205334286766,-169.475,-47.9556000000001));
#2241=CARTESIAN_POINT('Origin',(2.89273342867674,-159.108599999999,3.22849999999996));
#2242=CARTESIAN_POINT('',(2.89273342867669,-161.671137475927,-47.9556000000001));
#2243=CARTESIAN_POINT('',(2.89273342867655,-169.474999999999,-47.9556000000001));
#2244=CARTESIAN_POINT('',(2.89273342867679,-156.516999999999,77.737));
#2245=CARTESIAN_POINT('',(2.89273342867657,-169.474999999999,77.737));
#2246=CARTESIAN_POINT('',(2.89273342867677,-156.516999999999,-18.7250338369596));
#2247=CARTESIAN_POINT('',(2.89273342867678,-156.516999999999,3.22849999999996));
#2248=CARTESIAN_POINT('',(2.89273342867681,-155.101691419576,-10.6984200156573));
#2249=CARTESIAN_POINT('Origin',(1.51174284034101,-157.362511931878,-23.5201702844956));
#2250=CARTESIAN_POINT('',(-4.27676186549119,-161.671137475927,-47.9556));
#2251=CARTESIAN_POINT('',(3.4980381345089,-156.516999999999,-18.7250338369596));
#2252=CARTESIAN_POINT('Origin',(49.456342840341,-157.362511931879,-23.5201702844956));
#2253=CARTESIAN_POINT('',(56.0205334286767,-161.671137475928,-47.9556000000001));
#2254=CARTESIAN_POINT('',(50.1468381345088,-161.671137475928,-47.9556000000001));
#2255=CARTESIAN_POINT('',(56.0205334286768,-156.517,-18.7250338369596));
#2256=CARTESIAN_POINT('',(51.4426381345089,-156.517,-18.7250338369596));
#2257=CARTESIAN_POINT('',(56.0205334286768,-155.101691419577,-10.6984200156573));
#2258=CARTESIAN_POINT('Origin',(56.0205334286768,-159.1086,3.22849999999995));
#2259=CARTESIAN_POINT('',(56.0205334286766,-169.475,-47.9556000000001));
#2260=CARTESIAN_POINT('',(56.0205334286768,-156.517,77.7369999999999));
#2261=CARTESIAN_POINT('',(56.0205334286768,-156.517,3.22849999999995));
#2262=CARTESIAN_POINT('',(56.0205334286766,-169.475,77.7369999999999));
#2263=CARTESIAN_POINT('Origin',(36.6925884510858,-157.362511931879,-11.8579702844954));
#2264=CARTESIAN_POINT('',(43.2567790394215,-161.671137475928,-36.2933999999998));
#2265=CARTESIAN_POINT('',(37.3830837452536,-161.671137475928,-36.2933999999998));
#2266=CARTESIAN_POINT('',(43.2567790394216,-156.517,-7.06283383695937));
#2267=CARTESIAN_POINT('',(38.6788837452537,-156.517,-7.06283383695937));
#2268=CARTESIAN_POINT('',(43.2567790394216,-155.101691419577,0.963779984342945));
#2269=CARTESIAN_POINT('Origin',(43.2567790394214,-169.475,-36.2933999999999));
#2270=CARTESIAN_POINT('',(43.2567790394214,-169.475,-36.2933999999998));
#2271=CARTESIAN_POINT('',(43.2567790394216,-156.517,66.0748000000002));
#2272=CARTESIAN_POINT('',(43.2567790394216,-156.517,14.8907000000002));
#2273=CARTESIAN_POINT('',(43.2567790394214,-169.475,66.0748));
#2274=CARTESIAN_POINT('',(43.2567790394214,-169.475,36.2714));
#2275=CARTESIAN_POINT('',(43.2567790394214,-169.475,-6.49000000000004));
#2276=CARTESIAN_POINT('Origin',(5.48433342867678,-156.516999999999,3.22849999999996));
#2277=CARTESIAN_POINT('',(5.48433342867679,-156.516999999999,77.737));
#2278=CARTESIAN_POINT('Origin',(53.4289334286768,-156.517,3.22849999999995));
#2279=CARTESIAN_POINT('',(53.4289334286768,-156.517,77.7369999999999));
#2280=CARTESIAN_POINT('Origin',(40.6651790394216,-156.517,14.8907000000002));
#2281=CARTESIAN_POINT('',(40.6651790394216,-156.517,66.0748000000002));
#2282=CARTESIAN_POINT('Origin',(50.8373334286765,-169.475,-47.9556000000001));
#2283=CARTESIAN_POINT('Origin',(43.2567790394214,-169.475,-6.49000000000004));
#2284=CARTESIAN_POINT('Origin',(38.0735790394214,-169.475,-36.2933999999998));
#2285=CARTESIAN_POINT('Origin',(-10.0652665713235,-169.474999999999,-47.9556));
#2286=CARTESIAN_POINT('Origin',(2.89273342867657,-169.474999999999,77.737));
#2287=CARTESIAN_POINT('',(2.89273342867657,-169.474999999999,77.737));
#2288=CARTESIAN_POINT('Origin',(8.07593342867658,-169.474999999999,77.737));
#2289=CARTESIAN_POINT('Origin',(43.2567790394214,-169.475,66.0748));
#2290=CARTESIAN_POINT('Origin',(50.8373334286766,-169.475,36.2714));
#2291=CARTESIAN_POINT('Origin',(68.9785334286766,-169.475,77.7369999999999));
#2292=UNCERTAINTY_MEASURE_WITH_UNIT(LENGTH_MEASURE(0.01),#2296,
'DISTANCE_ACCURACY_VALUE',
'Maximum model space distance between geometric entities at asserted c
onnectivities');
#2293=UNCERTAINTY_MEASURE_WITH_UNIT(LENGTH_MEASURE(0.01),#2296,
'DISTANCE_ACCURACY_VALUE',
'Maximum model space distance between geometric entities at asserted c
onnectivities');
#2294=(
GEOMETRIC_REPRESENTATION_CONTEXT(3)
GLOBAL_UNCERTAINTY_ASSIGNED_CONTEXT((#2292))
GLOBAL_UNIT_ASSIGNED_CONTEXT((#2296,#2298,#2299))
REPRESENTATION_CONTEXT('','3D')
);
#2295=(
GEOMETRIC_REPRESENTATION_CONTEXT(3)
GLOBAL_UNCERTAINTY_ASSIGNED_CONTEXT((#2293))
GLOBAL_UNIT_ASSIGNED_CONTEXT((#2296,#2298,#2299))
REPRESENTATION_CONTEXT('','3D')
);
#2296=(
LENGTH_UNIT()
NAMED_UNIT(*)
SI_UNIT(.MILLI.,.METRE.)
);
#2297=(
LENGTH_UNIT()
NAMED_UNIT(*)
SI_UNIT($,.METRE.)
);
#2298=(
NAMED_UNIT(*)
PLANE_ANGLE_UNIT()
SI_UNIT($,.RADIAN.)
);
#2299=(
NAMED_UNIT(*)
SI_UNIT($,.STERADIAN.)
SOLID_ANGLE_UNIT()
);
#2300=SHAPE_DEFINITION_REPRESENTATION(#2301,#2302);
#2301=PRODUCT_DEFINITION_SHAPE('',$,#2304);
#2302=SHAPE_REPRESENTATION('',(#1432),#2294);
#2303=PRODUCT_DEFINITION_CONTEXT('part definition',#2308,'design');
#2304=PRODUCT_DEFINITION('Feet(Mirror)','Feet(Mirror)',#2305,#2303);
#2305=PRODUCT_DEFINITION_FORMATION('',$,#2310);
#2306=PRODUCT_RELATED_PRODUCT_CATEGORY('Feet(Mirror)','Feet(Mirror)',(#2310));
#2307=APPLICATION_PROTOCOL_DEFINITION('international standard',
'automotive_design',2009,#2308);
#2308=APPLICATION_CONTEXT(
'Core Data for Automotive Mechanical Design Process');
#2309=PRODUCT_CONTEXT('part definition',#2308,'mechanical');
#2310=PRODUCT('Feet(Mirror)','Feet(Mirror)',$,(#2309));
#2311=PRESENTATION_STYLE_ASSIGNMENT((#2312));
#2312=SURFACE_STYLE_USAGE(.BOTH.,#2313);
#2313=SURFACE_SIDE_STYLE('',(#2314));
#2314=SURFACE_STYLE_FILL_AREA(#2315);
#2315=FILL_AREA_STYLE('Steel - Satin',(#2316));
#2316=FILL_AREA_STYLE_COLOUR('Steel - Satin',#2317);
#2317=COLOUR_RGB('Steel - Satin',0.627450980392157,0.627450980392157,0.627450980392157);
ENDSEC;
END-ISO-10303-21;
