;FLAVOR:Marlin
;TIME:2491
;Filament used: 2.58515m
;Layer height: 0.2
;MINX:76.25
;MINY:89.5
;MINZ:0.3
;MAXX:143.75
;MAXY:130.5
;MAXZ:9.1
;Generated with Cura_SteamEngine main
M140 S60
M105
M190 S60
M104 S200
M105
M109 S200
M82 ;absolute extrusion mode
; Ender 3 Custom Start G-code
G92 E0 ; Reset Extruder
G28 ; Home all axes
G1 Z2.0 F3000 ; Move Z Axis up little to prevent scratching of Heat Bed
G1 X0.1 Y20 Z0.3 F5000.0 ; Move to start position
G1 X0.1 Y200.0 Z0.3 F1500.0 E15 ; Draw the first line
G1 X0.4 Y200.0 Z0.3 F5000.0 ; Move to side a little
G1 X0.4 Y20 Z0.3 F1500.0 E30 ; Draw the second line
G92 E0 ; Reset Extruder
G1 Z2.0 F3000 ; Move Z Axis up little to prevent scratching of Heat Bed
G1 X5 Y20 Z0.3 F5000.0 ; Move over to prevent blob squish
G92 E0
G92 E0
G1 F1500 E-6.5
;LAYER_COUNT:45
;LAYER:0
M107
M204 S5000
M205 X30 Y30
;MESH:Pi Holder.stl
G0 F3600 X79.633 Y95.295 Z0.3
M204 S3000
M205 X20 Y20
;TYPE:WALL-INNER
G1 F1500 E0
G1 X79.87 Y94.567 E0.04775
G1 X80.268 Y93.994 E0.09125
G1 F1556 X80.499 Y93.786 E0.10994
G1 F1609.4 X81.136 Y93.363 E0.15438
G1 F1549.6 X81.594 Y93.182 E0.18411
G1 F1500 X82.252 Y93.095 E0.2255
G1 X82.826 Y93.164 E0.26156
G1 X83.518 Y93.416 E0.30749
G1 X84.02 Y93.782 E0.34623
G1 X84.35 Y94.123 E0.37582
G1 X84.72 Y94.762 E0.42187
G1 X84.869 Y95.383 E0.4617
G1 X84.893 Y95.939 E0.4964
G1 X84.762 Y96.601 E0.53849
G1 X84.566 Y97.046 E0.56881
G1 X84.141 Y97.615 E0.6131
G1 X83.463 Y98.122 E0.6659
G1 X82.739 Y98.356 E0.71335
G1 X82.261 Y98.403 E0.7433
G1 X81.627 Y98.331 E0.78309
G1 X80.963 Y98.065 E0.8277
G1 X80.557 Y97.791 E0.85825
G1 X80.117 Y97.322 E0.89835
G1 X79.986 Y97.126 E0.91305
G1 X79.716 Y96.539 E0.95335
G1 X79.63 Y96.132 E0.97929
G1 X79.616 Y95.965 E0.98974
G1 X79.633 Y95.295 E1.03154
M204 S5000
M205 X30 Y30
G1 F1500 E-5.46846
G0 F3600 X79.494 Y95.27
G0 X80.266 Y97.851
G0 X80.17 Y100.498
G0 X79.186 Y101.128
G0 X78.428 Y102.172
G0 X78.215 Y103.524
G1 F1500 E1.03154
G0 F3600 X78.364 Y103.527
M204 S3000
M205 X20 Y20
G1 F1500 X78.383 Y102.79 E1.07751
G1 X78.588 Y102.168 E1.11836
G1 X78.924 Y101.609 E1.15903
G1 X79.288 Y101.218 E1.19234
G1 X79.874 Y100.851 E1.23546
G1 X80.396 Y100.67 E1.26992
G1 X81.002 Y100.598 E1.30798
G1 X81.54 Y100.656 E1.34172
G1 X82.161 Y100.861 E1.38251
G1 X82.619 Y101.148 E1.41621
G1 X83.151 Y101.691 E1.46362
G1 X83.503 Y102.355 E1.51049
G1 X83.647 Y103.059 E1.5553
G1 X83.629 Y103.564 E1.58681
G1 X83.457 Y104.257 E1.63134
G1 X83.101 Y104.886 E1.67641
G1 X82.546 Y105.408 E1.72393
G1 X82.15 Y105.643 E1.75265
G1 X81.492 Y105.855 E1.79576
G1 X81.062 Y105.897 E1.8227
G1 X80.385 Y105.835 E1.8651
G1 X79.675 Y105.553 E1.91274
G1 X79.064 Y105.071 E1.96127
G1 X78.623 Y104.44 E2.00928
G1 X78.401 Y103.761 E2.05383
G1 X78.364 Y103.527 E2.06861
M204 S5000
M205 X30 Y30
G1 F1500 E-4.43139
G0 F3600 X78.215 Y103.524
G0 X78.522 Y104.529
G0 X79.443 Y105.665
G0 X80.104 Y112.832
G0 X79.516 Y114.302
G1 F1500 E2.06861
G0 F3600 X79.63 Y115.132
M204 S3000
M205 X20 Y20
G1 F1500 X79.616 Y114.984 E2.07788
G1 X79.633 Y114.295 E2.12086
G1 X79.837 Y113.668 E2.16198
G1 X80.174 Y113.109 E2.20268
G1 X80.538 Y112.718 E2.236
G1 X81.118 Y112.35 E2.27883
G1 X81.584 Y112.184 E2.30968
G1 X82.253 Y112.095 E2.35177
G1 X82.816 Y112.162 E2.38713
G1 X83.517 Y112.415 E2.43361
G1 X84.084 Y112.83 E2.47742
G1 X84.363 Y113.149 E2.50385
G1 X84.73 Y113.778 E2.54927
G1 X84.884 Y114.452 E2.59238
G1 X84.894 Y114.929 E2.62214
G1 X84.762 Y115.599 E2.66472
G1 X84.552 Y116.061 E2.69637
G1 X84.147 Y116.608 E2.73882
G1 X83.479 Y117.117 E2.79119
G1 X82.752 Y117.353 E2.83886
G1 X82.241 Y117.398 E2.87085
G1 X81.614 Y117.327 E2.9102
G1 X81.029 Y117.095 E2.94945
G1 X80.563 Y116.805 E2.98368
G1 X80.117 Y116.322 E3.02467
G1 X79.986 Y116.126 E3.03938
G1 X79.745 Y115.602 E3.07534
G1 X79.63 Y115.132 E3.10552
M204 S5000
M205 X30 Y30
G1 F1500 E-3.39448
G0 F3600 X79.482 Y115.144
G0 X80.326 Y116.889
G0 X79.059 Y124.098
G0 X78.248 Y125.772
G1 F1500 E3.10552
G0 F3600 X78.384 Y125.791
M204 S3000
M205 X20 Y20
G1 F1500 X78.588 Y125.168 E3.1464
G1 X78.924 Y124.609 E3.18707
G1 X79.291 Y124.216 E3.22061
G1 X79.89 Y123.836 E3.26485
G1 X80.484 Y123.655 E3.30357
G1 X81.006 Y123.601 E3.3363
G1 X81.499 Y123.646 E3.36717
G1 X82.181 Y123.868 E3.4119
G1 X82.623 Y124.158 E3.44487
G1 X83.14 Y124.672 E3.49033
G1 X83.502 Y125.351 E3.53832
G1 X83.651 Y126.071 E3.58417
G1 X83.616 Y126.625 E3.61879
G1 X83.459 Y127.254 E3.65922
G1 X83.109 Y127.879 E3.70389
G1 X82.599 Y128.358 E3.74752
G1 X82.244 Y128.592 E3.77404
G1 F1313.5 X81.588 Y128.903 E3.82574
G1 F1099.7 X81.479 Y128.971 E3.83667
G1 F1076 X81.008 Y128.996 E3.87767
G1 F1136.4 X80.342 Y128.894 E3.93314
G1 F1168.2 X79.856 Y128.715 E3.97461
G1 F1173.7 X79.306 Y128.378 E4.02602
G1 F1132.9 X78.849 Y127.94 E4.07828
G1 F1071.4 X78.508 Y127.433 E4.13163
G1 F1229.5 X78.465 Y126.957 E4.16799
G1 F1500 X78.362 Y126.586 E4.192
G1 X78.384 Y125.791 E4.2416
M204 S5000
M205 X30 Y30
G1 F1500 E-2.2584
G0 F3600 X78.248 Y125.772
G0 X79.448 Y124.431
G0 X80.482 Y123.918
G0 X81.534 Y123.925
G0 X82.465 Y124.365
G0 X83.132 Y125.203
G0 X134.885 Y115.039
G1 F1500 E4.2416
G0 F3600 X135.113 Y114.511
M204 S3000
M205 X20 Y20
G1 F1500 X135.237 Y113.905 E4.28018
G1 X135.431 Y113.458 E4.31056
G1 X135.847 Y112.9 E4.35397
G1 X136.53 Y112.381 E4.40747
G1 X137.248 Y112.147 E4.45456
G1 X137.739 Y112.098 E4.48533
G1 X138.326 Y112.163 E4.52216
G1 X138.861 Y112.337 E4.55725
G1 X139.409 Y112.69 E4.5979
G1 X139.892 Y113.189 E4.64121
G1 X140.015 Y113.376 E4.65517
G1 X140.296 Y113.987 E4.69711
G1 X140.385 Y114.516 E4.73056
G1 X140.367 Y115.204 E4.77348
G1 X140.13 Y115.934 E4.82134
G1 X139.688 Y116.572 E4.86975
G1 X139.085 Y117.047 E4.91762
G1 X138.368 Y117.334 E4.96578
G1 X137.684 Y117.398 E5.00862
G1 X137.183 Y117.338 E5.04009
G1 X136.482 Y117.085 E5.08657
G1 X135.907 Y116.663 E5.13105
G1 X135.633 Y116.345 E5.15722
G1 X135.266 Y115.709 E5.20302
G1 X135.121 Y115.066 E5.24412
G1 X135.104 Y114.654 E5.26984
G1 X135.113 Y114.511 E5.27877
M204 S5000
M205 X30 Y30
G1 F1500 E-1.22123
G0 F3600 X134.964 Y114.497
G0 X135.382 Y113.278
G0 X136.257 Y112.294
G0 X137.157 Y105.453
G0 X136.355 Y104.133
G0 X136.222 Y102.923
G1 F1500 E5.27877
G0 F3600 X136.371 Y102.936
M204 S3000
M205 X20 Y20
G1 F1500 X136.54 Y102.252 E5.32271
G1 X136.888 Y101.627 E5.36732
G1 X137.449 Y101.096 E5.41549
G1 X137.873 Y100.851 E5.44603
G1 X138.515 Y100.639 E5.4882
G1 X139.001 Y100.599 E5.51861
G1 X139.593 Y100.667 E5.55577
G1 X140.127 Y100.851 E5.59099
G1 X140.568 Y101.119 E5.62317
G1 X140.965 Y101.462 E5.65589
G1 X141.379 Y102.063 E5.7014
G1 X141.6 Y102.739 E5.74576
G1 X141.637 Y102.973 E5.76053
G1 X141.618 Y103.704 E5.80613
G1 X141.379 Y104.437 E5.85422
G1 X140.936 Y105.071 E5.90245
G1 X140.324 Y105.554 E5.95107
G1 X139.617 Y105.834 E5.99849
G1 X138.971 Y105.898 E6.03897
G1 X138.51 Y105.861 E6.06782
G1 X137.838 Y105.635 E6.11203
G1 X137.377 Y105.342 E6.1461
G1 X136.863 Y104.83 E6.19134
G1 X136.503 Y104.153 E6.23916
G1 X136.369 Y103.525 E6.2792
G1 X136.371 Y102.936 E6.31593
M204 S5000
M205 X30 Y30
G1 F1500 E-0.18407
G0 F3600 X136.222 Y102.923
G0 X137.064 Y101.141
G0 X137.014 Y98.547
G0 X136.424 Y97.69
G0 X134.956 Y95.558
G1 F1500 E6.31593
G0 F3600 X135.106 Y95.571
M204 S3000
M205 X20 Y20
G1 F1500 X135.224 Y94.97 E6.35413
G1 X135.424 Y94.466 E6.38794
G1 X135.854 Y93.889 E6.43282
G1 X136.42 Y93.46 E6.47711
G1 X136.639 Y93.345 E6.49254
G1 X137.235 Y93.15 E6.53164
G1 X137.739 Y93.097 E6.56325
G1 X138.38 Y93.176 E6.60353
G1 F1559.3 X138.84 Y93.349 E6.63301
G1 F1641.1 X139.442 Y93.742 E6.67399
G1 F1619.9 X139.949 Y94.243 E6.71515
G1 F1540 X140.297 Y94.989 E6.76515
G1 F1500 X140.384 Y95.535 E6.79963
G1 X140.367 Y96.21 E6.84174
G1 X140.132 Y96.922 E6.8885
G1 X139.696 Y97.561 E6.93674
G1 X139.073 Y98.053 E6.98625
G1 X138.379 Y98.33 E7.03284
G1 X137.658 Y98.404 E7.07804
G1 X137.16 Y98.332 E7.10942
G1 X136.486 Y98.086 E7.15417
G1 X135.905 Y97.655 E7.19928
G1 X135.633 Y97.344 E7.22505
G1 X135.268 Y96.714 E7.27045
G1 X135.119 Y96.049 E7.31295
G1 X135.104 Y95.654 E7.33761
G1 X135.106 Y95.571 E7.34278
M204 S5000
M205 X30 Y30
G0 F3600 X134.907 Y95.55
G0 X135.297 Y94.422
G0 X136.581 Y93.218
G0 X138.496 Y92.986
G0 X138.809 Y92.739
M204 S3000
M205 X20 Y20
G1 F1546.4 X138.379 Y92.114 E7.38867
G1 F1500 X138.153 Y91.53 E7.42773
G1 X138.054 Y91.041 E7.45884
G1 X138.051 Y90.2 E7.51129
G1 X81.949 Y90.2 E11.00996
G1 X81.947 Y91.029 E11.06166
G1 X81.859 Y91.48 E11.09032
G1 X81.622 Y92.113 E11.13247
G1 X81.194 Y92.734 E11.1795
G1 F1612.9 X80.512 Y93.264 E11.2296
G1 X79.962 Y93.536 E11.26518
G1 F1500 X79.493 Y93.728 E11.29679
G1 X78.822 Y94.146 E11.34609
G1 X78.319 Y94.572 E11.3872
G1 X77.775 Y95.186 E11.43835
G1 X77.376 Y95.909 E11.48985
G1 X77.142 Y96.523 E11.53083
G1 X76.998 Y97.178 E11.57265
G1 X76.952 Y97.596 E11.59888
G1 X76.95 Y125.473 E13.33736
G1 X77 Y125.911 E13.36486
G1 X77.193 Y126.752 E13.41867
G1 X77.481 Y127.352 E13.46017
G1 F1229.5 X77.877 Y127.777 E13.50437
G1 F1059.3 X78.208 Y128.245 E13.55499
G1 F1107.8 X78.715 Y128.743 E13.61499
G1 F1148.5 X79.264 Y129.123 E13.66937
G1 F1155.6 X80.036 Y129.492 E13.73864
G1 F1127.8 X80.854 Y129.661 E13.80792
G1 F1068.4 X81.541 Y129.688 E13.86812
G1 F1099.7 X81.72 Y129.727 E13.8837
G1 F1313.5 X82.275 Y129.799 E13.92356
G1 F1500 X137.721 Y129.799 E17.38132
G1 F1376.1 X138.28 Y129.754 E17.41944
G1 F1148.5 X138.569 Y129.691 E17.44353
G1 F1074.5 X139.146 Y129.661 E17.49383
G1 F1127.8 X139.971 Y129.49 E17.56372
G1 F1155.6 X140.736 Y129.123 E17.6324
G1 F1146.8 X141.426 Y128.643 E17.70096
G1 F1093.3 X141.975 Y128.014 E17.77239
G1 F1040.2 X142.122 Y127.782 E17.79709
G1 F1221.5 X142.516 Y127.357 E17.84147
G1 F1500 X142.806 Y126.757 E17.88303
G1 X142.999 Y125.911 E17.93715
G1 X143.049 Y125.48 E17.96421
G1 X143.049 Y97.587 E19.70369
G1 X142.918 Y96.691 E19.76016
G1 X142.624 Y95.908 E19.81232
G1 X142.222 Y95.183 E19.86402
G1 X141.679 Y94.57 E19.91509
G1 X141.179 Y94.147 E19.95593
G1 X140.501 Y93.727 E20.00567
G1 X140.281 Y93.637 E20.02049
G1 F1565.8 X139.74 Y93.393 E20.05595
G1 F1663 X139.374 Y93.177 E20.07985
G1 F1641.1 X138.809 Y92.739 E20.1206
M204 S5000
M205 X30 Y30
G0 F3600 X138.668 Y92.864
G0 X139.757 Y93.616
G0 X141.323 Y94.546
G0 X142.116 Y95.426
G0 X142.558 Y96.332
G0 X142.838 Y97.603
G0 X142.834 Y125.499
G0 X142.545 Y126.812
G0 X141.802 Y127.611
G0 X141.778 Y125.607
G0 X141.05 Y124.256
G0 X139.746 Y123.491
G0 X138.367 Y123.466
G0 X137.256 Y123.988
G0 X136.437 Y125.068
G0 X136.156 Y126.448
G0 X136.349 Y126.428
M204 S3000
M205 X20 Y20
G1 F1500 X136.384 Y125.875 E20.15516
G1 X136.55 Y125.23 E20.19669
G1 X136.883 Y124.635 E20.23922
G1 X137.439 Y124.108 E20.28699
G1 X137.822 Y123.866 E20.31524
G1 X138.509 Y123.645 E20.36025
G1 X138.92 Y123.604 E20.38601
G1 X139.516 Y123.655 E20.42331
G1 X140.029 Y123.81 E20.45673
G1 X140.568 Y124.119 E20.49548
G1 X140.966 Y124.462 E20.52824
G1 X141.381 Y125.069 E20.5741
G1 X141.639 Y125.859 E20.62593
G1 X141.619 Y126.629 E20.67396
G1 X141.535 Y126.962 E20.69538
G1 F1221.5 X141.488 Y127.435 E20.73178
G1 F1040.2 X141.398 Y127.595 E20.74829
G1 F1087 X141.064 Y128.047 E20.79666
G1 F1145 X140.694 Y128.378 E20.83721
G1 F1177.4 X140.144 Y128.715 E20.88846
G1 F1170 X139.658 Y128.894 E20.92987
G1 F1127.8 X139.059 Y128.986 E20.98013
G1 F1074.5 X138.598 Y128.978 E21.02027
G1 F1148.5 X138.42 Y128.878 E21.0369
G1 F1322.8 X137.772 Y128.604 E21.08666
G1 F1436.8 X137.321 Y128.291 E21.1224
G1 F1500 X136.855 Y127.819 E21.16376
G1 X136.497 Y127.146 E21.2113
G1 X136.349 Y126.428 E21.25702
M204 S5000
M205 X30 Y30
G0 F3600 X136.869 Y125.996
M204 S3000
M205 X20 Y20
;TYPE:WALL-OUTER
G1 F1500 X137.01 Y125.431 E21.29333
G1 X137.298 Y124.926 E21.32959
G1 X137.756 Y124.495 E21.36881
G1 X138.064 Y124.314 E21.39109
G1 X138.616 Y124.133 E21.42732
G1 X138.962 Y124.102 E21.44898
G1 X139.462 Y124.152 E21.48032
G1 X139.918 Y124.307 E21.51035
G1 X140.306 Y124.545 E21.53874
G1 X140.591 Y124.8 E21.56259
G1 X140.926 Y125.291 E21.59966
G1 X141.135 Y125.942 E21.64229
G1 X141.119 Y126.62 E21.68459
G1 X140.928 Y127.196 E21.72243
G1 X140.634 Y127.648 E21.75606
G1 X140.372 Y127.905 E21.77895
G1 X139.898 Y128.207 E21.814
G1 X139.49 Y128.343 E21.84082
G1 X139.006 Y128.398 E21.87119
G1 X138.621 Y128.37 E21.89527
G1 X138.028 Y128.174 E21.93422
G1 X137.677 Y127.939 E21.96056
G1 X137.263 Y127.52 E21.99729
G1 X136.973 Y126.976 E22.03574
G1 X136.853 Y126.393 E22.07286
G1 X136.869 Y125.996 E22.09763
M204 S5000
M205 X30 Y30
G0 F3600 X136.917 Y125.802
G1 F1500 E15.59763
G0 F3600 X136.282 Y125.661
G0 X137.23 Y123.959
G0 X136.257 Y117.206
G0 X135.133 Y115.762
G1 F1500 E22.09763
G0 F3600 X135.738 Y115.526
M204 S3000
M205 X20 Y20
G1 F1500 X135.615 Y114.99 E22.13193
G1 X135.604 Y114.64 E22.15377
G1 X135.605 Y114.602 E22.15614
G1 X135.718 Y114.051 E22.19122
G1 X135.864 Y113.716 E22.214
G1 X136.212 Y113.249 E22.25032
G1 X136.747 Y112.839 E22.29236
G1 X137.362 Y112.634 E22.33279
G1 X137.712 Y112.602 E22.35471
G1 X138.239 Y112.656 E22.38774
G1 X138.673 Y112.81 E22.41646
G1 X139.138 Y113.11 E22.45097
G1 X139.545 Y113.55 E22.48835
G1 X139.814 Y114.135 E22.5285
G1 X139.885 Y114.516 E22.55267
G1 X139.867 Y115.12 E22.59036
G1 X139.676 Y115.711 E22.62909
G1 X139.319 Y116.226 E22.66817
G1 X138.833 Y116.609 E22.70676
G1 X138.249 Y116.841 E22.74595
G1 X137.681 Y116.898 E22.78155
G1 X137.302 Y116.852 E22.80536
G1 X136.719 Y116.636 E22.84413
G1 X136.253 Y116.295 E22.88014
G1 X136.047 Y116.065 E22.89939
G1 X135.738 Y115.526 E22.93814
M204 S5000
M205 X30 Y30
G0 F3600 X135.694 Y115.331
G1 F1500 E16.43814
G0 F3600 X135.058 Y115.476
G0 X135.157 Y113.719
G0 X136.257 Y112.294
G0 X137.157 Y105.453
G0 X136.355 Y104.133
G0 X136.216 Y102.959
G1 F1500 E22.93814
G0 F3600 X136.863 Y103.026
M204 S3000
M205 X20 Y20
G1 F1500 X137.016 Y102.422 E22.977
G1 X137.292 Y101.934 E23.01196
G1 X137.768 Y101.486 E23.05272
G1 X138.019 Y101.334 E23.07102
G1 X138.632 Y101.13 E23.11131
G1 X138.962 Y101.102 E23.13197
G1 X139.487 Y101.156 E23.16488
G1 X139.901 Y101.297 E23.19215
G1 X140.345 Y101.574 E23.22479
G1 X140.609 Y101.826 E23.24755
G1 X140.925 Y102.288 E23.28246
G1 X141.138 Y102.938 E23.32511
G1 X141.117 Y103.62 E23.36767
G1 X140.926 Y104.212 E23.40646
G1 X140.569 Y104.725 E23.44543
G1 X140.074 Y105.115 E23.48473
G1 X139.498 Y105.344 E23.52339
G1 X138.962 Y105.398 E23.55699
G1 X138.636 Y105.37 E23.57739
G1 X138.038 Y105.177 E23.61658
G1 X137.695 Y104.956 E23.64202
G1 X137.273 Y104.53 E23.67942
G1 X136.978 Y103.981 E23.71829
G1 X136.859 Y103.423 E23.75387
G1 X136.863 Y103.026 E23.77863
M204 S5000
M205 X30 Y30
G0 F3600 X136.912 Y102.833
G1 F1500 E17.27863
G0 F3600 X136.274 Y102.692
G0 X137.064 Y101.141
G0 X137.014 Y98.547
G0 X135.141 Y96.779
G1 F1500 E23.77863
G0 F3600 X135.746 Y96.545
M204 S3000
M205 X20 Y20
G1 F1500 X135.615 Y95.984 E23.81455
G1 X135.604 Y95.64 E23.83602
G1 X135.604 Y95.611 E23.83782
G1 X135.714 Y95.07 E23.87225
G1 X135.882 Y94.689 E23.89822
G1 X136.214 Y94.244 E23.93284
G1 X136.754 Y93.833 E23.97516
G1 X137.358 Y93.635 E24.0148
G1 X137.715 Y93.602 E24.03716
G1 X138.25 Y93.659 E24.07072
G1 X138.673 Y93.81 E24.09873
G1 X139.154 Y94.121 E24.13445
G1 X139.547 Y94.559 E24.17114
G1 X139.814 Y95.135 E24.21074
G1 X139.885 Y95.491 E24.23338
G1 X139.867 Y96.119 E24.27255
G1 X139.669 Y96.718 E24.3119
G1 X139.308 Y97.233 E24.35112
G1 X138.842 Y97.601 E24.38815
G1 X138.258 Y97.841 E24.42753
G1 X137.663 Y97.9 E24.46481
G1 X137.324 Y97.857 E24.48612
G1 X136.723 Y97.638 E24.52601
G1 X136.249 Y97.292 E24.56261
G1 X136.068 Y97.092 E24.57943
G1 X135.746 Y96.545 E24.61902
M204 S5000
M205 X30 Y30
G0 F3600 X135.701 Y96.351
G0 X135.016 Y96.506
G0 X134.913 Y95.436
G0 X135.314 Y94.263
G0 X136.29 Y93.294
G0 X137.664 Y92.893
G0 X139.088 Y93.241
G0 X138.149 Y92.101
G0 X137.83 Y90.422
G0 X82.171 Y90.422
G0 X82.05 Y91.534
G0 X81.378 Y91.344
M204 S3000
M205 X20 Y20
G1 F1500 X81.174 Y91.884 E24.65502
G1 X80.811 Y92.404 E24.69456
G1 X80.261 Y92.87 E24.73952
G1 X79.265 Y93.281 E24.80671
G1 X78.526 Y93.741 E24.861
G1 X77.968 Y94.214 E24.90662
G1 X77.481 Y94.764 E24.95243
G1 X77.279 Y95.05 E24.97427
G1 X76.921 Y95.698 E25.02043
G1 X76.662 Y96.379 E25.06587
G1 X76.504 Y97.096 E25.11166
G1 X76.452 Y97.568 E25.14127
G1 X76.45 Y125.501 E26.88325
G1 X76.506 Y125.995 E26.91425
G1 X76.716 Y126.915 E26.9731
G1 X77.03 Y127.569 E27.01835
G1 X77.129 Y127.773 E27.03249
G1 X77.558 Y128.403 E27.08002
G1 X77.79 Y128.675 E27.10232
G1 X78.353 Y129.196 E27.15015
G1 X78.976 Y129.621 E27.19718
G1 X79.665 Y129.952 E27.24485
G1 X80.003 Y130.072 E27.26722
G1 X80.755 Y130.244 E27.31533
G1 X81.242 Y130.299 E27.34589
G1 X138.749 Y130.3 E30.93219
G1 X139.245 Y130.244 E30.96332
G1 X139.997 Y130.072 E31.01142
G1 X140.335 Y129.952 E31.03379
G1 X141.024 Y129.621 E31.08146
G1 X141.655 Y129.191 E31.12908
G1 X141.927 Y128.958 E31.15141
G1 X142.451 Y128.392 E31.19952
G1 F1503 X142.872 Y127.774 E31.24606
G1 X143.202 Y127.085 E31.2936
G1 F1500 X143.322 Y126.747 E31.31597
G1 X143.493 Y125.995 E31.36406
G1 X143.549 Y125.508 E31.39464
G1 X143.549 Y97.551 E33.13811
G1 X143.405 Y96.562 E33.20044
G1 X143.079 Y95.698 E33.25803
G1 X142.719 Y95.048 E33.30436
G1 X142.517 Y94.762 E33.3262
G1 X142.03 Y94.212 E33.37201
G1 X141.474 Y93.741 E33.41746
G1 X140.729 Y93.279 E33.47212
G1 X139.9 Y92.94 E33.52798
G1 X139.629 Y92.781 E33.54757
G1 X139.171 Y92.384 E33.58537
G1 X138.837 Y91.898 E33.62215
G1 X138.632 Y91.386 E33.65654
G1 X138.558 Y91.009 E33.6805
G1 X138.55 Y89.7 E33.76214
G1 X81.45 Y89.7 E37.32305
G1 X81.443 Y90.998 E37.404
G1 X81.378 Y91.344 E37.42595
M204 S5000
M205 X30 Y30
G0 F3600 X81.308 Y91.531
G0 X81.961 Y91.785
G0 X81.342 Y92.762
G0 X80.085 Y93.995
G0 X79.443 Y95.269
G0 X80.134 Y95.377
M204 S3000
M205 X20 Y20
G1 F1500 X80.324 Y94.791 E37.46437
G1 X80.623 Y94.346 E37.4978
G1 X80.885 Y94.09 E37.52065
G1 X81.318 Y93.815 E37.55264
G1 X81.692 Y93.672 E37.57761
G1 X82.227 Y93.603 E37.61125
G1 X82.701 Y93.648 E37.64094
G1 X83.282 Y93.862 E37.67955
G1 X83.762 Y94.22 E37.7169
G1 X83.962 Y94.45 E37.7359
G1 X84.261 Y94.973 E37.77347
G1 X84.381 Y95.493 E37.80675
G1 X84.395 Y95.892 E37.83165
G1 X84.282 Y96.449 E37.8671
G1 X84.135 Y96.785 E37.88997
G1 X83.785 Y97.254 E37.92646
G1 X83.246 Y97.667 E37.96881
G1 X82.633 Y97.867 E38.00902
G1 X82.288 Y97.898 E38.03062
G1 X81.75 Y97.843 E38.06435
G1 X81.191 Y97.62 E38.10188
G1 X80.884 Y97.413 E38.12497
G1 X80.456 Y96.952 E38.1642
G1 X80.199 Y96.393 E38.20257
G1 X80.12 Y96.034 E38.22549
G1 X80.116 Y95.977 E38.22906
G1 X80.134 Y95.377 E38.26649
M204 S5000
M205 X30 Y30
G0 F3600 X80.195 Y95.187
G1 F1500 E31.76649
G0 F3600 X79.57 Y95
G0 X80.266 Y97.851
G0 X80.17 Y100.498
G0 X79.186 Y101.128
G0 X78.428 Y102.172
G0 X78.227 Y103.674
G1 F1500 E38.26649
G0 F3600 X78.867 Y103.571
M204 S3000
M205 X20 Y20
G1 F1500 X78.881 Y102.88 E38.30959
G1 X79.074 Y102.291 E38.34825
G1 X79.373 Y101.846 E38.38168
G1 X79.636 Y101.59 E38.40457
G1 X80.104 Y101.295 E38.43907
G1 X80.509 Y101.157 E38.46575
G1 X81.038 Y101.102 E38.49892
G1 X81.366 Y101.13 E38.51945
G1 X81.969 Y101.327 E38.55901
G1 X82.323 Y101.56 E38.58544
G1 X82.728 Y101.97 E38.62138
G1 X83.019 Y102.511 E38.65969
G1 X83.144 Y103.09 E38.69663
G1 X83.137 Y103.473 E38.72052
G1 X82.99 Y104.064 E38.7585
G1 X82.711 Y104.568 E38.79442
G1 X82.244 Y105.005 E38.83431
G1 X81.936 Y105.186 E38.85659
G1 X81.384 Y105.367 E38.89281
G1 X81.038 Y105.398 E38.91448
G1 X80.502 Y105.344 E38.94807
G1 X79.926 Y105.115 E38.98673
G1 X79.431 Y104.724 E39.02607
G1 X79.075 Y104.212 E39.06496
G1 X78.876 Y103.605 E39.10479
G1 X78.867 Y103.571 E39.10699
M204 S5000
M205 X30 Y30
G0 F3600 X78.871 Y103.371
G1 F1500 E32.60699
G0 F3600 X78.217 Y103.372
G0 X78.522 Y104.529
G0 X79.443 Y105.665
G0 X80.104 Y112.832
G0 X79.476 Y114.451
G0 X79.592 Y115.611
G1 F1500 E39.10699
G0 F3600 X80.199 Y115.393
M204 S3000
M205 X20 Y20
G1 F1500 X80.12 Y115.034 E39.12991
G1 X80.131 Y114.381 E39.17064
G1 X80.313 Y113.824 E39.20718
G1 X80.592 Y113.385 E39.23962
G1 X80.885 Y113.09 E39.26555
G1 X81.318 Y112.815 E39.29754
G1 X81.669 Y112.678 E39.32104
G1 X82.227 Y112.603 E39.35615
G1 X82.693 Y112.644 E39.38532
G1 X83.281 Y112.864 E39.42447
G1 X83.735 Y113.194 E39.45947
G1 X83.941 Y113.419 E39.4785
G1 X84.267 Y113.989 E39.51945
G1 X84.387 Y114.528 E39.55388
G1 X84.396 Y114.889 E39.5764
G1 X84.282 Y115.446 E39.61186
G1 X84.129 Y115.795 E39.63563
G1 X83.788 Y116.251 E39.67113
G1 X83.253 Y116.661 E39.71317
G1 X82.638 Y116.866 E39.7536
G1 X82.288 Y116.898 E39.77551
G1 X81.758 Y116.843 E39.80874
G1 X81.213 Y116.63 E39.84524
G1 X80.886 Y116.416 E39.86961
G1 X80.456 Y115.952 E39.90906
G1 X80.199 Y115.393 E39.94743
M204 S5000
M205 X30 Y30
G0 F3600 X80.156 Y115.198
G1 F1500 E33.44743
G0 F3600 X79.52 Y115.345
G0 X80.326 Y116.889
G0 X80.243 Y123.454
G0 X79.448 Y124.431
G0 X78.225 Y126.652
G1 F1500 E39.94743
G0 F3600 X78.865 Y126.555
M204 S3000
M205 X20 Y20
G1 F1500 X78.88 Y125.881 E39.98947
G1 X79.063 Y125.324 E40.02603
G1 X79.342 Y124.885 E40.05847
G1 X79.635 Y124.59 E40.0844
G1 X80.076 Y124.31 E40.11698
G1 X80.538 Y124.152 E40.14743
G1 X81.013 Y124.101 E40.17722
G1 X81.387 Y124.134 E40.20063
G1 X81.961 Y124.323 E40.23832
G1 X82.305 Y124.544 E40.26382
G1 X82.732 Y124.972 E40.30152
G1 X83.027 Y125.524 E40.34055
G1 X83.147 Y126.107 E40.37767
G1 X83.131 Y126.504 E40.40245
G1 X82.99 Y127.069 E40.43877
G1 X82.71 Y127.568 E40.47445
G1 X82.257 Y127.994 E40.51323
G1 X81.963 Y128.177 E40.53483
G1 X81.374 Y128.369 E40.57346
G1 X81.033 Y128.398 E40.5948
G1 X80.498 Y128.34 E40.62836
G1 X80.102 Y128.204 E40.65447
G1 X79.629 Y127.905 E40.68937
G1 X79.373 Y127.654 E40.71173
G1 X79.07 Y127.196 E40.74598
G1 X78.941 Y126.802 E40.77183
G1 X78.865 Y126.555 E40.78795
M204 S5000
M205 X30 Y30
G0 F3600 X78.869 Y126.355
G1 F1500 E34.28795
G0 F3600 X78.217 Y126.356
G0 X79.059 Y124.098
G0 X80.326 Y116.889
G0 X79.572 Y115.537
G0 X79.526 Y114.136
G1 F1500 E40.78795
G0 F3600 X79.214 Y114.042
M204 S3000
M205 X20 Y20
;TYPE:SKIN
G1 F1500 X79.394 Y113.497 E40.82374
G1 X79.77 Y112.858 E40.86998
G1 X80.233 Y112.349 E40.91289
G1 X80.835 Y111.971 E40.95722
G1 X81.48 Y111.719 E41.0004
G1 X82.24 Y111.619 E41.04821
G1 X82.973 Y111.705 E41.09423
G1 X83.747 Y111.997 E41.14582
G1 X84.397 Y112.469 E41.19592
G1 X84.734 Y112.841 E41.22722
G1 X85.186 Y113.626 E41.28371
G1 X85.353 Y114.388 E41.33236
G1 X85.362 Y115.026 E41.37215
G1 X85.226 Y115.712 E41.41576
G1 X84.96 Y116.308 E41.45647
G1 X84.478 Y116.956 E41.50683
G1 X83.691 Y117.546 E41.56817
G1 X82.823 Y117.831 E41.62514
G1 X82.268 Y117.873 E41.65985
G1 X81.508 Y117.796 E41.70749
G1 X80.854 Y117.538 E41.75134
G1 X80.259 Y117.179 E41.79467
G1 X79.743 Y116.615 E41.84235
G1 X79.552 Y116.322 E41.86416
G1 X79.248 Y115.658 E41.9097
G1 X79.144 Y115.027 E41.94958
G1 X79.158 Y114.364 E41.99094
G1 X79.214 Y114.042 E42.01132
M204 S5000
M205 X30 Y30
G1 F1500 E35.51132
G0 F3600 X79.526 Y114.136
G0 X80.104 Y112.832
G0 X79.443 Y105.665
G0 X78.509 Y104.461
G1 F1500 E42.01132
G0 F3600 X77.896 Y103.719
M204 S3000
M205 X20 Y20
G1 F1536.9 X77.906 Y103.193 E42.04334
G1 F1512.1 X77.916 Y102.667 E42.07589
G1 F1500 X78.158 Y101.973 E42.12172
G1 X78.533 Y101.336 E42.16782
G1 X78.985 Y100.846 E42.20939
G1 X79.659 Y100.426 E42.25892
G1 X80.285 Y100.205 E42.30032
G1 X80.994 Y100.12 E42.34485
G1 X81.625 Y100.188 E42.38443
G1 X82.364 Y100.428 E42.43289
G1 X83.006 Y100.863 E42.48125
G1 X83.533 Y101.396 E42.52799
G1 X83.957 Y102.204 E42.5849
G1 X84.112 Y102.971 E42.6337
G1 X84.11 Y103.611 E42.67361
G1 X83.912 Y104.401 E42.7244
G1 X83.495 Y105.166 E42.77873
G1 X82.853 Y105.768 E42.83362
G1 X82.35 Y106.075 E42.87037
G1 X81.619 Y106.313 E42.91831
G1 X81.071 Y106.372 E42.95268
G1 X80.278 Y106.305 E43.00231
G1 X79.569 Y106.021 E43.04994
G1 X79.287 Y105.855 E43.07035
G1 X78.855 Y105.513 E43.10471
G1 X78.633 Y105.283 E43.12465
G1 X78.277 Y104.77 E43.16359
G1 X78.136 Y104.479 E43.18375
G1 F1524.4 X77.896 Y103.719 E43.23266
M204 S5000
M205 X30 Y30
G1 F1500 E36.73266
G0 F3600 X78.228 Y103.685
G0 X78.522 Y101.97
G0 X79.321 Y101.025
G0 X80.411 Y100.523
G0 X82.114 Y100.603
G0 X82.993 Y98.539
G1 F1500 E43.23266
G0 F3600 X83.696 Y98.543
M204 S3000
M205 X20 Y20
G1 F1500 X82.876 Y98.818 E43.2866
G1 X82.254 Y98.881 E43.32559
G1 X81.505 Y98.795 E43.3726
G1 X80.742 Y98.487 E43.42391
G1 X80.21 Y98.124 E43.46408
G1 X79.768 Y97.648 E43.50459
G1 X79.55 Y97.318 E43.52925
G1 X79.252 Y96.652 E43.57475
G1 X79.144 Y96.002 E43.61585
G1 X79.159 Y95.237 E43.66356
G1 X79.384 Y94.526 E43.71007
G1 X79.497 Y94.286 E43.72661
G1 X79.103 Y94.533 E43.75561
G1 X78.654 Y94.913 E43.7923
G1 X78.165 Y95.465 E43.83829
G1 X77.808 Y96.11 E43.88426
G1 X77.6 Y96.659 E43.92087
G1 X77.427 Y97.441 E43.97082
G1 X77.427 Y101.907 E44.24933
G1 F1476.4 X77.435 Y102.536 E44.28919
G1 F1494 X77.421 Y102.89 E44.31137
G1 F1549.6 X77.416 Y103.677 E44.35888
G1 F1546.4 X77.421 Y104.179 E44.38925
G1 F1515.2 X77.427 Y104.681 E44.42024
G1 F1503 X77.427 Y105.48 E44.46997
G1 X77.427 Y106.279 E44.5197
G1 X77.427 Y107.078 E44.56943
G1 F1506 X77.427 Y107.877 E44.61906
G1 X77.426 Y108.676 E44.66868
G1 F1509.1 X77.426 Y109.475 E44.71821
G1 X77.426 Y110.274 E44.76774
G1 X77.426 Y111.073 E44.81727
G1 F1512.1 X77.425 Y111.872 E44.8667
G1 X77.425 Y112.671 E44.91613
G1 F1515.2 X77.425 Y113.47 E44.96546
G1 X77.425 Y114.269 E45.01479
G1 X77.424 Y115.068 E45.06412
G1 F1518.2 X77.424 Y115.867 E45.11335
G1 X77.424 Y116.666 E45.16258
G1 X77.424 Y117.465 E45.21181
G1 F1521.3 X77.424 Y118.264 E45.26094
G1 X77.423 Y119.063 E45.31007
G1 F1524.4 X77.423 Y119.862 E45.3591
G1 X77.423 Y120.661 E45.40813
G1 X77.423 Y121.46 E45.45716
G1 F1527.5 X77.422 Y122.259 E45.50609
G1 X77.422 Y123.058 E45.55502
G1 F1530.6 X77.422 Y123.857 E45.60385
G1 X77.422 Y124.656 E45.65268
G1 X77.421 Y125.455 E45.70152
G1 X77.421 Y125.447 E45.70201
G1 F1562.5 X77.455 Y125.833 E45.7252
G1 F1777.3 X77.586 Y126.611 E45.76673
G1 F2180.2 X77.811 Y127.157 E45.79207
G1 F2381 X78.068 Y127.335 E45.80435
G1 X78.095 Y127.044 E45.81583
G1 F2205.9 X77.954 Y126.592 E45.83591
G1 F1903.6 X77.922 Y125.702 E45.87968
G1 F1626.9 X78.136 Y125.021 E45.92072
G1 F1500 X78.532 Y124.336 E45.97006
G1 X78.984 Y123.849 E46.0115
G1 X79.688 Y123.4 E46.06357
G1 X80.387 Y123.189 E46.10911
G1 X81.026 Y123.126 E46.14915
G1 X81.585 Y123.175 E46.18414
G1 X82.384 Y123.439 E46.23662
G1 X82.928 Y123.794 E46.27713
G1 X83.53 Y124.397 E46.33027
G1 X83.95 Y125.186 E46.38601
G1 X84.13 Y126.038 E46.44031
G1 X84.084 Y126.701 E46.48176
G1 X83.905 Y127.434 E46.52882
G1 X83.583 Y128.008 E46.56986
G1 X83.375 Y128.279 E46.59116
G1 X82.897 Y128.726 E46.63198
G1 X82.505 Y128.991 E46.66148
G1 X82.037 Y129.254 E46.69496
G1 X82.307 Y129.324 E46.71236
G1 X137.701 Y129.324 E50.16688
G1 X138.049 Y129.267 E50.18887
G1 X137.458 Y128.968 E50.23018
G1 X137.016 Y128.652 E50.26406
G1 X136.598 Y128.234 E50.30093
G1 X136.381 Y127.943 E50.32356
G1 X136.116 Y127.437 E50.35918
G1 X136.017 Y127.164 E50.37729
G1 X135.87 Y126.46 E50.42214
G1 X135.916 Y125.799 E50.46347
G1 X136.095 Y125.075 E50.50998
G1 X136.524 Y124.31 E50.56467
G1 X137.136 Y123.741 E50.61679
G1 X137.651 Y123.423 E50.65453
G1 X138.382 Y123.186 E50.70246
G1 X139.022 Y123.128 E50.74253
G1 X139.728 Y123.198 E50.78678
G1 X140.435 Y123.479 E50.83422
G1 X140.845 Y123.735 E50.86436
G1 X141.322 Y124.138 E50.90331
G1 X141.729 Y124.739 E50.94857
G1 X141.863 Y125.018 E50.96787
G1 X142.119 Y125.792 E51.01872
G1 X142.093 Y126.674 E51.07374
G1 X141.999 Y127.055 E51.09822
G1 X142.009 Y127.17 E51.10541
G1 X142.11 Y127.1 E51.11308
G1 X142.35 Y126.609 E51.14716
G1 X142.529 Y125.829 E51.19707
G1 X142.574 Y125.452 E51.22075
G1 X142.574 Y104.591 E52.52169
G1 F1512.1 X142.577 Y104.053 E52.55498
G1 F1530.6 X142.58 Y103.515 E52.58786
G1 F1549.6 X142.584 Y102.977 E52.62034
G1 F1515.2 X142.57 Y102.584 E52.64462
G1 F1476.4 X142.57 Y101.757 E52.69702
G1 F1482.2 X142.571 Y100.93 E52.74921
G1 F1485.1 X142.571 Y100.103 E52.8013
G1 F1491.1 X142.572 Y99.276 E52.85318
G1 F1494 X142.573 Y98.449 E52.90496
G1 F1500 X142.573 Y97.622 E52.95654
G1 X142.455 Y96.816 E53.00734
G1 X142.191 Y96.109 E53.0544
G1 X141.832 Y95.461 E53.1006
G1 X141.345 Y94.91 E53.14646
G1 X140.899 Y94.534 E53.18284
G1 X140.491 Y94.28 E53.21281
G1 X140.757 Y94.848 E53.25192
G1 X140.86 Y95.546 E53.29592
G1 X140.84 Y96.283 E53.3419
G1 X140.568 Y97.125 E53.39708
G1 X140.049 Y97.887 E53.45458
G1 X139.322 Y98.459 E53.51227
G1 X138.506 Y98.795 E53.5673
G1 X137.652 Y98.882 E53.62083
G1 X137.035 Y98.794 E53.6597
G1 X136.237 Y98.495 E53.71285
G1 X135.624 Y98.046 E53.76023
G1 X135.246 Y97.629 E53.79533
G1 X134.816 Y96.876 E53.84941
G1 X134.649 Y96.144 E53.89623
G1 X134.646 Y95.448 E53.93963
G1 X134.756 Y94.877 E53.9759
G1 X135.001 Y94.24 E54.01846
G1 X135.43 Y93.668 E54.06305
G1 X135.63 Y93.467 E54.08073
G1 X136.164 Y93.062 E54.12253
G1 X136.488 Y92.894 E54.14529
G1 X137.154 Y92.675 E54.18901
G1 X137.838 Y92.632 E54.23175
G1 X138.188 Y92.674 E54.25373
G1 X137.968 Y92.355 E54.2779
G1 X137.691 Y91.643 E54.32554
G1 X137.584 Y91.114 E54.3592
G1 X137.577 Y90.675 E54.38658
G1 X82.424 Y90.675 E57.82608
G1 X82.417 Y91.111 E57.85327
G1 X82.293 Y91.685 E57.88989
G1 X82.038 Y92.345 E57.93402
G1 X81.814 Y92.673 E57.95879
G1 X82.282 Y92.62 E57.98816
G1 X82.968 Y92.706 E58.03127
G1 X83.571 Y92.928 E58.07135
G1 X83.888 Y93.096 E58.09372
G1 X84.42 Y93.484 E58.13478
G1 X84.806 Y93.96 E58.173
G1 X85.181 Y94.608 E58.21969
G1 X85.336 Y95.287 E58.26313
G1 X85.368 Y96.015 E58.30857
G1 X85.215 Y96.753 E58.35557
G1 X84.978 Y97.285 E58.39189
G1 X84.489 Y97.942 E58.44297
G1 X83.696 Y98.543 E58.50502
M204 S5000
M205 X30 Y30
G1 F1500 E52.00502
G0 F3600 X83.553 Y98.232
G0 X136.136 Y102.952
G1 F1500 E58.50502
G0 F3600 X135.877 Y103.489
M204 S3000
M205 X20 Y20
G1 F1500 X135.896 Y102.874 E58.54339
G1 X136.096 Y102.075 E58.59476
G1 X136.5 Y101.342 E58.64695
G1 X137.147 Y100.725 E58.70271
G1 X137.716 Y100.403 E58.74348
G1 X138.405 Y100.175 E58.78874
G1 X138.987 Y100.122 E58.82518
G1 X139.711 Y100.206 E58.87064
G1 X140.314 Y100.409 E58.91031
G1 X140.846 Y100.736 E58.94926
G1 X141.322 Y101.139 E58.98815
G1 X141.805 Y101.842 E59.04134
G1 F1488.1 X142.064 Y102.623 E59.09307
G1 F1512.1 X142.101 Y102.941 E59.11287
G1 F1536.9 X142.087 Y103.783 E59.16413
G1 F1512.1 X141.864 Y104.478 E59.20928
G1 F1500 X141.723 Y104.77 E59.22951
G1 X141.367 Y105.283 E59.26845
G1 X141.145 Y105.513 E59.28838
G1 X140.713 Y105.855 E59.32274
G1 X140.431 Y106.021 E59.34315
G1 X139.731 Y106.301 E59.39017
G1 X139.021 Y106.372 E59.43467
G1 X138.4 Y106.318 E59.47354
G1 X137.623 Y106.06 E59.5246
G1 X137.073 Y105.707 E59.56535
G1 X136.47 Y105.104 E59.61853
G1 X136.063 Y104.341 E59.67246
G1 X135.882 Y103.533 E59.7241
G1 X135.877 Y103.489 E59.72686
M204 S5000
M205 X30 Y30
G1 F1500 E53.22686
G0 F3600 X136.209 Y103.461
G0 X136.554 Y104.541
G0 X137.157 Y105.453
G0 X136.257 Y112.294
G0 X135.297 Y113.422
G0 X134.992 Y114.45
G1 F1500 E59.72686
G0 F3600 X134.642 Y115.09
M204 S3000
M205 X20 Y20
G1 F1500 X134.64 Y114.476 E59.76515
G1 X134.642 Y114.436 E59.76765
G1 X134.777 Y113.782 E59.8093
G1 X135.036 Y113.202 E59.84891
G1 X135.522 Y112.544 E59.89992
G1 X136.295 Y111.958 E59.96042
G1 X137.163 Y111.672 E60.01741
G1 X137.871 Y111.633 E60.06163
G1 X138.424 Y111.698 E60.09635
G1 X139.075 Y111.908 E60.13901
G1 X139.69 Y112.304 E60.18463
G1 X140.24 Y112.864 E60.23358
G1 X140.449 Y113.18 E60.2572
G1 X140.755 Y113.849 E60.30308
G1 X140.857 Y114.473 E60.34251
G1 X140.839 Y115.262 E60.39173
G1 X140.615 Y115.976 E60.4384
G1 X140.474 Y116.265 E60.45845
G1 X140.119 Y116.78 E60.49746
G1 X139.924 Y116.987 E60.51519
G1 X139.469 Y117.349 E60.55145
G1 X139.163 Y117.527 E60.57353
G1 X138.481 Y117.799 E60.61932
G1 X137.65 Y117.879 E60.67138
G1 X137.035 Y117.796 E60.71008
G1 X136.244 Y117.5 E60.76275
G1 X135.599 Y117.018 E60.81297
G1 X135.268 Y116.662 E60.84328
G1 X134.812 Y115.875 E60.9
G1 X134.642 Y115.09 E60.95009
M204 S5000
M205 X30 Y30
G1 F1500 E54.45009
G0 F3600 X134.969 Y115.05
G0 X135.157 Y113.719
G0 X136.257 Y112.294
G0 X137.014 Y98.547
G0 X134.902 Y95.978
G0 X136.29 Y93.294
G0 X136.889 Y90.351
G1 F1500 E60.95009
G0 F3600 X136.887 Y90.925
M204 S3000
M205 X20 Y20
G1 F1500 X137.392 Y91.43 E60.99463
M204 S5000
M205 X30 Y30
G0 F3600 X137.645 Y92.39
M204 S3000
M205 X20 Y20
G1 F1500 X136.18 Y90.925 E61.12384
M204 S5000
M205 X30 Y30
G0 F3600 X135.473 Y90.925
M204 S3000
M205 X20 Y20
G1 F1500 X137.008 Y92.46 E61.25921
M204 S5000
M205 X30 Y30
G0 F3600 X136.475 Y92.634
M204 S3000
M205 X20 Y20
G1 F1500 X134.766 Y90.925 E61.40994
M204 S5000
M205 X30 Y30
G0 F3600 X134.058 Y90.925
M204 S3000
M205 X20 Y20
G1 F1500 X136 Y92.867 E61.58121
M204 S5000
M205 X30 Y30
G0 F3600 X135.599 Y93.172
M204 S3000
M205 X20 Y20
G1 F1500 X133.351 Y90.925 E61.77943
M204 S5000
M205 X30 Y30
G0 F3600 X132.644 Y90.925
M204 S3000
M205 X20 Y20
G1 F1500 X135.235 Y93.516 E62.00794
M204 S5000
M205 X30 Y30
G0 F3600 X134.929 Y93.917
M204 S3000
M205 X20 Y20
G1 F1500 X131.937 Y90.925 E62.27182
M204 S5000
M205 X30 Y30
G0 F3600 X131.23 Y90.925
M204 S3000
M205 X20 Y20
G1 F1500 X134.679 Y94.374 E62.576
M204 S5000
M205 X30 Y30
G0 F3600 X134.495 Y94.897
M204 S3000
M205 X20 Y20
G1 F1500 X130.523 Y90.925 E62.92631
M204 S5000
M205 X30 Y30
G0 F3600 X129.816 Y90.925
M204 S3000
M205 X20 Y20
G1 F1500 X134.396 Y95.505 E63.33024
M204 S5000
M205 X30 Y30
G0 F3600 X134.413 Y96.229
M204 S3000
M205 X20 Y20
G1 F1500 X129.109 Y90.925 E63.79802
M204 S5000
M205 X30 Y30
G0 F3600 X128.402 Y90.925
M204 S3000
M205 X20 Y20
G1 F1500 X134.753 Y97.276 E64.35814
G1 X134.841 Y97.364
M204 S5000
M205 X30 Y30
G0 F3600 X135.311 Y97.092
G0 X136.486 Y98.243
G0 X136.248 Y98.771
M204 S3000
M205 X20 Y20
G1 F1500 X137.64 Y100.163 E64.48091
M204 S5000
M205 X30 Y30
G0 F3600 X137.183 Y100.414
M204 S3000
M205 X20 Y20
G1 F1500 X127.694 Y90.925 E65.31778
M204 S5000
M205 X30 Y30
G0 F3600 X126.987 Y90.925
M204 S3000
M205 X20 Y20
G1 F1500 X136.786 Y100.723 E66.18195
M204 S5000
M205 X30 Y30
G0 F3600 X136.424 Y101.068
M204 S3000
M205 X20 Y20
G1 F1500 X126.28 Y90.925 E67.07655
M204 S5000
M205 X30 Y30
G0 F3600 X125.573 Y90.925
M204 S3000
M205 X20 Y20
G1 F1500 X136.135 Y101.486 E68.00802
M204 S5000
M205 X30 Y30
G0 F3600 X135.885 Y101.944
M204 S3000
M205 X20 Y20
G1 F1500 X124.866 Y90.925 E68.97983
M204 S5000
M205 X30 Y30
G0 F3600 X124.159 Y90.925
M204 S3000
M205 X20 Y20
G1 F1500 X135.732 Y102.498 E70.0005
M204 S5000
M205 X30 Y30
G0 F3600 X135.637 Y103.111
M204 S3000
M205 X20 Y20
G1 F1500 X123.452 Y90.925 E71.07519
M204 S5000
M205 X30 Y30
G0 F3600 X122.745 Y90.925
M204 S3000
M205 X20 Y20
G1 F1500 X135.702 Y103.883 E72.21797
G1 X135.79 Y103.971
M204 S5000
M205 X30 Y30
G0 F3600 X136.288 Y103.871
G0 X136.149 Y105.037
M204 S3000
M205 X20 Y20
G1 F1500 X122.038 Y90.925 E73.46252
M204 S5000
M205 X30 Y30
G0 F3600 X121.331 Y90.925
M204 S3000
M205 X20 Y20
G1 F1500 X142.323 Y111.918 E75.31394
M204 S5000
M205 X30 Y30
G0 F3600 X142.323 Y112.625
M204 S3000
M205 X20 Y20
G1 F1500 X120.623 Y90.925 E77.22775
M204 S5000
M205 X30 Y30
G0 F3600 X119.916 Y90.925
M204 S3000
M205 X20 Y20
G1 F1500 X142.323 Y113.332 E79.20392
M204 S5000
M205 X30 Y30
G0 F3600 X142.323 Y114.039
M204 S3000
M205 X20 Y20
G1 F1500 X119.209 Y90.925 E81.24244
M204 S5000
M205 X30 Y30
G0 F3600 X118.502 Y90.925
M204 S3000
M205 X20 Y20
G1 F1500 X139.393 Y111.816 E83.08491
G1 X139.481 Y111.904
M204 S5000
M205 X30 Y30
G0 F3600 X139.183 Y112.365
G0 X138.241 Y112
G0 X138.303 Y111.432
M204 S3000
M205 X20 Y20
G1 F1500 X117.795 Y90.925 E84.89355
M204 S5000
M205 X30 Y30
G0 F3600 X117.088 Y90.925
M204 S3000
M205 X20 Y20
G1 F1500 X137.558 Y111.395 E86.69889
M204 S5000
M205 X30 Y30
G0 F3600 X136.939 Y111.483
M204 S3000
M205 X20 Y20
G1 F1500 X116.381 Y90.925 E88.51199
M204 S5000
M205 X30 Y30
G0 F3600 X115.674 Y90.925
M204 S3000
M205 X20 Y20
G1 F1500 X136.408 Y111.659 E90.34061
M204 S5000
M205 X30 Y30
G0 F3600 X135.949 Y111.907
M204 S3000
M205 X20 Y20
G1 F1500 X114.967 Y90.925 E92.1911
M204 S5000
M205 X30 Y30
G0 F3600 X114.259 Y90.925
M204 S3000
M205 X20 Y20
G1 F1500 X135.546 Y112.212 E94.06849
M204 S5000
M205 X30 Y30
G0 F3600 X135.193 Y112.565
M204 S3000
M205 X20 Y20
G1 F1500 X113.552 Y90.925 E95.97706
M204 S5000
M205 X30 Y30
G0 F3600 X112.845 Y90.925
M204 S3000
M205 X20 Y20
G1 F1500 X134.892 Y112.972 E97.92148
M204 S5000
M205 X30 Y30
G0 F3600 X134.656 Y113.443
M204 S3000
M205 X20 Y20
G1 F1500 X112.138 Y90.925 E99.90743
M204 S5000
M205 X30 Y30
G0 F3600 X111.431 Y90.925
M204 S3000
M205 X20 Y20
G1 F1500 X134.482 Y113.976 E101.9404
M204 S5000
M205 X30 Y30
G0 F3600 X134.394 Y114.595
M204 S3000
M205 X20 Y20
G1 F1500 X110.724 Y90.925 E104.02796
M204 S5000
M205 X30 Y30
G0 F3600 X110.017 Y90.925
M204 S3000
M205 X20 Y20
G1 F1500 X134.438 Y115.346 E106.18175
G1 X134.526 Y115.434
M204 S5000
M205 X30 Y30
G0 F3600 X135.023 Y115.324
G0 X134.89 Y116.505
M204 S3000
M205 X20 Y20
G1 F1500 X109.31 Y90.925 E108.43776
M204 S5000
M205 X30 Y30
G0 F3600 X108.603 Y90.925
M204 S3000
M205 X20 Y20
G1 F1500 X142.322 Y124.645 E111.41163
M204 S5000
M205 X30 Y30
G0 F3600 X142.192 Y125.221
M204 S3000
M205 X20 Y20
G1 F1500 X142.322 Y125.352 E111.42313
M204 S5000
M205 X30 Y30
G0 F3600 X142.899 Y125.352
G0 X142.899 Y123.938
G0 X142.322 Y123.938
M204 S3000
M205 X20 Y20
G1 F1500 X136.056 Y117.671 E111.9758
G1 X135.968 Y117.583
M204 S5000
M205 X30 Y30
G0 F3600 X136.297 Y117.136
G0 X137.253 Y117.503
G0 X137.155 Y118.063
M204 S3000
M205 X20 Y20
G1 F1500 X142.322 Y123.231 E112.43155
M204 S5000
M205 X30 Y30
G0 F3600 X142.322 Y122.523
M204 S3000
M205 X20 Y20
G1 F1500 X137.903 Y118.104 E112.82128
M204 S5000
M205 X30 Y30
G0 F3600 X138.549 Y118.042
M204 S3000
M205 X20 Y20
G1 F1500 X142.322 Y121.816 E113.15408
M204 S5000
M205 X30 Y30
G0 F3600 X142.322 Y121.109
M204 S3000
M205 X20 Y20
G1 F1500 X139.054 Y117.841 E113.4423
M204 S5000
M205 X30 Y30
G0 F3600 X139.523 Y117.603
M204 S3000
M205 X20 Y20
G1 F1500 X142.322 Y120.402 E113.68915
M204 S5000
M205 X30 Y30
G0 F3600 X142.322 Y119.695
M204 S3000
M205 X20 Y20
G1 F1500 X139.927 Y117.3 E113.90038
M204 S5000
M205 X30 Y30
G0 F3600 X140.289 Y116.955
M204 S3000
M205 X20 Y20
G1 F1500 X142.322 Y118.988 E114.07968
M204 S5000
M205 X30 Y30
G0 F3600 X142.322 Y118.281
M204 S3000
M205 X20 Y20
G1 F1500 X140.586 Y116.544 E114.23283
M204 S5000
M205 X30 Y30
G0 F3600 X140.84 Y116.091
M204 S3000
M205 X20 Y20
G1 F1500 X142.322 Y117.574 E114.36358
M204 S5000
M205 X30 Y30
G0 F3600 X142.322 Y116.867
M204 S3000
M205 X20 Y20
G1 F1500 X141.007 Y115.551 E114.47959
M204 S5000
M205 X30 Y30
G0 F3600 X141.096 Y114.933
M204 S3000
M205 X20 Y20
G1 F1500 X142.322 Y116.159 E114.58772
M204 S5000
M205 X30 Y30
G0 F3600 X142.322 Y115.452
M204 S3000
M205 X20 Y20
G1 F1500 X141.064 Y114.194 E114.69867
G1 X140.976 Y114.106
M204 S5000
M205 X30 Y30
G0 F3600 X140.489 Y114.202
G0 X140.693 Y113.116
M204 S3000
M205 X20 Y20
G1 F1500 X142.323 Y114.746 E114.84243
G1 X142.411 Y114.834
M204 S5000
M205 X30 Y30
G0 F3600 X142.899 Y114.834
G0 X142.899 Y111.21
G0 X142.323 Y111.21
M204 S3000
M205 X20 Y20
G1 F1500 X137.193 Y106.08 E115.29486
G1 X137.105 Y105.992
M204 S5000
M205 X30 Y30
G0 F3600 X137.398 Y105.54
G0 X138.494 Y106.005
G0 X138.389 Y106.569
M204 S3000
M205 X20 Y20
G1 F1500 X142.323 Y110.503 E115.64182
M204 S5000
M205 X30 Y30
G0 F3600 X142.323 Y109.796
M204 S3000
M205 X20 Y20
G1 F1500 X139.139 Y106.612 E115.92263
M204 S5000
M205 X30 Y30
G0 F3600 X139.782 Y106.548
M204 S3000
M205 X20 Y20
G1 F1500 X142.323 Y109.089 E116.14673
M204 S5000
M205 X30 Y30
G0 F3600 X142.323 Y108.382
M204 S3000
M205 X20 Y20
G1 F1500 X140.287 Y106.346 E116.32629
M204 S5000
M205 X30 Y30
G0 F3600 X140.762 Y106.114
M204 S3000
M205 X20 Y20
G1 F1500 X142.323 Y107.675 E116.46397
M204 S5000
M205 X30 Y30
G0 F3600 X142.323 Y106.968
M204 S3000
M205 X20 Y20
G1 F1500 X141.168 Y105.812 E116.56587
M204 S5000
M205 X30 Y30
G0 F3600 X141.528 Y105.465
M204 S3000
M205 X20 Y20
G1 F1500 X142.323 Y106.261 E116.63603
M204 S5000
M205 X30 Y30
G0 F3600 X142.323 Y105.554
M204 S3000
M205 X20 Y20
G1 F1500 X141.825 Y105.056 E116.67995
M204 S5000
M205 X30 Y30
G0 F3600 X142.078 Y104.602
M204 S3000
M205 X20 Y20
G1 F1500 X142.323 Y104.846 E116.70152
M204 S5000
M205 X30 Y30
G0 F3600 X142.327 Y104.144
M204 S3000
M205 X20 Y20
G1 F1500 X142.252 Y104.069 E116.70813
M204 S5000
M205 X30 Y30
G1 F1500 E110.20813
G0 F3600 X141.716 Y103.892
G0 X142.799 Y102.974
G1 F1500 E116.70813
G0 F3600 X142.32 Y102.015
M204 S3000
M205 X20 Y20
G1 F1500 X142.02 Y101.715 E116.73459
M204 S5000
M205 X30 Y30
G0 F3600 X142.323 Y101.311
M204 S3000
M205 X20 Y20
G1 F1500 X139.582 Y98.569 E116.97637
M204 S5000
M205 X30 Y30
G0 F3600 X139.978 Y98.259
M204 S3000
M205 X20 Y20
G1 F1500 X142.323 Y100.604 E117.18319
M204 S5000
M205 X30 Y30
G0 F3600 X142.323 Y99.897
M204 S3000
M205 X20 Y20
G1 F1500 X140.335 Y97.909 E117.35852
M204 S5000
M205 X30 Y30
G0 F3600 X140.621 Y97.488
M204 S3000
M205 X20 Y20
G1 F1500 X142.323 Y99.19 E117.50863
M204 S5000
M205 X30 Y30
G0 F3600 X142.323 Y98.483
M204 S3000
M205 X20 Y20
G1 F1500 X140.862 Y97.021 E117.63752
M204 S5000
M205 X30 Y30
G0 F3600 X141.035 Y96.487
M204 S3000
M205 X20 Y20
G1 F1500 X142.323 Y97.775 E117.75112
M204 S5000
M205 X30 Y30
G0 F3600 X142.224 Y96.969
M204 S3000
M205 X20 Y20
G1 F1500 X141.101 Y95.846 E117.85016
M204 S5000
M205 X30 Y30
G0 F3600 X141.697 Y95.735
M204 S3000
M205 X20 Y20
G1 F1500 X141.041 Y95.079 E117.90801
M204 S5000
M205 X30 Y30
G0 F3600 X140.488 Y95.192
G0 X140.49 Y96.273
G0 X139.753 Y97.692
G0 X138.905 Y98.281
G0 X139.117 Y98.812
M204 S3000
M205 X20 Y20
G1 F1500 X140.587 Y100.282 E118.03766
G1 X140.675 Y100.37
M204 S5000
M205 X30 Y30
G0 F3600 X140.39 Y100.833
G0 X139.531 Y99.933
M204 S3000
M205 X20 Y20
G1 F1500 X138.616 Y99.018 E118.11836
M204 S5000
M205 X30 Y30
G0 F3600 X137.989 Y99.098
M204 S3000
M205 X20 Y20
G1 F1500 X138.779 Y99.888 E118.18803
M204 S5000
M205 X30 Y30
G0 F3600 X138.172 Y99.988
M204 S3000
M205 X20 Y20
G1 F1500 X137.263 Y99.079 E118.2682
G1 X137.175 Y98.991
M204 S5000
M205 X30 Y30
G0 F3600 X137.25 Y98.504
G0 X138.509 Y98.505
G0 X139.796 Y97.749
G0 X140.458 Y96.605
G0 X140.561 Y95.247
G0 X140.049 Y94.047
G0 X141.323 Y94.546
G0 X142.116 Y95.426
G0 X142.558 Y96.332
G0 X142.838 Y97.603
G0 X142.834 Y125.499
G0 X142.545 Y126.812
G0 X141.802 Y127.611
G0 X141.778 Y125.607
G0 X141.05 Y124.256
G0 X139.746 Y123.491
G0 X138.554 Y123.486
G0 X138.48 Y122.924
M204 S3000
M205 X20 Y20
G1 F1500 X106.481 Y90.925 E121.09033
M204 S5000
M205 X30 Y30
G0 F3600 X105.774 Y90.925
M204 S3000
M205 X20 Y20
G1 F1500 X137.922 Y123.073 E123.9256
M204 S5000
M205 X30 Y30
G0 F3600 X137.415 Y123.273
M204 S3000
M205 X20 Y20
G1 F1500 X105.067 Y90.925 E126.7785
M204 S5000
M205 X30 Y30
G0 F3600 X104.36 Y90.925
M204 S3000
M205 X20 Y20
G1 F1500 X136.981 Y123.546 E129.65549
M204 S5000
M205 X30 Y30
G0 F3600 X136.613 Y123.885
M204 S3000
M205 X20 Y20
G1 F1500 X103.653 Y90.925 E132.56237
M204 S5000
M205 X30 Y30
G0 F3600 X102.946 Y90.925
M204 S3000
M205 X20 Y20
G1 F1500 X136.271 Y124.25 E135.50144
M204 S5000
M205 X30 Y30
G0 F3600 X136.015 Y124.701
M204 S3000
M205 X20 Y20
G1 F1500 X102.239 Y90.925 E138.48029
M204 S5000
M205 X30 Y30
G0 F3600 X101.532 Y90.925
M204 S3000
M205 X20 Y20
G1 F1500 X135.803 Y125.196 E141.5028
M204 S5000
M205 X30 Y30
G0 F3600 X135.666 Y125.767
M204 S3000
M205 X20 Y20
G1 F1500 X100.824 Y90.925 E144.57566
M204 S5000
M205 X30 Y30
G0 F3600 X100.117 Y90.925
M204 S3000
M205 X20 Y20
G1 F1500 X135.621 Y126.429 E147.70691
M204 S5000
M205 X30 Y30
G0 F3600 X135.808 Y127.323
M204 S3000
M205 X20 Y20
G1 F1500 X99.41 Y90.925 E150.91701
M204 S5000
M205 X30 Y30
G0 F3600 X98.703 Y90.925
M204 S3000
M205 X20 Y20
G1 F1500 X136.85 Y129.072 E154.28135
M204 S5000
M205 X30 Y30
G0 F3600 X136.143 Y129.072
M204 S3000
M205 X20 Y20
G1 F1500 X97.996 Y90.925 E157.6457
M204 S5000
M205 X30 Y30
G0 F3600 X97.289 Y90.925
M204 S3000
M205 X20 Y20
G1 F1500 X135.436 Y129.072 E161.01004
M204 S5000
M205 X30 Y30
G0 F3600 X134.729 Y129.072
M204 S3000
M205 X20 Y20
G1 F1500 X96.582 Y90.925 E164.37439
M204 S5000
M205 X30 Y30
G0 F3600 X95.875 Y90.925
M204 S3000
M205 X20 Y20
G1 F1500 X134.022 Y129.072 E167.73874
M204 S5000
M205 X30 Y30
G0 F3600 X133.315 Y129.072
M204 S3000
M205 X20 Y20
G1 F1500 X95.168 Y90.925 E171.10308
M204 S5000
M205 X30 Y30
G0 F3600 X94.46 Y90.925
M204 S3000
M205 X20 Y20
G1 F1500 X132.607 Y129.072 E174.46743
M204 S5000
M205 X30 Y30
G0 F3600 X131.9 Y129.072
M204 S3000
M205 X20 Y20
G1 F1500 X93.753 Y90.925 E177.83177
M204 S5000
M205 X30 Y30
G0 F3600 X93.046 Y90.925
M204 S3000
M205 X20 Y20
G1 F1500 X131.193 Y129.072 E181.19612
M204 S5000
M205 X30 Y30
G0 F3600 X130.486 Y129.072
M204 S3000
M205 X20 Y20
G1 F1500 X92.339 Y90.925 E184.56047
M204 S5000
M205 X30 Y30
G0 F3600 X91.632 Y90.925
M204 S3000
M205 X20 Y20
G1 F1500 X129.779 Y129.072 E187.92481
M204 S5000
M205 X30 Y30
G0 F3600 X129.072 Y129.072
M204 S3000
M205 X20 Y20
G1 F1500 X90.925 Y90.925 E191.28916
M204 S5000
M205 X30 Y30
G0 F3600 X90.218 Y90.925
M204 S3000
M205 X20 Y20
G1 F1500 X128.365 Y129.072 E194.65351
M204 S5000
M205 X30 Y30
G0 F3600 X127.658 Y129.072
M204 S3000
M205 X20 Y20
G1 F1500 X89.511 Y90.925 E198.01785
M204 S5000
M205 X30 Y30
G0 F3600 X88.804 Y90.925
M204 S3000
M205 X20 Y20
G1 F1500 X126.951 Y129.072 E201.3822
M204 S5000
M205 X30 Y30
G0 F3600 X126.244 Y129.072
M204 S3000
M205 X20 Y20
G1 F1500 X88.097 Y90.925 E204.74654
M204 S5000
M205 X30 Y30
G0 F3600 X87.389 Y90.925
M204 S3000
M205 X20 Y20
G1 F1500 X125.536 Y129.072 E208.11089
M204 S5000
M205 X30 Y30
G0 F3600 X124.829 Y129.072
M204 S3000
M205 X20 Y20
G1 F1500 X86.682 Y90.925 E211.47524
M204 S5000
M205 X30 Y30
G0 F3600 X85.975 Y90.925
M204 S3000
M205 X20 Y20
G1 F1500 X124.122 Y129.072 E214.83958
M204 S5000
M205 X30 Y30
G0 F3600 X123.415 Y129.072
M204 S3000
M205 X20 Y20
G1 F1500 X85.268 Y90.925 E218.20393
M204 S5000
M205 X30 Y30
G0 F3600 X84.561 Y90.925
M204 S3000
M205 X20 Y20
G1 F1500 X122.708 Y129.072 E221.56827
M204 S5000
M205 X30 Y30
G0 F3600 X122.001 Y129.072
M204 S3000
M205 X20 Y20
G1 F1500 X83.854 Y90.925 E224.93262
M204 S5000
M205 X30 Y30
G0 F3600 X83.147 Y90.925
M204 S3000
M205 X20 Y20
G1 F1500 X121.294 Y129.072 E228.29697
M204 S5000
M205 X30 Y30
G0 F3600 X120.587 Y129.072
M204 S3000
M205 X20 Y20
G1 F1500 X82.662 Y91.147 E231.64173
M204 S5000
M205 X30 Y30
G0 F3600 X82.537 Y91.73
M204 S3000
M205 X20 Y20
G1 F1500 X83.414 Y92.606 E231.71904
M204 S5000
M205 X30 Y30
G0 F3600 X82.493 Y92.393
M204 S3000
M205 X20 Y20
G1 F1500 X82.346 Y92.246 E231.732
M204 S5000
M205 X30 Y30
G0 F3600 X81.81 Y92.041
G0 X81.08 Y93.073
G0 X82.358 Y92.896
G0 X83.625 Y93.322
G0 X84.391 Y93.983
G0 X85.443 Y94.636
M204 S3000
M205 X20 Y20
G1 F1500 X119.88 Y129.072 E234.7691
M204 S5000
M205 X30 Y30
G0 F3600 X119.172 Y129.072
M204 S3000
M205 X20 Y20
G1 F1500 X85.597 Y95.496 E237.73027
M204 S5000
M205 X30 Y30
G0 F3600 X85.583 Y96.19
M204 S3000
M205 X20 Y20
G1 F1500 X118.465 Y129.072 E240.63027
M204 S5000
M205 X30 Y30
G0 F3600 X117.758 Y129.072
M204 S3000
M205 X20 Y20
G1 F1500 X85.462 Y96.776 E243.47859
M204 S5000
M205 X30 Y30
G0 F3600 X85.253 Y97.274
M204 S3000
M205 X20 Y20
G1 F1500 X117.051 Y129.072 E246.28299
M204 S5000
M205 X30 Y30
G0 F3600 X116.344 Y129.072
M204 S3000
M205 X20 Y20
G1 F1500 X84.975 Y97.703 E249.04956
M204 S5000
M205 X30 Y30
G0 F3600 X84.676 Y98.111
M204 S3000
M205 X20 Y20
G1 F1500 X115.637 Y129.072 E251.78014
M204 S5000
M205 X30 Y30
G0 F3600 X114.93 Y129.072
M204 S3000
M205 X20 Y20
G1 F1500 X84.277 Y98.419 E254.48356
M204 S5000
M205 X30 Y30
G0 F3600 X83.872 Y98.722
M204 S3000
M205 X20 Y20
G1 F1500 X114.223 Y129.072 E257.1603
M204 S5000
M205 X30 Y30
G0 F3600 X113.516 Y129.072
M204 S3000
M205 X20 Y20
G1 F1500 X83.362 Y98.918 E259.81971
M204 S5000
M205 X30 Y30
G0 F3600 X82.812 Y99.075
M204 S3000
M205 X20 Y20
G1 F1500 X112.808 Y129.072 E262.46523
M204 S5000
M205 X30 Y30
G0 F3600 X112.101 Y129.072
M204 S3000
M205 X20 Y20
G1 F1500 X82.148 Y99.118 E265.10695
M204 S5000
M205 X30 Y30
G0 F3600 X81.307 Y98.985
M204 S3000
M205 X20 Y20
G1 F1500 X82.619 Y100.297 E265.22266
G1 X82.707 Y100.385
M204 S5000
M205 X30 Y30
G0 F3600 X82.415 Y100.838
G0 X81.459 Y100.485
G0 X81.54 Y99.925
M204 S3000
M205 X20 Y20
G1 F1500 X77.978 Y96.363 E265.53681
M204 S5000
M205 X30 Y30
G0 F3600 X78.213 Y95.891
M204 S3000
M205 X20 Y20
G1 F1500 X79.008 Y96.686 E265.60693
M204 S5000
M205 X30 Y30
G0 F3600 X78.893 Y95.863
M204 S3000
M205 X20 Y20
G1 F1500 X78.496 Y95.467 E265.6419
M204 S5000
M205 X30 Y30
G0 F3600 X78.829 Y95.093
M204 S3000
M205 X20 Y20
G1 F1500 X78.915 Y95.179 E265.64948
M204 S5000
M205 X30 Y30
G0 F3600 X79.495 Y95.253
G0 X79.854 Y94.211
G0 X78.645 Y94.572
G0 X77.883 Y95.428
G0 X77.243 Y96.77
G0 X77.803 Y96.895
M204 S3000
M205 X20 Y20
G1 F1500 X80.798 Y99.89 E265.91362
M204 S5000
M205 X30 Y30
G0 F3600 X80.178 Y99.977
M204 S3000
M205 X20 Y20
G1 F1500 X77.676 Y97.475 E266.13428
M204 S5000
M205 X30 Y30
G0 F3600 X77.676 Y98.182
M204 S3000
M205 X20 Y20
G1 F1500 X79.653 Y100.159 E266.30864
M204 S5000
M205 X30 Y30
G0 F3600 X79.2 Y100.414
M204 S3000
M205 X20 Y20
G1 F1500 X77.676 Y98.889 E266.4431
M204 S5000
M205 X30 Y30
G0 F3600 X77.676 Y99.596
M204 S3000
M205 X20 Y20
G1 F1500 X78.778 Y100.699 E266.54033
M204 S5000
M205 X30 Y30
G0 F3600 X78.439 Y101.066
M204 S3000
M205 X20 Y20
G1 F1500 X77.676 Y100.303 E266.60762
M204 S5000
M205 X30 Y30
G0 F3600 X77.676 Y101.01
M204 S3000
M205 X20 Y20
G1 F1500 X78.152 Y101.487 E266.64965
M204 S5000
M205 X30 Y30
G0 F3600 X77.899 Y101.941
M204 S3000
M205 X20 Y20
G1 F1500 X77.676 Y101.718 E266.66931
M204 S5000
M205 X30 Y30
G0 F3600 X77.102 Y101.716
G0 X77.101 Y104.545
G0 X77.675 Y104.545
M204 S3000
M205 X20 Y20
G1 F1500 X78.143 Y105.013 E266.71059
M204 S5000
M205 X30 Y30
G0 F3600 X77.676 Y105.253
M204 S3000
M205 X20 Y20
G1 F1500 X101.494 Y129.071 E268.8112
M204 S5000
M205 X30 Y30
G0 F3600 X100.787 Y129.071
M204 S3000
M205 X20 Y20
G1 F1500 X85.467 Y113.752 E270.16229
M204 S5000
M205 X30 Y30
G0 F3600 X85.603 Y114.594
M204 S3000
M205 X20 Y20
G1 F1500 X100.08 Y129.071 E271.43908
M204 S5000
M205 X30 Y30
G0 F3600 X99.373 Y129.071
M204 S3000
M205 X20 Y20
G1 F1500 X85.569 Y115.267 E272.65651
M204 S5000
M205 X30 Y30
G0 F3600 X85.437 Y115.843
M204 S3000
M205 X20 Y20
G1 F1500 X98.666 Y129.071 E273.82319
M204 S5000
M205 X30 Y30
G0 F3600 X97.959 Y129.071
M204 S3000
M205 X20 Y20
G1 F1500 X85.221 Y116.333 E274.94661
M204 S5000
M205 X30 Y30
G0 F3600 X84.936 Y116.756
M204 S3000
M205 X20 Y20
G1 F1500 X97.251 Y129.071 E276.03272
M204 S5000
M205 X30 Y30
G0 F3600 X96.544 Y129.071
M204 S3000
M205 X20 Y20
G1 F1500 X84.626 Y117.153 E277.08382
M204 S5000
M205 X30 Y30
G0 F3600 X84.223 Y117.457
M204 S3000
M205 X20 Y20
G1 F1500 X95.837 Y129.071 E278.10811
M204 S5000
M205 X30 Y30
G0 F3600 X95.13 Y129.071
M204 S3000
M205 X20 Y20
G1 F1500 X83.82 Y117.761 E279.10559
M204 S5000
M205 X30 Y30
G0 F3600 X83.291 Y117.939
M204 S3000
M205 X20 Y20
G1 F1500 X94.423 Y129.071 E280.08736
M204 S5000
M205 X30 Y30
G0 F3600 X93.716 Y129.071
M204 S3000
M205 X20 Y20
G1 F1500 X82.732 Y118.087 E281.05609
M204 S5000
M205 X30 Y30
G0 F3600 X82.041 Y118.103
M204 S3000
M205 X20 Y20
G1 F1500 X93.009 Y129.071 E282.0234
M204 S5000
M205 X30 Y30
G0 F3600 X92.302 Y129.071
M204 S3000
M205 X20 Y20
G1 F1500 X81.156 Y117.926 E283.00637
G1 X81.068 Y117.838
M204 S5000
M205 X30 Y30
G0 F3600 X81.262 Y117.349
G0 X79.988 Y116.337
G0 X79.046 Y115.815
M204 S3000
M205 X20 Y20
G1 F1500 X77.676 Y114.445 E283.1272
M204 S5000
M205 X30 Y30
G0 F3600 X77.676 Y113.738
M204 S3000
M205 X20 Y20
G1 F1500 X78.891 Y114.954 E283.2344
M204 S5000
M205 X30 Y30
G0 F3600 X78.92 Y114.275
M204 S3000
M205 X20 Y20
G1 F1500 X77.676 Y113.031 E283.34411
M204 S5000
M205 X30 Y30
G0 F3600 X77.676 Y112.324
M204 S3000
M205 X20 Y20
G1 F1500 X79.06 Y113.709 E283.46622
M204 S5000
M205 X30 Y30
G0 F3600 X79.271 Y113.212
M204 S3000
M205 X20 Y20
G1 F1500 X77.676 Y111.617 E283.60689
M204 S5000
M205 X30 Y30
G0 F3600 X77.676 Y110.91
M204 S3000
M205 X20 Y20
G1 F1500 X79.533 Y112.767 E283.77067
M204 S5000
M205 X30 Y30
G0 F3600 X79.858 Y112.385
M204 S3000
M205 X20 Y20
G1 F1500 X77.676 Y110.203 E283.96311
M204 S5000
M205 X30 Y30
G0 F3600 X77.676 Y109.496
M204 S3000
M205 X20 Y20
G1 F1500 X80.231 Y112.051 E284.18844
M204 S5000
M205 X30 Y30
G0 F3600 X80.663 Y111.776
M204 S3000
M205 X20 Y20
G1 F1500 X77.676 Y108.789 E284.45188
M204 S5000
M205 X30 Y30
G0 F3600 X77.676 Y108.081
M204 S3000
M205 X20 Y20
G1 F1500 X81.165 Y111.57 E284.75959
M204 S5000
M205 X30 Y30
G0 F3600 X81.733 Y111.431
M204 S3000
M205 X20 Y20
G1 F1500 X77.676 Y107.374 E285.11739
M204 S5000
M205 X30 Y30
G0 F3600 X77.676 Y106.667
M204 S3000
M205 X20 Y20
G1 F1500 X82.389 Y111.381 E285.5331
M204 S5000
M205 X30 Y30
G0 F3600 X83.263 Y111.547
M204 S3000
M205 X20 Y20
G1 F1500 X77.676 Y105.96 E286.02584
G1 X77.588 Y105.872
M204 S5000
M205 X30 Y30
G1 F1500 E279.52584
G0 F3600 X77.101 Y105.872
G0 X78.512 Y104.717
G0 X79.538 Y105.627
G1 F1500 E286.02584
G0 F3600 X79.251 Y106.121
M204 S3000
M205 X20 Y20
G1 F1500 X102.201 Y129.071 E288.04989
M204 S5000
M205 X30 Y30
G0 F3600 X102.908 Y129.071
M204 S3000
M205 X20 Y20
G1 F1500 X80.402 Y106.565 E290.03479
M204 S5000
M205 X30 Y30
G0 F3600 X81.159 Y106.615
M204 S3000
M205 X20 Y20
G1 F1500 X103.615 Y129.071 E292.01528
M204 S5000
M205 X30 Y30
G0 F3600 X104.322 Y129.071
M204 S3000
M205 X20 Y20
G1 F1500 X81.776 Y106.524 E294.00376
M204 S5000
M205 X30 Y30
G0 F3600 X82.307 Y106.349
M204 S3000
M205 X20 Y20
G1 F1500 X105.03 Y129.071 E296.00775
M204 S5000
M205 X30 Y30
G0 F3600 X105.737 Y129.071
M204 S3000
M205 X20 Y20
G1 F1500 X82.773 Y106.107 E298.03304
M204 S5000
M205 X30 Y30
G0 F3600 X83.176 Y105.804
M204 S3000
M205 X20 Y20
G1 F1500 X106.444 Y129.071 E300.0851
M204 S5000
M205 X30 Y30
G0 F3600 X107.151 Y129.071
M204 S3000
M205 X20 Y20
G1 F1500 X83.541 Y105.462 E302.16732
M204 S5000
M205 X30 Y30
G0 F3600 X83.84 Y105.054
M204 S3000
M205 X20 Y20
G1 F1500 X107.858 Y129.071 E304.28553
M204 S5000
M205 X30 Y30
G0 F3600 X108.565 Y129.071
M204 S3000
M205 X20 Y20
G1 F1500 X84.09 Y104.596 E306.44408
M204 S5000
M205 X30 Y30
G0 F3600 X84.256 Y104.055
M204 S3000
M205 X20 Y20
G1 F1500 X109.272 Y129.071 E308.65035
M204 S5000
M205 X30 Y30
G0 F3600 X109.979 Y129.071
M204 S3000
M205 X20 Y20
G1 F1500 X84.36 Y103.452 E310.9098
M204 S5000
M205 X30 Y30
G0 F3600 X84.307 Y102.692
M204 S3000
M205 X20 Y20
G1 F1500 X110.687 Y129.072 E313.23636
M204 S5000
M205 X30 Y30
G0 F3600 X111.394 Y129.072
M204 S3000
M205 X20 Y20
G1 F1500 X83.92 Y101.598 E315.65941
G1 X83.832 Y101.51
M204 S5000
M205 X30 Y30
G1 F1500 E309.15941
G0 F3600 X83.358 Y101.763
G0 X83.785 Y103.08
G0 X83.568 Y104.342
G0 X82.595 Y105.539
G0 X81.485 Y106
G0 X80.199 Y106.009
G0 X77.201 Y110.654
G0 X77.101 Y115.152
G1 F1500 E315.65941
G0 F3600 X77.675 Y115.152
M204 S3000
M205 X20 Y20
G1 F1500 X91.595 Y129.071 E316.88703
M204 S5000
M205 X30 Y30
G0 F3600 X90.887 Y129.071
M204 S3000
M205 X20 Y20
G1 F1500 X77.675 Y115.859 E318.05226
M204 S5000
M205 X30 Y30
G0 F3600 X77.675 Y116.566
M204 S3000
M205 X20 Y20
G1 F1500 X90.18 Y129.071 E319.15513
M204 S5000
M205 X30 Y30
G0 F3600 X89.473 Y129.071
M204 S3000
M205 X20 Y20
G1 F1500 X77.675 Y117.273 E320.19564
M204 S5000
M205 X30 Y30
G0 F3600 X77.675 Y117.98
M204 S3000
M205 X20 Y20
G1 F1500 X88.766 Y129.071 E321.1738
M204 S5000
M205 X30 Y30
G0 F3600 X88.059 Y129.071
M204 S3000
M205 X20 Y20
G1 F1500 X84.218 Y125.23 E321.51256
M204 S5000
M205 X30 Y30
G0 F3600 X84.376 Y126.095
M204 S3000
M205 X20 Y20
G1 F1500 X87.352 Y129.071 E321.77502
M204 S5000
M205 X30 Y30
G0 F3600 X86.645 Y129.071
M204 S3000
M205 X20 Y20
G1 F1500 X84.33 Y126.756 E321.97919
M204 S5000
M205 X30 Y30
G0 F3600 X84.19 Y127.323
M204 S3000
M205 X20 Y20
G1 F1500 X85.938 Y129.071 E322.13336
M204 S5000
M205 X30 Y30
G0 F3600 X85.231 Y129.071
M204 S3000
M205 X20 Y20
G1 F1500 X83.975 Y127.815 E322.24413
M204 S5000
M205 X30 Y30
G0 F3600 X83.705 Y128.253
M204 S3000
M205 X20 Y20
G1 F1500 X84.524 Y129.071 E322.31632
M204 S5000
M205 X30 Y30
G0 F3600 X83.816 Y129.071
M204 S3000
M205 X20 Y20
G1 F1500 X83.37 Y128.624 E322.35569
M204 S5000
M205 X30 Y30
G0 F3600 X82.994 Y128.956
M204 S3000
M205 X20 Y20
G1 F1500 X83.109 Y129.071 E322.36584
M204 S5000
M205 X30 Y30
G0 F3600 X83.11 Y129.649
G0 X81.707 Y129.443
G0 X82.838 Y128.323
G0 X83.645 Y127.133
G0 X83.767 Y125.912
G0 X83.134 Y124.454
G0 X81.877 Y123.609
G0 X82.056 Y123.068
M204 S3000
M205 X20 Y20
G1 F1500 X77.675 Y118.687 E322.75222
M204 S5000
M205 X30 Y30
G0 F3600 X77.675 Y119.394
M204 S3000
M205 X20 Y20
G1 F1500 X81.168 Y122.887 E323.06028
M204 S5000
M205 X30 Y30
G0 F3600 X80.495 Y122.922
M204 S3000
M205 X20 Y20
G1 F1500 X77.675 Y120.102 E323.30899
M204 S5000
M205 X30 Y30
G0 F3600 X77.675 Y120.809
M204 S3000
M205 X20 Y20
G1 F1500 X79.931 Y123.064 E323.50791
M204 S5000
M205 X30 Y30
G0 F3600 X79.427 Y123.268
M204 S3000
M205 X20 Y20
G1 F1500 X77.675 Y121.516 E323.66242
M204 S5000
M205 X30 Y30
G0 F3600 X77.675 Y122.223
M204 S3000
M205 X20 Y20
G1 F1500 X78.995 Y123.543 E323.77884
M204 S5000
M205 X30 Y30
G0 F3600 X78.619 Y123.874
M204 S3000
M205 X20 Y20
G1 F1500 X77.675 Y122.93 E323.8621
M204 S5000
M205 X30 Y30
G0 F3600 X77.675 Y123.637
M204 S3000
M205 X20 Y20
G1 F1500 X78.29 Y124.252 E323.91634
M204 S5000
M205 X30 Y30
G0 F3600 X78.029 Y124.698
M204 S3000
M205 X20 Y20
G1 F1500 X77.675 Y124.344 E323.94756
M204 S5000
M205 X30 Y30
G0 F3600 X77.672 Y125.049
M204 S3000
M205 X20 Y20
G1 F1500 X77.822 Y125.198 E323.96074
M204 S5000
M205 X30 Y30
G0 F3600 X78.361 Y125.376
G0 X78.154 Y126.5
G0 X78.196 Y127.607
G0 X77.358 Y126.525
G0 X77.162 Y125.431
G0 X77.199 Y97.28
G0 X77.449 Y96.309
G0 X77.909 Y95.391
G0 X78.645 Y94.572
G0 X79.605 Y93.91
G0 X79.433 Y96.221
G0 X79.964 Y97.468
G0 X80.952 Y98.291
G0 X82.404 Y98.602
G0 X83.708 Y98.207
G0 X84.776 Y97.093
G0 X85.098 Y95.523
G0 X84.578 Y94.095
G0 X83.494 Y93.182
G0 X82.1 Y92.903
G0 X80.907 Y93.241
G0 X81.857 Y92.085
G0 X82.171 Y90.422
G0 X107.188 Y90.351
G0 X107.188 Y90.925
M204 S3000
M205 X20 Y20
G1 F1500 X139.152 Y122.889 E326.77978
M204 S5000
M205 X30 Y30
G0 F3600 X140.011 Y123.04
M204 S3000
M205 X20 Y20
G1 F1500 X107.896 Y90.925 E329.61214
G1 X107.808 Y90.837
M204 S5000
M205 X30 Y30
;MESH:NONMESH
G0 F600 X107.808 Y90.837 Z0.5
G0 F3600 X107.808 Y90.351
G0 X82.171 Y90.422
G0 X81.85 Y92.108
G0 X80.988 Y93.173
G0 X80.786 Y92.937
;TIME_ELAPSED:242.830620
;LAYER:1
M106 S255
M204 S3000
M205 X20 Y20
;TYPE:WALL-INNER
;MESH:Pi Holder.stl
G1 F2126.3 X80.299 Y93.256 E329.64356
G1 F2339 X79.965 Y93.338 E329.66043
G1 F2669.2 X79.399 Y93.55 E329.68641
G1 F2760 X78.704 Y93.983 E329.72046
G1 X78.179 Y94.427 E329.74904
G1 X77.608 Y95.074 E329.78492
G1 X77.195 Y95.823 E329.82048
G1 X76.888 Y96.634 E329.85653
G1 X76.751 Y97.576 E329.89611
G1 X76.75 Y125.486 E331.05647
G1 X76.802 Y125.943 E331.07559
G1 X77.002 Y126.817 E331.11287
G1 X77.39 Y127.625 E331.15013
G1 X77.893 Y128.361 E331.1872
G1 X78.538 Y128.96 E331.22379
G1 X79.125 Y129.36 E331.25332
G1 X79.928 Y129.746 E331.29037
G1 X80.806 Y129.948 E331.32782
G1 X81.266 Y130 E331.34707
G1 X138.734 Y130 E333.73631
G1 X139.194 Y129.948 E333.75556
G1 X140.072 Y129.746 E333.79301
G1 X140.875 Y129.36 E333.83006
G1 X141.616 Y128.853 E333.86738
G1 X142.212 Y128.21 E333.90383
G1 X142.61 Y127.625 E333.93325
G1 X142.996 Y126.821 E333.97033
G1 X143.198 Y125.944 E334.00775
G1 X143.25 Y125.485 E334.02695
G1 X143.25 Y97.572 E335.18744
G1 X143.112 Y96.634 E335.22686
G1 X142.806 Y95.823 E335.26289
G1 X142.388 Y95.068 E335.29877
G1 X141.819 Y94.425 E335.33447
G1 X141.296 Y93.983 E335.36294
G1 X140.598 Y93.549 E335.39711
G1 F2674.4 X140.036 Y93.338 E335.42287
G1 F2343 X139.7 Y93.255 E335.43982
G1 F2126.3 X139.214 Y92.936 E335.47119
G1 F2395.8 X138.737 Y92.326 E335.50828
G1 F2760 X138.429 Y91.739 E335.53584
G1 X138.25 Y91.014 E335.56688
G1 X138.25 Y90 E335.60904
G1 X81.75 Y90 E337.95804
G1 X81.75 Y91.009 E337.99999
G1 X81.581 Y91.698 E338.02948
G1 X81.262 Y92.327 E338.0588
G1 F2395.8 X80.786 Y92.937 E338.09586
M204 S5000
M205 X30 Y30
G0 F5400 X80.854 Y93.04
G0 X79.894 Y94.648
G0 X79.634 Y96.199
G0 X79.828 Y96.142
M204 S3000
M205 X20 Y20
G1 F2760 X79.815 Y95.5 E338.12256
G1 X79.831 Y95.341 E338.1292
G1 X80.019 Y94.707 E338.1567
G1 F2664.1 X80.311 Y94.265 E338.17951
G1 F2491 X80.603 Y93.823 E338.20391
G1 F2251.2 X81.144 Y93.482 E338.23651
G1 F2395.8 X81.749 Y93.354 E338.26613
G1 F2760 X82.354 Y93.301 E338.29138
G1 X82.699 Y93.339 E338.30581
G1 X83.262 Y93.521 E338.33041
G1 X83.64 Y93.73 E338.34837
G1 X84.12 Y94.17 E338.37544
G1 X84.254 Y94.343 E338.38453
G1 X84.558 Y94.913 E338.41139
G1 X84.692 Y95.535 E338.43785
G1 X84.691 Y95.974 E338.4561
G1 X84.543 Y96.639 E338.48442
G1 X84.197 Y97.252 E338.51369
G1 X83.739 Y97.698 E338.54026
G1 X83.339 Y97.953 E338.55999
G1 X82.735 Y98.156 E338.58648
G1 X82.302 Y98.205 E338.60459
G1 X81.623 Y98.131 E338.63299
G1 X80.963 Y97.847 E338.66286
G1 X80.415 Y97.389 E338.69256
G1 X80.018 Y96.788 E338.7225
G1 X79.828 Y96.142 E338.7505
M204 S5000
M205 X30 Y30
G0 F5400 X79.634 Y96.199
G0 X78.656 Y101.603
G0 X78.365 Y103.499
G0 X78.565 Y103.499
M204 S3000
M205 X20 Y20
G1 F2760 X78.596 Y102.784 E338.78025
G1 X78.83 Y102.115 E338.80972
G1 X79.202 Y101.582 E338.83674
G1 X79.526 Y101.295 E338.85474
G1 X79.98 Y101.02 E338.8768
G1 X80.415 Y100.868 E338.89596
G1 X81.023 Y100.8 E338.9214
G1 X81.526 Y100.857 E338.94244
G1 X82.083 Y101.046 E338.9669
G1 X82.465 Y101.275 E338.98541
G1 X82.962 Y101.768 E339.01452
G1 X83.293 Y102.364 E339.04286
G1 X83.438 Y102.998 E339.0699
G1 X83.445 Y103.428 E339.08778
G1 X83.302 Y104.12 E339.11716
G1 X82.957 Y104.741 E339.14669
G1 X82.467 Y105.216 E339.17507
G1 X82.081 Y105.452 E339.19388
G1 X81.481 Y105.659 E339.22026
G1 X81.115 Y105.698 E339.23557
G1 X80.486 Y105.643 E339.26182
G1 X80.273 Y105.588 E339.27096
G1 X79.632 Y105.279 E339.30055
G1 X79.107 Y104.801 E339.33007
G1 X78.739 Y104.19 E339.35972
G1 X78.576 Y103.629 E339.38401
G1 X78.565 Y103.499 E339.38943
M204 S5000
M205 X30 Y30
G0 F5400 X78.365 Y103.499
G0 X79.615 Y114.501
G0 X79.815 Y114.501
M204 S3000
M205 X20 Y20
G1 F2760 X79.846 Y114.284 E339.39855
G1 X80.08 Y113.615 E339.42801
G1 X80.452 Y113.082 E339.45503
G1 X80.776 Y112.795 E339.47303
G1 X81.184 Y112.546 E339.4929
G1 X81.677 Y112.366 E339.51472
G1 X82.306 Y112.294 E339.54104
G1 X82.741 Y112.348 E339.55927
G1 X83.346 Y112.549 E339.58577
G1 X83.721 Y112.787 E339.60424
G1 X84.201 Y113.247 E339.63188
G1 X84.55 Y113.881 E339.66197
G1 X84.697 Y114.535 E339.68984
G1 X84.687 Y115.007 E339.70946
G1 X84.548 Y115.624 E339.73576
G1 X84.202 Y116.251 E339.76553
G1 X83.721 Y116.713 E339.79326
G1 X83.346 Y116.951 E339.81173
G1 X82.74 Y117.152 E339.83827
G1 X82.277 Y117.2 E339.85762
G1 X81.644 Y117.133 E339.88409
G1 X81.068 Y116.894 E339.91001
G1 X80.882 Y116.779 E339.9191
G1 X80.357 Y116.301 E339.94862
G1 X79.989 Y115.69 E339.97828
G1 X79.826 Y115.129 E340.00257
G1 X79.815 Y114.501 E340.02868
M204 S5000
M205 X30 Y30
G0 F5400 X79.615 Y114.501
G0 X78.365 Y126.001
G0 X78.565 Y126.001
M204 S3000
M205 X20 Y20
G1 F2760 X78.57 Y125.906 E340.03263
G1 X78.739 Y125.31 E340.05839
G1 X78.83 Y125.115 E340.06734
G1 X79.202 Y124.582 E340.09436
G1 X79.526 Y124.295 E340.11235
G1 X80.085 Y123.976 E340.13911
G1 X80.499 Y123.855 E340.15704
G1 X81.041 Y123.8 E340.17969
G1 X81.488 Y123.847 E340.19838
G1 X82.081 Y124.048 E340.22441
G1 X82.467 Y124.284 E340.24322
G1 X82.958 Y124.76 E340.27165
G1 X83.287 Y125.354 E340.29988
G1 X83.428 Y125.949 E340.32531
G1 X83.446 Y126.386 E340.34349
G1 X83.322 Y127.022 E340.37043
G1 X83.004 Y127.657 E340.39996
G1 X82.522 Y128.168 E340.42916
G1 X82.099 Y128.451 E340.45032
G1 X81.446 Y128.661 E340.47884
G1 X81.042 Y128.705 E340.49573
G1 X80.412 Y128.631 E340.52211
G1 X79.999 Y128.49 E340.54025
G1 X79.494 Y128.185 E340.56478
G1 X79.202 Y127.918 E340.58123
G1 X78.83 Y127.385 E340.60825
G1 X78.739 Y127.19 E340.6172
G1 X78.569 Y126.583 E340.6434
G1 X78.565 Y126.001 E340.6676
M204 S5000
M205 X30 Y30
G0 F5400 X78.365 Y126.001
G0 X79.038 Y124.55
G0 X79.947 Y123.876
G0 X135.115 Y114.465
G0 X135.311 Y114.509
M204 S3000
M205 X20 Y20
G1 F2760 X135.461 Y113.853 E340.69558
G1 X135.814 Y113.233 E340.72524
G1 X136.279 Y112.787 E340.75203
G1 X136.654 Y112.549 E340.77049
G1 X137.259 Y112.348 E340.797
G1 X137.705 Y112.299 E340.81565
G1 X138.306 Y112.362 E340.84078
G1 X138.665 Y112.476 E340.85644
G1 X139.224 Y112.795 E340.88319
G1 X139.548 Y113.082 E340.90119
G1 X139.92 Y113.615 E340.92821
G1 X140.154 Y114.284 E340.95768
G1 X140.186 Y114.501 E340.9668
G1 X140.175 Y115.129 E340.99291
G1 X140.011 Y115.69 E341.01721
G1 X139.643 Y116.301 E341.04686
G1 X139.046 Y116.844 E341.08042
G1 X138.385 Y117.126 E341.11029
G1 X137.7 Y117.205 E341.13896
G1 X137.332 Y117.166 E341.15435
G1 X136.658 Y116.954 E341.18372
G1 X136.279 Y116.713 E341.20239
G1 X135.798 Y116.251 E341.23012
G1 X135.452 Y115.624 E341.2599
G1 X135.313 Y115.007 E341.28619
G1 X135.304 Y114.614 E341.30253
G1 X135.311 Y114.509 E341.30691
M204 S5000
M205 X30 Y30
G0 F5400 X135.115 Y114.465
G0 X136.361 Y103.519
G0 X136.555 Y103.477
M204 S3000
M205 X20 Y20
G1 F2760 X136.554 Y103.114 E341.322
G1 X136.559 Y103.021 E341.32587
G1 X136.706 Y102.364 E341.35386
G1 X137.038 Y101.768 E341.38223
G1 X137.535 Y101.276 E341.4113
G1 X137.919 Y101.044 E341.42995
G1 X138.475 Y100.857 E341.45434
G1 X138.977 Y100.8 E341.47535
G1 X139.585 Y100.869 E341.50079
G1 X139.984 Y101.003 E341.51829
G1 X140.555 Y101.343 E341.54592
G1 X140.904 Y101.711 E341.567
G1 X141.17 Y102.115 E341.58711
G1 X141.403 Y102.784 E341.61656
G1 X141.436 Y103.001 E341.62569
G1 X141.425 Y103.629 E341.6518
G1 X141.26 Y104.19 E341.67611
G1 X140.893 Y104.801 E341.70575
G1 X140.368 Y105.279 E341.73527
G1 X140.182 Y105.394 E341.74436
G1 X139.514 Y105.643 E341.774
G1 X138.885 Y105.698 E341.80025
G1 X138.511 Y105.653 E341.81591
G1 X137.919 Y105.452 E341.8419
G1 X137.533 Y105.216 E341.86071
G1 X137.04 Y104.738 E341.88926
G1 X136.696 Y104.107 E341.91914
G1 X136.555 Y103.477 E341.94598
M204 S5000
M205 X30 Y30
G0 F5400 X136.361 Y103.519
G0 X135.111 Y96.017
G0 X135.309 Y95.974
M204 S3000
M205 X20 Y20
G1 F2760 X135.304 Y95.614 E341.96095
G1 X135.308 Y95.535 E341.96424
G1 X135.443 Y94.91 E341.99082
G1 X135.746 Y94.343 E342.01755
G1 X135.88 Y94.17 E342.02665
G1 X136.36 Y93.73 E342.05372
G1 X136.738 Y93.521 E342.07168
G1 X137.301 Y93.339 E342.09627
G1 X137.701 Y93.296 E342.113
G1 X138.287 Y93.359 E342.1375
G1 F2395.8 X138.856 Y93.482 E342.16539
G1 F2254.9 X139.395 Y93.823 E342.19784
G1 F2491 X139.686 Y94.262 E342.2221
G1 F2664.1 X139.978 Y94.702 E342.24485
G1 F2760 X140.188 Y95.406 E342.27539
G1 X140.172 Y96.143 E342.30604
G1 X139.983 Y96.786 E342.3339
G1 X139.585 Y97.389 E342.36394
G1 X139.037 Y97.847 E342.39364
G1 X138.377 Y98.131 E342.42351
G1 X137.698 Y98.205 E342.4519
G1 X137.297 Y98.16 E342.46868
G1 X136.661 Y97.953 E342.49649
G1 X136.261 Y97.698 E342.51621
G1 X135.803 Y97.256 E342.54267
G1 X135.455 Y96.63 E342.57245
G1 X135.309 Y95.974 E342.60039
M204 S5000
M205 X30 Y30
G0 F5400 X135.111 Y96.017
G0 X135.165 Y114.982
G0 X136.379 Y125.906
G0 X136.572 Y125.949
M204 S3000
M205 X20 Y20
G1 F2760 X136.714 Y125.348 E342.62606
G1 X137.042 Y124.761 E342.65402
G1 X137.533 Y124.284 E342.68248
G1 X137.919 Y124.048 E342.70129
G1 X138.512 Y123.847 E342.72732
G1 X138.959 Y123.8 E342.74601
G1 X139.501 Y123.855 E342.76866
G1 X140.066 Y124.046 E342.79345
G1 X140.604 Y124.395 E342.82012
G1 X140.904 Y124.711 E342.83823
G1 X141.26 Y125.31 E342.8672
G1 X141.436 Y125.936 E342.89424
G1 X141.432 Y126.583 E342.92114
G1 X141.232 Y127.291 E342.95172
G1 X140.834 Y127.88 E342.98128
G1 X140.507 Y128.185 E342.99987
G1 X140.001 Y128.49 E343.02443
G1 X139.588 Y128.631 E343.04257
G1 X139.024 Y128.697 E343.06618
G1 X138.604 Y128.669 E343.08368
G1 X137.988 Y128.479 E343.11048
G1 X137.61 Y128.27 E343.12844
G1 X137.13 Y127.831 E343.15549
G1 X136.754 Y127.223 E343.18521
G1 X136.572 Y126.551 E343.21415
G1 X136.554 Y126.114 E343.23234
G1 X136.572 Y125.949 E343.23924
M204 S5000
M205 X30 Y30
G0 F5400 X137.054 Y126.114
M204 S3000
M205 X20 Y20
;TYPE:WALL-OUTER
G1 F1770 X137.06 Y126.059 E343.24154
G1 X137.175 Y125.556 E343.26299
G1 X137.459 Y125.049 E343.28715
G1 X137.845 Y124.675 E343.30949
G1 X138.105 Y124.514 E343.32221
G1 X138.626 Y124.334 E343.34513
G1 X138.927 Y124.3 E343.35772
G1 X139.447 Y124.352 E343.37945
G1 X139.806 Y124.473 E343.3952
G1 X140.257 Y124.755 E343.41731
G1 X140.486 Y124.985 E343.4308
G1 X140.772 Y125.419 E343.45241
G1 X140.934 Y125.969 E343.47625
G1 X140.934 Y126.527 E343.49945
G1 X140.782 Y127.046 E343.52193
G1 X140.487 Y127.515 E343.54497
G1 X140.225 Y127.771 E343.5602
G1 X139.784 Y128.039 E343.58165
G1 X139.476 Y128.143 E343.59517
G1 X138.974 Y128.199 E343.61617
G1 X138.631 Y128.169 E343.63048
G1 X138.098 Y127.982 E343.65397
G1 X137.826 Y127.809 E343.66737
G1 X137.433 Y127.413 E343.69056
G1 X137.191 Y126.979 E343.71122
G1 X137.06 Y126.441 E343.73424
G1 X137.054 Y126.114 E343.74784
M204 S5000
M205 X30 Y30
G0 F5400 X137.06 Y126.059
G0 X137.092 Y125.918
G0 X136.41 Y125.765
G0 X135.124 Y115.079
G0 X135.807 Y114.927
M204 S3000
M205 X20 Y20
G1 F1770 X135.804 Y114.614 E343.76086
G1 X135.806 Y114.579 E343.76231
G1 X135.923 Y114.06 E343.78443
G1 X136.199 Y113.558 E343.80825
G1 X136.593 Y113.176 E343.83106
G1 X136.851 Y113.016 E343.84369
G1 X137.375 Y112.834 E343.86675
G1 X137.7 Y112.799 E343.88034
G1 X138.216 Y112.854 E343.90191
G1 X138.556 Y112.973 E343.91689
G1 X138.964 Y113.222 E343.93676
G1 X139.201 Y113.442 E343.95021
G1 X139.502 Y113.889 E343.97261
G1 X139.686 Y114.463 E343.99767
G1 X139.682 Y115.043 E344.02178
G1 X139.532 Y115.546 E344.04361
G1 X139.227 Y116.024 E344.06718
G1 X138.771 Y116.418 E344.09224
G1 X138.255 Y116.637 E344.11554
G1 X137.725 Y116.699 E344.13773
G1 X137.376 Y116.666 E344.1523
G1 X136.87 Y116.495 E344.17451
G1 X136.593 Y116.324 E344.18804
G1 X136.205 Y115.946 E344.21056
G1 X135.932 Y115.462 E344.23366
G1 X135.807 Y114.927 E344.25651
M204 S5000
M205 X30 Y30
G0 F5400 X135.806 Y114.727
G0 X135.104 Y114.727
G0 X136.283 Y104.189
G0 X136.565 Y102.21
G0 X137.174 Y102.551
M204 S3000
M205 X20 Y20
G1 F1770 X137.453 Y102.053 E344.28024
G1 X137.863 Y101.661 E344.30382
G1 X138.098 Y101.518 E344.31526
G1 X138.614 Y101.337 E344.33799
G1 X138.974 Y101.301 E344.35303
G1 X139.475 Y101.357 E344.37399
G1 X139.79 Y101.464 E344.38782
G1 X140.257 Y101.755 E344.4107
G1 X140.486 Y101.985 E344.42419
G1 X140.752 Y102.389 E344.4443
G1 X140.936 Y102.963 E344.46936
G1 X140.932 Y103.543 E344.49348
G1 X140.771 Y104.083 E344.51691
G1 X140.429 Y104.577 E344.54189
G1 X139.986 Y104.934 E344.56554
G1 X139.46 Y105.146 E344.58912
G1 X138.975 Y105.199 E344.6094
G1 X138.626 Y105.166 E344.62398
G1 X138.125 Y104.996 E344.64597
G1 X137.845 Y104.825 E344.65961
G1 X137.459 Y104.451 E344.68196
G1 X137.175 Y103.945 E344.70608
G1 X137.055 Y103.413 E344.72875
G1 X137.054 Y103.114 E344.74119
G1 X137.057 Y103.07 E344.74302
G1 X137.174 Y102.551 E344.76514
M204 S5000
M205 X30 Y30
G0 F5400 X137.271 Y102.377
G0 X136.662 Y102.036
G0 X136.283 Y100.518
G0 X135.104 Y95.614
G0 X135.804 Y95.614
M204 S3000
M205 X20 Y20
G1 F1770 X135.925 Y95.055 E344.78892
G1 X136.201 Y94.555 E344.81266
G1 X136.62 Y94.157 E344.83669
G1 X136.898 Y93.995 E344.85006
G1 X137.389 Y93.831 E344.87159
G1 X137.679 Y93.8 E344.88371
G1 X138.209 Y93.853 E344.90586
G1 X138.556 Y93.973 E344.92112
G1 X138.989 Y94.239 E344.94225
G1 X139.237 Y94.485 E344.95677
G1 X139.521 Y94.918 E344.9783
G1 X139.686 Y95.467 E345.00213
G1 X139.681 Y96.047 E345.02625
G1 X139.522 Y96.579 E345.04933
G1 X139.207 Y97.054 E345.07303
G1 X138.766 Y97.421 E345.09688
G1 X138.281 Y97.628 E345.11881
G1 X137.725 Y97.699 E345.14211
G1 X137.388 Y97.668 E345.15618
G1 X136.897 Y97.505 E345.17769
G1 X136.602 Y97.331 E345.19193
G1 X136.203 Y96.944 E345.21504
G1 X135.927 Y96.45 E345.23856
G1 X135.805 Y95.916 E345.26134
G1 X135.804 Y95.614 E345.27389
M204 S5000
M205 X30 Y30
G0 F5400 X135.846 Y95.419
G0 X135.16 Y95.265
G0 X81.351 Y92.526
G0 X80.833 Y92.056
M204 S3000
M205 X20 Y20
G1 F1770 X80.453 Y92.467 E345.29716
G1 X80.024 Y92.754 E345.31862
G1 X79.171 Y93.103 E345.35694
G1 X78.409 Y93.578 E345.39427
G1 X77.829 Y94.069 E345.42587
G1 X77.323 Y94.641 E345.45762
G1 X77.109 Y94.943 E345.473
G1 X76.739 Y95.613 E345.50483
G1 X76.465 Y96.34 E345.53713
G1 X76.375 Y96.688 E345.55207
G1 X76.251 Y97.54 E345.58787
G1 X76.25 Y125.514 E346.75089
G1 X76.308 Y126.027 E346.77235
G1 X76.486 Y126.803 E346.80545
G1 X76.612 Y127.161 E346.82123
G1 X76.956 Y127.875 E346.85418
G1 X77.399 Y128.525 E346.88689
G1 X77.647 Y128.816 E346.90278
G1 X78.226 Y129.352 E346.93558
G1 X78.875 Y129.794 E346.96823
G1 X79.589 Y130.138 E347.00118
G1 X79.947 Y130.264 E347.01696
G1 X80.722 Y130.442 E347.05002
G1 X81.238 Y130.5 E347.07161
G1 X138.762 Y130.5 E349.46318
G1 X139.278 Y130.442 E349.48476
G1 X140.053 Y130.264 E349.51782
G1 X140.411 Y130.138 E349.5336
G1 X141.125 Y129.794 E349.56655
G1 X141.777 Y129.349 E349.59937
G1 X142.068 Y129.101 E349.61527
G1 X142.604 Y128.522 E349.64807
G1 X143.044 Y127.875 E349.6806
G1 X143.388 Y127.16 E349.71359
G1 X143.514 Y126.803 E349.72933
G1 X143.692 Y126.028 E349.76239
G1 X143.75 Y125.513 E349.78394
G1 X143.75 Y97.536 E350.94708
G1 X143.625 Y96.686 E350.9828
G1 X143.535 Y96.34 E350.99767
G1 X143.261 Y95.613 E351.02997
G1 X142.889 Y94.942 E351.06186
G1 X142.675 Y94.639 E351.07729
G1 X142.169 Y94.067 E351.10904
G1 X141.591 Y93.578 E351.14051
G1 X140.826 Y93.102 E351.17797
G1 X139.975 Y92.753 E351.21621
G1 X139.527 Y92.453 E351.23863
G1 X139.152 Y92.039 E351.26185
G1 X138.894 Y91.543 E351.2851
G1 X138.75 Y90.952 E351.31039
G1 X138.75 Y89.5 E351.37075
G1 X81.25 Y89.5 E353.76133
G1 X81.25 Y90.948 E353.82153
G1 X81.105 Y91.546 E353.84711
G1 X80.833 Y92.056 E353.87114
M204 S5000
M205 X30 Y30
G0 F5400 X80.698 Y92.203
G0 X81.217 Y92.674
G0 X79.894 Y94.648
G0 X79.649 Y96.248
G0 X80.319 Y96.047
M204 S3000
M205 X20 Y20
G1 F1770 X80.315 Y95.5 E353.89388
G1 X80.32 Y95.447 E353.8961
G1 X80.479 Y94.918 E353.91906
G1 X80.763 Y94.485 E353.94059
G1 X81.011 Y94.24 E353.95508
G1 X81.444 Y93.973 E353.97623
G1 X81.803 Y93.852 E353.99198
G1 X82.276 Y93.801 E354.01176
G1 X82.611 Y93.831 E354.02575
G1 X83.102 Y93.995 E354.04727
G1 X83.38 Y94.157 E354.06064
G1 X83.799 Y94.555 E354.08467
G1 X84.075 Y95.055 E354.10841
G1 X84.195 Y95.587 E354.13109
G1 X84.195 Y95.916 E354.14477
G1 X84.075 Y96.451 E354.16756
G1 X83.804 Y96.934 E354.19059
G1 X83.413 Y97.319 E354.2134
G1 X83.141 Y97.488 E354.22671
G1 X82.639 Y97.662 E354.2488
G1 X82.323 Y97.7 E354.26204
G1 X81.751 Y97.642 E354.28594
G1 X81.231 Y97.419 E354.30946
G1 X80.793 Y97.054 E354.33317
G1 X80.478 Y96.579 E354.35686
G1 X80.319 Y96.047 E354.37995
M204 S5000
M205 X30 Y30
G0 F5400 X80.318 Y95.847
G0 X79.615 Y95.847
G0 X78.426 Y102.872
G0 X79.068 Y103.543
M204 S3000
M205 X20 Y20
G1 F1770 X79.065 Y103.499 E354.38178
G1 X79.075 Y102.928 E354.40552
G1 X79.248 Y102.389 E354.42906
G1 X79.513 Y101.985 E354.44915
G1 X79.743 Y101.755 E354.46267
G1 X80.21 Y101.464 E354.48555
G1 X80.525 Y101.356 E354.49939
G1 X81.043 Y101.3 E354.52105
G1 X81.386 Y101.337 E354.53539
G1 X81.858 Y101.497 E354.55611
G1 X82.137 Y101.661 E354.56957
G1 X82.547 Y102.053 E354.59315
G1 X82.826 Y102.551 E354.61689
G1 X82.945 Y103.086 E354.63967
G1 X82.945 Y103.413 E354.65327
G1 X82.825 Y103.945 E354.67594
G1 X82.541 Y104.451 E354.70006
G1 X82.155 Y104.825 E354.72241
G1 X81.895 Y104.986 E354.73512
G1 X81.374 Y105.166 E354.75804
G1 X81.074 Y105.2 E354.77059
G1 X80.502 Y105.142 E354.7945
G1 X80.014 Y104.934 E354.81655
G1 X79.571 Y104.577 E354.8402
G1 X79.229 Y104.083 E354.86518
G1 X79.068 Y103.543 E354.88861
M204 S5000
M205 X30 Y30
G0 F5400 X79.065 Y103.499
G0 X79.067 Y103.343
G0 X78.365 Y103.343
G0 X79.657 Y114.227
G0 X80.325 Y114.428
M204 S3000
M205 X20 Y20
G1 F1770 X80.498 Y113.889 E354.91215
G1 X80.799 Y113.442 E354.93455
G1 X81.036 Y113.222 E354.948
G1 X81.444 Y112.973 E354.96787
G1 X81.784 Y112.855 E354.98283
G1 X82.276 Y112.801 E355.00341
G1 X82.625 Y112.834 E355.01798
G1 X83.127 Y113.005 E355.04003
G1 X83.407 Y113.176 E355.05367
G1 X83.788 Y113.545 E355.07572
G1 X84.08 Y114.07 E355.1007
G1 X84.194 Y114.579 E355.12238
G1 X84.195 Y114.913 E355.13627
G1 X84.068 Y115.462 E355.1597
G1 X83.797 Y115.947 E355.1828
G1 X83.407 Y116.324 E355.20535
G1 X83.149 Y116.484 E355.21797
G1 X82.624 Y116.666 E355.24107
G1 X82.325 Y116.7 E355.25358
G1 X81.745 Y116.637 E355.27784
G1 X81.264 Y116.434 E355.29954
G1 X80.821 Y116.077 E355.3232
G1 X80.479 Y115.583 E355.34818
G1 X80.318 Y115.043 E355.3716
G1 X80.315 Y114.501 E355.39414
G1 X80.325 Y114.428 E355.3972
M204 S5000
M205 X30 Y30
G0 F5400 X80.386 Y114.238
G0 X79.715 Y114.036
G0 X78.365 Y125.969
G0 X79.066 Y125.969
M204 S3000
M205 X20 Y20
G1 F1770 X79.228 Y125.419 E355.42104
G1 X79.513 Y124.985 E355.44263
G1 X79.743 Y124.755 E355.45615
G1 X80.194 Y124.473 E355.47826
G1 X80.553 Y124.352 E355.49401
G1 X81.026 Y124.301 E355.51379
G1 X81.374 Y124.334 E355.52833
G1 X81.875 Y124.504 E355.55032
G1 X82.155 Y124.675 E355.56396
G1 X82.541 Y125.049 E355.58631
G1 X82.825 Y125.556 E355.61047
G1 X82.94 Y126.059 E355.63192
G1 X82.946 Y126.386 E355.64552
G1 X82.826 Y126.948 E355.66941
G1 X82.567 Y127.413 E355.69154
G1 X82.174 Y127.809 E355.71473
G1 X81.881 Y127.995 E355.72916
G1 X81.36 Y128.169 E355.752
G1 X81.069 Y128.2 E355.76416
G1 X80.519 Y128.142 E355.78716
G1 X80.216 Y128.039 E355.80046
G1 X79.776 Y127.771 E355.82188
G1 X79.513 Y127.515 E355.83714
G1 X79.218 Y127.046 E355.86018
G1 X79.066 Y126.527 E355.88266
G1 X79.065 Y126.001 E355.90453
G1 X79.066 Y125.969 E355.90586
M204 S5000
M205 X30 Y30
G0 F5400 X79.122 Y125.778
G0 X78.453 Y125.576
G0 X78.091 Y126.743
M204 S3000
M205 X20 Y20
;TYPE:SKIN
G1 F1459.1 X78.089 Y125.865 E355.94339
G1 F1500 X78.099 Y125.791 E355.94649
G1 X78.295 Y125.145 E355.97456
G1 X78.439 Y124.843 E355.98847
G1 X78.856 Y124.252 E356.01854
G1 X79.286 Y123.884 E356.04207
G1 X79.892 Y123.544 E356.07096
G1 X80.405 Y123.388 E356.09325
G1 X81.031 Y123.325 E356.11941
G1 X81.563 Y123.377 E356.14163
G1 X82.29 Y123.618 E356.17347
G1 X82.769 Y123.913 E356.19686
G1 X83.345 Y124.478 E356.23041
G1 X83.727 Y125.163 E356.26301
G1 X83.925 Y125.982 E356.29805
G1 X83.891 Y126.657 E356.32614
G1 X83.768 Y127.185 E356.34868
G1 X83.4 Y127.918 E356.38278
G1 X83.201 Y128.172 E356.3962
G1 X82.822 Y128.535 E356.41802
G1 X82.312 Y128.883 E356.44369
G1 F1572.3 X81.556 Y129.1 E356.47488
G1 F1736.1 X81.055 Y129.136 E356.49292
G1 F1913.3 X80.297 Y129.028 E356.51788
G1 F2054.8 X79.843 Y128.862 E356.53255
G1 F2083.3 X79.262 Y128.521 E356.55272
G1 F1994.7 X78.886 Y128.19 E356.56838
G1 F1875 X78.479 Y127.674 E356.59024
G1 F1696.8 X78.296 Y127.319 E356.60492
G1 F1500 X78.091 Y126.743 E356.63034
M204 S5000
M205 X30 Y30
G0 F5400 X79.532 Y115.82
M204 S3000
M205 X20 Y20
G1 F1500 X79.357 Y115.214 E356.65656
G1 X79.34 Y114.512 E356.68575
G1 X79.396 Y114.129 E356.70185
G1 X79.67 Y113.37 E356.7354
G1 X80.106 Y112.753 E356.76681
G1 X80.528 Y112.389 E356.78997
G1 X80.973 Y112.122 E356.81155
G1 X81.56 Y111.905 E356.83757
G1 X82.307 Y111.815 E356.86885
G1 X82.853 Y111.886 E356.89174
G1 X83.537 Y112.118 E356.92177
G1 X84.006 Y112.393 E356.94437
G1 X84.586 Y112.972 E356.97845
G1 X84.998 Y113.702 E357.0133
G1 X85.159 Y114.431 E357.04433
G1 X85.17 Y114.957 E357.06621
G1 X85.007 Y115.775 E357.10089
G1 X84.576 Y116.551 E357.13779
G1 X84.02 Y117.083 E357.16978
G1 X83.541 Y117.382 E357.19326
G1 X82.937 Y117.591 E357.21983
G1 X82.293 Y117.675 E357.24683
G1 X81.489 Y117.589 E357.28045
G1 X80.884 Y117.333 E357.30776
G1 X80.577 Y117.143 E357.32277
G1 X80.171 Y116.803 E357.34479
G1 X79.979 Y116.589 E357.35674
G1 X79.671 Y116.124 E357.37993
G1 X79.532 Y115.82 E357.39383
M204 S5000
M205 X30 Y30
G0 F5400 X78.011 Y103.71
M204 S3000
M205 X20 Y20
G1 F1173.7 X77.999 Y103.013 E357.43087
G1 F1080.7 X78.032 Y102.664 E357.4511
G1 F1098.1 X78.066 Y102.619 E357.4543
G1 F1293.1 X78.439 Y101.843 E357.49582
G1 F1500 X78.839 Y101.277 E357.52464
G1 X79.241 Y100.916 E357.5471
G1 X79.761 Y100.598 E357.57244
G1 X80.34 Y100.393 E357.59798
G1 X81.019 Y100.323 E357.62636
G1 X81.621 Y100.392 E357.65155
G1 X82.285 Y100.612 E357.68063
G1 X82.76 Y100.898 E357.70368
G1 X83.347 Y101.488 E357.73828
G1 X83.74 Y102.186 E357.77159
G1 X83.905 Y102.905 E357.80226
G1 X83.92 Y103.539 E357.82862
G1 X83.728 Y104.336 E357.86271
G1 X83.318 Y105.059 E357.89726
G1 X82.782 Y105.571 E357.92808
G1 X82.281 Y105.886 E357.95268
G1 X81.622 Y106.109 E357.98161
G1 X81.058 Y106.175 E358.00522
G1 X80.395 Y106.109 E358.03292
G1 X80.087 Y106.025 E358.04619
G1 X79.634 Y105.833 E358.06664
G1 X79.327 Y105.643 E358.08165
G1 X78.948 Y105.328 E358.10214
G1 X78.729 Y105.091 E358.11556
G1 X78.421 Y104.624 E358.13882
G1 F1431.3 X78.216 Y104.167 E358.16064
G1 F1311.2 X78.011 Y103.71 E358.18446
M204 S5000
M205 X30 Y30
G0 F5400 X78.644 Y102.148
G0 X79.371 Y101.228
G0 X80.303 Y100.756
G0 X135.088 Y94.546
M204 S3000
M205 X20 Y20
G1 F1500 X135.33 Y94.113 E358.20509
G1 X135.551 Y93.827 E358.22011
G1 X135.928 Y93.466 E358.24181
G1 X136.431 Y93.12 E358.2672
G1 X137.181 Y92.879 E358.29995
G1 X137.692 Y92.818 E358.32134
G1 X138.605 Y92.917 E358.35952
G1 X138.326 Y92.57 E358.37804
G1 X137.98 Y91.909 E358.40905
G1 X137.775 Y91.078 E358.44464
G1 X137.775 Y90.475 E358.46971
G1 X82.225 Y90.475 E360.77921
G1 X82.225 Y91.072 E360.80403
G1 X82.01 Y91.941 E360.84125
G1 X81.614 Y92.639 E360.87461
G1 X81.392 Y92.919 E360.88947
G1 X82.304 Y92.817 E360.92762
G1 X82.819 Y92.879 E360.94919
G1 X83.569 Y93.12 E360.98194
G1 X84.071 Y93.465 E361.00726
G1 X84.449 Y93.827 E361.02902
G1 X84.67 Y94.113 E361.04405
G1 X85.01 Y94.747 E361.07396
G1 X85.161 Y95.459 E361.10422
G1 X85.164 Y96.026 E361.12779
G1 X84.999 Y96.793 E361.16041
G1 X84.578 Y97.54 E361.19606
G1 X84.04 Y98.066 E361.22734
G1 X83.552 Y98.382 E361.25151
G1 X82.82 Y98.625 E361.28358
G1 X82.306 Y98.684 E361.30509
G1 X81.508 Y98.598 E361.33846
G1 X80.711 Y98.257 E361.3745
G1 X80.061 Y97.714 E361.40971
G1 X79.584 Y96.997 E361.44551
G1 X79.362 Y96.236 E361.47847
G1 X79.336 Y95.339 E361.51578
G1 X79.546 Y94.643 E361.546
G1 X79.684 Y94.35 E361.55947
G1 X80.011 Y93.842 E361.58459
G1 X79.607 Y93.979 E361.60232
G1 X79.005 Y94.356 E361.63185
G1 X78.511 Y94.769 E361.65862
G1 X78.001 Y95.344 E361.69058
G1 X77.628 Y96.022 E361.72275
G1 X77.348 Y96.773 E361.75607
G1 X77.226 Y97.613 E361.79136
G1 X77.226 Y102.021 E361.97463
G1 F1243.8 X77.33 Y102.614 E362.00481
G1 F1080.7 X77.317 Y103.02 E362.02825
G1 F1090.1 X77.323 Y103.79 E362.0723
G1 F1256.3 X77.226 Y104.471 E362.10645
G1 F1500 X77.225 Y125.46 E362.97907
G1 X77.271 Y125.862 E362.99589
G1 F1482.2 X77.46 Y126.664 E363.03056
G1 F1494 X77.79 Y127.371 E363.06313
G1 F1569 X78.183 Y128.019 E363.09325
G1 F1712.3 X78.753 Y128.6 E363.12289
G1 F1918.2 X79.331 Y129.002 E363.14578
G1 F1963.4 X80.106 Y129.37 E363.17304
G1 F1879.7 X80.88 Y129.526 E363.19923
G1 F1785.7 X81.291 Y129.558 E363.21363
G1 F1663 X81.835 Y129.541 E363.23404
G1 F1552.8 X82.379 Y129.524 E363.2559
G1 F1500 X137.755 Y129.524 E365.55816
G1 F1602.6 X138.708 Y129.557 E365.59527
G1 F1781.5 X139.112 Y129.527 E365.60945
G1 F1933 X139.783 Y129.39 E365.63155
G1 F2021.6 X140.088 Y129.283 E365.64152
G1 F1963.4 X140.76 Y128.957 E365.66524
G1 F1851.9 X141.365 Y128.511 E365.69055
G1 F1756.4 X141.864 Y127.931 E365.71772
G1 F1641.1 X142.205 Y127.392 E365.74196
G1 F1536.9 X142.543 Y126.665 E365.77449
G1 F1500 X142.729 Y125.862 E365.80876
G1 X142.775 Y125.457 E365.8257
G1 X142.775 Y104.474 E366.69807
G1 F1256.3 X142.678 Y103.789 E366.73242
G1 F1090.1 X142.684 Y103.005 E366.77727
G1 F1126.1 X142.7 Y102.471 E366.80686
G1 F1304.3 X142.775 Y101.702 E366.8438
G1 F1500 X142.775 Y97.605 E367.01413
G1 X142.652 Y96.772 E367.04914
G1 X142.373 Y96.023 E367.08237
G1 X141.995 Y95.341 E367.11479
G1 X141.484 Y94.766 E367.14677
G1 X141.014 Y94.369 E367.17235
G1 X140.389 Y93.978 E367.203
G1 X139.991 Y93.844 E367.22046
G1 X140.316 Y94.35 E367.24546
G1 X140.454 Y94.64 E367.25881
G1 X140.665 Y95.343 E367.28933
G1 X140.642 Y96.232 E367.3263
G1 X140.42 Y96.986 E367.35898
G1 X139.942 Y97.714 E367.39518
G1 X139.267 Y98.266 E367.43144
G1 X138.499 Y98.593 E367.46614
G1 X137.724 Y98.68 E367.49856
G1 X137.19 Y98.626 E367.52088
G1 X136.451 Y98.383 E367.55322
G1 X135.981 Y98.091 E367.57622
G1 X135.414 Y97.536 E367.60921
G1 X135.004 Y96.794 E367.64446
G1 X134.836 Y96.064 E367.6756
G1 X134.839 Y95.462 E367.70063
G1 X134.973 Y94.84 E367.72708
G1 X135.088 Y94.546 E367.74021
M204 S5000
M205 X30 Y30
G0 F5400 X136.079 Y103.519
M204 S3000
M205 X20 Y20
G1 F1500 X136.093 Y102.922 E367.76503
G1 X136.247 Y102.221 E367.79487
G1 X136.673 Y101.458 E367.8312
G1 X137.229 Y100.911 E367.86363
G1 X137.699 Y100.623 E367.88655
G1 X138.356 Y100.395 E367.91546
G1 X138.961 Y100.325 E367.94078
G1 X139.664 Y100.393 E367.97015
G1 X140.242 Y100.598 E367.99564
G1 X140.86 Y100.974 E368.02572
G1 X141.276 Y101.417 E368.05098
G1 X141.567 Y101.853 E368.07278
G1 F1304.3 X141.924 Y102.605 E368.11258
G1 F1104.6 X141.967 Y102.662 E368.11661
G1 F1076 X142 Y102.953 E368.13358
G1 F1170 X141.989 Y103.71 E368.17393
G1 F1368.6 X141.58 Y104.621 E368.21944
G1 F1500 X141.271 Y105.09 E368.24279
G1 X141.052 Y105.328 E368.25623
G1 X140.673 Y105.643 E368.27672
G1 X140.4 Y105.815 E368.29014
G1 X139.592 Y106.115 E368.32597
G1 X138.837 Y106.171 E368.35745
G1 X138.399 Y106.115 E368.3758
G1 X137.715 Y105.884 E368.40582
G1 X137.231 Y105.587 E368.42943
G1 X136.653 Y105.021 E368.46306
G1 X136.251 Y104.284 E368.49796
G1 X136.085 Y103.565 E368.52864
G1 X136.079 Y103.519 E368.53057
M204 S5000
M205 X30 Y30
G0 F5400 X134.832 Y114.462
M204 S3000
M205 X20 Y20
G1 F1500 X135.005 Y113.706 E368.56281
G1 X135.424 Y112.945 E368.59893
G1 X135.978 Y112.421 E368.63064
G1 X136.458 Y112.119 E368.65421
G1 X137.159 Y111.874 E368.68509
G1 X137.685 Y111.824 E368.70705
G1 X138.398 Y111.895 E368.73684
G1 X138.859 Y112.045 E368.757
G1 X139.506 Y112.414 E368.78796
G1 X139.886 Y112.746 E368.80894
G1 X140.331 Y113.373 E368.84091
G1 X140.604 Y114.129 E368.87433
G1 X140.659 Y114.468 E368.8886
G1 X140.643 Y115.216 E368.91971
G1 X140.454 Y115.857 E368.94749
G1 X140.311 Y116.156 E368.96127
G1 X140.021 Y116.589 E368.98294
G1 X139.802 Y116.828 E368.99642
G1 X139.423 Y117.143 E369.01691
G1 X139.115 Y117.332 E369.03193
G1 X138.469 Y117.598 E369.06097
G1 X137.736 Y117.675 E369.09162
G1 X137.147 Y117.614 E369.11624
G1 X136.461 Y117.381 E369.14636
G1 X136.002 Y117.099 E369.16875
G1 X135.449 Y116.569 E369.2006
G1 X135.01 Y115.82 E369.23669
G1 X134.833 Y115.048 E369.26962
G1 X134.83 Y114.498 E369.29249
G1 X134.832 Y114.462 E369.29399
M204 S5000
M205 X30 Y30
G0 F5400 X136.083 Y126.434
M204 S3000
M205 X20 Y20
G1 F1500 X136.079 Y126.375 E369.29645
G1 X136.112 Y125.833 E369.31902
G1 X136.302 Y125.117 E369.34982
G1 X136.682 Y124.44 E369.3821
G1 X137.24 Y123.907 E369.41418
G1 X137.687 Y123.625 E369.43615
G1 X138.405 Y123.383 E369.46765
G1 X138.861 Y123.327 E369.48675
G1 X139.709 Y123.396 E369.52213
G1 X140.281 Y123.624 E369.54773
G1 X140.927 Y124.044 E369.57976
G1 X141.302 Y124.45 E369.60274
G1 X141.567 Y124.853 E369.62279
G1 X141.713 Y125.169 E369.63726
G1 X141.914 Y125.821 E369.66563
G1 X141.905 Y126.647 E369.69997
G1 F1552.8 X141.703 Y127.314 E369.72796
G1 F1652 X141.555 Y127.605 E369.74029
G1 F1807.2 X141.146 Y128.164 E369.76419
G1 F1994.7 X140.735 Y128.524 E369.78127
G1 F2095 X140.176 Y128.854 E369.80059
G1 F2066.1 X139.692 Y129.03 E369.81614
G1 F1933 X139.071 Y129.123 E369.8364
G1 F1748.3 X138.501 Y129.108 E369.85674
G1 F1575.6 X137.844 Y128.932 E369.88366
G1 F1500 X137.351 Y128.672 E369.90683
G1 X136.775 Y128.145 E369.93929
G1 X136.574 Y127.876 E369.95325
G1 X136.218 Y127.156 E369.98664
G1 X136.083 Y126.434 E370.01718
M204 S5000
M205 X30 Y30
G0 F5400 X136.941 Y127.839
G0 X137.85 Y128.578
G0 X138.948 Y128.845
G0 X140.053 Y128.624
G0 X142.154 Y126.545
M204 S3000
M205 X20 Y20
G1 F1500 X142.36 Y126.34 E370.02926
M204 S5000
M205 X30 Y30
G0 F5400 X142.16 Y125.833
M204 S3000
M205 X20 Y20
G1 F1500 X142.52 Y125.473 E370.05043
M204 S5000
M205 X30 Y30
G0 F5400 X142.007 Y125.278
M204 S3000
M205 X20 Y20
G1 F1500 X142.523 Y124.762 E370.08077
M204 S5000
M205 X30 Y30
G0 F5400 X142.523 Y124.055
M204 S3000
M205 X20 Y20
G1 F1500 X141.803 Y124.775 E370.1231
M204 S5000
M205 X30 Y30
G0 F5400 X141.529 Y124.342
M204 S3000
M205 X20 Y20
G1 F1500 X142.523 Y123.348 E370.18154
M204 S5000
M205 X30 Y30
G0 F5400 X142.523 Y122.641
M204 S3000
M205 X20 Y20
G1 F1500 X141.196 Y123.968 E370.25957
M204 S5000
M205 X30 Y30
G0 F5400 X140.797 Y123.66
M204 S3000
M205 X20 Y20
G1 F1500 X142.523 Y121.934 E370.36105
M204 S5000
M205 X30 Y30
G0 F5400 X142.523 Y121.227
M204 S3000
M205 X20 Y20
G1 F1500 X140.362 Y123.388 E370.48811
M204 S5000
M205 X30 Y30
G0 F5400 X139.857 Y123.186
M204 S3000
M205 X20 Y20
G1 F1500 X142.523 Y120.519 E370.64489
M204 S5000
M205 X30 Y30
G0 F5400 X142.523 Y119.812
M204 S3000
M205 X20 Y20
G1 F1500 X139.229 Y123.107 E370.83859
M204 S5000
M205 X30 Y30
G0 F5400 X138.51 Y123.118
M204 S3000
M205 X20 Y20
G1 F1500 X142.523 Y119.105 E371.07454
M204 S5000
M205 X30 Y30
G0 F5400 X142.523 Y118.398
M204 S3000
M205 X20 Y20
G1 F1500 X137.433 Y123.488 E371.37381
G1 X137.345 Y123.576
M204 S5000
M205 X30 Y30
G0 F5400 X136.275 Y124.646
M204 S3000
M205 X20 Y20
G1 F1500 X131.647 Y129.274 E371.64592
M204 S5000
M205 X30 Y30
G0 F5400 X132.354 Y129.274
M204 S3000
M205 X20 Y20
G1 F1500 X135.871 Y125.757 E371.85271
M204 S5000
M205 X30 Y30
G0 F5400 X135.839 Y126.497
M204 S3000
M205 X20 Y20
G1 F1500 X133.061 Y129.274 E372.01601
M204 S5000
M205 X30 Y30
G0 F5400 X133.769 Y129.274
M204 S3000
M205 X20 Y20
G1 F1500 X135.95 Y127.093 E372.14425
M204 S5000
M205 X30 Y30
G0 F5400 X136.155 Y127.595
M204 S3000
M205 X20 Y20
G1 F1500 X134.476 Y129.274 E372.24297
M204 S5000
M205 X30 Y30
G0 F5400 X135.183 Y129.274
M204 S3000
M205 X20 Y20
G1 F1500 X136.4 Y128.057 E372.31452
M204 S5000
M205 X30 Y30
G0 F5400 X136.724 Y128.44
M204 S3000
M205 X20 Y20
G1 F1500 X135.89 Y129.274 E372.36356
M204 S5000
M205 X30 Y30
G0 F5400 X136.597 Y129.274
M204 S3000
M205 X20 Y20
G1 F1500 X137.095 Y128.776 E372.39284
M204 S5000
M205 X30 Y30
G0 F5400 X137.532 Y129.046
M204 S3000
M205 X20 Y20
G1 F1500 X137.304 Y129.274 E372.40624
M204 S5000
M205 X30 Y30
G0 F5400 X130.94 Y129.274
M204 S3000
M205 X20 Y20
G1 F1500 X142.523 Y117.691 E373.08728
M204 S5000
M205 X30 Y30
G0 F5400 X142.523 Y116.984
M204 S3000
M205 X20 Y20
G1 F1500 X130.233 Y129.274 E373.80988
M204 S5000
M205 X30 Y30
G0 F5400 X129.526 Y129.274
M204 S3000
M205 X20 Y20
G1 F1500 X142.523 Y116.277 E374.57406
M204 S5000
M205 X30 Y30
G0 F5400 X142.523 Y115.57
M204 S3000
M205 X20 Y20
G1 F1500 X128.819 Y129.274 E375.3798
M204 S5000
M205 X30 Y30
G0 F5400 X128.112 Y129.274
M204 S3000
M205 X20 Y20
G1 F1500 X142.523 Y114.863 E376.22711
M204 S5000
M205 X30 Y30
G0 F5400 X142.523 Y114.156
M204 S3000
M205 X20 Y20
G1 F1500 X140.644 Y116.035 E376.33759
M204 S5000
M205 X30 Y30
G0 F5400 X140.894 Y115.078
M204 S3000
M205 X20 Y20
G1 F1500 X142.523 Y113.448 E376.4334
M204 S5000
M205 X30 Y30
G0 F5400 X142.523 Y112.741
M204 S3000
M205 X20 Y20
G1 F1500 X140.89 Y114.375 E376.52944
M204 S5000
M205 X30 Y30
G0 F5400 X140.752 Y113.806
M204 S3000
M205 X20 Y20
G1 F1500 X142.523 Y112.034 E376.6336
M204 S5000
M205 X30 Y30
G0 F5400 X142.523 Y111.327
M204 S3000
M205 X20 Y20
G1 F1500 X140.565 Y113.286 E376.74875
M204 S5000
M205 X30 Y30
G0 F5400 X140.278 Y112.865
M204 S3000
M205 X20 Y20
G1 F1500 X142.523 Y110.62 E376.88075
M204 S5000
M205 X30 Y30
G0 F5400 X142.523 Y109.913
M204 S3000
M205 X20 Y20
G1 F1500 X139.957 Y112.479 E377.03162
M204 S5000
M205 X30 Y30
G0 F5400 X139.57 Y112.159
M204 S3000
M205 X20 Y20
G1 F1500 X142.523 Y109.206 E377.20525
M204 S5000
M205 X30 Y30
G0 F5400 X142.523 Y108.499
M204 S3000
M205 X20 Y20
G1 F1500 X139.117 Y111.905 E377.40551
M204 S5000
M205 X30 Y30
G0 F5400 X138.612 Y111.703
M204 S3000
M205 X20 Y20
G1 F1500 X142.523 Y107.792 E377.63546
M204 S5000
M205 X30 Y30
G0 F5400 X142.523 Y107.084
M204 S3000
M205 X20 Y20
G1 F1500 X138.006 Y111.602 E377.90107
M204 S5000
M205 X30 Y30
G0 F5400 X137.29 Y111.611
M204 S3000
M205 X20 Y20
G1 F1500 X142.523 Y106.377 E378.20878
M204 S5000
M205 X30 Y30
G0 F5400 X142.523 Y105.67
M204 S3000
M205 X20 Y20
G1 F1500 X136.223 Y111.971 E378.57922
G1 X136.135 Y112.059
M204 S5000
M205 X30 Y30
G0 F5400 X134.996 Y113.197
M204 S3000
M205 X20 Y20
G1 F1500 X118.919 Y129.274 E379.52449
M204 S5000
M205 X30 Y30
G0 F5400 X119.626 Y129.274
M204 S3000
M205 X20 Y20
G1 F1500 X134.615 Y114.286 E380.40576
M204 S5000
M205 X30 Y30
G0 F5400 X134.579 Y115.029
M204 S3000
M205 X20 Y20
G1 F1500 X120.334 Y129.274 E381.24331
M204 S5000
M205 X30 Y30
G0 F5400 X121.041 Y129.274
M204 S3000
M205 X20 Y20
G1 F1500 X134.704 Y115.611 E382.04664
M204 S5000
M205 X30 Y30
G0 F5400 X134.896 Y116.126
M204 S3000
M205 X20 Y20
G1 F1500 X121.748 Y129.274 E382.81969
M204 S5000
M205 X30 Y30
G0 F5400 X122.455 Y129.274
M204 S3000
M205 X20 Y20
G1 F1500 X135.158 Y116.571 E383.56658
M204 S5000
M205 X30 Y30
G0 F5400 X135.486 Y116.95
M204 S3000
M205 X20 Y20
G1 F1500 X123.162 Y129.274 E384.29118
M204 S5000
M205 X30 Y30
G0 F5400 X123.869 Y129.274
M204 S3000
M205 X20 Y20
G1 F1500 X135.85 Y117.293 E384.99562
M204 S5000
M205 X30 Y30
G0 F5400 X136.286 Y117.564
M204 S3000
M205 X20 Y20
G1 F1500 X124.576 Y129.274 E385.68412
M204 S5000
M205 X30 Y30
G0 F5400 X125.283 Y129.274
M204 S3000
M205 X20 Y20
G1 F1500 X136.799 Y117.758 E386.36122
M204 S5000
M205 X30 Y30
G0 F5400 X137.375 Y117.889
M204 S3000
M205 X20 Y20
G1 F1500 X125.99 Y129.274 E387.03061
M204 S5000
M205 X30 Y30
G0 F5400 X126.697 Y129.274
M204 S3000
M205 X20 Y20
G1 F1500 X138.081 Y117.89 E387.69995
G1 X138.169 Y117.802
M204 S5000
M205 X30 Y30
G0 F5400 X139.051 Y117.628
M204 S3000
M205 X20 Y20
G1 F1500 X127.405 Y129.274 E388.38469
G1 X127.317 Y129.362
M204 S5000
M205 X30 Y30
G0 F5400 X118.212 Y129.274
M204 S3000
M205 X20 Y20
G1 F1500 X142.523 Y104.963 E389.81408
M204 S5000
M205 X30 Y30
G0 F5400 X142.477 Y104.302
M204 S3000
M205 X20 Y20
G1 F1500 X117.505 Y129.274 E391.28234
M204 S5000
M205 X30 Y30
G0 F5400 X116.798 Y129.274
M204 S3000
M205 X20 Y20
G1 F1500 X139.751 Y106.321 E392.63189
M204 S5000
M205 X30 Y30
G0 F5400 X138.952 Y106.413
M204 S3000
M205 X20 Y20
G1 F1500 X116.091 Y129.274 E393.97603
M204 S5000
M205 X30 Y30
G0 F5400 X115.384 Y129.274
M204 S3000
M205 X20 Y20
G1 F1500 X138.311 Y106.347 E395.32405
M204 S5000
M205 X30 Y30
G0 F5400 X137.782 Y106.169
M204 S3000
M205 X20 Y20
G1 F1500 X114.677 Y129.274 E396.68253
M204 S5000
M205 X30 Y30
G0 F5400 X113.97 Y129.274
M204 S3000
M205 X20 Y20
G1 F1500 X137.314 Y105.93 E398.05507
M204 S5000
M205 X30 Y30
G0 F5400 X136.912 Y105.624
M204 S3000
M205 X20 Y20
G1 F1500 X113.262 Y129.274 E399.4456
M204 S5000
M205 X30 Y30
G0 F5400 X112.555 Y129.274
M204 S3000
M205 X20 Y20
G1 F1500 X136.555 Y105.275 E400.85668
M204 S5000
M205 X30 Y30
G0 F5400 X136.272 Y104.85
M204 S3000
M205 X20 Y20
G1 F1500 X111.848 Y129.274 E402.29272
M204 S5000
M205 X30 Y30
G0 F5400 X111.141 Y129.274
M204 S3000
M205 X20 Y20
G1 F1500 X136.024 Y104.392 E403.75571
M204 S5000
M205 X30 Y30
G0 F5400 X135.886 Y103.823
M204 S3000
M205 X20 Y20
G1 F1500 X110.434 Y129.274 E405.25216
M204 S5000
M205 X30 Y30
G0 F5400 X109.728 Y129.273
M204 S3000
M205 X20 Y20
G1 F1500 X135.835 Y103.166 E406.78716
M204 S5000
M205 X30 Y30
G0 F5400 X135.967 Y102.327
M204 S3000
M205 X20 Y20
G1 F1500 X109.021 Y129.273 E408.37148
M204 S5000
M205 X30 Y30
G0 F5400 X108.313 Y129.273
M204 S3000
M205 X20 Y20
G1 F1500 X138.892 Y98.695 E410.16938
M204 S5000
M205 X30 Y30
G0 F5400 X137.976 Y98.904
M204 S3000
M205 X20 Y20
G1 F1500 X107.606 Y129.273 E411.95499
M204 S5000
M205 X30 Y30
G0 F5400 X106.899 Y129.273
M204 S3000
M205 X20 Y20
G1 F1500 X137.292 Y98.881 E413.74195
M204 S5000
M205 X30 Y30
G0 F5400 X136.726 Y98.739
M204 S3000
M205 X20 Y20
G1 F1500 X106.192 Y129.273 E415.53723
M204 S5000
M205 X30 Y30
G0 F5400 X105.485 Y129.273
M204 S3000
M205 X20 Y20
G1 F1500 X136.223 Y98.536 E417.34448
M204 S5000
M205 X30 Y30
G0 F5400 X135.795 Y98.256
M204 S3000
M205 X20 Y20
G1 F1500 X104.778 Y129.273 E419.16816
M204 S5000
M205 X30 Y30
G0 F5400 X104.071 Y129.273
M204 S3000
M205 X20 Y20
G1 F1500 X135.436 Y97.908 E421.0123
M204 S5000
M205 X30 Y30
G0 F5400 X135.117 Y97.52
M204 S3000
M205 X20 Y20
G1 F1500 X103.364 Y129.273 E422.87926
M204 S5000
M205 X30 Y30
G0 F5400 X102.657 Y129.273
M204 S3000
M205 X20 Y20
G1 F1500 X134.863 Y97.067 E424.77284
M204 S5000
M205 X30 Y30
G0 F5400 X134.688 Y96.535
M204 S3000
M205 X20 Y20
G1 F1500 X101.949 Y129.273 E426.69774
M204 S5000
M205 X30 Y30
G0 F5400 X101.242 Y129.273
M204 S3000
M205 X20 Y20
G1 F1500 X134.585 Y95.931 E428.65815
M204 S5000
M205 X30 Y30
G0 F5400 X134.644 Y95.165
M204 S3000
M205 X20 Y20
G1 F1500 X100.535 Y129.273 E430.6636
M204 S5000
M205 X30 Y30
G0 F5400 X99.828 Y129.273
M204 S3000
M205 X20 Y20
G1 F1500 X135.111 Y93.991 E432.73808
G1 X135.199 Y93.903
M204 S5000
M205 X30 Y30
G0 F5400 X135.968 Y93.133
M204 S3000
M205 X20 Y20
G1 F1500 X137.617 Y91.485 E432.835
M204 S5000
M205 X30 Y30
G0 F5400 X137.767 Y92.042
M204 S3000
M205 X20 Y20
G1 F1500 X137.178 Y92.631 E432.86964
M204 S5000
M205 X30 Y30
G0 F5400 X137.921 Y92.594
M204 S3000
M205 X20 Y20
G1 F1500 X138.009 Y92.507 E432.87478
M204 S5000
M205 X30 Y30
G0 F5400 X137.528 Y90.867
M204 S3000
M205 X20 Y20
G1 F1500 X99.121 Y129.273 E435.13294
M204 S5000
M205 X30 Y30
G0 F5400 X98.414 Y129.273
M204 S3000
M205 X20 Y20
G1 F1500 X136.963 Y90.724 E437.39947
M204 S5000
M205 X30 Y30
G0 F5400 X136.256 Y90.724
M204 S3000
M205 X20 Y20
G1 F1500 X97.707 Y129.273 E439.666
M204 S5000
M205 X30 Y30
G0 F5400 X97 Y129.273
M204 S3000
M205 X20 Y20
G1 F1500 X135.549 Y90.724 E441.93254
M204 S5000
M205 X30 Y30
G0 F5400 X134.842 Y90.724
M204 S3000
M205 X20 Y20
G1 F1500 X96.293 Y129.273 E444.19907
M204 S5000
M205 X30 Y30
G0 F5400 X95.585 Y129.273
M204 S3000
M205 X20 Y20
G1 F1500 X134.135 Y90.724 E446.46563
M204 S5000
M205 X30 Y30
G0 F5400 X133.428 Y90.724
M204 S3000
M205 X20 Y20
G1 F1500 X94.878 Y129.273 E448.7322
M204 S5000
M205 X30 Y30
G0 F5400 X94.171 Y129.273
M204 S3000
M205 X20 Y20
G1 F1500 X132.721 Y90.724 E450.99876
M204 S5000
M205 X30 Y30
G0 F5400 X132.014 Y90.724
M204 S3000
M205 X20 Y20
G1 F1500 X93.464 Y129.273 E453.26532
M204 S5000
M205 X30 Y30
G0 F5400 X92.757 Y129.273
M204 S3000
M205 X20 Y20
G1 F1500 X131.306 Y90.724 E455.53185
M204 S5000
M205 X30 Y30
G0 F5400 X130.599 Y90.724
M204 S3000
M205 X20 Y20
G1 F1500 X92.05 Y129.273 E457.79839
M204 S5000
M205 X30 Y30
G0 F5400 X91.343 Y129.273
M204 S3000
M205 X20 Y20
G1 F1500 X129.892 Y90.724 E460.06492
M204 S5000
M205 X30 Y30
G0 F5400 X129.185 Y90.724
M204 S3000
M205 X20 Y20
G1 F1500 X90.636 Y129.273 E462.33145
M204 S5000
M205 X30 Y30
G0 F5400 X89.929 Y129.273
M204 S3000
M205 X20 Y20
G1 F1500 X128.478 Y90.724 E464.59799
M204 S5000
M205 X30 Y30
G0 F5400 X127.771 Y90.724
M204 S3000
M205 X20 Y20
G1 F1500 X89.222 Y129.273 E466.86452
M204 S5000
M205 X30 Y30
G0 F5400 X88.514 Y129.273
M204 S3000
M205 X20 Y20
G1 F1500 X127.064 Y90.724 E469.13108
M204 S5000
M205 X30 Y30
G0 F5400 X126.357 Y90.724
M204 S3000
M205 X20 Y20
G1 F1500 X87.807 Y129.273 E471.39765
M204 S5000
M205 X30 Y30
G0 F5400 X87.1 Y129.273
M204 S3000
M205 X20 Y20
G1 F1500 X125.65 Y90.724 E473.66421
M204 S5000
M205 X30 Y30
G0 F5400 X124.942 Y90.724
M204 S3000
M205 X20 Y20
G1 F1500 X86.393 Y129.273 E475.93074
M204 S5000
M205 X30 Y30
G0 F5400 X85.686 Y129.273
M204 S3000
M205 X20 Y20
G1 F1500 X124.235 Y90.724 E478.19728
M204 S5000
M205 X30 Y30
G0 F5400 X123.528 Y90.724
M204 S3000
M205 X20 Y20
G1 F1500 X84.979 Y129.273 E480.46381
M204 S5000
M205 X30 Y30
G0 F5400 X84.272 Y129.273
M204 S3000
M205 X20 Y20
G1 F1500 X122.821 Y90.724 E482.73034
M204 S5000
M205 X30 Y30
G0 F5400 X122.114 Y90.724
M204 S3000
M205 X20 Y20
G1 F1500 X83.565 Y129.273 E484.99688
M204 S5000
M205 X30 Y30
G0 F5400 X82.858 Y129.273
M204 S3000
M205 X20 Y20
G1 F1500 X121.407 Y90.724 E487.26341
M204 S5000
M205 X30 Y30
G0 F5400 X120.7 Y90.724
M204 S3000
M205 X20 Y20
G1 F1500 X83.857 Y127.567 E489.42964
G1 X83.769 Y127.655
M204 S5000
M205 X30 Y30
G0 F5400 X84.149 Y126.568
M204 S3000
M205 X20 Y20
G1 F1500 X119.993 Y90.724 E491.53713
M204 S5000
M205 X30 Y30
G0 F5400 X119.286 Y90.724
M204 S3000
M205 X20 Y20
G1 F1500 X84.152 Y125.858 E493.60287
M204 S5000
M205 X30 Y30
G0 F5400 X84.013 Y125.29
M204 S3000
M205 X20 Y20
G1 F1500 X118.578 Y90.724 E495.63519
M204 S5000
M205 X30 Y30
G0 F5400 X117.871 Y90.724
M204 S3000
M205 X20 Y20
G1 F1500 X83.806 Y124.79 E497.63811
M204 S5000
M205 X30 Y30
G0 F5400 X83.551 Y124.338
M204 S3000
M205 X20 Y20
G1 F1500 X117.164 Y90.724 E499.61446
M204 S5000
M205 X30 Y30
G0 F5400 X116.457 Y90.724
M204 S3000
M205 X20 Y20
G1 F1500 X83.198 Y123.984 E501.56999
M204 S5000
M205 X30 Y30
G0 F5400 X82.821 Y123.653
M204 S3000
M205 X20 Y20
G1 F1500 X115.75 Y90.724 E503.50609
M204 S5000
M205 X30 Y30
G0 F5400 X115.043 Y90.724
M204 S3000
M205 X20 Y20
G1 F1500 X82.381 Y123.386 E505.42649
M204 S5000
M205 X30 Y30
G0 F5400 X81.851 Y123.209
M204 S3000
M205 X20 Y20
G1 F1500 X114.336 Y90.724 E507.33648
M204 S5000
M205 X30 Y30
G0 F5400 X113.629 Y90.724
M204 S3000
M205 X20 Y20
G1 F1500 X81.258 Y123.095 E509.23977
M204 S5000
M205 X30 Y30
G0 F5400 X80.524 Y123.122
M204 S3000
M205 X20 Y20
G1 F1500 X112.922 Y90.724 E511.14465
M204 S5000
M205 X30 Y30
G0 F5400 X112.215 Y90.724
M204 S3000
M205 X20 Y20
G1 F1500 X79.414 Y123.525 E513.07322
G1 X79.326 Y123.613
M204 S5000
M205 X30 Y30
G0 F5400 X78.219 Y124.72
M204 S3000
M205 X20 Y20
G1 F1500 X77.476 Y125.462 E513.11688
M204 S5000
M205 X30 Y30
G0 F5400 X77.841 Y125.805
M204 S3000
M205 X20 Y20
G1 F1500 X77.579 Y126.067 E513.13228
M204 S5000
M205 X30 Y30
G0 F5400 X77.829 Y126.524
M204 S3000
M205 X20 Y20
G1 F1500 X77.729 Y126.624 E513.13816
M204 S5000
M205 X30 Y30
G0 F5400 X77.475 Y124.756
M204 S3000
M205 X20 Y20
G1 F1500 X111.507 Y90.724 E515.13911
M204 S5000
M205 X30 Y30
G0 F5400 X110.8 Y90.724
M204 S3000
M205 X20 Y20
G1 F1500 X77.475 Y124.049 E517.0985
M204 S5000
M205 X30 Y30
G0 F5400 X77.475 Y123.342
M204 S3000
M205 X20 Y20
G1 F1500 X82.983 Y117.834 E517.42235
M204 S5000
M205 X30 Y30
G0 F5400 X82.192 Y117.918
M204 S3000
M205 X20 Y20
G1 F1500 X77.475 Y122.635 E517.69969
M204 S5000
M205 X30 Y30
G0 F5400 X77.475 Y121.928
M204 S3000
M205 X20 Y20
G1 F1500 X81.556 Y117.847 E517.93964
M204 S5000
M205 X30 Y30
G0 F5400 X81.031 Y117.665
M204 S3000
M205 X20 Y20
G1 F1500 X77.475 Y121.221 E518.14871
M204 S5000
M205 X30 Y30
G0 F5400 X77.475 Y120.514
M204 S3000
M205 X20 Y20
G1 F1500 X80.564 Y117.424 E518.33037
M204 S5000
M205 X30 Y30
G0 F5400 X80.163 Y117.119
M204 S3000
M205 X20 Y20
G1 F1500 X77.475 Y119.807 E518.48841
M204 S5000
M205 X30 Y30
G0 F5400 X77.475 Y119.1
M204 S3000
M205 X20 Y20
G1 F1500 X79.805 Y116.77 E518.6254
M204 S5000
M205 X30 Y30
G0 F5400 X79.521 Y116.346
M204 S3000
M205 X20 Y20
G1 F1500 X77.475 Y118.393 E518.74573
M204 S5000
M205 X30 Y30
G0 F5400 X77.475 Y117.685
M204 S3000
M205 X20 Y20
G1 F1500 X79.287 Y115.874 E518.85224
M204 S5000
M205 X30 Y30
G0 F5400 X79.129 Y115.324
M204 S3000
M205 X20 Y20
G1 F1500 X77.475 Y116.978 E518.94949
M204 S5000
M205 X30 Y30
G0 F5400 X77.475 Y116.271
M204 S3000
M205 X20 Y20
G1 F1500 X79.093 Y114.653 E519.04462
M204 S5000
M205 X30 Y30
G0 F5400 X79.253 Y113.786
M204 S3000
M205 X20 Y20
G1 F1500 X77.475 Y115.564 E519.14916
M204 S5000
M205 X30 Y30
G0 F5400 X77.475 Y114.857
M204 S3000
M205 X20 Y20
G1 F1500 X101.609 Y90.723 E520.56815
M204 S5000
M205 X30 Y30
G0 F5400 X102.316 Y90.723
M204 S3000
M205 X20 Y20
G1 F1500 X81.309 Y111.73 E521.80328
M204 S5000
M205 X30 Y30
G0 F5400 X82.165 Y111.582
M204 S3000
M205 X20 Y20
G1 F1500 X103.023 Y90.723 E523.02968
M204 S5000
M205 X30 Y30
G0 F5400 X103.73 Y90.723
M204 S3000
M205 X20 Y20
G1 F1500 X82.825 Y111.628 E524.25881
M204 S5000
M205 X30 Y30
G0 F5400 X83.365 Y111.796
M204 S3000
M205 X20 Y20
G1 F1500 X104.437 Y90.723 E525.49779
M204 S5000
M205 X30 Y30
G0 F5400 X105.144 Y90.723
M204 S3000
M205 X20 Y20
G1 F1500 X83.853 Y112.014 E526.74962
M204 S5000
M205 X30 Y30
G0 F5400 X84.269 Y112.306
M204 S3000
M205 X20 Y20
G1 F1500 X105.851 Y90.723 E528.01859
M204 S5000
M205 X30 Y30
G0 F5400 X106.558 Y90.723
M204 S3000
M205 X20 Y20
G1 F1500 X84.623 Y112.659 E529.30832
M204 S5000
M205 X30 Y30
G0 F5400 X84.927 Y113.062
M204 S3000
M205 X20 Y20
G1 F1500 X107.265 Y90.723 E530.62173
M204 S5000
M205 X30 Y30
G0 F5400 X107.973 Y90.723
M204 S3000
M205 X20 Y20
G1 F1500 X85.18 Y113.516 E531.96187
M204 S5000
M205 X30 Y30
G0 F5400 X85.336 Y114.067
M204 S3000
M205 X20 Y20
G1 F1500 X108.68 Y90.723 E533.33441
M204 S5000
M205 X30 Y30
G0 F5400 X109.387 Y90.723
M204 S3000
M205 X20 Y20
G1 F1500 X85.412 Y114.698 E534.74405
M204 S5000
M205 X30 Y30
G0 F5400 X85.316 Y115.501
M204 S3000
M205 X20 Y20
G1 F1500 X110.093 Y90.724 E536.20084
G1 X110.181 Y90.636
M204 S5000
M205 X30 Y30
G0 F5400 X100.902 Y90.723
M204 S3000
M205 X20 Y20
G1 F1500 X77.475 Y114.15 E537.57826
M204 S5000
M205 X30 Y30
G0 F5400 X77.475 Y113.443
M204 S3000
M205 X20 Y20
G1 F1500 X100.194 Y90.723 E538.91408
M204 S5000
M205 X30 Y30
G0 F5400 X99.487 Y90.723
M204 S3000
M205 X20 Y20
G1 F1500 X77.475 Y112.736 E540.20833
M204 S5000
M205 X30 Y30
G0 F5400 X77.475 Y112.029
M204 S3000
M205 X20 Y20
G1 F1500 X98.78 Y90.723 E541.46101
M204 S5000
M205 X30 Y30
G0 F5400 X98.073 Y90.723
M204 S3000
M205 X20 Y20
G1 F1500 X77.475 Y111.321 E542.6721
M204 S5000
M205 X30 Y30
G0 F5400 X77.475 Y110.614
M204 S3000
M205 X20 Y20
G1 F1500 X81.766 Y106.324 E542.92436
M204 S5000
M205 X30 Y30
G0 F5400 X80.964 Y106.418
M204 S3000
M205 X20 Y20
G1 F1500 X77.475 Y109.907 E543.1295
M204 S5000
M205 X30 Y30
G0 F5400 X77.475 Y109.2
M204 S3000
M205 X20 Y20
G1 F1500 X80.327 Y106.348 E543.29719
M204 S5000
M205 X30 Y30
G0 F5400 X79.798 Y106.17
M204 S3000
M205 X20 Y20
G1 F1500 X77.475 Y108.493 E543.43377
M204 S5000
M205 X30 Y30
G0 F5400 X77.475 Y107.786
M204 S3000
M205 X20 Y20
G1 F1500 X79.326 Y105.935 E543.5426
M204 S5000
M205 X30 Y30
G0 F5400 X78.923 Y105.631
M204 S3000
M205 X20 Y20
G1 F1500 X77.475 Y107.079 E543.62774
M204 S5000
M205 X30 Y30
G0 F5400 X77.475 Y106.372
M204 S3000
M205 X20 Y20
G1 F1500 X78.565 Y105.281 E543.69186
M204 S5000
M205 X30 Y30
G0 F5400 X78.279 Y104.861
M204 S3000
M205 X20 Y20
G1 F1500 X77.475 Y105.665 E543.73913
M204 S5000
M205 X30 Y30
G0 F5400 X77.475 Y104.957
M204 S3000
M205 X20 Y20
G1 F1500 X78.041 Y104.391 E543.77241
M204 S5000
M205 X30 Y30
G0 F5400 X77.771 Y103.955
M204 S3000
M205 X20 Y20
G1 F1500 X77.557 Y104.168 E543.78496
M204 S5000
M205 X30 Y30
G0 F5400 X77.503 Y102.101
M204 S3000
M205 X20 Y20
G1 F1500 X80.967 Y98.637 E543.98863
M204 S5000
M205 X30 Y30
G0 F5400 X80.495 Y98.402
M204 S3000
M205 X20 Y20
G1 F1500 X77.476 Y101.421 E544.16614
M204 S5000
M205 X30 Y30
G0 F5400 X77.476 Y100.714
M204 S3000
M205 X20 Y20
G1 F1500 X80.11 Y98.079 E544.32103
M204 S5000
M205 X30 Y30
G0 F5400 X79.764 Y97.719
M204 S3000
M205 X20 Y20
G1 F1500 X77.476 Y100.007 E544.45556
M204 S5000
M205 X30 Y30
G0 F5400 X77.476 Y99.3
M204 S3000
M205 X20 Y20
G1 F1500 X79.482 Y97.294 E544.57351
M204 S5000
M205 X30 Y30
G0 F5400 X79.267 Y96.802
M204 S3000
M205 X20 Y20
G1 F1500 X77.476 Y98.593 E544.67881
M204 S5000
M205 X30 Y30
G0 F5400 X77.476 Y97.886
M204 S3000
M205 X20 Y20
G1 F1500 X79.108 Y96.254 E544.77476
M204 S5000
M205 X30 Y30
G0 F5400 X79.091 Y95.564
M204 S3000
M205 X20 Y20
G1 F1500 X77.553 Y97.102 E544.86519
G1 X77.465 Y97.19
M204 S5000
M205 X30 Y30
G0 F5400 X77.897 Y96.05
M204 S3000
M205 X20 Y20
G1 F1500 X79.27 Y94.678 E544.94589
G1 X79.358 Y94.59
M204 S5000
M205 X30 Y30
G0 F5400 X82.06 Y92.594
M204 S3000
M205 X20 Y20
G1 F1500 X83.931 Y90.723 E545.0559
M204 S5000
M205 X30 Y30
G0 F5400 X84.638 Y90.723
M204 S3000
M205 X20 Y20
G1 F1500 X82.742 Y92.62 E545.16741
M204 S5000
M205 X30 Y30
G0 F5400 X83.299 Y92.77
M204 S3000
M205 X20 Y20
G1 F1500 X85.345 Y90.723 E545.28773
M204 S5000
M205 X30 Y30
G0 F5400 X86.052 Y90.723
M204 S3000
M205 X20 Y20
G1 F1500 X83.8 Y92.976 E545.42017
M204 S5000
M205 X30 Y30
G0 F5400 X84.219 Y93.263
M204 S3000
M205 X20 Y20
G1 F1500 X86.759 Y90.723 E545.56951
M204 S5000
M205 X30 Y30
G0 F5400 X87.466 Y90.723
M204 S3000
M205 X20 Y20
G1 F1500 X84.583 Y93.607 E545.73905
M204 S5000
M205 X30 Y30
G0 F5400 X84.895 Y94.002
M204 S3000
M205 X20 Y20
G1 F1500 X88.174 Y90.723 E545.93184
M204 S5000
M205 X30 Y30
G0 F5400 X88.881 Y90.723
M204 S3000
M205 X20 Y20
G1 F1500 X85.142 Y94.463 E546.15171
M204 S5000
M205 X30 Y30
G0 F5400 X85.318 Y94.993
M204 S3000
M205 X20 Y20
G1 F1500 X89.588 Y90.723 E546.40277
M204 S5000
M205 X30 Y30
G0 F5400 X90.295 Y90.723
M204 S3000
M205 X20 Y20
G1 F1500 X85.414 Y95.604 E546.68976
M204 S5000
M205 X30 Y30
G0 F5400 X85.345 Y96.38
M204 S3000
M205 X20 Y20
G1 F1500 X91.002 Y90.723 E547.02237
M204 S5000
M205 X30 Y30
G0 F5400 X91.709 Y90.723
M204 S3000
M205 X20 Y20
G1 F1500 X84.824 Y97.609 E547.42721
M204 S5000
M205 X30 Y30
G0 F5400 X84.13 Y98.302
M204 S3000
M205 X20 Y20
G1 F1500 X82.136 Y100.297 E547.54448
M204 S5000
M205 X30 Y30
G0 F5400 X82.615 Y100.525
M204 S3000
M205 X20 Y20
G1 F1500 X92.416 Y90.723 E548.12077
M204 S5000
M205 X30 Y30
G0 F5400 X93.123 Y90.723
M204 S3000
M205 X20 Y20
G1 F1500 X83.032 Y100.815 E548.71411
M204 S5000
M205 X30 Y30
G0 F5400 X83.386 Y101.168
M204 S3000
M205 X20 Y20
G1 F1500 X93.83 Y90.723 E549.3282
M204 S5000
M205 X30 Y30
G0 F5400 X94.538 Y90.723
M204 S3000
M205 X20 Y20
G1 F1500 X83.683 Y101.578 E549.96644
M204 S5000
M205 X30 Y30
G0 F5400 X83.939 Y102.029
M204 S3000
M205 X20 Y20
G1 F1500 X95.245 Y90.723 E550.63119
M204 S5000
M205 X30 Y30
G0 F5400 X95.952 Y90.723
M204 S3000
M205 X20 Y20
G1 F1500 X84.087 Y102.588 E551.3288
M204 S5000
M205 X30 Y30
G0 F5400 X84.164 Y103.219
M204 S3000
M205 X20 Y20
G1 F1500 X96.659 Y90.723 E552.06349
M204 S5000
M205 X30 Y30
G0 F5400 X97.366 Y90.723
M204 S3000
M205 X20 Y20
G1 F1500 X84.059 Y104.03 E552.84589
G1 X83.971 Y104.118
M204 S5000
M205 X30 Y30
G0 F5400 X83.429 Y102.321
G0 X81.589 Y100.136
M204 S3000
M205 X20 Y20
G1 F1500 X82.854 Y98.871 E552.92027
M204 S5000
M205 X30 Y30
G0 F5400 X82.106 Y98.912
M204 S3000
M205 X20 Y20
G1 F1500 X80.941 Y100.078 E552.9888
M204 S5000
M205 X30 Y30
G0 F5400 X80.098 Y100.213
M204 S3000
M205 X20 Y20
G1 F1500 X81.467 Y98.844 E553.06929
G1 X81.555 Y98.756
M204 S5000
M205 X30 Y30
G0 F5400 X80.313 Y97.486
G0 X79.676 Y96.128
G0 X79.894 Y94.648
G0 X82.353 Y91.595
M204 S3000
M205 X20 Y20
G1 F1500 X83.224 Y90.723 E553.12053
G1 X83.312 Y90.635
M204 S5000
M205 X30 Y30
G0 F5400 X84.679 Y94.821
G0 X84.835 Y114.982
G0 X83.585 Y126.482
G0 X82.274 Y129.15
M204 S3000
M205 X20 Y20
G1 F1500 X82.136 Y129.288 E553.12864
M204 S5000
M205 X30 Y30
G0 F5400 X138.065 Y100.229
M204 S3000
M205 X20 Y20
G1 F1500 X142.149 Y96.145 E553.36877
M204 S5000
M205 X30 Y30
G0 F5400 X141.9 Y95.687
M204 S3000
M205 X20 Y20
G1 F1500 X140.711 Y96.876 E553.43867
M204 S5000
M205 X30 Y30
G0 F5400 X140.898 Y95.982
M204 S3000
M205 X20 Y20
G1 F1500 X141.603 Y95.277 E553.48013
M204 S5000
M205 X30 Y30
G0 F5400 X141.265 Y94.907
M204 S3000
M205 X20 Y20
G1 F1500 X140.903 Y95.269 E553.50141
M204 S5000
M205 X30 Y30
G0 F5400 X140.738 Y94.727
M204 S3000
M205 X20 Y20
G1 F1500 X140.881 Y94.584 E553.50982
M204 S5000
M205 X30 Y30
G0 F5400 X142.341 Y96.66
M204 S3000
M205 X20 Y20
G1 F1500 X138.925 Y100.076 E553.71067
M204 S5000
M205 X30 Y30
G0 F5400 X139.576 Y100.132
M204 S3000
M205 X20 Y20
G1 F1500 X142.467 Y97.242 E553.88062
M204 S5000
M205 X30 Y30
G0 F5400 X142.524 Y97.891
M204 S3000
M205 X20 Y20
G1 F1500 X140.124 Y100.291 E554.02173
M204 S5000
M205 X30 Y30
G0 F5400 X140.598 Y100.524
M204 S3000
M205 X20 Y20
G1 F1500 X142.524 Y98.598 E554.13497
M204 S5000
M205 X30 Y30
G0 F5400 X142.524 Y99.306
M204 S3000
M205 X20 Y20
G1 F1500 X141.035 Y100.795 E554.22252
M204 S5000
M205 X30 Y30
G0 F5400 X141.377 Y101.16
M204 S3000
M205 X20 Y20
G1 F1500 X142.524 Y100.013 E554.28995
M204 S5000
M205 X30 Y30
G0 F5400 X142.524 Y100.72
M204 S3000
M205 X20 Y20
G1 F1500 X141.677 Y101.567 E554.33975
M204 S5000
M205 X30 Y30
G0 F5400 X141.941 Y102.01
M204 S3000
M205 X20 Y20
G1 F1500 X142.524 Y101.427 E554.37403
M204 S5000
M205 X30 Y30
G0 F5400 X142.419 Y102.239
M204 S3000
M205 X20 Y20
G1 F1500 X142.204 Y102.454 E554.38667
M204 S5000
M205 X30 Y30
;MESH:NONMESH
G0 F600 X142.204 Y102.454 Z0.7
G0 F5400 X140.629 Y101.228
G0 X81.747 Y91.832
G0 X81.572 Y91.739
;TIME_ELAPSED:463.242746
;LAYER:2
M204 S3000
M205 X20 Y20
;TYPE:WALL-INNER
;MESH:Pi Holder.stl
G1 F4020 X81.261 Y92.326 E554.41429
G1 F3489.6 X80.787 Y92.936 E554.45129
G1 F3097.1 X80.303 Y93.254 E554.48254
G1 F3412.6 X79.964 Y93.337 E554.49964
G1 F3895.3 X79.399 Y93.551 E554.52556
G1 F4020 X78.704 Y93.983 E554.55958
G1 X78.179 Y94.427 E554.58817
G1 X77.608 Y95.074 E554.62404
G1 X77.195 Y95.823 E554.6596
G1 X76.888 Y96.634 E554.69566
G1 X76.751 Y97.576 E554.73523
G1 X76.75 Y125.486 E555.89559
G1 X76.802 Y125.943 E555.91472
G1 X77.002 Y126.817 E555.95199
G1 X77.39 Y127.625 E555.98926
G1 X77.893 Y128.361 E556.02632
G1 X78.538 Y128.96 E556.06292
G1 X79.125 Y129.36 E556.09245
G1 X79.928 Y129.746 E556.12949
G1 X80.806 Y129.948 E556.16695
G1 X81.266 Y130 E556.18619
G1 X138.734 Y130 E558.57544
G1 X139.194 Y129.948 E558.59468
G1 X140.072 Y129.746 E558.63214
G1 X140.875 Y129.36 E558.66918
G1 X141.616 Y128.853 E558.70651
G1 X142.212 Y128.21 E558.74296
G1 X142.61 Y127.625 E558.77238
G1 X142.996 Y126.821 E558.80945
G1 X143.198 Y125.944 E558.84687
G1 X143.25 Y125.485 E558.86608
G1 X143.25 Y97.572 E560.02656
G1 X143.112 Y96.634 E560.06598
G1 X142.806 Y95.823 E560.10202
G1 X142.388 Y95.068 E560.1379
G1 X141.819 Y94.425 E560.17359
G1 X141.296 Y93.983 E560.20206
G1 X140.599 Y93.55 E560.23618
G1 F3895.3 X140.037 Y93.338 E560.26195
G1 F3418.4 X139.697 Y93.253 E560.27908
G1 F3097.1 X139.213 Y92.935 E560.31034
G1 F3489.6 X138.738 Y92.323 E560.34744
G1 F4020 X138.43 Y91.743 E560.37474
G1 X138.25 Y91.015 E560.40592
G1 X138.25 Y90 E560.44812
G1 X81.75 Y90 E562.79712
G1 X81.75 Y91.009 E562.83907
G1 X81.572 Y91.739 E562.87031
M204 S5000
M205 X30 Y30
G0 F7200 X81.748 Y91.832
G0 X79.894 Y94.648
G0 X79.634 Y96.199
G0 X79.828 Y96.142
M204 S3000
M205 X20 Y20
G1 F4020 X79.815 Y95.5 E562.897
G1 X79.831 Y95.341 E562.90365
G1 X80.02 Y94.706 E562.93119
G1 F3880.3 X80.313 Y94.264 E562.95403
G1 F3628.2 X80.607 Y93.821 E562.97852
G1 F3279 X81.144 Y93.482 E563.01089
G1 F3489.6 X81.717 Y93.358 E563.03897
G1 F4020 X82.302 Y93.295 E563.06343
G1 X82.701 Y93.339 E563.08012
G1 X83.262 Y93.521 E563.10464
G1 X83.64 Y93.73 E563.1226
G1 X84.12 Y94.17 E563.14967
G1 X84.254 Y94.343 E563.15877
G1 X84.558 Y94.913 E563.18563
G1 X84.692 Y95.535 E563.21208
G1 X84.691 Y95.974 E563.23033
G1 X84.543 Y96.639 E563.25866
G1 X84.197 Y97.252 E563.28792
G1 X83.739 Y97.698 E563.3145
G1 X83.339 Y97.953 E563.33422
G1 X82.735 Y98.156 E563.36071
G1 X82.302 Y98.205 E563.37883
G1 X81.623 Y98.131 E563.40723
G1 X80.963 Y97.847 E563.4371
G1 X80.415 Y97.389 E563.46679
G1 X80.018 Y96.788 E563.49674
G1 X79.828 Y96.142 E563.52473
M204 S5000
M205 X30 Y30
G0 F7200 X79.634 Y96.199
G0 X78.365 Y103.001
G0 X78.565 Y103.001
M204 S3000
M205 X20 Y20
G1 F4020 X78.596 Y102.784 E563.53385
G1 X78.83 Y102.115 E563.56331
G1 X79.202 Y101.582 E563.59034
G1 X79.526 Y101.295 E563.60833
G1 X79.98 Y101.02 E563.6304
G1 X80.415 Y100.868 E563.64956
G1 X81.023 Y100.8 E563.67499
G1 X81.526 Y100.857 E563.69604
G1 X82.083 Y101.046 E563.72049
G1 X82.465 Y101.275 E563.73901
G1 X82.962 Y101.768 E563.76811
G1 X83.293 Y102.364 E563.79646
G1 X83.438 Y102.998 E563.8235
G1 X83.445 Y103.428 E563.84138
G1 X83.302 Y104.12 E563.87075
G1 X82.957 Y104.741 E563.90029
G1 X82.467 Y105.216 E563.92866
G1 X82.081 Y105.452 E563.94747
G1 X81.481 Y105.659 E563.97386
G1 X81.115 Y105.698 E563.98916
G1 X80.486 Y105.643 E564.01541
G1 X80.273 Y105.588 E564.02456
G1 X79.632 Y105.279 E564.05414
G1 X79.107 Y104.801 E564.08366
G1 X78.739 Y104.19 E564.11331
G1 X78.576 Y103.629 E564.1376
G1 X78.565 Y103.001 E564.16372
M204 S5000
M205 X30 Y30
G0 F7200 X78.365 Y103.001
G0 X79.615 Y114.501
G0 X79.815 Y114.501
M204 S3000
M205 X20 Y20
G1 F4020 X79.846 Y114.284 E564.17283
G1 X80.08 Y113.615 E564.2023
G1 X80.452 Y113.082 E564.22932
G1 X80.776 Y112.795 E564.24731
G1 X81.184 Y112.546 E564.26719
G1 X81.677 Y112.366 E564.28901
G1 X82.306 Y112.294 E564.31533
G1 X82.741 Y112.348 E564.33355
G1 X83.346 Y112.549 E564.36006
G1 X83.721 Y112.787 E564.37852
G1 X84.201 Y113.247 E564.40616
G1 X84.55 Y113.881 E564.43625
G1 X84.697 Y114.535 E564.46412
G1 X84.687 Y115.007 E564.48375
G1 X84.548 Y115.624 E564.51004
G1 X84.202 Y116.251 E564.53982
G1 X83.721 Y116.713 E564.56754
G1 X83.346 Y116.951 E564.58601
G1 X82.74 Y117.152 E564.61255
G1 X82.277 Y117.2 E564.63191
G1 X81.644 Y117.133 E564.65837
G1 X81.068 Y116.894 E564.6843
G1 X80.882 Y116.779 E564.69339
G1 X80.357 Y116.301 E564.72291
G1 X79.989 Y115.69 E564.75256
G1 X79.826 Y115.129 E564.77685
G1 X79.815 Y114.501 E564.80296
M204 S5000
M205 X30 Y30
G0 F7200 X79.615 Y114.501
G0 X78.365 Y126.001
G0 X78.565 Y126.001
M204 S3000
M205 X20 Y20
G1 F4020 X78.57 Y125.906 E564.80692
G1 X78.739 Y125.31 E564.83267
G1 X78.83 Y125.115 E564.84162
G1 X79.202 Y124.582 E564.86864
G1 X79.526 Y124.295 E564.88664
G1 X80.085 Y123.976 E564.9134
G1 X80.499 Y123.855 E564.93133
G1 X81.041 Y123.8 E564.95398
G1 X81.488 Y123.847 E564.97266
G1 X82.081 Y124.048 E564.9987
G1 X82.467 Y124.284 E565.01751
G1 X82.958 Y124.76 E565.04594
G1 X83.287 Y125.354 E565.07417
G1 X83.428 Y125.949 E565.09959
G1 X83.446 Y126.386 E565.11777
G1 X83.322 Y127.022 E565.14471
G1 X83.004 Y127.657 E565.17424
G1 X82.522 Y128.168 E565.20344
G1 X82.099 Y128.451 E565.2246
G1 X81.446 Y128.661 E565.25312
G1 X81.042 Y128.705 E565.27002
G1 X80.412 Y128.631 E565.29639
G1 X79.999 Y128.49 E565.31453
G1 X79.494 Y128.185 E565.33906
G1 X79.202 Y127.918 E565.35551
G1 X78.83 Y127.385 E565.38253
G1 X78.739 Y127.19 E565.39148
G1 X78.569 Y126.583 E565.41769
G1 X78.565 Y126.001 E565.44188
M204 S5000
M205 X30 Y30
G0 F7200 X78.365 Y126.001
G0 X79.038 Y124.55
G0 X79.947 Y123.876
G0 X135.115 Y114.465
G0 X135.311 Y114.509
M204 S3000
M205 X20 Y20
G1 F4020 X135.461 Y113.853 E565.46986
G1 X135.814 Y113.233 E565.49952
G1 X136.279 Y112.787 E565.52631
G1 X136.654 Y112.549 E565.54478
G1 X137.259 Y112.348 E565.57128
G1 X137.705 Y112.299 E565.58994
G1 X138.306 Y112.362 E565.61506
G1 X138.665 Y112.476 E565.63072
G1 X139.224 Y112.795 E565.65748
G1 X139.548 Y113.082 E565.67547
G1 X139.92 Y113.615 E565.7025
G1 X140.154 Y114.284 E565.73196
G1 X140.186 Y114.501 E565.74108
G1 X140.175 Y115.129 E565.76719
G1 X140.011 Y115.69 E565.79149
G1 X139.643 Y116.301 E565.82115
G1 X139.046 Y116.844 E565.8547
G1 X138.385 Y117.126 E565.88458
G1 X137.7 Y117.205 E565.91325
G1 X137.332 Y117.166 E565.92863
G1 X136.658 Y116.954 E565.95801
G1 X136.279 Y116.713 E565.97668
G1 X135.798 Y116.251 E566.00441
G1 X135.452 Y115.624 E566.03418
G1 X135.313 Y115.007 E566.06047
G1 X135.304 Y114.614 E566.07682
G1 X135.311 Y114.509 E566.08119
M204 S5000
M205 X30 Y30
G0 F7200 X135.115 Y114.465
G0 X136.361 Y103.519
G0 X136.555 Y103.477
M204 S3000
M205 X20 Y20
G1 F4020 X136.554 Y103.114 E566.09628
G1 X136.559 Y103.021 E566.10016
G1 X136.706 Y102.364 E566.12815
G1 X137.038 Y101.768 E566.15651
G1 X137.535 Y101.276 E566.18559
G1 X137.919 Y101.044 E566.20424
G1 X138.475 Y100.857 E566.22863
G1 X138.977 Y100.8 E566.24963
G1 X139.585 Y100.869 E566.27507
G1 X139.984 Y101.003 E566.29257
G1 X140.555 Y101.343 E566.3202
G1 X140.904 Y101.711 E566.34129
G1 X141.17 Y102.115 E566.3614
G1 X141.403 Y102.784 E566.39085
G1 X141.436 Y103.001 E566.39997
G1 X141.425 Y103.629 E566.42609
G1 X141.26 Y104.19 E566.4504
G1 X140.893 Y104.801 E566.48003
G1 X140.368 Y105.279 E566.50955
G1 X140.182 Y105.394 E566.51864
G1 X139.514 Y105.643 E566.54828
G1 X138.885 Y105.698 E566.57453
G1 X138.511 Y105.653 E566.59019
G1 X137.919 Y105.452 E566.61618
G1 X137.533 Y105.216 E566.63499
G1 X137.04 Y104.738 E566.66354
G1 X136.696 Y104.107 E566.69342
G1 X136.555 Y103.477 E566.72026
M204 S5000
M205 X30 Y30
G0 F7200 X136.361 Y103.519
G0 X135.111 Y96.017
G0 X135.309 Y95.974
M204 S3000
M205 X20 Y20
G1 F4020 X135.304 Y95.614 E566.73523
G1 X135.308 Y95.535 E566.73852
G1 X135.443 Y94.91 E566.7651
G1 X135.746 Y94.343 E566.79183
G1 X135.88 Y94.17 E566.80093
G1 X136.36 Y93.73 E566.828
G1 X136.738 Y93.521 E566.84596
G1 X137.298 Y93.34 E566.87043
G1 X137.696 Y93.295 E566.88708
G1 X138.282 Y93.359 E566.91159
G1 F3489.6 X138.856 Y93.482 E566.9397
G1 F3284.3 X139.396 Y93.824 E566.97223
G1 F3628.2 X139.688 Y94.265 E566.99659
G1 F3880.3 X139.981 Y94.707 E567.01943
G1 F4020 X140.188 Y95.407 E567.04978
G1 X140.172 Y96.143 E567.08039
G1 X139.983 Y96.786 E567.10825
G1 X139.585 Y97.389 E567.13829
G1 X139.037 Y97.847 E567.16798
G1 X138.377 Y98.131 E567.19786
G1 X137.698 Y98.205 E567.22625
G1 X137.297 Y98.16 E567.24303
G1 X136.661 Y97.953 E567.27084
G1 X136.261 Y97.698 E567.29056
G1 X135.803 Y97.256 E567.31702
G1 X135.455 Y96.63 E567.3468
G1 X135.309 Y95.974 E567.37474
M204 S5000
M205 X30 Y30
G0 F7200 X135.111 Y96.017
G0 X135.165 Y114.982
G0 X136.379 Y125.906
G0 X136.572 Y125.949
M204 S3000
M205 X20 Y20
G1 F4020 X136.714 Y125.348 E567.40041
G1 X137.042 Y124.761 E567.42837
G1 X137.533 Y124.284 E567.45683
G1 X137.919 Y124.048 E567.47564
G1 X138.512 Y123.847 E567.50167
G1 X138.959 Y123.8 E567.52036
G1 X139.501 Y123.855 E567.54301
G1 X140.066 Y124.046 E567.5678
G1 X140.604 Y124.395 E567.59446
G1 X140.904 Y124.711 E567.61258
G1 X141.26 Y125.31 E567.64155
G1 X141.436 Y125.936 E567.66859
G1 X141.432 Y126.583 E567.69548
G1 X141.232 Y127.291 E567.72607
G1 X140.834 Y127.88 E567.75563
G1 X140.507 Y128.185 E567.77422
G1 X140.001 Y128.49 E567.79878
G1 X139.588 Y128.631 E567.81692
G1 X139.024 Y128.697 E567.84053
G1 X138.604 Y128.669 E567.85803
G1 X137.988 Y128.479 E567.88483
G1 X137.61 Y128.27 E567.90279
G1 X137.13 Y127.831 E567.92983
G1 X136.754 Y127.223 E567.95956
G1 X136.572 Y126.551 E567.9885
G1 X136.554 Y126.114 E568.00668
G1 X136.572 Y125.949 E568.01359
M204 S5000
M205 X30 Y30
G0 F7200 X137.054 Y126.114
M204 S3000
M205 X20 Y20
;TYPE:WALL-OUTER
G1 F2040 X137.06 Y126.059 E568.01589
G1 X137.175 Y125.556 E568.03734
G1 X137.459 Y125.049 E568.0615
G1 X137.845 Y124.675 E568.08384
G1 X138.105 Y124.514 E568.09656
G1 X138.626 Y124.334 E568.11947
G1 X138.927 Y124.3 E568.13207
G1 X139.447 Y124.352 E568.15379
G1 X139.806 Y124.473 E568.16955
G1 X140.257 Y124.755 E568.19166
G1 X140.486 Y124.985 E568.20515
G1 X140.772 Y125.419 E568.22676
G1 X140.934 Y125.969 E568.2506
G1 X140.934 Y126.527 E568.2738
G1 X140.782 Y127.046 E568.29628
G1 X140.487 Y127.515 E568.31932
G1 X140.225 Y127.771 E568.33455
G1 X139.784 Y128.039 E568.356
G1 X139.476 Y128.143 E568.36952
G1 X138.974 Y128.199 E568.39052
G1 X138.631 Y128.169 E568.40483
G1 X138.098 Y127.982 E568.42832
G1 X137.826 Y127.809 E568.44172
G1 X137.433 Y127.413 E568.46491
G1 X137.191 Y126.979 E568.48557
G1 X137.06 Y126.441 E568.50859
G1 X137.054 Y126.114 E568.52219
M204 S5000
M205 X30 Y30
G0 F7200 X137.06 Y126.059
G0 X137.092 Y125.918
G0 X136.41 Y125.765
G0 X135.124 Y115.079
G0 X135.807 Y114.927
M204 S3000
M205 X20 Y20
G1 F2040 X135.804 Y114.614 E568.5352
G1 X135.806 Y114.579 E568.53666
G1 X135.923 Y114.06 E568.55878
G1 X136.199 Y113.558 E568.5826
G1 X136.593 Y113.176 E568.60541
G1 X136.851 Y113.016 E568.61804
G1 X137.375 Y112.834 E568.6411
G1 X137.7 Y112.799 E568.65469
G1 X138.216 Y112.854 E568.67626
G1 X138.556 Y112.973 E568.69124
G1 X138.964 Y113.222 E568.71111
G1 X139.201 Y113.442 E568.72455
G1 X139.502 Y113.889 E568.74696
G1 X139.686 Y114.463 E568.77202
G1 X139.682 Y115.043 E568.79613
G1 X139.532 Y115.546 E568.81796
G1 X139.227 Y116.024 E568.84153
G1 X138.771 Y116.418 E568.86658
G1 X138.255 Y116.637 E568.88989
G1 X137.725 Y116.699 E568.91207
G1 X137.376 Y116.666 E568.92665
G1 X136.87 Y116.495 E568.94885
G1 X136.593 Y116.324 E568.96239
G1 X136.205 Y115.946 E568.98491
G1 X135.932 Y115.462 E569.00801
G1 X135.807 Y114.927 E569.03085
M204 S5000
M205 X30 Y30
G0 F7200 X135.806 Y114.727
G0 X135.104 Y114.727
G0 X136.283 Y104.189
G0 X136.565 Y102.21
G0 X137.174 Y102.551
M204 S3000
M205 X20 Y20
G1 F2040 X137.453 Y102.053 E569.05459
G1 X137.863 Y101.661 E569.07817
G1 X138.098 Y101.518 E569.08961
G1 X138.614 Y101.337 E569.11234
G1 X138.974 Y101.301 E569.12738
G1 X139.475 Y101.357 E569.14834
G1 X139.79 Y101.464 E569.16217
G1 X140.257 Y101.755 E569.18505
G1 X140.486 Y101.985 E569.19854
G1 X140.752 Y102.389 E569.21865
G1 X140.936 Y102.963 E569.24371
G1 X140.932 Y103.543 E569.26783
G1 X140.771 Y104.083 E569.29125
G1 X140.429 Y104.577 E569.31623
G1 X139.986 Y104.934 E569.33989
G1 X139.46 Y105.146 E569.36347
G1 X138.975 Y105.199 E569.38375
G1 X138.626 Y105.166 E569.39832
G1 X138.125 Y104.996 E569.42032
G1 X137.845 Y104.825 E569.43396
G1 X137.459 Y104.451 E569.45631
G1 X137.175 Y103.945 E569.48043
G1 X137.055 Y103.413 E569.5031
G1 X137.054 Y103.114 E569.51553
G1 X137.057 Y103.07 E569.51737
G1 X137.174 Y102.551 E569.53949
M204 S5000
M205 X30 Y30
G0 F7200 X137.271 Y102.377
G0 X136.662 Y102.036
G0 X136.283 Y100.518
G0 X135.104 Y95.614
G0 X135.804 Y95.614
M204 S3000
M205 X20 Y20
G1 F2040 X135.925 Y95.055 E569.56327
G1 X136.201 Y94.555 E569.58701
G1 X136.62 Y94.157 E569.61104
G1 X136.848 Y94.018 E569.62214
G1 X137.354 Y93.84 E569.64444
G1 X137.679 Y93.8 E569.65805
G1 X138.208 Y93.853 E569.68016
G1 X138.556 Y93.973 E569.69546
G1 X138.989 Y94.239 E569.71659
G1 X139.237 Y94.485 E569.73111
G1 X139.521 Y94.918 E569.75264
G1 X139.686 Y95.467 E569.77647
G1 X139.681 Y96.047 E569.80059
G1 X139.522 Y96.579 E569.82367
G1 X139.207 Y97.054 E569.84737
G1 X138.766 Y97.421 E569.87122
G1 X138.281 Y97.628 E569.89314
G1 X137.725 Y97.699 E569.91645
G1 X137.388 Y97.668 E569.93052
G1 X136.897 Y97.505 E569.95203
G1 X136.602 Y97.331 E569.96627
G1 X136.203 Y96.944 E569.98938
G1 X135.927 Y96.45 E570.0129
G1 X135.805 Y95.916 E570.03568
G1 X135.804 Y95.614 E570.04823
M204 S5000
M205 X30 Y30
G0 F7200 X135.846 Y95.419
G0 X135.16 Y95.265
G0 X135.654 Y94.227
G0 X138.216 Y91.719
G0 X138.896 Y91.556
M204 S3000
M205 X20 Y20
G1 F2040 X138.75 Y90.953 E570.07403
G1 X138.75 Y89.5 E570.13443
G1 X81.25 Y89.5 E572.52501
G1 X81.25 Y90.949 E572.58525
G1 X81.106 Y91.545 E572.61074
G1 X80.834 Y92.054 E572.63473
G1 X80.478 Y92.45 E572.65687
G1 X80.03 Y92.751 E572.67931
G1 X79.17 Y93.104 E572.71796
G1 X78.409 Y93.578 E572.75524
G1 X77.829 Y94.069 E572.78683
G1 X77.323 Y94.641 E572.81858
G1 X77.109 Y94.943 E572.83397
G1 X76.739 Y95.613 E572.86579
G1 X76.465 Y96.34 E572.89809
G1 X76.375 Y96.688 E572.91303
G1 X76.251 Y97.54 E572.94883
G1 X76.25 Y125.514 E574.11185
G1 X76.308 Y126.027 E574.13332
G1 X76.486 Y126.803 E574.16642
G1 X76.612 Y127.161 E574.1822
G1 X76.956 Y127.875 E574.21515
G1 X77.399 Y128.525 E574.24785
G1 X77.647 Y128.816 E574.26375
G1 X78.226 Y129.352 E574.29655
G1 X78.875 Y129.794 E574.32919
G1 X79.589 Y130.138 E574.36214
G1 X79.947 Y130.264 E574.37792
G1 X80.722 Y130.442 E574.41098
G1 X81.238 Y130.5 E574.43257
G1 X138.762 Y130.5 E576.82414
G1 X139.278 Y130.442 E576.84573
G1 X140.053 Y130.264 E576.87879
G1 X140.411 Y130.138 E576.89457
G1 X141.125 Y129.794 E576.92752
G1 X141.777 Y129.349 E576.96034
G1 X142.068 Y129.101 E576.97623
G1 X142.604 Y128.522 E577.00904
G1 X143.044 Y127.875 E577.04157
G1 X143.388 Y127.16 E577.07455
G1 X143.514 Y126.803 E577.09029
G1 X143.692 Y126.028 E577.12335
G1 X143.75 Y125.513 E577.1449
G1 X143.75 Y97.536 E578.30805
G1 X143.625 Y96.686 E578.34377
G1 X143.535 Y96.34 E578.35863
G1 X143.261 Y95.613 E578.39093
G1 X142.889 Y94.942 E578.42283
G1 X142.675 Y94.639 E578.43825
G1 X142.169 Y94.067 E578.47
G1 X141.591 Y93.578 E578.50148
G1 X140.827 Y93.103 E578.53888
G1 X139.969 Y92.75 E578.57745
G1 X139.523 Y92.45 E578.5998
G1 X139.166 Y92.053 E578.622
G1 X138.896 Y91.556 E578.64551
M204 S5000
M205 X30 Y30
G0 F7200 X138.849 Y91.362
G0 X138.169 Y91.525
G0 X82.302 Y98.345
G0 X80.896 Y97.972
G0 X79.974 Y96.974
G0 X80.319 Y96.047
M204 S3000
M205 X20 Y20
G1 F2040 X80.315 Y95.5 E578.66825
G1 X80.32 Y95.447 E578.67047
G1 X80.479 Y94.918 E578.69343
G1 X80.763 Y94.485 E578.71496
G1 X81.011 Y94.239 E578.72948
G1 X81.444 Y93.973 E578.75061
G1 X81.792 Y93.853 E578.76592
G1 X82.276 Y93.801 E578.78615
G1 X82.611 Y93.831 E578.80014
G1 X83.102 Y93.995 E578.82166
G1 X83.38 Y94.157 E578.83504
G1 X83.799 Y94.555 E578.85906
G1 X84.075 Y95.055 E578.88281
G1 X84.195 Y95.587 E578.90548
G1 X84.195 Y95.916 E578.91916
G1 X84.075 Y96.451 E578.94195
G1 X83.804 Y96.934 E578.96498
G1 X83.413 Y97.319 E578.98779
G1 X83.141 Y97.488 E579.00111
G1 X82.639 Y97.662 E579.0232
G1 X82.323 Y97.7 E579.03643
G1 X81.751 Y97.642 E579.06033
G1 X81.231 Y97.419 E579.08385
G1 X80.793 Y97.054 E579.10756
G1 X80.478 Y96.579 E579.13125
G1 X80.319 Y96.047 E579.15434
M204 S5000
M205 X30 Y30
G0 F7200 X80.318 Y95.847
G0 X79.615 Y95.847
G0 X78.426 Y102.872
G0 X79.068 Y103.543
M204 S3000
M205 X20 Y20
G1 F2040 X79.065 Y103.001 E579.17687
G1 X79.075 Y102.928 E579.17994
G1 X79.248 Y102.389 E579.20347
G1 X79.513 Y101.985 E579.22356
G1 X79.743 Y101.755 E579.23708
G1 X80.21 Y101.464 E579.25996
G1 X80.525 Y101.356 E579.2738
G1 X81.043 Y101.3 E579.29546
G1 X81.386 Y101.337 E579.30981
G1 X81.858 Y101.497 E579.33053
G1 X82.137 Y101.661 E579.34398
G1 X82.547 Y102.053 E579.36757
G1 X82.826 Y102.551 E579.3913
G1 X82.945 Y103.086 E579.41408
G1 X82.945 Y103.413 E579.42768
G1 X82.825 Y103.945 E579.45035
G1 X82.541 Y104.451 E579.47448
G1 X82.155 Y104.825 E579.49682
G1 X81.895 Y104.986 E579.50954
G1 X81.374 Y105.166 E579.53245
G1 X81.074 Y105.2 E579.54501
G1 X80.502 Y105.142 E579.56891
G1 X80.014 Y104.934 E579.59096
G1 X79.571 Y104.577 E579.61462
G1 X79.229 Y104.083 E579.6396
G1 X79.068 Y103.543 E579.66303
M204 S5000
M205 X30 Y30
G0 F7200 X79.067 Y103.343
G0 X78.365 Y103.343
G0 X79.657 Y114.227
G0 X80.325 Y114.428
M204 S3000
M205 X20 Y20
G1 F2040 X80.498 Y113.889 E579.68656
G1 X80.799 Y113.442 E579.70896
G1 X81.036 Y113.222 E579.72241
G1 X81.444 Y112.973 E579.74228
G1 X81.784 Y112.855 E579.75724
G1 X82.276 Y112.801 E579.77782
G1 X82.625 Y112.834 E579.7924
G1 X83.127 Y113.005 E579.81444
G1 X83.407 Y113.176 E579.82808
G1 X83.788 Y113.545 E579.85014
G1 X84.08 Y114.07 E579.87511
G1 X84.194 Y114.579 E579.8968
G1 X84.195 Y114.913 E579.91068
G1 X84.068 Y115.462 E579.93411
G1 X83.797 Y115.947 E579.95721
G1 X83.407 Y116.324 E579.97976
G1 X83.149 Y116.484 E579.99238
G1 X82.624 Y116.666 E580.01548
G1 X82.325 Y116.7 E580.028
G1 X81.745 Y116.637 E580.05225
G1 X81.264 Y116.434 E580.07396
G1 X80.821 Y116.077 E580.09761
G1 X80.479 Y115.583 E580.12259
G1 X80.318 Y115.043 E580.14602
G1 X80.315 Y114.501 E580.16855
G1 X80.325 Y114.428 E580.17161
M204 S5000
M205 X30 Y30
G0 F7200 X80.386 Y114.238
G0 X79.715 Y114.036
G0 X78.365 Y125.969
G0 X79.066 Y125.969
M204 S3000
M205 X20 Y20
G1 F2040 X79.228 Y125.419 E580.19545
G1 X79.513 Y124.985 E580.21704
G1 X79.743 Y124.755 E580.23056
G1 X80.194 Y124.473 E580.25268
G1 X80.553 Y124.352 E580.26843
G1 X81.026 Y124.301 E580.28821
G1 X81.374 Y124.334 E580.30274
G1 X81.875 Y124.504 E580.32473
G1 X82.155 Y124.675 E580.33837
G1 X82.541 Y125.049 E580.36072
G1 X82.825 Y125.556 E580.38488
G1 X82.94 Y126.059 E580.40633
G1 X82.946 Y126.386 E580.41993
G1 X82.826 Y126.948 E580.44382
G1 X82.567 Y127.413 E580.46595
G1 X82.174 Y127.809 E580.48915
G1 X81.881 Y127.995 E580.50357
G1 X81.36 Y128.169 E580.52641
G1 X81.069 Y128.2 E580.53858
G1 X80.519 Y128.142 E580.56157
G1 X80.216 Y128.039 E580.57488
G1 X79.776 Y127.771 E580.5963
G1 X79.513 Y127.515 E580.61155
G1 X79.218 Y127.046 E580.63459
G1 X79.066 Y126.527 E580.65707
G1 X79.065 Y126.001 E580.67894
G1 X79.066 Y125.969 E580.68027
M204 S5000
M205 X30 Y30
G0 F7200 X79.122 Y125.778
G0 X78.453 Y125.576
G0 X78.091 Y126.743
M204 S3000
M205 X20 Y20
;TYPE:SKIN
G1 F1459.1 X78.09 Y125.836 E580.71904
G1 F1500 X78.295 Y125.145 E580.749
G1 X78.439 Y124.843 E580.76291
G1 X78.856 Y124.252 E580.79299
G1 X79.286 Y123.884 E580.81652
G1 X79.892 Y123.544 E580.8454
G1 X80.405 Y123.388 E580.8677
G1 X81.031 Y123.325 E580.89385
G1 X81.563 Y123.377 E580.91608
G1 X82.29 Y123.618 E580.94792
G1 X82.769 Y123.913 E580.97131
G1 X83.345 Y124.478 E581.00485
G1 X83.727 Y125.163 E581.03746
G1 X83.925 Y125.982 E581.07249
G1 X83.891 Y126.657 E581.10059
G1 X83.768 Y127.185 E581.12313
G1 X83.4 Y127.918 E581.15723
G1 X83.201 Y128.172 E581.17065
G1 X82.822 Y128.535 E581.19246
G1 X82.312 Y128.883 E581.21813
G1 F1572.3 X81.556 Y129.1 E581.24933
G1 F1736.1 X81.055 Y129.136 E581.26737
G1 F1913.3 X80.297 Y129.028 E581.29233
G1 F2054.8 X79.843 Y128.862 E581.307
G1 F2083.3 X79.262 Y128.521 E581.32717
G1 F1994.7 X78.886 Y128.19 E581.34283
G1 F1875 X78.479 Y127.674 E581.36469
G1 F1696.8 X78.296 Y127.319 E581.37936
G1 F1500 X78.091 Y126.743 E581.40478
M204 S5000
M205 X30 Y30
G0 F7200 X79.532 Y115.82
M204 S3000
M205 X20 Y20
G1 F1500 X79.357 Y115.214 E581.43101
G1 X79.34 Y114.512 E581.4602
G1 X79.396 Y114.129 E581.47629
G1 X79.67 Y113.37 E581.50984
G1 X80.106 Y112.753 E581.54125
G1 X80.528 Y112.389 E581.56442
G1 X80.973 Y112.122 E581.586
G1 X81.56 Y111.905 E581.61202
G1 X82.307 Y111.815 E581.6433
G1 X82.853 Y111.886 E581.66619
G1 X83.537 Y112.118 E581.69622
G1 X84.006 Y112.393 E581.71882
G1 X84.586 Y112.972 E581.75289
G1 X84.998 Y113.702 E581.78774
G1 X85.159 Y114.431 E581.81878
G1 X85.17 Y114.957 E581.84066
G1 X85.007 Y115.775 E581.87533
G1 X84.576 Y116.551 E581.91224
G1 X84.02 Y117.083 E581.94423
G1 X83.541 Y117.382 E581.96771
G1 X82.937 Y117.591 E581.99428
G1 X82.293 Y117.675 E582.02128
G1 X81.489 Y117.589 E582.0549
G1 X80.884 Y117.333 E582.08221
G1 X80.577 Y117.143 E582.09722
G1 X80.171 Y116.803 E582.11924
G1 X79.979 Y116.589 E582.13119
G1 X79.671 Y116.124 E582.15438
G1 X79.532 Y115.82 E582.16827
M204 S5000
M205 X30 Y30
G0 F7200 X78.011 Y103.71
M204 S3000
M205 X20 Y20
G1 F1173.7 X77.999 Y103.013 E582.20531
G1 F1080.7 X78.032 Y102.664 E582.22554
G1 F1098.1 X78.066 Y102.619 E582.22875
G1 F1293.1 X78.439 Y101.843 E582.27027
G1 F1500 X78.839 Y101.277 E582.29908
G1 X79.241 Y100.916 E582.32155
G1 X79.761 Y100.598 E582.34689
G1 X80.34 Y100.393 E582.37243
G1 X81.019 Y100.323 E582.4008
G1 X81.621 Y100.392 E582.426
G1 X82.285 Y100.612 E582.45508
G1 X82.76 Y100.898 E582.47813
G1 X83.347 Y101.488 E582.51273
G1 X83.74 Y102.186 E582.54603
G1 X83.905 Y102.905 E582.5767
G1 X83.92 Y103.539 E582.60307
G1 X83.728 Y104.336 E582.63715
G1 X83.318 Y105.059 E582.67171
G1 X82.782 Y105.571 E582.70253
G1 X82.281 Y105.886 E582.72713
G1 X81.622 Y106.109 E582.75605
G1 X81.058 Y106.175 E582.77966
G1 X80.395 Y106.109 E582.80736
G1 X80.087 Y106.025 E582.82064
G1 X79.634 Y105.833 E582.84109
G1 X79.327 Y105.643 E582.8561
G1 X78.948 Y105.328 E582.87659
G1 X78.729 Y105.091 E582.89001
G1 X78.421 Y104.624 E582.91326
G1 F1431.3 X78.216 Y104.167 E582.93509
G1 F1311.2 X78.011 Y103.71 E582.95891
M204 S5000
M205 X30 Y30
G0 F7200 X78.523 Y102.446
G0 X80.711 Y98.257
M204 S3000
M205 X20 Y20
G1 F1500 X80.061 Y97.714 E582.99412
G1 X79.584 Y96.997 E583.02993
G1 X79.362 Y96.236 E583.06288
G1 X79.336 Y95.339 E583.10019
G1 X79.546 Y94.643 E583.13042
G1 X79.684 Y94.35 E583.14388
G1 X80.012 Y93.842 E583.16902
G1 X79.607 Y93.981 E583.18682
G1 X78.985 Y94.37 E583.21733
G1 X78.511 Y94.769 E583.24308
G1 X78.001 Y95.344 E583.27504
G1 X77.628 Y96.022 E583.30721
G1 X77.348 Y96.773 E583.34053
G1 X77.226 Y97.613 E583.37582
G1 X77.226 Y102.021 E583.55909
G1 F1243.8 X77.33 Y102.614 E583.58927
G1 F1080.7 X77.317 Y103.02 E583.61271
G1 F1090.1 X77.323 Y103.79 E583.65676
G1 F1256.3 X77.226 Y104.471 E583.69091
G1 F1500 X77.225 Y125.46 E584.56353
G1 X77.271 Y125.862 E584.58035
G1 F1482.2 X77.46 Y126.664 E584.61502
G1 F1494 X77.79 Y127.371 E584.64759
G1 F1569 X78.183 Y128.019 E584.67771
G1 F1712.3 X78.753 Y128.6 E584.70735
G1 F1918.2 X79.331 Y129.002 E584.73024
G1 F1963.4 X80.106 Y129.37 E584.7575
G1 F1879.7 X80.88 Y129.526 E584.78369
G1 F1785.7 X81.291 Y129.558 E584.79809
G1 F1663 X81.835 Y129.541 E584.8185
G1 F1552.8 X82.379 Y129.524 E584.84036
G1 F1500 X137.755 Y129.524 E587.14262
G1 F1602.6 X138.708 Y129.557 E587.17973
G1 F1781.5 X139.112 Y129.527 E587.19391
G1 F1933 X139.783 Y129.39 E587.21601
G1 F2021.6 X140.088 Y129.283 E587.22598
G1 F1963.4 X140.76 Y128.957 E587.2497
G1 F1851.9 X141.365 Y128.511 E587.27501
G1 F1756.4 X141.864 Y127.931 E587.30218
G1 F1641.1 X142.205 Y127.392 E587.32642
G1 F1536.9 X142.543 Y126.665 E587.35895
G1 F1500 X142.729 Y125.862 E587.39322
G1 X142.775 Y125.457 E587.41016
G1 X142.775 Y104.474 E588.28253
G1 F1256.3 X142.678 Y103.789 E588.31688
G1 F1090.1 X142.684 Y103.005 E588.36173
G1 F1126.1 X142.7 Y102.471 E588.39132
G1 F1304.3 X142.775 Y101.702 E588.42826
G1 F1500 X142.775 Y97.605 E588.59859
G1 X142.652 Y96.772 E588.6336
G1 X142.373 Y96.023 E588.66683
G1 X141.996 Y95.342 E588.69919
G1 X141.485 Y94.764 E588.73126
G1 X141.017 Y94.37 E588.7567
G1 X140.386 Y93.979 E588.78756
G1 X139.989 Y93.841 E588.80503
G1 X140.335 Y94.382 E588.83173
G1 X140.454 Y94.641 E588.84358
G1 X140.665 Y95.343 E588.87406
G1 X140.642 Y96.232 E588.91103
G1 X140.42 Y96.986 E588.94371
G1 X139.942 Y97.714 E588.97992
G1 X139.267 Y98.266 E589.01617
G1 X138.499 Y98.593 E589.05087
G1 X137.724 Y98.68 E589.0833
G1 X137.19 Y98.626 E589.10561
G1 X136.451 Y98.383 E589.13795
G1 X135.981 Y98.091 E589.16096
G1 X135.414 Y97.536 E589.19394
G1 X135.004 Y96.794 E589.22919
G1 X134.836 Y96.064 E589.26033
G1 X134.839 Y95.462 E589.28536
G1 X134.973 Y94.84 E589.31181
G1 X135.088 Y94.546 E589.32494
G1 X135.33 Y94.113 E589.34556
G1 X135.551 Y93.827 E589.36059
G1 X135.896 Y93.493 E589.38055
G1 X136.43 Y93.12 E589.40763
G1 X137.226 Y92.87 E589.44232
G1 X137.728 Y92.82 E589.4633
G1 X138.603 Y92.915 E589.49989
G1 X138.349 Y92.606 E589.51652
G1 X137.982 Y91.915 E589.54905
G1 X137.775 Y91.079 E589.58485
G1 X137.775 Y90.475 E589.60996
G1 X82.225 Y90.475 E591.91947
G1 X82.225 Y91.06 E591.94379
G1 X82.019 Y91.914 E591.98031
G1 X81.649 Y92.608 E592.01301
G1 X81.394 Y92.917 E592.02966
G1 X82.276 Y92.82 E592.06655
G1 X82.774 Y92.869 E592.08736
G1 X83.571 Y93.122 E592.12212
G1 X84.071 Y93.465 E592.14733
G1 X84.449 Y93.827 E592.16909
G1 X84.67 Y94.113 E592.18412
G1 X85.01 Y94.747 E592.21403
G1 X85.161 Y95.459 E592.24429
G1 X85.164 Y96.026 E592.26786
G1 X84.999 Y96.793 E592.30048
G1 X84.578 Y97.54 E592.33613
G1 X84.04 Y98.066 E592.36741
G1 X83.552 Y98.382 E592.39158
G1 X82.82 Y98.625 E592.42365
G1 X82.306 Y98.684 E592.44516
G1 X81.508 Y98.598 E592.47853
G1 X80.711 Y98.257 E592.51457
M204 S5000
M205 X30 Y30
G0 F7200 X136.079 Y103.519
M204 S3000
M205 X20 Y20
G1 F1500 X136.093 Y102.922 E592.53939
G1 X136.247 Y102.221 E592.56923
G1 X136.673 Y101.458 E592.60557
G1 X137.229 Y100.911 E592.63799
G1 X137.699 Y100.623 E592.66091
G1 X138.356 Y100.395 E592.68982
G1 X138.961 Y100.325 E592.71514
G1 X139.664 Y100.393 E592.74451
G1 X140.242 Y100.598 E592.77
G1 X140.86 Y100.974 E592.80008
G1 X141.276 Y101.417 E592.82534
G1 X141.567 Y101.853 E592.84714
G1 F1304.3 X141.924 Y102.605 E592.88694
G1 F1104.6 X141.967 Y102.662 E592.89097
G1 F1076 X142 Y102.953 E592.90794
G1 F1170 X141.989 Y103.71 E592.94829
G1 F1368.6 X141.58 Y104.621 E592.9938
G1 F1500 X141.271 Y105.09 E593.01715
G1 X141.052 Y105.328 E593.03059
G1 X140.673 Y105.643 E593.05108
G1 X140.4 Y105.815 E593.0645
G1 X139.592 Y106.115 E593.10033
G1 X138.837 Y106.171 E593.13181
G1 X138.399 Y106.115 E593.15016
G1 X137.715 Y105.884 E593.18018
G1 X137.231 Y105.587 E593.20379
G1 X136.653 Y105.021 E593.23742
G1 X136.251 Y104.284 E593.27232
G1 X136.085 Y103.565 E593.303
G1 X136.079 Y103.519 E593.30493
M204 S5000
M205 X30 Y30
G0 F7200 X134.832 Y114.462
M204 S3000
M205 X20 Y20
G1 F1500 X135.005 Y113.706 E593.33718
G1 X135.424 Y112.945 E593.37329
G1 X135.978 Y112.421 E593.405
G1 X136.458 Y112.119 E593.42857
G1 X137.159 Y111.874 E593.45945
G1 X137.685 Y111.824 E593.48141
G1 X138.398 Y111.895 E593.5112
G1 X138.859 Y112.045 E593.53136
G1 X139.506 Y112.414 E593.56233
G1 X139.886 Y112.746 E593.5833
G1 X140.331 Y113.373 E593.61527
G1 X140.604 Y114.129 E593.64869
G1 X140.659 Y114.468 E593.66297
G1 X140.643 Y115.216 E593.69407
G1 X140.454 Y115.857 E593.72185
G1 X140.311 Y116.156 E593.73563
G1 X140.021 Y116.589 E593.7573
G1 X139.802 Y116.828 E593.77078
G1 X139.423 Y117.143 E593.79127
G1 X139.115 Y117.332 E593.80629
G1 X138.469 Y117.598 E593.83534
G1 X137.736 Y117.675 E593.86598
G1 X137.147 Y117.614 E593.8906
G1 X136.461 Y117.381 E593.92072
G1 X136.002 Y117.099 E593.94311
G1 X135.449 Y116.569 E593.97496
G1 X135.01 Y115.82 E594.01105
G1 X134.833 Y115.048 E594.04398
G1 X134.83 Y114.498 E594.06685
G1 X134.832 Y114.462 E594.06835
M204 S5000
M205 X30 Y30
G0 F7200 X136.083 Y126.434
M204 S3000
M205 X20 Y20
G1 F1500 X136.079 Y126.375 E594.07081
G1 X136.112 Y125.833 E594.09338
G1 X136.302 Y125.117 E594.12418
G1 X136.682 Y124.44 E594.15646
G1 X137.24 Y123.907 E594.18854
G1 X137.687 Y123.625 E594.21051
G1 X138.405 Y123.383 E594.24201
G1 X138.861 Y123.327 E594.26111
G1 X139.709 Y123.396 E594.29649
G1 X140.281 Y123.624 E594.32209
G1 X140.927 Y124.044 E594.35412
G1 X141.302 Y124.45 E594.3771
G1 X141.567 Y124.853 E594.39715
G1 X141.713 Y125.169 E594.41163
G1 X141.914 Y125.821 E594.43999
G1 X141.905 Y126.647 E594.47433
G1 F1552.8 X141.703 Y127.314 E594.50232
G1 F1652 X141.555 Y127.605 E594.51465
G1 F1807.2 X141.146 Y128.164 E594.53855
G1 F1994.7 X140.735 Y128.524 E594.55563
G1 F2095 X140.176 Y128.854 E594.57495
G1 F2066.1 X139.692 Y129.03 E594.5905
G1 F1933 X139.071 Y129.123 E594.61076
G1 F1748.3 X138.501 Y129.108 E594.6311
G1 F1575.6 X137.844 Y128.932 E594.65802
G1 F1500 X137.351 Y128.672 E594.68119
G1 X136.775 Y128.145 E594.71365
G1 X136.574 Y127.876 E594.72761
G1 X136.218 Y127.156 E594.761
G1 X136.083 Y126.434 E594.79154
M204 S5000
M205 X30 Y30
G0 F7200 X135.165 Y114.518
G0 X135.165 Y95.518
G0 X137.394 Y90.725
M204 S3000
M205 X20 Y20
G1 F1500 X137.528 Y90.859 E594.79942
M204 S5000
M205 X30 Y30
G0 F7200 X136.687 Y90.725
M204 S3000
M205 X20 Y20
G1 F1500 X137.672 Y91.711 E594.85736
M204 S5000
M205 X30 Y30
G0 F7200 X137.842 Y92.587
M204 S3000
M205 X20 Y20
G1 F1500 X135.98 Y90.725 E594.96684
M204 S5000
M205 X30 Y30
G0 F7200 X135.273 Y90.725
M204 S3000
M205 X20 Y20
G1 F1500 X137.18 Y92.632 E595.07897
M204 S5000
M205 X30 Y30
G0 F7200 X136.632 Y92.791
M204 S3000
M205 X20 Y20
G1 F1500 X134.565 Y90.725 E595.20047
M204 S5000
M205 X30 Y30
G0 F7200 X133.858 Y90.725
M204 S3000
M205 X20 Y20
G1 F1500 X136.144 Y93.011 E595.33488
M204 S5000
M205 X30 Y30
G0 F7200 X135.729 Y93.303
M204 S3000
M205 X20 Y20
G1 F1500 X133.151 Y90.725 E595.48645
M204 S5000
M205 X30 Y30
G0 F7200 X132.444 Y90.725
M204 S3000
M205 X20 Y20
G1 F1500 X135.372 Y93.652 E595.65858
M204 S5000
M205 X30 Y30
G0 F7200 X135.073 Y94.061
M204 S3000
M205 X20 Y20
G1 F1500 X131.737 Y90.725 E595.85472
M204 S5000
M205 X30 Y30
G0 F7200 X131.03 Y90.725
M204 S3000
M205 X20 Y20
G1 F1500 X134.826 Y94.521 E596.07791
M204 S5000
M205 X30 Y30
G0 F7200 X134.665 Y95.067
M204 S3000
M205 X20 Y20
G1 F1500 X130.323 Y90.725 E596.33321
M204 S5000
M205 X30 Y30
G0 F7200 X129.616 Y90.725
M204 S3000
M205 X20 Y20
G1 F1500 X134.585 Y95.694 E596.62536
M204 S5000
M205 X30 Y30
G0 F7200 X134.679 Y96.496
M204 S3000
M205 X20 Y20
G1 F1500 X128.909 Y90.725 E596.96465
M204 S5000
M205 X30 Y30
G0 F7200 X128.201 Y90.725
M204 S3000
M205 X20 Y20
G1 F1500 X137.796 Y100.32 E597.5288
M204 S5000
M205 X30 Y30
G0 F7200 X137.323 Y100.554
M204 S3000
M205 X20 Y20
G1 F1500 X127.494 Y90.725 E598.1067
M204 S5000
M205 X30 Y30
G0 F7200 X126.787 Y90.725
M204 S3000
M205 X20 Y20
G1 F1500 X136.922 Y100.859 E598.70257
M204 S5000
M205 X30 Y30
G0 F7200 X136.563 Y101.208
M204 S3000
M205 X20 Y20
G1 F1500 X126.08 Y90.725 E599.31893
M204 S5000
M205 X30 Y30
G0 F7200 X125.373 Y90.725
M204 S3000
M205 X20 Y20
G1 F1500 X136.285 Y101.637 E599.96052
M204 S5000
M205 X30 Y30
G0 F7200 X136.029 Y102.088
M204 S3000
M205 X20 Y20
G1 F1500 X124.666 Y90.725 E600.62862
M204 S5000
M205 X30 Y30
G0 F7200 X123.959 Y90.725
M204 S3000
M205 X20 Y20
G1 F1500 X135.896 Y102.662 E601.33047
M204 S5000
M205 X30 Y30
G0 F7200 X135.833 Y103.306
M204 S3000
M205 X20 Y20
G1 F1500 X123.252 Y90.725 E602.07018
M204 S5000
M205 X30 Y30
G0 F7200 X122.545 Y90.725
M204 S3000
M205 X20 Y20
G1 F1500 X135.96 Y104.14 E602.85893
G1 X136.048 Y104.228
M204 S5000
M205 X30 Y30
G0 F7200 X138.095 Y106.275
M204 S3000
M205 X20 Y20
G1 F1500 X142.524 Y110.704 E603.11934
M204 S5000
M205 X30 Y30
G0 F7200 X142.524 Y111.411
M204 S3000
M205 X20 Y20
G1 F1500 X121.838 Y90.725 E604.3356
M204 S5000
M205 X30 Y30
G0 F7200 X121.13 Y90.725
M204 S3000
M205 X20 Y20
G1 F1500 X142.524 Y112.118 E605.59345
M204 S5000
M205 X30 Y30
G0 F7200 X142.524 Y112.825
M204 S3000
M205 X20 Y20
G1 F1500 X120.423 Y90.725 E606.89288
M204 S5000
M205 X30 Y30
G0 F7200 X119.716 Y90.725
M204 S3000
M205 X20 Y20
G1 F1500 X142.524 Y113.533 E608.2339
M204 S5000
M205 X30 Y30
G0 F7200 X142.524 Y114.24
M204 S3000
M205 X20 Y20
G1 F1500 X119.009 Y90.725 E609.61649
M204 S5000
M205 X30 Y30
G0 F7200 X118.302 Y90.725
M204 S3000
M205 X20 Y20
G1 F1500 X142.524 Y114.947 E611.04066
M204 S5000
M205 X30 Y30
G0 F7200 X142.524 Y115.654
M204 S3000
M205 X20 Y20
G1 F1500 X140.794 Y113.924 E611.14237
M204 S5000
M205 X30 Y30
G0 F7200 X140.903 Y114.74
M204 S3000
M205 X20 Y20
G1 F1500 X142.524 Y116.361 E611.23768
M204 S5000
M205 X30 Y30
G0 F7200 X142.524 Y117.068
M204 S3000
M205 X20 Y20
G1 F1500 X140.849 Y115.393 E611.33616
M204 S5000
M205 X30 Y30
G0 F7200 X140.689 Y115.94
M204 S3000
M205 X20 Y20
G1 F1500 X142.524 Y117.775 E611.44406
M204 S5000
M205 X30 Y30
G0 F7200 X142.524 Y118.482
M204 S3000
M205 X20 Y20
G1 F1500 X140.444 Y116.402 E611.56635
M204 S5000
M205 X30 Y30
G0 F7200 X140.149 Y116.815
M204 S3000
M205 X20 Y20
G1 F1500 X142.524 Y119.189 E611.70596
M204 S5000
M205 X30 Y30
G0 F7200 X142.524 Y119.897
M204 S3000
M205 X20 Y20
G1 F1500 X139.79 Y117.162 E611.86674
M204 S5000
M205 X30 Y30
G0 F7200 X139.382 Y117.462
M204 S3000
M205 X20 Y20
G1 F1500 X142.524 Y120.604 E612.05148
M204 S5000
M205 X30 Y30
G0 F7200 X142.524 Y121.311
M204 S3000
M205 X20 Y20
G1 F1500 X138.904 Y117.69 E612.26435
M204 S5000
M205 X30 Y30
G0 F7200 X138.367 Y117.861
M204 S3000
M205 X20 Y20
G1 F1500 X142.524 Y122.018 E612.50877
M204 S5000
M205 X30 Y30
G0 F7200 X142.524 Y122.725
M204 S3000
M205 X20 Y20
G1 F1500 X137.728 Y117.929 E612.79075
M204 S5000
M205 X30 Y30
G0 F7200 X136.877 Y117.785
M204 S3000
M205 X20 Y20
G1 F1500 X142.524 Y123.432 E613.12277
M204 S5000
M205 X30 Y30
G0 F7200 X142.524 Y124.139
M204 S3000
M205 X20 Y20
G1 F1500 X109.109 Y90.724 E615.08745
M204 S5000
M205 X30 Y30
G0 F7200 X108.402 Y90.724
M204 S3000
M205 X20 Y20
G1 F1500 X142.524 Y124.846 E617.09369
M204 S5000
M205 X30 Y30
G0 F7200 X141.851 Y124.88
M204 S3000
M205 X20 Y20
G1 F1500 X142.513 Y125.542 E617.13261
M204 S5000
M205 X30 Y30
G0 F7200 X142.158 Y125.895
M204 S3000
M205 X20 Y20
G1 F1500 X142.407 Y126.143 E617.14723
M204 S5000
M205 X30 Y30
G0 F7200 X142.153 Y126.596
M204 S3000
M205 X20 Y20
G1 F1500 X142.25 Y126.694 E617.15296
M204 S5000
M205 X30 Y30
G0 F7200 X140.355 Y123.385
M204 S3000
M205 X20 Y20
G1 F1500 X107.695 Y90.724 E619.07327
M204 S5000
M205 X30 Y30
G0 F7200 X106.988 Y90.724
M204 S3000
M205 X20 Y20
G1 F1500 X139.382 Y123.118 E620.97791
M204 S5000
M205 X30 Y30
G0 F7200 X138.656 Y123.1
M204 S3000
M205 X20 Y20
G1 F1500 X106.28 Y90.724 E622.8815
M204 S5000
M205 X30 Y30
G0 F7200 X105.573 Y90.724
M204 S3000
M205 X20 Y20
G1 F1500 X138.077 Y123.228 E624.79261
M204 S5000
M205 X30 Y30
G0 F7200 X137.553 Y123.411
M204 S3000
M205 X20 Y20
G1 F1500 X104.866 Y90.724 E626.71448
M204 S5000
M205 X30 Y30
G0 F7200 X104.159 Y90.724
M204 S3000
M205 X20 Y20
G1 F1500 X137.121 Y123.686 E628.65252
M204 S5000
M205 X30 Y30
G0 F7200 X136.753 Y124.025
M204 S3000
M205 X20 Y20
G1 F1500 X103.452 Y90.724 E630.61049
M204 S5000
M205 X30 Y30
G0 F7200 X102.745 Y90.724
M204 S3000
M205 X20 Y20
G1 F1500 X136.416 Y124.395 E632.59022
M204 S5000
M205 X30 Y30
G0 F7200 X136.163 Y124.849
M204 S3000
M205 X20 Y20
G1 F1500 X102.038 Y90.724 E634.59663
M204 S5000
M205 X30 Y30
G0 F7200 X101.331 Y90.724
M204 S3000
M205 X20 Y20
G1 F1500 X135.975 Y125.369 E636.6336
M204 S5000
M205 X30 Y30
G0 F7200 X135.856 Y125.956
M204 S3000
M205 X20 Y20
G1 F1500 X100.624 Y90.724 E638.7051
M204 S5000
M205 X30 Y30
G0 F7200 X99.917 Y90.724
M204 S3000
M205 X20 Y20
G1 F1500 X135.874 Y126.681 E640.81924
G1 X135.962 Y126.769
M204 S5000
M205 X30 Y30
G0 F7200 X136.229 Y127.743
M204 S3000
M205 X20 Y20
G1 F1500 X99.209 Y90.724 E642.99584
M204 S5000
M205 X30 Y30
G0 F7200 X98.502 Y90.724
M204 S3000
M205 X20 Y20
G1 F1500 X137.052 Y129.273 E645.26241
M204 S5000
M205 X30 Y30
G0 F7200 X137.534 Y129.049
M204 S3000
M205 X20 Y20
G1 F1500 X137.759 Y129.274 E645.27564
M204 S5000
M205 X30 Y30
G0 F7200 X136.345 Y129.273
M204 S3000
M205 X20 Y20
G1 F1500 X97.795 Y90.724 E647.5422
M204 S5000
M205 X30 Y30
G0 F7200 X97.088 Y90.724
M204 S3000
M205 X20 Y20
G1 F1500 X135.637 Y129.273 E649.80873
M204 S5000
M205 X30 Y30
G0 F7200 X134.93 Y129.273
M204 S3000
M205 X20 Y20
G1 F1500 X96.381 Y90.724 E652.07527
M204 S5000
M205 X30 Y30
G0 F7200 X95.674 Y90.724
M204 S3000
M205 X20 Y20
G1 F1500 X134.223 Y129.273 E654.3418
M204 S5000
M205 X30 Y30
G0 F7200 X133.516 Y129.273
M204 S3000
M205 X20 Y20
G1 F1500 X94.967 Y90.724 E656.60833
M204 S5000
M205 X30 Y30
G0 F7200 X94.26 Y90.724
M204 S3000
M205 X20 Y20
G1 F1500 X132.809 Y129.273 E658.87487
M204 S5000
M205 X30 Y30
G0 F7200 X132.102 Y129.273
M204 S3000
M205 X20 Y20
G1 F1500 X93.553 Y90.724 E661.1414
M204 S5000
M205 X30 Y30
G0 F7200 X92.845 Y90.724
M204 S3000
M205 X20 Y20
G1 F1500 X131.395 Y129.273 E663.40796
M204 S5000
M205 X30 Y30
G0 F7200 X130.688 Y129.273
M204 S3000
M205 X20 Y20
G1 F1500 X92.138 Y90.724 E665.67452
M204 S5000
M205 X30 Y30
G0 F7200 X91.431 Y90.724
M204 S3000
M205 X20 Y20
G1 F1500 X129.981 Y129.273 E667.94109
M204 S5000
M205 X30 Y30
G0 F7200 X129.273 Y129.273
M204 S3000
M205 X20 Y20
G1 F1500 X90.724 Y90.724 E670.20762
M204 S5000
M205 X30 Y30
G0 F7200 X90.017 Y90.724
M204 S3000
M205 X20 Y20
G1 F1500 X128.566 Y129.273 E672.47415
M204 S5000
M205 X30 Y30
G0 F7200 X127.859 Y129.273
M204 S3000
M205 X20 Y20
G1 F1500 X89.31 Y90.724 E674.74069
M204 S5000
M205 X30 Y30
G0 F7200 X88.603 Y90.724
M204 S3000
M205 X20 Y20
G1 F1500 X127.152 Y129.273 E677.00722
M204 S5000
M205 X30 Y30
G0 F7200 X126.445 Y129.273
M204 S3000
M205 X20 Y20
G1 F1500 X87.896 Y90.724 E679.27375
M204 S5000
M205 X30 Y30
G0 F7200 X87.189 Y90.724
M204 S3000
M205 X20 Y20
G1 F1500 X125.738 Y129.273 E681.54029
M204 S5000
M205 X30 Y30
G0 F7200 X125.031 Y129.273
M204 S3000
M205 X20 Y20
G1 F1500 X86.481 Y90.724 E683.80685
M204 S5000
M205 X30 Y30
G0 F7200 X85.774 Y90.724
M204 S3000
M205 X20 Y20
G1 F1500 X124.324 Y129.273 E686.07341
M204 S5000
M205 X30 Y30
G0 F7200 X123.617 Y129.273
M204 S3000
M205 X20 Y20
G1 F1500 X85.067 Y90.724 E688.33998
M204 S5000
M205 X30 Y30
G0 F7200 X84.36 Y90.724
M204 S3000
M205 X20 Y20
G1 F1500 X122.91 Y129.273 E690.60654
M204 S5000
M205 X30 Y30
G0 F7200 X122.202 Y129.273
M204 S3000
M205 X20 Y20
G1 F1500 X83.653 Y90.724 E692.87307
M204 S5000
M205 X30 Y30
G0 F7200 X82.946 Y90.724
M204 S3000
M205 X20 Y20
G1 F1500 X121.495 Y129.273 E695.13961
M204 S5000
M205 X30 Y30
G0 F7200 X120.788 Y129.273
M204 S3000
M205 X20 Y20
G1 F1500 X82.467 Y90.952 E697.39273
M204 S5000
M205 X30 Y30
G0 F7200 X82.362 Y91.554
M204 S3000
M205 X20 Y20
G1 F1500 X83.744 Y92.937 E697.47402
G1 X83.832 Y93.025
M204 S5000
M205 X30 Y30
G0 F7200 X82.708 Y92.608
M204 S3000
M205 X20 Y20
G1 F1500 X82.201 Y92.101 E697.50383
M204 S5000
M205 X30 Y30
G0 F7200 X84.991 Y94.183
M204 S3000
M205 X20 Y20
G1 F1500 X120.081 Y129.273 E699.56699
M204 S5000
M205 X30 Y30
G0 F7200 X119.374 Y129.273
M204 S3000
M205 X20 Y20
G1 F1500 X85.378 Y95.278 E701.56579
M204 S5000
M205 X30 Y30
G0 F7200 X85.406 Y96.013
M204 S3000
M205 X20 Y20
G1 F1500 X118.667 Y129.273 E703.52138
M204 S5000
M205 X30 Y30
G0 F7200 X117.96 Y129.273
M204 S3000
M205 X20 Y20
G1 F1500 X85.296 Y96.609 E705.4419
M204 S5000
M205 X30 Y30
G0 F7200 X85.098 Y97.119
M204 S3000
M205 X20 Y20
G1 F1500 X117.253 Y129.273 E707.33246
M204 S5000
M205 X30 Y30
G0 F7200 X116.546 Y129.273
M204 S3000
M205 X20 Y20
G1 F1500 X84.844 Y97.572 E709.19639
M204 S5000
M205 X30 Y30
G0 F7200 X84.516 Y97.951
M204 S3000
M205 X20 Y20
G1 F1500 X115.838 Y129.273 E711.038
M204 S5000
M205 X30 Y30
G0 F7200 X115.131 Y129.273
M204 S3000
M205 X20 Y20
G1 F1500 X84.149 Y98.291 E712.85963
M204 S5000
M205 X30 Y30
G0 F7200 X83.721 Y98.57
M204 S3000
M205 X20 Y20
G1 F1500 X114.424 Y129.273 E714.66484
M204 S5000
M205 X30 Y30
G0 F7200 X113.717 Y129.273
M204 S3000
M205 X20 Y20
G1 F1500 X83.206 Y98.763 E716.45874
M204 S5000
M205 X30 Y30
G0 F7200 X82.634 Y98.898
M204 S3000
M205 X20 Y20
G1 F1500 X113.01 Y129.273 E718.24471
M204 S5000
M205 X30 Y30
G0 F7200 X112.303 Y129.273
M204 S3000
M205 X20 Y20
G1 F1500 X81.923 Y98.893 E720.03093
G1 X81.835 Y98.805
M204 S5000
M205 X30 Y30
G0 F7200 X80.955 Y98.633
M204 S3000
M205 X20 Y20
G1 F1500 X111.596 Y129.273 E721.83248
M204 S5000
M205 X30 Y30
G0 F7200 X110.889 Y129.273
M204 S3000
M205 X20 Y20
G1 F1500 X84.053 Y102.437 E723.41033
M204 S5000
M205 X30 Y30
G0 F7200 X84.164 Y103.256
M204 S3000
M205 X20 Y20
G1 F1500 X110.182 Y129.273 E724.94006
M204 S5000
M205 X30 Y30
G0 F7200 X109.474 Y129.273
M204 S3000
M205 X20 Y20
G1 F1500 X84.091 Y103.89 E726.43249
M204 S5000
M205 X30 Y30
G0 F7200 X83.947 Y104.453
M204 S3000
M205 X20 Y20
G1 F1500 X108.767 Y129.273 E727.89181
M204 S5000
M205 X30 Y30
G0 F7200 X108.06 Y129.273
M204 S3000
M205 X20 Y20
G1 F1500 X83.693 Y104.907 E729.32446
M204 S5000
M205 X30 Y30
G0 F7200 X83.401 Y105.322
M204 S3000
M205 X20 Y20
G1 F1500 X107.352 Y129.273 E730.73269
M204 S5000
M205 X30 Y30
G0 F7200 X106.645 Y129.273
M204 S3000
M205 X20 Y20
G1 F1500 X83.039 Y105.667 E732.12063
M204 S5000
M205 X30 Y30
G0 F7200 X82.628 Y105.962
M204 S3000
M205 X20 Y20
G1 F1500 X105.938 Y129.273 E733.4912
M204 S5000
M205 X30 Y30
G0 F7200 X105.231 Y129.273
M204 S3000
M205 X20 Y20
G1 F1500 X82.154 Y106.196 E734.84804
M204 S5000
M205 X30 Y30
G0 F7200 X81.617 Y106.365
M204 S3000
M205 X20 Y20
G1 F1500 X104.524 Y129.273 E736.19491
M204 S5000
M205 X30 Y30
G0 F7200 X103.817 Y129.273
M204 S3000
M205 X20 Y20
G1 F1500 X80.963 Y106.419 E737.53864
M204 S5000
M205 X30 Y30
G0 F7200 X80.131 Y106.294
M204 S3000
M205 X20 Y20
G1 F1500 X103.11 Y129.273 E738.88972
M204 S5000
M205 X30 Y30
G0 F7200 X102.403 Y129.273
M204 S3000
M205 X20 Y20
G1 F1500 X77.501 Y104.371 E740.35386
M204 S5000
M205 X30 Y30
G0 F7200 X77.737 Y103.9
M204 S3000
M205 X20 Y20
G1 F1500 X77.653 Y103.816 E740.3588
M204 S5000
M205 X30 Y30
G0 F7200 X77.474 Y105.052
M204 S3000
M205 X20 Y20
G1 F1500 X101.696 Y129.273 E741.78293
M204 S5000
M205 X30 Y30
G0 F7200 X100.988 Y129.273
M204 S3000
M205 X20 Y20
G1 F1500 X85.115 Y113.4 E742.7162
G1 X85.027 Y113.312
M204 S5000
M205 X30 Y30
G0 F7200 X85.402 Y114.394
M204 S3000
M205 X20 Y20
G1 F1500 X100.281 Y129.273 E743.59103
M204 S5000
M205 X30 Y30
G0 F7200 X99.574 Y129.273
M204 S3000
M205 X20 Y20
G1 F1500 X85.397 Y115.095 E744.42461
M204 S5000
M205 X30 Y30
G0 F7200 X85.279 Y115.684
M204 S3000
M205 X20 Y20
G1 F1500 X98.867 Y129.273 E745.22356
M204 S5000
M205 X30 Y30
G0 F7200 X98.16 Y129.273
M204 S3000
M205 X20 Y20
G1 F1500 X85.067 Y116.179 E745.99341
M204 S5000
M205 X30 Y30
G0 F7200 X84.815 Y116.635
M204 S3000
M205 X20 Y20
G1 F1500 X97.453 Y129.273 E746.73648
M204 S5000
M205 X30 Y30
G0 F7200 X96.746 Y129.273
M204 S3000
M205 X20 Y20
G1 F1500 X84.471 Y116.998 E747.4582
M204 S5000
M205 X30 Y30
G0 F7200 X84.095 Y117.329
M204 S3000
M205 X20 Y20
G1 F1500 X96.039 Y129.273 E748.16046
M204 S5000
M205 X30 Y30
G0 F7200 X95.332 Y129.273
M204 S3000
M205 X20 Y20
G1 F1500 X83.662 Y117.603 E748.84661
M204 S5000
M205 X30 Y30
G0 F7200 X83.136 Y117.784
M204 S3000
M205 X20 Y20
G1 F1500 X94.625 Y129.273 E749.52212
M204 S5000
M205 X30 Y30
G0 F7200 X93.917 Y129.273
M204 S3000
M205 X20 Y20
G1 F1500 X82.538 Y117.893 E750.19119
M204 S5000
M205 X30 Y30
G0 F7200 X81.814 Y117.876
M204 S3000
M205 X20 Y20
G1 F1500 X93.21 Y129.273 E750.86126
M204 S5000
M205 X30 Y30
G0 F7200 X92.503 Y129.273
M204 S3000
M205 X20 Y20
G1 F1500 X80.796 Y117.566 E751.54959
G1 X80.708 Y117.478
M204 S5000
M205 X30 Y30
G0 F7200 X79.432 Y116.201
M204 S3000
M205 X20 Y20
G1 F1500 X77.474 Y114.244 E751.66468
M204 S5000
M205 X30 Y30
G0 F7200 X77.474 Y114.951
M204 S3000
M205 X20 Y20
G1 F1500 X91.796 Y129.273 E752.50676
M204 S5000
M205 X30 Y30
G0 F7200 X91.089 Y129.273
M204 S3000
M205 X20 Y20
G1 F1500 X77.474 Y115.658 E753.30727
M204 S5000
M205 X30 Y30
G0 F7200 X77.474 Y116.365
M204 S3000
M205 X20 Y20
G1 F1500 X90.382 Y129.273 E754.06621
M204 S5000
M205 X30 Y30
G0 F7200 X89.675 Y129.273
M204 S3000
M205 X20 Y20
G1 F1500 X77.474 Y117.072 E754.78359
M204 S5000
M205 X30 Y30
G0 F7200 X77.474 Y117.779
M204 S3000
M205 X20 Y20
G1 F1500 X88.968 Y129.273 E755.45939
M204 S5000
M205 X30 Y30
G0 F7200 X88.261 Y129.273
M204 S3000
M205 X20 Y20
G1 F1500 X83.84 Y124.853 E755.7193
G1 X83.752 Y124.765
M204 S5000
M205 X30 Y30
G0 F7200 X84.154 Y125.874
M204 S3000
M205 X20 Y20
G1 F1500 X87.553 Y129.273 E755.91915
M204 S5000
M205 X30 Y30
G0 F7200 X86.846 Y129.273
M204 S3000
M205 X20 Y20
G1 F1500 X84.147 Y126.574 E756.07784
M204 S5000
M205 X30 Y30
G0 F7200 X84.033 Y127.167
M204 S3000
M205 X20 Y20
G1 F1500 X86.139 Y129.273 E756.20166
M204 S5000
M205 X30 Y30
G0 F7200 X85.432 Y129.273
M204 S3000
M205 X20 Y20
G1 F1500 X83.814 Y127.654 E756.29682
M204 S5000
M205 X30 Y30
G0 F7200 X83.56 Y128.107
M204 S3000
M205 X20 Y20
G1 F1500 X84.725 Y129.273 E756.36535
M204 S5000
M205 X30 Y30
G0 F7200 X84.018 Y129.273
M204 S3000
M205 X20 Y20
G1 F1500 X83.232 Y128.486 E756.41159
M204 S5000
M205 X30 Y30
G0 F7200 X82.853 Y128.815
M204 S3000
M205 X20 Y20
G1 F1500 X83.311 Y129.273 E756.43852
M204 S5000
M205 X30 Y30
G0 F7200 X82.604 Y129.273
M204 S3000
M205 X20 Y20
G1 F1500 X82.433 Y129.102 E756.44858
M204 S5000
M205 X30 Y30
G0 F7200 X80.387 Y128.773
G0 X79.429 Y128.308
G0 X77.828 Y126.618
M204 S3000
M205 X20 Y20
G1 F1500 X77.675 Y126.466 E756.45754
M204 S5000
M205 X30 Y30
G0 F7200 X77.839 Y125.922
M204 S3000
M205 X20 Y20
G1 F1500 X77.489 Y125.572 E756.47812
M204 S5000
M205 X30 Y30
G0 F7200 X77.971 Y125.347
M204 S3000
M205 X20 Y20
G1 F1500 X77.474 Y124.851 E756.50731
M204 S5000
M205 X30 Y30
G0 F7200 X78.164 Y124.833
M204 S3000
M205 X20 Y20
G1 F1500 X77.474 Y124.143 E756.54788
M204 S5000
M205 X30 Y30
G0 F7200 X77.474 Y123.436
M204 S3000
M205 X20 Y20
G1 F1500 X78.442 Y124.404 E756.6048
M204 S5000
M205 X30 Y30
G0 F7200 X78.755 Y124.01
M204 S3000
M205 X20 Y20
G1 F1500 X77.474 Y122.729 E756.68011
M204 S5000
M205 X30 Y30
G0 F7200 X77.474 Y122.022
M204 S3000
M205 X20 Y20
G1 F1500 X79.138 Y123.686 E756.77795
M204 S5000
M205 X30 Y30
G0 F7200 X79.586 Y123.427
M204 S3000
M205 X20 Y20
G1 F1500 X77.474 Y121.315 E756.90213
M204 S5000
M205 X30 Y30
G0 F7200 X77.474 Y120.608
M204 S3000
M205 X20 Y20
G1 F1500 X80.086 Y123.219 E757.05568
M204 S5000
M205 X30 Y30
G0 F7200 X80.681 Y123.107
M204 S3000
M205 X20 Y20
G1 F1500 X77.474 Y119.901 E757.24421
M204 S5000
M205 X30 Y30
G0 F7200 X77.474 Y119.194
M204 S3000
M205 X20 Y20
G1 F1500 X81.389 Y123.108 E757.47436
G1 X81.477 Y123.196
M204 S5000
M205 X30 Y30
G0 F7200 X82.37 Y123.382
M204 S3000
M205 X20 Y20
G1 F1500 X77.474 Y118.487 E757.7622
G1 X77.386 Y118.399
M204 S5000
M205 X30 Y30
G0 F7200 X79.108 Y115.17
M204 S3000
M205 X20 Y20
G1 F1500 X77.474 Y113.537 E757.85824
M204 S5000
M205 X30 Y30
G0 F7200 X77.474 Y112.83
M204 S3000
M205 X20 Y20
G1 F1500 X79.093 Y114.448 E757.9534
M204 S5000
M205 X30 Y30
G0 F7200 X79.223 Y113.871
M204 S3000
M205 X20 Y20
G1 F1500 X77.474 Y112.123 E758.05621
M204 S5000
M205 X30 Y30
G0 F7200 X77.474 Y111.415
M204 S3000
M205 X20 Y20
G1 F1500 X79.41 Y113.352 E758.17007
M204 S5000
M205 X30 Y30
G0 F7200 X79.683 Y112.917
M204 S3000
M205 X20 Y20
G1 F1500 X77.474 Y110.708 E758.29995
M204 S5000
M205 X30 Y30
G0 F7200 X77.474 Y110.001
M204 S3000
M205 X20 Y20
G1 F1500 X79.992 Y112.519 E758.448
M204 S5000
M205 X30 Y30
G0 F7200 X80.373 Y112.193
M204 S3000
M205 X20 Y20
G1 F1500 X77.474 Y109.294 E758.61845
M204 S5000
M205 X30 Y30
G0 F7200 X77.474 Y108.587
M204 S3000
M205 X20 Y20
G1 F1500 X80.815 Y111.927 E758.81486
M204 S5000
M205 X30 Y30
G0 F7200 X81.32 Y111.725
M204 S3000
M205 X20 Y20
G1 F1500 X77.474 Y107.88 E759.04096
M204 S5000
M205 X30 Y30
G0 F7200 X77.474 Y107.173
M204 S3000
M205 X20 Y20
G1 F1500 X81.911 Y111.609 E759.30181
M204 S5000
M205 X30 Y30
G0 F7200 X82.611 Y111.603
M204 S3000
M205 X20 Y20
G1 F1500 X77.474 Y106.466 E759.60384
M204 S5000
M205 X30 Y30
G0 F7200 X77.474 Y105.759
M204 S3000
M205 X20 Y20
G1 F1500 X83.587 Y111.871 E759.96323
G1 X83.675 Y111.959
M204 S5000
M205 X30 Y30
G0 F7200 X78.644 Y104.353
G0 X77.758 Y102.507
M204 S3000
M205 X20 Y20
G1 F1500 X77.577 Y102.326 E759.97388
M204 S5000
M205 X30 Y30
G0 F7200 X78.049 Y102.09
M204 S3000
M205 X20 Y20
G1 F1500 X77.476 Y101.517 E760.00757
M204 S5000
M205 X30 Y30
G0 F7200 X77.476 Y100.81
M204 S3000
M205 X20 Y20
G1 F1500 X78.288 Y101.623 E760.05534
M204 S5000
M205 X30 Y30
G0 F7200 X78.581 Y101.208
M204 S3000
M205 X20 Y20
G1 F1500 X77.476 Y100.103 E760.12031
M204 S5000
M205 X30 Y30
G0 F7200 X77.476 Y99.396
M204 S3000
M205 X20 Y20
G1 F1500 X78.932 Y100.852 E760.20592
M204 S5000
M205 X30 Y30
G0 F7200 X79.343 Y100.556
M204 S3000
M205 X20 Y20
G1 F1500 X77.476 Y98.689 E760.31569
M204 S5000
M205 X30 Y30
G0 F7200 X77.476 Y97.982
M204 S3000
M205 X20 Y20
G1 F1500 X79.81 Y100.316 E760.45292
M204 S5000
M205 X30 Y30
G0 F7200 X80.34 Y100.139
M204 S3000
M205 X20 Y20
G1 F1500 X77.52 Y97.319 E760.61872
M204 S5000
M205 X30 Y30
G0 F7200 X77.632 Y96.724
M204 S3000
M205 X20 Y20
G1 F1500 X80.981 Y100.073 E760.81563
M204 S5000
M205 X30 Y30
G0 F7200 X81.795 Y100.18
M204 S3000
M205 X20 Y20
G1 F1500 X77.824 Y96.209 E761.04911
M204 S5000
M205 X30 Y30
G0 F7200 X78.066 Y95.743
M204 S3000
M205 X20 Y20
G1 F1500 X79.326 Y97.004 E761.12322
M204 S5000
M205 X30 Y30
G0 F7200 X79.104 Y96.075
M204 S3000
M205 X20 Y20
G1 F1500 X78.353 Y95.323 E761.16741
M204 S5000
M205 X30 Y30
G0 F7200 X78.686 Y94.949
M204 S3000
M205 X20 Y20
G1 F1500 X79.086 Y95.349 E761.19093
M204 S5000
M205 X30 Y30
G0 F7200 X79.237 Y94.794
M204 S3000
M205 X20 Y20
G1 F1500 X79.07 Y94.626 E761.20078
M204 S5000
M205 X30 Y30
G0 F7200 X81.197 Y93.376
G0 X109.816 Y90.724
M204 S3000
M205 X20 Y20
G1 F1500 X134.706 Y115.614 E762.66421
M204 S5000
M205 X30 Y30
G0 F7200 X134.581 Y114.782
M204 S3000
M205 X20 Y20
G1 F1500 X110.524 Y90.725 E764.07867
M204 S5000
M205 X30 Y30
G0 F7200 X111.231 Y90.725
M204 S3000
M205 X20 Y20
G1 F1500 X134.648 Y114.142 E765.4555
M204 S5000
M205 X30 Y30
G0 F7200 X134.787 Y113.574
M204 S3000
M205 X20 Y20
G1 F1500 X111.938 Y90.725 E766.79894
M204 S5000
M205 X30 Y30
G0 F7200 X112.645 Y90.725
M204 S3000
M205 X20 Y20
G1 F1500 X135.04 Y113.12 E768.11568
M204 S5000
M205 X30 Y30
G0 F7200 X135.323 Y112.695
M204 S3000
M205 X20 Y20
G1 F1500 X113.352 Y90.725 E769.40746
M204 S5000
M205 X30 Y30
G0 F7200 X114.059 Y90.725
M204 S3000
M205 X20 Y20
G1 F1500 X135.686 Y112.352 E770.67904
M204 S5000
M205 X30 Y30
G0 F7200 X136.094 Y112.052
M204 S3000
M205 X20 Y20
G1 F1500 X114.766 Y90.725 E771.93302
M204 S5000
M205 X30 Y30
G0 F7200 X115.474 Y90.725
M204 S3000
M205 X20 Y20
G1 F1500 X136.564 Y111.816 E773.17306
M204 S5000
M205 X30 Y30
G0 F7200 X137.089 Y111.633
M204 S3000
M205 X20 Y20
G1 F1500 X116.181 Y90.725 E774.40237
M204 S5000
M205 X30 Y30
G0 F7200 X116.888 Y90.725
M204 S3000
M205 X20 Y20
G1 F1500 X137.735 Y111.572 E775.62809
M204 S5000
M205 X30 Y30
G0 F7200 X138.554 Y111.683
M204 S3000
M205 X20 Y20
G1 F1500 X117.595 Y90.725 E776.86037
G1 X117.507 Y90.637
M204 S5000
M205 X30 Y30
G0 F7200 X137.023 Y98.839
M204 S3000
M205 X20 Y20
G1 F1500 X138.326 Y100.142 E776.93698
M204 S5000
M205 X30 Y30
G0 F7200 X138.962 Y100.071
M204 S3000
M205 X20 Y20
G1 F1500 X137.812 Y98.922 E777.00457
M204 S5000
M205 X30 Y30
G0 F7200 X138.451 Y98.853
M204 S3000
M205 X20 Y20
G1 F1500 X139.759 Y100.161 E777.08147
G1 X139.847 Y100.249
M204 S5000
M205 X30 Y30
G0 F7200 X138.969 Y98.664
M204 S3000
M205 X20 Y20
G1 F1500 X142.44 Y102.135 E777.28556
M204 S5000
M205 X30 Y30
G0 F7200 X142.524 Y101.512
M204 S3000
M205 X20 Y20
G1 F1500 X139.45 Y98.438 E777.46629
M204 S5000
M205 X30 Y30
G0 F7200 X139.838 Y98.119
M204 S3000
M205 X20 Y20
G1 F1500 X142.524 Y100.805 E777.62422
M204 S5000
M205 X30 Y30
G0 F7200 X142.524 Y100.098
M204 S3000
M205 X20 Y20
G1 F1500 X140.199 Y97.773 E777.76092
M204 S5000
M205 X30 Y30
G0 F7200 X140.479 Y97.345
M204 S3000
M205 X20 Y20
G1 F1500 X142.524 Y99.39 E777.88116
M204 S5000
M205 X30 Y30
G0 F7200 X142.524 Y98.683
M204 S3000
M205 X20 Y20
G1 F1500 X140.712 Y96.871 E777.9877
M204 S5000
M205 X30 Y30
G0 F7200 X140.871 Y96.324
M204 S3000
M205 X20 Y20
G1 F1500 X142.524 Y97.976 E778.08486
M204 S5000
M205 X30 Y30
G0 F7200 X142.462 Y97.208
M204 S3000
M205 X20 Y20
G1 F1500 X140.906 Y95.651 E778.17638
M204 S5000
M205 X30 Y30
G0 F7200 X140.765 Y94.803
M204 S3000
M205 X20 Y20
G1 F1500 X142.176 Y96.214 E778.25934
G1 X142.264 Y96.302
M204 S5000
M205 X30 Y30
G0 F7200 X142.192 Y104.009
M204 S3000
M205 X20 Y20
G1 F1500 X142.475 Y104.291 E778.27595
M204 S5000
M205 X30 Y30
G0 F7200 X141.928 Y104.451
M204 S3000
M205 X20 Y20
G1 F1500 X142.524 Y105.047 E778.31099
M204 S5000
M205 X30 Y30
G0 F7200 X142.524 Y105.754
M204 S3000
M205 X20 Y20
G1 F1500 X141.684 Y104.914 E778.36038
M204 S5000
M205 X30 Y30
G0 F7200 X141.389 Y105.327
M204 S3000
M205 X20 Y20
G1 F1500 X142.524 Y106.461 E778.42708
M204 S5000
M205 X30 Y30
G0 F7200 X142.524 Y107.169
M204 S3000
M205 X20 Y20
G1 F1500 X141.028 Y105.672 E778.51507
M204 S5000
M205 X30 Y30
G0 F7200 X140.615 Y105.967
M204 S3000
M205 X20 Y20
G1 F1500 X142.524 Y107.876 E778.62731
M204 S5000
M205 X30 Y30
G0 F7200 X142.524 Y108.583
M204 S3000
M205 X20 Y20
G1 F1500 X140.127 Y106.186 E778.76825
M204 S5000
M205 X30 Y30
G0 F7200 X139.598 Y106.364
M204 S3000
M205 X20 Y20
G1 F1500 X142.524 Y109.29 E778.94029
M204 S5000
M205 X30 Y30
G0 F7200 X142.524 Y109.997
M204 S3000
M205 X20 Y20
G1 F1500 X138.941 Y106.414 E779.15095
G1 X138.853 Y106.326
M204 S5000
M205 X30 Y30
;MESH:NONMESH
G0 F600 X138.853 Y106.326 Z0.9
G0 F7200 X82.759 Y93.204
G0 X80.856 Y93.037
G0 X80.788 Y92.934
;TIME_ELAPSED:678.566142
;LAYER:3
M204 S3000
M205 X20 Y20
;TYPE:WALL-INNER
;MESH:Pi Holder.stl
G1 F3059.4 X80.231 Y93.298 E779.1873
G1 F3465.5 X79.701 Y93.428 E779.21362
G1 F4020 X79.399 Y93.551 E779.22718
G1 X78.704 Y93.983 E779.2612
G1 X78.179 Y94.427 E779.28979
G1 X77.608 Y95.074 E779.32566
G1 X77.195 Y95.823 E779.36122
G1 X76.888 Y96.634 E779.39727
G1 X76.751 Y97.576 E779.43685
G1 X76.75 Y125.486 E780.59721
G1 X76.802 Y125.943 E780.61634
G1 X77.002 Y126.817 E780.65361
G1 X77.39 Y127.625 E780.69088
G1 X77.893 Y128.361 E780.72794
G1 X78.538 Y128.96 E780.76454
G1 X79.125 Y129.36 E780.79407
G1 X79.928 Y129.746 E780.83111
G1 X80.806 Y129.948 E780.86857
G1 X81.266 Y130 E780.88781
G1 X138.734 Y130 E783.27705
G1 X139.194 Y129.948 E783.2963
G1 X140.072 Y129.746 E783.33376
G1 X140.875 Y129.36 E783.3708
G1 X141.616 Y128.853 E783.40813
G1 X142.212 Y128.21 E783.44458
G1 X142.61 Y127.625 E783.47399
G1 X142.996 Y126.821 E783.51107
G1 X143.198 Y125.944 E783.54849
G1 X143.25 Y125.485 E783.56769
G1 X143.25 Y97.572 E784.72818
G1 X143.112 Y96.634 E784.7676
G1 X142.806 Y95.823 E784.80364
G1 X142.388 Y95.068 E784.83952
G1 X141.819 Y94.425 E784.87521
G1 X141.296 Y93.983 E784.90368
G1 X140.6 Y93.55 E784.93776
G1 F3902.9 X140.038 Y93.337 E784.9635
G1 F3424.2 X139.691 Y93.252 E784.98093
G1 F3101.9 X139.212 Y92.934 E785.01191
G1 F3489.6 X138.735 Y92.321 E785.04911
G1 F4020 X138.428 Y91.738 E785.07651
G1 X138.25 Y91.012 E785.10759
G1 X138.25 Y90 E785.14966
G1 X81.75 Y90 E787.49866
G1 X81.75 Y91.006 E787.54048
G1 X81.583 Y91.697 E787.57004
G1 X81.265 Y92.321 E787.59915
G1 F3489.6 X80.788 Y92.934 E787.63636
M204 S5000
M205 X30 Y30
G0 F7200 X80.857 Y93.036
G0 X79.894 Y94.648
G0 X79.634 Y96.199
G0 X79.828 Y96.142
M204 S3000
M205 X20 Y20
G1 F4020 X79.815 Y95.5 E787.66305
G1 X79.831 Y95.341 E787.6697
G1 F3865.4 X80.016 Y94.718 E787.6978
G1 F3589.3 X80.541 Y93.871 E787.7442
G1 F3263 X81.144 Y93.481 E787.78098
G1 F3489.6 X81.72 Y93.358 E787.80919
G1 F4020 X82.304 Y93.295 E787.83361
G1 X82.703 Y93.34 E787.8503
G1 X83.262 Y93.521 E787.87473
G1 X83.64 Y93.73 E787.89269
G1 X84.12 Y94.17 E787.91976
G1 X84.254 Y94.343 E787.92886
G1 X84.558 Y94.913 E787.95572
G1 X84.692 Y95.535 E787.98217
G1 X84.691 Y95.974 E788.00042
G1 X84.543 Y96.639 E788.02875
G1 X84.197 Y97.252 E788.05801
G1 X83.739 Y97.698 E788.08459
G1 X83.339 Y97.953 E788.10431
G1 X82.735 Y98.156 E788.1308
G1 X82.302 Y98.205 E788.14892
G1 X81.623 Y98.131 E788.17732
G1 X80.963 Y97.847 E788.20719
G1 X80.415 Y97.389 E788.23688
G1 X80.018 Y96.788 E788.26683
G1 X79.828 Y96.142 E788.29482
M204 S5000
M205 X30 Y30
G0 F7200 X79.634 Y96.199
G0 X78.365 Y103.001
G0 X78.565 Y103.001
M204 S3000
M205 X20 Y20
G1 F4020 X78.596 Y102.784 E788.30394
G1 X78.83 Y102.115 E788.3334
G1 X79.202 Y101.582 E788.36042
G1 X79.526 Y101.295 E788.37842
G1 X79.98 Y101.02 E788.40049
G1 X80.415 Y100.868 E788.41965
G1 X81.023 Y100.8 E788.44508
G1 X81.526 Y100.857 E788.46613
G1 X82.083 Y101.046 E788.49058
G1 X82.465 Y101.275 E788.5091
G1 X82.962 Y101.768 E788.5382
G1 X83.293 Y102.364 E788.56655
G1 X83.438 Y102.998 E788.59358
G1 X83.445 Y103.428 E788.61146
G1 X83.302 Y104.12 E788.64084
G1 X82.957 Y104.741 E788.67038
G1 X82.467 Y105.216 E788.69875
G1 X82.081 Y105.452 E788.71756
G1 X81.481 Y105.659 E788.74395
G1 X81.115 Y105.698 E788.75925
G1 X80.486 Y105.643 E788.7855
G1 X80.273 Y105.588 E788.79465
G1 X79.632 Y105.279 E788.82423
G1 X79.107 Y104.801 E788.85375
G1 X78.739 Y104.19 E788.8834
G1 X78.576 Y103.629 E788.90769
G1 X78.565 Y103.001 E788.93381
M204 S5000
M205 X30 Y30
G0 F7200 X78.365 Y103.001
G0 X79.615 Y114.501
G0 X79.815 Y114.501
M204 S3000
M205 X20 Y20
G1 F4020 X79.846 Y114.284 E788.94292
G1 X80.08 Y113.615 E788.97239
G1 X80.452 Y113.082 E788.99941
G1 X80.776 Y112.795 E789.0174
G1 X81.184 Y112.546 E789.03728
G1 X81.677 Y112.366 E789.0591
G1 X82.306 Y112.294 E789.08542
G1 X82.741 Y112.348 E789.10364
G1 X83.346 Y112.549 E789.13015
G1 X83.721 Y112.787 E789.14861
G1 X84.201 Y113.247 E789.17625
G1 X84.55 Y113.881 E789.20634
G1 X84.697 Y114.535 E789.23421
G1 X84.687 Y115.007 E789.25384
G1 X84.548 Y115.624 E789.28013
G1 X84.202 Y116.251 E789.3099
G1 X83.721 Y116.713 E789.33763
G1 X83.346 Y116.951 E789.3561
G1 X82.74 Y117.152 E789.38264
G1 X82.277 Y117.2 E789.402
G1 X81.644 Y117.133 E789.42846
G1 X81.068 Y116.894 E789.45439
G1 X80.882 Y116.779 E789.46348
G1 X80.357 Y116.301 E789.493
G1 X79.989 Y115.69 E789.52265
G1 X79.826 Y115.129 E789.54694
G1 X79.815 Y114.501 E789.57305
M204 S5000
M205 X30 Y30
G0 F7200 X79.615 Y114.501
G0 X78.365 Y125.906
G0 X78.57 Y125.906
M204 S3000
M205 X20 Y20
G1 F4020 X78.739 Y125.31 E789.59881
G1 X78.83 Y125.115 E789.60775
G1 X79.202 Y124.582 E789.63478
G1 X79.526 Y124.295 E789.65277
G1 X80.085 Y123.976 E789.67953
G1 X80.499 Y123.855 E789.69746
G1 X81.041 Y123.8 E789.72011
G1 X81.488 Y123.847 E789.7388
G1 X82.081 Y124.048 E789.76483
G1 X82.467 Y124.284 E789.78364
G1 X82.958 Y124.76 E789.81207
G1 X83.287 Y125.354 E789.8403
G1 X83.428 Y125.949 E789.86572
G1 X83.446 Y126.386 E789.88391
G1 X83.322 Y127.022 E789.91085
G1 X83.004 Y127.657 E789.94037
G1 X82.522 Y128.168 E789.96958
G1 X82.099 Y128.451 E789.99074
G1 X81.446 Y128.661 E790.01926
G1 X81.042 Y128.705 E790.03615
G1 X80.412 Y128.631 E790.06252
G1 X79.999 Y128.49 E790.08067
G1 X79.494 Y128.185 E790.1052
G1 X79.202 Y127.918 E790.12165
G1 X78.83 Y127.385 E790.14867
G1 X78.739 Y127.19 E790.15761
G1 X78.569 Y126.583 E790.18382
G1 X78.57 Y125.906 E790.21197
M204 S5000
M205 X30 Y30
G0 F7200 X78.365 Y125.906
G0 X79.038 Y124.55
G0 X79.947 Y123.876
G0 X135.115 Y114.465
G0 X135.311 Y114.509
M204 S3000
M205 X20 Y20
G1 F4020 X135.461 Y113.853 E790.23995
G1 X135.814 Y113.233 E790.26961
G1 X136.279 Y112.787 E790.29639
G1 X136.654 Y112.549 E790.31486
G1 X137.259 Y112.348 E790.34137
G1 X137.705 Y112.299 E790.36002
G1 X138.306 Y112.362 E790.38514
G1 X138.665 Y112.476 E790.4008
G1 X139.224 Y112.795 E790.42756
G1 X139.548 Y113.082 E790.44556
G1 X139.92 Y113.615 E790.47258
G1 X140.154 Y114.284 E790.50205
G1 X140.186 Y114.501 E790.51116
G1 X140.175 Y115.129 E790.53728
G1 X140.011 Y115.69 E790.56158
G1 X139.643 Y116.301 E790.59123
G1 X139.046 Y116.844 E790.62478
G1 X138.385 Y117.126 E790.65466
G1 X137.7 Y117.205 E790.68333
G1 X137.332 Y117.166 E790.69871
G1 X136.658 Y116.954 E790.72809
G1 X136.279 Y116.713 E790.74676
G1 X135.798 Y116.251 E790.77449
G1 X135.452 Y115.624 E790.80426
G1 X135.313 Y115.007 E790.83056
G1 X135.304 Y114.614 E790.8469
G1 X135.311 Y114.509 E790.85128
M204 S5000
M205 X30 Y30
G0 F7200 X135.115 Y114.465
G0 X136.361 Y103.519
G0 X136.555 Y103.477
M204 S3000
M205 X20 Y20
G1 F4020 X136.554 Y103.114 E790.86637
G1 X136.559 Y103.021 E790.87024
G1 X136.706 Y102.364 E790.89823
G1 X137.038 Y101.768 E790.92659
G1 X137.535 Y101.276 E790.95567
G1 X137.919 Y101.044 E790.97432
G1 X138.475 Y100.857 E790.99871
G1 X138.977 Y100.8 E791.01972
G1 X139.585 Y100.869 E791.04516
G1 X139.984 Y101.003 E791.06265
G1 X140.555 Y101.343 E791.09028
G1 X140.904 Y101.711 E791.11137
G1 X141.17 Y102.115 E791.13148
G1 X141.403 Y102.784 E791.16093
G1 X141.436 Y103.001 E791.17006
G1 X141.425 Y103.629 E791.19617
G1 X141.26 Y104.19 E791.22048
G1 X140.893 Y104.801 E791.25011
G1 X140.368 Y105.279 E791.27963
G1 X140.182 Y105.394 E791.28872
G1 X139.514 Y105.643 E791.31836
G1 X138.885 Y105.698 E791.34461
G1 X138.511 Y105.653 E791.36028
G1 X137.919 Y105.452 E791.38627
G1 X137.533 Y105.216 E791.40508
G1 X137.04 Y104.738 E791.43363
G1 X136.696 Y104.107 E791.46351
G1 X136.555 Y103.477 E791.49035
M204 S5000
M205 X30 Y30
G0 F7200 X136.361 Y103.519
G0 X135.111 Y96.017
G0 X135.309 Y95.974
M204 S3000
M205 X20 Y20
G1 F4020 X135.304 Y95.614 E791.50531
G1 X135.308 Y95.535 E791.5086
G1 X135.443 Y94.91 E791.53519
G1 X135.746 Y94.343 E791.56192
G1 X135.88 Y94.17 E791.57101
G1 X136.36 Y93.73 E791.59808
G1 X136.738 Y93.521 E791.61604
G1 X137.297 Y93.34 E791.64047
G1 X137.69 Y93.295 E791.65692
G1 X138.279 Y93.358 E791.68154
G1 F3489.6 X138.856 Y93.481 E791.7098
G1 F3284.3 X139.393 Y93.821 E791.74214
G1 F3628.2 X139.685 Y94.261 E791.76647
G1 F3880.3 X139.978 Y94.702 E791.78927
G1 F4020 X140.188 Y95.406 E791.81982
G1 X140.172 Y96.143 E791.85047
G1 X139.983 Y96.786 E791.87833
G1 X139.585 Y97.389 E791.90837
G1 X139.037 Y97.847 E791.93806
G1 X138.377 Y98.131 E791.96793
G1 X137.698 Y98.205 E791.99633
G1 X137.297 Y98.16 E792.01311
G1 X136.661 Y97.953 E792.04091
G1 X136.261 Y97.698 E792.06063
G1 X135.803 Y97.256 E792.0871
G1 X135.455 Y96.63 E792.11687
G1 X135.309 Y95.974 E792.14482
M204 S5000
M205 X30 Y30
G0 F7200 X135.111 Y96.017
G0 X135.165 Y114.982
G0 X136.379 Y125.906
G0 X136.572 Y125.949
M204 S3000
M205 X20 Y20
G1 F4020 X136.714 Y125.348 E792.17049
G1 X137.042 Y124.761 E792.19845
G1 X137.533 Y124.284 E792.22691
G1 X137.919 Y124.048 E792.24572
G1 X138.512 Y123.847 E792.27175
G1 X138.959 Y123.8 E792.29043
G1 X139.501 Y123.855 E792.31308
G1 X140.066 Y124.046 E792.33788
G1 X140.604 Y124.395 E792.36454
G1 X140.904 Y124.711 E792.38266
G1 X141.26 Y125.31 E792.41163
G1 X141.436 Y125.936 E792.43866
G1 X141.432 Y126.583 E792.46556
G1 X141.232 Y127.291 E792.49615
G1 X140.834 Y127.88 E792.5257
G1 X140.507 Y128.185 E792.54429
G1 X140.001 Y128.49 E792.56886
G1 X139.588 Y128.631 E792.587
G1 X139.024 Y128.697 E792.61061
G1 X138.604 Y128.669 E792.62811
G1 X137.988 Y128.479 E792.65491
G1 X137.61 Y128.27 E792.67287
G1 X137.13 Y127.831 E792.69991
G1 X136.754 Y127.223 E792.72963
G1 X136.572 Y126.551 E792.75858
G1 X136.554 Y126.114 E792.77676
G1 X136.572 Y125.949 E792.78366
M204 S5000
M205 X30 Y30
G0 F7200 X137.054 Y126.114
M204 S3000
M205 X20 Y20
;TYPE:WALL-OUTER
G1 F2040 X137.06 Y126.059 E792.78596
G1 X137.175 Y125.556 E792.80741
G1 X137.459 Y125.049 E792.83157
G1 X137.845 Y124.675 E792.85392
G1 X138.105 Y124.514 E792.86663
G1 X138.626 Y124.334 E792.88955
G1 X138.927 Y124.3 E792.90214
G1 X139.447 Y124.352 E792.92387
G1 X139.806 Y124.473 E792.93962
G1 X140.257 Y124.755 E792.96174
G1 X140.486 Y124.985 E792.97523
G1 X140.772 Y125.419 E792.99684
G1 X140.934 Y125.969 E793.02068
G1 X140.934 Y126.527 E793.04387
G1 X140.782 Y127.046 E793.06636
G1 X140.487 Y127.515 E793.08939
G1 X140.225 Y127.771 E793.10462
G1 X139.784 Y128.039 E793.12608
G1 X139.476 Y128.143 E793.13959
G1 X138.974 Y128.199 E793.16059
G1 X138.631 Y128.169 E793.17491
G1 X138.098 Y127.982 E793.19839
G1 X137.826 Y127.809 E793.21179
G1 X137.433 Y127.413 E793.23499
G1 X137.191 Y126.979 E793.25565
G1 X137.06 Y126.441 E793.27867
G1 X137.054 Y126.114 E793.29227
M204 S5000
M205 X30 Y30
G0 F7200 X137.06 Y126.059
G0 X137.092 Y125.918
G0 X136.41 Y125.765
G0 X135.124 Y115.079
G0 X135.807 Y114.927
M204 S3000
M205 X20 Y20
G1 F2040 X135.804 Y114.614 E793.30528
G1 X135.806 Y114.579 E793.30674
G1 X135.923 Y114.06 E793.32886
G1 X136.199 Y113.558 E793.35267
G1 X136.593 Y113.176 E793.37549
G1 X136.851 Y113.016 E793.38811
G1 X137.375 Y112.834 E793.41117
G1 X137.7 Y112.799 E793.42476
G1 X138.216 Y112.854 E793.44634
G1 X138.556 Y112.973 E793.46131
G1 X138.964 Y113.222 E793.48119
G1 X139.201 Y113.442 E793.49463
G1 X139.502 Y113.889 E793.51704
G1 X139.686 Y114.463 E793.5421
G1 X139.682 Y115.043 E793.56621
G1 X139.532 Y115.546 E793.58803
G1 X139.227 Y116.024 E793.61161
G1 X138.771 Y116.418 E793.63666
G1 X138.255 Y116.637 E793.65997
G1 X137.725 Y116.699 E793.68215
G1 X137.376 Y116.666 E793.69673
G1 X136.87 Y116.495 E793.71893
G1 X136.593 Y116.324 E793.73247
G1 X136.205 Y115.946 E793.75499
G1 X135.932 Y115.462 E793.77809
G1 X135.807 Y114.927 E793.80093
M204 S5000
M205 X30 Y30
G0 F7200 X135.806 Y114.727
G0 X135.104 Y114.727
G0 X136.283 Y104.189
G0 X136.565 Y102.21
G0 X137.174 Y102.551
M204 S3000
M205 X20 Y20
G1 F2040 X137.453 Y102.053 E793.82466
G1 X137.863 Y101.661 E793.84825
G1 X138.098 Y101.518 E793.85968
G1 X138.614 Y101.337 E793.88242
G1 X138.974 Y101.301 E793.89746
G1 X139.475 Y101.357 E793.91842
G1 X139.79 Y101.464 E793.93225
G1 X140.257 Y101.755 E793.95513
G1 X140.486 Y101.985 E793.96862
G1 X140.752 Y102.389 E793.98873
G1 X140.936 Y102.963 E794.01379
G1 X140.932 Y103.543 E794.0379
G1 X140.771 Y104.083 E794.06133
G1 X140.429 Y104.577 E794.08631
G1 X139.986 Y104.934 E794.10996
G1 X139.46 Y105.146 E794.13354
G1 X138.975 Y105.199 E794.15383
G1 X138.626 Y105.166 E794.1684
G1 X138.125 Y104.996 E794.1904
G1 X137.845 Y104.825 E794.20404
G1 X137.459 Y104.451 E794.22638
G1 X137.175 Y103.945 E794.25051
G1 X137.055 Y103.413 E794.27318
G1 X137.054 Y103.114 E794.28561
G1 X137.057 Y103.07 E794.28744
G1 X137.174 Y102.551 E794.30956
M204 S5000
M205 X30 Y30
G0 F7200 X137.271 Y102.377
G0 X136.662 Y102.036
G0 X136.283 Y100.518
G0 X135.104 Y95.614
G0 X135.804 Y95.614
M204 S3000
M205 X20 Y20
G1 F2040 X135.925 Y95.055 E794.33334
G1 X136.201 Y94.555 E794.35709
G1 X136.62 Y94.157 E794.38111
G1 X136.848 Y94.018 E794.39221
G1 X137.354 Y93.84 E794.41452
G1 X137.679 Y93.8 E794.42813
G1 X138.207 Y93.853 E794.45019
G1 X138.532 Y93.958 E794.46439
G1 X138.988 Y94.239 E794.48666
G1 X139.237 Y94.485 E794.50121
G1 X139.521 Y94.918 E794.52274
G1 X139.686 Y95.467 E794.54657
G1 X139.681 Y96.047 E794.57069
G1 X139.522 Y96.579 E794.59377
G1 X139.207 Y97.054 E794.61747
G1 X138.766 Y97.421 E794.64132
G1 X138.281 Y97.628 E794.66325
G1 X137.725 Y97.699 E794.68655
G1 X137.388 Y97.668 E794.70062
G1 X136.897 Y97.505 E794.72213
G1 X136.602 Y97.331 E794.73637
G1 X136.203 Y96.944 E794.75948
G1 X135.927 Y96.45 E794.783
G1 X135.805 Y95.916 E794.80578
G1 X135.804 Y95.614 E794.81833
M204 S5000
M205 X30 Y30
G0 F7200 X135.846 Y95.419
G0 X135.16 Y95.265
G0 X135.654 Y94.227
G0 X138.214 Y91.713
G0 X138.894 Y91.551
M204 S3000
M205 X20 Y20
G1 F2040 X138.75 Y90.952 E794.84395
G1 X138.75 Y89.5 E794.90431
G1 X81.25 Y89.5 E797.29488
G1 X81.25 Y90.948 E797.35509
G1 X81.107 Y91.543 E797.38053
G1 X80.848 Y92.037 E797.40372
G1 X80.457 Y92.463 E797.42776
G1 X80.036 Y92.749 E797.44892
G1 X79.17 Y93.104 E797.48783
G1 X78.409 Y93.578 E797.5251
G1 X77.829 Y94.069 E797.5567
G1 X77.323 Y94.641 E797.58845
G1 X77.109 Y94.943 E797.60384
G1 X76.739 Y95.613 E797.63566
G1 X76.465 Y96.34 E797.66796
G1 X76.375 Y96.688 E797.6829
G1 X76.251 Y97.54 E797.7187
G1 X76.25 Y125.514 E798.88172
G1 X76.308 Y126.027 E798.90318
G1 X76.486 Y126.803 E798.93628
G1 X76.612 Y127.161 E798.95206
G1 X76.956 Y127.875 E798.98501
G1 X77.399 Y128.525 E799.01772
G1 X77.647 Y128.816 E799.03361
G1 X78.226 Y129.352 E799.06642
G1 X78.875 Y129.794 E799.09906
G1 X79.589 Y130.138 E799.13201
G1 X79.947 Y130.264 E799.14779
G1 X80.722 Y130.442 E799.18085
G1 X81.238 Y130.5 E799.20244
G1 X138.762 Y130.5 E801.59401
G1 X139.278 Y130.442 E801.6156
G1 X140.053 Y130.264 E801.64866
G1 X140.411 Y130.138 E801.66443
G1 X141.125 Y129.794 E801.69739
G1 X141.777 Y129.349 E801.7302
G1 X142.068 Y129.101 E801.7461
G1 X142.604 Y128.522 E801.7789
G1 X143.044 Y127.875 E801.81143
G1 X143.388 Y127.16 E801.84442
G1 X143.514 Y126.803 E801.86016
G1 X143.692 Y126.028 E801.89322
G1 X143.75 Y125.513 E801.91477
G1 X143.75 Y97.536 E803.07792
G1 X143.625 Y96.686 E803.11363
G1 X143.535 Y96.34 E803.1285
G1 X143.261 Y95.613 E803.1608
G1 X142.889 Y94.942 E803.1927
G1 X142.675 Y94.639 E803.20812
G1 X142.169 Y94.067 E803.23987
G1 X141.591 Y93.578 E803.27135
G1 X140.828 Y93.103 E803.30871
G1 X139.963 Y92.748 E803.34759
G1 X139.515 Y92.444 E803.37009
G1 X139.164 Y92.05 E803.39203
G1 X138.894 Y91.551 E803.41562
M204 S5000
M205 X30 Y30
G0 F7200 X138.848 Y91.357
G0 X138.168 Y91.519
G0 X82.302 Y98.345
G0 X80.896 Y97.972
G0 X79.974 Y96.974
G0 X80.319 Y96.047
M204 S3000
M205 X20 Y20
G1 F2040 X80.315 Y95.5 E803.43836
G1 X80.32 Y95.447 E803.44058
G1 X80.479 Y94.918 E803.46354
G1 X80.763 Y94.485 E803.48507
G1 X80.993 Y94.255 E803.49859
G1 X81.444 Y93.973 E803.52071
G1 X81.793 Y93.853 E803.53605
G1 X82.276 Y93.801 E803.55625
G1 X82.612 Y93.832 E803.57028
G1 X83.102 Y93.995 E803.59175
G1 X83.38 Y94.157 E803.60512
G1 X83.799 Y94.555 E803.62915
G1 X84.075 Y95.055 E803.65289
G1 X84.195 Y95.587 E803.67557
G1 X84.195 Y95.916 E803.68925
G1 X84.075 Y96.451 E803.71204
G1 X83.804 Y96.934 E803.73507
G1 X83.413 Y97.319 E803.75788
G1 X83.141 Y97.488 E803.77119
G1 X82.639 Y97.662 E803.79328
G1 X82.323 Y97.7 E803.80651
G1 X81.751 Y97.642 E803.83042
G1 X81.231 Y97.419 E803.85394
G1 X80.793 Y97.054 E803.87764
G1 X80.478 Y96.579 E803.90134
G1 X80.319 Y96.047 E803.92443
M204 S5000
M205 X30 Y30
G0 F7200 X80.318 Y95.847
G0 X79.615 Y95.847
G0 X78.426 Y102.872
G0 X79.068 Y103.543
M204 S3000
M205 X20 Y20
G1 F2040 X79.065 Y103.001 E803.94696
G1 X79.075 Y102.928 E803.95002
G1 X79.248 Y102.389 E803.97356
G1 X79.513 Y101.985 E803.99365
G1 X79.743 Y101.755 E804.00717
G1 X80.21 Y101.464 E804.03004
G1 X80.525 Y101.356 E804.04389
G1 X81.043 Y101.3 E804.06555
G1 X81.386 Y101.337 E804.07989
G1 X81.858 Y101.497 E804.10061
G1 X82.137 Y101.661 E804.11407
G1 X82.547 Y102.053 E804.13765
G1 X82.826 Y102.551 E804.16138
G1 X82.945 Y103.086 E804.18417
G1 X82.945 Y103.413 E804.19777
G1 X82.825 Y103.945 E804.22044
G1 X82.541 Y104.451 E804.24456
G1 X82.155 Y104.825 E804.26691
G1 X81.895 Y104.986 E804.27962
G1 X81.374 Y105.166 E804.30254
G1 X81.074 Y105.2 E804.31509
G1 X80.502 Y105.142 E804.339
G1 X80.014 Y104.934 E804.36105
G1 X79.571 Y104.577 E804.3847
G1 X79.229 Y104.083 E804.40968
G1 X79.068 Y103.543 E804.43311
M204 S5000
M205 X30 Y30
G0 F7200 X79.067 Y103.343
G0 X78.365 Y103.343
G0 X79.657 Y114.227
G0 X80.325 Y114.428
M204 S3000
M205 X20 Y20
G1 F2040 X80.498 Y113.889 E804.45665
G1 X80.799 Y113.442 E804.47905
G1 X81.036 Y113.222 E804.4925
G1 X81.444 Y112.973 E804.51237
G1 X81.784 Y112.855 E804.52733
G1 X82.276 Y112.801 E804.54791
G1 X82.625 Y112.834 E804.56248
G1 X83.127 Y113.005 E804.58453
G1 X83.407 Y113.176 E804.59817
G1 X83.788 Y113.545 E804.62022
G1 X84.08 Y114.07 E804.6452
G1 X84.194 Y114.579 E804.66688
G1 X84.195 Y114.913 E804.68077
G1 X84.068 Y115.462 E804.7042
G1 X83.797 Y115.947 E804.7273
G1 X83.407 Y116.324 E804.74985
G1 X83.149 Y116.484 E804.76247
G1 X82.624 Y116.666 E804.78557
G1 X82.325 Y116.7 E804.79808
G1 X81.745 Y116.637 E804.82234
G1 X81.264 Y116.434 E804.84404
G1 X80.821 Y116.077 E804.8677
G1 X80.479 Y115.583 E804.89268
G1 X80.318 Y115.043 E804.9161
G1 X80.315 Y114.501 E804.93864
G1 X80.325 Y114.428 E804.9417
M204 S5000
M205 X30 Y30
G0 F7200 X80.386 Y114.238
G0 X79.715 Y114.036
G0 X78.365 Y125.969
G0 X79.066 Y125.969
M204 S3000
M205 X20 Y20
G1 F2040 X79.228 Y125.419 E804.96554
G1 X79.513 Y124.985 E804.98712
G1 X79.743 Y124.755 E805.00065
G1 X80.194 Y124.473 E805.02276
G1 X80.553 Y124.352 E805.03851
G1 X81.026 Y124.301 E805.05829
G1 X81.374 Y124.334 E805.07282
G1 X81.875 Y124.504 E805.09482
G1 X82.155 Y124.675 E805.10846
G1 X82.541 Y125.049 E805.13081
G1 X82.825 Y125.556 E805.15497
G1 X82.94 Y126.059 E805.17642
G1 X82.946 Y126.386 E805.19002
G1 X82.826 Y126.948 E805.21391
G1 X82.567 Y127.413 E805.23604
G1 X82.174 Y127.809 E805.25923
G1 X81.881 Y127.995 E805.27366
G1 X81.36 Y128.169 E805.2965
G1 X81.069 Y128.2 E805.30866
G1 X80.519 Y128.142 E805.33166
G1 X80.216 Y128.039 E805.34496
G1 X79.776 Y127.771 E805.36638
G1 X79.513 Y127.515 E805.38164
G1 X79.218 Y127.046 E805.40468
G1 X79.066 Y126.527 E805.42716
G1 X79.066 Y125.969 E805.45036
M204 S5000
M205 X30 Y30
G0 F7200 X79.122 Y125.778
G0 X78.453 Y125.576
G0 X78.091 Y126.743
M204 S3000
M205 X20 Y20
;TYPE:SKIN
G1 F1459.1 X78.089 Y125.865 E805.48788
G1 F1500 X78.099 Y125.791 E805.49099
G1 X78.295 Y125.145 E805.51905
G1 X78.439 Y124.843 E805.53296
G1 X78.856 Y124.252 E805.56304
G1 X79.286 Y123.884 E805.58657
G1 X79.892 Y123.544 E805.61546
G1 X80.405 Y123.388 E805.63775
G1 X81.031 Y123.325 E805.66391
G1 X81.563 Y123.377 E805.68613
G1 X82.29 Y123.618 E805.71797
G1 X82.769 Y123.913 E805.74136
G1 X83.345 Y124.478 E805.7749
G1 X83.727 Y125.163 E805.80751
G1 X83.925 Y125.982 E805.84254
G1 X83.891 Y126.657 E805.87064
G1 X83.768 Y127.185 E805.89318
G1 X83.4 Y127.918 E805.92728
G1 X83.201 Y128.172 E805.9407
G1 X82.822 Y128.535 E805.96252
G1 X82.312 Y128.883 E805.98818
G1 F1572.3 X81.556 Y129.1 E806.01938
G1 F1736.1 X81.055 Y129.136 E806.03742
G1 F1913.3 X80.297 Y129.028 E806.06238
G1 F2054.8 X79.843 Y128.862 E806.07705
G1 F2083.3 X79.262 Y128.521 E806.09722
G1 F1994.7 X78.886 Y128.19 E806.11288
G1 F1875 X78.479 Y127.674 E806.13474
G1 F1696.8 X78.296 Y127.319 E806.14942
G1 F1500 X78.091 Y126.743 E806.17483
M204 S5000
M205 X30 Y30
G0 F7200 X79.532 Y115.82
M204 S3000
M205 X20 Y20
G1 F1500 X79.357 Y115.214 E806.20106
G1 X79.34 Y114.512 E806.23025
G1 X79.396 Y114.129 E806.24634
G1 X79.67 Y113.37 E806.27989
G1 X80.106 Y112.753 E806.3113
G1 X80.528 Y112.389 E806.33447
G1 X80.973 Y112.122 E806.35605
G1 X81.56 Y111.905 E806.38207
G1 X82.307 Y111.815 E806.41335
G1 X82.853 Y111.886 E806.43624
G1 X83.537 Y112.118 E806.46627
G1 X84.006 Y112.393 E806.48887
G1 X84.586 Y112.972 E806.52294
G1 X84.998 Y113.702 E806.55779
G1 X85.159 Y114.431 E806.58883
G1 X85.17 Y114.957 E806.61071
G1 X85.007 Y115.775 E806.64538
G1 X84.576 Y116.551 E806.68229
G1 X84.02 Y117.083 E806.71428
G1 X83.541 Y117.382 E806.73776
G1 X82.937 Y117.591 E806.76433
G1 X82.293 Y117.675 E806.79133
G1 X81.489 Y117.589 E806.82495
G1 X80.884 Y117.333 E806.85226
G1 X80.577 Y117.143 E806.86727
G1 X80.171 Y116.803 E806.88929
G1 X79.979 Y116.589 E806.90124
G1 X79.671 Y116.124 E806.92443
G1 X79.532 Y115.82 E806.93833
M204 S5000
M205 X30 Y30
G0 F7200 X78.011 Y103.71
M204 S3000
M205 X20 Y20
G1 F1173.7 X77.999 Y103.013 E806.97537
G1 F1080.7 X78.032 Y102.664 E806.99559
G1 F1098.1 X78.066 Y102.619 E806.9988
G1 F1293.1 X78.439 Y101.843 E807.04032
G1 F1500 X78.839 Y101.277 E807.06914
G1 X79.241 Y100.916 E807.0916
G1 X79.761 Y100.598 E807.11694
G1 X80.34 Y100.393 E807.14248
G1 X81.019 Y100.323 E807.17086
G1 X81.621 Y100.392 E807.19605
G1 X82.285 Y100.612 E807.22513
G1 X82.76 Y100.898 E807.24818
G1 X83.347 Y101.488 E807.28278
G1 X83.74 Y102.186 E807.31609
G1 X83.905 Y102.905 E807.34676
G1 X83.92 Y103.539 E807.37312
G1 X83.728 Y104.336 E807.4072
G1 X83.318 Y105.059 E807.44176
G1 X82.782 Y105.571 E807.47258
G1 X82.281 Y105.886 E807.49718
G1 X81.622 Y106.109 E807.52611
G1 X81.058 Y106.175 E807.54971
G1 X80.395 Y106.109 E807.57741
G1 X80.087 Y106.025 E807.59069
G1 X79.634 Y105.833 E807.61114
G1 X79.327 Y105.643 E807.62615
G1 X78.948 Y105.328 E807.64664
G1 X78.729 Y105.091 E807.66006
G1 X78.421 Y104.624 E807.68332
G1 F1431.3 X78.216 Y104.167 E807.70514
G1 F1311.2 X78.011 Y103.71 E807.72896
M204 S5000
M205 X30 Y30
G0 F7200 X78.644 Y102.148
G0 X79.371 Y101.228
G0 X80.303 Y100.756
G0 X135.088 Y94.546
M204 S3000
M205 X20 Y20
G1 F1500 X135.33 Y94.113 E807.74958
G1 X135.551 Y93.827 E807.76461
G1 X135.928 Y93.466 E807.78631
G1 X136.429 Y93.122 E807.81158
G1 X137.224 Y92.87 E807.84625
G1 X137.726 Y92.82 E807.86723
G1 X138.603 Y92.914 E807.9039
G1 X138.344 Y92.598 E807.92088
G1 X137.975 Y91.903 E807.9536
G1 X137.775 Y91.072 E807.98913
G1 X137.775 Y90.475 E808.01395
G1 X82.225 Y90.475 E810.32345
G1 X82.225 Y91.065 E810.34798
G1 X82.033 Y91.853 E810.3817
G1 X81.677 Y92.562 E810.41469
G1 X81.393 Y92.918 E810.43362
G1 X82.27 Y92.82 E810.47031
G1 X82.776 Y92.87 E810.49145
G1 X83.571 Y93.122 E810.52612
G1 X84.071 Y93.465 E810.55133
G1 X84.449 Y93.827 E810.57309
G1 X84.67 Y94.113 E810.58812
G1 X85.01 Y94.747 E810.61803
G1 X85.161 Y95.459 E810.64829
G1 X85.164 Y96.026 E810.67186
G1 X84.999 Y96.793 E810.70448
G1 X84.578 Y97.54 E810.74013
G1 X84.04 Y98.066 E810.77141
G1 X83.552 Y98.382 E810.79558
G1 X82.82 Y98.625 E810.82765
G1 X82.306 Y98.684 E810.84916
G1 X81.508 Y98.598 E810.88252
G1 X80.711 Y98.257 E810.91857
G1 X80.061 Y97.714 E810.95378
G1 X79.584 Y96.997 E810.98958
G1 X79.362 Y96.236 E811.02254
G1 X79.336 Y95.34 E811.05981
G1 X79.533 Y94.677 E811.08856
G1 X79.667 Y94.382 E811.10203
G1 X80.001 Y93.867 E811.12755
G1 X79.849 Y93.884 E811.13391
G1 X79.613 Y93.978 E811.14447
G1 X78.985 Y94.37 E811.17525
G1 X78.511 Y94.769 E811.20101
G1 X78.001 Y95.344 E811.23296
G1 X77.628 Y96.022 E811.26514
G1 X77.348 Y96.773 E811.29846
G1 X77.226 Y97.613 E811.33375
G1 X77.226 Y102.021 E811.51701
G1 F1243.8 X77.33 Y102.614 E811.5472
G1 F1080.7 X77.317 Y103.02 E811.57064
G1 F1090.1 X77.323 Y103.79 E811.61469
G1 F1256.3 X77.226 Y104.471 E811.64884
G1 F1500 X77.225 Y125.46 E812.52146
G1 X77.271 Y125.862 E812.53828
G1 F1482.2 X77.46 Y126.664 E812.57295
G1 F1494 X77.79 Y127.371 E812.60552
G1 F1569 X78.183 Y128.019 E812.63564
G1 F1712.3 X78.753 Y128.6 E812.66528
G1 F1918.2 X79.331 Y129.002 E812.68817
G1 F1963.4 X80.106 Y129.37 E812.71542
G1 F1879.7 X80.88 Y129.526 E812.74162
G1 F1785.7 X81.291 Y129.558 E812.75601
G1 F1663 X81.835 Y129.541 E812.77642
G1 F1552.8 X82.379 Y129.524 E812.79828
G1 F1500 X137.755 Y129.524 E815.10055
G1 F1602.6 X138.708 Y129.557 E815.13766
G1 F1781.5 X139.112 Y129.527 E815.15184
G1 F1933 X139.783 Y129.39 E815.17393
G1 F2021.6 X140.088 Y129.283 E815.1839
G1 F1963.4 X140.76 Y128.957 E815.20763
G1 F1851.9 X141.365 Y128.511 E815.23294
G1 F1756.4 X141.864 Y127.931 E815.2601
G1 F1641.1 X142.205 Y127.392 E815.28434
G1 F1536.9 X142.543 Y126.665 E815.31687
G1 F1500 X142.729 Y125.862 E815.35114
G1 X142.775 Y125.457 E815.36809
G1 X142.775 Y104.474 E816.24046
G1 F1256.3 X142.678 Y103.789 E816.2748
G1 F1090.1 X142.684 Y103.005 E816.31965
G1 F1126.1 X142.7 Y102.471 E816.34924
G1 F1304.3 X142.775 Y101.702 E816.38618
G1 F1500 X142.775 Y97.605 E816.55652
G1 X142.652 Y96.772 E816.59152
G1 X142.373 Y96.023 E816.62475
G1 X141.995 Y95.341 E816.65717
G1 X141.484 Y94.766 E816.68915
G1 X141.014 Y94.369 E816.71473
G1 X140.39 Y93.979 E816.74532
G1 X139.987 Y93.841 E816.76303
G1 X140.317 Y94.35 E816.78825
G1 X140.454 Y94.641 E816.80163
G1 X140.665 Y95.343 E816.8321
G1 X140.642 Y96.232 E816.86907
G1 X140.42 Y96.986 E816.90175
G1 X139.942 Y97.714 E816.93796
G1 X139.267 Y98.266 E816.97421
G1 X138.499 Y98.593 E817.00892
G1 X137.724 Y98.68 E817.04134
G1 X137.19 Y98.626 E817.06365
G1 X136.451 Y98.383 E817.096
G1 X135.981 Y98.091 E817.119
G1 X135.414 Y97.536 E817.15199
G1 X135.004 Y96.794 E817.18723
G1 X134.836 Y96.064 E817.21838
G1 X134.839 Y95.462 E817.2434
G1 X134.973 Y94.84 E817.26986
G1 X135.088 Y94.546 E817.28298
M204 S5000
M205 X30 Y30
G0 F7200 X136.079 Y103.519
M204 S3000
M205 X20 Y20
G1 F1500 X136.093 Y102.922 E817.30781
G1 X136.247 Y102.221 E817.33765
G1 X136.673 Y101.458 E817.37398
G1 X137.229 Y100.911 E817.40641
G1 X137.699 Y100.623 E817.42932
G1 X138.356 Y100.395 E817.45824
G1 X138.961 Y100.325 E817.48356
G1 X139.664 Y100.393 E817.51292
G1 X140.242 Y100.598 E817.53842
G1 X140.86 Y100.974 E817.56849
G1 X141.276 Y101.417 E817.59376
G1 X141.567 Y101.853 E817.61555
G1 F1304.3 X141.924 Y102.605 E817.65535
G1 F1104.6 X141.967 Y102.662 E817.65938
G1 F1076 X142 Y102.953 E817.67636
G1 F1170 X141.989 Y103.71 E817.71671
G1 F1368.6 X141.58 Y104.621 E817.76221
G1 F1500 X141.271 Y105.09 E817.78556
G1 X141.052 Y105.328 E817.79901
G1 X140.673 Y105.643 E817.8195
G1 X140.4 Y105.815 E817.83291
G1 X139.592 Y106.115 E817.86875
G1 X138.837 Y106.171 E817.90022
G1 X138.399 Y106.115 E817.91858
G1 X137.715 Y105.884 E817.94859
G1 X137.231 Y105.587 E817.9722
G1 X136.653 Y105.021 E818.00584
G1 X136.251 Y104.284 E818.04074
G1 X136.085 Y103.565 E818.07142
G1 X136.079 Y103.519 E818.07335
M204 S5000
M205 X30 Y30
G0 F7200 X134.832 Y114.462
M204 S3000
M205 X20 Y20
G1 F1500 X135.005 Y113.706 E818.10559
G1 X135.424 Y112.945 E818.14171
G1 X135.978 Y112.421 E818.17341
G1 X136.458 Y112.119 E818.19699
G1 X137.159 Y111.874 E818.22786
G1 X137.685 Y111.824 E818.24983
G1 X138.398 Y111.895 E818.27962
G1 X138.859 Y112.045 E818.29977
G1 X139.506 Y112.414 E818.33074
G1 X139.886 Y112.746 E818.35172
G1 X140.331 Y113.373 E818.38368
G1 X140.604 Y114.129 E818.4171
G1 X140.659 Y114.468 E818.43138
G1 X140.643 Y115.216 E818.46248
G1 X140.454 Y115.857 E818.49027
G1 X140.311 Y116.156 E818.50405
G1 X140.021 Y116.589 E818.52571
G1 X139.802 Y116.828 E818.53919
G1 X139.423 Y117.143 E818.55968
G1 X139.115 Y117.332 E818.5747
G1 X138.469 Y117.598 E818.60375
G1 X137.736 Y117.675 E818.63439
G1 X137.147 Y117.614 E818.65901
G1 X136.461 Y117.381 E818.68913
G1 X136.002 Y117.099 E818.71153
G1 X135.449 Y116.569 E818.74337
G1 X135.01 Y115.82 E818.77947
G1 X134.833 Y115.048 E818.8124
G1 X134.83 Y114.498 E818.83526
G1 X134.832 Y114.462 E818.83676
M204 S5000
M205 X30 Y30
G0 F7200 X136.083 Y126.434
M204 S3000
M205 X20 Y20
G1 F1500 X136.079 Y126.375 E818.83922
G1 X136.112 Y125.833 E818.8618
G1 X136.302 Y125.117 E818.8926
G1 X136.682 Y124.44 E818.92487
G1 X137.24 Y123.907 E818.95695
G1 X137.687 Y123.625 E818.97893
G1 X138.405 Y123.383 E819.01043
G1 X138.861 Y123.327 E819.02953
G1 X139.709 Y123.396 E819.0649
G1 X140.281 Y123.624 E819.0905
G1 X140.927 Y124.044 E819.12254
G1 X141.302 Y124.45 E819.14551
G1 X141.567 Y124.853 E819.16557
G1 X141.713 Y125.169 E819.18004
G1 X141.914 Y125.821 E819.20841
G1 X141.905 Y126.647 E819.24275
G1 F1552.8 X141.703 Y127.314 E819.27074
G1 F1652 X141.555 Y127.605 E819.28306
G1 F1807.2 X141.146 Y128.164 E819.30696
G1 F1994.7 X140.735 Y128.524 E819.32405
G1 F2095 X140.176 Y128.854 E819.34337
G1 F2066.1 X139.692 Y129.03 E819.35891
G1 F1933 X139.071 Y129.123 E819.37917
G1 F1748.3 X138.501 Y129.108 E819.39951
G1 F1575.6 X137.844 Y128.932 E819.42643
G1 F1500 X137.351 Y128.672 E819.4496
G1 X136.775 Y128.145 E819.48206
G1 X136.574 Y127.876 E819.49602
G1 X136.218 Y127.156 E819.52942
G1 X136.083 Y126.434 E819.55995
M204 S5000
M205 X30 Y30
G0 F7200 X136.941 Y127.839
G0 X137.85 Y128.578
G0 X138.948 Y128.845
G0 X140.053 Y128.624
G0 X142.154 Y126.545
M204 S3000
M205 X20 Y20
G1 F1500 X142.36 Y126.34 E819.57204
M204 S5000
M205 X30 Y30
G0 F7200 X142.16 Y125.833
M204 S3000
M205 X20 Y20
G1 F1500 X142.52 Y125.473 E819.5932
M204 S5000
M205 X30 Y30
G0 F7200 X142.007 Y125.278
M204 S3000
M205 X20 Y20
G1 F1500 X142.523 Y124.762 E819.62354
M204 S5000
M205 X30 Y30
G0 F7200 X142.523 Y124.055
M204 S3000
M205 X20 Y20
G1 F1500 X141.803 Y124.775 E819.66588
M204 S5000
M205 X30 Y30
G0 F7200 X141.529 Y124.342
M204 S3000
M205 X20 Y20
G1 F1500 X142.523 Y123.348 E819.72432
M204 S5000
M205 X30 Y30
G0 F7200 X142.523 Y122.641
M204 S3000
M205 X20 Y20
G1 F1500 X141.196 Y123.968 E819.80234
M204 S5000
M205 X30 Y30
G0 F7200 X140.797 Y123.66
M204 S3000
M205 X20 Y20
G1 F1500 X142.523 Y121.934 E819.90382
M204 S5000
M205 X30 Y30
G0 F7200 X142.523 Y121.227
M204 S3000
M205 X20 Y20
G1 F1500 X140.362 Y123.388 E820.03088
M204 S5000
M205 X30 Y30
G0 F7200 X139.857 Y123.186
M204 S3000
M205 X20 Y20
G1 F1500 X142.523 Y120.519 E820.18766
M204 S5000
M205 X30 Y30
G0 F7200 X142.523 Y119.812
M204 S3000
M205 X20 Y20
G1 F1500 X139.229 Y123.107 E820.38137
M204 S5000
M205 X30 Y30
G0 F7200 X138.51 Y123.118
M204 S3000
M205 X20 Y20
G1 F1500 X142.523 Y119.105 E820.61732
M204 S5000
M205 X30 Y30
G0 F7200 X142.523 Y118.398
M204 S3000
M205 X20 Y20
G1 F1500 X137.433 Y123.488 E820.91659
G1 X137.345 Y123.576
M204 S5000
M205 X30 Y30
G0 F7200 X136.275 Y124.646
M204 S3000
M205 X20 Y20
G1 F1500 X131.647 Y129.274 E821.1887
M204 S5000
M205 X30 Y30
G0 F7200 X132.354 Y129.274
M204 S3000
M205 X20 Y20
G1 F1500 X135.871 Y125.757 E821.39548
M204 S5000
M205 X30 Y30
G0 F7200 X135.839 Y126.497
M204 S3000
M205 X20 Y20
G1 F1500 X133.061 Y129.274 E821.55879
M204 S5000
M205 X30 Y30
G0 F7200 X133.769 Y129.274
M204 S3000
M205 X20 Y20
G1 F1500 X135.95 Y127.093 E821.68702
M204 S5000
M205 X30 Y30
G0 F7200 X136.155 Y127.595
M204 S3000
M205 X20 Y20
G1 F1500 X134.476 Y129.274 E821.78574
M204 S5000
M205 X30 Y30
G0 F7200 X135.183 Y129.274
M204 S3000
M205 X20 Y20
G1 F1500 X136.4 Y128.057 E821.8573
M204 S5000
M205 X30 Y30
G0 F7200 X136.724 Y128.44
M204 S3000
M205 X20 Y20
G1 F1500 X135.89 Y129.274 E821.90633
M204 S5000
M205 X30 Y30
G0 F7200 X136.597 Y129.274
M204 S3000
M205 X20 Y20
G1 F1500 X137.095 Y128.776 E821.93561
M204 S5000
M205 X30 Y30
G0 F7200 X137.532 Y129.046
M204 S3000
M205 X20 Y20
G1 F1500 X137.304 Y129.274 E821.94902
M204 S5000
M205 X30 Y30
G0 F7200 X130.94 Y129.274
M204 S3000
M205 X20 Y20
G1 F1500 X142.523 Y117.691 E822.63006
M204 S5000
M205 X30 Y30
G0 F7200 X142.523 Y116.984
M204 S3000
M205 X20 Y20
G1 F1500 X130.233 Y129.274 E823.35266
M204 S5000
M205 X30 Y30
G0 F7200 X129.526 Y129.274
M204 S3000
M205 X20 Y20
G1 F1500 X142.523 Y116.277 E824.11683
M204 S5000
M205 X30 Y30
G0 F7200 X142.523 Y115.57
M204 S3000
M205 X20 Y20
G1 F1500 X128.819 Y129.274 E824.92258
M204 S5000
M205 X30 Y30
G0 F7200 X128.112 Y129.274
M204 S3000
M205 X20 Y20
G1 F1500 X142.523 Y114.863 E825.76989
M204 S5000
M205 X30 Y30
G0 F7200 X142.523 Y114.156
M204 S3000
M205 X20 Y20
G1 F1500 X140.644 Y116.035 E825.88037
M204 S5000
M205 X30 Y30
G0 F7200 X140.894 Y115.078
M204 S3000
M205 X20 Y20
G1 F1500 X142.523 Y113.448 E825.97617
M204 S5000
M205 X30 Y30
G0 F7200 X142.523 Y112.741
M204 S3000
M205 X20 Y20
G1 F1500 X140.89 Y114.375 E826.07222
M204 S5000
M205 X30 Y30
G0 F7200 X140.752 Y113.806
M204 S3000
M205 X20 Y20
G1 F1500 X142.523 Y112.034 E826.17638
M204 S5000
M205 X30 Y30
G0 F7200 X142.523 Y111.327
M204 S3000
M205 X20 Y20
G1 F1500 X140.565 Y113.286 E826.29153
M204 S5000
M205 X30 Y30
G0 F7200 X140.278 Y112.865
M204 S3000
M205 X20 Y20
G1 F1500 X142.523 Y110.62 E826.42353
M204 S5000
M205 X30 Y30
G0 F7200 X142.523 Y109.913
M204 S3000
M205 X20 Y20
G1 F1500 X139.957 Y112.479 E826.5744
M204 S5000
M205 X30 Y30
G0 F7200 X139.57 Y112.159
M204 S3000
M205 X20 Y20
G1 F1500 X142.523 Y109.206 E826.74802
M204 S5000
M205 X30 Y30
G0 F7200 X142.523 Y108.499
M204 S3000
M205 X20 Y20
G1 F1500 X139.117 Y111.905 E826.94828
M204 S5000
M205 X30 Y30
G0 F7200 X138.612 Y111.703
M204 S3000
M205 X20 Y20
G1 F1500 X142.523 Y107.792 E827.17823
M204 S5000
M205 X30 Y30
G0 F7200 X142.523 Y107.084
M204 S3000
M205 X20 Y20
G1 F1500 X138.006 Y111.602 E827.44384
M204 S5000
M205 X30 Y30
G0 F7200 X137.29 Y111.611
M204 S3000
M205 X20 Y20
G1 F1500 X142.523 Y106.377 E827.75155
M204 S5000
M205 X30 Y30
G0 F7200 X142.523 Y105.67
M204 S3000
M205 X20 Y20
G1 F1500 X136.223 Y111.971 E828.122
G1 X136.135 Y112.059
M204 S5000
M205 X30 Y30
G0 F7200 X134.996 Y113.197
M204 S3000
M205 X20 Y20
G1 F1500 X118.919 Y129.274 E829.06727
M204 S5000
M205 X30 Y30
G0 F7200 X119.626 Y129.274
M204 S3000
M205 X20 Y20
G1 F1500 X134.615 Y114.286 E829.94853
M204 S5000
M205 X30 Y30
G0 F7200 X134.579 Y115.029
M204 S3000
M205 X20 Y20
G1 F1500 X120.334 Y129.274 E830.78608
M204 S5000
M205 X30 Y30
G0 F7200 X121.041 Y129.274
M204 S3000
M205 X20 Y20
G1 F1500 X134.704 Y115.611 E831.58942
M204 S5000
M205 X30 Y30
G0 F7200 X134.896 Y116.126
M204 S3000
M205 X20 Y20
G1 F1500 X121.748 Y129.274 E832.36247
M204 S5000
M205 X30 Y30
G0 F7200 X122.455 Y129.274
M204 S3000
M205 X20 Y20
G1 F1500 X135.158 Y116.571 E833.10936
M204 S5000
M205 X30 Y30
G0 F7200 X135.486 Y116.95
M204 S3000
M205 X20 Y20
G1 F1500 X123.162 Y129.274 E833.83396
M204 S5000
M205 X30 Y30
G0 F7200 X123.869 Y129.274
M204 S3000
M205 X20 Y20
G1 F1500 X135.85 Y117.293 E834.5384
M204 S5000
M205 X30 Y30
G0 F7200 X136.286 Y117.564
M204 S3000
M205 X20 Y20
G1 F1500 X124.576 Y129.274 E835.2269
M204 S5000
M205 X30 Y30
G0 F7200 X125.283 Y129.274
M204 S3000
M205 X20 Y20
G1 F1500 X136.799 Y117.758 E835.904
M204 S5000
M205 X30 Y30
G0 F7200 X137.375 Y117.889
M204 S3000
M205 X20 Y20
G1 F1500 X125.99 Y129.274 E836.57339
M204 S5000
M205 X30 Y30
G0 F7200 X126.697 Y129.274
M204 S3000
M205 X20 Y20
G1 F1500 X138.081 Y117.89 E837.24273
G1 X138.169 Y117.802
M204 S5000
M205 X30 Y30
G0 F7200 X139.051 Y117.628
M204 S3000
M205 X20 Y20
G1 F1500 X127.405 Y129.274 E837.92747
G1 X127.317 Y129.362
M204 S5000
M205 X30 Y30
G0 F7200 X118.212 Y129.274
M204 S3000
M205 X20 Y20
G1 F1500 X142.523 Y104.963 E839.35686
M204 S5000
M205 X30 Y30
G0 F7200 X142.477 Y104.302
M204 S3000
M205 X20 Y20
G1 F1500 X117.505 Y129.274 E840.82512
M204 S5000
M205 X30 Y30
G0 F7200 X116.798 Y129.274
M204 S3000
M205 X20 Y20
G1 F1500 X139.751 Y106.321 E842.17467
M204 S5000
M205 X30 Y30
G0 F7200 X138.952 Y106.413
M204 S3000
M205 X20 Y20
G1 F1500 X116.091 Y129.274 E843.51881
M204 S5000
M205 X30 Y30
G0 F7200 X115.384 Y129.274
M204 S3000
M205 X20 Y20
G1 F1500 X138.311 Y106.347 E844.86682
M204 S5000
M205 X30 Y30
G0 F7200 X137.782 Y106.169
M204 S3000
M205 X20 Y20
G1 F1500 X114.677 Y129.274 E846.22531
M204 S5000
M205 X30 Y30
G0 F7200 X113.97 Y129.274
M204 S3000
M205 X20 Y20
G1 F1500 X137.314 Y105.93 E847.59785
M204 S5000
M205 X30 Y30
G0 F7200 X136.912 Y105.624
M204 S3000
M205 X20 Y20
G1 F1500 X113.262 Y129.274 E848.98838
M204 S5000
M205 X30 Y30
G0 F7200 X112.555 Y129.274
M204 S3000
M205 X20 Y20
G1 F1500 X136.555 Y105.275 E850.39946
M204 S5000
M205 X30 Y30
G0 F7200 X136.272 Y104.85
M204 S3000
M205 X20 Y20
G1 F1500 X111.848 Y129.274 E851.83549
M204 S5000
M205 X30 Y30
G0 F7200 X111.141 Y129.274
M204 S3000
M205 X20 Y20
G1 F1500 X136.024 Y104.392 E853.29849
M204 S5000
M205 X30 Y30
G0 F7200 X135.886 Y103.823
M204 S3000
M205 X20 Y20
G1 F1500 X110.434 Y129.274 E854.79494
M204 S5000
M205 X30 Y30
G0 F7200 X109.728 Y129.273
M204 S3000
M205 X20 Y20
G1 F1500 X135.835 Y103.166 E856.32993
M204 S5000
M205 X30 Y30
G0 F7200 X135.967 Y102.327
M204 S3000
M205 X20 Y20
G1 F1500 X109.021 Y129.273 E857.91425
M204 S5000
M205 X30 Y30
G0 F7200 X108.313 Y129.273
M204 S3000
M205 X20 Y20
G1 F1500 X138.892 Y98.695 E859.71215
M204 S5000
M205 X30 Y30
G0 F7200 X137.976 Y98.904
M204 S3000
M205 X20 Y20
G1 F1500 X107.606 Y129.273 E861.49776
M204 S5000
M205 X30 Y30
G0 F7200 X106.899 Y129.273
M204 S3000
M205 X20 Y20
G1 F1500 X137.292 Y98.881 E863.28472
M204 S5000
M205 X30 Y30
G0 F7200 X136.726 Y98.739
M204 S3000
M205 X20 Y20
G1 F1500 X106.192 Y129.273 E865.08001
M204 S5000
M205 X30 Y30
G0 F7200 X105.485 Y129.273
M204 S3000
M205 X20 Y20
G1 F1500 X136.223 Y98.536 E866.88725
M204 S5000
M205 X30 Y30
G0 F7200 X135.795 Y98.256
M204 S3000
M205 X20 Y20
G1 F1500 X104.778 Y129.273 E868.71093
M204 S5000
M205 X30 Y30
G0 F7200 X104.071 Y129.273
M204 S3000
M205 X20 Y20
G1 F1500 X135.436 Y97.908 E870.55508
M204 S5000
M205 X30 Y30
G0 F7200 X135.117 Y97.52
M204 S3000
M205 X20 Y20
G1 F1500 X103.364 Y129.273 E872.42203
M204 S5000
M205 X30 Y30
G0 F7200 X102.657 Y129.273
M204 S3000
M205 X20 Y20
G1 F1500 X134.863 Y97.067 E874.31562
M204 S5000
M205 X30 Y30
G0 F7200 X134.688 Y96.535
M204 S3000
M205 X20 Y20
G1 F1500 X101.949 Y129.273 E876.24052
M204 S5000
M205 X30 Y30
G0 F7200 X101.242 Y129.273
M204 S3000
M205 X20 Y20
G1 F1500 X134.585 Y95.931 E878.20093
M204 S5000
M205 X30 Y30
G0 F7200 X134.644 Y95.165
M204 S3000
M205 X20 Y20
G1 F1500 X100.535 Y129.273 E880.20638
M204 S5000
M205 X30 Y30
G0 F7200 X99.828 Y129.273
M204 S3000
M205 X20 Y20
G1 F1500 X135.111 Y93.991 E882.28085
G1 X135.199 Y93.903
M204 S5000
M205 X30 Y30
G0 F7200 X135.968 Y93.133
M204 S3000
M205 X20 Y20
G1 F1500 X137.616 Y91.486 E882.37772
M204 S5000
M205 X30 Y30
G0 F7200 X137.766 Y92.043
M204 S3000
M205 X20 Y20
G1 F1500 X137.187 Y92.621 E882.41174
M204 S5000
M205 X30 Y30
G0 F7200 X137.924 Y92.592
M204 S3000
M205 X20 Y20
G1 F1500 X138.01 Y92.505 E882.41682
M204 S5000
M205 X30 Y30
G0 F7200 X137.528 Y90.866
M204 S3000
M205 X20 Y20
G1 F1500 X99.121 Y129.273 E884.67501
M204 S5000
M205 X30 Y30
G0 F7200 X98.414 Y129.273
M204 S3000
M205 X20 Y20
G1 F1500 X136.963 Y90.724 E886.94154
M204 S5000
M205 X30 Y30
G0 F7200 X136.256 Y90.724
M204 S3000
M205 X20 Y20
G1 F1500 X97.707 Y129.273 E889.20807
M204 S5000
M205 X30 Y30
G0 F7200 X97 Y129.273
M204 S3000
M205 X20 Y20
G1 F1500 X135.549 Y90.724 E891.47461
M204 S5000
M205 X30 Y30
G0 F7200 X134.842 Y90.724
M204 S3000
M205 X20 Y20
G1 F1500 X96.293 Y129.273 E893.74114
M204 S5000
M205 X30 Y30
G0 F7200 X95.585 Y129.273
M204 S3000
M205 X20 Y20
G1 F1500 X134.135 Y90.724 E896.0077
M204 S5000
M205 X30 Y30
G0 F7200 X133.428 Y90.724
M204 S3000
M205 X20 Y20
G1 F1500 X94.878 Y129.273 E898.27427
M204 S5000
M205 X30 Y30
G0 F7200 X94.171 Y129.273
M204 S3000
M205 X20 Y20
G1 F1500 X132.721 Y90.724 E900.54083
M204 S5000
M205 X30 Y30
G0 F7200 X132.014 Y90.724
M204 S3000
M205 X20 Y20
G1 F1500 X93.464 Y129.273 E902.80739
M204 S5000
M205 X30 Y30
G0 F7200 X92.757 Y129.273
M204 S3000
M205 X20 Y20
G1 F1500 X131.306 Y90.724 E905.07392
M204 S5000
M205 X30 Y30
G0 F7200 X130.599 Y90.724
M204 S3000
M205 X20 Y20
G1 F1500 X92.05 Y129.273 E907.34046
M204 S5000
M205 X30 Y30
G0 F7200 X91.343 Y129.273
M204 S3000
M205 X20 Y20
G1 F1500 X129.892 Y90.724 E909.60699
M204 S5000
M205 X30 Y30
G0 F7200 X129.185 Y90.724
M204 S3000
M205 X20 Y20
G1 F1500 X90.636 Y129.273 E911.87352
M204 S5000
M205 X30 Y30
G0 F7200 X89.929 Y129.273
M204 S3000
M205 X20 Y20
G1 F1500 X128.478 Y90.724 E914.14006
M204 S5000
M205 X30 Y30
G0 F7200 X127.771 Y90.724
M204 S3000
M205 X20 Y20
G1 F1500 X89.222 Y129.273 E916.40659
M204 S5000
M205 X30 Y30
G0 F7200 X88.514 Y129.273
M204 S3000
M205 X20 Y20
G1 F1500 X127.064 Y90.724 E918.67315
M204 S5000
M205 X30 Y30
G0 F7200 X126.357 Y90.724
M204 S3000
M205 X20 Y20
G1 F1500 X87.807 Y129.273 E920.93972
M204 S5000
M205 X30 Y30
G0 F7200 X87.1 Y129.273
M204 S3000
M205 X20 Y20
G1 F1500 X125.65 Y90.724 E923.20628
M204 S5000
M205 X30 Y30
G0 F7200 X124.942 Y90.724
M204 S3000
M205 X20 Y20
G1 F1500 X86.393 Y129.273 E925.47281
M204 S5000
M205 X30 Y30
G0 F7200 X85.686 Y129.273
M204 S3000
M205 X20 Y20
G1 F1500 X124.235 Y90.724 E927.73935
M204 S5000
M205 X30 Y30
G0 F7200 X123.528 Y90.724
M204 S3000
M205 X20 Y20
G1 F1500 X84.979 Y129.273 E930.00588
M204 S5000
M205 X30 Y30
G0 F7200 X84.272 Y129.273
M204 S3000
M205 X20 Y20
G1 F1500 X122.821 Y90.724 E932.27241
M204 S5000
M205 X30 Y30
G0 F7200 X122.114 Y90.724
M204 S3000
M205 X20 Y20
G1 F1500 X83.565 Y129.273 E934.53895
M204 S5000
M205 X30 Y30
G0 F7200 X82.858 Y129.273
M204 S3000
M205 X20 Y20
G1 F1500 X121.407 Y90.724 E936.80548
M204 S5000
M205 X30 Y30
G0 F7200 X120.7 Y90.724
M204 S3000
M205 X20 Y20
G1 F1500 X83.857 Y127.567 E938.97171
G1 X83.769 Y127.655
M204 S5000
M205 X30 Y30
G0 F7200 X84.149 Y126.568
M204 S3000
M205 X20 Y20
G1 F1500 X119.993 Y90.724 E941.0792
M204 S5000
M205 X30 Y30
G0 F7200 X119.286 Y90.724
M204 S3000
M205 X20 Y20
G1 F1500 X84.152 Y125.858 E943.14494
M204 S5000
M205 X30 Y30
G0 F7200 X84.013 Y125.29
M204 S3000
M205 X20 Y20
G1 F1500 X118.578 Y90.724 E945.17726
M204 S5000
M205 X30 Y30
G0 F7200 X117.871 Y90.724
M204 S3000
M205 X20 Y20
G1 F1500 X83.806 Y124.79 E947.18018
M204 S5000
M205 X30 Y30
G0 F7200 X83.551 Y124.338
M204 S3000
M205 X20 Y20
G1 F1500 X117.164 Y90.724 E949.15653
M204 S5000
M205 X30 Y30
G0 F7200 X116.457 Y90.724
M204 S3000
M205 X20 Y20
G1 F1500 X83.198 Y123.984 E951.11206
M204 S5000
M205 X30 Y30
G0 F7200 X82.821 Y123.653
M204 S3000
M205 X20 Y20
G1 F1500 X115.75 Y90.724 E953.04816
M204 S5000
M205 X30 Y30
G0 F7200 X115.043 Y90.724
M204 S3000
M205 X20 Y20
G1 F1500 X82.381 Y123.386 E954.96856
M204 S5000
M205 X30 Y30
G0 F7200 X81.851 Y123.209
M204 S3000
M205 X20 Y20
G1 F1500 X114.336 Y90.724 E956.87855
M204 S5000
M205 X30 Y30
G0 F7200 X113.629 Y90.724
M204 S3000
M205 X20 Y20
G1 F1500 X81.258 Y123.095 E958.78184
M204 S5000
M205 X30 Y30
G0 F7200 X80.524 Y123.122
M204 S3000
M205 X20 Y20
G1 F1500 X112.922 Y90.724 E960.68672
M204 S5000
M205 X30 Y30
G0 F7200 X112.215 Y90.724
M204 S3000
M205 X20 Y20
G1 F1500 X79.414 Y123.525 E962.61529
G1 X79.326 Y123.613
M204 S5000
M205 X30 Y30
G0 F7200 X78.219 Y124.72
M204 S3000
M205 X20 Y20
G1 F1500 X77.476 Y125.462 E962.65895
M204 S5000
M205 X30 Y30
G0 F7200 X77.841 Y125.805
M204 S3000
M205 X20 Y20
G1 F1500 X77.579 Y126.067 E962.67435
M204 S5000
M205 X30 Y30
G0 F7200 X77.829 Y126.524
M204 S3000
M205 X20 Y20
G1 F1500 X77.729 Y126.624 E962.68023
M204 S5000
M205 X30 Y30
G0 F7200 X77.475 Y124.756
M204 S3000
M205 X20 Y20
G1 F1500 X111.507 Y90.724 E964.68118
M204 S5000
M205 X30 Y30
G0 F7200 X110.8 Y90.724
M204 S3000
M205 X20 Y20
G1 F1500 X77.475 Y124.049 E966.64057
M204 S5000
M205 X30 Y30
G0 F7200 X77.475 Y123.342
M204 S3000
M205 X20 Y20
G1 F1500 X82.983 Y117.834 E966.96442
M204 S5000
M205 X30 Y30
G0 F7200 X82.192 Y117.918
M204 S3000
M205 X20 Y20
G1 F1500 X77.475 Y122.635 E967.24176
M204 S5000
M205 X30 Y30
G0 F7200 X77.475 Y121.928
M204 S3000
M205 X20 Y20
G1 F1500 X81.556 Y117.847 E967.48171
M204 S5000
M205 X30 Y30
G0 F7200 X81.031 Y117.665
M204 S3000
M205 X20 Y20
G1 F1500 X77.475 Y121.221 E967.69078
M204 S5000
M205 X30 Y30
G0 F7200 X77.475 Y120.514
M204 S3000
M205 X20 Y20
G1 F1500 X80.564 Y117.424 E967.87244
M204 S5000
M205 X30 Y30
G0 F7200 X80.163 Y117.119
M204 S3000
M205 X20 Y20
G1 F1500 X77.475 Y119.807 E968.03048
M204 S5000
M205 X30 Y30
G0 F7200 X77.475 Y119.1
M204 S3000
M205 X20 Y20
G1 F1500 X79.805 Y116.77 E968.16747
M204 S5000
M205 X30 Y30
G0 F7200 X79.521 Y116.346
M204 S3000
M205 X20 Y20
G1 F1500 X77.475 Y118.393 E968.2878
M204 S5000
M205 X30 Y30
G0 F7200 X77.475 Y117.685
M204 S3000
M205 X20 Y20
G1 F1500 X79.287 Y115.874 E968.39431
M204 S5000
M205 X30 Y30
G0 F7200 X79.129 Y115.324
M204 S3000
M205 X20 Y20
G1 F1500 X77.475 Y116.978 E968.49156
M204 S5000
M205 X30 Y30
G0 F7200 X77.475 Y116.271
M204 S3000
M205 X20 Y20
G1 F1500 X79.093 Y114.653 E968.58669
M204 S5000
M205 X30 Y30
G0 F7200 X79.253 Y113.786
M204 S3000
M205 X20 Y20
G1 F1500 X77.475 Y115.564 E968.69123
M204 S5000
M205 X30 Y30
G0 F7200 X77.475 Y114.857
M204 S3000
M205 X20 Y20
G1 F1500 X101.609 Y90.723 E970.11022
M204 S5000
M205 X30 Y30
G0 F7200 X102.316 Y90.723
M204 S3000
M205 X20 Y20
G1 F1500 X81.309 Y111.73 E971.34535
M204 S5000
M205 X30 Y30
G0 F7200 X82.165 Y111.582
M204 S3000
M205 X20 Y20
G1 F1500 X103.023 Y90.723 E972.57175
M204 S5000
M205 X30 Y30
G0 F7200 X103.73 Y90.723
M204 S3000
M205 X20 Y20
G1 F1500 X82.825 Y111.628 E973.80088
M204 S5000
M205 X30 Y30
G0 F7200 X83.365 Y111.796
M204 S3000
M205 X20 Y20
G1 F1500 X104.437 Y90.723 E975.03986
M204 S5000
M205 X30 Y30
G0 F7200 X105.144 Y90.723
M204 S3000
M205 X20 Y20
G1 F1500 X83.853 Y112.014 E976.29169
M204 S5000
M205 X30 Y30
G0 F7200 X84.269 Y112.306
M204 S3000
M205 X20 Y20
G1 F1500 X105.851 Y90.723 E977.56066
M204 S5000
M205 X30 Y30
G0 F7200 X106.558 Y90.723
M204 S3000
M205 X20 Y20
G1 F1500 X84.623 Y112.659 E978.85039
M204 S5000
M205 X30 Y30
G0 F7200 X84.927 Y113.062
M204 S3000
M205 X20 Y20
G1 F1500 X107.265 Y90.723 E980.1638
M204 S5000
M205 X30 Y30
G0 F7200 X107.973 Y90.723
M204 S3000
M205 X20 Y20
G1 F1500 X85.18 Y113.516 E981.50394
M204 S5000
M205 X30 Y30
G0 F7200 X85.336 Y114.067
M204 S3000
M205 X20 Y20
G1 F1500 X108.68 Y90.723 E982.87648
M204 S5000
M205 X30 Y30
G0 F7200 X109.387 Y90.723
M204 S3000
M205 X20 Y20
G1 F1500 X85.412 Y114.698 E984.28612
M204 S5000
M205 X30 Y30
G0 F7200 X85.316 Y115.501
M204 S3000
M205 X20 Y20
G1 F1500 X110.093 Y90.724 E985.74291
G1 X110.181 Y90.636
M204 S5000
M205 X30 Y30
G0 F7200 X100.902 Y90.723
M204 S3000
M205 X20 Y20
G1 F1500 X77.475 Y114.15 E987.12033
M204 S5000
M205 X30 Y30
G0 F7200 X77.475 Y113.443
M204 S3000
M205 X20 Y20
G1 F1500 X100.194 Y90.723 E988.45615
M204 S5000
M205 X30 Y30
G0 F7200 X99.487 Y90.723
M204 S3000
M205 X20 Y20
G1 F1500 X77.475 Y112.736 E989.7504
M204 S5000
M205 X30 Y30
G0 F7200 X77.475 Y112.029
M204 S3000
M205 X20 Y20
G1 F1500 X98.78 Y90.723 E991.00308
M204 S5000
M205 X30 Y30
G0 F7200 X98.073 Y90.723
M204 S3000
M205 X20 Y20
G1 F1500 X77.475 Y111.321 E992.21417
M204 S5000
M205 X30 Y30
G0 F7200 X77.475 Y110.614
M204 S3000
M205 X20 Y20
G1 F1500 X81.766 Y106.324 E992.46643
M204 S5000
M205 X30 Y30
G0 F7200 X80.964 Y106.418
M204 S3000
M205 X20 Y20
G1 F1500 X77.475 Y109.907 E992.67157
M204 S5000
M205 X30 Y30
G0 F7200 X77.475 Y109.2
M204 S3000
M205 X20 Y20
G1 F1500 X80.327 Y106.348 E992.83926
M204 S5000
M205 X30 Y30
G0 F7200 X79.798 Y106.17
M204 S3000
M205 X20 Y20
G1 F1500 X77.475 Y108.493 E992.97584
M204 S5000
M205 X30 Y30
G0 F7200 X77.475 Y107.786
M204 S3000
M205 X20 Y20
G1 F1500 X79.326 Y105.935 E993.08467
M204 S5000
M205 X30 Y30
G0 F7200 X78.923 Y105.631
M204 S3000
M205 X20 Y20
G1 F1500 X77.475 Y107.079 E993.16981
M204 S5000
M205 X30 Y30
G0 F7200 X77.475 Y106.372
M204 S3000
M205 X20 Y20
G1 F1500 X78.565 Y105.281 E993.23393
M204 S5000
M205 X30 Y30
G0 F7200 X78.279 Y104.861
M204 S3000
M205 X20 Y20
G1 F1500 X77.475 Y105.665 E993.2812
M204 S5000
M205 X30 Y30
G0 F7200 X77.475 Y104.957
M204 S3000
M205 X20 Y20
G1 F1500 X78.041 Y104.391 E993.31448
M204 S5000
M205 X30 Y30
G0 F7200 X77.771 Y103.955
M204 S3000
M205 X20 Y20
G1 F1500 X77.557 Y104.168 E993.32703
M204 S5000
M205 X30 Y30
G0 F7200 X77.503 Y102.101
M204 S3000
M205 X20 Y20
G1 F1500 X80.967 Y98.637 E993.5307
M204 S5000
M205 X30 Y30
G0 F7200 X80.495 Y98.402
M204 S3000
M205 X20 Y20
G1 F1500 X77.476 Y101.421 E993.70821
M204 S5000
M205 X30 Y30
G0 F7200 X77.476 Y100.714
M204 S3000
M205 X20 Y20
G1 F1500 X80.11 Y98.079 E993.8631
M204 S5000
M205 X30 Y30
G0 F7200 X79.764 Y97.719
M204 S3000
M205 X20 Y20
G1 F1500 X77.476 Y100.007 E993.99763
M204 S5000
M205 X30 Y30
G0 F7200 X77.476 Y99.3
M204 S3000
M205 X20 Y20
G1 F1500 X79.482 Y97.294 E994.11558
M204 S5000
M205 X30 Y30
G0 F7200 X79.267 Y96.802
M204 S3000
M205 X20 Y20
G1 F1500 X77.476 Y98.593 E994.22088
M204 S5000
M205 X30 Y30
G0 F7200 X77.476 Y97.886
M204 S3000
M205 X20 Y20
G1 F1500 X79.108 Y96.254 E994.31683
M204 S5000
M205 X30 Y30
G0 F7200 X79.091 Y95.564
M204 S3000
M205 X20 Y20
G1 F1500 X77.553 Y97.102 E994.40726
G1 X77.465 Y97.19
M204 S5000
M205 X30 Y30
G0 F7200 X77.897 Y96.05
M204 S3000
M205 X20 Y20
G1 F1500 X79.271 Y94.676 E994.48805
G1 X79.359 Y94.588
M204 S5000
M205 X30 Y30
G0 F7200 X82.061 Y92.594
M204 S3000
M205 X20 Y20
G1 F1500 X83.931 Y90.723 E994.59803
M204 S5000
M205 X30 Y30
G0 F7200 X84.638 Y90.723
M204 S3000
M205 X20 Y20
G1 F1500 X82.748 Y92.614 E994.70918
M204 S5000
M205 X30 Y30
G0 F7200 X83.299 Y92.77
M204 S3000
M205 X20 Y20
G1 F1500 X85.345 Y90.723 E994.82951
M204 S5000
M205 X30 Y30
G0 F7200 X86.052 Y90.723
M204 S3000
M205 X20 Y20
G1 F1500 X83.8 Y92.976 E994.96195
M204 S5000
M205 X30 Y30
G0 F7200 X84.218 Y93.265
M204 S3000
M205 X20 Y20
G1 F1500 X86.759 Y90.723 E995.11138
M204 S5000
M205 X30 Y30
G0 F7200 X87.466 Y90.723
M204 S3000
M205 X20 Y20
G1 F1500 X84.582 Y93.608 E995.28097
M204 S5000
M205 X30 Y30
G0 F7200 X84.895 Y94.002
M204 S3000
M205 X20 Y20
G1 F1500 X88.174 Y90.723 E995.47377
M204 S5000
M205 X30 Y30
G0 F7200 X88.881 Y90.723
M204 S3000
M205 X20 Y20
G1 F1500 X85.142 Y94.463 E995.69364
M204 S5000
M205 X30 Y30
G0 F7200 X85.318 Y94.993
M204 S3000
M205 X20 Y20
G1 F1500 X89.588 Y90.723 E995.94469
M204 S5000
M205 X30 Y30
G0 F7200 X90.295 Y90.723
M204 S3000
M205 X20 Y20
G1 F1500 X85.414 Y95.604 E996.23168
M204 S5000
M205 X30 Y30
G0 F7200 X85.345 Y96.38
M204 S3000
M205 X20 Y20
G1 F1500 X91.002 Y90.723 E996.56429
M204 S5000
M205 X30 Y30
G0 F7200 X91.709 Y90.723
M204 S3000
M205 X20 Y20
G1 F1500 X84.824 Y97.609 E996.96913
M204 S5000
M205 X30 Y30
G0 F7200 X84.13 Y98.302
M204 S3000
M205 X20 Y20
G1 F1500 X82.136 Y100.297 E997.0864
M204 S5000
M205 X30 Y30
G0 F7200 X82.615 Y100.525
M204 S3000
M205 X20 Y20
G1 F1500 X92.416 Y90.723 E997.66269
M204 S5000
M205 X30 Y30
G0 F7200 X93.123 Y90.723
M204 S3000
M205 X20 Y20
G1 F1500 X83.032 Y100.815 E998.25603
M204 S5000
M205 X30 Y30
G0 F7200 X83.386 Y101.168
M204 S3000
M205 X20 Y20
G1 F1500 X93.83 Y90.723 E998.87013
M204 S5000
M205 X30 Y30
G0 F7200 X94.538 Y90.723
M204 S3000
M205 X20 Y20
G1 F1500 X83.683 Y101.578 E999.50836
M204 S5000
M205 X30 Y30
G0 F7200 X83.939 Y102.029
M204 S3000
M205 X20 Y20
G1 F1500 X95.245 Y90.723 E1000.17311
M204 S5000
M205 X30 Y30
G0 F7200 X95.952 Y90.723
M204 S3000
M205 X20 Y20
G1 F1500 X84.087 Y102.588 E1000.87073
M204 S5000
M205 X30 Y30
G0 F7200 X84.164 Y103.219
M204 S3000
M205 X20 Y20
G1 F1500 X96.659 Y90.723 E1001.60541
M204 S5000
M205 X30 Y30
G0 F7200 X97.366 Y90.723
M204 S3000
M205 X20 Y20
G1 F1500 X84.059 Y104.03 E1002.38781
G1 X83.971 Y104.118
M204 S5000
M205 X30 Y30
G0 F7200 X83.429 Y102.321
G0 X81.589 Y100.136
M204 S3000
M205 X20 Y20
G1 F1500 X82.854 Y98.871 E1002.46219
M204 S5000
M205 X30 Y30
G0 F7200 X82.106 Y98.912
M204 S3000
M205 X20 Y20
G1 F1500 X80.941 Y100.078 E1002.53072
M204 S5000
M205 X30 Y30
G0 F7200 X80.098 Y100.213
M204 S3000
M205 X20 Y20
G1 F1500 X81.467 Y98.844 E1002.61121
G1 X81.555 Y98.756
M204 S5000
M205 X30 Y30
G0 F7200 X80.313 Y97.486
G0 X79.676 Y96.128
G0 X79.894 Y94.648
G0 X82.353 Y91.595
M204 S3000
M205 X20 Y20
G1 F1500 X83.224 Y90.723 E1002.66245
G1 X83.312 Y90.635
M204 S5000
M205 X30 Y30
G0 F7200 X84.679 Y94.821
G0 X84.835 Y114.982
G0 X83.585 Y126.482
G0 X82.274 Y129.15
M204 S3000
M205 X20 Y20
G1 F1500 X82.136 Y129.288 E1002.67056
M204 S5000
M205 X30 Y30
G0 F7200 X138.065 Y100.229
M204 S3000
M205 X20 Y20
G1 F1500 X142.149 Y96.145 E1002.91069
M204 S5000
M205 X30 Y30
G0 F7200 X141.9 Y95.687
M204 S3000
M205 X20 Y20
G1 F1500 X140.711 Y96.876 E1002.9806
M204 S5000
M205 X30 Y30
G0 F7200 X140.898 Y95.981
M204 S3000
M205 X20 Y20
G1 F1500 X141.603 Y95.277 E1003.02202
M204 S5000
M205 X30 Y30
G0 F7200 X141.265 Y94.907
M204 S3000
M205 X20 Y20
G1 F1500 X140.904 Y95.269 E1003.04327
M204 S5000
M205 X30 Y30
G0 F7200 X140.742 Y94.724
M204 S3000
M205 X20 Y20
G1 F1500 X140.881 Y94.584 E1003.05148
M204 S5000
M205 X30 Y30
G0 F7200 X142.341 Y96.66
M204 S3000
M205 X20 Y20
G1 F1500 X138.925 Y100.076 E1003.25232
M204 S5000
M205 X30 Y30
G0 F7200 X139.576 Y100.132
M204 S3000
M205 X20 Y20
G1 F1500 X142.467 Y97.242 E1003.42227
M204 S5000
M205 X30 Y30
G0 F7200 X142.524 Y97.891
M204 S3000
M205 X20 Y20
G1 F1500 X140.124 Y100.291 E1003.56338
M204 S5000
M205 X30 Y30
G0 F7200 X140.598 Y100.524
M204 S3000
M205 X20 Y20
G1 F1500 X142.524 Y98.598 E1003.67663
M204 S5000
M205 X30 Y30
G0 F7200 X142.524 Y99.306
M204 S3000
M205 X20 Y20
G1 F1500 X141.035 Y100.795 E1003.76417
M204 S5000
M205 X30 Y30
G0 F7200 X141.377 Y101.16
M204 S3000
M205 X20 Y20
G1 F1500 X142.524 Y100.013 E1003.83161
M204 S5000
M205 X30 Y30
G0 F7200 X142.524 Y100.72
M204 S3000
M205 X20 Y20
G1 F1500 X141.677 Y101.567 E1003.88141
M204 S5000
M205 X30 Y30
G0 F7200 X141.941 Y102.01
M204 S3000
M205 X20 Y20
G1 F1500 X142.524 Y101.427 E1003.91569
M204 S5000
M205 X30 Y30
G0 F7200 X142.419 Y102.239
M204 S3000
M205 X20 Y20
G1 F1500 X142.204 Y102.454 E1003.92833
M204 S5000
M205 X30 Y30
;MESH:NONMESH
G0 F600 X142.204 Y102.454 Z1.1
G0 F7200 X140.629 Y101.228
G0 X139.613 Y100.727
G0 X82.302 Y93.155
G0 X80.858 Y93.035
G0 X80.789 Y92.933
;TIME_ELAPSED:894.243403
;LAYER:4
M204 S3000
M205 X20 Y20
;TYPE:WALL-INNER
;MESH:Pi Holder.stl
G1 F3082.8 X80.251 Y93.281 E1003.96307
G1 F3273.6 X79.516 Y93.478 E1004.00192
G1 F3736.1 X78.704 Y93.983 E1004.0447
G1 F4020 X78.179 Y94.427 E1004.07328
G1 X77.608 Y95.074 E1004.10916
G1 X77.195 Y95.823 E1004.14472
G1 X76.888 Y96.634 E1004.18077
G1 X76.751 Y97.576 E1004.22035
G1 X76.75 Y125.486 E1005.38071
G1 X76.802 Y125.943 E1005.39983
G1 X77.002 Y126.817 E1005.43711
G1 X77.39 Y127.625 E1005.47437
G1 X77.893 Y128.361 E1005.51144
G1 X78.538 Y128.96 E1005.54803
G1 X79.125 Y129.36 E1005.57756
G1 X79.928 Y129.746 E1005.61461
G1 X80.806 Y129.948 E1005.65206
G1 X81.266 Y130 E1005.67131
G1 X138.734 Y130 E1008.06055
G1 X139.194 Y129.948 E1008.0798
G1 X140.072 Y129.746 E1008.11725
G1 X140.875 Y129.36 E1008.1543
G1 X141.616 Y128.853 E1008.19162
G1 X142.212 Y128.21 E1008.22807
G1 X142.61 Y127.625 E1008.25749
G1 X142.996 Y126.821 E1008.29457
G1 X143.198 Y125.944 E1008.33199
G1 X143.25 Y125.485 E1008.35119
G1 X143.25 Y97.572 E1009.51168
G1 X143.112 Y96.634 E1009.5511
G1 X142.806 Y95.823 E1009.58713
G1 X142.388 Y95.068 E1009.62301
G1 X141.819 Y94.425 E1009.65871
G1 X141.296 Y93.983 E1009.68718
G1 X140.601 Y93.551 E1009.7212
G1 F3910.5 X140.04 Y93.335 E1009.74689
G1 F3430 X139.688 Y93.248 E1009.76456
G1 F3101.9 X139.213 Y92.935 E1009.79521
G1 F3489.6 X138.778 Y92.37 E1009.82936
G1 F4020 X138.553 Y92.014 E1009.84687
G1 X138.336 Y91.437 E1009.8725
G1 X138.25 Y90.992 E1009.89134
G1 X138.25 Y90 E1009.93259
G1 X81.75 Y90 E1012.28158
G1 X81.75 Y90.91 E1012.31942
G1 X81.676 Y91.384 E1012.33936
G1 X81.468 Y91.955 E1012.36463
G1 X81.221 Y92.371 E1012.38474
G1 F3489.6 X80.789 Y92.933 E1012.41869
M204 S5000
M205 X30 Y30
G0 F7200 X80.856 Y93.038
G0 X79.894 Y94.648
G0 X79.634 Y96.199
G0 X79.828 Y96.142
M204 S3000
M205 X20 Y20
G1 F4020 X79.815 Y95.5 E1012.44539
G1 X79.831 Y95.341 E1012.45203
G1 X80.018 Y94.711 E1012.47935
G1 F3872.8 X80.299 Y94.275 E1012.50174
G1 F3608.6 X80.581 Y93.838 E1012.52583
G1 F3273.6 X81.144 Y93.481 E1012.55986
G1 F3489.6 X81.72 Y93.358 E1012.58807
G1 F4020 X82.304 Y93.295 E1012.61249
G1 X82.755 Y93.351 E1012.63139
G1 X83.262 Y93.521 E1012.65362
G1 X83.64 Y93.73 E1012.67158
G1 X84.12 Y94.17 E1012.69865
G1 X84.254 Y94.343 E1012.70775
G1 X84.558 Y94.913 E1012.7346
G1 X84.692 Y95.535 E1012.76106
G1 X84.691 Y95.974 E1012.77931
G1 X84.543 Y96.639 E1012.80763
G1 X84.197 Y97.252 E1012.8369
G1 X83.739 Y97.698 E1012.86348
G1 X83.339 Y97.953 E1012.8832
G1 X82.735 Y98.156 E1012.90969
G1 X82.302 Y98.205 E1012.92781
G1 X81.623 Y98.131 E1012.9562
G1 X80.963 Y97.847 E1012.98607
G1 X80.415 Y97.389 E1013.01577
G1 X80.018 Y96.788 E1013.04571
G1 X79.828 Y96.142 E1013.07371
M204 S5000
M205 X30 Y30
G0 F7200 X79.634 Y96.199
G0 X78.365 Y103.001
G0 X78.565 Y103.001
M204 S3000
M205 X20 Y20
G1 F4020 X78.596 Y102.784 E1013.08282
G1 X78.83 Y102.115 E1013.11229
G1 X79.202 Y101.582 E1013.13931
G1 X79.526 Y101.295 E1013.15731
G1 X79.98 Y101.02 E1013.17937
G1 X80.415 Y100.868 E1013.19853
G1 X81.023 Y100.8 E1013.22397
G1 X81.526 Y100.857 E1013.24501
G1 X82.083 Y101.046 E1013.26947
G1 X82.465 Y101.275 E1013.28798
G1 X82.962 Y101.768 E1013.31709
G1 X83.293 Y102.364 E1013.34543
G1 X83.438 Y102.998 E1013.37247
G1 X83.445 Y103.428 E1013.39035
G1 X83.302 Y104.12 E1013.41973
G1 X82.957 Y104.741 E1013.44926
G1 X82.467 Y105.216 E1013.47764
G1 X82.081 Y105.452 E1013.49645
G1 X81.481 Y105.659 E1013.52283
G1 X81.115 Y105.698 E1013.53814
G1 X80.486 Y105.643 E1013.56439
G1 X80.273 Y105.588 E1013.57353
G1 X79.632 Y105.279 E1013.60312
G1 X79.107 Y104.801 E1013.63264
G1 X78.739 Y104.19 E1013.66229
G1 X78.576 Y103.629 E1013.68658
G1 X78.565 Y103.001 E1013.71269
M204 S5000
M205 X30 Y30
G0 F7200 X78.365 Y103.001
G0 X79.615 Y114.501
G0 X79.815 Y114.501
M204 S3000
M205 X20 Y20
G1 F4020 X79.846 Y114.284 E1013.72181
G1 X80.08 Y113.615 E1013.75127
G1 X80.452 Y113.082 E1013.77829
G1 X80.776 Y112.795 E1013.79629
G1 X81.184 Y112.546 E1013.81616
G1 X81.677 Y112.366 E1013.83798
G1 X82.306 Y112.294 E1013.8643
G1 X82.741 Y112.348 E1013.88253
G1 X83.346 Y112.549 E1013.90903
G1 X83.721 Y112.787 E1013.9275
G1 X84.201 Y113.247 E1013.95514
G1 X84.55 Y113.881 E1013.98523
G1 X84.697 Y114.535 E1014.01309
G1 X84.687 Y115.007 E1014.03272
G1 X84.548 Y115.624 E1014.05902
G1 X84.202 Y116.251 E1014.08879
G1 X83.721 Y116.713 E1014.11652
G1 X83.346 Y116.951 E1014.13498
G1 X82.74 Y117.152 E1014.16153
G1 X82.277 Y117.2 E1014.18088
G1 X81.644 Y117.133 E1014.20735
G1 X81.068 Y116.894 E1014.23327
G1 X80.882 Y116.779 E1014.24236
G1 X80.357 Y116.301 E1014.27188
G1 X79.989 Y115.69 E1014.30154
G1 X79.826 Y115.129 E1014.32582
G1 X79.815 Y114.501 E1014.35194
M204 S5000
M205 X30 Y30
G0 F7200 X79.615 Y114.501
G0 X78.365 Y125.906
G0 X78.57 Y125.906
M204 S3000
M205 X20 Y20
G1 F4020 X78.739 Y125.31 E1014.37769
G1 X78.83 Y125.115 E1014.38664
G1 X79.202 Y124.582 E1014.41366
G1 X79.526 Y124.295 E1014.43166
G1 X80.085 Y123.976 E1014.45842
G1 X80.499 Y123.855 E1014.47635
G1 X81.041 Y123.8 E1014.499
G1 X81.488 Y123.847 E1014.51768
G1 X82.081 Y124.048 E1014.54372
G1 X82.467 Y124.284 E1014.56253
G1 X82.958 Y124.76 E1014.59096
G1 X83.287 Y125.354 E1014.61919
G1 X83.428 Y125.949 E1014.64461
G1 X83.446 Y126.386 E1014.66279
G1 X83.322 Y127.022 E1014.68973
G1 X83.004 Y127.657 E1014.71926
G1 X82.522 Y128.168 E1014.74846
G1 X82.099 Y128.451 E1014.76962
G1 X81.446 Y128.661 E1014.79814
G1 X81.042 Y128.705 E1014.81504
G1 X80.412 Y128.631 E1014.84141
G1 X79.999 Y128.49 E1014.85955
G1 X79.494 Y128.185 E1014.88408
G1 X79.202 Y127.918 E1014.90053
G1 X78.83 Y127.385 E1014.92755
G1 X78.739 Y127.19 E1014.9365
G1 X78.569 Y126.583 E1014.96271
G1 X78.57 Y125.906 E1014.99085
M204 S5000
M205 X30 Y30
G0 F7200 X78.365 Y125.906
G0 X79.038 Y124.55
G0 X79.947 Y123.876
G0 X135.115 Y114.465
G0 X135.311 Y114.509
M204 S3000
M205 X20 Y20
G1 F4020 X135.461 Y113.853 E1015.01883
G1 X135.814 Y113.233 E1015.04849
G1 X136.279 Y112.787 E1015.07528
G1 X136.654 Y112.549 E1015.09375
G1 X137.259 Y112.348 E1015.12025
G1 X137.705 Y112.299 E1015.13891
G1 X138.306 Y112.362 E1015.16403
G1 X138.665 Y112.476 E1015.17969
G1 X139.224 Y112.795 E1015.20645
G1 X139.548 Y113.082 E1015.22444
G1 X139.92 Y113.615 E1015.25147
G1 X140.154 Y114.284 E1015.28093
G1 X140.186 Y114.501 E1015.29005
G1 X140.175 Y115.129 E1015.31616
G1 X140.011 Y115.69 E1015.34046
G1 X139.643 Y116.301 E1015.37012
G1 X139.046 Y116.844 E1015.40367
G1 X138.385 Y117.126 E1015.43355
G1 X137.7 Y117.205 E1015.46221
G1 X137.332 Y117.166 E1015.4776
G1 X136.658 Y116.954 E1015.50698
G1 X136.279 Y116.713 E1015.52565
G1 X135.798 Y116.251 E1015.55338
G1 X135.452 Y115.624 E1015.58315
G1 X135.313 Y115.007 E1015.60944
G1 X135.304 Y114.577 E1015.62733
G1 X135.311 Y114.509 E1015.63017
M204 S5000
M205 X30 Y30
G0 F7200 X135.115 Y114.465
G0 X136.361 Y103.519
G0 X136.555 Y103.477
M204 S3000
M205 X20 Y20
G1 F4020 X136.554 Y103.114 E1015.64526
G1 X136.559 Y103.021 E1015.64913
G1 X136.706 Y102.364 E1015.67712
G1 X137.038 Y101.768 E1015.70549
G1 X137.535 Y101.276 E1015.73456
G1 X137.919 Y101.044 E1015.75321
G1 X138.475 Y100.857 E1015.7776
G1 X138.977 Y100.8 E1015.79861
G1 X139.585 Y100.869 E1015.82405
G1 X139.984 Y101.003 E1015.84154
G1 X140.555 Y101.343 E1015.86917
G1 X140.904 Y101.711 E1015.89026
G1 X141.17 Y102.115 E1015.91037
G1 X141.403 Y102.784 E1015.93982
G1 X141.436 Y103.001 E1015.94895
G1 X141.425 Y103.629 E1015.97506
G1 X141.26 Y104.19 E1015.99937
G1 X140.893 Y104.801 E1016.02901
G1 X140.368 Y105.279 E1016.05852
G1 X140.182 Y105.394 E1016.06762
G1 X139.514 Y105.643 E1016.09725
G1 X138.885 Y105.698 E1016.12351
G1 X138.511 Y105.653 E1016.13917
G1 X137.919 Y105.452 E1016.16516
G1 X137.533 Y105.216 E1016.18397
G1 X137.04 Y104.738 E1016.21252
G1 X136.696 Y104.107 E1016.2424
G1 X136.555 Y103.477 E1016.26924
M204 S5000
M205 X30 Y30
G0 F7200 X136.361 Y103.519
G0 X135.111 Y96.017
G0 X135.309 Y95.974
M204 S3000
M205 X20 Y20
G1 F4020 X135.304 Y95.614 E1016.28421
G1 X135.308 Y95.535 E1016.28749
G1 X135.443 Y94.91 E1016.31408
G1 X135.746 Y94.343 E1016.34081
G1 X135.88 Y94.17 E1016.3499
G1 X136.36 Y93.73 E1016.37698
G1 X136.738 Y93.521 E1016.39493
G1 X137.245 Y93.351 E1016.41717
G1 X137.7 Y93.296 E1016.43622
G1 X138.278 Y93.358 E1016.46039
G1 F3489.6 X138.859 Y93.483 E1016.48885
G1 F3284.3 X139.386 Y93.816 E1016.52057
G1 F3634.7 X139.683 Y94.26 E1016.54514
G1 F3887.8 X139.98 Y94.705 E1016.56814
G1 F4020 X140.188 Y95.407 E1016.59858
G1 X140.172 Y96.143 E1016.62918
G1 X139.983 Y96.786 E1016.65705
G1 X139.585 Y97.389 E1016.68708
G1 X139.037 Y97.847 E1016.71678
G1 X138.377 Y98.131 E1016.74665
G1 X137.698 Y98.205 E1016.77505
G1 X137.297 Y98.16 E1016.79182
G1 X136.661 Y97.953 E1016.81963
G1 X136.261 Y97.698 E1016.83935
G1 X135.803 Y97.256 E1016.86581
G1 X135.455 Y96.63 E1016.89559
G1 X135.309 Y95.974 E1016.92353
M204 S5000
M205 X30 Y30
G0 F7200 X135.111 Y96.017
G0 X135.165 Y114.982
G0 X136.379 Y125.906
G0 X136.572 Y125.949
M204 S3000
M205 X20 Y20
G1 F4020 X136.714 Y125.348 E1016.94921
G1 X137.042 Y124.761 E1016.97716
G1 X137.533 Y124.284 E1017.00562
G1 X137.919 Y124.048 E1017.02443
G1 X138.512 Y123.847 E1017.05046
G1 X138.959 Y123.8 E1017.06915
G1 X139.501 Y123.855 E1017.0918
G1 X140.066 Y124.046 E1017.1166
G1 X140.604 Y124.395 E1017.14326
G1 X140.904 Y124.711 E1017.16137
G1 X141.26 Y125.31 E1017.19034
G1 X141.436 Y125.936 E1017.21738
G1 X141.432 Y126.583 E1017.24428
G1 X141.232 Y127.291 E1017.27487
G1 X140.834 Y127.88 E1017.30442
G1 X140.507 Y128.185 E1017.32301
G1 X140.001 Y128.49 E1017.34757
G1 X139.588 Y128.631 E1017.36572
G1 X139.024 Y128.697 E1017.38933
G1 X138.604 Y128.669 E1017.40683
G1 X137.988 Y128.479 E1017.43363
G1 X137.61 Y128.27 E1017.45158
G1 X137.13 Y127.831 E1017.47863
G1 X136.754 Y127.223 E1017.50835
G1 X136.572 Y126.551 E1017.53729
G1 X136.554 Y126.114 E1017.55548
G1 X136.572 Y125.949 E1017.56238
M204 S5000
M205 X30 Y30
G0 F7200 X137.054 Y126.114
M204 S3000
M205 X20 Y20
;TYPE:WALL-OUTER
G1 F2040 X137.06 Y126.059 E1017.56468
G1 X137.175 Y125.556 E1017.58613
G1 X137.459 Y125.049 E1017.61029
G1 X137.845 Y124.675 E1017.63264
G1 X138.105 Y124.514 E1017.64535
G1 X138.626 Y124.334 E1017.66827
G1 X138.927 Y124.3 E1017.68086
G1 X139.447 Y124.352 E1017.70259
G1 X139.806 Y124.473 E1017.71834
G1 X140.257 Y124.755 E1017.74045
G1 X140.486 Y124.985 E1017.75395
G1 X140.772 Y125.419 E1017.77556
G1 X140.934 Y125.969 E1017.79939
G1 X140.934 Y126.527 E1017.82259
G1 X140.782 Y127.046 E1017.84508
G1 X140.487 Y127.515 E1017.86811
G1 X140.225 Y127.771 E1017.88334
G1 X139.784 Y128.039 E1017.90479
G1 X139.476 Y128.143 E1017.91831
G1 X138.974 Y128.199 E1017.93931
G1 X138.631 Y128.169 E1017.95363
G1 X138.098 Y127.982 E1017.97711
G1 X137.826 Y127.809 E1017.99051
G1 X137.433 Y127.413 E1018.01371
G1 X137.191 Y126.979 E1018.03437
G1 X137.06 Y126.441 E1018.05739
G1 X137.054 Y126.114 E1018.07098
M204 S5000
M205 X30 Y30
G0 F7200 X137.06 Y126.059
G0 X137.092 Y125.918
G0 X136.41 Y125.765
G0 X135.124 Y115.079
G0 X135.807 Y114.927
M204 S3000
M205 X20 Y20
G1 F2040 X135.804 Y114.601 E1018.08454
G1 X135.923 Y114.06 E1018.10757
G1 X136.199 Y113.558 E1018.13138
G1 X136.593 Y113.176 E1018.1542
G1 X136.851 Y113.016 E1018.16682
G1 X137.375 Y112.834 E1018.18988
G1 X137.7 Y112.799 E1018.20347
G1 X138.216 Y112.854 E1018.22505
G1 X138.556 Y112.973 E1018.24002
G1 X138.964 Y113.222 E1018.2599
G1 X139.201 Y113.442 E1018.27334
G1 X139.502 Y113.889 E1018.29575
G1 X139.686 Y114.463 E1018.32081
G1 X139.682 Y115.043 E1018.34492
G1 X139.532 Y115.546 E1018.36674
G1 X139.227 Y116.024 E1018.39032
G1 X138.771 Y116.418 E1018.41537
G1 X138.255 Y116.637 E1018.43868
G1 X137.725 Y116.699 E1018.46086
G1 X137.376 Y116.666 E1018.47544
G1 X136.87 Y116.495 E1018.49764
G1 X136.593 Y116.324 E1018.51118
G1 X136.205 Y115.946 E1018.5337
G1 X135.932 Y115.462 E1018.5568
G1 X135.807 Y114.927 E1018.57964
M204 S5000
M205 X30 Y30
G0 F7200 X135.806 Y114.727
G0 X135.104 Y114.727
G0 X136.283 Y104.189
G0 X136.565 Y102.21
G0 X137.174 Y102.551
M204 S3000
M205 X20 Y20
G1 F2040 X137.453 Y102.053 E1018.60337
G1 X137.863 Y101.661 E1018.62696
G1 X138.098 Y101.518 E1018.63839
G1 X138.614 Y101.337 E1018.66113
G1 X138.974 Y101.301 E1018.67617
G1 X139.475 Y101.357 E1018.69713
G1 X139.79 Y101.464 E1018.71096
G1 X140.257 Y101.755 E1018.73384
G1 X140.486 Y101.985 E1018.74733
G1 X140.752 Y102.389 E1018.76744
G1 X140.936 Y102.963 E1018.7925
G1 X140.932 Y103.543 E1018.81661
G1 X140.771 Y104.083 E1018.84004
G1 X140.429 Y104.577 E1018.86502
G1 X139.986 Y104.934 E1018.88868
G1 X139.46 Y105.146 E1018.91225
G1 X138.975 Y105.199 E1018.93254
G1 X138.626 Y105.166 E1018.94711
G1 X138.125 Y104.996 E1018.96911
G1 X137.845 Y104.825 E1018.98275
G1 X137.459 Y104.451 E1019.00509
G1 X137.175 Y103.945 E1019.02922
G1 X137.055 Y103.413 E1019.05189
G1 X137.054 Y103.114 E1019.06432
G1 X137.057 Y103.07 E1019.06616
G1 X137.174 Y102.551 E1019.08827
M204 S5000
M205 X30 Y30
G0 F7200 X137.271 Y102.377
G0 X136.662 Y102.036
G0 X136.283 Y100.518
G0 X135.104 Y95.614
G0 X135.804 Y95.614
M204 S3000
M205 X20 Y20
G1 F2040 X135.925 Y95.055 E1019.11205
G1 X136.201 Y94.555 E1019.1358
G1 X136.62 Y94.157 E1019.15982
G1 X136.848 Y94.018 E1019.17093
G1 X137.371 Y93.835 E1019.19396
G1 X137.683 Y93.8 E1019.20701
G1 X138.206 Y93.853 E1019.22887
G1 X138.558 Y93.974 E1019.24434
G1 X138.987 Y94.238 E1019.26529
G1 X139.237 Y94.485 E1019.2799
G1 X139.521 Y94.918 E1019.30143
G1 X139.686 Y95.467 E1019.32526
G1 X139.681 Y96.047 E1019.34937
G1 X139.522 Y96.579 E1019.37246
G1 X139.207 Y97.054 E1019.39616
G1 X138.766 Y97.421 E1019.42001
G1 X138.281 Y97.628 E1019.44193
G1 X137.725 Y97.699 E1019.46524
G1 X137.388 Y97.668 E1019.47931
G1 X136.897 Y97.505 E1019.50081
G1 X136.602 Y97.331 E1019.51505
G1 X136.203 Y96.944 E1019.53816
G1 X135.927 Y96.45 E1019.56169
G1 X135.805 Y95.916 E1019.58446
G1 X135.804 Y95.614 E1019.59702
M204 S5000
M205 X30 Y30
G0 F7200 X135.846 Y95.419
G0 X135.16 Y95.265
G0 X135.691 Y94.161
G0 X138.344 Y92.022
G0 X138.997 Y91.773
M204 S3000
M205 X20 Y20
G1 F2040 X138.816 Y91.298 E1019.61815
G1 X138.753 Y90.959 E1019.63249
G1 X138.75 Y89.5 E1019.69315
G1 X81.25 Y89.5 E1022.08372
G1 X81.25 Y90.91 E1022.14234
G1 X81.183 Y91.299 E1022.15875
G1 X81.001 Y91.776 E1022.17998
G1 X80.829 Y92.059 E1022.19374
G1 X80.462 Y92.459 E1022.21631
G1 X79.957 Y92.786 E1022.24133
G1 X79.18 Y93.098 E1022.27614
G1 X78.409 Y93.578 E1022.3139
G1 X77.829 Y94.069 E1022.34549
G1 X77.323 Y94.641 E1022.37724
G1 X77.109 Y94.943 E1022.39263
G1 X76.739 Y95.613 E1022.42445
G1 X76.465 Y96.34 E1022.45675
G1 X76.375 Y96.688 E1022.47169
G1 X76.251 Y97.54 E1022.50749
G1 X76.25 Y125.514 E1023.67051
G1 X76.308 Y126.027 E1023.69198
G1 X76.486 Y126.803 E1023.72508
G1 X76.612 Y127.161 E1023.74086
G1 X76.956 Y127.875 E1023.77381
G1 X77.399 Y128.525 E1023.80651
G1 X77.647 Y128.816 E1023.82241
G1 X78.226 Y129.352 E1023.85521
G1 X78.875 Y129.794 E1023.88785
G1 X79.589 Y130.138 E1023.9208
G1 X79.947 Y130.264 E1023.93658
G1 X80.722 Y130.442 E1023.96964
G1 X81.238 Y130.5 E1023.99123
G1 X138.762 Y130.5 E1026.3828
G1 X139.278 Y130.442 E1026.40439
G1 X140.053 Y130.264 E1026.43745
G1 X140.411 Y130.138 E1026.45323
G1 X141.125 Y129.794 E1026.48618
G1 X141.777 Y129.349 E1026.519
G1 X142.068 Y129.101 E1026.53489
G1 X142.604 Y128.522 E1026.5677
G1 X143.044 Y127.875 E1026.60023
G1 X143.388 Y127.16 E1026.63321
G1 X143.514 Y126.803 E1026.64895
G1 X143.692 Y126.028 E1026.68201
G1 X143.75 Y125.513 E1026.70356
G1 X143.75 Y97.536 E1027.86671
G1 X143.625 Y96.686 E1027.90243
G1 X143.535 Y96.34 E1027.91729
G1 X143.261 Y95.613 E1027.94959
G1 X142.889 Y94.942 E1027.98149
G1 X142.675 Y94.639 E1027.99691
G1 X142.169 Y94.067 E1028.02866
G1 X141.591 Y93.578 E1028.06014
G1 X140.83 Y93.105 E1028.09739
G1 X139.958 Y92.744 E1028.13663
G1 X139.538 Y92.459 E1028.15773
G1 X139.163 Y92.05 E1028.1808
G1 X138.997 Y91.773 E1028.19423
M204 S5000
M205 X30 Y30
G0 F7200 X138.926 Y91.586
G0 X138.272 Y91.835
G0 X82.302 Y98.345
G0 X80.896 Y97.972
G0 X79.974 Y96.974
G0 X80.319 Y96.047
M204 S3000
M205 X20 Y20
G1 F2040 X80.315 Y95.5 E1028.21697
G1 X80.32 Y95.447 E1028.21918
G1 X80.479 Y94.918 E1028.24215
G1 X80.763 Y94.485 E1028.26367
G1 X81.011 Y94.239 E1028.2782
G1 X81.444 Y93.973 E1028.29933
G1 X81.793 Y93.853 E1028.31467
G1 X82.276 Y93.801 E1028.33487
G1 X82.629 Y93.835 E1028.34961
G1 X83.152 Y94.018 E1028.37265
G1 X83.38 Y94.157 E1028.38375
G1 X83.799 Y94.555 E1028.40777
G1 X84.075 Y95.055 E1028.43152
G1 X84.195 Y95.587 E1028.45419
G1 X84.195 Y95.916 E1028.46787
G1 X84.075 Y96.451 E1028.49067
G1 X83.804 Y96.934 E1028.51369
G1 X83.413 Y97.319 E1028.5365
G1 X83.141 Y97.488 E1028.54982
G1 X82.639 Y97.662 E1028.57191
G1 X82.323 Y97.7 E1028.58514
G1 X81.751 Y97.642 E1028.60904
G1 X81.231 Y97.419 E1028.63257
G1 X80.793 Y97.054 E1028.65627
G1 X80.478 Y96.579 E1028.67997
G1 X80.319 Y96.047 E1028.70305
M204 S5000
M205 X30 Y30
G0 F7200 X80.318 Y95.847
G0 X79.615 Y95.847
G0 X78.426 Y102.872
G0 X79.068 Y103.543
M204 S3000
M205 X20 Y20
G1 F2040 X79.065 Y103.001 E1028.72558
G1 X79.075 Y102.928 E1028.72865
G1 X79.248 Y102.389 E1028.75218
G1 X79.513 Y101.985 E1028.77227
G1 X79.743 Y101.755 E1028.78579
G1 X80.21 Y101.464 E1028.80867
G1 X80.525 Y101.356 E1028.82251
G1 X81.043 Y101.3 E1028.84418
G1 X81.386 Y101.337 E1028.85852
G1 X81.858 Y101.497 E1028.87924
G1 X82.137 Y101.661 E1028.89269
G1 X82.547 Y102.053 E1028.91628
G1 X82.826 Y102.551 E1028.94001
G1 X82.945 Y103.086 E1028.9628
G1 X82.945 Y103.413 E1028.97639
G1 X82.825 Y103.945 E1028.99906
G1 X82.541 Y104.451 E1029.02319
G1 X82.155 Y104.825 E1029.04553
G1 X81.895 Y104.986 E1029.05825
G1 X81.374 Y105.166 E1029.08117
G1 X81.074 Y105.2 E1029.09372
G1 X80.502 Y105.142 E1029.11762
G1 X80.014 Y104.934 E1029.13968
G1 X79.571 Y104.577 E1029.16333
G1 X79.229 Y104.083 E1029.18831
G1 X79.068 Y103.543 E1029.21174
M204 S5000
M205 X30 Y30
G0 F7200 X79.067 Y103.343
G0 X78.365 Y103.343
G0 X79.657 Y114.227
G0 X80.325 Y114.428
M204 S3000
M205 X20 Y20
G1 F2040 X80.498 Y113.889 E1029.23527
G1 X80.799 Y113.442 E1029.25768
G1 X81.036 Y113.222 E1029.27112
G1 X81.444 Y112.973 E1029.29099
G1 X81.784 Y112.855 E1029.30595
G1 X82.276 Y112.801 E1029.32653
G1 X82.625 Y112.834 E1029.34111
G1 X83.127 Y113.005 E1029.36316
G1 X83.407 Y113.176 E1029.3768
G1 X83.788 Y113.545 E1029.39885
G1 X84.08 Y114.07 E1029.42382
G1 X84.194 Y114.579 E1029.44551
G1 X84.195 Y114.913 E1029.4594
G1 X84.068 Y115.462 E1029.48282
G1 X83.797 Y115.947 E1029.50592
G1 X83.407 Y116.324 E1029.52847
G1 X83.149 Y116.484 E1029.54109
G1 X82.624 Y116.666 E1029.5642
G1 X82.325 Y116.7 E1029.57671
G1 X81.745 Y116.637 E1029.60096
G1 X81.264 Y116.434 E1029.62267
G1 X80.821 Y116.077 E1029.64632
G1 X80.479 Y115.583 E1029.6713
G1 X80.318 Y115.043 E1029.69473
G1 X80.315 Y114.501 E1029.71726
G1 X80.325 Y114.428 E1029.72033
M204 S5000
M205 X30 Y30
G0 F7200 X80.386 Y114.238
G0 X79.715 Y114.036
G0 X78.365 Y125.969
G0 X79.066 Y125.969
M204 S3000
M205 X20 Y20
G1 F2040 X79.228 Y125.419 E1029.74416
G1 X79.513 Y124.985 E1029.76575
G1 X79.743 Y124.755 E1029.77927
G1 X80.194 Y124.473 E1029.80139
G1 X80.553 Y124.352 E1029.81714
G1 X81.026 Y124.301 E1029.83692
G1 X81.374 Y124.334 E1029.85145
G1 X81.875 Y124.504 E1029.87345
G1 X82.155 Y124.675 E1029.88709
G1 X82.541 Y125.049 E1029.90943
G1 X82.825 Y125.556 E1029.93359
G1 X82.94 Y126.059 E1029.95504
G1 X82.946 Y126.386 E1029.96864
G1 X82.826 Y126.948 E1029.99253
G1 X82.567 Y127.413 E1030.01466
G1 X82.174 Y127.809 E1030.03786
G1 X81.881 Y127.995 E1030.05229
G1 X81.36 Y128.169 E1030.07512
G1 X81.069 Y128.2 E1030.08729
G1 X80.519 Y128.142 E1030.11028
G1 X80.216 Y128.039 E1030.12359
G1 X79.776 Y127.771 E1030.14501
G1 X79.513 Y127.515 E1030.16027
G1 X79.218 Y127.046 E1030.1833
G1 X79.066 Y126.527 E1030.20578
G1 X79.066 Y125.969 E1030.22898
M204 S5000
M205 X30 Y30
G0 F7200 X79.122 Y125.778
G0 X78.453 Y125.576
G0 X78.091 Y126.743
M204 S3000
M205 X20 Y20
;TYPE:SKIN
G1 F1459.1 X78.089 Y125.865 E1030.26651
G1 F1500 X78.099 Y125.791 E1030.26961
G1 X78.295 Y125.145 E1030.29768
G1 X78.439 Y124.843 E1030.31159
G1 X78.856 Y124.252 E1030.34166
G1 X79.286 Y123.884 E1030.36519
G1 X79.892 Y123.544 E1030.39408
G1 X80.405 Y123.388 E1030.41637
G1 X81.031 Y123.325 E1030.44253
G1 X81.563 Y123.377 E1030.46475
G1 X82.29 Y123.618 E1030.4966
G1 X82.769 Y123.913 E1030.51998
G1 X83.345 Y124.478 E1030.55353
G1 X83.727 Y125.163 E1030.58614
G1 X83.925 Y125.982 E1030.62117
G1 X83.891 Y126.657 E1030.64927
G1 X83.768 Y127.185 E1030.67181
G1 X83.4 Y127.918 E1030.70591
G1 X83.201 Y128.172 E1030.71932
G1 X82.822 Y128.535 E1030.74114
G1 X82.312 Y128.883 E1030.76681
G1 F1572.3 X81.556 Y129.1 E1030.79801
G1 F1736.1 X81.055 Y129.136 E1030.81605
G1 F1913.3 X80.297 Y129.028 E1030.841
G1 F2054.8 X79.843 Y128.862 E1030.85568
G1 F2083.3 X79.262 Y128.521 E1030.87584
G1 F1994.7 X78.886 Y128.19 E1030.8915
G1 F1875 X78.479 Y127.674 E1030.91336
G1 F1696.8 X78.296 Y127.319 E1030.92804
G1 F1500 X78.091 Y126.743 E1030.95346
M204 S5000
M205 X30 Y30
G0 F7200 X79.532 Y115.82
M204 S3000
M205 X20 Y20
G1 F1500 X79.357 Y115.214 E1030.97968
G1 X79.34 Y114.512 E1031.00888
G1 X79.396 Y114.129 E1031.02497
G1 X79.67 Y113.37 E1031.05852
G1 X80.106 Y112.753 E1031.08993
G1 X80.528 Y112.389 E1031.1131
G1 X80.973 Y112.122 E1031.13467
G1 X81.56 Y111.905 E1031.16069
G1 X82.307 Y111.815 E1031.19197
G1 X82.853 Y111.886 E1031.21487
G1 X83.537 Y112.118 E1031.24489
G1 X84.006 Y112.393 E1031.2675
G1 X84.586 Y112.972 E1031.30157
G1 X84.998 Y113.702 E1031.33642
G1 X85.159 Y114.431 E1031.36746
G1 X85.17 Y114.957 E1031.38933
G1 X85.007 Y115.775 E1031.42401
G1 X84.576 Y116.551 E1031.46091
G1 X84.02 Y117.083 E1031.49291
G1 X83.541 Y117.382 E1031.51638
G1 X82.937 Y117.591 E1031.54295
G1 X82.293 Y117.675 E1031.56996
G1 X81.489 Y117.589 E1031.60357
G1 X80.884 Y117.333 E1031.63088
G1 X80.577 Y117.143 E1031.6459
G1 X80.171 Y116.803 E1031.66791
G1 X79.979 Y116.589 E1031.67986
G1 X79.671 Y116.124 E1031.70305
G1 X79.532 Y115.82 E1031.71695
M204 S5000
M205 X30 Y30
G0 F7200 X78.011 Y103.71
M204 S3000
M205 X20 Y20
G1 F1173.7 X77.999 Y103.013 E1031.75399
G1 F1080.7 X78.032 Y102.664 E1031.77422
G1 F1098.1 X78.066 Y102.619 E1031.77742
G1 F1293.1 X78.439 Y101.843 E1031.81895
G1 F1500 X78.839 Y101.277 E1031.84776
G1 X79.241 Y100.916 E1031.87022
G1 X79.761 Y100.598 E1031.89556
G1 X80.34 Y100.393 E1031.9211
G1 X81.019 Y100.323 E1031.94948
G1 X81.621 Y100.392 E1031.97467
G1 X82.285 Y100.612 E1032.00375
G1 X82.76 Y100.898 E1032.02681
G1 X83.347 Y101.488 E1032.06141
G1 X83.74 Y102.186 E1032.09471
G1 X83.905 Y102.905 E1032.12538
G1 X83.92 Y103.539 E1032.15175
G1 X83.728 Y104.336 E1032.18583
G1 X83.318 Y105.059 E1032.22039
G1 X82.782 Y105.571 E1032.2512
G1 X82.281 Y105.886 E1032.27581
G1 X81.622 Y106.109 E1032.30473
G1 X81.058 Y106.175 E1032.32834
G1 X80.395 Y106.109 E1032.35604
G1 X80.087 Y106.025 E1032.36931
G1 X79.634 Y105.833 E1032.38977
G1 X79.327 Y105.643 E1032.40478
G1 X78.948 Y105.328 E1032.42527
G1 X78.729 Y105.091 E1032.43868
G1 X78.421 Y104.624 E1032.46194
G1 F1431.3 X78.216 Y104.167 E1032.48376
G1 F1311.2 X78.011 Y103.71 E1032.50759
M204 S5000
M205 X30 Y30
G0 F7200 X79.063 Y104.986
G0 X80.21 Y105.709
G0 X134.832 Y114.462
M204 S3000
M205 X20 Y20
G1 F1500 X135.005 Y113.706 E1032.53983
G1 X135.424 Y112.945 E1032.57595
G1 X135.978 Y112.421 E1032.60765
G1 X136.458 Y112.119 E1032.63123
G1 X137.159 Y111.874 E1032.6621
G1 X137.685 Y111.824 E1032.68407
G1 X138.398 Y111.895 E1032.71386
G1 X138.859 Y112.045 E1032.73401
G1 X139.506 Y112.414 E1032.76498
G1 X139.886 Y112.746 E1032.78596
G1 X140.331 Y113.373 E1032.81792
G1 X140.604 Y114.129 E1032.85134
G1 X140.659 Y114.468 E1032.86562
G1 X140.643 Y115.216 E1032.89673
G1 X140.454 Y115.857 E1032.92451
G1 X140.311 Y116.156 E1032.93829
G1 X140.021 Y116.589 E1032.95996
G1 X139.802 Y116.828 E1032.97343
G1 X139.423 Y117.143 E1032.99392
G1 X139.115 Y117.332 E1033.00895
G1 X138.469 Y117.598 E1033.03799
G1 X137.736 Y117.675 E1033.06863
G1 X137.147 Y117.614 E1033.09325
G1 X136.461 Y117.381 E1033.12337
G1 X136.002 Y117.099 E1033.14577
G1 X135.449 Y116.569 E1033.17761
G1 X135.01 Y115.82 E1033.21371
G1 X134.833 Y115.048 E1033.24664
G1 X134.83 Y114.498 E1033.2695
G1 X134.832 Y114.462 E1033.271
M204 S5000
M205 X30 Y30
G0 F7200 X136.079 Y103.519
M204 S3000
M205 X20 Y20
G1 F1500 X136.093 Y102.922 E1033.29583
G1 X136.247 Y102.221 E1033.32567
G1 X136.673 Y101.458 E1033.362
G1 X137.229 Y100.911 E1033.39443
G1 X137.699 Y100.623 E1033.41735
G1 X138.356 Y100.395 E1033.44626
G1 X138.961 Y100.325 E1033.47158
G1 X139.664 Y100.393 E1033.50094
G1 X140.242 Y100.598 E1033.52644
G1 X140.86 Y100.974 E1033.55651
G1 X141.276 Y101.417 E1033.58178
G1 X141.567 Y101.853 E1033.60357
G1 F1304.3 X141.924 Y102.605 E1033.64337
G1 F1104.6 X141.967 Y102.662 E1033.6474
G1 F1076 X142 Y102.953 E1033.66438
G1 F1170 X141.989 Y103.71 E1033.70473
G1 F1368.6 X141.58 Y104.621 E1033.75023
G1 F1500 X141.271 Y105.09 E1033.77358
G1 X141.052 Y105.328 E1033.78703
G1 X140.673 Y105.643 E1033.80752
G1 X140.4 Y105.815 E1033.82093
G1 X139.592 Y106.115 E1033.85677
G1 X138.837 Y106.171 E1033.88824
G1 X138.399 Y106.115 E1033.9066
G1 X137.715 Y105.884 E1033.93662
G1 X137.231 Y105.587 E1033.96022
G1 X136.653 Y105.021 E1033.99386
G1 X136.251 Y104.284 E1034.02876
G1 X136.085 Y103.565 E1034.05944
G1 X136.079 Y103.519 E1034.06137
M204 S5000
M205 X30 Y30
G0 F7200 X136.571 Y102.321
G0 X139.942 Y97.714
M204 S3000
M205 X20 Y20
G1 F1500 X139.267 Y98.266 E1034.09762
G1 X138.499 Y98.593 E1034.13232
G1 X137.724 Y98.68 E1034.16475
G1 X137.19 Y98.626 E1034.18706
G1 X136.451 Y98.383 E1034.2194
G1 X135.981 Y98.091 E1034.24241
G1 X135.414 Y97.536 E1034.27539
G1 X135.004 Y96.794 E1034.31064
G1 X134.836 Y96.064 E1034.34178
G1 X134.839 Y95.462 E1034.36681
G1 X134.973 Y94.84 E1034.39326
G1 X135.088 Y94.546 E1034.40639
G1 X135.33 Y94.113 E1034.42701
G1 X135.551 Y93.827 E1034.44204
G1 X135.928 Y93.466 E1034.46374
G1 X136.424 Y93.125 E1034.48876
G1 X137.111 Y92.894 E1034.5189
G1 X137.694 Y92.817 E1034.54335
G1 X138.607 Y92.916 E1034.58153
G1 X138.325 Y92.552 E1034.60067
G1 X138.087 Y92.125 E1034.62099
G1 X137.872 Y91.544 E1034.64675
G1 X137.779 Y91.055 E1034.66745
G1 X137.775 Y90.475 E1034.69156
G1 X82.225 Y90.475 E1037.00106
G1 X82.222 Y90.947 E1037.02068
G1 X82.127 Y91.551 E1037.0461
G1 X81.869 Y92.239 E1037.07665
G1 X81.393 Y92.918 E1037.11113
G1 X82.302 Y92.817 E1037.14915
G1 X82.852 Y92.884 E1037.17219
G1 X83.578 Y93.127 E1037.20402
G1 X84.071 Y93.465 E1037.22887
G1 X84.449 Y93.827 E1037.25063
G1 X84.67 Y94.113 E1037.26566
G1 X85.01 Y94.747 E1037.29557
G1 X85.161 Y95.459 E1037.32582
G1 X85.164 Y96.026 E1037.3494
G1 X84.999 Y96.793 E1037.38202
G1 X84.578 Y97.54 E1037.41767
G1 X84.04 Y98.066 E1037.44895
G1 X83.552 Y98.382 E1037.47312
G1 X82.82 Y98.625 E1037.50518
G1 X82.306 Y98.684 E1037.52669
G1 X81.508 Y98.598 E1037.56006
G1 X80.711 Y98.257 E1037.5961
G1 X80.061 Y97.714 E1037.63132
G1 X79.584 Y96.997 E1037.66712
G1 X79.362 Y96.236 E1037.70008
G1 X79.336 Y95.339 E1037.73739
G1 X79.546 Y94.643 E1037.76761
G1 X79.684 Y94.35 E1037.78108
G1 X79.999 Y93.856 E1037.80543
G1 X79.619 Y93.972 E1037.82195
G1 X78.985 Y94.37 E1037.85307
G1 X78.511 Y94.769 E1037.87883
G1 X78.001 Y95.344 E1037.91079
G1 X77.628 Y96.022 E1037.94296
G1 X77.348 Y96.773 E1037.97628
G1 X77.226 Y97.613 E1038.01157
G1 X77.226 Y102.021 E1038.19484
G1 F1243.8 X77.33 Y102.614 E1038.22502
G1 F1080.7 X77.317 Y103.02 E1038.24846
G1 F1090.1 X77.323 Y103.79 E1038.29251
G1 F1256.3 X77.226 Y104.471 E1038.32666
G1 F1500 X77.225 Y125.46 E1039.19928
G1 X77.271 Y125.862 E1039.2161
G1 F1482.2 X77.46 Y126.664 E1039.25077
G1 F1494 X77.79 Y127.371 E1039.28334
G1 F1569 X78.183 Y128.019 E1039.31346
G1 F1712.3 X78.753 Y128.6 E1039.3431
G1 F1918.2 X79.331 Y129.002 E1039.36599
G1 F1963.4 X80.106 Y129.37 E1039.39324
G1 F1879.7 X80.88 Y129.526 E1039.41944
G1 F1785.7 X81.291 Y129.558 E1039.43384
G1 F1663 X81.835 Y129.541 E1039.45425
G1 F1552.8 X82.379 Y129.524 E1039.47611
G1 F1500 X137.755 Y129.524 E1041.77837
G1 F1602.6 X138.708 Y129.557 E1041.81548
G1 F1781.5 X139.112 Y129.527 E1041.82966
G1 F1933 X139.783 Y129.39 E1041.85176
G1 F2021.6 X140.088 Y129.283 E1041.86173
G1 F1963.4 X140.76 Y128.957 E1041.88545
G1 F1851.9 X141.365 Y128.511 E1041.91076
G1 F1756.4 X141.864 Y127.931 E1041.93793
G1 F1641.1 X142.205 Y127.392 E1041.96216
G1 F1536.9 X142.543 Y126.665 E1041.9947
G1 F1500 X142.729 Y125.862 E1042.02897
G1 X142.775 Y125.457 E1042.04591
G1 X142.775 Y104.474 E1042.91828
G1 F1256.3 X142.678 Y103.789 E1042.95263
G1 F1090.1 X142.684 Y103.005 E1042.99748
G1 F1126.1 X142.7 Y102.471 E1043.02706
G1 F1304.3 X142.775 Y101.702 E1043.06401
G1 F1500 X142.775 Y97.605 E1043.23434
G1 X142.652 Y96.772 E1043.26935
G1 X142.373 Y96.023 E1043.30258
G1 X141.996 Y95.342 E1043.33494
G1 X141.485 Y94.764 E1043.36701
G1 X141.017 Y94.37 E1043.39245
G1 X140.387 Y93.979 E1043.42327
G1 X139.98 Y93.834 E1043.44124
G1 X140.317 Y94.351 E1043.46689
G1 X140.454 Y94.64 E1043.48019
G1 X140.665 Y95.343 E1043.51071
G1 X140.642 Y96.232 E1043.54768
G1 X140.42 Y96.986 E1043.58036
G1 X139.942 Y97.714 E1043.61657
M204 S5000
M205 X30 Y30
G0 F7200 X141.574 Y102.872
G0 X141.356 Y104.353
G0 X135.691 Y113.161
G0 X135.165 Y114.518
G0 X136.083 Y126.434
M204 S3000
M205 X20 Y20
G1 F1500 X136.079 Y126.375 E1043.61902
G1 X136.112 Y125.833 E1043.6416
G1 X136.302 Y125.117 E1043.6724
G1 X136.682 Y124.44 E1043.70468
G1 X137.24 Y123.907 E1043.73676
G1 X137.687 Y123.625 E1043.75873
G1 X138.405 Y123.383 E1043.79023
G1 X138.861 Y123.327 E1043.80933
G1 X139.709 Y123.396 E1043.8447
G1 X140.281 Y123.624 E1043.8703
G1 X140.927 Y124.044 E1043.90234
G1 X141.302 Y124.45 E1043.92532
G1 X141.567 Y124.853 E1043.94537
G1 X141.713 Y125.169 E1043.95984
G1 X141.914 Y125.821 E1043.98821
G1 X141.905 Y126.647 E1044.02255
G1 F1552.8 X141.703 Y127.314 E1044.05054
G1 F1652 X141.555 Y127.605 E1044.06287
G1 F1807.2 X141.146 Y128.164 E1044.08677
G1 F1994.7 X140.735 Y128.524 E1044.10385
G1 F2095 X140.176 Y128.854 E1044.12317
G1 F2066.1 X139.692 Y129.03 E1044.13872
G1 F1933 X139.071 Y129.123 E1044.15898
G1 F1748.3 X138.501 Y129.108 E1044.17932
G1 F1575.6 X137.844 Y128.932 E1044.20624
G1 F1500 X137.351 Y128.672 E1044.22941
G1 X136.775 Y128.145 E1044.26187
G1 X136.574 Y127.876 E1044.27583
G1 X136.218 Y127.156 E1044.30922
G1 X136.083 Y126.434 E1044.33976
M204 S5000
M205 X30 Y30
G0 F7200 X135.165 Y114.518
G0 X135.165 Y95.518
G0 X137.394 Y90.725
M204 S3000
M205 X20 Y20
G1 F1500 X137.527 Y90.858 E1044.34758
M204 S5000
M205 X30 Y30
G0 F7200 X136.687 Y90.725
M204 S3000
M205 X20 Y20
G1 F1500 X137.664 Y91.702 E1044.40502
M204 S5000
M205 X30 Y30
G0 F7200 X137.835 Y92.58
M204 S3000
M205 X20 Y20
G1 F1500 X135.98 Y90.725 E1044.51409
M204 S5000
M205 X30 Y30
G0 F7200 X135.273 Y90.725
M204 S3000
M205 X20 Y20
G1 F1500 X137.176 Y92.628 E1044.62598
M204 S5000
M205 X30 Y30
G0 F7200 X136.631 Y92.79
M204 S3000
M205 X20 Y20
G1 F1500 X134.565 Y90.725 E1044.74742
M204 S5000
M205 X30 Y30
G0 F7200 X133.858 Y90.725
M204 S3000
M205 X20 Y20
G1 F1500 X136.144 Y93.011 E1044.88183
M204 S5000
M205 X30 Y30
G0 F7200 X135.734 Y93.307
M204 S3000
M205 X20 Y20
G1 F1500 X133.151 Y90.725 E1045.03367
M204 S5000
M205 X30 Y30
G0 F7200 X132.444 Y90.725
M204 S3000
M205 X20 Y20
G1 F1500 X135.372 Y93.652 E1045.2058
M204 S5000
M205 X30 Y30
G0 F7200 X135.073 Y94.061
M204 S3000
M205 X20 Y20
G1 F1500 X131.737 Y90.725 E1045.40194
M204 S5000
M205 X30 Y30
G0 F7200 X131.03 Y90.725
M204 S3000
M205 X20 Y20
G1 F1500 X134.826 Y94.521 E1045.62513
M204 S5000
M205 X30 Y30
G0 F7200 X134.665 Y95.067
M204 S3000
M205 X20 Y20
G1 F1500 X130.323 Y90.725 E1045.88042
M204 S5000
M205 X30 Y30
G0 F7200 X129.616 Y90.725
M204 S3000
M205 X20 Y20
G1 F1500 X134.585 Y95.694 E1046.17258
M204 S5000
M205 X30 Y30
G0 F7200 X134.679 Y96.496
M204 S3000
M205 X20 Y20
G1 F1500 X128.909 Y90.725 E1046.51186
M204 S5000
M205 X30 Y30
G0 F7200 X128.201 Y90.725
M204 S3000
M205 X20 Y20
G1 F1500 X137.796 Y100.32 E1047.07601
M204 S5000
M205 X30 Y30
G0 F7200 X137.323 Y100.554
M204 S3000
M205 X20 Y20
G1 F1500 X127.494 Y90.725 E1047.65392
M204 S5000
M205 X30 Y30
G0 F7200 X126.787 Y90.725
M204 S3000
M205 X20 Y20
G1 F1500 X136.922 Y100.859 E1048.24979
M204 S5000
M205 X30 Y30
G0 F7200 X136.563 Y101.208
M204 S3000
M205 X20 Y20
G1 F1500 X126.08 Y90.725 E1048.86615
M204 S5000
M205 X30 Y30
G0 F7200 X125.373 Y90.725
M204 S3000
M205 X20 Y20
G1 F1500 X136.285 Y101.637 E1049.50774
M204 S5000
M205 X30 Y30
G0 F7200 X136.029 Y102.088
M204 S3000
M205 X20 Y20
G1 F1500 X124.666 Y90.725 E1050.17584
M204 S5000
M205 X30 Y30
G0 F7200 X123.959 Y90.725
M204 S3000
M205 X20 Y20
G1 F1500 X135.896 Y102.662 E1050.87769
M204 S5000
M205 X30 Y30
G0 F7200 X135.833 Y103.306
M204 S3000
M205 X20 Y20
G1 F1500 X123.252 Y90.725 E1051.6174
M204 S5000
M205 X30 Y30
G0 F7200 X122.545 Y90.725
M204 S3000
M205 X20 Y20
G1 F1500 X135.96 Y104.14 E1052.40615
G1 X136.048 Y104.228
M204 S5000
M205 X30 Y30
G0 F7200 X138.095 Y106.275
M204 S3000
M205 X20 Y20
G1 F1500 X142.524 Y110.704 E1052.66656
M204 S5000
M205 X30 Y30
G0 F7200 X142.524 Y111.411
M204 S3000
M205 X20 Y20
G1 F1500 X121.838 Y90.725 E1053.88282
M204 S5000
M205 X30 Y30
G0 F7200 X121.13 Y90.725
M204 S3000
M205 X20 Y20
G1 F1500 X142.524 Y112.118 E1055.14067
M204 S5000
M205 X30 Y30
G0 F7200 X142.524 Y112.825
M204 S3000
M205 X20 Y20
G1 F1500 X120.423 Y90.725 E1056.4401
M204 S5000
M205 X30 Y30
G0 F7200 X119.716 Y90.725
M204 S3000
M205 X20 Y20
G1 F1500 X142.524 Y113.533 E1057.78112
M204 S5000
M205 X30 Y30
G0 F7200 X142.524 Y114.24
M204 S3000
M205 X20 Y20
G1 F1500 X119.009 Y90.725 E1059.16371
M204 S5000
M205 X30 Y30
G0 F7200 X118.302 Y90.725
M204 S3000
M205 X20 Y20
G1 F1500 X142.524 Y114.947 E1060.58787
M204 S5000
M205 X30 Y30
G0 F7200 X142.524 Y115.654
M204 S3000
M205 X20 Y20
G1 F1500 X140.794 Y113.924 E1060.68959
M204 S5000
M205 X30 Y30
G0 F7200 X140.903 Y114.74
M204 S3000
M205 X20 Y20
G1 F1500 X142.524 Y116.361 E1060.7849
M204 S5000
M205 X30 Y30
G0 F7200 X142.524 Y117.068
M204 S3000
M205 X20 Y20
G1 F1500 X140.849 Y115.393 E1060.88338
M204 S5000
M205 X30 Y30
G0 F7200 X140.689 Y115.94
M204 S3000
M205 X20 Y20
G1 F1500 X142.524 Y117.775 E1060.99127
M204 S5000
M205 X30 Y30
G0 F7200 X142.524 Y118.482
M204 S3000
M205 X20 Y20
G1 F1500 X140.444 Y116.402 E1061.11357
M204 S5000
M205 X30 Y30
G0 F7200 X140.149 Y116.815
M204 S3000
M205 X20 Y20
G1 F1500 X142.524 Y119.189 E1061.25318
M204 S5000
M205 X30 Y30
G0 F7200 X142.524 Y119.897
M204 S3000
M205 X20 Y20
G1 F1500 X139.79 Y117.162 E1061.41396
M204 S5000
M205 X30 Y30
G0 F7200 X139.382 Y117.462
M204 S3000
M205 X20 Y20
G1 F1500 X142.524 Y120.604 E1061.5987
M204 S5000
M205 X30 Y30
G0 F7200 X142.524 Y121.311
M204 S3000
M205 X20 Y20
G1 F1500 X138.904 Y117.69 E1061.81157
M204 S5000
M205 X30 Y30
G0 F7200 X138.367 Y117.861
M204 S3000
M205 X20 Y20
G1 F1500 X142.524 Y122.018 E1062.05598
M204 S5000
M205 X30 Y30
G0 F7200 X142.524 Y122.725
M204 S3000
M205 X20 Y20
G1 F1500 X137.728 Y117.929 E1062.33797
M204 S5000
M205 X30 Y30
G0 F7200 X136.877 Y117.785
M204 S3000
M205 X20 Y20
G1 F1500 X142.524 Y123.432 E1062.66999
M204 S5000
M205 X30 Y30
G0 F7200 X142.524 Y124.139
M204 S3000
M205 X20 Y20
G1 F1500 X109.109 Y90.724 E1064.63467
M204 S5000
M205 X30 Y30
G0 F7200 X108.402 Y90.724
M204 S3000
M205 X20 Y20
G1 F1500 X142.524 Y124.846 E1066.64091
M204 S5000
M205 X30 Y30
G0 F7200 X141.851 Y124.88
M204 S3000
M205 X20 Y20
G1 F1500 X142.513 Y125.542 E1066.67983
M204 S5000
M205 X30 Y30
G0 F7200 X142.158 Y125.895
M204 S3000
M205 X20 Y20
G1 F1500 X142.407 Y126.143 E1066.69444
M204 S5000
M205 X30 Y30
G0 F7200 X142.153 Y126.596
M204 S3000
M205 X20 Y20
G1 F1500 X142.25 Y126.694 E1066.70018
M204 S5000
M205 X30 Y30
G0 F7200 X140.355 Y123.385
M204 S3000
M205 X20 Y20
G1 F1500 X107.695 Y90.724 E1068.62049
M204 S5000
M205 X30 Y30
G0 F7200 X106.988 Y90.724
M204 S3000
M205 X20 Y20
G1 F1500 X139.382 Y123.118 E1070.52513
M204 S5000
M205 X30 Y30
G0 F7200 X138.656 Y123.1
M204 S3000
M205 X20 Y20
G1 F1500 X106.28 Y90.724 E1072.42872
M204 S5000
M205 X30 Y30
G0 F7200 X105.573 Y90.724
M204 S3000
M205 X20 Y20
G1 F1500 X138.077 Y123.228 E1074.33983
M204 S5000
M205 X30 Y30
G0 F7200 X137.553 Y123.411
M204 S3000
M205 X20 Y20
G1 F1500 X104.866 Y90.724 E1076.2617
M204 S5000
M205 X30 Y30
G0 F7200 X104.159 Y90.724
M204 S3000
M205 X20 Y20
G1 F1500 X137.121 Y123.686 E1078.19974
M204 S5000
M205 X30 Y30
G0 F7200 X136.753 Y124.025
M204 S3000
M205 X20 Y20
G1 F1500 X103.452 Y90.724 E1080.15771
M204 S5000
M205 X30 Y30
G0 F7200 X102.745 Y90.724
M204 S3000
M205 X20 Y20
G1 F1500 X136.416 Y124.395 E1082.13743
M204 S5000
M205 X30 Y30
G0 F7200 X136.163 Y124.849
M204 S3000
M205 X20 Y20
G1 F1500 X102.038 Y90.724 E1084.14385
M204 S5000
M205 X30 Y30
G0 F7200 X101.331 Y90.724
M204 S3000
M205 X20 Y20
G1 F1500 X135.975 Y125.369 E1086.18082
M204 S5000
M205 X30 Y30
G0 F7200 X135.856 Y125.956
M204 S3000
M205 X20 Y20
G1 F1500 X100.624 Y90.724 E1088.25232
M204 S5000
M205 X30 Y30
G0 F7200 X99.917 Y90.724
M204 S3000
M205 X20 Y20
G1 F1500 X135.874 Y126.681 E1090.36646
G1 X135.962 Y126.769
M204 S5000
M205 X30 Y30
G0 F7200 X136.229 Y127.743
M204 S3000
M205 X20 Y20
G1 F1500 X99.209 Y90.724 E1092.54306
M204 S5000
M205 X30 Y30
G0 F7200 X98.502 Y90.724
M204 S3000
M205 X20 Y20
G1 F1500 X137.052 Y129.273 E1094.80962
M204 S5000
M205 X30 Y30
G0 F7200 X137.534 Y129.049
M204 S3000
M205 X20 Y20
G1 F1500 X137.759 Y129.274 E1094.82285
M204 S5000
M205 X30 Y30
G0 F7200 X136.345 Y129.273
M204 S3000
M205 X20 Y20
G1 F1500 X97.795 Y90.724 E1097.08942
M204 S5000
M205 X30 Y30
G0 F7200 X97.088 Y90.724
M204 S3000
M205 X20 Y20
G1 F1500 X135.637 Y129.273 E1099.35595
M204 S5000
M205 X30 Y30
G0 F7200 X134.93 Y129.273
M204 S3000
M205 X20 Y20
G1 F1500 X96.381 Y90.724 E1101.62248
M204 S5000
M205 X30 Y30
G0 F7200 X95.674 Y90.724
M204 S3000
M205 X20 Y20
G1 F1500 X134.223 Y129.273 E1103.88902
M204 S5000
M205 X30 Y30
G0 F7200 X133.516 Y129.273
M204 S3000
M205 X20 Y20
G1 F1500 X94.967 Y90.724 E1106.15555
M204 S5000
M205 X30 Y30
G0 F7200 X94.26 Y90.724
M204 S3000
M205 X20 Y20
G1 F1500 X132.809 Y129.273 E1108.42208
M204 S5000
M205 X30 Y30
G0 F7200 X132.102 Y129.273
M204 S3000
M205 X20 Y20
G1 F1500 X93.553 Y90.724 E1110.68862
M204 S5000
M205 X30 Y30
G0 F7200 X92.845 Y90.724
M204 S3000
M205 X20 Y20
G1 F1500 X131.395 Y129.273 E1112.95518
M204 S5000
M205 X30 Y30
G0 F7200 X130.688 Y129.273
M204 S3000
M205 X20 Y20
G1 F1500 X92.138 Y90.724 E1115.22174
M204 S5000
M205 X30 Y30
G0 F7200 X91.431 Y90.724
M204 S3000
M205 X20 Y20
G1 F1500 X129.981 Y129.273 E1117.48831
M204 S5000
M205 X30 Y30
G0 F7200 X129.273 Y129.273
M204 S3000
M205 X20 Y20
G1 F1500 X90.724 Y90.724 E1119.75484
M204 S5000
M205 X30 Y30
G0 F7200 X90.017 Y90.724
M204 S3000
M205 X20 Y20
G1 F1500 X128.566 Y129.273 E1122.02137
M204 S5000
M205 X30 Y30
G0 F7200 X127.859 Y129.273
M204 S3000
M205 X20 Y20
G1 F1500 X89.31 Y90.724 E1124.28791
M204 S5000
M205 X30 Y30
G0 F7200 X88.603 Y90.724
M204 S3000
M205 X20 Y20
G1 F1500 X127.152 Y129.273 E1126.55444
M204 S5000
M205 X30 Y30
G0 F7200 X126.445 Y129.273
M204 S3000
M205 X20 Y20
G1 F1500 X87.896 Y90.724 E1128.82097
M204 S5000
M205 X30 Y30
G0 F7200 X87.189 Y90.724
M204 S3000
M205 X20 Y20
G1 F1500 X125.738 Y129.273 E1131.08751
M204 S5000
M205 X30 Y30
G0 F7200 X125.031 Y129.273
M204 S3000
M205 X20 Y20
G1 F1500 X86.481 Y90.724 E1133.35407
M204 S5000
M205 X30 Y30
G0 F7200 X85.774 Y90.724
M204 S3000
M205 X20 Y20
G1 F1500 X124.324 Y129.273 E1135.62063
M204 S5000
M205 X30 Y30
G0 F7200 X123.617 Y129.273
M204 S3000
M205 X20 Y20
G1 F1500 X85.067 Y90.724 E1137.88719
M204 S5000
M205 X30 Y30
G0 F7200 X84.36 Y90.724
M204 S3000
M205 X20 Y20
G1 F1500 X122.91 Y129.273 E1140.15376
M204 S5000
M205 X30 Y30
G0 F7200 X122.202 Y129.273
M204 S3000
M205 X20 Y20
G1 F1500 X83.653 Y90.724 E1142.42029
M204 S5000
M205 X30 Y30
G0 F7200 X82.946 Y90.724
M204 S3000
M205 X20 Y20
G1 F1500 X121.495 Y129.273 E1144.68682
M204 S5000
M205 X30 Y30
G0 F7200 X120.788 Y129.273
M204 S3000
M205 X20 Y20
G1 F1500 X82.469 Y90.954 E1146.93983
M204 S5000
M205 X30 Y30
G0 F7200 X82.376 Y91.568
M204 S3000
M205 X20 Y20
G1 F1500 X83.746 Y92.938 E1147.02039
G1 X83.834 Y93.026
M204 S5000
M205 X30 Y30
G0 F7200 X82.714 Y92.614
M204 S3000
M205 X20 Y20
G1 F1500 X82.191 Y92.091 E1147.05114
M204 S5000
M205 X30 Y30
G0 F7200 X84.991 Y94.183
M204 S3000
M205 X20 Y20
G1 F1500 X120.081 Y129.273 E1149.11429
M204 S5000
M205 X30 Y30
G0 F7200 X119.374 Y129.273
M204 S3000
M205 X20 Y20
G1 F1500 X85.378 Y95.278 E1151.1131
M204 S5000
M205 X30 Y30
G0 F7200 X85.406 Y96.013
M204 S3000
M205 X20 Y20
G1 F1500 X118.667 Y129.273 E1153.06869
M204 S5000
M205 X30 Y30
G0 F7200 X117.96 Y129.273
M204 S3000
M205 X20 Y20
G1 F1500 X85.296 Y96.609 E1154.98921
M204 S5000
M205 X30 Y30
G0 F7200 X85.098 Y97.119
M204 S3000
M205 X20 Y20
G1 F1500 X117.253 Y129.273 E1156.87977
M204 S5000
M205 X30 Y30
G0 F7200 X116.546 Y129.273
M204 S3000
M205 X20 Y20
G1 F1500 X84.844 Y97.572 E1158.74369
M204 S5000
M205 X30 Y30
G0 F7200 X84.516 Y97.951
M204 S3000
M205 X20 Y20
G1 F1500 X115.838 Y129.273 E1160.58531
M204 S5000
M205 X30 Y30
G0 F7200 X115.131 Y129.273
M204 S3000
M205 X20 Y20
G1 F1500 X84.149 Y98.291 E1162.40693
M204 S5000
M205 X30 Y30
G0 F7200 X83.721 Y98.57
M204 S3000
M205 X20 Y20
G1 F1500 X114.424 Y129.273 E1164.21215
M204 S5000
M205 X30 Y30
G0 F7200 X113.717 Y129.273
M204 S3000
M205 X20 Y20
G1 F1500 X83.206 Y98.763 E1166.00605
M204 S5000
M205 X30 Y30
G0 F7200 X82.634 Y98.898
M204 S3000
M205 X20 Y20
G1 F1500 X113.01 Y129.273 E1167.79201
M204 S5000
M205 X30 Y30
G0 F7200 X112.303 Y129.273
M204 S3000
M205 X20 Y20
G1 F1500 X81.923 Y98.893 E1169.57824
G1 X81.835 Y98.805
M204 S5000
M205 X30 Y30
G0 F7200 X80.955 Y98.633
M204 S3000
M205 X20 Y20
G1 F1500 X111.596 Y129.273 E1171.37978
M204 S5000
M205 X30 Y30
G0 F7200 X110.889 Y129.273
M204 S3000
M205 X20 Y20
G1 F1500 X84.053 Y102.437 E1172.95764
M204 S5000
M205 X30 Y30
G0 F7200 X84.164 Y103.256
M204 S3000
M205 X20 Y20
G1 F1500 X110.182 Y129.273 E1174.48737
M204 S5000
M205 X30 Y30
G0 F7200 X109.474 Y129.273
M204 S3000
M205 X20 Y20
G1 F1500 X84.091 Y103.89 E1175.97979
M204 S5000
M205 X30 Y30
G0 F7200 X83.947 Y104.453
M204 S3000
M205 X20 Y20
G1 F1500 X108.767 Y129.273 E1177.43911
M204 S5000
M205 X30 Y30
G0 F7200 X108.06 Y129.273
M204 S3000
M205 X20 Y20
G1 F1500 X83.693 Y104.907 E1178.87177
M204 S5000
M205 X30 Y30
G0 F7200 X83.401 Y105.322
M204 S3000
M205 X20 Y20
G1 F1500 X107.352 Y129.273 E1180.28
M204 S5000
M205 X30 Y30
G0 F7200 X106.645 Y129.273
M204 S3000
M205 X20 Y20
G1 F1500 X83.039 Y105.667 E1181.66794
M204 S5000
M205 X30 Y30
G0 F7200 X82.628 Y105.962
M204 S3000
M205 X20 Y20
G1 F1500 X105.938 Y129.273 E1183.03851
M204 S5000
M205 X30 Y30
G0 F7200 X105.231 Y129.273
M204 S3000
M205 X20 Y20
G1 F1500 X82.154 Y106.196 E1184.39535
M204 S5000
M205 X30 Y30
G0 F7200 X81.617 Y106.365
M204 S3000
M205 X20 Y20
G1 F1500 X104.524 Y129.273 E1185.74222
M204 S5000
M205 X30 Y30
G0 F7200 X103.817 Y129.273
M204 S3000
M205 X20 Y20
G1 F1500 X80.963 Y106.419 E1187.08595
M204 S5000
M205 X30 Y30
G0 F7200 X80.131 Y106.294
M204 S3000
M205 X20 Y20
G1 F1500 X103.11 Y129.273 E1188.43702
M204 S5000
M205 X30 Y30
G0 F7200 X102.403 Y129.273
M204 S3000
M205 X20 Y20
G1 F1500 X77.501 Y104.371 E1189.90117
M204 S5000
M205 X30 Y30
G0 F7200 X77.737 Y103.9
M204 S3000
M205 X20 Y20
G1 F1500 X77.653 Y103.816 E1189.9061
M204 S5000
M205 X30 Y30
G0 F7200 X77.474 Y105.052
M204 S3000
M205 X20 Y20
G1 F1500 X101.696 Y129.273 E1191.33024
M204 S5000
M205 X30 Y30
G0 F7200 X100.988 Y129.273
M204 S3000
M205 X20 Y20
G1 F1500 X85.115 Y113.4 E1192.26351
G1 X85.027 Y113.312
M204 S5000
M205 X30 Y30
G0 F7200 X85.402 Y114.394
M204 S3000
M205 X20 Y20
G1 F1500 X100.281 Y129.273 E1193.13834
M204 S5000
M205 X30 Y30
G0 F7200 X99.574 Y129.273
M204 S3000
M205 X20 Y20
G1 F1500 X85.397 Y115.095 E1193.97192
M204 S5000
M205 X30 Y30
G0 F7200 X85.279 Y115.684
M204 S3000
M205 X20 Y20
G1 F1500 X98.867 Y129.273 E1194.77087
M204 S5000
M205 X30 Y30
G0 F7200 X98.16 Y129.273
M204 S3000
M205 X20 Y20
G1 F1500 X85.067 Y116.179 E1195.54072
M204 S5000
M205 X30 Y30
G0 F7200 X84.815 Y116.635
M204 S3000
M205 X20 Y20
G1 F1500 X97.453 Y129.273 E1196.28378
M204 S5000
M205 X30 Y30
G0 F7200 X96.746 Y129.273
M204 S3000
M205 X20 Y20
G1 F1500 X84.471 Y116.998 E1197.00551
M204 S5000
M205 X30 Y30
G0 F7200 X84.095 Y117.329
M204 S3000
M205 X20 Y20
G1 F1500 X96.039 Y129.273 E1197.70777
M204 S5000
M205 X30 Y30
G0 F7200 X95.332 Y129.273
M204 S3000
M205 X20 Y20
G1 F1500 X83.662 Y117.603 E1198.39392
M204 S5000
M205 X30 Y30
G0 F7200 X83.136 Y117.784
M204 S3000
M205 X20 Y20
G1 F1500 X94.625 Y129.273 E1199.06943
M204 S5000
M205 X30 Y30
G0 F7200 X93.917 Y129.273
M204 S3000
M205 X20 Y20
G1 F1500 X82.538 Y117.893 E1199.7385
M204 S5000
M205 X30 Y30
G0 F7200 X81.814 Y117.876
M204 S3000
M205 X20 Y20
G1 F1500 X93.21 Y129.273 E1200.40857
M204 S5000
M205 X30 Y30
G0 F7200 X92.503 Y129.273
M204 S3000
M205 X20 Y20
G1 F1500 X80.796 Y117.566 E1201.0969
G1 X80.708 Y117.478
M204 S5000
M205 X30 Y30
G0 F7200 X79.432 Y116.201
M204 S3000
M205 X20 Y20
G1 F1500 X77.474 Y114.244 E1201.21199
M204 S5000
M205 X30 Y30
G0 F7200 X77.474 Y114.951
M204 S3000
M205 X20 Y20
G1 F1500 X91.796 Y129.273 E1202.05407
M204 S5000
M205 X30 Y30
G0 F7200 X91.089 Y129.273
M204 S3000
M205 X20 Y20
G1 F1500 X77.474 Y115.658 E1202.85458
M204 S5000
M205 X30 Y30
G0 F7200 X77.474 Y116.365
M204 S3000
M205 X20 Y20
G1 F1500 X90.382 Y129.273 E1203.61352
M204 S5000
M205 X30 Y30
G0 F7200 X89.675 Y129.273
M204 S3000
M205 X20 Y20
G1 F1500 X77.474 Y117.072 E1204.33089
M204 S5000
M205 X30 Y30
G0 F7200 X77.474 Y117.779
M204 S3000
M205 X20 Y20
G1 F1500 X88.968 Y129.273 E1205.00669
M204 S5000
M205 X30 Y30
G0 F7200 X88.261 Y129.273
M204 S3000
M205 X20 Y20
G1 F1500 X83.84 Y124.853 E1205.2666
G1 X83.752 Y124.765
M204 S5000
M205 X30 Y30
G0 F7200 X84.154 Y125.874
M204 S3000
M205 X20 Y20
G1 F1500 X87.553 Y129.273 E1205.46645
M204 S5000
M205 X30 Y30
G0 F7200 X86.846 Y129.273
M204 S3000
M205 X20 Y20
G1 F1500 X84.147 Y126.574 E1205.62514
M204 S5000
M205 X30 Y30
G0 F7200 X84.033 Y127.167
M204 S3000
M205 X20 Y20
G1 F1500 X86.139 Y129.273 E1205.74897
M204 S5000
M205 X30 Y30
G0 F7200 X85.432 Y129.273
M204 S3000
M205 X20 Y20
G1 F1500 X83.814 Y127.654 E1205.84413
M204 S5000
M205 X30 Y30
G0 F7200 X83.56 Y128.107
M204 S3000
M205 X20 Y20
G1 F1500 X84.725 Y129.273 E1205.91266
M204 S5000
M205 X30 Y30
G0 F7200 X84.018 Y129.273
M204 S3000
M205 X20 Y20
G1 F1500 X83.232 Y128.486 E1205.9589
M204 S5000
M205 X30 Y30
G0 F7200 X82.853 Y128.815
M204 S3000
M205 X20 Y20
G1 F1500 X83.311 Y129.273 E1205.98583
M204 S5000
M205 X30 Y30
G0 F7200 X82.604 Y129.273
M204 S3000
M205 X20 Y20
G1 F1500 X82.433 Y129.102 E1205.99588
M204 S5000
M205 X30 Y30
G0 F7200 X80.387 Y128.773
G0 X79.429 Y128.308
G0 X77.828 Y126.618
M204 S3000
M205 X20 Y20
G1 F1500 X77.675 Y126.466 E1206.00485
M204 S5000
M205 X30 Y30
G0 F7200 X77.839 Y125.922
M204 S3000
M205 X20 Y20
G1 F1500 X77.489 Y125.572 E1206.02543
M204 S5000
M205 X30 Y30
G0 F7200 X77.971 Y125.347
M204 S3000
M205 X20 Y20
G1 F1500 X77.474 Y124.851 E1206.05462
M204 S5000
M205 X30 Y30
G0 F7200 X78.164 Y124.833
M204 S3000
M205 X20 Y20
G1 F1500 X77.474 Y124.143 E1206.09519
M204 S5000
M205 X30 Y30
G0 F7200 X77.474 Y123.436
M204 S3000
M205 X20 Y20
G1 F1500 X78.442 Y124.404 E1206.1521
M204 S5000
M205 X30 Y30
G0 F7200 X78.755 Y124.01
M204 S3000
M205 X20 Y20
G1 F1500 X77.474 Y122.729 E1206.22742
M204 S5000
M205 X30 Y30
G0 F7200 X77.474 Y122.022
M204 S3000
M205 X20 Y20
G1 F1500 X79.138 Y123.686 E1206.32526
M204 S5000
M205 X30 Y30
G0 F7200 X79.586 Y123.427
M204 S3000
M205 X20 Y20
G1 F1500 X77.474 Y121.315 E1206.44944
M204 S5000
M205 X30 Y30
G0 F7200 X77.474 Y120.608
M204 S3000
M205 X20 Y20
G1 F1500 X80.086 Y123.219 E1206.60298
M204 S5000
M205 X30 Y30
G0 F7200 X80.681 Y123.107
M204 S3000
M205 X20 Y20
G1 F1500 X77.474 Y119.901 E1206.79151
M204 S5000
M205 X30 Y30
G0 F7200 X77.474 Y119.194
M204 S3000
M205 X20 Y20
G1 F1500 X81.389 Y123.108 E1207.02167
G1 X81.477 Y123.196
M204 S5000
M205 X30 Y30
G0 F7200 X82.37 Y123.382
M204 S3000
M205 X20 Y20
G1 F1500 X77.474 Y118.487 E1207.30951
G1 X77.386 Y118.399
M204 S5000
M205 X30 Y30
G0 F7200 X79.108 Y115.17
M204 S3000
M205 X20 Y20
G1 F1500 X77.474 Y113.537 E1207.40555
M204 S5000
M205 X30 Y30
G0 F7200 X77.474 Y112.83
M204 S3000
M205 X20 Y20
G1 F1500 X79.093 Y114.448 E1207.50071
M204 S5000
M205 X30 Y30
G0 F7200 X79.223 Y113.871
M204 S3000
M205 X20 Y20
G1 F1500 X77.474 Y112.123 E1207.60352
M204 S5000
M205 X30 Y30
G0 F7200 X77.474 Y111.415
M204 S3000
M205 X20 Y20
G1 F1500 X79.41 Y113.352 E1207.71737
M204 S5000
M205 X30 Y30
G0 F7200 X79.683 Y112.917
M204 S3000
M205 X20 Y20
G1 F1500 X77.474 Y110.708 E1207.84726
M204 S5000
M205 X30 Y30
G0 F7200 X77.474 Y110.001
M204 S3000
M205 X20 Y20
G1 F1500 X79.992 Y112.519 E1207.9953
M204 S5000
M205 X30 Y30
G0 F7200 X80.373 Y112.193
M204 S3000
M205 X20 Y20
G1 F1500 X77.474 Y109.294 E1208.16575
M204 S5000
M205 X30 Y30
G0 F7200 X77.474 Y108.587
M204 S3000
M205 X20 Y20
G1 F1500 X80.815 Y111.927 E1208.36216
M204 S5000
M205 X30 Y30
G0 F7200 X81.32 Y111.725
M204 S3000
M205 X20 Y20
G1 F1500 X77.474 Y107.88 E1208.58826
M204 S5000
M205 X30 Y30
G0 F7200 X77.474 Y107.173
M204 S3000
M205 X20 Y20
G1 F1500 X81.911 Y111.609 E1208.84911
M204 S5000
M205 X30 Y30
G0 F7200 X82.611 Y111.603
M204 S3000
M205 X20 Y20
G1 F1500 X77.474 Y106.466 E1209.15115
M204 S5000
M205 X30 Y30
G0 F7200 X77.474 Y105.759
M204 S3000
M205 X20 Y20
G1 F1500 X83.587 Y111.871 E1209.51054
G1 X83.675 Y111.959
M204 S5000
M205 X30 Y30
G0 F7200 X78.644 Y104.353
G0 X77.758 Y102.507
M204 S3000
M205 X20 Y20
G1 F1500 X77.577 Y102.326 E1209.52118
M204 S5000
M205 X30 Y30
G0 F7200 X78.049 Y102.09
M204 S3000
M205 X20 Y20
G1 F1500 X77.476 Y101.517 E1209.55487
M204 S5000
M205 X30 Y30
G0 F7200 X77.476 Y100.81
M204 S3000
M205 X20 Y20
G1 F1500 X78.288 Y101.623 E1209.60264
M204 S5000
M205 X30 Y30
G0 F7200 X78.581 Y101.208
M204 S3000
M205 X20 Y20
G1 F1500 X77.476 Y100.103 E1209.66761
M204 S5000
M205 X30 Y30
G0 F7200 X77.476 Y99.396
M204 S3000
M205 X20 Y20
G1 F1500 X78.932 Y100.852 E1209.75322
M204 S5000
M205 X30 Y30
G0 F7200 X79.343 Y100.556
M204 S3000
M205 X20 Y20
G1 F1500 X77.476 Y98.689 E1209.86299
M204 S5000
M205 X30 Y30
G0 F7200 X77.476 Y97.982
M204 S3000
M205 X20 Y20
G1 F1500 X79.81 Y100.316 E1210.00022
M204 S5000
M205 X30 Y30
G0 F7200 X80.34 Y100.139
M204 S3000
M205 X20 Y20
G1 F1500 X77.52 Y97.319 E1210.16603
M204 S5000
M205 X30 Y30
G0 F7200 X77.632 Y96.724
M204 S3000
M205 X20 Y20
G1 F1500 X80.981 Y100.073 E1210.36294
M204 S5000
M205 X30 Y30
G0 F7200 X81.795 Y100.18
M204 S3000
M205 X20 Y20
G1 F1500 X77.824 Y96.209 E1210.59642
M204 S5000
M205 X30 Y30
G0 F7200 X78.066 Y95.743
M204 S3000
M205 X20 Y20
G1 F1500 X79.326 Y97.004 E1210.67053
M204 S5000
M205 X30 Y30
G0 F7200 X79.104 Y96.075
M204 S3000
M205 X20 Y20
G1 F1500 X78.353 Y95.323 E1210.71471
M204 S5000
M205 X30 Y30
G0 F7200 X78.686 Y94.949
M204 S3000
M205 X20 Y20
G1 F1500 X79.086 Y95.349 E1210.73823
M204 S5000
M205 X30 Y30
G0 F7200 X79.236 Y94.793
M204 S3000
M205 X20 Y20
G1 F1500 X79.07 Y94.626 E1210.74802
M204 S5000
M205 X30 Y30
G0 F7200 X81.197 Y93.376
G0 X109.816 Y90.724
M204 S3000
M205 X20 Y20
G1 F1500 X134.706 Y115.614 E1212.21146
M204 S5000
M205 X30 Y30
G0 F7200 X134.581 Y114.782
M204 S3000
M205 X20 Y20
G1 F1500 X110.524 Y90.725 E1213.62592
M204 S5000
M205 X30 Y30
G0 F7200 X111.231 Y90.725
M204 S3000
M205 X20 Y20
G1 F1500 X134.648 Y114.142 E1215.00275
M204 S5000
M205 X30 Y30
G0 F7200 X134.787 Y113.574
M204 S3000
M205 X20 Y20
G1 F1500 X111.938 Y90.725 E1216.34618
M204 S5000
M205 X30 Y30
G0 F7200 X112.645 Y90.725
M204 S3000
M205 X20 Y20
G1 F1500 X135.04 Y113.12 E1217.66292
M204 S5000
M205 X30 Y30
G0 F7200 X135.323 Y112.695
M204 S3000
M205 X20 Y20
G1 F1500 X113.352 Y90.725 E1218.9547
M204 S5000
M205 X30 Y30
G0 F7200 X114.059 Y90.725
M204 S3000
M205 X20 Y20
G1 F1500 X135.686 Y112.352 E1220.22629
M204 S5000
M205 X30 Y30
G0 F7200 X136.094 Y112.052
M204 S3000
M205 X20 Y20
G1 F1500 X114.766 Y90.725 E1221.48026
M204 S5000
M205 X30 Y30
G0 F7200 X115.474 Y90.725
M204 S3000
M205 X20 Y20
G1 F1500 X136.564 Y111.816 E1222.7203
M204 S5000
M205 X30 Y30
G0 F7200 X137.089 Y111.633
M204 S3000
M205 X20 Y20
G1 F1500 X116.181 Y90.725 E1223.94961
M204 S5000
M205 X30 Y30
G0 F7200 X116.888 Y90.725
M204 S3000
M205 X20 Y20
G1 F1500 X137.735 Y111.572 E1225.17534
M204 S5000
M205 X30 Y30
G0 F7200 X138.554 Y111.683
M204 S3000
M205 X20 Y20
G1 F1500 X117.595 Y90.725 E1226.40762
G1 X117.507 Y90.637
M204 S5000
M205 X30 Y30
G0 F7200 X137.023 Y98.839
M204 S3000
M205 X20 Y20
G1 F1500 X138.326 Y100.142 E1226.48423
M204 S5000
M205 X30 Y30
G0 F7200 X138.962 Y100.071
M204 S3000
M205 X20 Y20
G1 F1500 X137.812 Y98.922 E1226.55182
M204 S5000
M205 X30 Y30
G0 F7200 X138.451 Y98.853
M204 S3000
M205 X20 Y20
G1 F1500 X139.759 Y100.161 E1226.62872
G1 X139.847 Y100.249
M204 S5000
M205 X30 Y30
G0 F7200 X138.969 Y98.664
M204 S3000
M205 X20 Y20
G1 F1500 X142.44 Y102.135 E1226.8328
M204 S5000
M205 X30 Y30
G0 F7200 X142.524 Y101.512
M204 S3000
M205 X20 Y20
G1 F1500 X139.45 Y98.438 E1227.01354
M204 S5000
M205 X30 Y30
G0 F7200 X139.838 Y98.119
M204 S3000
M205 X20 Y20
G1 F1500 X142.524 Y100.805 E1227.17147
M204 S5000
M205 X30 Y30
G0 F7200 X142.524 Y100.098
M204 S3000
M205 X20 Y20
G1 F1500 X140.199 Y97.773 E1227.30817
M204 S5000
M205 X30 Y30
G0 F7200 X140.479 Y97.345
M204 S3000
M205 X20 Y20
G1 F1500 X142.524 Y99.39 E1227.42841
M204 S5000
M205 X30 Y30
G0 F7200 X142.524 Y98.683
M204 S3000
M205 X20 Y20
G1 F1500 X140.712 Y96.871 E1227.53495
M204 S5000
M205 X30 Y30
G0 F7200 X140.871 Y96.324
M204 S3000
M205 X20 Y20
G1 F1500 X142.524 Y97.976 E1227.63211
M204 S5000
M205 X30 Y30
G0 F7200 X142.462 Y97.208
M204 S3000
M205 X20 Y20
G1 F1500 X140.905 Y95.651 E1227.72365
M204 S5000
M205 X30 Y30
G0 F7200 X140.759 Y94.797
M204 S3000
M205 X20 Y20
G1 F1500 X142.176 Y96.214 E1227.80697
G1 X142.264 Y96.302
M204 S5000
M205 X30 Y30
G0 F7200 X142.192 Y104.009
M204 S3000
M205 X20 Y20
G1 F1500 X142.475 Y104.291 E1227.82358
M204 S5000
M205 X30 Y30
G0 F7200 X141.928 Y104.451
M204 S3000
M205 X20 Y20
G1 F1500 X142.524 Y105.047 E1227.85862
M204 S5000
M205 X30 Y30
G0 F7200 X142.524 Y105.754
M204 S3000
M205 X20 Y20
G1 F1500 X141.684 Y104.914 E1227.90801
M204 S5000
M205 X30 Y30
G0 F7200 X141.389 Y105.327
M204 S3000
M205 X20 Y20
G1 F1500 X142.524 Y106.461 E1227.97471
M204 S5000
M205 X30 Y30
G0 F7200 X142.524 Y107.169
M204 S3000
M205 X20 Y20
G1 F1500 X141.028 Y105.672 E1228.0627
M204 S5000
M205 X30 Y30
G0 F7200 X140.615 Y105.967
M204 S3000
M205 X20 Y20
G1 F1500 X142.524 Y107.876 E1228.17494
M204 S5000
M205 X30 Y30
G0 F7200 X142.524 Y108.583
M204 S3000
M205 X20 Y20
G1 F1500 X140.127 Y106.186 E1228.31588
M204 S5000
M205 X30 Y30
G0 F7200 X139.598 Y106.364
M204 S3000
M205 X20 Y20
G1 F1500 X142.524 Y109.29 E1228.48791
M204 S5000
M205 X30 Y30
G0 F7200 X142.524 Y109.997
M204 S3000
M205 X20 Y20
G1 F1500 X138.941 Y106.414 E1228.69858
G1 X138.853 Y106.326
M204 S5000
M205 X30 Y30
;MESH:NONMESH
G0 F600 X138.853 Y106.326 Z1.3
G0 F7200 X82.759 Y93.204
G0 X80.855 Y93.039
G0 X80.788 Y92.933
;TIME_ELAPSED:1109.747237
;LAYER:5
M204 S3000
M205 X20 Y20
;TYPE:WALL-INNER
;MESH:Pi Holder.stl
G1 F3097.1 X80.314 Y93.247 E1228.72926
G1 F3424.2 X79.961 Y93.335 E1228.74702
G1 F3910.5 X79.396 Y93.553 E1228.7729
G1 F4020 X78.704 Y93.983 E1228.80678
G1 X78.179 Y94.427 E1228.83536
G1 X77.608 Y95.074 E1228.87124
G1 X77.195 Y95.823 E1228.9068
G1 X76.888 Y96.634 E1228.94285
G1 X76.751 Y97.576 E1228.98243
G1 X76.75 Y125.486 E1230.14279
G1 X76.802 Y125.943 E1230.16191
G1 X77.002 Y126.817 E1230.19919
G1 X77.39 Y127.625 E1230.23645
G1 X77.893 Y128.361 E1230.27352
G1 X78.538 Y128.96 E1230.31011
G1 X79.125 Y129.36 E1230.33964
G1 X79.928 Y129.746 E1230.37669
G1 X80.806 Y129.948 E1230.41414
G1 X81.266 Y130 E1230.43339
G1 X138.734 Y130 E1232.82263
G1 X139.194 Y129.948 E1232.84188
G1 X140.072 Y129.746 E1232.87933
G1 X140.875 Y129.36 E1232.91638
G1 X141.616 Y128.853 E1232.9537
G1 X142.212 Y128.21 E1232.99015
G1 X142.61 Y127.625 E1233.01957
G1 X142.996 Y126.821 E1233.05665
G1 X143.198 Y125.944 E1233.09407
G1 X143.25 Y125.485 E1233.11327
G1 X143.25 Y97.572 E1234.27376
G1 X143.112 Y96.634 E1234.31318
G1 X142.806 Y95.823 E1234.34921
G1 X142.388 Y95.068 E1234.38509
G1 X141.819 Y94.425 E1234.42079
G1 X141.296 Y93.983 E1234.44926
G1 X140.594 Y93.546 E1234.48364
G1 X140.295 Y93.428 E1234.497
G1 F3465.5 X139.794 Y93.309 E1234.52183
G1 F3050.1 X139.245 Y92.949 E1234.55781
G1 F3355.6 X139.002 Y92.659 E1234.57665
G1 F3872.8 X138.555 Y92.021 E1234.61027
G1 F4020 X138.335 Y91.435 E1234.63629
G1 X138.25 Y90.986 E1234.65529
G1 X138.25 Y90 E1234.69629
G1 X81.75 Y90 E1237.04528
G1 X81.75 Y90.981 E1237.08607
G1 X81.664 Y91.436 E1237.10532
G1 X81.445 Y92.02 E1237.13125
G1 X81.112 Y92.505 E1237.15571
G1 F3489.6 X80.788 Y92.933 E1237.18142
M204 S5000
M205 X30 Y30
G0 F7200 X80.857 Y93.035
G0 X79.894 Y94.648
G0 X79.634 Y96.199
G0 X79.828 Y96.142
M204 S3000
M205 X20 Y20
G1 F4020 X79.815 Y95.5 E1237.20812
G1 X79.831 Y95.341 E1237.21476
G1 X80.02 Y94.706 E1237.24231
G1 F3880.3 X80.315 Y94.263 E1237.26523
G1 F3628.2 X80.61 Y93.819 E1237.28979
G1 F3284.3 X81.144 Y93.481 E1237.32195
G1 F3489.6 X81.678 Y93.365 E1237.34812
G1 F4020 X82.305 Y93.295 E1237.37435
G1 X82.756 Y93.351 E1237.39324
G1 X83.262 Y93.521 E1237.41544
G1 X83.64 Y93.73 E1237.43339
G1 X84.12 Y94.17 E1237.46047
G1 X84.254 Y94.343 E1237.46956
G1 X84.558 Y94.913 E1237.49642
G1 X84.692 Y95.535 E1237.52287
G1 X84.691 Y95.974 E1237.54112
G1 X84.543 Y96.639 E1237.56945
G1 X84.197 Y97.252 E1237.59871
G1 X83.739 Y97.698 E1237.62529
G1 X83.339 Y97.953 E1237.64501
G1 X82.735 Y98.156 E1237.67151
G1 X82.302 Y98.205 E1237.68962
G1 X81.623 Y98.131 E1237.71802
G1 X80.963 Y97.847 E1237.74789
G1 X80.415 Y97.389 E1237.77758
G1 X80.018 Y96.788 E1237.80753
G1 X79.828 Y96.142 E1237.83553
M204 S5000
M205 X30 Y30
G0 F7200 X79.634 Y96.199
G0 X78.365 Y103.001
G0 X78.565 Y103.001
M204 S3000
M205 X20 Y20
G1 F4020 X78.596 Y102.784 E1237.84464
G1 X78.83 Y102.115 E1237.8741
G1 X79.202 Y101.582 E1237.90113
G1 X79.526 Y101.295 E1237.91912
G1 X79.98 Y101.02 E1237.94119
G1 X80.415 Y100.868 E1237.96035
G1 X81.023 Y100.8 E1237.98578
G1 X81.526 Y100.857 E1238.00683
G1 X82.083 Y101.046 E1238.03128
G1 X82.465 Y101.275 E1238.0498
G1 X82.962 Y101.768 E1238.0789
G1 X83.293 Y102.364 E1238.10725
G1 X83.438 Y102.998 E1238.13429
G1 X83.445 Y103.428 E1238.15217
G1 X83.302 Y104.12 E1238.18155
G1 X82.957 Y104.741 E1238.21108
G1 X82.467 Y105.216 E1238.23945
G1 X82.081 Y105.452 E1238.25826
G1 X81.481 Y105.659 E1238.28465
G1 X81.115 Y105.698 E1238.29995
G1 X80.486 Y105.643 E1238.3262
G1 X80.273 Y105.588 E1238.33535
G1 X79.632 Y105.279 E1238.36493
G1 X79.107 Y104.801 E1238.39445
G1 X78.739 Y104.19 E1238.42411
G1 X78.596 Y103.716 E1238.44469
G1 X78.565 Y103.001 E1238.47445
M204 S5000
M205 X30 Y30
G0 F7200 X78.365 Y103.001
G0 X79.615 Y114.501
G0 X79.815 Y114.501
M204 S3000
M205 X20 Y20
G1 F4020 X79.846 Y114.284 E1238.48356
G1 X80.08 Y113.615 E1238.51302
G1 X80.452 Y113.082 E1238.54005
G1 X80.776 Y112.795 E1238.55804
G1 X81.184 Y112.546 E1238.57791
G1 X81.677 Y112.366 E1238.59973
G1 X82.306 Y112.294 E1238.62606
G1 X82.741 Y112.348 E1238.64428
G1 X83.346 Y112.549 E1238.67079
G1 X83.721 Y112.787 E1238.68925
G1 X84.201 Y113.247 E1238.71689
G1 X84.55 Y113.881 E1238.74698
G1 X84.697 Y114.535 E1238.77485
G1 X84.687 Y115.007 E1238.79448
G1 X84.548 Y115.624 E1238.82077
G1 X84.202 Y116.251 E1238.85054
G1 X83.721 Y116.713 E1238.87827
G1 X83.346 Y116.951 E1238.89674
G1 X82.74 Y117.152 E1238.92328
G1 X82.277 Y117.2 E1238.94263
G1 X81.644 Y117.133 E1238.9691
G1 X81.068 Y116.894 E1238.99503
G1 X80.882 Y116.779 E1239.00412
G1 X80.357 Y116.301 E1239.03364
G1 X79.989 Y115.69 E1239.06329
G1 X79.826 Y115.129 E1239.08758
G1 X79.815 Y114.501 E1239.11369
M204 S5000
M205 X30 Y30
G0 F7200 X79.615 Y114.501
G0 X78.365 Y126.001
G0 X78.565 Y126.001
M204 S3000
M205 X20 Y20
G1 F4020 X78.57 Y125.906 E1239.11765
G1 X78.739 Y125.31 E1239.1434
G1 X78.83 Y125.115 E1239.15235
G1 X79.202 Y124.582 E1239.17937
G1 X79.526 Y124.295 E1239.19737
G1 X80.085 Y123.976 E1239.22413
G1 X80.499 Y123.855 E1239.24206
G1 X81.041 Y123.8 E1239.26471
G1 X81.488 Y123.847 E1239.28339
G1 X82.081 Y124.048 E1239.30943
G1 X82.467 Y124.284 E1239.32824
G1 X82.958 Y124.76 E1239.35667
G1 X83.287 Y125.354 E1239.3849
G1 X83.428 Y125.949 E1239.41032
G1 X83.446 Y126.386 E1239.4285
G1 X83.322 Y127.022 E1239.45544
G1 X83.004 Y127.657 E1239.48497
G1 X82.522 Y128.168 E1239.51417
G1 X82.099 Y128.451 E1239.53533
G1 X81.446 Y128.661 E1239.56385
G1 X81.042 Y128.705 E1239.58075
G1 X80.412 Y128.631 E1239.60712
G1 X79.999 Y128.49 E1239.62526
G1 X79.494 Y128.185 E1239.64979
G1 X79.202 Y127.918 E1239.66624
G1 X78.83 Y127.385 E1239.69326
G1 X78.739 Y127.19 E1239.70221
G1 X78.569 Y126.583 E1239.72842
G1 X78.565 Y126.001 E1239.75261
M204 S5000
M205 X30 Y30
G0 F7200 X78.365 Y126.001
G0 X79.038 Y124.55
G0 X79.947 Y123.876
G0 X135.115 Y114.465
G0 X135.311 Y114.509
M204 S3000
M205 X20 Y20
G1 F4020 X135.461 Y113.853 E1239.78059
G1 X135.814 Y113.233 E1239.81025
G1 X136.279 Y112.787 E1239.83704
G1 X136.654 Y112.549 E1239.85551
G1 X137.259 Y112.348 E1239.88201
G1 X137.705 Y112.299 E1239.90066
G1 X138.306 Y112.362 E1239.92579
G1 X138.665 Y112.476 E1239.94145
G1 X139.224 Y112.795 E1239.96821
G1 X139.548 Y113.082 E1239.9862
G1 X139.92 Y113.615 E1240.01322
G1 X140.154 Y114.284 E1240.04269
G1 X140.186 Y114.501 E1240.05181
G1 X140.175 Y115.129 E1240.07792
G1 X140.011 Y115.69 E1240.10222
G1 X139.643 Y116.301 E1240.13188
G1 X139.046 Y116.844 E1240.16543
G1 X138.385 Y117.126 E1240.19531
G1 X137.7 Y117.205 E1240.22397
G1 X137.332 Y117.166 E1240.23936
G1 X136.658 Y116.954 E1240.26873
G1 X136.279 Y116.713 E1240.28741
G1 X135.798 Y116.251 E1240.31514
G1 X135.452 Y115.624 E1240.34491
G1 X135.313 Y115.007 E1240.3712
G1 X135.304 Y114.614 E1240.38755
G1 X135.311 Y114.509 E1240.39192
M204 S5000
M205 X30 Y30
G0 F7200 X135.115 Y114.465
G0 X136.361 Y103.519
G0 X136.555 Y103.477
M204 S3000
M205 X20 Y20
G1 F4020 X136.554 Y103.114 E1240.40701
G1 X136.559 Y103.021 E1240.41089
G1 X136.706 Y102.364 E1240.43888
G1 X137.038 Y101.768 E1240.46724
G1 X137.535 Y101.276 E1240.49632
G1 X137.919 Y101.044 E1240.51497
G1 X138.475 Y100.857 E1240.53936
G1 X138.977 Y100.8 E1240.56036
G1 X139.585 Y100.869 E1240.5858
G1 X139.984 Y101.003 E1240.6033
G1 X140.555 Y101.343 E1240.63093
G1 X140.904 Y101.711 E1240.65201
G1 X141.17 Y102.115 E1240.67212
G1 X141.403 Y102.784 E1240.70158
G1 X141.436 Y103.001 E1240.7107
G1 X141.425 Y103.629 E1240.73682
G1 X141.26 Y104.19 E1240.76113
G1 X140.893 Y104.801 E1240.79076
G1 X140.368 Y105.279 E1240.82028
G1 X140.182 Y105.394 E1240.82937
G1 X139.514 Y105.643 E1240.85901
G1 X138.885 Y105.698 E1240.88526
G1 X138.511 Y105.653 E1240.90092
G1 X137.919 Y105.452 E1240.92691
G1 X137.533 Y105.216 E1240.94572
G1 X137.04 Y104.738 E1240.97427
G1 X136.696 Y104.107 E1241.00415
G1 X136.555 Y103.477 E1241.03099
M204 S5000
M205 X30 Y30
G0 F7200 X136.361 Y103.519
G0 X135.111 Y96.017
G0 X135.309 Y95.974
M204 S3000
M205 X20 Y20
G1 F4020 X135.308 Y95.535 E1241.04924
G1 X135.443 Y94.91 E1241.07583
G1 X135.746 Y94.343 E1241.10256
G1 X135.88 Y94.17 E1241.11165
G1 X136.36 Y93.73 E1241.13872
G1 X136.738 Y93.521 E1241.15668
G1 X137.244 Y93.352 E1241.17886
G1 X137.699 Y93.295 E1241.19793
G1 X138.321 Y93.366 E1241.22395
G1 F3471.5 X138.858 Y93.479 E1241.25037
G1 F3247.2 X139.443 Y93.847 E1241.28595
G1 F3532.5 X139.712 Y94.28 E1241.31006
G1 F3661.2 X139.981 Y94.714 E1241.33337
G1 F3872.8 X140.188 Y95.406 E1241.36454
G1 F4020 X140.172 Y96.143 E1241.39519
G1 X139.983 Y96.786 E1241.42305
G1 X139.585 Y97.389 E1241.45309
G1 X139.037 Y97.847 E1241.48279
G1 X138.377 Y98.131 E1241.51266
G1 X137.698 Y98.205 E1241.54105
G1 X137.297 Y98.16 E1241.55783
G1 X136.661 Y97.953 E1241.58564
G1 X136.261 Y97.698 E1241.60536
G1 X135.803 Y97.256 E1241.63182
G1 X135.455 Y96.63 E1241.6616
G1 X135.309 Y95.974 E1241.68954
M204 S5000
M205 X30 Y30
G0 F7200 X135.111 Y96.017
G0 X135.165 Y114.982
G0 X136.379 Y125.906
G0 X136.572 Y125.949
M204 S3000
M205 X20 Y20
G1 F4020 X136.714 Y125.348 E1241.71521
G1 X137.042 Y124.761 E1241.74317
G1 X137.533 Y124.284 E1241.77163
G1 X137.919 Y124.048 E1241.79044
G1 X138.512 Y123.847 E1241.81647
G1 X138.959 Y123.8 E1241.83516
G1 X139.501 Y123.855 E1241.85781
G1 X140.066 Y124.046 E1241.8826
G1 X140.604 Y124.395 E1241.90927
G1 X140.904 Y124.711 E1241.92738
G1 X141.26 Y125.31 E1241.95635
G1 X141.436 Y125.936 E1241.98339
G1 X141.432 Y126.583 E1242.01029
G1 X141.232 Y127.291 E1242.04087
G1 X140.834 Y127.88 E1242.07043
G1 X140.507 Y128.185 E1242.08902
G1 X140.001 Y128.49 E1242.11358
G1 X139.588 Y128.631 E1242.13173
G1 X139.024 Y128.697 E1242.15533
G1 X138.604 Y128.669 E1242.17283
G1 X137.988 Y128.479 E1242.19963
G1 X137.61 Y128.27 E1242.21759
G1 X137.13 Y127.831 E1242.24464
G1 X136.754 Y127.223 E1242.27436
G1 X136.572 Y126.551 E1242.3033
G1 X136.554 Y126.114 E1242.32149
G1 X136.572 Y125.949 E1242.32839
M204 S5000
M205 X30 Y30
G0 F7200 X137.054 Y126.114
M204 S3000
M205 X20 Y20
;TYPE:WALL-OUTER
G1 F2040 X137.06 Y126.059 E1242.33069
G1 X137.175 Y125.556 E1242.35214
G1 X137.459 Y125.049 E1242.3763
G1 X137.845 Y124.675 E1242.39864
G1 X138.105 Y124.514 E1242.41136
G1 X138.626 Y124.334 E1242.43428
G1 X138.927 Y124.3 E1242.44687
G1 X139.447 Y124.352 E1242.4686
G1 X139.806 Y124.473 E1242.48435
G1 X140.257 Y124.755 E1242.50646
G1 X140.486 Y124.985 E1242.51995
G1 X140.772 Y125.419 E1242.54156
G1 X140.934 Y125.969 E1242.5654
G1 X140.934 Y126.527 E1242.5886
G1 X140.782 Y127.046 E1242.61108
G1 X140.487 Y127.515 E1242.63412
G1 X140.225 Y127.771 E1242.64935
G1 X139.784 Y128.039 E1242.6708
G1 X139.476 Y128.143 E1242.68432
G1 X138.974 Y128.199 E1242.70532
G1 X138.631 Y128.169 E1242.71963
G1 X138.098 Y127.982 E1242.74312
G1 X137.826 Y127.809 E1242.75652
G1 X137.433 Y127.413 E1242.77971
G1 X137.191 Y126.979 E1242.80037
G1 X137.06 Y126.441 E1242.82339
G1 X137.054 Y126.114 E1242.83699
M204 S5000
M205 X30 Y30
G0 F7200 X137.06 Y126.059
G0 X137.092 Y125.918
G0 X136.41 Y125.765
G0 X135.124 Y115.079
G0 X135.807 Y114.927
M204 S3000
M205 X20 Y20
G1 F2040 X135.804 Y114.614 E1242.85001
G1 X135.806 Y114.579 E1242.85146
G1 X135.923 Y114.06 E1242.87358
G1 X136.199 Y113.558 E1242.8974
G1 X136.593 Y113.176 E1242.92021
G1 X136.851 Y113.016 E1242.93284
G1 X137.375 Y112.834 E1242.9559
G1 X137.7 Y112.799 E1242.96949
G1 X138.216 Y112.854 E1242.99106
G1 X138.556 Y112.973 E1243.00604
G1 X138.964 Y113.222 E1243.02591
G1 X139.201 Y113.442 E1243.03936
G1 X139.502 Y113.889 E1243.06176
G1 X139.686 Y114.463 E1243.08682
G1 X139.682 Y115.043 E1243.11093
G1 X139.532 Y115.546 E1243.13276
G1 X139.227 Y116.024 E1243.15633
G1 X138.771 Y116.418 E1243.18139
G1 X138.255 Y116.637 E1243.20469
G1 X137.725 Y116.699 E1243.22688
G1 X137.376 Y116.666 E1243.24145
G1 X136.87 Y116.495 E1243.26366
G1 X136.593 Y116.324 E1243.27719
G1 X136.205 Y115.946 E1243.29971
G1 X135.932 Y115.462 E1243.32281
G1 X135.807 Y114.927 E1243.34566
M204 S5000
M205 X30 Y30
G0 F7200 X135.806 Y114.727
G0 X135.104 Y114.727
G0 X136.283 Y104.189
G0 X136.565 Y102.21
G0 X137.174 Y102.551
M204 S3000
M205 X20 Y20
G1 F2040 X137.453 Y102.053 E1243.36939
G1 X137.863 Y101.661 E1243.39297
G1 X138.098 Y101.518 E1243.40441
G1 X138.614 Y101.337 E1243.42714
G1 X138.974 Y101.301 E1243.44218
G1 X139.475 Y101.357 E1243.46314
G1 X139.79 Y101.464 E1243.47697
G1 X140.257 Y101.755 E1243.49985
G1 X140.486 Y101.985 E1243.51334
G1 X140.752 Y102.389 E1243.53345
G1 X140.936 Y102.963 E1243.55851
G1 X140.932 Y103.543 E1243.58263
G1 X140.771 Y104.083 E1243.60606
G1 X140.429 Y104.577 E1243.63104
G1 X139.986 Y104.934 E1243.65469
G1 X139.46 Y105.146 E1243.67827
G1 X138.975 Y105.199 E1243.69855
G1 X138.626 Y105.166 E1243.71313
G1 X138.125 Y104.996 E1243.73512
G1 X137.845 Y104.825 E1243.74876
G1 X137.459 Y104.451 E1243.77111
G1 X137.175 Y103.945 E1243.79523
G1 X137.055 Y103.413 E1243.8179
G1 X137.054 Y103.114 E1243.83034
G1 X137.057 Y103.07 E1243.83217
G1 X137.174 Y102.551 E1243.85429
M204 S5000
M205 X30 Y30
G0 F7200 X137.271 Y102.377
G0 X136.662 Y102.036
G0 X135.165 Y95.982
G0 X135.805 Y95.587
M204 S3000
M205 X20 Y20
G1 F2040 X135.925 Y95.055 E1243.87696
G1 X136.201 Y94.555 E1243.90071
G1 X136.62 Y94.157 E1243.92473
G1 X136.898 Y93.995 E1243.93811
G1 X137.39 Y93.831 E1243.95967
G1 X137.681 Y93.8 E1243.97184
G1 X138.228 Y93.855 E1243.99469
G1 X138.556 Y93.973 E1244.00919
G1 X138.99 Y94.239 E1244.03035
G1 X139.237 Y94.485 E1244.04484
G1 X139.521 Y94.918 E1244.06637
G1 X139.686 Y95.467 E1244.09021
G1 X139.681 Y96.047 E1244.11432
G1 X139.522 Y96.579 E1244.1374
G1 X139.207 Y97.054 E1244.1611
G1 X138.766 Y97.421 E1244.18495
G1 X138.281 Y97.628 E1244.20688
G1 X137.725 Y97.699 E1244.23018
G1 X137.388 Y97.668 E1244.24425
G1 X136.897 Y97.505 E1244.26576
G1 X136.602 Y97.331 E1244.28
G1 X136.203 Y96.944 E1244.30311
G1 X135.927 Y96.45 E1244.32663
G1 X135.805 Y95.916 E1244.34941
G1 X135.805 Y95.587 E1244.36309
M204 S5000
M205 X30 Y30
G0 F7200 X135.849 Y95.392
G0 X135.166 Y95.239
G0 X81.871 Y91.422
G0 X81.184 Y91.297
M204 S3000
M205 X20 Y20
G1 F2040 X80.986 Y91.808 E1244.38587
G1 X80.682 Y92.243 E1244.40793
G1 X80.461 Y92.458 E1244.42075
G1 X80.047 Y92.742 E1244.44163
G1 X79.166 Y93.106 E1244.48126
G1 X78.409 Y93.578 E1244.51835
G1 X77.829 Y94.069 E1244.54994
G1 X77.323 Y94.641 E1244.58169
G1 X77.109 Y94.943 E1244.59708
G1 X76.739 Y95.613 E1244.6289
G1 X76.465 Y96.34 E1244.6612
G1 X76.375 Y96.688 E1244.67614
G1 X76.251 Y97.54 E1244.71194
G1 X76.25 Y125.514 E1245.87496
G1 X76.308 Y126.027 E1245.89643
G1 X76.486 Y126.803 E1245.92953
G1 X76.612 Y127.161 E1245.94531
G1 X76.956 Y127.875 E1245.97826
G1 X77.399 Y128.525 E1246.01096
G1 X77.647 Y128.816 E1246.02685
G1 X78.226 Y129.352 E1246.05966
G1 X78.875 Y129.794 E1246.0923
G1 X79.589 Y130.138 E1246.12525
G1 X79.947 Y130.264 E1246.14103
G1 X80.722 Y130.442 E1246.17409
G1 X81.238 Y130.5 E1246.19568
G1 X138.762 Y130.5 E1248.58725
G1 X139.278 Y130.442 E1248.60884
G1 X140.053 Y130.264 E1248.6419
G1 X140.411 Y130.138 E1248.65768
G1 X141.125 Y129.794 E1248.69063
G1 X141.777 Y129.349 E1248.72345
G1 X142.068 Y129.101 E1248.73934
G1 X142.604 Y128.522 E1248.77214
G1 X143.044 Y127.875 E1248.80467
G1 X143.388 Y127.16 E1248.83766
G1 X143.514 Y126.803 E1248.8534
G1 X143.692 Y126.028 E1248.88646
G1 X143.75 Y125.513 E1248.90801
G1 X143.75 Y97.536 E1250.07116
G1 X143.625 Y96.686 E1250.10688
G1 X143.535 Y96.34 E1250.12174
G1 X143.261 Y95.613 E1250.15404
G1 X142.889 Y94.942 E1250.18594
G1 X142.675 Y94.639 E1250.20136
G1 X142.169 Y94.067 E1250.23311
G1 X141.591 Y93.578 E1250.26459
G1 X140.82 Y93.098 E1250.30235
G1 X140.091 Y92.808 E1250.33496
G1 X139.773 Y92.636 E1250.35
G1 X139.318 Y92.247 E1250.37488
G1 X139.012 Y91.805 E1250.39723
G1 X138.815 Y91.296 E1250.41992
G1 X138.753 Y90.956 E1250.43429
G1 X138.75 Y89.5 E1250.49483
G1 X81.25 Y89.5 E1252.8854
G1 X81.247 Y90.951 E1252.94572
G1 X81.184 Y91.297 E1252.96035
M204 S5000
M205 X30 Y30
G0 F7200 X81.112 Y91.483
G0 X81.766 Y91.732
G0 X79.894 Y94.648
G0 X79.649 Y96.248
G0 X80.319 Y96.047
M204 S3000
M205 X20 Y20
G1 F2040 X80.315 Y95.5 E1252.98309
G1 X80.32 Y95.447 E1252.9853
G1 X80.479 Y94.918 E1253.00827
G1 X80.763 Y94.485 E1253.0298
G1 X81.013 Y94.238 E1253.04441
G1 X81.444 Y93.973 E1253.06544
G1 X81.779 Y93.855 E1253.08021
G1 X82.276 Y93.801 E1253.10099
G1 X82.63 Y93.835 E1253.11578
G1 X83.152 Y94.018 E1253.13878
G1 X83.38 Y94.157 E1253.14988
G1 X83.799 Y94.555 E1253.1739
G1 X84.075 Y95.055 E1253.19765
G1 X84.195 Y95.587 E1253.22032
G1 X84.195 Y95.916 E1253.234
G1 X84.075 Y96.451 E1253.2568
G1 X83.804 Y96.934 E1253.27982
G1 X83.413 Y97.319 E1253.30263
G1 X83.141 Y97.488 E1253.31595
G1 X82.639 Y97.662 E1253.33804
G1 X82.323 Y97.7 E1253.35127
G1 X81.751 Y97.642 E1253.37517
G1 X81.231 Y97.419 E1253.3987
G1 X80.793 Y97.054 E1253.4224
G1 X80.478 Y96.579 E1253.4461
G1 X80.319 Y96.047 E1253.46918
M204 S5000
M205 X30 Y30
G0 F7200 X80.318 Y95.847
G0 X79.615 Y95.847
G0 X78.426 Y102.872
G0 X79.068 Y103.543
M204 S3000
M205 X20 Y20
G1 F2040 X79.065 Y102.96 E1253.49342
G1 X79.248 Y102.389 E1253.51835
G1 X79.513 Y101.985 E1253.53843
G1 X79.743 Y101.755 E1253.55196
G1 X80.21 Y101.464 E1253.57483
G1 X80.525 Y101.356 E1253.58868
G1 X81.043 Y101.3 E1253.61034
G1 X81.386 Y101.337 E1253.62468
G1 X81.858 Y101.497 E1253.6454
G1 X82.137 Y101.661 E1253.65886
G1 X82.547 Y102.053 E1253.68244
G1 X82.826 Y102.551 E1253.70617
G1 X82.945 Y103.086 E1253.72896
G1 X82.945 Y103.413 E1253.74256
G1 X82.825 Y103.945 E1253.76523
G1 X82.541 Y104.451 E1253.78935
G1 X82.155 Y104.825 E1253.8117
G1 X81.895 Y104.986 E1253.82441
G1 X81.374 Y105.166 E1253.84733
G1 X81.074 Y105.2 E1253.85988
G1 X80.502 Y105.142 E1253.88379
G1 X80.014 Y104.934 E1253.90584
G1 X79.571 Y104.577 E1253.92949
G1 X79.249 Y104.112 E1253.95301
G1 X79.075 Y103.572 E1253.9766
G1 X79.068 Y103.543 E1253.97784
M204 S5000
M205 X30 Y30
G0 F7200 X79.067 Y103.343
G0 X78.365 Y103.343
G0 X79.657 Y114.227
G0 X80.325 Y114.428
M204 S3000
M205 X20 Y20
G1 F2040 X80.498 Y113.889 E1254.00137
G1 X80.799 Y113.442 E1254.02378
G1 X81.036 Y113.222 E1254.03722
G1 X81.444 Y112.973 E1254.05709
G1 X81.784 Y112.855 E1254.07206
G1 X82.276 Y112.801 E1254.09263
G1 X82.625 Y112.834 E1254.10721
G1 X83.127 Y113.005 E1254.12926
G1 X83.407 Y113.176 E1254.1429
G1 X83.788 Y113.545 E1254.16495
G1 X84.08 Y114.07 E1254.18992
G1 X84.194 Y114.579 E1254.21161
G1 X84.195 Y114.913 E1254.2255
G1 X84.068 Y115.462 E1254.24892
G1 X83.797 Y115.947 E1254.27202
G1 X83.407 Y116.324 E1254.29457
G1 X83.149 Y116.484 E1254.30719
G1 X82.624 Y116.666 E1254.3303
G1 X82.325 Y116.7 E1254.34281
G1 X81.745 Y116.637 E1254.36706
G1 X81.264 Y116.434 E1254.38877
G1 X80.821 Y116.077 E1254.41242
G1 X80.479 Y115.583 E1254.4374
G1 X80.318 Y115.043 E1254.46083
G1 X80.315 Y114.501 E1254.48336
G1 X80.325 Y114.428 E1254.48643
M204 S5000
M205 X30 Y30
G0 F7200 X80.386 Y114.238
G0 X79.715 Y114.036
G0 X78.365 Y125.969
G0 X79.066 Y125.969
M204 S3000
M205 X20 Y20
G1 F2040 X79.228 Y125.419 E1254.51026
G1 X79.513 Y124.985 E1254.53185
G1 X79.743 Y124.755 E1254.54537
G1 X80.194 Y124.473 E1254.56749
G1 X80.553 Y124.352 E1254.58324
G1 X81.026 Y124.301 E1254.60302
G1 X81.374 Y124.334 E1254.61755
G1 X81.875 Y124.504 E1254.63955
G1 X82.155 Y124.675 E1254.65319
G1 X82.541 Y125.049 E1254.67553
G1 X82.825 Y125.556 E1254.69969
G1 X82.94 Y126.059 E1254.72114
G1 X82.946 Y126.386 E1254.73474
G1 X82.826 Y126.948 E1254.75863
G1 X82.567 Y127.413 E1254.78076
G1 X82.174 Y127.809 E1254.80396
G1 X81.881 Y127.995 E1254.81839
G1 X81.36 Y128.169 E1254.84122
G1 X81.069 Y128.2 E1254.85339
G1 X80.519 Y128.142 E1254.87638
G1 X80.216 Y128.039 E1254.88969
G1 X79.776 Y127.771 E1254.91111
G1 X79.513 Y127.515 E1254.92637
G1 X79.218 Y127.046 E1254.9494
G1 X79.066 Y126.527 E1254.97189
G1 X79.065 Y126.001 E1254.99375
G1 X79.066 Y125.969 E1254.99508
M204 S5000
M205 X30 Y30
G0 F7200 X79.122 Y125.778
G0 X78.453 Y125.576
G0 X78.091 Y126.743
M204 S3000
M205 X20 Y20
;TYPE:SKIN
G1 F1459.1 X78.09 Y125.836 E1255.03385
G1 F1500 X78.295 Y125.145 E1255.06382
G1 X78.439 Y124.843 E1255.07773
G1 X78.856 Y124.252 E1255.1078
G1 X79.286 Y123.884 E1255.13133
G1 X79.892 Y123.544 E1255.16022
G1 X80.405 Y123.388 E1255.18251
G1 X81.031 Y123.325 E1255.20867
G1 X81.563 Y123.377 E1255.23089
G1 X82.29 Y123.618 E1255.26273
G1 X82.769 Y123.913 E1255.28612
G1 X83.345 Y124.478 E1255.31967
G1 X83.727 Y125.163 E1255.35227
G1 X83.925 Y125.982 E1255.3873
G1 X83.891 Y126.657 E1255.4154
G1 X83.768 Y127.185 E1255.43794
G1 X83.4 Y127.918 E1255.47204
G1 X83.201 Y128.172 E1255.48546
G1 X82.822 Y128.535 E1255.50728
G1 X82.312 Y128.883 E1255.53294
G1 F1572.3 X81.556 Y129.1 E1255.56414
G1 F1736.1 X81.055 Y129.136 E1255.58218
G1 F1913.3 X80.297 Y129.028 E1255.60714
G1 F2054.8 X79.843 Y128.862 E1255.62181
G1 F2083.3 X79.262 Y128.521 E1255.64198
G1 F1994.7 X78.886 Y128.19 E1255.65764
G1 F1875 X78.479 Y127.674 E1255.6795
G1 F1696.8 X78.296 Y127.319 E1255.69418
G1 F1500 X78.091 Y126.743 E1255.71959
M204 S5000
M205 X30 Y30
G0 F7200 X79.532 Y115.82
M204 S3000
M205 X20 Y20
G1 F1500 X79.357 Y115.214 E1255.74582
G1 X79.34 Y114.512 E1255.77501
G1 X79.396 Y114.129 E1255.79111
G1 X79.67 Y113.37 E1255.82465
G1 X80.106 Y112.753 E1255.85606
G1 X80.528 Y112.389 E1255.87923
G1 X80.973 Y112.122 E1255.90081
G1 X81.56 Y111.905 E1255.92683
G1 X82.307 Y111.815 E1255.95811
G1 X82.853 Y111.886 E1255.981
G1 X83.537 Y112.118 E1256.01103
G1 X84.006 Y112.393 E1256.03363
G1 X84.586 Y112.972 E1256.06771
G1 X84.998 Y113.702 E1256.10256
G1 X85.159 Y114.431 E1256.13359
G1 X85.17 Y114.957 E1256.15547
G1 X85.007 Y115.775 E1256.19014
G1 X84.576 Y116.551 E1256.22705
G1 X84.02 Y117.083 E1256.25904
G1 X83.541 Y117.382 E1256.28252
G1 X82.937 Y117.591 E1256.30909
G1 X82.293 Y117.675 E1256.33609
G1 X81.489 Y117.589 E1256.36971
G1 X80.884 Y117.333 E1256.39702
G1 X80.577 Y117.143 E1256.41203
G1 X80.171 Y116.803 E1256.43405
G1 X79.979 Y116.589 E1256.446
G1 X79.671 Y116.124 E1256.46919
G1 X79.532 Y115.82 E1256.48309
M204 S5000
M205 X30 Y30
G0 F7200 X78.011 Y103.71
M204 S3000
M205 X20 Y20
G1 F1173.7 X77.999 Y103.013 E1256.52013
G1 F1080.7 X78.032 Y102.664 E1256.54036
G1 F1098.1 X78.066 Y102.619 E1256.54356
G1 F1293.1 X78.439 Y101.843 E1256.58508
G1 F1500 X78.839 Y101.277 E1256.6139
G1 X79.241 Y100.916 E1256.63636
G1 X79.761 Y100.598 E1256.6617
G1 X80.34 Y100.393 E1256.68724
G1 X81.019 Y100.323 E1256.71562
G1 X81.621 Y100.392 E1256.74081
G1 X82.285 Y100.612 E1256.76989
G1 X82.76 Y100.898 E1256.79294
G1 X83.347 Y101.488 E1256.82754
G1 X83.74 Y102.186 E1256.86085
G1 X83.905 Y102.905 E1256.89152
G1 X83.92 Y103.539 E1256.91788
G1 X83.728 Y104.336 E1256.95196
G1 X83.318 Y105.059 E1256.98652
G1 X82.782 Y105.571 E1257.01734
G1 X82.281 Y105.886 E1257.04194
G1 X81.622 Y106.109 E1257.07087
G1 X81.058 Y106.175 E1257.09447
G1 X80.395 Y106.109 E1257.12218
G1 X80.087 Y106.025 E1257.13545
G1 X79.634 Y105.833 E1257.1559
G1 X79.327 Y105.643 E1257.17091
G1 X78.948 Y105.328 E1257.1914
G1 X78.729 Y105.091 E1257.20482
G1 X78.421 Y104.624 E1257.22808
G1 F1431.3 X78.216 Y104.167 E1257.2499
G1 F1311.2 X78.011 Y103.71 E1257.27372
M204 S5000
M205 X30 Y30
G0 F7200 X79.063 Y104.986
G0 X80.21 Y105.709
G0 X134.832 Y114.462
M204 S3000
M205 X20 Y20
G1 F1500 X135.005 Y113.706 E1257.30597
G1 X135.424 Y112.945 E1257.34208
G1 X135.978 Y112.421 E1257.37379
G1 X136.458 Y112.119 E1257.39736
G1 X137.159 Y111.874 E1257.42824
G1 X137.685 Y111.824 E1257.4502
G1 X138.398 Y111.895 E1257.47999
G1 X138.859 Y112.045 E1257.50015
G1 X139.506 Y112.414 E1257.53112
G1 X139.886 Y112.746 E1257.55209
G1 X140.331 Y113.373 E1257.58406
G1 X140.604 Y114.129 E1257.61748
G1 X140.659 Y114.468 E1257.63176
G1 X140.643 Y115.216 E1257.66286
G1 X140.454 Y115.857 E1257.69064
G1 X140.311 Y116.156 E1257.70442
G1 X140.021 Y116.589 E1257.72609
G1 X139.802 Y116.828 E1257.73957
G1 X139.423 Y117.143 E1257.76006
G1 X139.115 Y117.332 E1257.77508
G1 X138.469 Y117.598 E1257.80413
G1 X137.736 Y117.675 E1257.83477
G1 X137.147 Y117.614 E1257.85939
G1 X136.461 Y117.381 E1257.88951
G1 X136.002 Y117.099 E1257.9119
G1 X135.449 Y116.569 E1257.94375
G1 X135.01 Y115.82 E1257.97984
G1 X134.833 Y115.048 E1258.01277
G1 X134.83 Y114.498 E1258.03564
G1 X134.832 Y114.462 E1258.03714
M204 S5000
M205 X30 Y30
G0 F7200 X136.079 Y103.519
M204 S3000
M205 X20 Y20
G1 F1500 X136.093 Y102.922 E1258.06197
G1 X136.247 Y102.221 E1258.09181
G1 X136.673 Y101.458 E1258.12814
G1 X137.229 Y100.911 E1258.16056
G1 X137.699 Y100.623 E1258.18348
G1 X138.356 Y100.395 E1258.21239
G1 X138.961 Y100.325 E1258.23771
G1 X139.664 Y100.393 E1258.26708
G1 X140.242 Y100.598 E1258.29258
G1 X140.86 Y100.974 E1258.32265
G1 X141.276 Y101.417 E1258.34792
G1 X141.567 Y101.853 E1258.36971
G1 F1304.3 X141.924 Y102.605 E1258.40951
G1 F1104.6 X141.967 Y102.662 E1258.41354
G1 F1076 X142 Y102.953 E1258.43051
G1 F1170 X141.989 Y103.71 E1258.47087
G1 F1368.6 X141.58 Y104.621 E1258.51637
G1 F1500 X141.271 Y105.09 E1258.53972
G1 X141.052 Y105.328 E1258.55317
G1 X140.673 Y105.643 E1258.57365
G1 X140.4 Y105.815 E1258.58707
G1 X139.592 Y106.115 E1258.6229
G1 X138.837 Y106.171 E1258.65438
G1 X138.399 Y106.115 E1258.67274
G1 X137.715 Y105.884 E1258.70275
G1 X137.231 Y105.587 E1258.72636
G1 X136.653 Y105.021 E1258.75999
G1 X136.251 Y104.284 E1258.7949
G1 X136.085 Y103.565 E1258.82557
G1 X136.079 Y103.519 E1258.8275
M204 S5000
M205 X30 Y30
G0 F7200 X136.571 Y102.321
G0 X139.942 Y97.714
M204 S3000
M205 X20 Y20
G1 F1500 X139.267 Y98.266 E1258.86376
G1 X138.499 Y98.593 E1258.89846
G1 X137.724 Y98.68 E1258.93088
G1 X137.19 Y98.626 E1258.9532
G1 X136.451 Y98.383 E1258.98554
G1 X135.981 Y98.091 E1259.00854
G1 X135.414 Y97.536 E1259.04153
G1 X135.004 Y96.794 E1259.07678
G1 X134.836 Y96.064 E1259.10792
G1 X134.839 Y95.462 E1259.13295
G1 X134.973 Y94.84 E1259.1594
G1 X135.088 Y94.546 E1259.17252
G1 X135.33 Y94.113 E1259.19315
G1 X135.551 Y93.827 E1259.20817
G1 X135.928 Y93.466 E1259.22988
G1 X136.428 Y93.123 E1259.25508
G1 X137.174 Y92.88 E1259.2877
G1 X137.703 Y92.817 E1259.30985
G1 X138.601 Y92.923 E1259.34745
G1 X138.132 Y92.247 E1259.38165
G1 X137.877 Y91.564 E1259.41196
G1 X137.778 Y90.952 E1259.43774
G1 X137.775 Y90.475 E1259.45757
G1 X82.225 Y90.475 E1261.76707
G1 X82.222 Y91.044 E1261.79073
G1 X82.127 Y91.554 E1261.81229
G1 X81.867 Y92.245 E1261.84299
G1 X81.415 Y92.919 E1261.87673
G1 X82.304 Y92.816 E1261.91394
G1 X82.854 Y92.885 E1261.93698
G1 X83.579 Y93.127 E1261.96876
G1 X84.071 Y93.465 E1261.99358
G1 X84.449 Y93.827 E1262.01534
G1 X84.67 Y94.113 E1262.03036
G1 X85.01 Y94.747 E1262.06027
G1 X85.161 Y95.459 E1262.09053
G1 X85.164 Y96.026 E1262.1141
G1 X84.999 Y96.793 E1262.14672
G1 X84.578 Y97.54 E1262.18237
G1 X84.04 Y98.066 E1262.21365
G1 X83.552 Y98.382 E1262.23782
G1 X82.82 Y98.625 E1262.26989
G1 X82.306 Y98.684 E1262.2914
G1 X81.508 Y98.598 E1262.32477
G1 X80.711 Y98.257 E1262.36081
G1 X80.061 Y97.714 E1262.39602
G1 X79.584 Y96.997 E1262.43183
G1 X79.362 Y96.236 E1262.46478
G1 X79.336 Y95.34 E1262.50205
G1 X79.533 Y94.677 E1262.53081
G1 X79.685 Y94.349 E1262.54584
G1 X80.019 Y93.835 E1262.57132
G1 X79.607 Y93.982 E1262.58951
G1 X79.005 Y94.356 E1262.61897
G1 X78.511 Y94.769 E1262.64574
G1 X78.001 Y95.344 E1262.6777
G1 X77.628 Y96.022 E1262.70987
G1 X77.348 Y96.773 E1262.74319
G1 X77.226 Y97.613 E1262.77848
G1 X77.226 Y102.021 E1262.96174
G1 F1243.8 X77.33 Y102.614 E1262.99193
G1 F1080.7 X77.317 Y103.02 E1263.01537
G1 F1090.1 X77.323 Y103.79 E1263.05942
G1 F1256.3 X77.226 Y104.471 E1263.09357
G1 F1500 X77.225 Y125.46 E1263.96619
G1 X77.271 Y125.862 E1263.98301
G1 F1482.2 X77.46 Y126.664 E1264.01768
G1 F1494 X77.79 Y127.371 E1264.05025
G1 F1569 X78.183 Y128.019 E1264.08037
G1 F1712.3 X78.753 Y128.6 E1264.11001
G1 F1918.2 X79.331 Y129.002 E1264.1329
G1 F1963.4 X80.106 Y129.37 E1264.16015
G1 F1879.7 X80.88 Y129.526 E1264.18635
G1 F1785.7 X81.291 Y129.558 E1264.20075
G1 F1663 X81.835 Y129.541 E1264.22116
G1 F1552.8 X82.379 Y129.524 E1264.24302
G1 F1500 X137.755 Y129.524 E1266.54528
G1 F1602.6 X138.708 Y129.557 E1266.58239
G1 F1781.5 X139.112 Y129.527 E1266.59657
G1 F1933 X139.783 Y129.39 E1266.61867
G1 F2021.6 X140.088 Y129.283 E1266.62864
G1 F1963.4 X140.76 Y128.957 E1266.65236
G1 F1851.9 X141.365 Y128.511 E1266.67767
G1 F1756.4 X141.864 Y127.931 E1266.70484
G1 F1641.1 X142.205 Y127.392 E1266.72907
G1 F1536.9 X142.543 Y126.665 E1266.76161
G1 F1500 X142.729 Y125.862 E1266.79588
G1 X142.775 Y125.457 E1266.81282
G1 X142.775 Y104.474 E1267.68519
G1 F1256.3 X142.678 Y103.789 E1267.71954
G1 F1090.1 X142.684 Y103.005 E1267.76439
G1 F1126.1 X142.7 Y102.471 E1267.79397
G1 F1304.3 X142.775 Y101.702 E1267.83092
G1 F1500 X142.775 Y97.605 E1268.00125
G1 X142.652 Y96.772 E1268.03626
G1 X142.373 Y96.023 E1268.06949
G1 X141.995 Y95.341 E1268.1019
G1 X141.485 Y94.768 E1268.1338
G1 X141.013 Y94.369 E1268.15949
G1 X140.376 Y93.971 E1268.19072
G1 X140.017 Y93.868 E1268.20625
G1 X140.334 Y94.382 E1268.23135
G1 X140.467 Y94.674 E1268.24469
G1 X140.665 Y95.343 E1268.2737
G1 X140.642 Y96.232 E1268.31067
G1 X140.42 Y96.986 E1268.34335
G1 X139.942 Y97.714 E1268.37956
M204 S5000
M205 X30 Y30
G0 F7200 X141.574 Y102.872
G0 X141.356 Y104.353
G0 X135.691 Y113.161
G0 X135.165 Y114.518
G0 X136.083 Y126.434
M204 S3000
M205 X20 Y20
G1 F1500 X136.079 Y126.375 E1268.38202
G1 X136.112 Y125.833 E1268.40459
G1 X136.302 Y125.117 E1268.43539
G1 X136.682 Y124.44 E1268.46767
G1 X137.24 Y123.907 E1268.49975
G1 X137.687 Y123.625 E1268.52172
G1 X138.405 Y123.383 E1268.55322
G1 X138.861 Y123.327 E1268.57232
G1 X139.709 Y123.396 E1268.6077
G1 X140.281 Y123.624 E1268.6333
G1 X140.927 Y124.044 E1268.66533
G1 X141.302 Y124.45 E1268.68831
G1 X141.567 Y124.853 E1268.70836
G1 X141.713 Y125.169 E1268.72284
G1 X141.914 Y125.821 E1268.7512
G1 X141.905 Y126.647 E1268.78554
G1 F1552.8 X141.703 Y127.314 E1268.81353
G1 F1652 X141.555 Y127.605 E1268.82586
G1 F1807.2 X141.146 Y128.164 E1268.84976
G1 F1994.7 X140.735 Y128.524 E1268.86684
G1 F2095 X140.176 Y128.854 E1268.88617
G1 F2066.1 X139.692 Y129.03 E1268.90171
G1 F1933 X139.071 Y129.123 E1268.92197
G1 F1748.3 X138.501 Y129.108 E1268.94231
G1 F1575.6 X137.844 Y128.932 E1268.96923
G1 F1500 X137.351 Y128.672 E1268.9924
G1 X136.775 Y128.145 E1269.02486
G1 X136.574 Y127.876 E1269.03882
G1 X136.218 Y127.156 E1269.07221
G1 X136.083 Y126.434 E1269.10275
M204 S5000
M205 X30 Y30
G0 F7200 X136.941 Y127.839
G0 X137.85 Y128.578
G0 X138.948 Y128.845
G0 X140.053 Y128.624
G0 X142.154 Y126.545
M204 S3000
M205 X20 Y20
G1 F1500 X142.36 Y126.34 E1269.11483
M204 S5000
M205 X30 Y30
G0 F7200 X142.16 Y125.833
M204 S3000
M205 X20 Y20
G1 F1500 X142.52 Y125.473 E1269.136
M204 S5000
M205 X30 Y30
G0 F7200 X142.007 Y125.278
M204 S3000
M205 X20 Y20
G1 F1500 X142.523 Y124.762 E1269.16634
M204 S5000
M205 X30 Y30
G0 F7200 X142.523 Y124.055
M204 S3000
M205 X20 Y20
G1 F1500 X141.803 Y124.775 E1269.20867
M204 S5000
M205 X30 Y30
G0 F7200 X141.529 Y124.342
M204 S3000
M205 X20 Y20
G1 F1500 X142.523 Y123.348 E1269.26712
M204 S5000
M205 X30 Y30
G0 F7200 X142.523 Y122.641
M204 S3000
M205 X20 Y20
G1 F1500 X141.196 Y123.968 E1269.34514
M204 S5000
M205 X30 Y30
G0 F7200 X140.797 Y123.66
M204 S3000
M205 X20 Y20
G1 F1500 X142.523 Y121.934 E1269.44662
M204 S5000
M205 X30 Y30
G0 F7200 X142.523 Y121.227
M204 S3000
M205 X20 Y20
G1 F1500 X140.362 Y123.388 E1269.57368
M204 S5000
M205 X30 Y30
G0 F7200 X139.857 Y123.186
M204 S3000
M205 X20 Y20
G1 F1500 X142.523 Y120.519 E1269.73046
M204 S5000
M205 X30 Y30
G0 F7200 X142.523 Y119.812
M204 S3000
M205 X20 Y20
G1 F1500 X139.229 Y123.107 E1269.92416
M204 S5000
M205 X30 Y30
G0 F7200 X138.51 Y123.118
M204 S3000
M205 X20 Y20
G1 F1500 X142.523 Y119.105 E1270.16011
M204 S5000
M205 X30 Y30
G0 F7200 X142.523 Y118.398
M204 S3000
M205 X20 Y20
G1 F1500 X137.433 Y123.488 E1270.45938
G1 X137.345 Y123.576
M204 S5000
M205 X30 Y30
G0 F7200 X136.275 Y124.646
M204 S3000
M205 X20 Y20
G1 F1500 X131.647 Y129.274 E1270.73149
M204 S5000
M205 X30 Y30
G0 F7200 X132.354 Y129.274
M204 S3000
M205 X20 Y20
G1 F1500 X135.871 Y125.757 E1270.93828
M204 S5000
M205 X30 Y30
G0 F7200 X135.839 Y126.497
M204 S3000
M205 X20 Y20
G1 F1500 X133.061 Y129.274 E1271.10159
M204 S5000
M205 X30 Y30
G0 F7200 X133.769 Y129.274
M204 S3000
M205 X20 Y20
G1 F1500 X135.95 Y127.093 E1271.22982
M204 S5000
M205 X30 Y30
G0 F7200 X136.155 Y127.595
M204 S3000
M205 X20 Y20
G1 F1500 X134.476 Y129.274 E1271.32854
M204 S5000
M205 X30 Y30
G0 F7200 X135.183 Y129.274
M204 S3000
M205 X20 Y20
G1 F1500 X136.4 Y128.057 E1271.40009
M204 S5000
M205 X30 Y30
G0 F7200 X136.724 Y128.44
M204 S3000
M205 X20 Y20
G1 F1500 X135.89 Y129.274 E1271.44913
M204 S5000
M205 X30 Y30
G0 F7200 X136.597 Y129.274
M204 S3000
M205 X20 Y20
G1 F1500 X137.095 Y128.776 E1271.47841
M204 S5000
M205 X30 Y30
G0 F7200 X137.532 Y129.046
M204 S3000
M205 X20 Y20
G1 F1500 X137.304 Y129.274 E1271.49182
M204 S5000
M205 X30 Y30
G0 F7200 X130.94 Y129.274
M204 S3000
M205 X20 Y20
G1 F1500 X142.523 Y117.691 E1272.17285
M204 S5000
M205 X30 Y30
G0 F7200 X142.523 Y116.984
M204 S3000
M205 X20 Y20
G1 F1500 X130.233 Y129.274 E1272.89546
M204 S5000
M205 X30 Y30
G0 F7200 X129.526 Y129.274
M204 S3000
M205 X20 Y20
G1 F1500 X142.523 Y116.277 E1273.65963
M204 S5000
M205 X30 Y30
G0 F7200 X142.523 Y115.57
M204 S3000
M205 X20 Y20
G1 F1500 X128.819 Y129.274 E1274.46537
M204 S5000
M205 X30 Y30
G0 F7200 X128.112 Y129.274
M204 S3000
M205 X20 Y20
G1 F1500 X142.523 Y114.863 E1275.31268
M204 S5000
M205 X30 Y30
G0 F7200 X142.523 Y114.156
M204 S3000
M205 X20 Y20
G1 F1500 X140.644 Y116.035 E1275.42316
M204 S5000
M205 X30 Y30
G0 F7200 X140.894 Y115.078
M204 S3000
M205 X20 Y20
G1 F1500 X142.523 Y113.448 E1275.51897
M204 S5000
M205 X30 Y30
G0 F7200 X142.523 Y112.741
M204 S3000
M205 X20 Y20
G1 F1500 X140.89 Y114.375 E1275.61501
M204 S5000
M205 X30 Y30
G0 F7200 X140.752 Y113.806
M204 S3000
M205 X20 Y20
G1 F1500 X142.523 Y112.034 E1275.71917
M204 S5000
M205 X30 Y30
G0 F7200 X142.523 Y111.327
M204 S3000
M205 X20 Y20
G1 F1500 X140.565 Y113.286 E1275.83432
M204 S5000
M205 X30 Y30
G0 F7200 X140.278 Y112.865
M204 S3000
M205 X20 Y20
G1 F1500 X142.523 Y110.62 E1275.96632
M204 S5000
M205 X30 Y30
G0 F7200 X142.523 Y109.913
M204 S3000
M205 X20 Y20
G1 F1500 X139.957 Y112.479 E1276.11719
M204 S5000
M205 X30 Y30
G0 F7200 X139.57 Y112.159
M204 S3000
M205 X20 Y20
G1 F1500 X142.523 Y109.206 E1276.29082
M204 S5000
M205 X30 Y30
G0 F7200 X142.523 Y108.499
M204 S3000
M205 X20 Y20
G1 F1500 X139.117 Y111.905 E1276.49108
M204 S5000
M205 X30 Y30
G0 F7200 X138.612 Y111.703
M204 S3000
M205 X20 Y20
G1 F1500 X142.523 Y107.792 E1276.72103
M204 S5000
M205 X30 Y30
G0 F7200 X142.523 Y107.084
M204 S3000
M205 X20 Y20
G1 F1500 X138.006 Y111.602 E1276.98664
M204 S5000
M205 X30 Y30
G0 F7200 X137.29 Y111.611
M204 S3000
M205 X20 Y20
G1 F1500 X142.523 Y106.377 E1277.29435
M204 S5000
M205 X30 Y30
G0 F7200 X142.523 Y105.67
M204 S3000
M205 X20 Y20
G1 F1500 X136.223 Y111.971 E1277.6648
G1 X136.135 Y112.059
M204 S5000
M205 X30 Y30
G0 F7200 X134.996 Y113.197
M204 S3000
M205 X20 Y20
G1 F1500 X118.919 Y129.274 E1278.61006
M204 S5000
M205 X30 Y30
G0 F7200 X119.626 Y129.274
M204 S3000
M205 X20 Y20
G1 F1500 X134.615 Y114.286 E1279.49133
M204 S5000
M205 X30 Y30
G0 F7200 X134.579 Y115.029
M204 S3000
M205 X20 Y20
G1 F1500 X120.334 Y129.274 E1280.32888
M204 S5000
M205 X30 Y30
G0 F7200 X121.041 Y129.274
M204 S3000
M205 X20 Y20
G1 F1500 X134.704 Y115.611 E1281.13221
M204 S5000
M205 X30 Y30
G0 F7200 X134.896 Y116.126
M204 S3000
M205 X20 Y20
G1 F1500 X121.748 Y129.274 E1281.90526
M204 S5000
M205 X30 Y30
G0 F7200 X122.455 Y129.274
M204 S3000
M205 X20 Y20
G1 F1500 X135.158 Y116.571 E1282.65215
M204 S5000
M205 X30 Y30
G0 F7200 X135.486 Y116.95
M204 S3000
M205 X20 Y20
G1 F1500 X123.162 Y129.274 E1283.37676
M204 S5000
M205 X30 Y30
G0 F7200 X123.869 Y129.274
M204 S3000
M205 X20 Y20
G1 F1500 X135.85 Y117.293 E1284.08119
M204 S5000
M205 X30 Y30
G0 F7200 X136.286 Y117.564
M204 S3000
M205 X20 Y20
G1 F1500 X124.576 Y129.274 E1284.7697
M204 S5000
M205 X30 Y30
G0 F7200 X125.283 Y129.274
M204 S3000
M205 X20 Y20
G1 F1500 X136.799 Y117.758 E1285.44679
M204 S5000
M205 X30 Y30
G0 F7200 X137.375 Y117.889
M204 S3000
M205 X20 Y20
G1 F1500 X125.99 Y129.274 E1286.11619
M204 S5000
M205 X30 Y30
G0 F7200 X126.697 Y129.274
M204 S3000
M205 X20 Y20
G1 F1500 X138.081 Y117.89 E1286.78552
G1 X138.169 Y117.802
M204 S5000
M205 X30 Y30
G0 F7200 X139.051 Y117.628
M204 S3000
M205 X20 Y20
G1 F1500 X127.405 Y129.274 E1287.47026
G1 X127.317 Y129.362
M204 S5000
M205 X30 Y30
G0 F7200 X118.212 Y129.274
M204 S3000
M205 X20 Y20
G1 F1500 X142.523 Y104.963 E1288.89966
M204 S5000
M205 X30 Y30
G0 F7200 X142.477 Y104.302
M204 S3000
M205 X20 Y20
G1 F1500 X117.505 Y129.274 E1290.36791
M204 S5000
M205 X30 Y30
G0 F7200 X116.798 Y129.274
M204 S3000
M205 X20 Y20
G1 F1500 X139.751 Y106.321 E1291.71746
M204 S5000
M205 X30 Y30
G0 F7200 X138.952 Y106.413
M204 S3000
M205 X20 Y20
G1 F1500 X116.091 Y129.274 E1293.0616
M204 S5000
M205 X30 Y30
G0 F7200 X115.384 Y129.274
M204 S3000
M205 X20 Y20
G1 F1500 X138.311 Y106.347 E1294.40962
M204 S5000
M205 X30 Y30
G0 F7200 X137.782 Y106.169
M204 S3000
M205 X20 Y20
G1 F1500 X114.677 Y129.274 E1295.76811
M204 S5000
M205 X30 Y30
G0 F7200 X113.97 Y129.274
M204 S3000
M205 X20 Y20
G1 F1500 X137.314 Y105.93 E1297.14064
M204 S5000
M205 X30 Y30
G0 F7200 X136.912 Y105.624
M204 S3000
M205 X20 Y20
G1 F1500 X113.262 Y129.274 E1298.53117
M204 S5000
M205 X30 Y30
G0 F7200 X112.555 Y129.274
M204 S3000
M205 X20 Y20
G1 F1500 X136.555 Y105.275 E1299.94225
M204 S5000
M205 X30 Y30
G0 F7200 X136.272 Y104.85
M204 S3000
M205 X20 Y20
G1 F1500 X111.848 Y129.274 E1301.37829
M204 S5000
M205 X30 Y30
G0 F7200 X111.141 Y129.274
M204 S3000
M205 X20 Y20
G1 F1500 X136.024 Y104.392 E1302.84129
M204 S5000
M205 X30 Y30
G0 F7200 X135.886 Y103.823
M204 S3000
M205 X20 Y20
G1 F1500 X110.434 Y129.274 E1304.33774
M204 S5000
M205 X30 Y30
G0 F7200 X109.728 Y129.273
M204 S3000
M205 X20 Y20
G1 F1500 X135.835 Y103.166 E1305.87273
M204 S5000
M205 X30 Y30
G0 F7200 X135.967 Y102.327
M204 S3000
M205 X20 Y20
G1 F1500 X109.021 Y129.273 E1307.45705
M204 S5000
M205 X30 Y30
G0 F7200 X108.313 Y129.273
M204 S3000
M205 X20 Y20
G1 F1500 X138.892 Y98.695 E1309.25495
M204 S5000
M205 X30 Y30
G0 F7200 X137.976 Y98.904
M204 S3000
M205 X20 Y20
G1 F1500 X107.606 Y129.273 E1311.04056
M204 S5000
M205 X30 Y30
G0 F7200 X106.899 Y129.273
M204 S3000
M205 X20 Y20
G1 F1500 X137.292 Y98.881 E1312.82752
M204 S5000
M205 X30 Y30
G0 F7200 X136.726 Y98.739
M204 S3000
M205 X20 Y20
G1 F1500 X106.192 Y129.273 E1314.6228
M204 S5000
M205 X30 Y30
G0 F7200 X105.485 Y129.273
M204 S3000
M205 X20 Y20
G1 F1500 X136.223 Y98.536 E1316.43005
M204 S5000
M205 X30 Y30
G0 F7200 X135.795 Y98.256
M204 S3000
M205 X20 Y20
G1 F1500 X104.778 Y129.273 E1318.25373
M204 S5000
M205 X30 Y30
G0 F7200 X104.071 Y129.273
M204 S3000
M205 X20 Y20
G1 F1500 X135.436 Y97.908 E1320.09787
M204 S5000
M205 X30 Y30
G0 F7200 X135.117 Y97.52
M204 S3000
M205 X20 Y20
G1 F1500 X103.364 Y129.273 E1321.96483
M204 S5000
M205 X30 Y30
G0 F7200 X102.657 Y129.273
M204 S3000
M205 X20 Y20
G1 F1500 X134.863 Y97.067 E1323.85842
M204 S5000
M205 X30 Y30
G0 F7200 X134.688 Y96.535
M204 S3000
M205 X20 Y20
G1 F1500 X101.949 Y129.273 E1325.78331
M204 S5000
M205 X30 Y30
G0 F7200 X101.242 Y129.273
M204 S3000
M205 X20 Y20
G1 F1500 X134.585 Y95.931 E1327.74373
M204 S5000
M205 X30 Y30
G0 F7200 X134.644 Y95.165
M204 S3000
M205 X20 Y20
G1 F1500 X100.535 Y129.273 E1329.74918
M204 S5000
M205 X30 Y30
G0 F7200 X99.828 Y129.273
M204 S3000
M205 X20 Y20
G1 F1500 X135.111 Y93.991 E1331.82365
G1 X135.199 Y93.903
M204 S5000
M205 X30 Y30
G0 F7200 X135.968 Y93.133
M204 S3000
M205 X20 Y20
G1 F1500 X137.611 Y91.491 E1331.92022
M204 S5000
M205 X30 Y30
G0 F7200 X137.783 Y92.026
M204 S3000
M205 X20 Y20
G1 F1500 X137.177 Y92.632 E1331.95585
M204 S5000
M205 X30 Y30
G0 F7200 X137.921 Y92.594
M204 S3000
M205 X20 Y20
G1 F1500 X138.009 Y92.507 E1331.961
M204 S5000
M205 X30 Y30
G0 F7200 X137.527 Y90.868
M204 S3000
M205 X20 Y20
G1 F1500 X99.121 Y129.273 E1334.2191
M204 S5000
M205 X30 Y30
G0 F7200 X98.414 Y129.273
M204 S3000
M205 X20 Y20
G1 F1500 X136.963 Y90.724 E1336.48563
M204 S5000
M205 X30 Y30
G0 F7200 X136.256 Y90.724
M204 S3000
M205 X20 Y20
G1 F1500 X97.707 Y129.273 E1338.75216
M204 S5000
M205 X30 Y30
G0 F7200 X97 Y129.273
M204 S3000
M205 X20 Y20
G1 F1500 X135.549 Y90.724 E1341.0187
M204 S5000
M205 X30 Y30
G0 F7200 X134.842 Y90.724
M204 S3000
M205 X20 Y20
G1 F1500 X96.293 Y129.273 E1343.28523
M204 S5000
M205 X30 Y30
G0 F7200 X95.585 Y129.273
M204 S3000
M205 X20 Y20
G1 F1500 X134.135 Y90.724 E1345.55179
M204 S5000
M205 X30 Y30
G0 F7200 X133.428 Y90.724
M204 S3000
M205 X20 Y20
G1 F1500 X94.878 Y129.273 E1347.81835
M204 S5000
M205 X30 Y30
G0 F7200 X94.171 Y129.273
M204 S3000
M205 X20 Y20
G1 F1500 X132.721 Y90.724 E1350.08492
M204 S5000
M205 X30 Y30
G0 F7200 X132.014 Y90.724
M204 S3000
M205 X20 Y20
G1 F1500 X93.464 Y129.273 E1352.35148
M204 S5000
M205 X30 Y30
G0 F7200 X92.757 Y129.273
M204 S3000
M205 X20 Y20
G1 F1500 X131.306 Y90.724 E1354.61801
M204 S5000
M205 X30 Y30
G0 F7200 X130.599 Y90.724
M204 S3000
M205 X20 Y20
G1 F1500 X92.05 Y129.273 E1356.88455
M204 S5000
M205 X30 Y30
G0 F7200 X91.343 Y129.273
M204 S3000
M205 X20 Y20
G1 F1500 X129.892 Y90.724 E1359.15108
M204 S5000
M205 X30 Y30
G0 F7200 X129.185 Y90.724
M204 S3000
M205 X20 Y20
G1 F1500 X90.636 Y129.273 E1361.41761
M204 S5000
M205 X30 Y30
G0 F7200 X89.929 Y129.273
M204 S3000
M205 X20 Y20
G1 F1500 X128.478 Y90.724 E1363.68415
M204 S5000
M205 X30 Y30
G0 F7200 X127.771 Y90.724
M204 S3000
M205 X20 Y20
G1 F1500 X89.222 Y129.273 E1365.95068
M204 S5000
M205 X30 Y30
G0 F7200 X88.514 Y129.273
M204 S3000
M205 X20 Y20
G1 F1500 X127.064 Y90.724 E1368.21724
M204 S5000
M205 X30 Y30
G0 F7200 X126.357 Y90.724
M204 S3000
M205 X20 Y20
G1 F1500 X87.807 Y129.273 E1370.48381
M204 S5000
M205 X30 Y30
G0 F7200 X87.1 Y129.273
M204 S3000
M205 X20 Y20
G1 F1500 X125.65 Y90.724 E1372.75037
M204 S5000
M205 X30 Y30
G0 F7200 X124.942 Y90.724
M204 S3000
M205 X20 Y20
G1 F1500 X86.393 Y129.273 E1375.0169
M204 S5000
M205 X30 Y30
G0 F7200 X85.686 Y129.273
M204 S3000
M205 X20 Y20
G1 F1500 X124.235 Y90.724 E1377.28344
M204 S5000
M205 X30 Y30
G0 F7200 X123.528 Y90.724
M204 S3000
M205 X20 Y20
G1 F1500 X84.979 Y129.273 E1379.54997
M204 S5000
M205 X30 Y30
G0 F7200 X84.272 Y129.273
M204 S3000
M205 X20 Y20
G1 F1500 X122.821 Y90.724 E1381.8165
M204 S5000
M205 X30 Y30
G0 F7200 X122.114 Y90.724
M204 S3000
M205 X20 Y20
G1 F1500 X83.565 Y129.273 E1384.08304
M204 S5000
M205 X30 Y30
G0 F7200 X82.858 Y129.273
M204 S3000
M205 X20 Y20
G1 F1500 X121.407 Y90.724 E1386.34957
M204 S5000
M205 X30 Y30
G0 F7200 X120.7 Y90.724
M204 S3000
M205 X20 Y20
G1 F1500 X83.857 Y127.567 E1388.5158
G1 X83.769 Y127.655
M204 S5000
M205 X30 Y30
G0 F7200 X84.149 Y126.568
M204 S3000
M205 X20 Y20
G1 F1500 X119.993 Y90.724 E1390.62329
M204 S5000
M205 X30 Y30
G0 F7200 X119.286 Y90.724
M204 S3000
M205 X20 Y20
G1 F1500 X84.152 Y125.858 E1392.68903
M204 S5000
M205 X30 Y30
G0 F7200 X84.013 Y125.29
M204 S3000
M205 X20 Y20
G1 F1500 X118.578 Y90.724 E1394.72135
M204 S5000
M205 X30 Y30
G0 F7200 X117.871 Y90.724
M204 S3000
M205 X20 Y20
G1 F1500 X83.806 Y124.79 E1396.72427
M204 S5000
M205 X30 Y30
G0 F7200 X83.551 Y124.338
M204 S3000
M205 X20 Y20
G1 F1500 X117.164 Y90.724 E1398.70062
M204 S5000
M205 X30 Y30
G0 F7200 X116.457 Y90.724
M204 S3000
M205 X20 Y20
G1 F1500 X83.198 Y123.984 E1400.65615
M204 S5000
M205 X30 Y30
G0 F7200 X82.821 Y123.653
M204 S3000
M205 X20 Y20
G1 F1500 X115.75 Y90.724 E1402.59225
M204 S5000
M205 X30 Y30
G0 F7200 X115.043 Y90.724
M204 S3000
M205 X20 Y20
G1 F1500 X82.381 Y123.386 E1404.51265
M204 S5000
M205 X30 Y30
G0 F7200 X81.851 Y123.209
M204 S3000
M205 X20 Y20
G1 F1500 X114.336 Y90.724 E1406.42264
M204 S5000
M205 X30 Y30
G0 F7200 X113.629 Y90.724
M204 S3000
M205 X20 Y20
G1 F1500 X81.258 Y123.095 E1408.32593
M204 S5000
M205 X30 Y30
G0 F7200 X80.524 Y123.122
M204 S3000
M205 X20 Y20
G1 F1500 X112.922 Y90.724 E1410.23081
M204 S5000
M205 X30 Y30
G0 F7200 X112.215 Y90.724
M204 S3000
M205 X20 Y20
G1 F1500 X79.414 Y123.525 E1412.15938
G1 X79.326 Y123.613
M204 S5000
M205 X30 Y30
G0 F7200 X78.219 Y124.72
M204 S3000
M205 X20 Y20
G1 F1500 X77.476 Y125.462 E1412.20304
M204 S5000
M205 X30 Y30
G0 F7200 X77.841 Y125.805
M204 S3000
M205 X20 Y20
G1 F1500 X77.579 Y126.067 E1412.21844
M204 S5000
M205 X30 Y30
G0 F7200 X77.829 Y126.524
M204 S3000
M205 X20 Y20
G1 F1500 X77.729 Y126.624 E1412.22432
M204 S5000
M205 X30 Y30
G0 F7200 X77.475 Y124.756
M204 S3000
M205 X20 Y20
G1 F1500 X111.507 Y90.724 E1414.22527
M204 S5000
M205 X30 Y30
G0 F7200 X110.8 Y90.724
M204 S3000
M205 X20 Y20
G1 F1500 X77.475 Y124.049 E1416.18466
M204 S5000
M205 X30 Y30
G0 F7200 X77.475 Y123.342
M204 S3000
M205 X20 Y20
G1 F1500 X82.983 Y117.834 E1416.50851
M204 S5000
M205 X30 Y30
G0 F7200 X82.192 Y117.918
M204 S3000
M205 X20 Y20
G1 F1500 X77.475 Y122.635 E1416.78585
M204 S5000
M205 X30 Y30
G0 F7200 X77.475 Y121.928
M204 S3000
M205 X20 Y20
G1 F1500 X81.556 Y117.847 E1417.02579
M204 S5000
M205 X30 Y30
G0 F7200 X81.031 Y117.665
M204 S3000
M205 X20 Y20
G1 F1500 X77.475 Y121.221 E1417.23487
M204 S5000
M205 X30 Y30
G0 F7200 X77.475 Y120.514
M204 S3000
M205 X20 Y20
G1 F1500 X80.564 Y117.424 E1417.41652
M204 S5000
M205 X30 Y30
G0 F7200 X80.163 Y117.119
M204 S3000
M205 X20 Y20
G1 F1500 X77.475 Y119.807 E1417.57457
M204 S5000
M205 X30 Y30
G0 F7200 X77.475 Y119.1
M204 S3000
M205 X20 Y20
G1 F1500 X79.805 Y116.77 E1417.71156
M204 S5000
M205 X30 Y30
G0 F7200 X79.521 Y116.346
M204 S3000
M205 X20 Y20
G1 F1500 X77.475 Y118.393 E1417.83189
M204 S5000
M205 X30 Y30
G0 F7200 X77.475 Y117.685
M204 S3000
M205 X20 Y20
G1 F1500 X79.287 Y115.874 E1417.9384
M204 S5000
M205 X30 Y30
G0 F7200 X79.129 Y115.324
M204 S3000
M205 X20 Y20
G1 F1500 X77.475 Y116.978 E1418.03565
M204 S5000
M205 X30 Y30
G0 F7200 X77.475 Y116.271
M204 S3000
M205 X20 Y20
G1 F1500 X79.093 Y114.653 E1418.13078
M204 S5000
M205 X30 Y30
G0 F7200 X79.253 Y113.786
M204 S3000
M205 X20 Y20
G1 F1500 X77.475 Y115.564 E1418.23532
M204 S5000
M205 X30 Y30
G0 F7200 X77.475 Y114.857
M204 S3000
M205 X20 Y20
G1 F1500 X101.609 Y90.723 E1419.65431
M204 S5000
M205 X30 Y30
G0 F7200 X102.316 Y90.723
M204 S3000
M205 X20 Y20
G1 F1500 X81.309 Y111.73 E1420.88944
M204 S5000
M205 X30 Y30
G0 F7200 X82.165 Y111.582
M204 S3000
M205 X20 Y20
G1 F1500 X103.023 Y90.723 E1422.11584
M204 S5000
M205 X30 Y30
G0 F7200 X103.73 Y90.723
M204 S3000
M205 X20 Y20
G1 F1500 X82.825 Y111.628 E1423.34497
M204 S5000
M205 X30 Y30
G0 F7200 X83.365 Y111.796
M204 S3000
M205 X20 Y20
G1 F1500 X104.437 Y90.723 E1424.58395
M204 S5000
M205 X30 Y30
G0 F7200 X105.144 Y90.723
M204 S3000
M205 X20 Y20
G1 F1500 X83.853 Y112.014 E1425.83578
M204 S5000
M205 X30 Y30
G0 F7200 X84.269 Y112.306
M204 S3000
M205 X20 Y20
G1 F1500 X105.851 Y90.723 E1427.10475
M204 S5000
M205 X30 Y30
G0 F7200 X106.558 Y90.723
M204 S3000
M205 X20 Y20
G1 F1500 X84.623 Y112.659 E1428.39447
M204 S5000
M205 X30 Y30
G0 F7200 X84.927 Y113.062
M204 S3000
M205 X20 Y20
G1 F1500 X107.265 Y90.723 E1429.70789
M204 S5000
M205 X30 Y30
G0 F7200 X107.973 Y90.723
M204 S3000
M205 X20 Y20
G1 F1500 X85.18 Y113.516 E1431.04803
M204 S5000
M205 X30 Y30
G0 F7200 X85.336 Y114.067
M204 S3000
M205 X20 Y20
G1 F1500 X108.68 Y90.723 E1432.42057
M204 S5000
M205 X30 Y30
G0 F7200 X109.387 Y90.723
M204 S3000
M205 X20 Y20
G1 F1500 X85.412 Y114.698 E1433.83021
M204 S5000
M205 X30 Y30
G0 F7200 X85.316 Y115.501
M204 S3000
M205 X20 Y20
G1 F1500 X110.093 Y90.724 E1435.287
G1 X110.181 Y90.636
M204 S5000
M205 X30 Y30
G0 F7200 X100.902 Y90.723
M204 S3000
M205 X20 Y20
G1 F1500 X77.475 Y114.15 E1436.66442
M204 S5000
M205 X30 Y30
G0 F7200 X77.475 Y113.443
M204 S3000
M205 X20 Y20
G1 F1500 X100.194 Y90.723 E1438.00024
M204 S5000
M205 X30 Y30
G0 F7200 X99.487 Y90.723
M204 S3000
M205 X20 Y20
G1 F1500 X77.475 Y112.736 E1439.29449
M204 S5000
M205 X30 Y30
G0 F7200 X77.475 Y112.029
M204 S3000
M205 X20 Y20
G1 F1500 X98.78 Y90.723 E1440.54717
M204 S5000
M205 X30 Y30
G0 F7200 X98.073 Y90.723
M204 S3000
M205 X20 Y20
G1 F1500 X77.475 Y111.321 E1441.75826
M204 S5000
M205 X30 Y30
G0 F7200 X77.475 Y110.614
M204 S3000
M205 X20 Y20
G1 F1500 X81.766 Y106.324 E1442.01052
M204 S5000
M205 X30 Y30
G0 F7200 X80.964 Y106.418
M204 S3000
M205 X20 Y20
G1 F1500 X77.475 Y109.907 E1442.21566
M204 S5000
M205 X30 Y30
G0 F7200 X77.475 Y109.2
M204 S3000
M205 X20 Y20
G1 F1500 X80.327 Y106.348 E1442.38335
M204 S5000
M205 X30 Y30
G0 F7200 X79.798 Y106.17
M204 S3000
M205 X20 Y20
G1 F1500 X77.475 Y108.493 E1442.51993
M204 S5000
M205 X30 Y30
G0 F7200 X77.475 Y107.786
M204 S3000
M205 X20 Y20
G1 F1500 X79.326 Y105.935 E1442.62876
M204 S5000
M205 X30 Y30
G0 F7200 X78.923 Y105.631
M204 S3000
M205 X20 Y20
G1 F1500 X77.475 Y107.079 E1442.7139
M204 S5000
M205 X30 Y30
G0 F7200 X77.475 Y106.372
M204 S3000
M205 X20 Y20
G1 F1500 X78.565 Y105.281 E1442.77802
M204 S5000
M205 X30 Y30
G0 F7200 X78.279 Y104.861
M204 S3000
M205 X20 Y20
G1 F1500 X77.475 Y105.665 E1442.82529
M204 S5000
M205 X30 Y30
G0 F7200 X77.475 Y104.957
M204 S3000
M205 X20 Y20
G1 F1500 X78.041 Y104.391 E1442.85857
M204 S5000
M205 X30 Y30
G0 F7200 X77.771 Y103.955
M204 S3000
M205 X20 Y20
G1 F1500 X77.557 Y104.168 E1442.87112
M204 S5000
M205 X30 Y30
G0 F7200 X77.503 Y102.101
M204 S3000
M205 X20 Y20
G1 F1500 X80.967 Y98.637 E1443.07479
M204 S5000
M205 X30 Y30
G0 F7200 X80.495 Y98.402
M204 S3000
M205 X20 Y20
G1 F1500 X77.476 Y101.421 E1443.2523
M204 S5000
M205 X30 Y30
G0 F7200 X77.476 Y100.714
M204 S3000
M205 X20 Y20
G1 F1500 X80.11 Y98.079 E1443.40719
M204 S5000
M205 X30 Y30
G0 F7200 X79.764 Y97.719
M204 S3000
M205 X20 Y20
G1 F1500 X77.476 Y100.007 E1443.54172
M204 S5000
M205 X30 Y30
G0 F7200 X77.476 Y99.3
M204 S3000
M205 X20 Y20
G1 F1500 X79.482 Y97.294 E1443.65967
M204 S5000
M205 X30 Y30
G0 F7200 X79.267 Y96.802
M204 S3000
M205 X20 Y20
G1 F1500 X77.476 Y98.593 E1443.76497
M204 S5000
M205 X30 Y30
G0 F7200 X77.476 Y97.886
M204 S3000
M205 X20 Y20
G1 F1500 X79.108 Y96.254 E1443.86092
M204 S5000
M205 X30 Y30
G0 F7200 X79.091 Y95.564
M204 S3000
M205 X20 Y20
G1 F1500 X77.553 Y97.102 E1443.95135
G1 X77.465 Y97.19
M204 S5000
M205 X30 Y30
G0 F7200 X77.897 Y96.05
M204 S3000
M205 X20 Y20
G1 F1500 X79.271 Y94.676 E1444.03214
G1 X79.359 Y94.588
M204 S5000
M205 X30 Y30
G0 F7200 X82.062 Y92.592
M204 S3000
M205 X20 Y20
G1 F1500 X83.931 Y90.723 E1444.14203
M204 S5000
M205 X30 Y30
G0 F7200 X84.638 Y90.723
M204 S3000
M205 X20 Y20
G1 F1500 X82.744 Y92.618 E1444.25342
M204 S5000
M205 X30 Y30
G0 F7200 X83.299 Y92.77
M204 S3000
M205 X20 Y20
G1 F1500 X85.345 Y90.723 E1444.37374
M204 S5000
M205 X30 Y30
G0 F7200 X86.052 Y90.723
M204 S3000
M205 X20 Y20
G1 F1500 X83.801 Y92.975 E1444.50612
M204 S5000
M205 X30 Y30
G0 F7200 X84.219 Y93.264
M204 S3000
M205 X20 Y20
G1 F1500 X86.759 Y90.723 E1444.6555
M204 S5000
M205 X30 Y30
G0 F7200 X87.466 Y90.723
M204 S3000
M205 X20 Y20
G1 F1500 X84.582 Y93.608 E1444.82509
M204 S5000
M205 X30 Y30
G0 F7200 X84.895 Y94.002
M204 S3000
M205 X20 Y20
G1 F1500 X88.174 Y90.723 E1445.01789
M204 S5000
M205 X30 Y30
G0 F7200 X88.881 Y90.723
M204 S3000
M205 X20 Y20
G1 F1500 X85.142 Y94.463 E1445.23775
M204 S5000
M205 X30 Y30
G0 F7200 X85.318 Y94.993
M204 S3000
M205 X20 Y20
G1 F1500 X89.588 Y90.723 E1445.48881
M204 S5000
M205 X30 Y30
G0 F7200 X90.295 Y90.723
M204 S3000
M205 X20 Y20
G1 F1500 X85.414 Y95.604 E1445.7758
M204 S5000
M205 X30 Y30
G0 F7200 X85.345 Y96.38
M204 S3000
M205 X20 Y20
G1 F1500 X91.002 Y90.723 E1446.10841
M204 S5000
M205 X30 Y30
G0 F7200 X91.709 Y90.723
M204 S3000
M205 X20 Y20
G1 F1500 X84.824 Y97.609 E1446.51325
M204 S5000
M205 X30 Y30
G0 F7200 X84.13 Y98.302
M204 S3000
M205 X20 Y20
G1 F1500 X82.136 Y100.297 E1446.63052
M204 S5000
M205 X30 Y30
G0 F7200 X82.615 Y100.525
M204 S3000
M205 X20 Y20
G1 F1500 X92.416 Y90.723 E1447.20681
M204 S5000
M205 X30 Y30
G0 F7200 X93.123 Y90.723
M204 S3000
M205 X20 Y20
G1 F1500 X83.032 Y100.815 E1447.80015
M204 S5000
M205 X30 Y30
G0 F7200 X83.386 Y101.168
M204 S3000
M205 X20 Y20
G1 F1500 X93.83 Y90.723 E1448.41425
M204 S5000
M205 X30 Y30
G0 F7200 X94.538 Y90.723
M204 S3000
M205 X20 Y20
G1 F1500 X83.683 Y101.578 E1449.05248
M204 S5000
M205 X30 Y30
G0 F7200 X83.939 Y102.029
M204 S3000
M205 X20 Y20
G1 F1500 X95.245 Y90.723 E1449.71723
M204 S5000
M205 X30 Y30
G0 F7200 X95.952 Y90.723
M204 S3000
M205 X20 Y20
G1 F1500 X84.087 Y102.588 E1450.41484
M204 S5000
M205 X30 Y30
G0 F7200 X84.164 Y103.219
M204 S3000
M205 X20 Y20
G1 F1500 X96.659 Y90.723 E1451.14953
M204 S5000
M205 X30 Y30
G0 F7200 X97.366 Y90.723
M204 S3000
M205 X20 Y20
G1 F1500 X84.059 Y104.03 E1451.93193
G1 X83.971 Y104.118
M204 S5000
M205 X30 Y30
G0 F7200 X83.429 Y102.321
G0 X81.589 Y100.136
M204 S3000
M205 X20 Y20
G1 F1500 X82.854 Y98.871 E1452.00631
M204 S5000
M205 X30 Y30
G0 F7200 X82.106 Y98.912
M204 S3000
M205 X20 Y20
G1 F1500 X80.941 Y100.078 E1452.07484
M204 S5000
M205 X30 Y30
G0 F7200 X80.098 Y100.213
M204 S3000
M205 X20 Y20
G1 F1500 X81.467 Y98.844 E1452.15533
G1 X81.555 Y98.756
M204 S5000
M205 X30 Y30
G0 F7200 X80.313 Y97.486
G0 X79.676 Y96.128
G0 X79.894 Y94.648
G0 X82.378 Y91.569
M204 S3000
M205 X20 Y20
G1 F1500 X83.224 Y90.723 E1452.20507
G1 X83.312 Y90.635
M204 S5000
M205 X30 Y30
G0 F7200 X84.679 Y94.821
G0 X84.835 Y114.982
G0 X83.585 Y126.482
G0 X82.274 Y129.15
M204 S3000
M205 X20 Y20
G1 F1500 X82.136 Y129.288 E1452.21318
M204 S5000
M205 X30 Y30
G0 F7200 X138.065 Y100.229
M204 S3000
M205 X20 Y20
G1 F1500 X142.149 Y96.145 E1452.45331
M204 S5000
M205 X30 Y30
G0 F7200 X141.9 Y95.687
M204 S3000
M205 X20 Y20
G1 F1500 X140.711 Y96.876 E1452.52322
M204 S5000
M205 X30 Y30
G0 F7200 X140.898 Y95.981
M204 S3000
M205 X20 Y20
G1 F1500 X141.602 Y95.278 E1452.56458
M204 S5000
M205 X30 Y30
G0 F7200 X141.264 Y94.909
M204 S3000
M205 X20 Y20
G1 F1500 X140.904 Y95.269 E1452.58575
M204 S5000
M205 X30 Y30
G0 F7200 X140.742 Y94.724
M204 S3000
M205 X20 Y20
G1 F1500 X140.881 Y94.585 E1452.59392
M204 S5000
M205 X30 Y30
G0 F7200 X142.341 Y96.66
M204 S3000
M205 X20 Y20
G1 F1500 X138.925 Y100.076 E1452.79477
M204 S5000
M205 X30 Y30
G0 F7200 X139.576 Y100.132
M204 S3000
M205 X20 Y20
G1 F1500 X142.467 Y97.242 E1452.96472
M204 S5000
M205 X30 Y30
G0 F7200 X142.524 Y97.891
M204 S3000
M205 X20 Y20
G1 F1500 X140.124 Y100.291 E1453.10583
M204 S5000
M205 X30 Y30
G0 F7200 X140.598 Y100.524
M204 S3000
M205 X20 Y20
G1 F1500 X142.524 Y98.598 E1453.21907
M204 S5000
M205 X30 Y30
G0 F7200 X142.524 Y99.306
M204 S3000
M205 X20 Y20
G1 F1500 X141.035 Y100.795 E1453.30662
M204 S5000
M205 X30 Y30
G0 F7200 X141.377 Y101.16
M204 S3000
M205 X20 Y20
G1 F1500 X142.524 Y100.013 E1453.37406
M204 S5000
M205 X30 Y30
G0 F7200 X142.524 Y100.72
M204 S3000
M205 X20 Y20
G1 F1500 X141.677 Y101.567 E1453.42386
M204 S5000
M205 X30 Y30
G0 F7200 X141.941 Y102.01
M204 S3000
M205 X20 Y20
G1 F1500 X142.524 Y101.427 E1453.45813
M204 S5000
M205 X30 Y30
G0 F7200 X142.419 Y102.239
M204 S3000
M205 X20 Y20
G1 F1500 X142.204 Y102.454 E1453.47078
M204 S5000
M205 X30 Y30
;MESH:NONMESH
G0 F600 X142.204 Y102.454 Z1.5
G0 F7200 X140.629 Y101.228
G0 X139.613 Y100.727
G0 X82.302 Y93.155
G0 X80.859 Y93.033
G0 X80.791 Y92.932
;TIME_ELAPSED:1325.509026
;LAYER:6
M204 S3000
M205 X20 Y20
;TYPE:WALL-INNER
;MESH:Pi Holder.stl
G1 F3082.8 X80.257 Y93.278 E1453.50527
G1 F3279 X79.515 Y93.478 E1453.54444
G1 F3743 X78.704 Y93.983 E1453.5871
G1 F4020 X78.179 Y94.427 E1453.61569
G1 X77.608 Y95.074 E1453.65156
G1 X77.195 Y95.823 E1453.68712
G1 X76.888 Y96.634 E1453.72318
G1 X76.751 Y97.576 E1453.76275
G1 X76.75 Y125.486 E1454.92312
G1 X76.802 Y125.943 E1454.94224
G1 X77.002 Y126.817 E1454.97951
G1 X77.39 Y127.625 E1455.01678
G1 X77.893 Y128.361 E1455.05384
G1 X78.538 Y128.96 E1455.09044
G1 X79.125 Y129.36 E1455.11997
G1 X79.928 Y129.746 E1455.15701
G1 X80.806 Y129.948 E1455.19447
G1 X81.266 Y130 E1455.21371
G1 X138.734 Y130 E1457.60296
G1 X139.194 Y129.948 E1457.6222
G1 X140.072 Y129.746 E1457.65966
G1 X140.875 Y129.36 E1457.6967
G1 X141.616 Y128.853 E1457.73403
G1 X142.212 Y128.21 E1457.77048
G1 X142.61 Y127.625 E1457.7999
G1 X142.996 Y126.821 E1457.83698
G1 X143.198 Y125.944 E1457.87439
G1 X143.25 Y125.485 E1457.8936
G1 X143.25 Y97.572 E1459.05408
G1 X143.112 Y96.634 E1459.0935
G1 X142.806 Y95.823 E1459.12954
G1 X142.388 Y95.068 E1459.16542
G1 X141.819 Y94.425 E1459.20112
G1 X141.296 Y93.983 E1459.22958
G1 F3743 X140.489 Y93.481 E1459.27202
G1 F3284.3 X139.742 Y93.278 E1459.31141
G1 F3082.8 X139.209 Y92.931 E1459.34589
G1 F3483.5 X138.686 Y92.23 E1459.38785
G1 F4020 X138.415 Y91.691 E1459.41294
G1 X138.25 Y91.006 E1459.44223
G1 X138.25 Y90 E1459.48405
G1 X81.75 Y90 E1461.83305
G1 X81.75 Y90.999 E1461.87459
G1 X81.584 Y91.693 E1461.90425
G1 X81.312 Y92.232 E1461.92935
G1 F3489.6 X80.791 Y92.932 E1461.97115
M204 S5000
M205 X30 Y30
G0 F7200 X80.857 Y93.035
G0 X79.894 Y94.648
G0 X79.634 Y96.199
G0 X79.828 Y96.142
M204 S3000
M205 X20 Y20
G1 F4020 X79.815 Y95.5 E1461.99784
G1 X79.831 Y95.341 E1462.00449
G1 X80.018 Y94.71 E1462.03185
G1 F3872.8 X80.306 Y94.267 E1462.05465
G1 F3608.6 X80.594 Y93.823 E1462.07916
G1 F3273.6 X81.144 Y93.481 E1462.11223
G1 F3489.6 X81.73 Y93.357 E1462.14092
G1 F4020 X82.361 Y93.302 E1462.16725
G1 X82.708 Y93.341 E1462.18177
G1 X83.262 Y93.521 E1462.20598
G1 X83.64 Y93.73 E1462.22394
G1 X84.12 Y94.17 E1462.25101
G1 X84.254 Y94.343 E1462.26011
G1 X84.558 Y94.913 E1462.28697
G1 X84.692 Y95.535 E1462.31342
G1 X84.691 Y95.974 E1462.33167
G1 X84.543 Y96.639 E1462.36
G1 X84.197 Y97.252 E1462.38926
G1 X83.739 Y97.698 E1462.41584
G1 X83.339 Y97.953 E1462.43556
G1 X82.735 Y98.156 E1462.46205
G1 X82.302 Y98.205 E1462.48017
G1 X81.623 Y98.131 E1462.50857
G1 X80.963 Y97.847 E1462.53844
G1 X80.415 Y97.389 E1462.56813
G1 X80.018 Y96.788 E1462.59808
G1 X79.828 Y96.142 E1462.62607
M204 S5000
M205 X30 Y30
G0 F7200 X79.634 Y96.199
G0 X78.365 Y103.001
G0 X78.565 Y103.001
M204 S3000
M205 X20 Y20
G1 F4020 X78.596 Y102.784 E1462.63519
G1 X78.83 Y102.115 E1462.66465
G1 X79.202 Y101.582 E1462.69168
G1 X79.526 Y101.295 E1462.70967
G1 X79.98 Y101.02 E1462.73174
G1 X80.415 Y100.868 E1462.7509
G1 X81.023 Y100.8 E1462.77633
G1 X81.526 Y100.857 E1462.79738
G1 X82.083 Y101.046 E1462.82183
G1 X82.465 Y101.275 E1462.84035
G1 X82.962 Y101.768 E1462.86945
G1 X83.293 Y102.364 E1462.8978
G1 X83.438 Y102.998 E1462.92484
G1 X83.445 Y103.428 E1462.94272
G1 X83.302 Y104.12 E1462.97209
G1 X82.957 Y104.741 E1463.00163
G1 X82.467 Y105.216 E1463.03
G1 X82.081 Y105.452 E1463.04881
G1 X81.481 Y105.659 E1463.0752
G1 X81.115 Y105.698 E1463.0905
G1 X80.486 Y105.643 E1463.11675
G1 X80.273 Y105.588 E1463.1259
G1 X79.632 Y105.279 E1463.15548
G1 X79.107 Y104.801 E1463.185
G1 X78.739 Y104.19 E1463.21466
G1 X78.576 Y103.629 E1463.23894
G1 X78.565 Y103.001 E1463.26506
M204 S5000
M205 X30 Y30
G0 F7200 X78.365 Y103.001
G0 X79.615 Y114.999
G0 X79.815 Y114.999
M204 S3000
M205 X20 Y20
G1 F4020 X79.846 Y114.284 E1463.29481
G1 X80.08 Y113.615 E1463.32428
G1 X80.452 Y113.082 E1463.3513
G1 X80.776 Y112.795 E1463.3693
G1 X81.184 Y112.546 E1463.38917
G1 X81.677 Y112.366 E1463.41099
G1 X82.306 Y112.294 E1463.43731
G1 X82.741 Y112.348 E1463.45553
G1 X83.346 Y112.549 E1463.48204
G1 X83.721 Y112.787 E1463.5005
G1 X84.201 Y113.247 E1463.52814
G1 X84.55 Y113.881 E1463.55823
G1 X84.697 Y114.535 E1463.5861
G1 X84.687 Y115.007 E1463.60573
G1 X84.548 Y115.624 E1463.63202
G1 X84.202 Y116.251 E1463.6618
G1 X83.721 Y116.713 E1463.68952
G1 X83.346 Y116.951 E1463.70799
G1 X82.74 Y117.152 E1463.73453
G1 X82.277 Y117.2 E1463.75389
G1 X81.644 Y117.133 E1463.78035
G1 X81.068 Y116.894 E1463.80628
G1 X80.882 Y116.779 E1463.81537
G1 X80.357 Y116.301 E1463.84489
G1 X79.989 Y115.69 E1463.87454
G1 X79.826 Y115.129 E1463.89883
G1 X79.815 Y114.999 E1463.90426
M204 S5000
M205 X30 Y30
G0 F7200 X79.615 Y114.999
G0 X78.365 Y126.001
G0 X78.565 Y126.001
M204 S3000
M205 X20 Y20
G1 F4020 X78.57 Y125.906 E1463.90821
G1 X78.739 Y125.31 E1463.93397
G1 X78.83 Y125.115 E1463.94291
G1 X79.202 Y124.582 E1463.96994
G1 X79.526 Y124.295 E1463.98793
G1 X80.085 Y123.976 E1464.01469
G1 X80.499 Y123.855 E1464.03262
G1 X81.041 Y123.8 E1464.05527
G1 X81.488 Y123.847 E1464.07396
G1 X82.081 Y124.048 E1464.09999
G1 X82.467 Y124.284 E1464.1188
G1 X82.958 Y124.76 E1464.14723
G1 X83.287 Y125.354 E1464.17546
G1 X83.428 Y125.949 E1464.20088
G1 X83.446 Y126.386 E1464.21907
G1 X83.322 Y127.022 E1464.24601
G1 X83.004 Y127.657 E1464.27553
G1 X82.522 Y128.168 E1464.30474
G1 X82.099 Y128.451 E1464.3259
G1 X81.446 Y128.661 E1464.35441
G1 X81.042 Y128.705 E1464.37131
G1 X80.412 Y128.631 E1464.39768
G1 X79.999 Y128.49 E1464.41583
G1 X79.494 Y128.185 E1464.44035
G1 X79.202 Y127.918 E1464.4568
G1 X78.83 Y127.385 E1464.48383
G1 X78.739 Y127.19 E1464.49277
G1 X78.569 Y126.583 E1464.51898
G1 X78.565 Y126.001 E1464.54318
M204 S5000
M205 X30 Y30
G0 F7200 X78.365 Y126.001
G0 X79.038 Y124.55
G0 X79.947 Y123.876
G0 X135.115 Y114.465
G0 X135.311 Y114.509
M204 S3000
M205 X20 Y20
G1 F4020 X135.461 Y113.853 E1464.57115
G1 X135.814 Y113.233 E1464.60082
G1 X136.279 Y112.787 E1464.6276
G1 X136.654 Y112.549 E1464.64607
G1 X137.259 Y112.348 E1464.67257
G1 X137.705 Y112.299 E1464.69123
G1 X138.306 Y112.362 E1464.71635
G1 X138.665 Y112.476 E1464.73201
G1 X139.224 Y112.795 E1464.75877
G1 X139.548 Y113.082 E1464.77677
G1 X139.92 Y113.615 E1464.80379
G1 X140.154 Y114.284 E1464.83325
G1 X140.186 Y114.501 E1464.84237
G1 X140.175 Y115.129 E1464.86849
G1 X140.011 Y115.69 E1464.89279
G1 X139.643 Y116.301 E1464.92244
G1 X139.046 Y116.844 E1464.95599
G1 X138.385 Y117.126 E1464.98587
G1 X137.7 Y117.205 E1465.01454
G1 X137.332 Y117.166 E1465.02992
G1 X136.658 Y116.954 E1465.0593
G1 X136.279 Y116.713 E1465.07797
G1 X135.798 Y116.251 E1465.1057
G1 X135.452 Y115.624 E1465.13547
G1 X135.313 Y115.007 E1465.16177
G1 X135.304 Y114.614 E1465.17811
G1 X135.311 Y114.509 E1465.18249
M204 S5000
M205 X30 Y30
G0 F7200 X135.115 Y114.465
G0 X136.361 Y103.519
G0 X136.555 Y103.477
M204 S3000
M205 X20 Y20
G1 F4020 X136.554 Y103.114 E1465.19758
G1 X136.559 Y103.021 E1465.20145
G1 X136.706 Y102.364 E1465.22944
G1 X137.038 Y101.768 E1465.2578
G1 X137.535 Y101.276 E1465.28688
G1 X137.919 Y101.044 E1465.30553
G1 X138.475 Y100.857 E1465.32992
G1 X138.977 Y100.8 E1465.35092
G1 X139.585 Y100.869 E1465.37636
G1 X139.984 Y101.003 E1465.39386
G1 X140.555 Y101.343 E1465.42149
G1 X140.904 Y101.711 E1465.44258
G1 X141.17 Y102.115 E1465.46269
G1 X141.403 Y102.784 E1465.49214
G1 X141.436 Y103.001 E1465.50127
G1 X141.425 Y103.629 E1465.52738
G1 X141.26 Y104.19 E1465.55169
G1 X140.893 Y104.801 E1465.58132
G1 X140.368 Y105.279 E1465.61084
G1 X140.182 Y105.394 E1465.61993
G1 X139.514 Y105.643 E1465.64957
G1 X138.885 Y105.698 E1465.67582
G1 X138.511 Y105.653 E1465.69148
G1 X137.919 Y105.452 E1465.71748
G1 X137.533 Y105.216 E1465.73629
G1 X137.04 Y104.738 E1465.76484
G1 X136.696 Y104.107 E1465.79472
G1 X136.555 Y103.477 E1465.82156
M204 S5000
M205 X30 Y30
G0 F7200 X136.361 Y103.519
G0 X135.111 Y96.017
G0 X135.309 Y95.974
M204 S3000
M205 X20 Y20
G1 F4020 X135.304 Y95.614 E1465.83652
G1 X135.308 Y95.535 E1465.83981
G1 X135.443 Y94.91 E1465.8664
G1 X135.746 Y94.343 E1465.89312
G1 X135.88 Y94.17 E1465.90222
G1 X136.36 Y93.73 E1465.92929
G1 X136.738 Y93.521 E1465.94725
G1 X137.292 Y93.341 E1465.97147
G1 X137.637 Y93.301 E1465.98591
G1 X138.269 Y93.357 E1466.01229
G1 F3483.5 X138.856 Y93.481 E1466.04107
G1 F3268.3 X139.403 Y93.817 E1466.0739
G1 F3608.6 X139.691 Y94.261 E1466.09841
G1 F3872.8 X139.979 Y94.706 E1466.12129
G1 F4020 X140.188 Y95.406 E1466.15166
G1 X140.172 Y96.143 E1466.18231
G1 X139.983 Y96.786 E1466.21017
G1 X139.585 Y97.389 E1466.24021
G1 X139.037 Y97.847 E1466.2699
G1 X138.377 Y98.131 E1466.29977
G1 X137.698 Y98.205 E1466.32817
G1 X137.297 Y98.16 E1466.34495
G1 X136.661 Y97.953 E1466.37275
G1 X136.261 Y97.698 E1466.39247
G1 X135.803 Y97.256 E1466.41894
G1 X135.455 Y96.63 E1466.44871
G1 X135.309 Y95.974 E1466.47665
M204 S5000
M205 X30 Y30
G0 F7200 X135.111 Y96.017
G0 X135.165 Y114.982
G0 X136.379 Y125.906
G0 X136.572 Y125.949
M204 S3000
M205 X20 Y20
G1 F4020 X136.714 Y125.348 E1466.50233
G1 X137.042 Y124.761 E1466.53029
G1 X137.533 Y124.284 E1466.55875
G1 X137.919 Y124.048 E1466.57756
G1 X138.512 Y123.847 E1466.60359
G1 X138.959 Y123.8 E1466.62227
G1 X139.501 Y123.855 E1466.64492
G1 X140.066 Y124.046 E1466.66972
G1 X140.604 Y124.395 E1466.69638
G1 X140.904 Y124.711 E1466.7145
G1 X141.26 Y125.31 E1466.74347
G1 X141.436 Y125.936 E1466.7705
G1 X141.432 Y126.583 E1466.7974
G1 X141.232 Y127.291 E1466.82799
G1 X140.834 Y127.88 E1466.85754
G1 X140.507 Y128.185 E1466.87613
G1 X140.001 Y128.49 E1466.9007
G1 X139.588 Y128.631 E1466.91884
G1 X139.024 Y128.697 E1466.94245
G1 X138.604 Y128.669 E1466.95995
G1 X137.988 Y128.479 E1466.98675
G1 X137.61 Y128.27 E1467.00471
G1 X137.13 Y127.831 E1467.03175
G1 X136.754 Y127.223 E1467.06147
G1 X136.572 Y126.551 E1467.09042
G1 X136.554 Y126.114 E1467.1086
G1 X136.572 Y125.949 E1467.1155
M204 S5000
M205 X30 Y30
G0 F7200 X137.054 Y126.114
M204 S3000
M205 X20 Y20
;TYPE:WALL-OUTER
G1 F2040 X137.06 Y126.059 E1467.1178
G1 X137.175 Y125.556 E1467.13925
G1 X137.459 Y125.049 E1467.16341
G1 X137.845 Y124.675 E1467.18576
G1 X138.105 Y124.514 E1467.19847
G1 X138.626 Y124.334 E1467.22139
G1 X138.927 Y124.3 E1467.23398
G1 X139.447 Y124.352 E1467.25571
G1 X139.806 Y124.473 E1467.27146
G1 X140.257 Y124.755 E1467.29358
G1 X140.486 Y124.985 E1467.30707
G1 X140.772 Y125.419 E1467.32868
G1 X140.934 Y125.969 E1467.35252
G1 X140.934 Y126.527 E1467.37571
G1 X140.782 Y127.046 E1467.3982
G1 X140.487 Y127.515 E1467.42123
G1 X140.225 Y127.771 E1467.43646
G1 X139.784 Y128.039 E1467.45792
G1 X139.476 Y128.143 E1467.47143
G1 X138.974 Y128.199 E1467.49243
G1 X138.631 Y128.169 E1467.50675
G1 X138.098 Y127.982 E1467.53023
G1 X137.826 Y127.809 E1467.54363
G1 X137.433 Y127.413 E1467.56683
G1 X137.191 Y126.979 E1467.58749
G1 X137.06 Y126.441 E1467.61051
G1 X137.054 Y126.114 E1467.62411
M204 S5000
M205 X30 Y30
G0 F7200 X137.06 Y126.059
G0 X137.092 Y125.918
G0 X136.41 Y125.765
G0 X135.124 Y115.079
G0 X135.807 Y114.927
M204 S3000
M205 X20 Y20
G1 F2040 X135.804 Y114.614 E1467.63712
G1 X135.806 Y114.579 E1467.63858
G1 X135.923 Y114.06 E1467.6607
G1 X136.199 Y113.558 E1467.68451
G1 X136.593 Y113.176 E1467.70733
G1 X136.851 Y113.016 E1467.71995
G1 X137.375 Y112.834 E1467.74301
G1 X137.7 Y112.799 E1467.7566
G1 X138.216 Y112.854 E1467.77818
G1 X138.556 Y112.973 E1467.79315
G1 X138.964 Y113.222 E1467.81303
G1 X139.201 Y113.442 E1467.82647
G1 X139.502 Y113.889 E1467.84888
G1 X139.686 Y114.463 E1467.87394
G1 X139.682 Y115.043 E1467.89805
G1 X139.532 Y115.546 E1467.91987
G1 X139.227 Y116.024 E1467.94345
G1 X138.771 Y116.418 E1467.9685
G1 X138.255 Y116.637 E1467.99181
G1 X137.725 Y116.699 E1468.01399
G1 X137.376 Y116.666 E1468.02856
G1 X136.87 Y116.495 E1468.05077
G1 X136.593 Y116.324 E1468.0643
G1 X136.205 Y115.946 E1468.08683
G1 X135.932 Y115.462 E1468.10993
G1 X135.807 Y114.927 E1468.13277
M204 S5000
M205 X30 Y30
G0 F7200 X135.806 Y114.727
G0 X135.104 Y114.727
G0 X136.283 Y104.189
G0 X136.565 Y102.21
G0 X137.174 Y102.551
M204 S3000
M205 X20 Y20
G1 F2040 X137.453 Y102.053 E1468.1565
G1 X137.863 Y101.661 E1468.18009
G1 X138.098 Y101.518 E1468.19152
G1 X138.614 Y101.337 E1468.21426
G1 X138.974 Y101.301 E1468.2293
G1 X139.475 Y101.357 E1468.25026
G1 X139.79 Y101.464 E1468.26409
G1 X140.257 Y101.755 E1468.28696
G1 X140.486 Y101.985 E1468.30046
G1 X140.752 Y102.389 E1468.32057
G1 X140.936 Y102.963 E1468.34563
G1 X140.932 Y103.543 E1468.36974
G1 X140.771 Y104.083 E1468.39317
G1 X140.429 Y104.577 E1468.41815
G1 X139.986 Y104.934 E1468.4418
G1 X139.46 Y105.146 E1468.46538
G1 X138.975 Y105.199 E1468.48567
G1 X138.626 Y105.166 E1468.50024
G1 X138.125 Y104.996 E1468.52224
G1 X137.845 Y104.825 E1468.53588
G1 X137.459 Y104.451 E1468.55822
G1 X137.175 Y103.945 E1468.58235
G1 X137.055 Y103.413 E1468.60502
G1 X137.054 Y103.114 E1468.61745
G1 X137.057 Y103.07 E1468.61928
G1 X137.174 Y102.551 E1468.6414
M204 S5000
M205 X30 Y30
G0 F7200 X137.271 Y102.377
G0 X136.662 Y102.036
G0 X136.283 Y100.518
G0 X135.104 Y95.614
G0 X135.804 Y95.614
M204 S3000
M205 X20 Y20
G1 F2040 X135.925 Y95.055 E1468.66518
G1 X136.201 Y94.555 E1468.68893
G1 X136.62 Y94.157 E1468.71295
G1 X136.898 Y93.995 E1468.72633
G1 X137.386 Y93.832 E1468.74772
G1 X137.677 Y93.8 E1468.75989
G1 X138.203 Y93.853 E1468.78187
G1 X138.556 Y93.973 E1468.79737
G1 X138.971 Y94.226 E1468.81758
G1 X139.237 Y94.485 E1468.83301
G1 X139.521 Y94.918 E1468.85454
G1 X139.686 Y95.467 E1468.87838
G1 X139.681 Y96.047 E1468.90249
G1 X139.522 Y96.579 E1468.92558
G1 X139.207 Y97.054 E1468.94927
G1 X138.766 Y97.421 E1468.97312
G1 X138.281 Y97.628 E1468.99505
G1 X137.725 Y97.699 E1469.01835
G1 X137.388 Y97.668 E1469.03242
G1 X136.897 Y97.505 E1469.05393
G1 X136.602 Y97.331 E1469.06817
G1 X136.203 Y96.944 E1469.09128
G1 X135.927 Y96.45 E1469.11481
G1 X135.805 Y95.916 E1469.13758
G1 X135.804 Y95.614 E1469.15013
M204 S5000
M205 X30 Y30
G0 F7200 X135.846 Y95.419
G0 X135.16 Y95.265
G0 X135.654 Y94.227
G0 X138.212 Y91.706
G0 X138.892 Y91.545
M204 S3000
M205 X20 Y20
G1 F2040 X138.75 Y90.948 E1469.17565
G1 X138.75 Y89.5 E1469.23585
G1 X81.25 Y89.5 E1471.62642
G1 X81.25 Y90.943 E1471.68641
G1 X81.108 Y91.538 E1471.71185
G1 X80.87 Y92 E1471.73345
G1 X80.491 Y92.439 E1471.75756
G1 X79.952 Y92.79 E1471.78431
G1 X79.18 Y93.098 E1471.81886
G1 X78.409 Y93.578 E1471.85662
G1 X77.829 Y94.069 E1471.88821
G1 X77.323 Y94.641 E1471.91997
G1 X77.109 Y94.943 E1471.93535
G1 X76.739 Y95.613 E1471.96717
G1 X76.465 Y96.34 E1471.99947
G1 X76.375 Y96.688 E1472.01442
G1 X76.251 Y97.54 E1472.05021
G1 X76.25 Y125.514 E1473.21324
G1 X76.308 Y126.027 E1473.2347
G1 X76.486 Y126.803 E1473.2678
G1 X76.612 Y127.161 E1473.28358
G1 X76.956 Y127.875 E1473.31653
G1 X77.399 Y128.525 E1473.34923
G1 X77.647 Y128.816 E1473.36513
G1 X78.226 Y129.352 E1473.39793
G1 X78.875 Y129.794 E1473.43058
G1 X79.589 Y130.138 E1473.46353
G1 X79.947 Y130.264 E1473.47931
G1 X80.722 Y130.442 E1473.51237
G1 X81.238 Y130.5 E1473.53396
G1 X138.762 Y130.5 E1475.92553
G1 X139.278 Y130.442 E1475.94711
G1 X140.053 Y130.264 E1475.98017
G1 X140.411 Y130.138 E1475.99595
G1 X141.125 Y129.794 E1476.0289
G1 X141.777 Y129.349 E1476.06172
G1 X142.068 Y129.101 E1476.07762
G1 X142.604 Y128.522 E1476.11042
G1 X143.044 Y127.875 E1476.14295
G1 X143.388 Y127.16 E1476.17594
G1 X143.514 Y126.803 E1476.19168
G1 X143.692 Y126.028 E1476.22474
G1 X143.75 Y125.513 E1476.24628
G1 X143.75 Y97.536 E1477.40943
G1 X143.625 Y96.686 E1477.44515
G1 X143.535 Y96.34 E1477.46002
G1 X143.261 Y95.613 E1477.49232
G1 X142.889 Y94.942 E1477.52421
G1 X142.675 Y94.639 E1477.53964
G1 X142.169 Y94.067 E1477.57139
G1 X141.591 Y93.578 E1477.60286
G1 X140.82 Y93.098 E1477.64062
G1 X140.048 Y92.79 E1477.67518
G1 X139.532 Y92.453 E1477.7008
G1 X139.159 Y92.044 E1477.72381
G1 X138.892 Y91.545 E1477.74734
M204 S5000
M205 X30 Y30
G0 F7200 X138.846 Y91.351
G0 X138.166 Y91.512
G0 X82.302 Y98.345
G0 X80.896 Y97.972
G0 X79.974 Y96.974
G0 X80.319 Y96.047
M204 S3000
M205 X20 Y20
G1 F2040 X80.315 Y95.5 E1477.77009
G1 X80.32 Y95.447 E1477.7723
G1 X80.479 Y94.918 E1477.79526
G1 X80.763 Y94.485 E1477.81679
G1 X81.029 Y94.226 E1477.83223
G1 X81.444 Y93.973 E1477.85244
G1 X81.803 Y93.852 E1477.86819
G1 X82.276 Y93.801 E1477.88796
G1 X82.614 Y93.832 E1477.90208
G1 X83.102 Y93.995 E1477.92347
G1 X83.38 Y94.157 E1477.93684
G1 X83.799 Y94.555 E1477.96087
G1 X84.075 Y95.055 E1477.98461
G1 X84.195 Y95.587 E1478.00729
G1 X84.195 Y95.916 E1478.02097
G1 X84.075 Y96.451 E1478.04376
G1 X83.804 Y96.934 E1478.06679
G1 X83.413 Y97.319 E1478.0896
G1 X83.141 Y97.488 E1478.10291
G1 X82.639 Y97.662 E1478.125
G1 X82.323 Y97.7 E1478.13824
G1 X81.751 Y97.642 E1478.16214
G1 X81.231 Y97.419 E1478.18566
G1 X80.793 Y97.054 E1478.20937
G1 X80.478 Y96.579 E1478.23306
G1 X80.319 Y96.047 E1478.25615
M204 S5000
M205 X30 Y30
G0 F7200 X80.318 Y95.847
G0 X79.615 Y95.847
G0 X78.426 Y102.872
G0 X79.068 Y103.543
M204 S3000
M205 X20 Y20
G1 F2040 X79.065 Y103.001 E1478.27868
G1 X79.075 Y102.928 E1478.28174
G1 X79.248 Y102.389 E1478.30528
G1 X79.513 Y101.985 E1478.32537
G1 X79.743 Y101.755 E1478.33889
G1 X80.21 Y101.464 E1478.36177
G1 X80.525 Y101.356 E1478.37561
G1 X81.043 Y101.3 E1478.39727
G1 X81.386 Y101.337 E1478.41162
G1 X81.858 Y101.497 E1478.43234
G1 X82.137 Y101.661 E1478.44579
G1 X82.547 Y102.053 E1478.46937
G1 X82.826 Y102.551 E1478.49311
G1 X82.945 Y103.086 E1478.51589
G1 X82.945 Y103.413 E1478.52949
G1 X82.825 Y103.945 E1478.55216
G1 X82.541 Y104.451 E1478.57628
G1 X82.155 Y104.825 E1478.59863
G1 X81.895 Y104.986 E1478.61134
G1 X81.374 Y105.166 E1478.63426
G1 X81.074 Y105.2 E1478.64681
G1 X80.502 Y105.142 E1478.67072
G1 X80.014 Y104.934 E1478.69277
G1 X79.571 Y104.577 E1478.71643
G1 X79.229 Y104.083 E1478.74141
G1 X79.068 Y103.543 E1478.76483
M204 S5000
M205 X30 Y30
G0 F7200 X79.067 Y103.343
G0 X78.365 Y103.343
G0 X79.657 Y114.227
G0 X80.325 Y114.428
M204 S3000
M205 X20 Y20
G1 F2040 X80.498 Y113.889 E1478.78837
G1 X80.799 Y113.442 E1478.81077
G1 X81.036 Y113.222 E1478.82422
G1 X81.444 Y112.973 E1478.84409
G1 X81.784 Y112.855 E1478.85905
G1 X82.276 Y112.801 E1478.87963
G1 X82.625 Y112.834 E1478.8942
G1 X83.127 Y113.005 E1478.91625
G1 X83.407 Y113.176 E1478.92989
G1 X83.788 Y113.545 E1478.95194
G1 X84.08 Y114.07 E1478.97692
G1 X84.194 Y114.579 E1478.99861
G1 X84.195 Y114.913 E1479.01249
G1 X84.068 Y115.462 E1479.03592
G1 X83.797 Y115.947 E1479.05902
G1 X83.407 Y116.324 E1479.08157
G1 X83.149 Y116.484 E1479.09419
G1 X82.624 Y116.666 E1479.11729
G1 X82.325 Y116.7 E1479.1298
G1 X81.745 Y116.637 E1479.15406
G1 X81.264 Y116.434 E1479.17576
G1 X80.821 Y116.077 E1479.19942
G1 X80.479 Y115.583 E1479.2244
G1 X80.318 Y115.043 E1479.24782
G1 X80.315 Y114.999 E1479.24966
G1 X80.325 Y114.428 E1479.2734
M204 S5000
M205 X30 Y30
G0 F7200 X80.386 Y114.238
G0 X79.715 Y114.036
G0 X78.365 Y125.969
G0 X79.066 Y125.969
M204 S3000
M205 X20 Y20
G1 F2040 X79.228 Y125.419 E1479.29724
G1 X79.513 Y124.985 E1479.31883
G1 X79.743 Y124.755 E1479.33235
G1 X80.194 Y124.473 E1479.35446
G1 X80.553 Y124.352 E1479.37021
G1 X81.026 Y124.301 E1479.38999
G1 X81.374 Y124.334 E1479.40453
G1 X81.875 Y124.504 E1479.42652
G1 X82.155 Y124.675 E1479.44016
G1 X82.541 Y125.049 E1479.46251
G1 X82.825 Y125.556 E1479.48667
G1 X82.94 Y126.059 E1479.50812
G1 X82.946 Y126.386 E1479.52172
G1 X82.826 Y126.948 E1479.54561
G1 X82.567 Y127.413 E1479.56774
G1 X82.174 Y127.809 E1479.59093
G1 X81.881 Y127.995 E1479.60536
G1 X81.36 Y128.169 E1479.6282
G1 X81.069 Y128.2 E1479.64036
G1 X80.519 Y128.142 E1479.66336
G1 X80.216 Y128.039 E1479.67666
G1 X79.776 Y127.771 E1479.69808
G1 X79.513 Y127.515 E1479.71334
G1 X79.218 Y127.046 E1479.73638
G1 X79.066 Y126.527 E1479.75886
G1 X79.065 Y126.001 E1479.78073
G1 X79.066 Y125.969 E1479.78206
M204 S5000
M205 X30 Y30
G0 F7200 X79.122 Y125.778
G0 X78.453 Y125.576
G0 X78.091 Y126.743
M204 S3000
M205 X20 Y20
;TYPE:SKIN
G1 F1459.1 X78.089 Y125.865 E1479.81959
G1 F1500 X78.099 Y125.791 E1479.82269
G1 X78.295 Y125.145 E1479.85076
G1 X78.439 Y124.843 E1479.86467
G1 X78.856 Y124.252 E1479.89474
G1 X79.286 Y123.884 E1479.91827
G1 X79.892 Y123.544 E1479.94716
G1 X80.405 Y123.388 E1479.96945
G1 X81.031 Y123.325 E1479.99561
G1 X81.563 Y123.377 E1480.01783
G1 X82.29 Y123.618 E1480.04967
G1 X82.769 Y123.913 E1480.07306
G1 X83.345 Y124.478 E1480.10661
G1 X83.727 Y125.163 E1480.13921
G1 X83.925 Y125.982 E1480.17424
G1 X83.891 Y126.657 E1480.20234
G1 X83.768 Y127.185 E1480.22488
G1 X83.4 Y127.918 E1480.25898
G1 X83.201 Y128.172 E1480.2724
G1 X82.822 Y128.535 E1480.29422
G1 X82.312 Y128.883 E1480.31989
G1 F1572.3 X81.556 Y129.1 E1480.35108
G1 F1736.1 X81.055 Y129.136 E1480.36912
G1 F1913.3 X80.297 Y129.028 E1480.39408
G1 F2054.8 X79.843 Y128.862 E1480.40875
G1 F2083.3 X79.262 Y128.521 E1480.42892
G1 F1994.7 X78.886 Y128.19 E1480.44458
G1 F1875 X78.479 Y127.674 E1480.46644
G1 F1696.8 X78.296 Y127.319 E1480.48112
G1 F1500 X78.091 Y126.743 E1480.50653
M204 S5000
M205 X30 Y30
G0 F7200 X79.532 Y115.82
M204 S3000
M205 X20 Y20
G1 F1500 X79.357 Y115.214 E1480.53276
G1 X79.34 Y114.512 E1480.56195
G1 X79.396 Y114.129 E1480.57805
G1 X79.67 Y113.37 E1480.61159
G1 X80.106 Y112.753 E1480.643
G1 X80.528 Y112.389 E1480.66617
G1 X80.973 Y112.122 E1480.68775
G1 X81.56 Y111.905 E1480.71377
G1 X82.307 Y111.815 E1480.74505
G1 X82.853 Y111.886 E1480.76794
G1 X83.537 Y112.118 E1480.79797
G1 X84.006 Y112.393 E1480.82057
G1 X84.586 Y112.972 E1480.85465
G1 X84.998 Y113.702 E1480.8895
G1 X85.159 Y114.431 E1480.92053
G1 X85.17 Y114.957 E1480.94241
G1 X85.007 Y115.775 E1480.97709
G1 X84.576 Y116.551 E1481.01399
G1 X84.02 Y117.083 E1481.04598
G1 X83.541 Y117.382 E1481.06946
G1 X82.937 Y117.591 E1481.09603
G1 X82.293 Y117.675 E1481.12303
G1 X81.489 Y117.589 E1481.15665
G1 X80.884 Y117.333 E1481.18396
G1 X80.577 Y117.143 E1481.19897
G1 X80.171 Y116.803 E1481.22099
G1 X79.979 Y116.589 E1481.23294
G1 X79.671 Y116.124 E1481.25613
G1 X79.532 Y115.82 E1481.27003
M204 S5000
M205 X30 Y30
G0 F7200 X78.011 Y103.71
M204 S3000
M205 X20 Y20
G1 F1173.7 X77.999 Y103.013 E1481.30707
G1 F1080.7 X78.032 Y102.664 E1481.3273
G1 F1098.1 X78.066 Y102.619 E1481.3305
G1 F1293.1 X78.439 Y101.843 E1481.37202
G1 F1500 X78.839 Y101.277 E1481.40084
G1 X79.241 Y100.916 E1481.4233
G1 X79.761 Y100.598 E1481.44864
G1 X80.34 Y100.393 E1481.47418
G1 X81.019 Y100.323 E1481.50256
G1 X81.621 Y100.392 E1481.52775
G1 X82.285 Y100.612 E1481.55683
G1 X82.76 Y100.898 E1481.57988
G1 X83.347 Y101.488 E1481.61448
G1 X83.74 Y102.186 E1481.64779
G1 X83.905 Y102.905 E1481.67846
G1 X83.92 Y103.539 E1481.70482
G1 X83.728 Y104.336 E1481.73891
G1 X83.318 Y105.059 E1481.77346
G1 X82.782 Y105.571 E1481.80428
G1 X82.281 Y105.886 E1481.82888
G1 X81.622 Y106.109 E1481.85781
G1 X81.058 Y106.175 E1481.88142
G1 X80.395 Y106.109 E1481.90912
G1 X80.087 Y106.025 E1481.92239
G1 X79.634 Y105.833 E1481.94284
G1 X79.327 Y105.643 E1481.95785
G1 X78.948 Y105.328 E1481.97834
G1 X78.729 Y105.091 E1481.99176
G1 X78.421 Y104.624 E1482.01502
G1 F1431.3 X78.216 Y104.167 E1482.03684
G1 F1311.2 X78.011 Y103.71 E1482.06066
M204 S5000
M205 X30 Y30
G0 F7200 X79.063 Y104.986
G0 X80.21 Y105.709
G0 X134.83 Y114.485
M204 S3000
M205 X20 Y20
G1 F1500 X135.005 Y113.706 E1482.09386
G1 X135.424 Y112.945 E1482.12997
G1 X135.978 Y112.421 E1482.16168
G1 X136.458 Y112.119 E1482.18526
G1 X137.159 Y111.874 E1482.21613
G1 X137.685 Y111.824 E1482.2381
G1 X138.398 Y111.895 E1482.26789
G1 X138.859 Y112.045 E1482.28804
G1 X139.506 Y112.414 E1482.31901
G1 X139.886 Y112.746 E1482.33999
G1 X140.331 Y113.373 E1482.37195
G1 X140.604 Y114.129 E1482.40537
G1 X140.659 Y114.468 E1482.41965
G1 X140.643 Y115.216 E1482.45075
G1 X140.454 Y115.857 E1482.47854
G1 X140.311 Y116.156 E1482.49232
G1 X140.021 Y116.589 E1482.51398
G1 X139.802 Y116.828 E1482.52746
G1 X139.423 Y117.143 E1482.54795
G1 X139.115 Y117.332 E1482.56297
G1 X138.469 Y117.598 E1482.59202
G1 X137.736 Y117.675 E1482.62266
G1 X137.147 Y117.614 E1482.64728
G1 X136.461 Y117.381 E1482.6774
G1 X136.002 Y117.099 E1482.6998
G1 X135.449 Y116.569 E1482.73164
G1 X135.01 Y115.82 E1482.76774
G1 X134.833 Y115.048 E1482.80066
G1 X134.83 Y114.485 E1482.82407
M204 S5000
M205 X30 Y30
G0 F7200 X136.079 Y103.519
M204 S3000
M205 X20 Y20
G1 F1500 X136.093 Y102.922 E1482.8489
G1 X136.247 Y102.221 E1482.87874
G1 X136.673 Y101.458 E1482.91507
G1 X137.229 Y100.911 E1482.9475
G1 X137.699 Y100.623 E1482.97041
G1 X138.356 Y100.395 E1482.99933
G1 X138.961 Y100.325 E1483.02465
G1 X139.664 Y100.393 E1483.05401
G1 X140.242 Y100.598 E1483.07951
G1 X140.86 Y100.974 E1483.10958
G1 X141.276 Y101.417 E1483.13485
G1 X141.567 Y101.853 E1483.15664
G1 F1304.3 X141.924 Y102.605 E1483.19644
G1 F1104.6 X141.967 Y102.662 E1483.20047
G1 F1076 X142 Y102.953 E1483.21745
G1 F1170 X141.989 Y103.71 E1483.2578
G1 F1368.6 X141.58 Y104.621 E1483.3033
G1 F1500 X141.271 Y105.09 E1483.32665
G1 X141.052 Y105.328 E1483.3401
G1 X140.673 Y105.643 E1483.36059
G1 X140.4 Y105.815 E1483.374
G1 X139.592 Y106.115 E1483.40984
G1 X138.837 Y106.171 E1483.44131
G1 X138.399 Y106.115 E1483.45967
G1 X137.715 Y105.884 E1483.48968
G1 X137.231 Y105.587 E1483.51329
G1 X136.653 Y105.021 E1483.54693
G1 X136.251 Y104.284 E1483.58183
G1 X136.085 Y103.565 E1483.61251
G1 X136.079 Y103.519 E1483.61444
M204 S5000
M205 X30 Y30
G0 F7200 X136.571 Y102.321
G0 X139.942 Y97.714
M204 S3000
M205 X20 Y20
G1 F1500 X139.267 Y98.266 E1483.65069
G1 X138.499 Y98.593 E1483.68539
G1 X137.724 Y98.68 E1483.71782
G1 X137.19 Y98.626 E1483.74013
G1 X136.451 Y98.383 E1483.77247
G1 X135.981 Y98.091 E1483.79548
G1 X135.414 Y97.536 E1483.82846
G1 X135.004 Y96.794 E1483.86371
G1 X134.836 Y96.064 E1483.89485
G1 X134.839 Y95.462 E1483.91988
G1 X134.973 Y94.84 E1483.94633
G1 X135.088 Y94.546 E1483.95946
G1 X135.33 Y94.113 E1483.98008
G1 X135.551 Y93.827 E1483.99511
G1 X135.928 Y93.466 E1484.01681
G1 X136.428 Y93.123 E1484.04202
G1 X137.17 Y92.882 E1484.07445
G1 X137.592 Y92.828 E1484.09214
G1 X138.601 Y92.909 E1484.13422
G1 X138.286 Y92.485 E1484.15618
G1 X137.975 Y91.87 E1484.18484
G1 X137.775 Y91.071 E1484.21908
G1 X137.775 Y90.475 E1484.24386
G1 X82.225 Y90.475 E1486.55336
G1 X82.225 Y91.066 E1486.57793
G1 X82.023 Y91.905 E1486.61381
G1 X81.678 Y92.56 E1486.64459
G1 X81.392 Y92.917 E1486.66361
G1 X82.304 Y92.817 E1486.70175
G1 X82.783 Y92.871 E1486.72179
G1 X83.571 Y93.122 E1486.75617
G1 X84.071 Y93.465 E1486.78138
G1 X84.449 Y93.827 E1486.80314
G1 X84.67 Y94.113 E1486.81817
G1 X85.01 Y94.747 E1486.84808
G1 X85.161 Y95.459 E1486.87834
G1 X85.164 Y96.026 E1486.90191
G1 X84.999 Y96.793 E1486.93453
G1 X84.578 Y97.54 E1486.97018
G1 X84.04 Y98.066 E1487.00146
G1 X83.552 Y98.382 E1487.02563
G1 X82.82 Y98.625 E1487.0577
G1 X82.306 Y98.684 E1487.07921
G1 X81.508 Y98.598 E1487.11258
G1 X80.711 Y98.257 E1487.14862
G1 X80.061 Y97.714 E1487.18383
G1 X79.584 Y96.997 E1487.21963
G1 X79.362 Y96.236 E1487.25259
G1 X79.336 Y95.339 E1487.2899
G1 X79.546 Y94.643 E1487.32012
G1 X79.684 Y94.35 E1487.33359
G1 X79.999 Y93.855 E1487.35798
G1 X79.619 Y93.972 E1487.37451
G1 X78.985 Y94.37 E1487.40563
G1 X78.511 Y94.769 E1487.43139
G1 X78.001 Y95.344 E1487.46335
G1 X77.628 Y96.022 E1487.49552
G1 X77.348 Y96.773 E1487.52884
G1 X77.226 Y97.613 E1487.56413
G1 X77.226 Y102.021 E1487.74739
G1 F1243.8 X77.33 Y102.614 E1487.77758
G1 F1080.7 X77.317 Y103.02 E1487.80102
G1 F1090.1 X77.323 Y103.79 E1487.84507
G1 F1256.3 X77.226 Y104.471 E1487.87922
G1 F1500 X77.225 Y125.46 E1488.75184
G1 X77.271 Y125.862 E1488.76866
G1 F1482.2 X77.46 Y126.664 E1488.80333
G1 F1494 X77.79 Y127.371 E1488.8359
G1 F1569 X78.183 Y128.019 E1488.86602
G1 F1712.3 X78.753 Y128.6 E1488.89566
G1 F1918.2 X79.331 Y129.002 E1488.91855
G1 F1963.4 X80.106 Y129.37 E1488.9458
G1 F1879.7 X80.88 Y129.526 E1488.972
G1 F1785.7 X81.291 Y129.558 E1488.9864
G1 F1663 X81.835 Y129.541 E1489.00681
G1 F1552.8 X82.379 Y129.524 E1489.02867
G1 F1500 X137.755 Y129.524 E1491.33093
G1 F1602.6 X138.708 Y129.557 E1491.36804
G1 F1781.5 X139.112 Y129.527 E1491.38222
G1 F1933 X139.783 Y129.39 E1491.40432
G1 F2021.6 X140.088 Y129.283 E1491.41429
G1 F1963.4 X140.76 Y128.957 E1491.43801
G1 F1851.9 X141.365 Y128.511 E1491.46332
G1 F1756.4 X141.864 Y127.931 E1491.49049
G1 F1641.1 X142.205 Y127.392 E1491.51472
G1 F1536.9 X142.543 Y126.665 E1491.54726
G1 F1500 X142.729 Y125.862 E1491.58153
G1 X142.775 Y125.457 E1491.59847
G1 X142.775 Y104.474 E1492.47084
G1 F1256.3 X142.678 Y103.789 E1492.50519
G1 F1090.1 X142.684 Y103.005 E1492.55004
G1 F1126.1 X142.7 Y102.471 E1492.57962
G1 F1304.3 X142.775 Y101.702 E1492.61657
G1 F1500 X142.775 Y97.605 E1492.7869
G1 X142.652 Y96.772 E1492.82191
G1 X142.373 Y96.023 E1492.85514
G1 X141.995 Y95.341 E1492.88755
G1 X141.484 Y94.766 E1492.91954
G1 X141.014 Y94.369 E1492.94511
G1 X140.378 Y93.972 E1492.97628
G1 X140.003 Y93.858 E1492.99258
G1 X140.316 Y94.35 E1493.01682
G1 X140.454 Y94.64 E1493.03018
G1 X140.665 Y95.343 E1493.06069
G1 X140.642 Y96.232 E1493.09766
G1 X140.42 Y96.986 E1493.13034
G1 X139.942 Y97.714 E1493.16655
M204 S5000
M205 X30 Y30
G0 F7200 X141.574 Y102.872
G0 X141.356 Y104.353
G0 X135.691 Y113.161
G0 X135.165 Y114.518
G0 X136.083 Y126.434
M204 S3000
M205 X20 Y20
G1 F1500 X136.079 Y126.375 E1493.16901
G1 X136.112 Y125.833 E1493.19158
G1 X136.302 Y125.117 E1493.22238
G1 X136.682 Y124.44 E1493.25466
G1 X137.24 Y123.907 E1493.28674
G1 X137.687 Y123.625 E1493.30871
G1 X138.405 Y123.383 E1493.34022
G1 X138.861 Y123.327 E1493.35932
G1 X139.709 Y123.396 E1493.39469
G1 X140.281 Y123.624 E1493.42029
G1 X140.927 Y124.044 E1493.45232
G1 X141.302 Y124.45 E1493.4753
G1 X141.567 Y124.853 E1493.49535
G1 X141.713 Y125.169 E1493.50983
G1 X141.914 Y125.821 E1493.53819
G1 X141.905 Y126.647 E1493.57254
G1 F1552.8 X141.703 Y127.314 E1493.60052
G1 F1652 X141.555 Y127.605 E1493.61285
G1 F1807.2 X141.146 Y128.164 E1493.63675
G1 F1994.7 X140.735 Y128.524 E1493.65383
G1 F2095 X140.176 Y128.854 E1493.67316
G1 F2066.1 X139.692 Y129.03 E1493.6887
G1 F1933 X139.071 Y129.123 E1493.70896
G1 F1748.3 X138.501 Y129.108 E1493.7293
G1 F1575.6 X137.844 Y128.932 E1493.75622
G1 F1500 X137.351 Y128.672 E1493.77939
G1 X136.775 Y128.145 E1493.81185
G1 X136.574 Y127.876 E1493.82581
G1 X136.218 Y127.156 E1493.8592
G1 X136.083 Y126.434 E1493.88974
M204 S5000
M205 X30 Y30
G0 F7200 X135.165 Y114.518
G0 X135.165 Y95.518
G0 X137.394 Y90.725
M204 S3000
M205 X20 Y20
G1 F1500 X137.529 Y90.86 E1493.89768
M204 S5000
M205 X30 Y30
G0 F7200 X136.687 Y90.725
M204 S3000
M205 X20 Y20
G1 F1500 X137.673 Y91.711 E1493.95565
M204 S5000
M205 X30 Y30
G0 F7200 X137.852 Y92.597
M204 S3000
M205 X20 Y20
G1 F1500 X135.98 Y90.725 E1494.06572
M204 S5000
M205 X30 Y30
G0 F7200 X135.273 Y90.725
M204 S3000
M205 X20 Y20
G1 F1500 X137.179 Y92.631 E1494.17778
M204 S5000
M205 X30 Y30
G0 F7200 X136.632 Y92.792
M204 S3000
M205 X20 Y20
G1 F1500 X134.565 Y90.725 E1494.29932
M204 S5000
M205 X30 Y30
G0 F7200 X133.858 Y90.725
M204 S3000
M205 X20 Y20
G1 F1500 X136.145 Y93.012 E1494.43378
M204 S5000
M205 X30 Y30
G0 F7200 X135.734 Y93.307
M204 S3000
M205 X20 Y20
G1 F1500 X133.151 Y90.725 E1494.58562
M204 S5000
M205 X30 Y30
G0 F7200 X132.444 Y90.725
M204 S3000
M205 X20 Y20
G1 F1500 X135.372 Y93.652 E1494.75775
M204 S5000
M205 X30 Y30
G0 F7200 X135.073 Y94.061
M204 S3000
M205 X20 Y20
G1 F1500 X131.737 Y90.725 E1494.95389
M204 S5000
M205 X30 Y30
G0 F7200 X131.03 Y90.725
M204 S3000
M205 X20 Y20
G1 F1500 X134.826 Y94.521 E1495.17708
M204 S5000
M205 X30 Y30
G0 F7200 X134.665 Y95.067
M204 S3000
M205 X20 Y20
G1 F1500 X130.323 Y90.725 E1495.43238
M204 S5000
M205 X30 Y30
G0 F7200 X129.616 Y90.725
M204 S3000
M205 X20 Y20
G1 F1500 X134.585 Y95.694 E1495.72454
M204 S5000
M205 X30 Y30
G0 F7200 X134.679 Y96.496
M204 S3000
M205 X20 Y20
G1 F1500 X128.909 Y90.725 E1496.06382
M204 S5000
M205 X30 Y30
G0 F7200 X128.201 Y90.725
M204 S3000
M205 X20 Y20
G1 F1500 X137.796 Y100.32 E1496.62797
M204 S5000
M205 X30 Y30
G0 F7200 X137.323 Y100.554
M204 S3000
M205 X20 Y20
G1 F1500 X127.494 Y90.725 E1497.20588
M204 S5000
M205 X30 Y30
G0 F7200 X126.787 Y90.725
M204 S3000
M205 X20 Y20
G1 F1500 X136.922 Y100.859 E1497.80174
M204 S5000
M205 X30 Y30
G0 F7200 X136.563 Y101.208
M204 S3000
M205 X20 Y20
G1 F1500 X126.08 Y90.725 E1498.41811
M204 S5000
M205 X30 Y30
G0 F7200 X125.373 Y90.725
M204 S3000
M205 X20 Y20
G1 F1500 X136.285 Y101.637 E1499.05969
M204 S5000
M205 X30 Y30
G0 F7200 X136.029 Y102.088
M204 S3000
M205 X20 Y20
G1 F1500 X124.666 Y90.725 E1499.72779
M204 S5000
M205 X30 Y30
G0 F7200 X123.959 Y90.725
M204 S3000
M205 X20 Y20
G1 F1500 X135.896 Y102.662 E1500.42964
M204 S5000
M205 X30 Y30
G0 F7200 X135.833 Y103.306
M204 S3000
M205 X20 Y20
G1 F1500 X123.252 Y90.725 E1501.16935
M204 S5000
M205 X30 Y30
G0 F7200 X122.545 Y90.725
M204 S3000
M205 X20 Y20
G1 F1500 X135.96 Y104.14 E1501.9581
G1 X136.048 Y104.228
M204 S5000
M205 X30 Y30
G0 F7200 X138.095 Y106.275
M204 S3000
M205 X20 Y20
G1 F1500 X142.524 Y110.704 E1502.21851
M204 S5000
M205 X30 Y30
G0 F7200 X142.524 Y111.411
M204 S3000
M205 X20 Y20
G1 F1500 X121.838 Y90.725 E1503.43477
M204 S5000
M205 X30 Y30
G0 F7200 X121.13 Y90.725
M204 S3000
M205 X20 Y20
G1 F1500 X142.524 Y112.118 E1504.69263
M204 S5000
M205 X30 Y30
G0 F7200 X142.524 Y112.825
M204 S3000
M205 X20 Y20
G1 F1500 X120.423 Y90.725 E1505.99205
M204 S5000
M205 X30 Y30
G0 F7200 X119.716 Y90.725
M204 S3000
M205 X20 Y20
G1 F1500 X142.524 Y113.533 E1507.33307
M204 S5000
M205 X30 Y30
G0 F7200 X142.524 Y114.24
M204 S3000
M205 X20 Y20
G1 F1500 X119.009 Y90.725 E1508.71567
M204 S5000
M205 X30 Y30
G0 F7200 X118.302 Y90.725
M204 S3000
M205 X20 Y20
G1 F1500 X142.524 Y114.947 E1510.13983
M204 S5000
M205 X30 Y30
G0 F7200 X142.524 Y115.654
M204 S3000
M205 X20 Y20
G1 F1500 X140.794 Y113.924 E1510.24154
M204 S5000
M205 X30 Y30
G0 F7200 X140.903 Y114.74
M204 S3000
M205 X20 Y20
G1 F1500 X142.524 Y116.361 E1510.33685
M204 S5000
M205 X30 Y30
G0 F7200 X142.524 Y117.068
M204 S3000
M205 X20 Y20
G1 F1500 X140.849 Y115.393 E1510.43534
M204 S5000
M205 X30 Y30
G0 F7200 X140.689 Y115.94
M204 S3000
M205 X20 Y20
G1 F1500 X142.524 Y117.775 E1510.54323
M204 S5000
M205 X30 Y30
G0 F7200 X142.524 Y118.482
M204 S3000
M205 X20 Y20
G1 F1500 X140.444 Y116.402 E1510.66552
M204 S5000
M205 X30 Y30
G0 F7200 X140.149 Y116.815
M204 S3000
M205 X20 Y20
G1 F1500 X142.524 Y119.189 E1510.80513
M204 S5000
M205 X30 Y30
G0 F7200 X142.524 Y119.897
M204 S3000
M205 X20 Y20
G1 F1500 X139.79 Y117.162 E1510.96591
M204 S5000
M205 X30 Y30
G0 F7200 X139.382 Y117.462
M204 S3000
M205 X20 Y20
G1 F1500 X142.524 Y120.604 E1511.15065
M204 S5000
M205 X30 Y30
G0 F7200 X142.524 Y121.311
M204 S3000
M205 X20 Y20
G1 F1500 X138.904 Y117.69 E1511.36352
M204 S5000
M205 X30 Y30
G0 F7200 X138.367 Y117.861
M204 S3000
M205 X20 Y20
G1 F1500 X142.524 Y122.018 E1511.60794
M204 S5000
M205 X30 Y30
G0 F7200 X142.524 Y122.725
M204 S3000
M205 X20 Y20
G1 F1500 X137.728 Y117.929 E1511.88992
M204 S5000
M205 X30 Y30
G0 F7200 X136.877 Y117.785
M204 S3000
M205 X20 Y20
G1 F1500 X142.524 Y123.432 E1512.22195
M204 S5000
M205 X30 Y30
G0 F7200 X142.524 Y124.139
M204 S3000
M205 X20 Y20
G1 F1500 X109.109 Y90.724 E1514.18662
M204 S5000
M205 X30 Y30
G0 F7200 X108.402 Y90.724
M204 S3000
M205 X20 Y20
G1 F1500 X142.524 Y124.846 E1516.19286
M204 S5000
M205 X30 Y30
G0 F7200 X141.851 Y124.88
M204 S3000
M205 X20 Y20
G1 F1500 X142.513 Y125.542 E1516.23179
M204 S5000
M205 X30 Y30
G0 F7200 X142.158 Y125.895
M204 S3000
M205 X20 Y20
G1 F1500 X142.407 Y126.143 E1516.2464
M204 S5000
M205 X30 Y30
G0 F7200 X142.153 Y126.596
M204 S3000
M205 X20 Y20
G1 F1500 X142.25 Y126.694 E1516.25213
M204 S5000
M205 X30 Y30
G0 F7200 X140.355 Y123.385
M204 S3000
M205 X20 Y20
G1 F1500 X107.695 Y90.724 E1518.17244
M204 S5000
M205 X30 Y30
G0 F7200 X106.988 Y90.724
M204 S3000
M205 X20 Y20
G1 F1500 X139.382 Y123.118 E1520.07708
M204 S5000
M205 X30 Y30
G0 F7200 X138.656 Y123.1
M204 S3000
M205 X20 Y20
G1 F1500 X106.28 Y90.724 E1521.98067
M204 S5000
M205 X30 Y30
G0 F7200 X105.573 Y90.724
M204 S3000
M205 X20 Y20
G1 F1500 X138.077 Y123.228 E1523.89178
M204 S5000
M205 X30 Y30
G0 F7200 X137.553 Y123.411
M204 S3000
M205 X20 Y20
G1 F1500 X104.866 Y90.724 E1525.81365
M204 S5000
M205 X30 Y30
G0 F7200 X104.159 Y90.724
M204 S3000
M205 X20 Y20
G1 F1500 X137.121 Y123.686 E1527.75169
M204 S5000
M205 X30 Y30
G0 F7200 X136.753 Y124.025
M204 S3000
M205 X20 Y20
G1 F1500 X103.452 Y90.724 E1529.70966
M204 S5000
M205 X30 Y30
G0 F7200 X102.745 Y90.724
M204 S3000
M205 X20 Y20
G1 F1500 X136.416 Y124.395 E1531.68939
M204 S5000
M205 X30 Y30
G0 F7200 X136.163 Y124.849
M204 S3000
M205 X20 Y20
G1 F1500 X102.038 Y90.724 E1533.69581
M204 S5000
M205 X30 Y30
G0 F7200 X101.331 Y90.724
M204 S3000
M205 X20 Y20
G1 F1500 X135.975 Y125.369 E1535.73277
M204 S5000
M205 X30 Y30
G0 F7200 X135.856 Y125.956
M204 S3000
M205 X20 Y20
G1 F1500 X100.624 Y90.724 E1537.80428
M204 S5000
M205 X30 Y30
G0 F7200 X99.917 Y90.724
M204 S3000
M205 X20 Y20
G1 F1500 X135.874 Y126.681 E1539.91841
G1 X135.962 Y126.769
M204 S5000
M205 X30 Y30
G0 F7200 X136.229 Y127.743
M204 S3000
M205 X20 Y20
G1 F1500 X99.209 Y90.724 E1542.09501
M204 S5000
M205 X30 Y30
G0 F7200 X98.502 Y90.724
M204 S3000
M205 X20 Y20
G1 F1500 X137.052 Y129.273 E1544.36158
M204 S5000
M205 X30 Y30
G0 F7200 X137.534 Y129.049
M204 S3000
M205 X20 Y20
G1 F1500 X137.759 Y129.274 E1544.37481
M204 S5000
M205 X30 Y30
G0 F7200 X136.345 Y129.273
M204 S3000
M205 X20 Y20
G1 F1500 X97.795 Y90.724 E1546.64137
M204 S5000
M205 X30 Y30
G0 F7200 X97.088 Y90.724
M204 S3000
M205 X20 Y20
G1 F1500 X135.637 Y129.273 E1548.9079
M204 S5000
M205 X30 Y30
G0 F7200 X134.93 Y129.273
M204 S3000
M205 X20 Y20
G1 F1500 X96.381 Y90.724 E1551.17444
M204 S5000
M205 X30 Y30
G0 F7200 X95.674 Y90.724
M204 S3000
M205 X20 Y20
G1 F1500 X134.223 Y129.273 E1553.44097
M204 S5000
M205 X30 Y30
G0 F7200 X133.516 Y129.273
M204 S3000
M205 X20 Y20
G1 F1500 X94.967 Y90.724 E1555.7075
M204 S5000
M205 X30 Y30
G0 F7200 X94.26 Y90.724
M204 S3000
M205 X20 Y20
G1 F1500 X132.809 Y129.273 E1557.97404
M204 S5000
M205 X30 Y30
G0 F7200 X132.102 Y129.273
M204 S3000
M205 X20 Y20
G1 F1500 X93.553 Y90.724 E1560.24057
M204 S5000
M205 X30 Y30
G0 F7200 X92.845 Y90.724
M204 S3000
M205 X20 Y20
G1 F1500 X131.395 Y129.273 E1562.50713
M204 S5000
M205 X30 Y30
G0 F7200 X130.688 Y129.273
M204 S3000
M205 X20 Y20
G1 F1500 X92.138 Y90.724 E1564.7737
M204 S5000
M205 X30 Y30
G0 F7200 X91.431 Y90.724
M204 S3000
M205 X20 Y20
G1 F1500 X129.981 Y129.273 E1567.04026
M204 S5000
M205 X30 Y30
G0 F7200 X129.273 Y129.273
M204 S3000
M205 X20 Y20
G1 F1500 X90.724 Y90.724 E1569.30679
M204 S5000
M205 X30 Y30
G0 F7200 X90.017 Y90.724
M204 S3000
M205 X20 Y20
G1 F1500 X128.566 Y129.273 E1571.57333
M204 S5000
M205 X30 Y30
G0 F7200 X127.859 Y129.273
M204 S3000
M205 X20 Y20
G1 F1500 X89.31 Y90.724 E1573.83986
M204 S5000
M205 X30 Y30
G0 F7200 X88.603 Y90.724
M204 S3000
M205 X20 Y20
G1 F1500 X127.152 Y129.273 E1576.10639
M204 S5000
M205 X30 Y30
G0 F7200 X126.445 Y129.273
M204 S3000
M205 X20 Y20
G1 F1500 X87.896 Y90.724 E1578.37293
M204 S5000
M205 X30 Y30
G0 F7200 X87.189 Y90.724
M204 S3000
M205 X20 Y20
G1 F1500 X125.738 Y129.273 E1580.63946
M204 S5000
M205 X30 Y30
G0 F7200 X125.031 Y129.273
M204 S3000
M205 X20 Y20
G1 F1500 X86.481 Y90.724 E1582.90602
M204 S5000
M205 X30 Y30
G0 F7200 X85.774 Y90.724
M204 S3000
M205 X20 Y20
G1 F1500 X124.324 Y129.273 E1585.17259
M204 S5000
M205 X30 Y30
G0 F7200 X123.617 Y129.273
M204 S3000
M205 X20 Y20
G1 F1500 X85.067 Y90.724 E1587.43915
M204 S5000
M205 X30 Y30
G0 F7200 X84.36 Y90.724
M204 S3000
M205 X20 Y20
G1 F1500 X122.91 Y129.273 E1589.70571
M204 S5000
M205 X30 Y30
G0 F7200 X122.202 Y129.273
M204 S3000
M205 X20 Y20
G1 F1500 X83.653 Y90.724 E1591.97224
M204 S5000
M205 X30 Y30
G0 F7200 X82.946 Y90.724
M204 S3000
M205 X20 Y20
G1 F1500 X121.495 Y129.273 E1594.23878
M204 S5000
M205 X30 Y30
G0 F7200 X120.788 Y129.273
M204 S3000
M205 X20 Y20
G1 F1500 X82.467 Y90.953 E1596.49188
M204 S5000
M205 X30 Y30
G0 F7200 X82.363 Y91.556
M204 S3000
M205 X20 Y20
G1 F1500 X83.744 Y92.937 E1596.57307
G1 X83.832 Y93.025
M204 S5000
M205 X30 Y30
G0 F7200 X82.718 Y92.617
M204 S3000
M205 X20 Y20
G1 F1500 X82.201 Y92.1 E1596.60347
M204 S5000
M205 X30 Y30
G0 F7200 X84.991 Y94.183
M204 S3000
M205 X20 Y20
G1 F1500 X120.081 Y129.273 E1598.66663
M204 S5000
M205 X30 Y30
G0 F7200 X119.374 Y129.273
M204 S3000
M205 X20 Y20
G1 F1500 X85.378 Y95.278 E1600.66543
M204 S5000
M205 X30 Y30
G0 F7200 X85.406 Y96.013
M204 S3000
M205 X20 Y20
G1 F1500 X118.667 Y129.273 E1602.62102
M204 S5000
M205 X30 Y30
G0 F7200 X117.96 Y129.273
M204 S3000
M205 X20 Y20
G1 F1500 X85.296 Y96.609 E1604.54154
M204 S5000
M205 X30 Y30
G0 F7200 X85.098 Y97.119
M204 S3000
M205 X20 Y20
G1 F1500 X117.253 Y129.273 E1606.4321
M204 S5000
M205 X30 Y30
G0 F7200 X116.546 Y129.273
M204 S3000
M205 X20 Y20
G1 F1500 X84.844 Y97.572 E1608.29603
M204 S5000
M205 X30 Y30
G0 F7200 X84.516 Y97.951
M204 S3000
M205 X20 Y20
G1 F1500 X115.838 Y129.273 E1610.13764
M204 S5000
M205 X30 Y30
G0 F7200 X115.131 Y129.273
M204 S3000
M205 X20 Y20
G1 F1500 X84.149 Y98.291 E1611.95927
M204 S5000
M205 X30 Y30
G0 F7200 X83.721 Y98.57
M204 S3000
M205 X20 Y20
G1 F1500 X114.424 Y129.273 E1613.76449
M204 S5000
M205 X30 Y30
G0 F7200 X113.717 Y129.273
M204 S3000
M205 X20 Y20
G1 F1500 X83.206 Y98.763 E1615.55839
M204 S5000
M205 X30 Y30
G0 F7200 X82.634 Y98.898
M204 S3000
M205 X20 Y20
G1 F1500 X113.01 Y129.273 E1617.34435
M204 S5000
M205 X30 Y30
G0 F7200 X112.303 Y129.273
M204 S3000
M205 X20 Y20
G1 F1500 X81.923 Y98.893 E1619.13058
G1 X81.835 Y98.805
M204 S5000
M205 X30 Y30
G0 F7200 X80.955 Y98.633
M204 S3000
M205 X20 Y20
G1 F1500 X111.596 Y129.273 E1620.93212
M204 S5000
M205 X30 Y30
G0 F7200 X110.889 Y129.273
M204 S3000
M205 X20 Y20
G1 F1500 X84.053 Y102.437 E1622.50997
M204 S5000
M205 X30 Y30
G0 F7200 X84.164 Y103.256
M204 S3000
M205 X20 Y20
G1 F1500 X110.182 Y129.273 E1624.0397
M204 S5000
M205 X30 Y30
G0 F7200 X109.474 Y129.273
M204 S3000
M205 X20 Y20
G1 F1500 X84.091 Y103.89 E1625.53213
M204 S5000
M205 X30 Y30
G0 F7200 X83.947 Y104.453
M204 S3000
M205 X20 Y20
G1 F1500 X108.767 Y129.273 E1626.99145
M204 S5000
M205 X30 Y30
G0 F7200 X108.06 Y129.273
M204 S3000
M205 X20 Y20
G1 F1500 X83.693 Y104.907 E1628.4241
M204 S5000
M205 X30 Y30
G0 F7200 X83.401 Y105.322
M204 S3000
M205 X20 Y20
G1 F1500 X107.352 Y129.273 E1629.83233
M204 S5000
M205 X30 Y30
G0 F7200 X106.645 Y129.273
M204 S3000
M205 X20 Y20
G1 F1500 X83.039 Y105.667 E1631.22027
M204 S5000
M205 X30 Y30
G0 F7200 X82.628 Y105.962
M204 S3000
M205 X20 Y20
G1 F1500 X105.938 Y129.273 E1632.59084
M204 S5000
M205 X30 Y30
G0 F7200 X105.231 Y129.273
M204 S3000
M205 X20 Y20
G1 F1500 X82.154 Y106.196 E1633.94768
M204 S5000
M205 X30 Y30
G0 F7200 X81.617 Y106.365
M204 S3000
M205 X20 Y20
G1 F1500 X104.524 Y129.273 E1635.29455
M204 S5000
M205 X30 Y30
G0 F7200 X103.817 Y129.273
M204 S3000
M205 X20 Y20
G1 F1500 X80.963 Y106.419 E1636.63828
M204 S5000
M205 X30 Y30
G0 F7200 X80.131 Y106.294
M204 S3000
M205 X20 Y20
G1 F1500 X103.11 Y129.273 E1637.98936
M204 S5000
M205 X30 Y30
G0 F7200 X102.403 Y129.273
M204 S3000
M205 X20 Y20
G1 F1500 X77.501 Y104.371 E1639.4535
M204 S5000
M205 X30 Y30
G0 F7200 X77.737 Y103.9
M204 S3000
M205 X20 Y20
G1 F1500 X77.653 Y103.816 E1639.45844
M204 S5000
M205 X30 Y30
G0 F7200 X77.474 Y105.052
M204 S3000
M205 X20 Y20
G1 F1500 X101.696 Y129.273 E1640.88257
M204 S5000
M205 X30 Y30
G0 F7200 X100.988 Y129.273
M204 S3000
M205 X20 Y20
G1 F1500 X85.115 Y113.4 E1641.81584
G1 X85.027 Y113.312
M204 S5000
M205 X30 Y30
G0 F7200 X85.402 Y114.394
M204 S3000
M205 X20 Y20
G1 F1500 X100.281 Y129.273 E1642.69067
M204 S5000
M205 X30 Y30
G0 F7200 X99.574 Y129.273
M204 S3000
M205 X20 Y20
G1 F1500 X85.397 Y115.095 E1643.52425
M204 S5000
M205 X30 Y30
G0 F7200 X85.279 Y115.684
M204 S3000
M205 X20 Y20
G1 F1500 X98.867 Y129.273 E1644.32321
M204 S5000
M205 X30 Y30
G0 F7200 X98.16 Y129.273
M204 S3000
M205 X20 Y20
G1 F1500 X85.067 Y116.179 E1645.09305
M204 S5000
M205 X30 Y30
G0 F7200 X84.815 Y116.635
M204 S3000
M205 X20 Y20
G1 F1500 X97.453 Y129.273 E1645.83612
M204 S5000
M205 X30 Y30
G0 F7200 X96.746 Y129.273
M204 S3000
M205 X20 Y20
G1 F1500 X84.471 Y116.998 E1646.55784
M204 S5000
M205 X30 Y30
G0 F7200 X84.095 Y117.329
M204 S3000
M205 X20 Y20
G1 F1500 X96.039 Y129.273 E1647.2601
M204 S5000
M205 X30 Y30
G0 F7200 X95.332 Y129.273
M204 S3000
M205 X20 Y20
G1 F1500 X83.662 Y117.603 E1647.94625
M204 S5000
M205 X30 Y30
G0 F7200 X83.136 Y117.784
M204 S3000
M205 X20 Y20
G1 F1500 X94.625 Y129.273 E1648.62176
M204 S5000
M205 X30 Y30
G0 F7200 X93.917 Y129.273
M204 S3000
M205 X20 Y20
G1 F1500 X82.538 Y117.893 E1649.29084
M204 S5000
M205 X30 Y30
G0 F7200 X81.814 Y117.876
M204 S3000
M205 X20 Y20
G1 F1500 X93.21 Y129.273 E1649.96091
M204 S5000
M205 X30 Y30
G0 F7200 X92.503 Y129.273
M204 S3000
M205 X20 Y20
G1 F1500 X80.796 Y117.566 E1650.64923
G1 X80.708 Y117.478
M204 S5000
M205 X30 Y30
G0 F7200 X79.432 Y116.201
M204 S3000
M205 X20 Y20
G1 F1500 X77.474 Y114.244 E1650.76433
M204 S5000
M205 X30 Y30
G0 F7200 X77.474 Y114.951
M204 S3000
M205 X20 Y20
G1 F1500 X91.796 Y129.273 E1651.6064
M204 S5000
M205 X30 Y30
G0 F7200 X91.089 Y129.273
M204 S3000
M205 X20 Y20
G1 F1500 X77.474 Y115.658 E1652.40691
M204 S5000
M205 X30 Y30
G0 F7200 X77.474 Y116.365
M204 S3000
M205 X20 Y20
G1 F1500 X90.382 Y129.273 E1653.16586
M204 S5000
M205 X30 Y30
G0 F7200 X89.675 Y129.273
M204 S3000
M205 X20 Y20
G1 F1500 X77.474 Y117.072 E1653.88323
M204 S5000
M205 X30 Y30
G0 F7200 X77.474 Y117.779
M204 S3000
M205 X20 Y20
G1 F1500 X88.968 Y129.273 E1654.55903
M204 S5000
M205 X30 Y30
G0 F7200 X88.261 Y129.273
M204 S3000
M205 X20 Y20
G1 F1500 X83.84 Y124.853 E1654.81894
G1 X83.752 Y124.765
M204 S5000
M205 X30 Y30
G0 F7200 X84.154 Y125.874
M204 S3000
M205 X20 Y20
G1 F1500 X87.553 Y129.273 E1655.01879
M204 S5000
M205 X30 Y30
G0 F7200 X86.846 Y129.273
M204 S3000
M205 X20 Y20
G1 F1500 X84.147 Y126.574 E1655.17748
M204 S5000
M205 X30 Y30
G0 F7200 X84.033 Y127.167
M204 S3000
M205 X20 Y20
G1 F1500 X86.139 Y129.273 E1655.3013
M204 S5000
M205 X30 Y30
G0 F7200 X85.432 Y129.273
M204 S3000
M205 X20 Y20
G1 F1500 X83.814 Y127.654 E1655.39646
M204 S5000
M205 X30 Y30
G0 F7200 X83.56 Y128.107
M204 S3000
M205 X20 Y20
G1 F1500 X84.725 Y129.273 E1655.46499
M204 S5000
M205 X30 Y30
G0 F7200 X84.018 Y129.273
M204 S3000
M205 X20 Y20
G1 F1500 X83.232 Y128.486 E1655.51123
M204 S5000
M205 X30 Y30
G0 F7200 X82.853 Y128.815
M204 S3000
M205 X20 Y20
G1 F1500 X83.311 Y129.273 E1655.53816
M204 S5000
M205 X30 Y30
G0 F7200 X82.604 Y129.273
M204 S3000
M205 X20 Y20
G1 F1500 X82.433 Y129.102 E1655.54822
M204 S5000
M205 X30 Y30
G0 F7200 X80.387 Y128.773
G0 X79.429 Y128.308
G0 X77.828 Y126.618
M204 S3000
M205 X20 Y20
G1 F1500 X77.675 Y126.466 E1655.55718
M204 S5000
M205 X30 Y30
G0 F7200 X77.839 Y125.922
M204 S3000
M205 X20 Y20
G1 F1500 X77.489 Y125.572 E1655.57776
M204 S5000
M205 X30 Y30
G0 F7200 X77.971 Y125.347
M204 S3000
M205 X20 Y20
G1 F1500 X77.474 Y124.851 E1655.60695
M204 S5000
M205 X30 Y30
G0 F7200 X78.164 Y124.833
M204 S3000
M205 X20 Y20
G1 F1500 X77.474 Y124.143 E1655.64752
M204 S5000
M205 X30 Y30
G0 F7200 X77.474 Y123.436
M204 S3000
M205 X20 Y20
G1 F1500 X78.442 Y124.404 E1655.70444
M204 S5000
M205 X30 Y30
G0 F7200 X78.755 Y124.01
M204 S3000
M205 X20 Y20
G1 F1500 X77.474 Y122.729 E1655.77976
M204 S5000
M205 X30 Y30
G0 F7200 X77.474 Y122.022
M204 S3000
M205 X20 Y20
G1 F1500 X79.138 Y123.686 E1655.87759
M204 S5000
M205 X30 Y30
G0 F7200 X79.586 Y123.427
M204 S3000
M205 X20 Y20
G1 F1500 X77.474 Y121.315 E1656.00177
M204 S5000
M205 X30 Y30
G0 F7200 X77.474 Y120.608
M204 S3000
M205 X20 Y20
G1 F1500 X80.086 Y123.219 E1656.15532
M204 S5000
M205 X30 Y30
G0 F7200 X80.681 Y123.107
M204 S3000
M205 X20 Y20
G1 F1500 X77.474 Y119.901 E1656.34385
M204 S5000
M205 X30 Y30
G0 F7200 X77.474 Y119.194
M204 S3000
M205 X20 Y20
G1 F1500 X81.389 Y123.108 E1656.574
G1 X81.477 Y123.196
M204 S5000
M205 X30 Y30
G0 F7200 X82.37 Y123.382
M204 S3000
M205 X20 Y20
G1 F1500 X77.474 Y118.487 E1656.86184
G1 X77.386 Y118.399
M204 S5000
M205 X30 Y30
G0 F7200 X79.108 Y115.17
M204 S3000
M205 X20 Y20
G1 F1500 X77.474 Y113.537 E1656.95788
M204 S5000
M205 X30 Y30
G0 F7200 X77.474 Y112.83
M204 S3000
M205 X20 Y20
G1 F1500 X79.093 Y114.448 E1657.05305
M204 S5000
M205 X30 Y30
G0 F7200 X79.223 Y113.871
M204 S3000
M205 X20 Y20
G1 F1500 X77.474 Y112.123 E1657.15585
M204 S5000
M205 X30 Y30
G0 F7200 X77.474 Y111.415
M204 S3000
M205 X20 Y20
G1 F1500 X79.41 Y113.352 E1657.26971
M204 S5000
M205 X30 Y30
G0 F7200 X79.683 Y112.917
M204 S3000
M205 X20 Y20
G1 F1500 X77.474 Y110.708 E1657.39959
M204 S5000
M205 X30 Y30
G0 F7200 X77.474 Y110.001
M204 S3000
M205 X20 Y20
G1 F1500 X79.992 Y112.519 E1657.54764
M204 S5000
M205 X30 Y30
G0 F7200 X80.373 Y112.193
M204 S3000
M205 X20 Y20
G1 F1500 X77.474 Y109.294 E1657.71809
M204 S5000
M205 X30 Y30
G0 F7200 X77.474 Y108.587
M204 S3000
M205 X20 Y20
G1 F1500 X80.815 Y111.927 E1657.9145
M204 S5000
M205 X30 Y30
G0 F7200 X81.32 Y111.725
M204 S3000
M205 X20 Y20
G1 F1500 X77.474 Y107.88 E1658.1406
M204 S5000
M205 X30 Y30
G0 F7200 X77.474 Y107.173
M204 S3000
M205 X20 Y20
G1 F1500 X81.911 Y111.609 E1658.40145
M204 S5000
M205 X30 Y30
G0 F7200 X82.611 Y111.603
M204 S3000
M205 X20 Y20
G1 F1500 X77.474 Y106.466 E1658.70348
M204 S5000
M205 X30 Y30
G0 F7200 X77.474 Y105.759
M204 S3000
M205 X20 Y20
G1 F1500 X83.587 Y111.871 E1659.06288
G1 X83.675 Y111.959
M204 S5000
M205 X30 Y30
G0 F7200 X78.644 Y104.353
G0 X77.758 Y102.507
M204 S3000
M205 X20 Y20
G1 F1500 X77.577 Y102.326 E1659.07352
M204 S5000
M205 X30 Y30
G0 F7200 X78.049 Y102.09
M204 S3000
M205 X20 Y20
G1 F1500 X77.476 Y101.517 E1659.10721
M204 S5000
M205 X30 Y30
G0 F7200 X77.476 Y100.81
M204 S3000
M205 X20 Y20
G1 F1500 X78.288 Y101.623 E1659.15498
M204 S5000
M205 X30 Y30
G0 F7200 X78.581 Y101.208
M204 S3000
M205 X20 Y20
G1 F1500 X77.476 Y100.103 E1659.21995
M204 S5000
M205 X30 Y30
G0 F7200 X77.476 Y99.396
M204 S3000
M205 X20 Y20
G1 F1500 X78.932 Y100.852 E1659.30556
M204 S5000
M205 X30 Y30
G0 F7200 X79.343 Y100.556
M204 S3000
M205 X20 Y20
G1 F1500 X77.476 Y98.689 E1659.41533
M204 S5000
M205 X30 Y30
G0 F7200 X77.476 Y97.982
M204 S3000
M205 X20 Y20
G1 F1500 X79.81 Y100.316 E1659.55256
M204 S5000
M205 X30 Y30
G0 F7200 X80.34 Y100.139
M204 S3000
M205 X20 Y20
G1 F1500 X77.52 Y97.319 E1659.71836
M204 S5000
M205 X30 Y30
G0 F7200 X77.632 Y96.724
M204 S3000
M205 X20 Y20
G1 F1500 X80.981 Y100.073 E1659.91527
M204 S5000
M205 X30 Y30
G0 F7200 X81.795 Y100.18
M204 S3000
M205 X20 Y20
G1 F1500 X77.824 Y96.209 E1660.14875
M204 S5000
M205 X30 Y30
G0 F7200 X78.066 Y95.743
M204 S3000
M205 X20 Y20
G1 F1500 X79.326 Y97.004 E1660.22287
M204 S5000
M205 X30 Y30
G0 F7200 X79.104 Y96.075
M204 S3000
M205 X20 Y20
G1 F1500 X78.353 Y95.323 E1660.26705
M204 S5000
M205 X30 Y30
G0 F7200 X78.686 Y94.949
M204 S3000
M205 X20 Y20
G1 F1500 X79.086 Y95.349 E1660.29057
M204 S5000
M205 X30 Y30
G0 F7200 X79.236 Y94.793
M204 S3000
M205 X20 Y20
G1 F1500 X79.07 Y94.626 E1660.30036
M204 S5000
M205 X30 Y30
G0 F7200 X81.197 Y93.376
G0 X109.816 Y90.724
M204 S3000
M205 X20 Y20
G1 F1500 X134.706 Y115.614 E1661.7638
M204 S5000
M205 X30 Y30
G0 F7200 X134.581 Y114.782
M204 S3000
M205 X20 Y20
G1 F1500 X110.524 Y90.725 E1663.17825
M204 S5000
M205 X30 Y30
G0 F7200 X111.231 Y90.725
M204 S3000
M205 X20 Y20
G1 F1500 X134.648 Y114.142 E1664.55508
M204 S5000
M205 X30 Y30
G0 F7200 X134.787 Y113.574
M204 S3000
M205 X20 Y20
G1 F1500 X111.938 Y90.725 E1665.89852
M204 S5000
M205 X30 Y30
G0 F7200 X112.645 Y90.725
M204 S3000
M205 X20 Y20
G1 F1500 X135.04 Y113.12 E1667.21526
M204 S5000
M205 X30 Y30
G0 F7200 X135.323 Y112.695
M204 S3000
M205 X20 Y20
G1 F1500 X113.352 Y90.725 E1668.50704
M204 S5000
M205 X30 Y30
G0 F7200 X114.059 Y90.725
M204 S3000
M205 X20 Y20
G1 F1500 X135.686 Y112.352 E1669.77862
M204 S5000
M205 X30 Y30
G0 F7200 X136.094 Y112.052
M204 S3000
M205 X20 Y20
G1 F1500 X114.766 Y90.725 E1671.0326
M204 S5000
M205 X30 Y30
G0 F7200 X115.474 Y90.725
M204 S3000
M205 X20 Y20
G1 F1500 X136.564 Y111.816 E1672.27264
M204 S5000
M205 X30 Y30
G0 F7200 X137.089 Y111.633
M204 S3000
M205 X20 Y20
G1 F1500 X116.181 Y90.725 E1673.50195
M204 S5000
M205 X30 Y30
G0 F7200 X116.888 Y90.725
M204 S3000
M205 X20 Y20
G1 F1500 X137.735 Y111.572 E1674.72767
M204 S5000
M205 X30 Y30
G0 F7200 X138.554 Y111.683
M204 S3000
M205 X20 Y20
G1 F1500 X117.595 Y90.725 E1675.95995
G1 X117.507 Y90.637
M204 S5000
M205 X30 Y30
G0 F7200 X137.023 Y98.839
M204 S3000
M205 X20 Y20
G1 F1500 X138.326 Y100.142 E1676.03657
M204 S5000
M205 X30 Y30
G0 F7200 X138.962 Y100.071
M204 S3000
M205 X20 Y20
G1 F1500 X137.812 Y98.922 E1676.10415
M204 S5000
M205 X30 Y30
G0 F7200 X138.451 Y98.853
M204 S3000
M205 X20 Y20
G1 F1500 X139.759 Y100.161 E1676.18106
G1 X139.847 Y100.249
M204 S5000
M205 X30 Y30
G0 F7200 X138.969 Y98.664
M204 S3000
M205 X20 Y20
G1 F1500 X142.44 Y102.135 E1676.38514
M204 S5000
M205 X30 Y30
G0 F7200 X142.524 Y101.512
M204 S3000
M205 X20 Y20
G1 F1500 X139.45 Y98.438 E1676.56588
M204 S5000
M205 X30 Y30
G0 F7200 X139.838 Y98.119
M204 S3000
M205 X20 Y20
G1 F1500 X142.524 Y100.805 E1676.7238
M204 S5000
M205 X30 Y30
G0 F7200 X142.524 Y100.098
M204 S3000
M205 X20 Y20
G1 F1500 X140.199 Y97.773 E1676.86051
M204 S5000
M205 X30 Y30
G0 F7200 X140.479 Y97.345
M204 S3000
M205 X20 Y20
G1 F1500 X142.524 Y99.39 E1676.98074
M204 S5000
M205 X30 Y30
G0 F7200 X142.524 Y98.683
M204 S3000
M205 X20 Y20
G1 F1500 X140.712 Y96.871 E1677.08728
M204 S5000
M205 X30 Y30
G0 F7200 X140.871 Y96.324
M204 S3000
M205 X20 Y20
G1 F1500 X142.524 Y97.976 E1677.18444
M204 S5000
M205 X30 Y30
G0 F7200 X142.462 Y97.208
M204 S3000
M205 X20 Y20
G1 F1500 X140.905 Y95.651 E1677.27599
M204 S5000
M205 X30 Y30
G0 F7200 X140.76 Y94.798
M204 S3000
M205 X20 Y20
G1 F1500 X142.176 Y96.214 E1677.35924
G1 X142.264 Y96.302
M204 S5000
M205 X30 Y30
G0 F7200 X142.192 Y104.009
M204 S3000
M205 X20 Y20
G1 F1500 X142.475 Y104.291 E1677.37585
M204 S5000
M205 X30 Y30
G0 F7200 X141.928 Y104.451
M204 S3000
M205 X20 Y20
G1 F1500 X142.524 Y105.047 E1677.4109
M204 S5000
M205 X30 Y30
G0 F7200 X142.524 Y105.754
M204 S3000
M205 X20 Y20
G1 F1500 X141.684 Y104.914 E1677.46029
M204 S5000
M205 X30 Y30
G0 F7200 X141.389 Y105.327
M204 S3000
M205 X20 Y20
G1 F1500 X142.524 Y106.461 E1677.52699
M204 S5000
M205 X30 Y30
G0 F7200 X142.524 Y107.169
M204 S3000
M205 X20 Y20
G1 F1500 X141.028 Y105.672 E1677.61498
M204 S5000
M205 X30 Y30
G0 F7200 X140.615 Y105.967
M204 S3000
M205 X20 Y20
G1 F1500 X142.524 Y107.876 E1677.72722
M204 S5000
M205 X30 Y30
G0 F7200 X142.524 Y108.583
M204 S3000
M205 X20 Y20
G1 F1500 X140.127 Y106.186 E1677.86815
M204 S5000
M205 X30 Y30
G0 F7200 X139.598 Y106.364
M204 S3000
M205 X20 Y20
G1 F1500 X142.524 Y109.29 E1678.04019
M204 S5000
M205 X30 Y30
G0 F7200 X142.524 Y109.997
M204 S3000
M205 X20 Y20
G1 F1500 X138.941 Y106.414 E1678.25086
G1 X138.853 Y106.326
M204 S5000
M205 X30 Y30
;MESH:NONMESH
G0 F600 X138.853 Y106.326 Z1.7
G0 F7200 X81.593 Y98.266
G0 X80.313 Y97.486
G0 X79.634 Y96.199
G0 X79.828 Y96.142
;TIME_ELAPSED:1541.044219
;LAYER:7
M204 S3000
M205 X20 Y20
;TYPE:WALL-INNER
;MESH:Pi Holder.stl
G1 F4020 X79.815 Y95.5 E1678.27756
G1 X79.831 Y95.341 E1678.2842
G1 X80.02 Y94.704 E1678.31182
G1 F3887.8 X80.317 Y94.261 E1678.33475
G1 F3634.7 X80.615 Y93.817 E1678.35934
G1 F3279 X81.159 Y93.471 E1678.3922
G1 F3483.5 X81.749 Y93.354 E1678.42106
G1 F4020 X82.349 Y93.301 E1678.4461
G1 X82.696 Y93.339 E1678.46061
G1 X83.262 Y93.521 E1678.48533
G1 X83.64 Y93.73 E1678.50329
G1 X84.12 Y94.17 E1678.53036
G1 X84.254 Y94.343 E1678.53946
G1 X84.558 Y94.913 E1678.56632
G1 X84.692 Y95.535 E1678.59277
G1 X84.691 Y95.974 E1678.61102
G1 X84.543 Y96.639 E1678.63935
G1 X84.197 Y97.252 E1678.66861
G1 X83.739 Y97.698 E1678.69519
G1 X83.339 Y97.953 E1678.71491
G1 X82.735 Y98.156 E1678.7414
G1 X82.302 Y98.205 E1678.75952
G1 X81.623 Y98.131 E1678.78792
G1 X80.963 Y97.847 E1678.81779
G1 X80.415 Y97.389 E1678.84748
G1 X80.018 Y96.788 E1678.87743
G1 X79.828 Y96.142 E1678.90542
M204 S5000
M205 X30 Y30
G0 F7200 X79.634 Y96.199
G0 X78.365 Y103.001
G0 X78.565 Y103.001
M204 S3000
M205 X20 Y20
G1 F4020 X78.596 Y102.784 E1678.91454
G1 X78.83 Y102.115 E1678.944
G1 X79.202 Y101.582 E1678.97102
G1 X79.526 Y101.295 E1678.98902
G1 X79.98 Y101.02 E1679.01109
G1 X80.415 Y100.868 E1679.03025
G1 X81.023 Y100.8 E1679.05568
G1 X81.526 Y100.857 E1679.07673
G1 X82.083 Y101.046 E1679.10118
G1 X82.465 Y101.275 E1679.1197
G1 X82.962 Y101.768 E1679.1488
G1 X83.293 Y102.364 E1679.17715
G1 X83.438 Y102.998 E1679.20418
G1 X83.445 Y103.428 E1679.22206
G1 X83.302 Y104.12 E1679.25144
G1 X82.957 Y104.741 E1679.28098
G1 X82.467 Y105.216 E1679.30935
G1 X82.081 Y105.452 E1679.32816
G1 X81.481 Y105.659 E1679.35455
G1 X81.115 Y105.698 E1679.36985
G1 X80.486 Y105.643 E1679.3961
G1 X80.273 Y105.588 E1679.40525
G1 X79.632 Y105.279 E1679.43483
G1 X79.107 Y104.801 E1679.46435
G1 X78.739 Y104.19 E1679.494
G1 X78.576 Y103.629 E1679.51829
G1 X78.565 Y103.001 E1679.54441
M204 S5000
M205 X30 Y30
G0 F7200 X78.365 Y103.001
G0 X79.615 Y114.501
G0 X79.815 Y114.501
M204 S3000
M205 X20 Y20
G1 F4020 X79.846 Y114.284 E1679.55352
G1 X80.08 Y113.615 E1679.58298
G1 X80.452 Y113.082 E1679.61001
G1 X80.776 Y112.795 E1679.628
G1 X81.184 Y112.546 E1679.64788
G1 X81.677 Y112.366 E1679.6697
G1 X82.306 Y112.294 E1679.69602
G1 X82.741 Y112.348 E1679.71424
G1 X83.346 Y112.549 E1679.74075
G1 X83.721 Y112.787 E1679.75921
G1 X84.201 Y113.247 E1679.78685
G1 X84.55 Y113.881 E1679.81694
G1 X84.697 Y114.535 E1679.84481
G1 X84.687 Y115.007 E1679.86444
G1 X84.548 Y115.624 E1679.89073
G1 X84.202 Y116.251 E1679.9205
G1 X83.721 Y116.713 E1679.94823
G1 X83.346 Y116.951 E1679.9667
G1 X82.74 Y117.152 E1679.99324
G1 X82.277 Y117.2 E1680.01259
G1 X81.644 Y117.133 E1680.03906
G1 X81.068 Y116.894 E1680.06499
G1 X80.882 Y116.779 E1680.07408
G1 X80.357 Y116.301 E1680.1036
G1 X79.989 Y115.69 E1680.13325
G1 X79.826 Y115.129 E1680.15754
G1 X79.815 Y114.501 E1680.18365
M204 S5000
M205 X30 Y30
G0 F7200 X79.615 Y114.501
G0 X78.365 Y126.001
G0 X78.565 Y126.001
M204 S3000
M205 X20 Y20
G1 F4020 X78.57 Y125.906 E1680.18761
G1 X78.739 Y125.31 E1680.21336
G1 X78.83 Y125.115 E1680.22231
G1 X79.202 Y124.582 E1680.24933
G1 X79.526 Y124.295 E1680.26733
G1 X80.085 Y123.976 E1680.29409
G1 X80.499 Y123.855 E1680.31202
G1 X81.041 Y123.8 E1680.33467
G1 X81.488 Y123.847 E1680.35335
G1 X82.081 Y124.048 E1680.37939
G1 X82.467 Y124.284 E1680.3982
G1 X82.958 Y124.76 E1680.42663
G1 X83.287 Y125.354 E1680.45486
G1 X83.428 Y125.949 E1680.48028
G1 X83.446 Y126.386 E1680.49846
G1 X83.322 Y127.022 E1680.5254
G1 X83.004 Y127.657 E1680.55493
G1 X82.522 Y128.168 E1680.58413
G1 X82.099 Y128.451 E1680.60529
G1 X81.446 Y128.661 E1680.63381
G1 X81.042 Y128.705 E1680.65071
G1 X80.412 Y128.631 E1680.67708
G1 X79.999 Y128.49 E1680.69522
G1 X79.494 Y128.185 E1680.71975
G1 X79.202 Y127.918 E1680.7362
G1 X78.83 Y127.385 E1680.76322
G1 X78.739 Y127.19 E1680.77217
G1 X78.569 Y126.583 E1680.79838
G1 X78.565 Y126.001 E1680.82257
M204 S5000
M205 X30 Y30
G0 F7200 X78.365 Y126.001
G0 X79.038 Y124.55
G0 X79.947 Y123.876
G0 X135.115 Y114.465
G0 X135.311 Y114.509
M204 S3000
M205 X20 Y20
G1 F4020 X135.461 Y113.853 E1680.85055
G1 X135.814 Y113.233 E1680.88021
G1 X136.279 Y112.787 E1680.907
G1 X136.654 Y112.549 E1680.92547
G1 X137.259 Y112.348 E1680.95197
G1 X137.705 Y112.299 E1680.97062
G1 X138.306 Y112.362 E1680.99575
G1 X138.665 Y112.476 E1681.01141
G1 X139.224 Y112.795 E1681.03817
G1 X139.548 Y113.082 E1681.05616
G1 X139.92 Y113.615 E1681.08319
G1 X140.154 Y114.284 E1681.11265
G1 X140.186 Y114.501 E1681.12177
G1 X140.175 Y115.129 E1681.14788
G1 X140.011 Y115.69 E1681.17218
G1 X139.643 Y116.301 E1681.20184
G1 X139.046 Y116.844 E1681.23539
G1 X138.385 Y117.126 E1681.26527
G1 X137.7 Y117.205 E1681.29393
G1 X137.332 Y117.166 E1681.30932
G1 X136.658 Y116.954 E1681.33869
G1 X136.279 Y116.713 E1681.35737
G1 X135.798 Y116.251 E1681.3851
G1 X135.452 Y115.624 E1681.41487
G1 X135.313 Y115.007 E1681.44116
G1 X135.304 Y114.614 E1681.45751
G1 X135.311 Y114.509 E1681.46188
M204 S5000
M205 X30 Y30
G0 F7200 X135.115 Y114.465
G0 X136.361 Y103.519
G0 X136.555 Y103.477
M204 S3000
M205 X20 Y20
G1 F4020 X136.554 Y103.114 E1681.47697
G1 X136.559 Y103.021 E1681.48085
G1 X136.706 Y102.364 E1681.50884
G1 X137.038 Y101.768 E1681.5372
G1 X137.535 Y101.276 E1681.56628
G1 X137.919 Y101.044 E1681.58493
G1 X138.475 Y100.857 E1681.60932
G1 X138.977 Y100.8 E1681.63032
G1 X139.585 Y100.869 E1681.65576
G1 X139.984 Y101.003 E1681.67326
G1 X140.555 Y101.343 E1681.70089
G1 X140.904 Y101.711 E1681.72197
G1 X141.17 Y102.115 E1681.74209
G1 X141.403 Y102.784 E1681.77154
G1 X141.436 Y103.001 E1681.78066
G1 X141.425 Y103.629 E1681.80678
G1 X141.26 Y104.19 E1681.83109
G1 X140.893 Y104.801 E1681.86072
G1 X140.368 Y105.279 E1681.89024
G1 X140.182 Y105.394 E1681.89933
G1 X139.514 Y105.643 E1681.92897
G1 X138.885 Y105.698 E1681.95522
G1 X138.511 Y105.653 E1681.97088
G1 X137.919 Y105.452 E1681.99687
G1 X137.533 Y105.216 E1682.01568
G1 X137.04 Y104.738 E1682.04423
G1 X136.696 Y104.107 E1682.07411
G1 X136.555 Y103.477 E1682.10095
M204 S5000
M205 X30 Y30
G0 F7200 X136.361 Y103.519
G0 X135.111 Y96.017
G0 X135.309 Y95.974
M204 S3000
M205 X20 Y20
G1 F4020 X135.304 Y95.614 E1682.11592
G1 X135.308 Y95.535 E1682.11921
G1 X135.443 Y94.91 E1682.14579
G1 X135.746 Y94.343 E1682.17252
G1 X135.88 Y94.17 E1682.18162
G1 X136.36 Y93.73 E1682.20869
G1 X136.738 Y93.521 E1682.22665
G1 X137.276 Y93.341 E1682.25023
G1 X137.648 Y93.301 E1682.26579
G1 X138.269 Y93.357 E1682.29171
G1 F3483.5 X138.857 Y93.48 E1682.32053
G1 F3268.3 X139.409 Y93.823 E1682.35377
G1 F3608.6 X139.694 Y94.265 E1682.37813
G1 F3872.8 X139.979 Y94.707 E1682.40082
G1 F4020 X140.188 Y95.406 E1682.43115
G1 X140.172 Y96.143 E1682.4618
G1 X139.983 Y96.786 E1682.48967
G1 X139.585 Y97.389 E1682.5197
G1 X139.037 Y97.847 E1682.5494
G1 X138.377 Y98.131 E1682.57927
G1 X137.698 Y98.205 E1682.60766
G1 X137.297 Y98.16 E1682.62444
G1 X136.661 Y97.953 E1682.65225
G1 X136.261 Y97.698 E1682.67197
G1 X135.803 Y97.256 E1682.69843
G1 X135.455 Y96.63 E1682.72821
G1 X135.309 Y95.974 E1682.75615
M204 S5000
M205 X30 Y30
G0 F7200 X135.111 Y96.017
G0 X135.321 Y94.821
G0 X138.126 Y91.413
G0 X138.321 Y91.378
M204 S3000
M205 X20 Y20
G1 F4020 X138.25 Y90.911 E1682.77579
G1 X138.25 Y90 E1682.81366
G1 X81.75 Y90 E1685.16266
G1 X81.75 Y90.914 E1685.20066
G1 X81.677 Y91.382 E1685.22035
G1 X81.473 Y91.945 E1685.24525
G1 X81.223 Y92.367 E1685.26564
G1 F3483.5 X80.807 Y92.92 E1685.29884
G1 F3097.1 X80.321 Y93.244 E1685.33036
G1 F3435.9 X79.96 Y93.333 E1685.34845
G1 F3910.5 X79.393 Y93.554 E1685.37446
G1 F4020 X78.704 Y93.983 E1685.4082
G1 X78.179 Y94.427 E1685.43679
G1 X77.608 Y95.074 E1685.47266
G1 X77.195 Y95.823 E1685.50822
G1 X76.888 Y96.634 E1685.54428
G1 X76.751 Y97.576 E1685.58385
G1 X76.75 Y125.486 E1686.74422
G1 X76.802 Y125.943 E1686.76334
G1 X77.002 Y126.817 E1686.80061
G1 X77.39 Y127.625 E1686.83788
G1 X77.893 Y128.361 E1686.87494
G1 X78.538 Y128.96 E1686.91154
G1 X79.125 Y129.36 E1686.94107
G1 X79.928 Y129.746 E1686.97811
G1 X80.806 Y129.948 E1687.01557
G1 X81.266 Y130 E1687.03481
G1 X138.734 Y130 E1689.42406
G1 X139.194 Y129.948 E1689.4433
G1 X140.072 Y129.746 E1689.48076
G1 X140.875 Y129.36 E1689.5178
G1 X141.616 Y128.853 E1689.55513
G1 X142.212 Y128.21 E1689.59158
G1 X142.61 Y127.625 E1689.621
G1 X142.996 Y126.821 E1689.65808
G1 X143.198 Y125.944 E1689.69549
G1 X143.25 Y125.485 E1689.7147
G1 X143.25 Y97.572 E1690.87518
G1 X143.112 Y96.634 E1690.9146
G1 X142.806 Y95.823 E1690.95064
G1 X142.388 Y95.068 E1690.98652
G1 X141.819 Y94.425 E1691.02222
G1 X141.296 Y93.983 E1691.05068
G1 F3743 X140.491 Y93.481 E1691.09305
G1 F3279 X139.748 Y93.28 E1691.13228
G1 F3082.8 X139.208 Y92.929 E1691.16719
G1 F3483.5 X138.776 Y92.366 E1691.20124
G1 F4020 X138.55 Y92.011 E1691.21874
G1 X138.321 Y91.378 E1691.24672
M204 S5000
M205 X30 Y30
G0 F7200 X138.126 Y91.413
G0 X138.803 Y93.376
G0 X139.712 Y94.05
G0 X140.324 Y95.372
G0 X140.106 Y96.853
G0 X136.941 Y101.661
G0 X136.415 Y103.018
G0 X135.165 Y114.518
G0 X136.379 Y125.906
G0 X136.572 Y125.949
M204 S3000
M205 X20 Y20
G1 F4020 X136.714 Y125.348 E1691.2724
G1 X137.042 Y124.761 E1691.30036
G1 X137.533 Y124.284 E1691.32882
G1 X137.919 Y124.048 E1691.34763
G1 X138.512 Y123.847 E1691.37366
G1 X138.959 Y123.8 E1691.39234
G1 X139.501 Y123.855 E1691.41499
G1 X140.066 Y124.046 E1691.43979
G1 X140.604 Y124.395 E1691.46645
G1 X140.904 Y124.711 E1691.48457
G1 X141.26 Y125.31 E1691.51354
G1 X141.436 Y125.936 E1691.54057
G1 X141.432 Y126.583 E1691.56747
G1 X141.232 Y127.291 E1691.59806
G1 X140.834 Y127.88 E1691.62761
G1 X140.507 Y128.185 E1691.6462
G1 X140.001 Y128.49 E1691.67077
G1 X139.588 Y128.631 E1691.68891
G1 X139.024 Y128.697 E1691.71252
G1 X138.604 Y128.669 E1691.73002
G1 X137.988 Y128.479 E1691.75682
G1 X137.61 Y128.27 E1691.77478
G1 X137.13 Y127.831 E1691.80182
G1 X136.754 Y127.223 E1691.83154
G1 X136.572 Y126.551 E1691.86049
G1 X136.554 Y126.114 E1691.87867
G1 X136.572 Y125.949 E1691.88557
M204 S5000
M205 X30 Y30
G0 F7200 X137.054 Y126.114
M204 S3000
M205 X20 Y20
;TYPE:WALL-OUTER
G1 F2040 X137.06 Y126.059 E1691.88787
G1 X137.175 Y125.556 E1691.90932
G1 X137.459 Y125.049 E1691.93348
G1 X137.845 Y124.675 E1691.95583
G1 X138.105 Y124.514 E1691.96854
G1 X138.626 Y124.334 E1691.99146
G1 X138.927 Y124.3 E1692.00405
G1 X139.447 Y124.352 E1692.02578
G1 X139.806 Y124.473 E1692.04153
G1 X140.257 Y124.755 E1692.06364
G1 X140.486 Y124.985 E1692.07714
G1 X140.772 Y125.419 E1692.09875
G1 X140.934 Y125.969 E1692.12259
G1 X140.934 Y126.527 E1692.14578
G1 X140.782 Y127.046 E1692.16827
G1 X140.487 Y127.515 E1692.1913
G1 X140.225 Y127.771 E1692.20653
G1 X139.784 Y128.039 E1692.22799
G1 X139.476 Y128.143 E1692.2415
G1 X138.974 Y128.199 E1692.2625
G1 X138.631 Y128.169 E1692.27682
G1 X138.098 Y127.982 E1692.3003
G1 X137.826 Y127.809 E1692.3137
G1 X137.433 Y127.413 E1692.3369
G1 X137.191 Y126.979 E1692.35756
G1 X137.06 Y126.441 E1692.38058
G1 X137.054 Y126.114 E1692.39418
M204 S5000
M205 X30 Y30
G0 F7200 X137.06 Y126.059
G0 X137.092 Y125.918
G0 X136.41 Y125.765
G0 X135.124 Y115.079
G0 X135.807 Y114.927
M204 S3000
M205 X20 Y20
G1 F2040 X135.804 Y114.614 E1692.40719
G1 X135.806 Y114.579 E1692.40865
G1 X135.923 Y114.06 E1692.43077
G1 X136.199 Y113.558 E1692.45458
G1 X136.593 Y113.176 E1692.4774
G1 X136.851 Y113.016 E1692.49002
G1 X137.375 Y112.834 E1692.51308
G1 X137.7 Y112.799 E1692.52667
G1 X138.216 Y112.854 E1692.54825
G1 X138.556 Y112.973 E1692.56322
G1 X138.964 Y113.222 E1692.5831
G1 X139.201 Y113.442 E1692.59654
G1 X139.502 Y113.889 E1692.61894
G1 X139.686 Y114.463 E1692.644
G1 X139.682 Y115.043 E1692.66812
G1 X139.532 Y115.546 E1692.68994
G1 X139.227 Y116.024 E1692.71352
G1 X138.771 Y116.418 E1692.73857
G1 X138.255 Y116.637 E1692.76188
G1 X137.725 Y116.699 E1692.78406
G1 X137.376 Y116.666 E1692.79863
G1 X136.87 Y116.495 E1692.82084
G1 X136.593 Y116.324 E1692.83437
G1 X136.205 Y115.946 E1692.8569
G1 X135.932 Y115.462 E1692.88
G1 X135.807 Y114.927 E1692.90284
M204 S5000
M205 X30 Y30
G0 F7200 X135.806 Y114.727
G0 X135.104 Y114.727
G0 X136.283 Y104.189
G0 X136.565 Y102.21
G0 X137.174 Y102.551
M204 S3000
M205 X20 Y20
G1 F2040 X137.453 Y102.053 E1692.92657
G1 X137.863 Y101.661 E1692.95016
G1 X138.098 Y101.518 E1692.96159
G1 X138.614 Y101.337 E1692.98433
G1 X138.974 Y101.301 E1692.99937
G1 X139.475 Y101.357 E1693.02033
G1 X139.79 Y101.464 E1693.03416
G1 X140.257 Y101.755 E1693.05703
G1 X140.486 Y101.985 E1693.07053
G1 X140.752 Y102.389 E1693.09064
G1 X140.936 Y102.963 E1693.1157
G1 X140.932 Y103.543 E1693.13981
G1 X140.771 Y104.083 E1693.16324
G1 X140.429 Y104.577 E1693.18822
G1 X139.986 Y104.934 E1693.21187
G1 X139.46 Y105.146 E1693.23545
G1 X138.975 Y105.199 E1693.25574
G1 X138.626 Y105.166 E1693.27031
G1 X138.125 Y104.996 E1693.29231
G1 X137.845 Y104.825 E1693.30595
G1 X137.459 Y104.451 E1693.32829
G1 X137.175 Y103.945 E1693.35242
G1 X137.055 Y103.413 E1693.37509
G1 X137.054 Y103.114 E1693.38752
G1 X137.057 Y103.07 E1693.38935
G1 X137.174 Y102.551 E1693.41147
M204 S5000
M205 X30 Y30
G0 F7200 X137.271 Y102.377
G0 X136.662 Y102.036
G0 X135.122 Y96.068
G0 X135.805 Y95.916
M204 S3000
M205 X20 Y20
G1 F2040 X135.804 Y95.614 E1693.42403
G1 X135.925 Y95.055 E1693.44781
G1 X136.201 Y94.555 E1693.47155
G1 X136.62 Y94.157 E1693.49558
G1 X136.898 Y93.995 E1693.50895
G1 X137.39 Y93.831 E1693.53052
G1 X137.68 Y93.8 E1693.54264
G1 X138.25 Y93.863 E1693.56648
G1 X138.565 Y93.978 E1693.58043
G1 X138.996 Y94.245 E1693.6015
G1 X139.237 Y94.485 E1693.61564
G1 X139.521 Y94.918 E1693.63717
G1 X139.686 Y95.467 E1693.66101
G1 X139.681 Y96.047 E1693.68512
G1 X139.522 Y96.579 E1693.70821
G1 X139.207 Y97.054 E1693.7319
G1 X138.766 Y97.421 E1693.75576
G1 X138.281 Y97.628 E1693.77768
G1 X137.725 Y97.699 E1693.80098
G1 X137.388 Y97.668 E1693.81505
G1 X136.897 Y97.505 E1693.83656
G1 X136.602 Y97.331 E1693.8508
G1 X136.203 Y96.944 E1693.87391
G1 X135.927 Y96.45 E1693.89744
G1 X135.805 Y95.916 E1693.92021
M204 S5000
M205 X30 Y30
G0 F7200 X135.805 Y95.716
G0 X135.104 Y95.716
G0 X81.025 Y92.892
G0 X80.501 Y92.429
M204 S3000
M205 X20 Y20
G1 F2040 X80.056 Y92.738 E1693.94273
G1 X79.164 Y93.108 E1693.98288
G1 X78.409 Y93.578 E1694.01986
G1 X77.829 Y94.069 E1694.05145
G1 X77.323 Y94.641 E1694.0832
G1 X77.109 Y94.943 E1694.09859
G1 X76.739 Y95.613 E1694.13041
G1 X76.465 Y96.34 E1694.16271
G1 X76.375 Y96.688 E1694.17765
G1 X76.251 Y97.54 E1694.21345
G1 X76.25 Y125.514 E1695.37647
G1 X76.308 Y126.027 E1695.39794
G1 X76.486 Y126.803 E1695.43104
G1 X76.612 Y127.161 E1695.44682
G1 X76.956 Y127.875 E1695.47977
G1 X77.399 Y128.525 E1695.51247
G1 X77.647 Y128.816 E1695.52837
G1 X78.226 Y129.352 E1695.56117
G1 X78.875 Y129.794 E1695.59382
G1 X79.589 Y130.138 E1695.62677
G1 X79.947 Y130.264 E1695.64254
G1 X80.722 Y130.442 E1695.6756
G1 X81.238 Y130.5 E1695.69719
G1 X138.762 Y130.5 E1698.08876
G1 X139.278 Y130.442 E1698.11035
G1 X140.053 Y130.264 E1698.14341
G1 X140.411 Y130.138 E1698.15919
G1 X141.125 Y129.794 E1698.19214
G1 X141.777 Y129.349 E1698.22496
G1 X142.068 Y129.101 E1698.24085
G1 X142.604 Y128.522 E1698.27366
G1 X143.044 Y127.875 E1698.30619
G1 X143.388 Y127.16 E1698.33917
G1 X143.514 Y126.803 E1698.35491
G1 X143.692 Y126.028 E1698.38797
G1 X143.75 Y125.513 E1698.40952
G1 X143.75 Y97.536 E1699.57267
G1 X143.625 Y96.686 E1699.60839
G1 X143.535 Y96.34 E1699.62325
G1 X143.261 Y95.613 E1699.65555
G1 X142.889 Y94.942 E1699.68745
G1 X142.675 Y94.639 E1699.70287
G1 X142.169 Y94.067 E1699.73462
G1 X141.591 Y93.578 E1699.7661
G1 X140.821 Y93.098 E1699.80382
G1 X140.041 Y92.785 E1699.83876
G1 X139.501 Y92.431 E1699.86561
G1 X139.158 Y92.044 E1699.88711
G1 X139.011 Y91.804 E1699.89881
G1 X138.815 Y91.294 E1699.92152
G1 X138.753 Y90.956 E1699.93581
G1 X138.75 Y89.5 E1699.99635
G1 X81.25 Y89.5 E1702.38692
G1 X81.246 Y90.96 E1702.44762
G1 X81.184 Y91.295 E1702.46178
G1 X80.986 Y91.808 E1702.48464
G1 X80.836 Y92.05 E1702.49648
G1 X80.501 Y92.429 E1702.51751
M204 S5000
M205 X30 Y30
G0 F7200 X80.337 Y92.543
G0 X80.737 Y93.118
G0 X79.894 Y94.648
G0 X79.649 Y96.248
G0 X80.319 Y96.047
M204 S3000
M205 X20 Y20
G1 F2040 X80.315 Y95.5 E1702.54025
G1 X80.32 Y95.447 E1702.54247
G1 X80.479 Y94.918 E1702.56543
G1 X80.763 Y94.485 E1702.58696
G1 X81.014 Y94.237 E1702.60163
G1 X81.449 Y93.97 E1702.62285
G1 X81.803 Y93.852 E1702.63836
G1 X82.276 Y93.801 E1702.65814
G1 X82.61 Y93.831 E1702.67208
G1 X83.102 Y93.995 E1702.69365
G1 X83.38 Y94.157 E1702.70702
G1 X83.799 Y94.555 E1702.73105
G1 X84.075 Y95.055 E1702.75479
G1 X84.195 Y95.587 E1702.77747
G1 X84.195 Y95.916 E1702.79115
G1 X84.075 Y96.451 E1702.81394
G1 X83.804 Y96.934 E1702.83697
G1 X83.413 Y97.319 E1702.85978
G1 X83.141 Y97.488 E1702.87309
G1 X82.639 Y97.662 E1702.89518
G1 X82.323 Y97.7 E1702.90842
G1 X81.751 Y97.642 E1702.93232
G1 X81.231 Y97.419 E1702.95584
G1 X80.793 Y97.054 E1702.97955
G1 X80.478 Y96.579 E1703.00324
G1 X80.319 Y96.047 E1703.02633
M204 S5000
M205 X30 Y30
G0 F7200 X80.318 Y95.847
G0 X79.615 Y95.847
G0 X78.426 Y102.872
G0 X79.068 Y103.543
M204 S3000
M205 X20 Y20
G1 F2040 X79.065 Y103.001 E1703.04886
G1 X79.075 Y102.928 E1703.05192
G1 X79.248 Y102.389 E1703.07546
G1 X79.513 Y101.985 E1703.09555
G1 X79.743 Y101.755 E1703.10907
G1 X80.21 Y101.464 E1703.13195
G1 X80.525 Y101.356 E1703.14579
G1 X81.043 Y101.3 E1703.16745
G1 X81.386 Y101.337 E1703.18179
G1 X81.858 Y101.497 E1703.20251
G1 X82.137 Y101.661 E1703.21597
G1 X82.547 Y102.053 E1703.23955
G1 X82.826 Y102.551 E1703.26329
G1 X82.945 Y103.086 E1703.28607
G1 X82.945 Y103.413 E1703.29967
G1 X82.825 Y103.945 E1703.32234
G1 X82.541 Y104.451 E1703.34646
G1 X82.155 Y104.825 E1703.36881
G1 X81.895 Y104.986 E1703.38152
G1 X81.374 Y105.166 E1703.40444
G1 X81.074 Y105.2 E1703.41699
G1 X80.502 Y105.142 E1703.4409
G1 X80.014 Y104.934 E1703.46295
G1 X79.571 Y104.577 E1703.4866
G1 X79.229 Y104.083 E1703.51158
G1 X79.068 Y103.543 E1703.53501
M204 S5000
M205 X30 Y30
G0 F7200 X79.067 Y103.343
G0 X78.365 Y103.343
G0 X79.657 Y114.227
G0 X80.325 Y114.428
M204 S3000
M205 X20 Y20
G1 F2040 X80.498 Y113.889 E1703.55855
G1 X80.799 Y113.442 E1703.58095
G1 X81.036 Y113.222 E1703.5944
G1 X81.444 Y112.973 E1703.61427
G1 X81.784 Y112.855 E1703.62923
G1 X82.276 Y112.801 E1703.64981
G1 X82.625 Y112.834 E1703.66438
G1 X83.127 Y113.005 E1703.68643
G1 X83.407 Y113.176 E1703.70007
G1 X83.788 Y113.545 E1703.72212
G1 X84.08 Y114.07 E1703.7471
G1 X84.194 Y114.579 E1703.76878
G1 X84.195 Y114.913 E1703.78267
G1 X84.068 Y115.462 E1703.8061
G1 X83.797 Y115.947 E1703.8292
G1 X83.407 Y116.324 E1703.85175
G1 X83.149 Y116.484 E1703.86437
G1 X82.624 Y116.666 E1703.88747
G1 X82.325 Y116.7 E1703.89998
G1 X81.745 Y116.637 E1703.92424
G1 X81.264 Y116.434 E1703.94594
G1 X80.821 Y116.077 E1703.9696
G1 X80.479 Y115.583 E1703.99458
G1 X80.318 Y115.043 E1704.018
G1 X80.315 Y114.501 E1704.04054
G1 X80.325 Y114.428 E1704.0436
M204 S5000
M205 X30 Y30
G0 F7200 X80.386 Y114.238
G0 X79.715 Y114.036
G0 X78.365 Y125.969
G0 X79.066 Y125.969
M204 S3000
M205 X20 Y20
G1 F2040 X79.228 Y125.419 E1704.06744
G1 X79.513 Y124.985 E1704.08903
G1 X79.743 Y124.755 E1704.10255
G1 X80.194 Y124.473 E1704.12466
G1 X80.553 Y124.352 E1704.14041
G1 X81.026 Y124.301 E1704.16019
G1 X81.374 Y124.334 E1704.17473
G1 X81.875 Y124.504 E1704.19672
G1 X82.155 Y124.675 E1704.21036
G1 X82.541 Y125.049 E1704.23271
G1 X82.825 Y125.556 E1704.25687
G1 X82.94 Y126.059 E1704.27832
G1 X82.946 Y126.386 E1704.29192
G1 X82.826 Y126.948 E1704.31581
G1 X82.567 Y127.413 E1704.33794
G1 X82.174 Y127.809 E1704.36113
G1 X81.881 Y127.995 E1704.37556
G1 X81.36 Y128.169 E1704.3984
G1 X81.069 Y128.2 E1704.41056
G1 X80.519 Y128.142 E1704.43356
G1 X80.216 Y128.039 E1704.44686
G1 X79.776 Y127.771 E1704.46828
G1 X79.513 Y127.515 E1704.48354
G1 X79.218 Y127.046 E1704.50658
G1 X79.066 Y126.527 E1704.52906
G1 X79.065 Y126.001 E1704.55093
G1 X79.066 Y125.969 E1704.55226
M204 S5000
M205 X30 Y30
G0 F7200 X79.122 Y125.778
G0 X78.453 Y125.576
G0 X78.091 Y126.743
M204 S3000
M205 X20 Y20
;TYPE:SKIN
G1 F1459.1 X78.089 Y125.865 E1704.58979
G1 F1500 X78.099 Y125.791 E1704.59289
G1 X78.295 Y125.145 E1704.62096
G1 X78.439 Y124.843 E1704.63487
G1 X78.856 Y124.252 E1704.66494
G1 X79.286 Y123.884 E1704.68847
G1 X79.892 Y123.544 E1704.71736
G1 X80.405 Y123.388 E1704.73965
G1 X81.031 Y123.325 E1704.76581
G1 X81.563 Y123.377 E1704.78803
G1 X82.29 Y123.618 E1704.81987
G1 X82.769 Y123.913 E1704.84326
G1 X83.345 Y124.478 E1704.87681
G1 X83.727 Y125.163 E1704.90941
G1 X83.925 Y125.982 E1704.94445
G1 X83.891 Y126.657 E1704.97254
G1 X83.768 Y127.185 E1704.99508
G1 X83.4 Y127.918 E1705.02918
G1 X83.201 Y128.172 E1705.0426
G1 X82.822 Y128.535 E1705.06442
G1 X82.312 Y128.883 E1705.09009
G1 F1572.3 X81.556 Y129.1 E1705.12128
G1 F1736.1 X81.055 Y129.136 E1705.13932
G1 F1913.3 X80.297 Y129.028 E1705.16428
G1 F2054.8 X79.843 Y128.862 E1705.17895
G1 F2083.3 X79.262 Y128.521 E1705.19912
G1 F1994.7 X78.886 Y128.19 E1705.21478
G1 F1875 X78.479 Y127.674 E1705.23664
G1 F1696.8 X78.296 Y127.319 E1705.25132
G1 F1500 X78.091 Y126.743 E1705.27674
M204 S5000
M205 X30 Y30
G0 F7200 X79.532 Y115.82
M204 S3000
M205 X20 Y20
G1 F1500 X79.357 Y115.214 E1705.30296
G1 X79.34 Y114.512 E1705.33215
G1 X79.396 Y114.129 E1705.34825
G1 X79.67 Y113.37 E1705.3818
G1 X80.106 Y112.753 E1705.41321
G1 X80.528 Y112.389 E1705.43637
G1 X80.973 Y112.122 E1705.45795
G1 X81.56 Y111.905 E1705.48397
G1 X82.307 Y111.815 E1705.51525
G1 X82.853 Y111.886 E1705.53814
G1 X83.537 Y112.118 E1705.56817
G1 X84.006 Y112.393 E1705.59077
G1 X84.586 Y112.972 E1705.62485
G1 X84.998 Y113.702 E1705.6597
G1 X85.159 Y114.431 E1705.69073
G1 X85.17 Y114.957 E1705.71261
G1 X85.007 Y115.775 E1705.74729
G1 X84.576 Y116.551 E1705.78419
G1 X84.02 Y117.083 E1705.81618
G1 X83.541 Y117.382 E1705.83966
G1 X82.937 Y117.591 E1705.86623
G1 X82.293 Y117.675 E1705.89323
G1 X81.489 Y117.589 E1705.92685
G1 X80.884 Y117.333 E1705.95416
G1 X80.577 Y117.143 E1705.96917
G1 X80.171 Y116.803 E1705.99119
G1 X79.979 Y116.589 E1706.00314
G1 X79.671 Y116.124 E1706.02633
G1 X79.532 Y115.82 E1706.04023
M204 S5000
M205 X30 Y30
G0 F7200 X78.011 Y103.71
M204 S3000
M205 X20 Y20
G1 F1173.7 X77.999 Y103.013 E1706.07727
G1 F1080.7 X78.032 Y102.664 E1706.0975
G1 F1098.1 X78.066 Y102.619 E1706.1007
G1 F1293.1 X78.439 Y101.843 E1706.14222
G1 F1500 X78.839 Y101.277 E1706.17104
G1 X79.241 Y100.916 E1706.1935
G1 X79.761 Y100.598 E1706.21884
G1 X80.34 Y100.393 E1706.24438
G1 X81.019 Y100.323 E1706.27276
G1 X81.621 Y100.392 E1706.29795
G1 X82.285 Y100.612 E1706.32703
G1 X82.76 Y100.898 E1706.35008
G1 X83.347 Y101.488 E1706.38468
G1 X83.74 Y102.186 E1706.41799
G1 X83.905 Y102.905 E1706.44866
G1 X83.92 Y103.539 E1706.47502
G1 X83.728 Y104.336 E1706.50911
G1 X83.318 Y105.059 E1706.54366
G1 X82.782 Y105.571 E1706.57448
G1 X82.281 Y105.886 E1706.59908
G1 X81.622 Y106.109 E1706.62801
G1 X81.058 Y106.175 E1706.65162
G1 X80.395 Y106.109 E1706.67932
G1 X80.087 Y106.025 E1706.69259
G1 X79.634 Y105.833 E1706.71304
G1 X79.327 Y105.643 E1706.72805
G1 X78.948 Y105.328 E1706.74854
G1 X78.729 Y105.091 E1706.76196
G1 X78.421 Y104.624 E1706.78522
G1 F1431.3 X78.216 Y104.167 E1706.80704
G1 F1311.2 X78.011 Y103.71 E1706.83086
M204 S5000
M205 X30 Y30
G0 F7200 X79.063 Y104.986
G0 X80.21 Y105.709
G0 X134.83 Y114.485
M204 S3000
M205 X20 Y20
G1 F1500 X135.005 Y113.706 E1706.86406
G1 X135.424 Y112.945 E1706.90017
G1 X135.978 Y112.421 E1706.93188
G1 X136.458 Y112.119 E1706.95546
G1 X137.159 Y111.874 E1706.98633
G1 X137.685 Y111.824 E1707.0083
G1 X138.398 Y111.895 E1707.03809
G1 X138.859 Y112.045 E1707.05824
G1 X139.506 Y112.414 E1707.08921
G1 X139.886 Y112.746 E1707.11019
G1 X140.331 Y113.373 E1707.14215
G1 X140.604 Y114.129 E1707.17557
G1 X140.659 Y114.468 E1707.18985
G1 X140.643 Y115.216 E1707.22095
G1 X140.454 Y115.857 E1707.24874
G1 X140.311 Y116.156 E1707.26252
G1 X140.021 Y116.589 E1707.28418
G1 X139.802 Y116.828 E1707.29766
G1 X139.423 Y117.143 E1707.31815
G1 X139.115 Y117.332 E1707.33317
G1 X138.469 Y117.598 E1707.36222
G1 X137.736 Y117.675 E1707.39286
G1 X137.147 Y117.614 E1707.41748
G1 X136.461 Y117.381 E1707.4476
G1 X136.002 Y117.099 E1707.47
G1 X135.449 Y116.569 E1707.50184
G1 X135.01 Y115.82 E1707.53794
G1 X134.833 Y115.048 E1707.57086
G1 X134.83 Y114.485 E1707.59427
M204 S5000
M205 X30 Y30
G0 F7200 X136.079 Y103.519
M204 S3000
M205 X20 Y20
G1 F1500 X136.093 Y102.922 E1707.6191
G1 X136.247 Y102.221 E1707.64894
G1 X136.673 Y101.458 E1707.68527
G1 X137.229 Y100.911 E1707.7177
G1 X137.699 Y100.623 E1707.74061
G1 X138.356 Y100.395 E1707.76953
G1 X138.961 Y100.325 E1707.79485
G1 X139.664 Y100.393 E1707.82421
G1 X140.242 Y100.598 E1707.84971
G1 X140.86 Y100.974 E1707.87978
G1 X141.276 Y101.417 E1707.90505
G1 X141.567 Y101.853 E1707.92684
G1 F1304.3 X141.924 Y102.605 E1707.96664
G1 F1104.6 X141.967 Y102.662 E1707.97067
G1 F1076 X142 Y102.953 E1707.98765
G1 F1170 X141.989 Y103.71 E1708.028
G1 F1368.6 X141.58 Y104.621 E1708.0735
G1 F1500 X141.271 Y105.09 E1708.09685
G1 X141.052 Y105.328 E1708.1103
G1 X140.673 Y105.643 E1708.13079
G1 X140.4 Y105.815 E1708.1442
G1 X139.592 Y106.115 E1708.18004
G1 X138.837 Y106.171 E1708.21151
G1 X138.399 Y106.115 E1708.22987
G1 X137.715 Y105.884 E1708.25988
G1 X137.231 Y105.587 E1708.28349
G1 X136.653 Y105.021 E1708.31713
G1 X136.251 Y104.284 E1708.35203
G1 X136.085 Y103.565 E1708.38271
G1 X136.079 Y103.519 E1708.38464
M204 S5000
M205 X30 Y30
G0 F7200 X136.571 Y102.321
G0 X139.942 Y97.714
M204 S3000
M205 X20 Y20
G1 F1500 X139.267 Y98.266 E1708.42089
G1 X138.499 Y98.593 E1708.45559
G1 X137.724 Y98.68 E1708.48802
G1 X137.19 Y98.626 E1708.51033
G1 X136.451 Y98.383 E1708.54267
G1 X135.981 Y98.091 E1708.56568
G1 X135.414 Y97.536 E1708.59866
G1 X135.004 Y96.794 E1708.63391
G1 X134.836 Y96.064 E1708.66505
G1 X134.839 Y95.462 E1708.69008
G1 X134.973 Y94.84 E1708.71653
G1 X135.088 Y94.546 E1708.72966
G1 X135.33 Y94.113 E1708.75028
G1 X135.551 Y93.827 E1708.76531
G1 X135.928 Y93.466 E1708.78701
G1 X136.425 Y93.125 E1708.81207
G1 X137.146 Y92.883 E1708.84369
G1 X137.656 Y92.826 E1708.86502
G1 X138.311 Y92.883 E1708.89236
G1 X138.623 Y92.939 E1708.90554
G1 X138.393 Y92.647 E1708.92099
G1 X138.119 Y92.213 E1708.94233
G1 X137.869 Y91.532 E1708.97249
G1 X137.777 Y90.951 E1708.99694
G1 X137.775 Y90.475 E1709.01673
G1 X82.225 Y90.475 E1711.32623
G1 X82.221 Y91.056 E1711.35039
G1 X82.125 Y91.55 E1711.37131
G1 X81.883 Y92.206 E1711.40038
G1 X81.616 Y92.636 E1711.42143
G1 X81.381 Y92.935 E1711.43724
G1 X81.692 Y92.88 E1711.45037
G1 X82.395 Y92.827 E1711.47968
G1 X82.888 Y92.894 E1711.50036
G1 X83.575 Y93.125 E1711.5305
G1 X84.071 Y93.465 E1711.5555
G1 X84.449 Y93.827 E1711.57726
G1 X84.67 Y94.113 E1711.59228
G1 X85.01 Y94.747 E1711.62219
G1 X85.161 Y95.459 E1711.65245
G1 X85.164 Y96.026 E1711.67603
G1 X84.999 Y96.793 E1711.70864
G1 X84.578 Y97.54 E1711.74429
G1 X84.04 Y98.066 E1711.77558
G1 X83.552 Y98.382 E1711.79975
G1 X82.82 Y98.625 E1711.83181
G1 X82.306 Y98.684 E1711.85332
G1 X81.508 Y98.598 E1711.88669
G1 X80.711 Y98.257 E1711.92273
G1 X80.061 Y97.714 E1711.95795
G1 X79.584 Y96.997 E1711.99375
G1 X79.362 Y96.236 E1712.02671
G1 X79.336 Y95.34 E1712.06397
G1 X79.533 Y94.677 E1712.09273
G1 X79.684 Y94.351 E1712.10767
G1 X80.025 Y93.829 E1712.13359
G1 X79.605 Y93.982 E1712.15217
G1 X78.985 Y94.37 E1712.18258
G1 X78.511 Y94.769 E1712.20834
G1 X78.001 Y95.344 E1712.24029
G1 X77.628 Y96.022 E1712.27247
G1 X77.348 Y96.773 E1712.30579
G1 X77.226 Y97.613 E1712.34108
G1 X77.226 Y102.021 E1712.52434
G1 F1243.8 X77.33 Y102.614 E1712.55453
G1 F1080.7 X77.317 Y103.02 E1712.57797
G1 F1090.1 X77.323 Y103.79 E1712.62202
G1 F1256.3 X77.226 Y104.471 E1712.65617
G1 F1500 X77.225 Y125.46 E1713.52879
G1 X77.271 Y125.862 E1713.54561
G1 F1482.2 X77.46 Y126.664 E1713.58028
G1 F1494 X77.79 Y127.371 E1713.61284
G1 F1569 X78.183 Y128.019 E1713.64297
G1 F1712.3 X78.753 Y128.6 E1713.67261
G1 F1918.2 X79.331 Y129.002 E1713.6955
G1 F1963.4 X80.106 Y129.37 E1713.72275
G1 F1879.7 X80.88 Y129.526 E1713.74895
G1 F1785.7 X81.291 Y129.558 E1713.76334
G1 F1663 X81.835 Y129.541 E1713.78375
G1 F1552.8 X82.379 Y129.524 E1713.80561
G1 F1500 X137.755 Y129.524 E1716.10788
G1 F1602.6 X138.708 Y129.557 E1716.14499
G1 F1781.5 X139.112 Y129.527 E1716.15917
G1 F1933 X139.783 Y129.39 E1716.18126
G1 F2021.6 X140.088 Y129.283 E1716.19123
G1 F1963.4 X140.76 Y128.957 E1716.21496
G1 F1851.9 X141.365 Y128.511 E1716.24027
G1 F1756.4 X141.864 Y127.931 E1716.26743
G1 F1641.1 X142.205 Y127.392 E1716.29167
G1 F1536.9 X142.543 Y126.665 E1716.3242
G1 F1500 X142.729 Y125.862 E1716.35847
G1 X142.775 Y125.457 E1716.37542
G1 X142.775 Y104.474 E1717.24779
G1 F1256.3 X142.678 Y103.789 E1717.28213
G1 F1090.1 X142.684 Y103.005 E1717.32698
G1 F1126.1 X142.7 Y102.471 E1717.35657
G1 F1304.3 X142.775 Y101.702 E1717.39351
G1 F1500 X142.775 Y97.605 E1717.56384
G1 X142.652 Y96.772 E1717.59885
G1 X142.373 Y96.023 E1717.63208
G1 X141.995 Y95.341 E1717.6645
G1 X141.485 Y94.768 E1717.69639
G1 X141.013 Y94.369 E1717.72209
G1 X140.378 Y93.971 E1717.75325
G1 X139.992 Y93.855 E1717.77
G1 X140.333 Y94.382 E1717.7961
G1 X140.466 Y94.674 E1717.80944
G1 X140.665 Y95.343 E1717.83846
G1 X140.642 Y96.232 E1717.87543
G1 X140.42 Y96.986 E1717.90811
G1 X139.942 Y97.714 E1717.94432
M204 S5000
M205 X30 Y30
G0 F7200 X141.574 Y102.872
G0 X141.356 Y104.353
G0 X135.691 Y113.161
G0 X135.165 Y114.518
G0 X136.083 Y126.434
M204 S3000
M205 X20 Y20
G1 F1500 X136.079 Y126.375 E1717.94677
G1 X136.112 Y125.833 E1717.96935
G1 X136.302 Y125.117 E1718.00015
G1 X136.682 Y124.44 E1718.03243
G1 X137.24 Y123.907 E1718.06451
G1 X137.687 Y123.625 E1718.08648
G1 X138.405 Y123.383 E1718.11798
G1 X138.861 Y123.327 E1718.13708
G1 X139.709 Y123.396 E1718.17245
G1 X140.281 Y123.624 E1718.19805
G1 X140.927 Y124.044 E1718.23009
G1 X141.302 Y124.45 E1718.25307
G1 X141.567 Y124.853 E1718.27312
G1 X141.713 Y125.169 E1718.28759
G1 X141.914 Y125.821 E1718.31596
G1 X141.905 Y126.647 E1718.3503
G1 F1552.8 X141.703 Y127.314 E1718.37829
G1 F1652 X141.555 Y127.605 E1718.39062
G1 F1807.2 X141.146 Y128.164 E1718.41452
G1 F1994.7 X140.735 Y128.524 E1718.4316
G1 F2095 X140.176 Y128.854 E1718.45092
G1 F2066.1 X139.692 Y129.03 E1718.46647
G1 F1933 X139.071 Y129.123 E1718.48673
G1 F1748.3 X138.501 Y129.108 E1718.50706
G1 F1575.6 X137.844 Y128.932 E1718.53399
G1 F1500 X137.351 Y128.672 E1718.55716
G1 X136.775 Y128.145 E1718.58962
G1 X136.574 Y127.876 E1718.60358
G1 X136.218 Y127.156 E1718.63697
G1 X136.083 Y126.434 E1718.66751
M204 S5000
M205 X30 Y30
G0 F7200 X136.941 Y127.839
G0 X137.85 Y128.578
G0 X138.948 Y128.845
G0 X140.053 Y128.624
G0 X142.154 Y126.545
M204 S3000
M205 X20 Y20
G1 F1500 X142.36 Y126.34 E1718.67959
M204 S5000
M205 X30 Y30
G0 F7200 X142.16 Y125.833
M204 S3000
M205 X20 Y20
G1 F1500 X142.52 Y125.473 E1718.70076
M204 S5000
M205 X30 Y30
G0 F7200 X142.007 Y125.278
M204 S3000
M205 X20 Y20
G1 F1500 X142.523 Y124.762 E1718.7311
M204 S5000
M205 X30 Y30
G0 F7200 X142.523 Y124.055
M204 S3000
M205 X20 Y20
G1 F1500 X141.803 Y124.775 E1718.77343
M204 S5000
M205 X30 Y30
G0 F7200 X141.529 Y124.342
M204 S3000
M205 X20 Y20
G1 F1500 X142.523 Y123.348 E1718.83187
M204 S5000
M205 X30 Y30
G0 F7200 X142.523 Y122.641
M204 S3000
M205 X20 Y20
G1 F1500 X141.196 Y123.968 E1718.90989
M204 S5000
M205 X30 Y30
G0 F7200 X140.797 Y123.66
M204 S3000
M205 X20 Y20
G1 F1500 X142.523 Y121.934 E1719.01138
M204 S5000
M205 X30 Y30
G0 F7200 X142.523 Y121.227
M204 S3000
M205 X20 Y20
G1 F1500 X140.362 Y123.388 E1719.13844
M204 S5000
M205 X30 Y30
G0 F7200 X139.857 Y123.186
M204 S3000
M205 X20 Y20
G1 F1500 X142.523 Y120.519 E1719.29522
M204 S5000
M205 X30 Y30
G0 F7200 X142.523 Y119.812
M204 S3000
M205 X20 Y20
G1 F1500 X139.229 Y123.107 E1719.48892
M204 S5000
M205 X30 Y30
G0 F7200 X138.51 Y123.118
M204 S3000
M205 X20 Y20
G1 F1500 X142.523 Y119.105 E1719.72487
M204 S5000
M205 X30 Y30
G0 F7200 X142.523 Y118.398
M204 S3000
M205 X20 Y20
G1 F1500 X137.433 Y123.488 E1720.02414
G1 X137.345 Y123.576
M204 S5000
M205 X30 Y30
G0 F7200 X136.275 Y124.646
M204 S3000
M205 X20 Y20
G1 F1500 X131.647 Y129.274 E1720.29625
M204 S5000
M205 X30 Y30
G0 F7200 X132.354 Y129.274
M204 S3000
M205 X20 Y20
G1 F1500 X135.871 Y125.757 E1720.50304
M204 S5000
M205 X30 Y30
G0 F7200 X135.839 Y126.497
M204 S3000
M205 X20 Y20
G1 F1500 X133.061 Y129.274 E1720.66634
M204 S5000
M205 X30 Y30
G0 F7200 X133.769 Y129.274
M204 S3000
M205 X20 Y20
G1 F1500 X135.95 Y127.093 E1720.79458
M204 S5000
M205 X30 Y30
G0 F7200 X136.155 Y127.595
M204 S3000
M205 X20 Y20
G1 F1500 X134.476 Y129.274 E1720.8933
M204 S5000
M205 X30 Y30
G0 F7200 X135.183 Y129.274
M204 S3000
M205 X20 Y20
G1 F1500 X136.4 Y128.057 E1720.96485
M204 S5000
M205 X30 Y30
G0 F7200 X136.724 Y128.44
M204 S3000
M205 X20 Y20
G1 F1500 X135.89 Y129.274 E1721.01389
M204 S5000
M205 X30 Y30
G0 F7200 X136.597 Y129.274
M204 S3000
M205 X20 Y20
G1 F1500 X137.095 Y128.776 E1721.04317
M204 S5000
M205 X30 Y30
G0 F7200 X137.532 Y129.046
M204 S3000
M205 X20 Y20
G1 F1500 X137.304 Y129.274 E1721.05657
M204 S5000
M205 X30 Y30
G0 F7200 X130.94 Y129.274
M204 S3000
M205 X20 Y20
G1 F1500 X142.523 Y117.691 E1721.73761
M204 S5000
M205 X30 Y30
G0 F7200 X142.523 Y116.984
M204 S3000
M205 X20 Y20
G1 F1500 X130.233 Y129.274 E1722.46021
M204 S5000
M205 X30 Y30
G0 F7200 X129.526 Y129.274
M204 S3000
M205 X20 Y20
G1 F1500 X142.523 Y116.277 E1723.22439
M204 S5000
M205 X30 Y30
G0 F7200 X142.523 Y115.57
M204 S3000
M205 X20 Y20
G1 F1500 X128.819 Y129.274 E1724.03013
M204 S5000
M205 X30 Y30
G0 F7200 X128.112 Y129.274
M204 S3000
M205 X20 Y20
G1 F1500 X142.523 Y114.863 E1724.87744
M204 S5000
M205 X30 Y30
G0 F7200 X142.523 Y114.156
M204 S3000
M205 X20 Y20
G1 F1500 X140.644 Y116.035 E1724.98792
M204 S5000
M205 X30 Y30
G0 F7200 X140.894 Y115.078
M204 S3000
M205 X20 Y20
G1 F1500 X142.523 Y113.448 E1725.08373
M204 S5000
M205 X30 Y30
G0 F7200 X142.523 Y112.741
M204 S3000
M205 X20 Y20
G1 F1500 X140.89 Y114.375 E1725.17977
M204 S5000
M205 X30 Y30
G0 F7200 X140.752 Y113.806
M204 S3000
M205 X20 Y20
G1 F1500 X142.523 Y112.034 E1725.28393
M204 S5000
M205 X30 Y30
G0 F7200 X142.523 Y111.327
M204 S3000
M205 X20 Y20
G1 F1500 X140.565 Y113.286 E1725.39908
M204 S5000
M205 X30 Y30
G0 F7200 X140.278 Y112.865
M204 S3000
M205 X20 Y20
G1 F1500 X142.523 Y110.62 E1725.53108
M204 S5000
M205 X30 Y30
G0 F7200 X142.523 Y109.913
M204 S3000
M205 X20 Y20
G1 F1500 X139.957 Y112.479 E1725.68195
M204 S5000
M205 X30 Y30
G0 F7200 X139.57 Y112.159
M204 S3000
M205 X20 Y20
G1 F1500 X142.523 Y109.206 E1725.85557
M204 S5000
M205 X30 Y30
G0 F7200 X142.523 Y108.499
M204 S3000
M205 X20 Y20
G1 F1500 X139.117 Y111.905 E1726.05583
M204 S5000
M205 X30 Y30
G0 F7200 X138.612 Y111.703
M204 S3000
M205 X20 Y20
G1 F1500 X142.523 Y107.792 E1726.28579
M204 S5000
M205 X30 Y30
G0 F7200 X142.523 Y107.084
M204 S3000
M205 X20 Y20
G1 F1500 X138.006 Y111.602 E1726.5514
M204 S5000
M205 X30 Y30
G0 F7200 X137.29 Y111.611
M204 S3000
M205 X20 Y20
G1 F1500 X142.523 Y106.377 E1726.85911
M204 S5000
M205 X30 Y30
G0 F7200 X142.523 Y105.67
M204 S3000
M205 X20 Y20
G1 F1500 X136.223 Y111.971 E1727.22955
G1 X136.135 Y112.059
M204 S5000
M205 X30 Y30
G0 F7200 X134.996 Y113.197
M204 S3000
M205 X20 Y20
G1 F1500 X118.919 Y129.274 E1728.17482
M204 S5000
M205 X30 Y30
G0 F7200 X119.626 Y129.274
M204 S3000
M205 X20 Y20
G1 F1500 X134.615 Y114.286 E1729.05608
M204 S5000
M205 X30 Y30
G0 F7200 X134.579 Y115.029
M204 S3000
M205 X20 Y20
G1 F1500 X120.334 Y129.274 E1729.89364
M204 S5000
M205 X30 Y30
G0 F7200 X121.041 Y129.274
M204 S3000
M205 X20 Y20
G1 F1500 X134.704 Y115.611 E1730.69697
M204 S5000
M205 X30 Y30
G0 F7200 X134.896 Y116.126
M204 S3000
M205 X20 Y20
G1 F1500 X121.748 Y129.274 E1731.47002
M204 S5000
M205 X30 Y30
G0 F7200 X122.455 Y129.274
M204 S3000
M205 X20 Y20
G1 F1500 X135.158 Y116.571 E1732.21691
M204 S5000
M205 X30 Y30
G0 F7200 X135.486 Y116.95
M204 S3000
M205 X20 Y20
G1 F1500 X123.162 Y129.274 E1732.94151
M204 S5000
M205 X30 Y30
G0 F7200 X123.869 Y129.274
M204 S3000
M205 X20 Y20
G1 F1500 X135.85 Y117.293 E1733.64595
M204 S5000
M205 X30 Y30
G0 F7200 X136.286 Y117.564
M204 S3000
M205 X20 Y20
G1 F1500 X124.576 Y129.274 E1734.33445
M204 S5000
M205 X30 Y30
G0 F7200 X125.283 Y129.274
M204 S3000
M205 X20 Y20
G1 F1500 X136.799 Y117.758 E1735.01155
M204 S5000
M205 X30 Y30
G0 F7200 X137.375 Y117.889
M204 S3000
M205 X20 Y20
G1 F1500 X125.99 Y129.274 E1735.68094
M204 S5000
M205 X30 Y30
G0 F7200 X126.697 Y129.274
M204 S3000
M205 X20 Y20
G1 F1500 X138.081 Y117.89 E1736.35028
G1 X138.169 Y117.802
M204 S5000
M205 X30 Y30
G0 F7200 X139.051 Y117.628
M204 S3000
M205 X20 Y20
G1 F1500 X127.405 Y129.274 E1737.03502
G1 X127.317 Y129.362
M204 S5000
M205 X30 Y30
G0 F7200 X118.212 Y129.274
M204 S3000
M205 X20 Y20
G1 F1500 X142.523 Y104.963 E1738.46441
M204 S5000
M205 X30 Y30
G0 F7200 X142.477 Y104.302
M204 S3000
M205 X20 Y20
G1 F1500 X117.505 Y129.274 E1739.93267
M204 S5000
M205 X30 Y30
G0 F7200 X116.798 Y129.274
M204 S3000
M205 X20 Y20
G1 F1500 X139.751 Y106.321 E1741.28222
M204 S5000
M205 X30 Y30
G0 F7200 X138.952 Y106.413
M204 S3000
M205 X20 Y20
G1 F1500 X116.091 Y129.274 E1742.62636
M204 S5000
M205 X30 Y30
G0 F7200 X115.384 Y129.274
M204 S3000
M205 X20 Y20
G1 F1500 X138.311 Y106.347 E1743.97438
M204 S5000
M205 X30 Y30
G0 F7200 X137.782 Y106.169
M204 S3000
M205 X20 Y20
G1 F1500 X114.677 Y129.274 E1745.33286
M204 S5000
M205 X30 Y30
G0 F7200 X113.97 Y129.274
M204 S3000
M205 X20 Y20
G1 F1500 X137.314 Y105.93 E1746.7054
M204 S5000
M205 X30 Y30
G0 F7200 X136.912 Y105.624
M204 S3000
M205 X20 Y20
G1 F1500 X113.262 Y129.274 E1748.09593
M204 S5000
M205 X30 Y30
G0 F7200 X112.555 Y129.274
M204 S3000
M205 X20 Y20
G1 F1500 X136.555 Y105.275 E1749.50701
M204 S5000
M205 X30 Y30
G0 F7200 X136.272 Y104.85
M204 S3000
M205 X20 Y20
G1 F1500 X111.848 Y129.274 E1750.94305
M204 S5000
M205 X30 Y30
G0 F7200 X111.141 Y129.274
M204 S3000
M205 X20 Y20
G1 F1500 X136.024 Y104.392 E1752.40604
M204 S5000
M205 X30 Y30
G0 F7200 X135.886 Y103.823
M204 S3000
M205 X20 Y20
G1 F1500 X110.434 Y129.274 E1753.90249
M204 S5000
M205 X30 Y30
G0 F7200 X109.728 Y129.273
M204 S3000
M205 X20 Y20
G1 F1500 X135.835 Y103.166 E1755.43748
M204 S5000
M205 X30 Y30
G0 F7200 X135.967 Y102.327
M204 S3000
M205 X20 Y20
G1 F1500 X109.021 Y129.273 E1757.02181
M204 S5000
M205 X30 Y30
G0 F7200 X108.313 Y129.273
M204 S3000
M205 X20 Y20
G1 F1500 X138.892 Y98.695 E1758.8197
M204 S5000
M205 X30 Y30
G0 F7200 X137.976 Y98.904
M204 S3000
M205 X20 Y20
G1 F1500 X107.606 Y129.273 E1760.60531
M204 S5000
M205 X30 Y30
G0 F7200 X106.899 Y129.273
M204 S3000
M205 X20 Y20
G1 F1500 X137.292 Y98.881 E1762.39228
M204 S5000
M205 X30 Y30
G0 F7200 X136.726 Y98.739
M204 S3000
M205 X20 Y20
G1 F1500 X106.192 Y129.273 E1764.18756
M204 S5000
M205 X30 Y30
G0 F7200 X105.485 Y129.273
M204 S3000
M205 X20 Y20
G1 F1500 X136.223 Y98.536 E1765.99481
M204 S5000
M205 X30 Y30
G0 F7200 X135.795 Y98.256
M204 S3000
M205 X20 Y20
G1 F1500 X104.778 Y129.273 E1767.81849
M204 S5000
M205 X30 Y30
G0 F7200 X104.071 Y129.273
M204 S3000
M205 X20 Y20
G1 F1500 X135.436 Y97.908 E1769.66263
M204 S5000
M205 X30 Y30
G0 F7200 X135.117 Y97.52
M204 S3000
M205 X20 Y20
G1 F1500 X103.364 Y129.273 E1771.52958
M204 S5000
M205 X30 Y30
G0 F7200 X102.657 Y129.273
M204 S3000
M205 X20 Y20
G1 F1500 X134.863 Y97.067 E1773.42317
M204 S5000
M205 X30 Y30
G0 F7200 X134.688 Y96.535
M204 S3000
M205 X20 Y20
G1 F1500 X101.949 Y129.273 E1775.34807
M204 S5000
M205 X30 Y30
G0 F7200 X101.242 Y129.273
M204 S3000
M205 X20 Y20
G1 F1500 X134.585 Y95.931 E1777.30848
M204 S5000
M205 X30 Y30
G0 F7200 X134.644 Y95.165
M204 S3000
M205 X20 Y20
G1 F1500 X100.535 Y129.273 E1779.31393
M204 S5000
M205 X30 Y30
G0 F7200 X99.828 Y129.273
M204 S3000
M205 X20 Y20
G1 F1500 X135.111 Y93.991 E1781.38841
G1 X135.199 Y93.903
M204 S5000
M205 X30 Y30
G0 F7200 X135.965 Y93.137
M204 S3000
M205 X20 Y20
G1 F1500 X137.61 Y91.492 E1781.48513
M204 S5000
M205 X30 Y30
G0 F7200 X137.782 Y92.027
M204 S3000
M205 X20 Y20
G1 F1500 X137.184 Y92.625 E1781.52029
M204 S5000
M205 X30 Y30
G0 F7200 X137.918 Y92.598
M204 S3000
M205 X20 Y20
G1 F1500 X138.008 Y92.507 E1781.52561
M204 S5000
M205 X30 Y30
G0 F7200 X137.526 Y90.868
M204 S3000
M205 X20 Y20
G1 F1500 X99.121 Y129.273 E1783.78368
M204 S5000
M205 X30 Y30
G0 F7200 X98.414 Y129.273
M204 S3000
M205 X20 Y20
G1 F1500 X136.963 Y90.724 E1786.05021
M204 S5000
M205 X30 Y30
G0 F7200 X136.256 Y90.724
M204 S3000
M205 X20 Y20
G1 F1500 X97.707 Y129.273 E1788.31674
M204 S5000
M205 X30 Y30
G0 F7200 X97 Y129.273
M204 S3000
M205 X20 Y20
G1 F1500 X135.549 Y90.724 E1790.58328
M204 S5000
M205 X30 Y30
G0 F7200 X134.842 Y90.724
M204 S3000
M205 X20 Y20
G1 F1500 X96.293 Y129.273 E1792.84981
M204 S5000
M205 X30 Y30
G0 F7200 X95.585 Y129.273
M204 S3000
M205 X20 Y20
G1 F1500 X134.135 Y90.724 E1795.11637
M204 S5000
M205 X30 Y30
G0 F7200 X133.428 Y90.724
M204 S3000
M205 X20 Y20
G1 F1500 X94.878 Y129.273 E1797.38294
M204 S5000
M205 X30 Y30
G0 F7200 X94.171 Y129.273
M204 S3000
M205 X20 Y20
G1 F1500 X132.721 Y90.724 E1799.6495
M204 S5000
M205 X30 Y30
G0 F7200 X132.014 Y90.724
M204 S3000
M205 X20 Y20
G1 F1500 X93.464 Y129.273 E1801.91606
M204 S5000
M205 X30 Y30
G0 F7200 X92.757 Y129.273
M204 S3000
M205 X20 Y20
G1 F1500 X131.306 Y90.724 E1804.18259
M204 S5000
M205 X30 Y30
G0 F7200 X130.599 Y90.724
M204 S3000
M205 X20 Y20
G1 F1500 X92.05 Y129.273 E1806.44913
M204 S5000
M205 X30 Y30
G0 F7200 X91.343 Y129.273
M204 S3000
M205 X20 Y20
G1 F1500 X129.892 Y90.724 E1808.71566
M204 S5000
M205 X30 Y30
G0 F7200 X129.185 Y90.724
M204 S3000
M205 X20 Y20
G1 F1500 X90.636 Y129.273 E1810.98219
M204 S5000
M205 X30 Y30
G0 F7200 X89.929 Y129.273
M204 S3000
M205 X20 Y20
G1 F1500 X128.478 Y90.724 E1813.24873
M204 S5000
M205 X30 Y30
G0 F7200 X127.771 Y90.724
M204 S3000
M205 X20 Y20
G1 F1500 X89.222 Y129.273 E1815.51526
M204 S5000
M205 X30 Y30
G0 F7200 X88.514 Y129.273
M204 S3000
M205 X20 Y20
G1 F1500 X127.064 Y90.724 E1817.78182
M204 S5000
M205 X30 Y30
G0 F7200 X126.357 Y90.724
M204 S3000
M205 X20 Y20
G1 F1500 X87.807 Y129.273 E1820.04839
M204 S5000
M205 X30 Y30
G0 F7200 X87.1 Y129.273
M204 S3000
M205 X20 Y20
G1 F1500 X125.65 Y90.724 E1822.31495
M204 S5000
M205 X30 Y30
G0 F7200 X124.942 Y90.724
M204 S3000
M205 X20 Y20
G1 F1500 X86.393 Y129.273 E1824.58148
M204 S5000
M205 X30 Y30
G0 F7200 X85.686 Y129.273
M204 S3000
M205 X20 Y20
G1 F1500 X124.235 Y90.724 E1826.84802
M204 S5000
M205 X30 Y30
G0 F7200 X123.528 Y90.724
M204 S3000
M205 X20 Y20
G1 F1500 X84.979 Y129.273 E1829.11455
M204 S5000
M205 X30 Y30
G0 F7200 X84.272 Y129.273
M204 S3000
M205 X20 Y20
G1 F1500 X122.821 Y90.724 E1831.38108
M204 S5000
M205 X30 Y30
G0 F7200 X122.114 Y90.724
M204 S3000
M205 X20 Y20
G1 F1500 X83.565 Y129.273 E1833.64762
M204 S5000
M205 X30 Y30
G0 F7200 X82.858 Y129.273
M204 S3000
M205 X20 Y20
G1 F1500 X121.407 Y90.724 E1835.91415
M204 S5000
M205 X30 Y30
G0 F7200 X120.7 Y90.724
M204 S3000
M205 X20 Y20
G1 F1500 X83.857 Y127.567 E1838.08038
G1 X83.769 Y127.655
M204 S5000
M205 X30 Y30
G0 F7200 X84.149 Y126.568
M204 S3000
M205 X20 Y20
G1 F1500 X119.993 Y90.724 E1840.18787
M204 S5000
M205 X30 Y30
G0 F7200 X119.286 Y90.724
M204 S3000
M205 X20 Y20
G1 F1500 X84.152 Y125.858 E1842.25361
M204 S5000
M205 X30 Y30
G0 F7200 X84.013 Y125.29
M204 S3000
M205 X20 Y20
G1 F1500 X118.578 Y90.724 E1844.28593
M204 S5000
M205 X30 Y30
G0 F7200 X117.871 Y90.724
M204 S3000
M205 X20 Y20
G1 F1500 X83.806 Y124.79 E1846.28885
M204 S5000
M205 X30 Y30
G0 F7200 X83.551 Y124.338
M204 S3000
M205 X20 Y20
G1 F1500 X117.164 Y90.724 E1848.2652
M204 S5000
M205 X30 Y30
G0 F7200 X116.457 Y90.724
M204 S3000
M205 X20 Y20
G1 F1500 X83.198 Y123.984 E1850.22073
M204 S5000
M205 X30 Y30
G0 F7200 X82.821 Y123.653
M204 S3000
M205 X20 Y20
G1 F1500 X115.75 Y90.724 E1852.15683
M204 S5000
M205 X30 Y30
G0 F7200 X115.043 Y90.724
M204 S3000
M205 X20 Y20
G1 F1500 X82.381 Y123.386 E1854.07723
M204 S5000
M205 X30 Y30
G0 F7200 X81.851 Y123.209
M204 S3000
M205 X20 Y20
G1 F1500 X114.336 Y90.724 E1855.98722
M204 S5000
M205 X30 Y30
G0 F7200 X113.629 Y90.724
M204 S3000
M205 X20 Y20
G1 F1500 X81.258 Y123.095 E1857.89051
M204 S5000
M205 X30 Y30
G0 F7200 X80.524 Y123.122
M204 S3000
M205 X20 Y20
G1 F1500 X112.922 Y90.724 E1859.79539
M204 S5000
M205 X30 Y30
G0 F7200 X112.215 Y90.724
M204 S3000
M205 X20 Y20
G1 F1500 X79.414 Y123.525 E1861.72396
G1 X79.326 Y123.613
M204 S5000
M205 X30 Y30
G0 F7200 X78.219 Y124.72
M204 S3000
M205 X20 Y20
G1 F1500 X77.476 Y125.462 E1861.76762
M204 S5000
M205 X30 Y30
G0 F7200 X77.841 Y125.805
M204 S3000
M205 X20 Y20
G1 F1500 X77.579 Y126.067 E1861.78302
M204 S5000
M205 X30 Y30
G0 F7200 X77.829 Y126.524
M204 S3000
M205 X20 Y20
G1 F1500 X77.729 Y126.624 E1861.7889
M204 S5000
M205 X30 Y30
G0 F7200 X77.475 Y124.756
M204 S3000
M205 X20 Y20
G1 F1500 X111.507 Y90.724 E1863.78985
M204 S5000
M205 X30 Y30
G0 F7200 X110.8 Y90.724
M204 S3000
M205 X20 Y20
G1 F1500 X77.475 Y124.049 E1865.74924
M204 S5000
M205 X30 Y30
G0 F7200 X77.475 Y123.342
M204 S3000
M205 X20 Y20
G1 F1500 X82.983 Y117.834 E1866.07309
M204 S5000
M205 X30 Y30
G0 F7200 X82.192 Y117.918
M204 S3000
M205 X20 Y20
G1 F1500 X77.475 Y122.635 E1866.35043
M204 S5000
M205 X30 Y30
G0 F7200 X77.475 Y121.928
M204 S3000
M205 X20 Y20
G1 F1500 X81.556 Y117.847 E1866.59038
M204 S5000
M205 X30 Y30
G0 F7200 X81.031 Y117.665
M204 S3000
M205 X20 Y20
G1 F1500 X77.475 Y121.221 E1866.79945
M204 S5000
M205 X30 Y30
G0 F7200 X77.475 Y120.514
M204 S3000
M205 X20 Y20
G1 F1500 X80.564 Y117.424 E1866.98111
M204 S5000
M205 X30 Y30
G0 F7200 X80.163 Y117.119
M204 S3000
M205 X20 Y20
G1 F1500 X77.475 Y119.807 E1867.13915
M204 S5000
M205 X30 Y30
G0 F7200 X77.475 Y119.1
M204 S3000
M205 X20 Y20
G1 F1500 X79.805 Y116.77 E1867.27614
M204 S5000
M205 X30 Y30
G0 F7200 X79.521 Y116.346
M204 S3000
M205 X20 Y20
G1 F1500 X77.475 Y118.393 E1867.39647
M204 S5000
M205 X30 Y30
G0 F7200 X77.475 Y117.685
M204 S3000
M205 X20 Y20
G1 F1500 X79.287 Y115.874 E1867.50298
M204 S5000
M205 X30 Y30
G0 F7200 X79.129 Y115.324
M204 S3000
M205 X20 Y20
G1 F1500 X77.475 Y116.978 E1867.60023
M204 S5000
M205 X30 Y30
G0 F7200 X77.475 Y116.271
M204 S3000
M205 X20 Y20
G1 F1500 X79.093 Y114.653 E1867.69536
M204 S5000
M205 X30 Y30
G0 F7200 X79.253 Y113.786
M204 S3000
M205 X20 Y20
G1 F1500 X77.475 Y115.564 E1867.7999
M204 S5000
M205 X30 Y30
G0 F7200 X77.475 Y114.857
M204 S3000
M205 X20 Y20
G1 F1500 X101.609 Y90.723 E1869.21889
M204 S5000
M205 X30 Y30
G0 F7200 X102.316 Y90.723
M204 S3000
M205 X20 Y20
G1 F1500 X81.309 Y111.73 E1870.45402
M204 S5000
M205 X30 Y30
G0 F7200 X82.165 Y111.582
M204 S3000
M205 X20 Y20
G1 F1500 X103.023 Y90.723 E1871.68042
M204 S5000
M205 X30 Y30
G0 F7200 X103.73 Y90.723
M204 S3000
M205 X20 Y20
G1 F1500 X82.825 Y111.628 E1872.90955
M204 S5000
M205 X30 Y30
G0 F7200 X83.365 Y111.796
M204 S3000
M205 X20 Y20
G1 F1500 X104.437 Y90.723 E1874.14853
M204 S5000
M205 X30 Y30
G0 F7200 X105.144 Y90.723
M204 S3000
M205 X20 Y20
G1 F1500 X83.853 Y112.014 E1875.40036
M204 S5000
M205 X30 Y30
G0 F7200 X84.269 Y112.306
M204 S3000
M205 X20 Y20
G1 F1500 X105.851 Y90.723 E1876.66933
M204 S5000
M205 X30 Y30
G0 F7200 X106.558 Y90.723
M204 S3000
M205 X20 Y20
G1 F1500 X84.623 Y112.659 E1877.95906
M204 S5000
M205 X30 Y30
G0 F7200 X84.927 Y113.062
M204 S3000
M205 X20 Y20
G1 F1500 X107.265 Y90.723 E1879.27247
M204 S5000
M205 X30 Y30
G0 F7200 X107.973 Y90.723
M204 S3000
M205 X20 Y20
G1 F1500 X85.18 Y113.516 E1880.61261
M204 S5000
M205 X30 Y30
G0 F7200 X85.336 Y114.067
M204 S3000
M205 X20 Y20
G1 F1500 X108.68 Y90.723 E1881.98515
M204 S5000
M205 X30 Y30
G0 F7200 X109.387 Y90.723
M204 S3000
M205 X20 Y20
G1 F1500 X85.412 Y114.698 E1883.39479
M204 S5000
M205 X30 Y30
G0 F7200 X85.316 Y115.501
M204 S3000
M205 X20 Y20
G1 F1500 X110.093 Y90.724 E1884.85158
G1 X110.181 Y90.636
M204 S5000
M205 X30 Y30
G0 F7200 X100.902 Y90.723
M204 S3000
M205 X20 Y20
G1 F1500 X77.475 Y114.15 E1886.229
M204 S5000
M205 X30 Y30
G0 F7200 X77.475 Y113.443
M204 S3000
M205 X20 Y20
G1 F1500 X100.194 Y90.723 E1887.56482
M204 S5000
M205 X30 Y30
G0 F7200 X99.487 Y90.723
M204 S3000
M205 X20 Y20
G1 F1500 X77.475 Y112.736 E1888.85907
M204 S5000
M205 X30 Y30
G0 F7200 X77.475 Y112.029
M204 S3000
M205 X20 Y20
G1 F1500 X98.78 Y90.723 E1890.11175
M204 S5000
M205 X30 Y30
G0 F7200 X98.073 Y90.723
M204 S3000
M205 X20 Y20
G1 F1500 X77.475 Y111.321 E1891.32284
M204 S5000
M205 X30 Y30
G0 F7200 X77.475 Y110.614
M204 S3000
M205 X20 Y20
G1 F1500 X81.766 Y106.324 E1891.5751
M204 S5000
M205 X30 Y30
G0 F7200 X80.964 Y106.418
M204 S3000
M205 X20 Y20
G1 F1500 X77.475 Y109.907 E1891.78024
M204 S5000
M205 X30 Y30
G0 F7200 X77.475 Y109.2
M204 S3000
M205 X20 Y20
G1 F1500 X80.327 Y106.348 E1891.94793
M204 S5000
M205 X30 Y30
G0 F7200 X79.798 Y106.17
M204 S3000
M205 X20 Y20
G1 F1500 X77.475 Y108.493 E1892.08451
M204 S5000
M205 X30 Y30
G0 F7200 X77.475 Y107.786
M204 S3000
M205 X20 Y20
G1 F1500 X79.326 Y105.935 E1892.19334
M204 S5000
M205 X30 Y30
G0 F7200 X78.923 Y105.631
M204 S3000
M205 X20 Y20
G1 F1500 X77.475 Y107.079 E1892.27848
M204 S5000
M205 X30 Y30
G0 F7200 X77.475 Y106.372
M204 S3000
M205 X20 Y20
G1 F1500 X78.565 Y105.281 E1892.3426
M204 S5000
M205 X30 Y30
G0 F7200 X78.279 Y104.861
M204 S3000
M205 X20 Y20
G1 F1500 X77.475 Y105.665 E1892.38987
M204 S5000
M205 X30 Y30
G0 F7200 X77.475 Y104.957
M204 S3000
M205 X20 Y20
G1 F1500 X78.041 Y104.391 E1892.42315
M204 S5000
M205 X30 Y30
G0 F7200 X77.771 Y103.955
M204 S3000
M205 X20 Y20
G1 F1500 X77.557 Y104.168 E1892.4357
M204 S5000
M205 X30 Y30
G0 F7200 X77.503 Y102.101
M204 S3000
M205 X20 Y20
G1 F1500 X80.967 Y98.637 E1892.63937
M204 S5000
M205 X30 Y30
G0 F7200 X80.495 Y98.402
M204 S3000
M205 X20 Y20
G1 F1500 X77.476 Y101.421 E1892.81688
M204 S5000
M205 X30 Y30
G0 F7200 X77.476 Y100.714
M204 S3000
M205 X20 Y20
G1 F1500 X80.11 Y98.079 E1892.97177
M204 S5000
M205 X30 Y30
G0 F7200 X79.764 Y97.719
M204 S3000
M205 X20 Y20
G1 F1500 X77.476 Y100.007 E1893.1063
M204 S5000
M205 X30 Y30
G0 F7200 X77.476 Y99.3
M204 S3000
M205 X20 Y20
G1 F1500 X79.482 Y97.294 E1893.22425
M204 S5000
M205 X30 Y30
G0 F7200 X79.267 Y96.802
M204 S3000
M205 X20 Y20
G1 F1500 X77.476 Y98.593 E1893.32955
M204 S5000
M205 X30 Y30
G0 F7200 X77.476 Y97.886
M204 S3000
M205 X20 Y20
G1 F1500 X79.108 Y96.254 E1893.4255
M204 S5000
M205 X30 Y30
G0 F7200 X79.091 Y95.564
M204 S3000
M205 X20 Y20
G1 F1500 X77.553 Y97.102 E1893.51593
G1 X77.465 Y97.19
M204 S5000
M205 X30 Y30
G0 F7200 X77.897 Y96.05
M204 S3000
M205 X20 Y20
G1 F1500 X79.27 Y94.678 E1893.59663
G1 X79.358 Y94.59
M204 S5000
M205 X30 Y30
G0 F7200 X82.056 Y92.599
M204 S3000
M205 X20 Y20
G1 F1500 X83.931 Y90.723 E1893.7069
M204 S5000
M205 X30 Y30
G0 F7200 X84.638 Y90.723
M204 S3000
M205 X20 Y20
G1 F1500 X82.742 Y92.62 E1893.81841
M204 S5000
M205 X30 Y30
G0 F7200 X83.3 Y92.768
M204 S3000
M205 X20 Y20
G1 F1500 X85.345 Y90.723 E1893.93865
M204 S5000
M205 X30 Y30
G0 F7200 X86.052 Y90.723
M204 S3000
M205 X20 Y20
G1 F1500 X83.799 Y92.976 E1894.07112
M204 S5000
M205 X30 Y30
G0 F7200 X84.218 Y93.265
M204 S3000
M205 X20 Y20
G1 F1500 X86.759 Y90.723 E1894.22055
M204 S5000
M205 X30 Y30
G0 F7200 X87.466 Y90.723
M204 S3000
M205 X20 Y20
G1 F1500 X84.582 Y93.608 E1894.39014
M204 S5000
M205 X30 Y30
G0 F7200 X84.895 Y94.002
M204 S3000
M205 X20 Y20
G1 F1500 X88.174 Y90.723 E1894.58294
M204 S5000
M205 X30 Y30
G0 F7200 X88.881 Y90.723
M204 S3000
M205 X20 Y20
G1 F1500 X85.142 Y94.463 E1894.8028
M204 S5000
M205 X30 Y30
G0 F7200 X85.318 Y94.993
M204 S3000
M205 X20 Y20
G1 F1500 X89.588 Y90.723 E1895.05386
M204 S5000
M205 X30 Y30
G0 F7200 X90.295 Y90.723
M204 S3000
M205 X20 Y20
G1 F1500 X85.414 Y95.604 E1895.34085
M204 S5000
M205 X30 Y30
G0 F7200 X85.345 Y96.38
M204 S3000
M205 X20 Y20
G1 F1500 X91.002 Y90.723 E1895.67346
M204 S5000
M205 X30 Y30
G0 F7200 X91.709 Y90.723
M204 S3000
M205 X20 Y20
G1 F1500 X84.824 Y97.609 E1896.0783
M204 S5000
M205 X30 Y30
G0 F7200 X84.13 Y98.302
M204 S3000
M205 X20 Y20
G1 F1500 X82.136 Y100.297 E1896.19557
M204 S5000
M205 X30 Y30
G0 F7200 X82.615 Y100.525
M204 S3000
M205 X20 Y20
G1 F1500 X92.416 Y90.723 E1896.77186
M204 S5000
M205 X30 Y30
G0 F7200 X93.123 Y90.723
M204 S3000
M205 X20 Y20
G1 F1500 X83.032 Y100.815 E1897.3652
M204 S5000
M205 X30 Y30
G0 F7200 X83.386 Y101.168
M204 S3000
M205 X20 Y20
G1 F1500 X93.83 Y90.723 E1897.9793
M204 S5000
M205 X30 Y30
G0 F7200 X94.538 Y90.723
M204 S3000
M205 X20 Y20
G1 F1500 X83.683 Y101.578 E1898.61753
M204 S5000
M205 X30 Y30
G0 F7200 X83.939 Y102.029
M204 S3000
M205 X20 Y20
G1 F1500 X95.245 Y90.723 E1899.28228
M204 S5000
M205 X30 Y30
G0 F7200 X95.952 Y90.723
M204 S3000
M205 X20 Y20
G1 F1500 X84.087 Y102.588 E1899.9799
M204 S5000
M205 X30 Y30
G0 F7200 X84.164 Y103.219
M204 S3000
M205 X20 Y20
G1 F1500 X96.659 Y90.723 E1900.71458
M204 S5000
M205 X30 Y30
G0 F7200 X97.366 Y90.723
M204 S3000
M205 X20 Y20
G1 F1500 X84.059 Y104.03 E1901.49698
G1 X83.971 Y104.118
M204 S5000
M205 X30 Y30
G0 F7200 X83.429 Y102.321
G0 X81.589 Y100.136
M204 S3000
M205 X20 Y20
G1 F1500 X82.854 Y98.871 E1901.57136
M204 S5000
M205 X30 Y30
G0 F7200 X82.106 Y98.912
M204 S3000
M205 X20 Y20
G1 F1500 X80.941 Y100.078 E1901.63989
M204 S5000
M205 X30 Y30
G0 F7200 X80.098 Y100.213
M204 S3000
M205 X20 Y20
G1 F1500 X81.467 Y98.844 E1901.72038
G1 X81.555 Y98.756
M204 S5000
M205 X30 Y30
G0 F7200 X80.313 Y97.486
G0 X79.676 Y96.128
G0 X79.894 Y94.648
G0 X82.375 Y91.573
M204 S3000
M205 X20 Y20
G1 F1500 X83.224 Y90.723 E1901.77033
G1 X83.312 Y90.635
M204 S5000
M205 X30 Y30
G0 F7200 X84.679 Y94.821
G0 X84.835 Y114.982
G0 X83.585 Y126.482
G0 X82.274 Y129.15
M204 S3000
M205 X20 Y20
G1 F1500 X82.136 Y129.288 E1901.77844
M204 S5000
M205 X30 Y30
G0 F7200 X138.065 Y100.229
M204 S3000
M205 X20 Y20
G1 F1500 X142.149 Y96.145 E1902.01856
M204 S5000
M205 X30 Y30
G0 F7200 X141.9 Y95.687
M204 S3000
M205 X20 Y20
G1 F1500 X140.711 Y96.876 E1902.08847
M204 S5000
M205 X30 Y30
G0 F7200 X140.898 Y95.981
M204 S3000
M205 X20 Y20
G1 F1500 X141.602 Y95.278 E1902.12984
M204 S5000
M205 X30 Y30
G0 F7200 X141.264 Y94.909
M204 S3000
M205 X20 Y20
G1 F1500 X140.904 Y95.269 E1902.151
M204 S5000
M205 X30 Y30
G0 F7200 X140.742 Y94.724
M204 S3000
M205 X20 Y20
G1 F1500 X140.881 Y94.585 E1902.15918
M204 S5000
M205 X30 Y30
G0 F7200 X142.341 Y96.66
M204 S3000
M205 X20 Y20
G1 F1500 X138.925 Y100.076 E1902.36002
M204 S5000
M205 X30 Y30
G0 F7200 X139.576 Y100.132
M204 S3000
M205 X20 Y20
G1 F1500 X142.467 Y97.242 E1902.52997
M204 S5000
M205 X30 Y30
G0 F7200 X142.524 Y97.891
M204 S3000
M205 X20 Y20
G1 F1500 X140.124 Y100.291 E1902.67108
M204 S5000
M205 X30 Y30
G0 F7200 X140.598 Y100.524
M204 S3000
M205 X20 Y20
G1 F1500 X142.524 Y98.598 E1902.78433
M204 S5000
M205 X30 Y30
G0 F7200 X142.524 Y99.306
M204 S3000
M205 X20 Y20
G1 F1500 X141.035 Y100.795 E1902.87187
M204 S5000
M205 X30 Y30
G0 F7200 X141.377 Y101.16
M204 S3000
M205 X20 Y20
G1 F1500 X142.524 Y100.013 E1902.93931
M204 S5000
M205 X30 Y30
G0 F7200 X142.524 Y100.72
M204 S3000
M205 X20 Y20
G1 F1500 X141.677 Y101.567 E1902.98911
M204 S5000
M205 X30 Y30
G0 F7200 X141.941 Y102.01
M204 S3000
M205 X20 Y20
G1 F1500 X142.524 Y101.427 E1903.02339
M204 S5000
M205 X30 Y30
G0 F7200 X142.419 Y102.239
M204 S3000
M205 X20 Y20
G1 F1500 X142.204 Y102.454 E1903.03603
M204 S5000
M205 X30 Y30
;MESH:NONMESH
G0 F600 X142.204 Y102.454 Z1.9
G0 F7200 X140.629 Y101.228
G0 X139.613 Y100.727
G0 X83.796 Y97.835
G0 X82.759 Y98.296
G0 X81.593 Y98.266
G0 X80.313 Y97.486
G0 X79.634 Y96.199
G0 X79.828 Y96.142
;TIME_ELAPSED:1756.954232
;LAYER:8
M204 S3000
M205 X20 Y20
;TYPE:WALL-INNER
;MESH:Pi Holder.stl
G1 F4020 X79.815 Y95.5 E1903.06273
G1 X79.831 Y95.341 E1903.06937
G1 F3865.4 X80.016 Y94.718 E1903.09747
G1 F3654.5 X80.285 Y94.285 E1903.12079
G1 F3526.3 X80.554 Y93.851 E1903.14499
G1 F3241.9 X81.203 Y93.444 E1903.18448
G1 F3465.5 X81.749 Y93.354 E1903.21117
G1 F4020 X82.351 Y93.301 E1903.23629
G1 X82.757 Y93.352 E1903.2533
G1 X83.262 Y93.521 E1903.27544
G1 X83.64 Y93.73 E1903.2934
G1 X84.12 Y94.17 E1903.32047
G1 X84.254 Y94.343 E1903.32957
G1 X84.558 Y94.913 E1903.35643
G1 X84.692 Y95.535 E1903.38288
G1 X84.691 Y95.974 E1903.40113
G1 X84.543 Y96.639 E1903.42946
G1 X84.197 Y97.252 E1903.45872
G1 X83.739 Y97.698 E1903.4853
G1 X83.339 Y97.953 E1903.50502
G1 X82.735 Y98.156 E1903.53151
G1 X82.302 Y98.205 E1903.54963
G1 X81.623 Y98.131 E1903.57803
G1 X80.963 Y97.847 E1903.6079
G1 X80.415 Y97.389 E1903.63759
G1 X80.018 Y96.788 E1903.66754
G1 X79.828 Y96.142 E1903.69553
M204 S5000
M205 X30 Y30
G0 F7200 X79.634 Y96.199
G0 X78.365 Y103.001
G0 X78.565 Y103.001
M204 S3000
M205 X20 Y20
G1 F4020 X78.596 Y102.784 E1903.70465
G1 X78.83 Y102.115 E1903.73411
G1 X79.202 Y101.582 E1903.76114
G1 X79.526 Y101.295 E1903.77913
G1 X79.98 Y101.02 E1903.8012
G1 X80.415 Y100.868 E1903.82036
G1 X81.023 Y100.8 E1903.84579
G1 X81.526 Y100.857 E1903.86684
G1 X82.083 Y101.046 E1903.89129
G1 X82.465 Y101.275 E1903.90981
G1 X82.962 Y101.768 E1903.93891
G1 X83.293 Y102.364 E1903.96726
G1 X83.438 Y102.998 E1903.9943
G1 X83.445 Y103.428 E1904.01218
G1 X83.302 Y104.12 E1904.04155
G1 X82.957 Y104.741 E1904.07109
G1 X82.467 Y105.216 E1904.09946
G1 X82.081 Y105.452 E1904.11827
G1 X81.481 Y105.659 E1904.14466
G1 X81.115 Y105.698 E1904.15996
G1 X80.486 Y105.643 E1904.18621
G1 X80.273 Y105.588 E1904.19536
G1 X79.632 Y105.279 E1904.22494
G1 X79.107 Y104.801 E1904.25446
G1 X78.739 Y104.19 E1904.28411
G1 X78.576 Y103.629 E1904.3084
G1 X78.565 Y103.001 E1904.33452
M204 S5000
M205 X30 Y30
G0 F7200 X78.365 Y103.001
G0 X79.615 Y114.501
G0 X79.815 Y114.501
M204 S3000
M205 X20 Y20
G1 F4020 X79.846 Y114.284 E1904.34363
G1 X80.08 Y113.615 E1904.3731
G1 X80.452 Y113.082 E1904.40012
G1 X80.776 Y112.795 E1904.41811
G1 X81.184 Y112.546 E1904.43799
G1 X81.677 Y112.366 E1904.45981
G1 X82.306 Y112.294 E1904.48613
G1 X82.741 Y112.348 E1904.50435
G1 X83.346 Y112.549 E1904.53086
G1 X83.721 Y112.787 E1904.54932
G1 X84.201 Y113.247 E1904.57696
G1 X84.55 Y113.881 E1904.60705
G1 X84.697 Y114.535 E1904.63492
G1 X84.687 Y115.007 E1904.65455
G1 X84.548 Y115.624 E1904.68084
G1 X84.202 Y116.251 E1904.71062
G1 X83.721 Y116.713 E1904.73834
G1 X83.346 Y116.951 E1904.75681
G1 X82.74 Y117.152 E1904.78335
G1 X82.277 Y117.2 E1904.80271
G1 X81.644 Y117.133 E1904.82917
G1 X81.068 Y116.894 E1904.8551
G1 X80.882 Y116.779 E1904.86419
G1 X80.357 Y116.301 E1904.89371
G1 X79.989 Y115.69 E1904.92336
G1 X79.826 Y115.129 E1904.94765
G1 X79.815 Y114.501 E1904.97376
M204 S5000
M205 X30 Y30
G0 F7200 X79.615 Y114.501
G0 X78.365 Y126.001
G0 X78.565 Y126.001
M204 S3000
M205 X20 Y20
G1 F4020 X78.57 Y125.906 E1904.97772
G1 X78.739 Y125.31 E1905.00347
G1 X78.83 Y125.115 E1905.01242
G1 X79.202 Y124.582 E1905.03944
G1 X79.526 Y124.295 E1905.05744
G1 X80.085 Y123.976 E1905.0842
G1 X80.499 Y123.855 E1905.10213
G1 X81.041 Y123.8 E1905.12478
G1 X81.488 Y123.847 E1905.14346
G1 X82.081 Y124.048 E1905.1695
G1 X82.467 Y124.284 E1905.18831
G1 X82.958 Y124.76 E1905.21674
G1 X83.287 Y125.354 E1905.24497
G1 X83.428 Y125.949 E1905.27039
G1 X83.446 Y126.386 E1905.28857
G1 X83.322 Y127.022 E1905.31551
G1 X83.004 Y127.657 E1905.34504
G1 X82.522 Y128.168 E1905.37424
G1 X82.099 Y128.451 E1905.3954
G1 X81.446 Y128.661 E1905.42392
G1 X81.042 Y128.705 E1905.44082
G1 X80.412 Y128.631 E1905.46719
G1 X79.999 Y128.49 E1905.48533
G1 X79.494 Y128.185 E1905.50986
G1 X79.202 Y127.918 E1905.52631
G1 X78.83 Y127.385 E1905.55333
G1 X78.739 Y127.19 E1905.56228
G1 X78.569 Y126.583 E1905.58849
G1 X78.565 Y126.001 E1905.61268
M204 S5000
M205 X30 Y30
G0 F7200 X78.365 Y126.001
G0 X79.038 Y124.55
G0 X79.947 Y123.876
G0 X135.115 Y114.465
G0 X135.311 Y114.509
M204 S3000
M205 X20 Y20
G1 F4020 X135.461 Y113.853 E1905.64066
G1 X135.814 Y113.233 E1905.67032
G1 X136.279 Y112.787 E1905.69711
G1 X136.654 Y112.549 E1905.71558
G1 X137.259 Y112.348 E1905.74208
G1 X137.705 Y112.299 E1905.76074
G1 X138.306 Y112.362 E1905.78586
G1 X138.665 Y112.476 E1905.80152
G1 X139.224 Y112.795 E1905.82828
G1 X139.548 Y113.082 E1905.84627
G1 X139.92 Y113.615 E1905.8733
G1 X140.154 Y114.284 E1905.90276
G1 X140.186 Y114.501 E1905.91188
G1 X140.175 Y115.129 E1905.93799
G1 X140.011 Y115.69 E1905.96229
G1 X139.643 Y116.301 E1905.99195
G1 X139.046 Y116.844 E1906.0255
G1 X138.385 Y117.126 E1906.05538
G1 X137.7 Y117.205 E1906.08405
G1 X137.332 Y117.166 E1906.09943
G1 X136.658 Y116.954 E1906.12881
G1 X136.279 Y116.713 E1906.14748
G1 X135.798 Y116.251 E1906.17521
G1 X135.452 Y115.624 E1906.20498
G1 X135.313 Y115.007 E1906.23127
G1 X135.304 Y114.614 E1906.24762
G1 X135.311 Y114.509 E1906.25199
M204 S5000
M205 X30 Y30
G0 F7200 X135.115 Y114.465
G0 X136.361 Y103.519
G0 X136.555 Y103.477
M204 S3000
M205 X20 Y20
G1 F4020 X136.554 Y103.114 E1906.26708
G1 X136.559 Y103.021 E1906.27096
G1 X136.706 Y102.364 E1906.29895
G1 X137.038 Y101.768 E1906.32731
G1 X137.535 Y101.276 E1906.35639
G1 X137.919 Y101.044 E1906.37504
G1 X138.475 Y100.857 E1906.39943
G1 X138.977 Y100.8 E1906.42043
G1 X139.585 Y100.869 E1906.44587
G1 X139.984 Y101.003 E1906.46337
G1 X140.555 Y101.343 E1906.491
G1 X140.904 Y101.711 E1906.51209
G1 X141.17 Y102.115 E1906.5322
G1 X141.403 Y102.784 E1906.56165
G1 X141.436 Y103.001 E1906.57077
G1 X141.425 Y103.629 E1906.59689
G1 X141.26 Y104.19 E1906.6212
G1 X140.893 Y104.801 E1906.65083
G1 X140.368 Y105.279 E1906.68035
G1 X140.182 Y105.394 E1906.68944
G1 X139.514 Y105.643 E1906.71908
G1 X138.885 Y105.698 E1906.74533
G1 X138.511 Y105.653 E1906.76099
G1 X137.919 Y105.452 E1906.78698
G1 X137.533 Y105.216 E1906.80579
G1 X137.04 Y104.738 E1906.83434
G1 X136.696 Y104.107 E1906.86422
G1 X136.555 Y103.477 E1906.89106
M204 S5000
M205 X30 Y30
G0 F7200 X136.361 Y103.519
G0 X135.111 Y96.017
G0 X135.309 Y95.974
M204 S3000
M205 X20 Y20
G1 F4020 X135.304 Y95.614 E1906.90603
G1 X135.308 Y95.535 E1906.90932
G1 X135.443 Y94.91 E1906.9359
G1 X135.746 Y94.343 E1906.96263
G1 X135.88 Y94.17 E1906.97173
G1 X136.36 Y93.73 E1906.9988
G1 X136.738 Y93.521 E1907.01676
G1 X137.272 Y93.342 E1907.04017
G1 X137.647 Y93.301 E1907.05586
G1 X138.266 Y93.356 E1907.08169
G1 F3483.5 X138.866 Y93.486 E1907.11115
G1 F3268.3 X139.418 Y93.838 E1907.14463
G1 F3608.6 X139.698 Y94.272 E1907.16855
G1 F3872.8 X139.979 Y94.706 E1907.19086
G1 F4020 X140.188 Y95.406 E1907.22123
G1 X140.172 Y96.143 E1907.25188
G1 X139.983 Y96.786 E1907.27974
G1 X139.585 Y97.389 E1907.30978
G1 X139.037 Y97.847 E1907.33948
G1 X138.377 Y98.131 E1907.36935
G1 X137.698 Y98.205 E1907.39774
G1 X137.297 Y98.16 E1907.41452
G1 X136.661 Y97.953 E1907.44233
G1 X136.261 Y97.698 E1907.46205
G1 X135.803 Y97.256 E1907.48851
G1 X135.455 Y96.63 E1907.51829
G1 X135.309 Y95.974 E1907.54623
M204 S5000
M205 X30 Y30
G0 F7200 X135.111 Y96.017
G0 X135.321 Y94.821
G0 X138.125 Y91.411
G0 X138.321 Y91.377
M204 S3000
M205 X20 Y20
G1 F4020 X138.25 Y90.91 E1907.56587
G1 X138.25 Y90 E1907.6037
G1 X81.75 Y90 E1909.9527
G1 X81.75 Y90.913 E1909.99066
G1 X81.677 Y91.381 E1910.01035
G1 X81.474 Y91.942 E1910.03515
G1 X81.295 Y92.265 E1910.05051
G1 F3465.5 X80.852 Y92.887 E1910.08733
G1 F3040.8 X80.206 Y93.307 E1910.12968
G1 F3465.5 X79.709 Y93.426 E1910.15433
G1 F4020 X79.41 Y93.544 E1910.16769
G1 X78.704 Y93.983 E1910.20226
G1 X78.179 Y94.427 E1910.23084
G1 X77.608 Y95.074 E1910.26672
G1 X77.195 Y95.823 E1910.30228
G1 X76.888 Y96.634 E1910.33833
G1 X76.751 Y97.576 E1910.37791
G1 X76.75 Y125.486 E1911.53827
G1 X76.802 Y125.943 E1911.55739
G1 X77.002 Y126.817 E1911.59467
G1 X77.39 Y127.625 E1911.63194
G1 X77.893 Y128.361 E1911.669
G1 X78.538 Y128.96 E1911.70559
G1 X79.125 Y129.36 E1911.73513
G1 X79.928 Y129.746 E1911.77217
G1 X80.806 Y129.948 E1911.80963
G1 X81.266 Y130 E1911.82887
G1 X138.734 Y130 E1914.21811
G1 X139.194 Y129.948 E1914.23736
G1 X140.072 Y129.746 E1914.27482
G1 X140.875 Y129.36 E1914.31186
G1 X141.616 Y128.853 E1914.34919
G1 X142.212 Y128.21 E1914.38564
G1 X142.61 Y127.625 E1914.41505
G1 X142.996 Y126.821 E1914.45213
G1 X143.198 Y125.944 E1914.48955
G1 X143.25 Y125.485 E1914.50875
G1 X143.25 Y97.572 E1915.66924
G1 X143.112 Y96.634 E1915.70866
G1 X142.806 Y95.823 E1915.7447
G1 X142.388 Y95.068 E1915.78058
G1 X141.819 Y94.425 E1915.81627
G1 X141.296 Y93.983 E1915.84474
G1 F3736.1 X140.487 Y93.48 E1915.88736
G1 F3273.6 X139.753 Y93.283 E1915.92616
G1 F3078.1 X139.215 Y92.933 E1915.96101
G1 F3483.5 X138.775 Y92.364 E1915.99552
G1 F4020 X138.549 Y92.008 E1916.01305
G1 X138.321 Y91.377 E1916.04094
M204 S5000
M205 X30 Y30
G0 F7200 X138.125 Y91.411
G0 X138.803 Y93.376
G0 X139.712 Y94.05
G0 X140.324 Y95.372
G0 X140.106 Y96.853
G0 X136.941 Y101.661
G0 X136.415 Y103.018
G0 X135.165 Y114.518
G0 X136.379 Y125.906
G0 X136.572 Y125.949
M204 S3000
M205 X20 Y20
G1 F4020 X136.714 Y125.348 E1916.06662
G1 X137.042 Y124.761 E1916.09457
G1 X137.533 Y124.284 E1916.12303
G1 X137.919 Y124.048 E1916.14184
G1 X138.512 Y123.847 E1916.16787
G1 X138.959 Y123.8 E1916.18656
G1 X139.501 Y123.855 E1916.20921
G1 X140.066 Y124.046 E1916.23401
G1 X140.604 Y124.395 E1916.26067
G1 X140.904 Y124.711 E1916.27878
G1 X141.26 Y125.31 E1916.30775
G1 X141.436 Y125.936 E1916.33479
G1 X141.432 Y126.583 E1916.36169
G1 X141.232 Y127.291 E1916.39227
G1 X140.834 Y127.88 E1916.42183
G1 X140.507 Y128.185 E1916.44042
G1 X140.001 Y128.49 E1916.46498
G1 X139.588 Y128.631 E1916.48313
G1 X139.024 Y128.697 E1916.50673
G1 X138.604 Y128.669 E1916.52423
G1 X137.988 Y128.479 E1916.55104
G1 X137.61 Y128.27 E1916.56899
G1 X137.13 Y127.831 E1916.59604
G1 X136.754 Y127.223 E1916.62576
G1 X136.572 Y126.551 E1916.6547
G1 X136.554 Y126.114 E1916.67289
G1 X136.572 Y125.949 E1916.67979
M204 S5000
M205 X30 Y30
G0 F7200 X137.054 Y126.114
M204 S3000
M205 X20 Y20
;TYPE:WALL-OUTER
G1 F2040 X137.06 Y126.059 E1916.68209
G1 X137.175 Y125.556 E1916.70354
G1 X137.459 Y125.049 E1916.7277
G1 X137.845 Y124.675 E1916.75004
G1 X138.105 Y124.514 E1916.76276
G1 X138.626 Y124.334 E1916.78568
G1 X138.927 Y124.3 E1916.79827
G1 X139.447 Y124.352 E1916.82
G1 X139.806 Y124.473 E1916.83575
G1 X140.257 Y124.755 E1916.85786
G1 X140.486 Y124.985 E1916.87135
G1 X140.772 Y125.419 E1916.89296
G1 X140.934 Y125.969 E1916.9168
G1 X140.934 Y126.527 E1916.94
G1 X140.782 Y127.046 E1916.96248
G1 X140.487 Y127.515 E1916.98552
G1 X140.225 Y127.771 E1917.00075
G1 X139.784 Y128.039 E1917.0222
G1 X139.476 Y128.143 E1917.03572
G1 X138.974 Y128.199 E1917.05672
G1 X138.631 Y128.169 E1917.07103
G1 X138.098 Y127.982 E1917.09452
G1 X137.826 Y127.809 E1917.10792
G1 X137.433 Y127.413 E1917.13111
G1 X137.191 Y126.979 E1917.15177
G1 X137.06 Y126.441 E1917.1748
G1 X137.054 Y126.114 E1917.18839
M204 S5000
M205 X30 Y30
G0 F7200 X137.06 Y126.059
G0 X137.092 Y125.918
G0 X136.41 Y125.765
G0 X135.124 Y115.079
G0 X135.807 Y114.927
M204 S3000
M205 X20 Y20
G1 F2040 X135.804 Y114.614 E1917.20141
G1 X135.806 Y114.579 E1917.20286
G1 X135.923 Y114.06 E1917.22498
G1 X136.199 Y113.558 E1917.2488
G1 X136.593 Y113.176 E1917.27162
G1 X136.851 Y113.016 E1917.28424
G1 X137.375 Y112.834 E1917.3073
G1 X137.7 Y112.799 E1917.32089
G1 X138.216 Y112.854 E1917.34246
G1 X138.556 Y112.973 E1917.35744
G1 X138.964 Y113.222 E1917.37731
G1 X139.201 Y113.442 E1917.39076
G1 X139.502 Y113.889 E1917.41316
G1 X139.686 Y114.463 E1917.43822
G1 X139.682 Y115.043 E1917.46234
G1 X139.532 Y115.546 E1917.48416
G1 X139.227 Y116.024 E1917.50773
G1 X138.771 Y116.418 E1917.53279
G1 X138.255 Y116.637 E1917.55609
G1 X137.725 Y116.699 E1917.57828
G1 X137.376 Y116.666 E1917.59285
G1 X136.87 Y116.495 E1917.61506
G1 X136.593 Y116.324 E1917.62859
G1 X136.205 Y115.946 E1917.65111
G1 X135.932 Y115.462 E1917.67421
G1 X135.807 Y114.927 E1917.69706
M204 S5000
M205 X30 Y30
G0 F7200 X135.806 Y114.727
G0 X135.104 Y114.727
G0 X136.283 Y104.189
G0 X136.565 Y102.21
G0 X137.174 Y102.551
M204 S3000
M205 X20 Y20
G1 F2040 X137.453 Y102.053 E1917.72079
G1 X137.863 Y101.661 E1917.74437
G1 X138.098 Y101.518 E1917.75581
G1 X138.614 Y101.337 E1917.77854
G1 X138.974 Y101.301 E1917.79358
G1 X139.475 Y101.357 E1917.81454
G1 X139.79 Y101.464 E1917.82837
G1 X140.257 Y101.755 E1917.85125
G1 X140.486 Y101.985 E1917.86474
G1 X140.752 Y102.389 E1917.88485
G1 X140.936 Y102.963 E1917.90991
G1 X140.932 Y103.543 E1917.93403
G1 X140.771 Y104.083 E1917.95746
G1 X140.429 Y104.577 E1917.98244
G1 X139.986 Y104.934 E1918.00609
G1 X139.46 Y105.146 E1918.02967
G1 X138.975 Y105.199 E1918.04995
G1 X138.626 Y105.166 E1918.06453
G1 X138.125 Y104.996 E1918.08652
G1 X137.845 Y104.825 E1918.10016
G1 X137.459 Y104.451 E1918.12251
G1 X137.175 Y103.945 E1918.14663
G1 X137.055 Y103.413 E1918.16931
G1 X137.054 Y103.114 E1918.18174
G1 X137.057 Y103.07 E1918.18357
G1 X137.174 Y102.551 E1918.20569
M204 S5000
M205 X30 Y30
G0 F7200 X137.271 Y102.377
G0 X136.662 Y102.036
G0 X136.283 Y100.518
G0 X135.104 Y95.614
G0 X135.804 Y95.614
M204 S3000
M205 X20 Y20
G1 F2040 X135.925 Y95.055 E1918.22947
G1 X136.201 Y94.555 E1918.25321
G1 X136.62 Y94.157 E1918.27724
G1 X136.898 Y93.995 E1918.29062
G1 X137.389 Y93.831 E1918.31214
G1 X137.68 Y93.8 E1918.3243
G1 X138.202 Y93.852 E1918.34611
G1 X138.565 Y93.978 E1918.36209
G1 X138.997 Y94.246 E1918.38322
G1 X139.237 Y94.485 E1918.39731
G1 X139.521 Y94.918 E1918.41884
G1 X139.686 Y95.467 E1918.44267
G1 X139.681 Y96.047 E1918.46678
G1 X139.522 Y96.579 E1918.48987
G1 X139.207 Y97.054 E1918.51356
G1 X138.766 Y97.421 E1918.53742
G1 X138.281 Y97.628 E1918.55934
G1 X137.725 Y97.699 E1918.58264
G1 X137.388 Y97.668 E1918.59671
G1 X136.897 Y97.505 E1918.61822
G1 X136.602 Y97.331 E1918.63246
G1 X136.203 Y96.944 E1918.65557
G1 X135.927 Y96.45 E1918.6791
G1 X135.805 Y95.916 E1918.70187
G1 X135.804 Y95.614 E1918.71443
M204 S5000
M205 X30 Y30
G0 F7200 X135.846 Y95.419
G0 X135.16 Y95.265
G0 X81.837 Y91.541
G0 X81.184 Y91.294
M204 S3000
M205 X20 Y20
G1 F2040 X80.987 Y91.806 E1918.73723
G1 X80.839 Y92.045 E1918.74892
G1 F2044.1 X80.52 Y92.406 E1918.76891
G1 X80.225 Y92.638 E1918.78448
G1 X79.872 Y92.824 E1918.80104
G1 X79.184 Y93.095 E1918.83172
G1 F2040 X78.409 Y93.578 E1918.86969
G1 X77.829 Y94.069 E1918.90128
G1 X77.323 Y94.641 E1918.93303
G1 X77.109 Y94.943 E1918.94842
G1 X76.739 Y95.613 E1918.98024
G1 X76.465 Y96.34 E1919.01254
G1 X76.375 Y96.688 E1919.02748
G1 X76.251 Y97.54 E1919.06328
G1 X76.25 Y125.514 E1920.2263
G1 X76.308 Y126.027 E1920.24777
G1 X76.486 Y126.803 E1920.28087
G1 X76.612 Y127.161 E1920.29665
G1 X76.956 Y127.875 E1920.3296
G1 X77.399 Y128.525 E1920.3623
G1 X77.647 Y128.816 E1920.3782
G1 X78.226 Y129.352 E1920.411
G1 X78.875 Y129.794 E1920.44364
G1 X79.589 Y130.138 E1920.47659
G1 X79.947 Y130.264 E1920.49237
G1 X80.722 Y130.442 E1920.52543
G1 X81.238 Y130.5 E1920.54702
G1 X138.762 Y130.5 E1922.93859
G1 X139.278 Y130.442 E1922.96018
G1 X140.053 Y130.264 E1922.99324
G1 X140.411 Y130.138 E1923.00902
G1 X141.125 Y129.794 E1923.04197
G1 X141.777 Y129.349 E1923.07479
G1 X142.068 Y129.101 E1923.09068
G1 X142.604 Y128.522 E1923.12349
G1 X143.044 Y127.875 E1923.15602
G1 X143.388 Y127.16 E1923.189
G1 X143.514 Y126.803 E1923.20474
G1 X143.692 Y126.028 E1923.2378
G1 X143.75 Y125.513 E1923.25935
G1 X143.75 Y97.536 E1924.4225
G1 X143.625 Y96.686 E1924.45822
G1 X143.535 Y96.34 E1924.47308
G1 X143.261 Y95.613 E1924.50538
G1 X142.889 Y94.942 E1924.53728
G1 X142.675 Y94.639 E1924.5527
G1 X142.169 Y94.067 E1924.58445
G1 X141.591 Y93.578 E1924.61593
G1 X140.819 Y93.098 E1924.65372
G1 X140.04 Y92.783 E1924.68866
G1 X139.501 Y92.429 E1924.71547
G1 X139.157 Y92.04 E1924.73706
G1 X139.01 Y91.802 E1924.74869
G1 X138.815 Y91.293 E1924.77135
G1 X138.753 Y90.955 E1924.78563
G1 X138.75 Y89.5 E1924.84613
G1 X81.25 Y89.5 E1927.2367
G1 X81.246 Y90.959 E1927.29736
G1 X81.184 Y91.294 E1927.31152
M204 S5000
M205 X30 Y30
G0 F7200 X81.113 Y91.48
G0 X81.767 Y91.727
G0 X79.894 Y94.648
G0 X79.649 Y96.248
G0 X80.319 Y96.047
M204 S3000
M205 X20 Y20
G1 F2040 X80.315 Y95.5 E1927.33426
G1 X80.32 Y95.447 E1927.33648
G1 X80.479 Y94.918 E1927.35944
G1 X80.763 Y94.485 E1927.38097
G1 X80.993 Y94.255 E1927.39449
G1 X81.463 Y93.963 E1927.4175
G1 X81.798 Y93.852 E1927.43217
G1 X82.276 Y93.801 E1927.45216
G1 X82.61 Y93.831 E1927.4661
G1 X83.102 Y93.995 E1927.48766
G1 X83.38 Y94.157 E1927.50104
G1 X83.799 Y94.555 E1927.52506
G1 X84.075 Y95.055 E1927.54881
G1 X84.195 Y95.587 E1927.57148
G1 X84.195 Y95.916 E1927.58516
G1 X84.075 Y96.451 E1927.60795
G1 X83.804 Y96.934 E1927.63098
G1 X83.413 Y97.319 E1927.65379
G1 X83.141 Y97.488 E1927.66711
G1 X82.639 Y97.662 E1927.6892
G1 X82.323 Y97.7 E1927.70243
G1 X81.751 Y97.642 E1927.72633
G1 X81.231 Y97.419 E1927.74985
G1 X80.793 Y97.054 E1927.77356
G1 X80.478 Y96.579 E1927.79725
G1 X80.319 Y96.047 E1927.82034
M204 S5000
M205 X30 Y30
G0 F7200 X80.318 Y95.847
G0 X79.615 Y95.847
G0 X78.426 Y102.872
G0 X79.068 Y103.543
M204 S3000
M205 X20 Y20
G1 F2040 X79.065 Y103.001 E1927.84287
G1 X79.075 Y102.928 E1927.84594
G1 X79.248 Y102.389 E1927.86947
G1 X79.513 Y101.985 E1927.88956
G1 X79.743 Y101.755 E1927.90308
G1 X80.21 Y101.464 E1927.92596
G1 X80.525 Y101.356 E1927.9398
G1 X81.043 Y101.3 E1927.96146
G1 X81.386 Y101.337 E1927.97581
G1 X81.858 Y101.497 E1927.99653
G1 X82.137 Y101.661 E1928.00998
G1 X82.547 Y102.053 E1928.03357
G1 X82.826 Y102.551 E1928.0573
G1 X82.945 Y103.086 E1928.08008
G1 X82.945 Y103.413 E1928.09368
G1 X82.825 Y103.945 E1928.11635
G1 X82.541 Y104.451 E1928.14048
G1 X82.155 Y104.825 E1928.16282
G1 X81.895 Y104.986 E1928.17554
G1 X81.374 Y105.166 E1928.19845
G1 X81.074 Y105.2 E1928.21101
G1 X80.502 Y105.142 E1928.23491
G1 X80.014 Y104.934 E1928.25696
G1 X79.571 Y104.577 E1928.28062
G1 X79.229 Y104.083 E1928.3056
G1 X79.068 Y103.543 E1928.32903
M204 S5000
M205 X30 Y30
G0 F7200 X79.067 Y103.343
G0 X78.365 Y103.343
G0 X79.657 Y114.227
G0 X80.325 Y114.428
M204 S3000
M205 X20 Y20
G1 F2040 X80.498 Y113.889 E1928.35256
G1 X80.799 Y113.442 E1928.37496
G1 X81.036 Y113.222 E1928.38841
G1 X81.444 Y112.973 E1928.40828
G1 X81.784 Y112.855 E1928.42324
G1 X82.276 Y112.801 E1928.44382
G1 X82.625 Y112.834 E1928.4584
G1 X83.127 Y113.005 E1928.48044
G1 X83.407 Y113.176 E1928.49408
G1 X83.788 Y113.545 E1928.51614
G1 X84.08 Y114.07 E1928.54111
G1 X84.194 Y114.579 E1928.5628
G1 X84.195 Y114.913 E1928.57668
G1 X84.068 Y115.462 E1928.60011
G1 X83.797 Y115.947 E1928.62321
G1 X83.407 Y116.324 E1928.64576
G1 X83.149 Y116.484 E1928.65838
G1 X82.624 Y116.666 E1928.68148
G1 X82.325 Y116.7 E1928.694
G1 X81.745 Y116.637 E1928.71825
G1 X81.264 Y116.434 E1928.73996
G1 X80.821 Y116.077 E1928.76361
G1 X80.479 Y115.583 E1928.78859
G1 X80.318 Y115.043 E1928.81202
G1 X80.315 Y114.501 E1928.83455
G1 X80.325 Y114.428 E1928.83761
M204 S5000
M205 X30 Y30
G0 F7200 X80.386 Y114.238
G0 X79.715 Y114.036
G0 X78.365 Y125.969
G0 X79.066 Y125.969
M204 S3000
M205 X20 Y20
G1 F2040 X79.228 Y125.419 E1928.86145
G1 X79.513 Y124.985 E1928.88304
G1 X79.743 Y124.755 E1928.89656
G1 X80.194 Y124.473 E1928.91868
G1 X80.553 Y124.352 E1928.93443
G1 X81.026 Y124.301 E1928.95421
G1 X81.374 Y124.334 E1928.96874
G1 X81.875 Y124.504 E1928.99073
G1 X82.155 Y124.675 E1929.00437
G1 X82.541 Y125.049 E1929.02672
G1 X82.825 Y125.556 E1929.05088
G1 X82.94 Y126.059 E1929.07233
G1 X82.946 Y126.386 E1929.08593
G1 X82.826 Y126.948 E1929.10982
G1 X82.567 Y127.413 E1929.13195
G1 X82.174 Y127.809 E1929.15515
G1 X81.881 Y127.995 E1929.16957
G1 X81.36 Y128.169 E1929.19241
G1 X81.069 Y128.2 E1929.20458
G1 X80.519 Y128.142 E1929.22757
G1 X80.216 Y128.039 E1929.24088
G1 X79.776 Y127.771 E1929.2623
G1 X79.513 Y127.515 E1929.27755
G1 X79.218 Y127.046 E1929.30059
G1 X79.066 Y126.527 E1929.32307
G1 X79.065 Y126.001 E1929.34494
G1 X79.066 Y125.969 E1929.34627
M204 S5000
M205 X30 Y30
G0 F7200 X79.122 Y125.778
G0 X78.453 Y125.576
G0 X78.091 Y126.743
M204 S3000
M205 X20 Y20
;TYPE:SKIN
G1 F1459.1 X78.089 Y125.865 E1929.3838
G1 F1500 X78.099 Y125.791 E1929.3869
G1 X78.295 Y125.145 E1929.41497
G1 X78.439 Y124.843 E1929.42888
G1 X78.856 Y124.252 E1929.45895
G1 X79.286 Y123.884 E1929.48248
G1 X79.892 Y123.544 E1929.51137
G1 X80.405 Y123.388 E1929.53366
G1 X81.031 Y123.325 E1929.55982
G1 X81.563 Y123.377 E1929.58204
G1 X82.29 Y123.618 E1929.61389
G1 X82.769 Y123.913 E1929.63727
G1 X83.345 Y124.478 E1929.67082
G1 X83.727 Y125.163 E1929.70343
G1 X83.925 Y125.982 E1929.73846
G1 X83.891 Y126.657 E1929.76656
G1 X83.768 Y127.185 E1929.7891
G1 X83.4 Y127.918 E1929.8232
G1 X83.201 Y128.172 E1929.83661
G1 X82.822 Y128.535 E1929.85843
G1 X82.312 Y128.883 E1929.8841
G1 F1572.3 X81.556 Y129.1 E1929.91529
G1 F1736.1 X81.055 Y129.136 E1929.93334
G1 F1913.3 X80.297 Y129.028 E1929.95829
G1 F2054.8 X79.843 Y128.862 E1929.97297
G1 F2083.3 X79.262 Y128.521 E1929.99313
G1 F1994.7 X78.886 Y128.19 E1930.00879
G1 F1875 X78.479 Y127.674 E1930.03065
G1 F1696.8 X78.296 Y127.319 E1930.04533
G1 F1500 X78.091 Y126.743 E1930.07075
M204 S5000
M205 X30 Y30
G0 F7200 X79.532 Y115.82
M204 S3000
M205 X20 Y20
G1 F1500 X79.357 Y115.214 E1930.09697
G1 X79.34 Y114.512 E1930.12617
G1 X79.396 Y114.129 E1930.14226
G1 X79.67 Y113.37 E1930.17581
G1 X80.106 Y112.753 E1930.20722
G1 X80.528 Y112.389 E1930.23039
G1 X80.973 Y112.122 E1930.25196
G1 X81.56 Y111.905 E1930.27798
G1 X82.307 Y111.815 E1930.30926
G1 X82.853 Y111.886 E1930.33216
G1 X83.537 Y112.118 E1930.36218
G1 X84.006 Y112.393 E1930.38479
G1 X84.586 Y112.972 E1930.41886
G1 X84.998 Y113.702 E1930.45371
G1 X85.159 Y114.431 E1930.48475
G1 X85.17 Y114.957 E1930.50662
G1 X85.007 Y115.775 E1930.5413
G1 X84.576 Y116.551 E1930.5782
G1 X84.02 Y117.083 E1930.6102
G1 X83.541 Y117.382 E1930.63367
G1 X82.937 Y117.591 E1930.66024
G1 X82.293 Y117.675 E1930.68725
G1 X81.489 Y117.589 E1930.72086
G1 X80.884 Y117.333 E1930.74817
G1 X80.577 Y117.143 E1930.76318
G1 X80.171 Y116.803 E1930.7852
G1 X79.979 Y116.589 E1930.79715
G1 X79.671 Y116.124 E1930.82034
G1 X79.532 Y115.82 E1930.83424
M204 S5000
M205 X30 Y30
G0 F7200 X78.011 Y103.71
M204 S3000
M205 X20 Y20
G1 F1173.7 X77.999 Y103.013 E1930.87128
G1 F1080.7 X78.032 Y102.664 E1930.89151
G1 F1098.1 X78.066 Y102.619 E1930.89471
G1 F1293.1 X78.439 Y101.843 E1930.93624
G1 F1500 X78.839 Y101.277 E1930.96505
G1 X79.241 Y100.916 E1930.98751
G1 X79.761 Y100.598 E1931.01285
G1 X80.34 Y100.393 E1931.03839
G1 X81.019 Y100.323 E1931.06677
G1 X81.621 Y100.392 E1931.09196
G1 X82.285 Y100.612 E1931.12104
G1 X82.76 Y100.898 E1931.1441
G1 X83.347 Y101.488 E1931.1787
G1 X83.74 Y102.186 E1931.212
G1 X83.905 Y102.905 E1931.24267
G1 X83.92 Y103.539 E1931.26904
G1 X83.728 Y104.336 E1931.30312
G1 X83.318 Y105.059 E1931.33767
G1 X82.782 Y105.571 E1931.36849
G1 X82.281 Y105.886 E1931.3931
G1 X81.622 Y106.109 E1931.42202
G1 X81.058 Y106.175 E1931.44563
G1 X80.395 Y106.109 E1931.47333
G1 X80.087 Y106.025 E1931.4866
G1 X79.634 Y105.833 E1931.50706
G1 X79.327 Y105.643 E1931.52207
G1 X78.948 Y105.328 E1931.54256
G1 X78.729 Y105.091 E1931.55597
G1 X78.421 Y104.624 E1931.57923
G1 F1431.3 X78.216 Y104.167 E1931.60105
G1 F1311.2 X78.011 Y103.71 E1931.62488
M204 S5000
M205 X30 Y30
G0 F7200 X79.063 Y104.986
G0 X80.21 Y105.709
G0 X134.832 Y114.462
M204 S3000
M205 X20 Y20
G1 F1500 X135.005 Y113.706 E1931.65712
G1 X135.424 Y112.945 E1931.69324
G1 X135.978 Y112.421 E1931.72494
G1 X136.458 Y112.119 E1931.74852
G1 X137.159 Y111.874 E1931.77939
G1 X137.685 Y111.824 E1931.80136
G1 X138.398 Y111.895 E1931.83115
G1 X138.859 Y112.045 E1931.8513
G1 X139.506 Y112.414 E1931.88227
G1 X139.886 Y112.746 E1931.90325
G1 X140.331 Y113.373 E1931.93521
G1 X140.604 Y114.129 E1931.96863
G1 X140.659 Y114.468 E1931.98291
G1 X140.643 Y115.216 E1932.01401
G1 X140.454 Y115.857 E1932.0418
G1 X140.311 Y116.156 E1932.05558
G1 X140.021 Y116.589 E1932.07725
G1 X139.802 Y116.828 E1932.09072
G1 X139.423 Y117.143 E1932.11121
G1 X139.115 Y117.332 E1932.12623
G1 X138.469 Y117.598 E1932.15528
G1 X137.736 Y117.675 E1932.18592
G1 X137.147 Y117.614 E1932.21054
G1 X136.461 Y117.381 E1932.24066
G1 X136.002 Y117.099 E1932.26306
G1 X135.449 Y116.569 E1932.2949
G1 X135.01 Y115.82 E1932.331
G1 X134.833 Y115.048 E1932.36393
G1 X134.83 Y114.498 E1932.38679
G1 X134.832 Y114.462 E1932.38829
M204 S5000
M205 X30 Y30
G0 F7200 X136.079 Y103.519
M204 S3000
M205 X20 Y20
G1 F1500 X136.093 Y102.922 E1932.41312
G1 X136.247 Y102.221 E1932.44296
G1 X136.673 Y101.458 E1932.47929
G1 X137.229 Y100.911 E1932.51172
G1 X137.699 Y100.623 E1932.53463
G1 X138.356 Y100.395 E1932.56355
G1 X138.961 Y100.325 E1932.58887
G1 X139.664 Y100.393 E1932.61823
G1 X140.242 Y100.598 E1932.64373
G1 X140.86 Y100.974 E1932.6738
G1 X141.276 Y101.417 E1932.69907
G1 X141.567 Y101.853 E1932.72086
G1 F1304.3 X141.924 Y102.605 E1932.76066
G1 F1104.6 X141.967 Y102.662 E1932.76469
G1 F1076 X142 Y102.953 E1932.78167
G1 F1170 X141.989 Y103.71 E1932.82202
G1 F1368.6 X141.58 Y104.621 E1932.86752
G1 F1500 X141.271 Y105.09 E1932.89087
G1 X141.052 Y105.328 E1932.90432
G1 X140.673 Y105.643 E1932.92481
G1 X140.4 Y105.815 E1932.93822
G1 X139.592 Y106.115 E1932.97406
G1 X138.837 Y106.171 E1933.00553
G1 X138.399 Y106.115 E1933.02389
G1 X137.715 Y105.884 E1933.05391
G1 X137.231 Y105.587 E1933.07751
G1 X136.653 Y105.021 E1933.11115
G1 X136.251 Y104.284 E1933.14605
G1 X136.085 Y103.565 E1933.17673
G1 X136.079 Y103.519 E1933.17866
M204 S5000
M205 X30 Y30
G0 F7200 X136.571 Y102.321
G0 X139.942 Y97.714
M204 S3000
M205 X20 Y20
G1 F1500 X139.267 Y98.266 E1933.21491
G1 X138.499 Y98.593 E1933.24961
G1 X137.724 Y98.68 E1933.28204
G1 X137.19 Y98.626 E1933.30435
G1 X136.451 Y98.383 E1933.33669
G1 X135.981 Y98.091 E1933.3597
G1 X135.414 Y97.536 E1933.39268
G1 X135.004 Y96.794 E1933.42793
G1 X134.836 Y96.064 E1933.45907
G1 X134.839 Y95.462 E1933.4841
G1 X134.973 Y94.84 E1933.51055
G1 X135.088 Y94.546 E1933.52368
G1 X135.33 Y94.113 E1933.5443
G1 X135.551 Y93.827 E1933.55933
G1 X135.928 Y93.466 E1933.58103
G1 X136.425 Y93.125 E1933.60609
G1 X137.145 Y92.883 E1933.63767
G1 X137.654 Y92.827 E1933.65896
G1 X138.319 Y92.883 E1933.6867
G1 X138.641 Y92.944 E1933.70033
G1 X138.129 Y92.242 E1933.73645
G1 X137.874 Y91.552 E1933.76704
G1 X137.777 Y90.95 E1933.79239
G1 X137.775 Y90.475 E1933.81213
G1 X82.225 Y90.475 E1936.12164
G1 X82.222 Y90.951 E1936.14143
G1 X82.127 Y91.552 E1936.16672
G1 X81.908 Y92.135 E1936.19261
G1 X81.418 Y92.918 E1936.23102
G1 X82.307 Y92.815 E1936.26822
G1 X82.854 Y92.885 E1936.29115
G1 X83.578 Y93.127 E1936.32289
G1 X84.071 Y93.465 E1936.34774
G1 X84.449 Y93.827 E1936.3695
G1 X84.67 Y94.113 E1936.38453
G1 X85.01 Y94.747 E1936.41444
G1 X85.161 Y95.459 E1936.4447
G1 X85.164 Y96.026 E1936.46827
G1 X84.999 Y96.793 E1936.50089
G1 X84.578 Y97.54 E1936.53654
G1 X84.04 Y98.066 E1936.56782
G1 X83.552 Y98.382 E1936.59199
G1 X82.82 Y98.625 E1936.62405
G1 X82.306 Y98.684 E1936.64556
G1 X81.508 Y98.598 E1936.67893
G1 X80.711 Y98.257 E1936.71497
G1 X80.061 Y97.714 E1936.75019
G1 X79.584 Y96.997 E1936.78599
G1 X79.362 Y96.236 E1936.81895
G1 X79.336 Y95.339 E1936.85626
G1 X79.587 Y94.506 E1936.89243
G1 X79.982 Y93.869 E1936.92359
G1 X79.624 Y93.972 E1936.93908
G1 X78.984 Y94.369 E1936.97039
G1 X78.511 Y94.769 E1936.99614
G1 X78.001 Y95.344 E1937.0281
G1 X77.628 Y96.022 E1937.06027
G1 X77.348 Y96.773 E1937.09359
G1 X77.226 Y97.613 E1937.12888
G1 X77.226 Y102.021 E1937.31214
G1 F1243.8 X77.33 Y102.614 E1937.34233
G1 F1080.7 X77.317 Y103.02 E1937.36577
G1 F1090.1 X77.323 Y103.79 E1937.40982
G1 F1256.3 X77.226 Y104.471 E1937.44397
G1 F1500 X77.225 Y125.46 E1938.31659
G1 X77.271 Y125.862 E1938.33341
G1 F1482.2 X77.46 Y126.664 E1938.36808
G1 F1494 X77.79 Y127.371 E1938.40065
G1 F1569 X78.183 Y128.019 E1938.43077
G1 F1712.3 X78.753 Y128.6 E1938.46041
G1 F1918.2 X79.331 Y129.002 E1938.4833
G1 F1963.4 X80.106 Y129.37 E1938.51055
G1 F1879.7 X80.88 Y129.526 E1938.53675
G1 F1785.7 X81.291 Y129.558 E1938.55115
G1 F1663 X81.835 Y129.541 E1938.57156
G1 F1552.8 X82.379 Y129.524 E1938.59341
G1 F1500 X137.755 Y129.524 E1940.89568
G1 F1602.6 X138.708 Y129.557 E1940.93279
G1 F1781.5 X139.112 Y129.527 E1940.94697
G1 F1933 X139.783 Y129.39 E1940.96906
G1 F2021.6 X140.088 Y129.283 E1940.97904
G1 F1963.4 X140.76 Y128.957 E1941.00276
G1 F1851.9 X141.365 Y128.511 E1941.02807
G1 F1756.4 X141.864 Y127.931 E1941.05524
G1 F1641.1 X142.205 Y127.392 E1941.07947
G1 F1536.9 X142.543 Y126.665 E1941.11201
G1 F1500 X142.729 Y125.862 E1941.14627
G1 X142.775 Y125.457 E1941.16322
G1 X142.775 Y104.474 E1942.03559
G1 F1256.3 X142.678 Y103.789 E1942.06994
G1 F1090.1 X142.684 Y103.005 E1942.11479
G1 F1126.1 X142.7 Y102.471 E1942.14437
G1 F1304.3 X142.775 Y101.702 E1942.18131
G1 F1500 X142.775 Y97.605 E1942.35165
G1 X142.652 Y96.772 E1942.38666
G1 X142.373 Y96.023 E1942.41989
G1 X141.995 Y95.341 E1942.4523
G1 X141.484 Y94.766 E1942.48429
G1 X141.015 Y94.37 E1942.50981
G1 X140.379 Y93.973 E1942.54098
G1 X139.992 Y93.856 E1942.55778
G1 X140.335 Y94.382 E1942.58389
G1 X140.454 Y94.641 E1942.59574
G1 X140.665 Y95.343 E1942.62622
G1 X140.642 Y96.232 E1942.66319
G1 X140.42 Y96.986 E1942.69587
G1 X139.942 Y97.714 E1942.73208
M204 S5000
M205 X30 Y30
G0 F7200 X141.574 Y102.872
G0 X141.356 Y104.353
G0 X135.691 Y113.161
G0 X135.165 Y114.518
G0 X136.083 Y126.434
M204 S3000
M205 X20 Y20
G1 F1500 X136.079 Y126.375 E1942.73453
G1 X136.112 Y125.833 E1942.75711
G1 X136.302 Y125.117 E1942.78791
G1 X136.682 Y124.44 E1942.82019
G1 X137.24 Y123.907 E1942.85227
G1 X137.687 Y123.625 E1942.87424
G1 X138.405 Y123.383 E1942.90574
G1 X138.861 Y123.327 E1942.92484
G1 X139.709 Y123.396 E1942.96021
G1 X140.281 Y123.624 E1942.98581
G1 X140.927 Y124.044 E1943.01785
G1 X141.302 Y124.45 E1943.04083
G1 X141.567 Y124.853 E1943.06088
G1 X141.713 Y125.169 E1943.07535
G1 X141.914 Y125.821 E1943.10372
G1 X141.905 Y126.647 E1943.13806
G1 F1552.8 X141.703 Y127.314 E1943.16605
G1 F1652 X141.555 Y127.605 E1943.17838
G1 F1807.2 X141.146 Y128.164 E1943.20228
G1 F1994.7 X140.735 Y128.524 E1943.21936
G1 F2095 X140.176 Y128.854 E1943.23868
G1 F2066.1 X139.692 Y129.03 E1943.25423
G1 F1933 X139.071 Y129.123 E1943.27449
G1 F1748.3 X138.501 Y129.108 E1943.29483
G1 F1575.6 X137.844 Y128.932 E1943.32175
G1 F1500 X137.351 Y128.672 E1943.34492
G1 X136.775 Y128.145 E1943.37738
G1 X136.574 Y127.876 E1943.39134
G1 X136.218 Y127.156 E1943.42473
G1 X136.083 Y126.434 E1943.45527
M204 S5000
M205 X30 Y30
G0 F7200 X135.165 Y114.518
G0 X135.165 Y95.518
G0 X137.394 Y90.725
M204 S3000
M205 X20 Y20
G1 F1500 X137.527 Y90.858 E1943.46309
M204 S5000
M205 X30 Y30
G0 F7200 X136.687 Y90.725
M204 S3000
M205 X20 Y20
G1 F1500 X137.662 Y91.7 E1943.52041
M204 S5000
M205 X30 Y30
G0 F7200 X137.846 Y92.592
M204 S3000
M205 X20 Y20
G1 F1500 X135.98 Y90.725 E1943.63016
M204 S5000
M205 X30 Y30
G0 F7200 X135.273 Y90.725
M204 S3000
M205 X20 Y20
G1 F1500 X137.173 Y92.625 E1943.74187
M204 S5000
M205 X30 Y30
G0 F7200 X136.632 Y92.792
M204 S3000
M205 X20 Y20
G1 F1500 X134.565 Y90.725 E1943.8634
M204 S5000
M205 X30 Y30
G0 F7200 X133.858 Y90.725
M204 S3000
M205 X20 Y20
G1 F1500 X136.146 Y93.012 E1943.9979
M204 S5000
M205 X30 Y30
G0 F7200 X135.729 Y93.303
M204 S3000
M205 X20 Y20
G1 F1500 X133.151 Y90.725 E1944.14947
M204 S5000
M205 X30 Y30
G0 F7200 X132.444 Y90.725
M204 S3000
M205 X20 Y20
G1 F1500 X135.372 Y93.652 E1944.3216
M204 S5000
M205 X30 Y30
G0 F7200 X135.073 Y94.061
M204 S3000
M205 X20 Y20
G1 F1500 X131.737 Y90.725 E1944.51774
M204 S5000
M205 X30 Y30
G0 F7200 X131.03 Y90.725
M204 S3000
M205 X20 Y20
G1 F1500 X134.826 Y94.521 E1944.74093
M204 S5000
M205 X30 Y30
G0 F7200 X134.665 Y95.067
M204 S3000
M205 X20 Y20
G1 F1500 X130.323 Y90.725 E1944.99623
M204 S5000
M205 X30 Y30
G0 F7200 X129.616 Y90.725
M204 S3000
M205 X20 Y20
G1 F1500 X134.585 Y95.694 E1945.28839
M204 S5000
M205 X30 Y30
G0 F7200 X134.679 Y96.496
M204 S3000
M205 X20 Y20
G1 F1500 X128.909 Y90.725 E1945.62767
M204 S5000
M205 X30 Y30
G0 F7200 X128.201 Y90.725
M204 S3000
M205 X20 Y20
G1 F1500 X137.796 Y100.32 E1946.19182
M204 S5000
M205 X30 Y30
G0 F7200 X137.323 Y100.554
M204 S3000
M205 X20 Y20
G1 F1500 X127.494 Y90.725 E1946.76973
M204 S5000
M205 X30 Y30
G0 F7200 X126.787 Y90.725
M204 S3000
M205 X20 Y20
G1 F1500 X136.922 Y100.859 E1947.3656
M204 S5000
M205 X30 Y30
G0 F7200 X136.563 Y101.208
M204 S3000
M205 X20 Y20
G1 F1500 X126.08 Y90.725 E1947.98196
M204 S5000
M205 X30 Y30
G0 F7200 X125.373 Y90.725
M204 S3000
M205 X20 Y20
G1 F1500 X136.285 Y101.637 E1948.62354
M204 S5000
M205 X30 Y30
G0 F7200 X136.029 Y102.088
M204 S3000
M205 X20 Y20
G1 F1500 X124.666 Y90.725 E1949.29164
M204 S5000
M205 X30 Y30
G0 F7200 X123.959 Y90.725
M204 S3000
M205 X20 Y20
G1 F1500 X135.896 Y102.662 E1949.99349
M204 S5000
M205 X30 Y30
G0 F7200 X135.833 Y103.306
M204 S3000
M205 X20 Y20
G1 F1500 X123.252 Y90.725 E1950.7332
M204 S5000
M205 X30 Y30
G0 F7200 X122.545 Y90.725
M204 S3000
M205 X20 Y20
G1 F1500 X135.96 Y104.14 E1951.52196
G1 X136.048 Y104.228
M204 S5000
M205 X30 Y30
G0 F7200 X138.095 Y106.275
M204 S3000
M205 X20 Y20
G1 F1500 X142.524 Y110.704 E1951.78236
M204 S5000
M205 X30 Y30
G0 F7200 X142.524 Y111.411
M204 S3000
M205 X20 Y20
G1 F1500 X121.838 Y90.725 E1952.99862
M204 S5000
M205 X30 Y30
G0 F7200 X121.13 Y90.725
M204 S3000
M205 X20 Y20
G1 F1500 X142.524 Y112.118 E1954.25648
M204 S5000
M205 X30 Y30
G0 F7200 X142.524 Y112.825
M204 S3000
M205 X20 Y20
G1 F1500 X120.423 Y90.725 E1955.5559
M204 S5000
M205 X30 Y30
G0 F7200 X119.716 Y90.725
M204 S3000
M205 X20 Y20
G1 F1500 X142.524 Y113.533 E1956.89692
M204 S5000
M205 X30 Y30
G0 F7200 X142.524 Y114.24
M204 S3000
M205 X20 Y20
G1 F1500 X119.009 Y90.725 E1958.27952
M204 S5000
M205 X30 Y30
G0 F7200 X118.302 Y90.725
M204 S3000
M205 X20 Y20
G1 F1500 X142.524 Y114.947 E1959.70368
M204 S5000
M205 X30 Y30
G0 F7200 X142.524 Y115.654
M204 S3000
M205 X20 Y20
G1 F1500 X140.794 Y113.924 E1959.80539
M204 S5000
M205 X30 Y30
G0 F7200 X140.903 Y114.74
M204 S3000
M205 X20 Y20
G1 F1500 X142.524 Y116.361 E1959.9007
M204 S5000
M205 X30 Y30
G0 F7200 X142.524 Y117.068
M204 S3000
M205 X20 Y20
G1 F1500 X140.849 Y115.393 E1959.99919
M204 S5000
M205 X30 Y30
G0 F7200 X140.689 Y115.94
M204 S3000
M205 X20 Y20
G1 F1500 X142.524 Y117.775 E1960.10708
M204 S5000
M205 X30 Y30
G0 F7200 X142.524 Y118.482
M204 S3000
M205 X20 Y20
G1 F1500 X140.444 Y116.402 E1960.22937
M204 S5000
M205 X30 Y30
G0 F7200 X140.149 Y116.815
M204 S3000
M205 X20 Y20
G1 F1500 X142.524 Y119.189 E1960.36899
M204 S5000
M205 X30 Y30
G0 F7200 X142.524 Y119.897
M204 S3000
M205 X20 Y20
G1 F1500 X139.79 Y117.162 E1960.52976
M204 S5000
M205 X30 Y30
G0 F7200 X139.382 Y117.462
M204 S3000
M205 X20 Y20
G1 F1500 X142.524 Y120.604 E1960.7145
M204 S5000
M205 X30 Y30
G0 F7200 X142.524 Y121.311
M204 S3000
M205 X20 Y20
G1 F1500 X138.904 Y117.69 E1960.92737
M204 S5000
M205 X30 Y30
G0 F7200 X138.367 Y117.861
M204 S3000
M205 X20 Y20
G1 F1500 X142.524 Y122.018 E1961.17179
M204 S5000
M205 X30 Y30
G0 F7200 X142.524 Y122.725
M204 S3000
M205 X20 Y20
G1 F1500 X137.728 Y117.929 E1961.45377
M204 S5000
M205 X30 Y30
G0 F7200 X136.877 Y117.785
M204 S3000
M205 X20 Y20
G1 F1500 X142.524 Y123.432 E1961.7858
M204 S5000
M205 X30 Y30
G0 F7200 X142.524 Y124.139
M204 S3000
M205 X20 Y20
G1 F1500 X109.109 Y90.724 E1963.75047
M204 S5000
M205 X30 Y30
G0 F7200 X108.402 Y90.724
M204 S3000
M205 X20 Y20
G1 F1500 X142.524 Y124.846 E1965.75671
M204 S5000
M205 X30 Y30
G0 F7200 X141.851 Y124.88
M204 S3000
M205 X20 Y20
G1 F1500 X142.513 Y125.542 E1965.79564
M204 S5000
M205 X30 Y30
G0 F7200 X142.158 Y125.895
M204 S3000
M205 X20 Y20
G1 F1500 X142.407 Y126.143 E1965.81025
M204 S5000
M205 X30 Y30
G0 F7200 X142.153 Y126.596
M204 S3000
M205 X20 Y20
G1 F1500 X142.25 Y126.694 E1965.81598
M204 S5000
M205 X30 Y30
G0 F7200 X140.355 Y123.385
M204 S3000
M205 X20 Y20
G1 F1500 X107.695 Y90.724 E1967.73629
M204 S5000
M205 X30 Y30
G0 F7200 X106.988 Y90.724
M204 S3000
M205 X20 Y20
G1 F1500 X139.382 Y123.118 E1969.64094
M204 S5000
M205 X30 Y30
G0 F7200 X138.656 Y123.1
M204 S3000
M205 X20 Y20
G1 F1500 X106.28 Y90.724 E1971.54452
M204 S5000
M205 X30 Y30
G0 F7200 X105.573 Y90.724
M204 S3000
M205 X20 Y20
G1 F1500 X138.077 Y123.228 E1973.45563
M204 S5000
M205 X30 Y30
G0 F7200 X137.553 Y123.411
M204 S3000
M205 X20 Y20
G1 F1500 X104.866 Y90.724 E1975.3775
M204 S5000
M205 X30 Y30
G0 F7200 X104.159 Y90.724
M204 S3000
M205 X20 Y20
G1 F1500 X137.121 Y123.686 E1977.31554
M204 S5000
M205 X30 Y30
G0 F7200 X136.753 Y124.025
M204 S3000
M205 X20 Y20
G1 F1500 X103.452 Y90.724 E1979.27351
M204 S5000
M205 X30 Y30
G0 F7200 X102.745 Y90.724
M204 S3000
M205 X20 Y20
G1 F1500 X136.416 Y124.395 E1981.25324
M204 S5000
M205 X30 Y30
G0 F7200 X136.163 Y124.849
M204 S3000
M205 X20 Y20
G1 F1500 X102.038 Y90.724 E1983.25966
M204 S5000
M205 X30 Y30
G0 F7200 X101.331 Y90.724
M204 S3000
M205 X20 Y20
G1 F1500 X135.975 Y125.369 E1985.29662
M204 S5000
M205 X30 Y30
G0 F7200 X135.856 Y125.956
M204 S3000
M205 X20 Y20
G1 F1500 X100.624 Y90.724 E1987.36813
M204 S5000
M205 X30 Y30
G0 F7200 X99.917 Y90.724
M204 S3000
M205 X20 Y20
G1 F1500 X135.874 Y126.681 E1989.48226
G1 X135.962 Y126.769
M204 S5000
M205 X30 Y30
G0 F7200 X136.229 Y127.743
M204 S3000
M205 X20 Y20
G1 F1500 X99.209 Y90.724 E1991.65887
M204 S5000
M205 X30 Y30
G0 F7200 X98.502 Y90.724
M204 S3000
M205 X20 Y20
G1 F1500 X137.052 Y129.273 E1993.92543
M204 S5000
M205 X30 Y30
G0 F7200 X137.534 Y129.049
M204 S3000
M205 X20 Y20
G1 F1500 X137.759 Y129.274 E1993.93866
M204 S5000
M205 X30 Y30
G0 F7200 X136.345 Y129.273
M204 S3000
M205 X20 Y20
G1 F1500 X97.795 Y90.724 E1996.20522
M204 S5000
M205 X30 Y30
G0 F7200 X97.088 Y90.724
M204 S3000
M205 X20 Y20
G1 F1500 X135.637 Y129.273 E1998.47175
M204 S5000
M205 X30 Y30
G0 F7200 X134.93 Y129.273
M204 S3000
M205 X20 Y20
G1 F1500 X96.381 Y90.724 E2000.73829
M204 S5000
M205 X30 Y30
G0 F7200 X95.674 Y90.724
M204 S3000
M205 X20 Y20
G1 F1500 X134.223 Y129.273 E2003.00482
M204 S5000
M205 X30 Y30
G0 F7200 X133.516 Y129.273
M204 S3000
M205 X20 Y20
G1 F1500 X94.967 Y90.724 E2005.27135
M204 S5000
M205 X30 Y30
G0 F7200 X94.26 Y90.724
M204 S3000
M205 X20 Y20
G1 F1500 X132.809 Y129.273 E2007.53789
M204 S5000
M205 X30 Y30
G0 F7200 X132.102 Y129.273
M204 S3000
M205 X20 Y20
G1 F1500 X93.553 Y90.724 E2009.80442
M204 S5000
M205 X30 Y30
G0 F7200 X92.845 Y90.724
M204 S3000
M205 X20 Y20
G1 F1500 X131.395 Y129.273 E2012.07098
M204 S5000
M205 X30 Y30
G0 F7200 X130.688 Y129.273
M204 S3000
M205 X20 Y20
G1 F1500 X92.138 Y90.724 E2014.33755
M204 S5000
M205 X30 Y30
G0 F7200 X91.431 Y90.724
M204 S3000
M205 X20 Y20
G1 F1500 X129.981 Y129.273 E2016.60411
M204 S5000
M205 X30 Y30
G0 F7200 X129.273 Y129.273
M204 S3000
M205 X20 Y20
G1 F1500 X90.724 Y90.724 E2018.87064
M204 S5000
M205 X30 Y30
G0 F7200 X90.017 Y90.724
M204 S3000
M205 X20 Y20
G1 F1500 X128.566 Y129.273 E2021.13718
M204 S5000
M205 X30 Y30
G0 F7200 X127.859 Y129.273
M204 S3000
M205 X20 Y20
G1 F1500 X89.31 Y90.724 E2023.40371
M204 S5000
M205 X30 Y30
G0 F7200 X88.603 Y90.724
M204 S3000
M205 X20 Y20
G1 F1500 X127.152 Y129.273 E2025.67024
M204 S5000
M205 X30 Y30
G0 F7200 X126.445 Y129.273
M204 S3000
M205 X20 Y20
G1 F1500 X87.896 Y90.724 E2027.93678
M204 S5000
M205 X30 Y30
G0 F7200 X87.189 Y90.724
M204 S3000
M205 X20 Y20
G1 F1500 X125.738 Y129.273 E2030.20331
M204 S5000
M205 X30 Y30
G0 F7200 X125.031 Y129.273
M204 S3000
M205 X20 Y20
G1 F1500 X86.481 Y90.724 E2032.46987
M204 S5000
M205 X30 Y30
G0 F7200 X85.774 Y90.724
M204 S3000
M205 X20 Y20
G1 F1500 X124.324 Y129.273 E2034.73644
M204 S5000
M205 X30 Y30
G0 F7200 X123.617 Y129.273
M204 S3000
M205 X20 Y20
G1 F1500 X85.067 Y90.724 E2037.003
M204 S5000
M205 X30 Y30
G0 F7200 X84.36 Y90.724
M204 S3000
M205 X20 Y20
G1 F1500 X122.91 Y129.273 E2039.26956
M204 S5000
M205 X30 Y30
G0 F7200 X122.202 Y129.273
M204 S3000
M205 X20 Y20
G1 F1500 X83.653 Y90.724 E2041.5361
M204 S5000
M205 X30 Y30
G0 F7200 X82.946 Y90.724
M204 S3000
M205 X20 Y20
G1 F1500 X121.495 Y129.273 E2043.80263
M204 S5000
M205 X30 Y30
G0 F7200 X120.788 Y129.273
M204 S3000
M205 X20 Y20
G1 F1500 X82.469 Y90.955 E2046.05561
M204 S5000
M205 X30 Y30
G0 F7200 X82.377 Y91.57
M204 S3000
M205 X20 Y20
G1 F1500 X83.746 Y92.938 E2046.13607
G1 X83.834 Y93.026
M204 S5000
M205 X30 Y30
G0 F7200 X82.715 Y92.614
M204 S3000
M205 X20 Y20
G1 F1500 X82.193 Y92.092 E2046.16676
M204 S5000
M205 X30 Y30
G0 F7200 X84.991 Y94.183
M204 S3000
M205 X20 Y20
G1 F1500 X120.081 Y129.273 E2048.22992
M204 S5000
M205 X30 Y30
G0 F7200 X119.374 Y129.273
M204 S3000
M205 X20 Y20
G1 F1500 X85.378 Y95.278 E2050.22873
M204 S5000
M205 X30 Y30
G0 F7200 X85.406 Y96.013
M204 S3000
M205 X20 Y20
G1 F1500 X118.667 Y129.273 E2052.18432
M204 S5000
M205 X30 Y30
G0 F7200 X117.96 Y129.273
M204 S3000
M205 X20 Y20
G1 F1500 X85.296 Y96.609 E2054.10483
M204 S5000
M205 X30 Y30
G0 F7200 X85.098 Y97.119
M204 S3000
M205 X20 Y20
G1 F1500 X117.253 Y129.273 E2055.9954
M204 S5000
M205 X30 Y30
G0 F7200 X116.546 Y129.273
M204 S3000
M205 X20 Y20
G1 F1500 X84.844 Y97.572 E2057.85932
M204 S5000
M205 X30 Y30
G0 F7200 X84.516 Y97.951
M204 S3000
M205 X20 Y20
G1 F1500 X115.838 Y129.273 E2059.70094
M204 S5000
M205 X30 Y30
G0 F7200 X115.131 Y129.273
M204 S3000
M205 X20 Y20
G1 F1500 X84.149 Y98.291 E2061.52256
M204 S5000
M205 X30 Y30
G0 F7200 X83.721 Y98.57
M204 S3000
M205 X20 Y20
G1 F1500 X114.424 Y129.273 E2063.32778
M204 S5000
M205 X30 Y30
G0 F7200 X113.717 Y129.273
M204 S3000
M205 X20 Y20
G1 F1500 X83.206 Y98.763 E2065.12168
M204 S5000
M205 X30 Y30
G0 F7200 X82.634 Y98.898
M204 S3000
M205 X20 Y20
G1 F1500 X113.01 Y129.273 E2066.90764
M204 S5000
M205 X30 Y30
G0 F7200 X112.303 Y129.273
M204 S3000
M205 X20 Y20
G1 F1500 X81.923 Y98.893 E2068.69387
G1 X81.835 Y98.805
M204 S5000
M205 X30 Y30
G0 F7200 X80.955 Y98.633
M204 S3000
M205 X20 Y20
G1 F1500 X111.596 Y129.273 E2070.49541
M204 S5000
M205 X30 Y30
G0 F7200 X110.889 Y129.273
M204 S3000
M205 X20 Y20
G1 F1500 X84.053 Y102.437 E2072.07327
M204 S5000
M205 X30 Y30
G0 F7200 X84.164 Y103.256
M204 S3000
M205 X20 Y20
G1 F1500 X110.182 Y129.273 E2073.603
M204 S5000
M205 X30 Y30
G0 F7200 X109.474 Y129.273
M204 S3000
M205 X20 Y20
G1 F1500 X84.091 Y103.89 E2075.09542
M204 S5000
M205 X30 Y30
G0 F7200 X83.947 Y104.453
M204 S3000
M205 X20 Y20
G1 F1500 X108.767 Y129.273 E2076.55474
M204 S5000
M205 X30 Y30
G0 F7200 X108.06 Y129.273
M204 S3000
M205 X20 Y20
G1 F1500 X83.693 Y104.907 E2077.9874
M204 S5000
M205 X30 Y30
G0 F7200 X83.401 Y105.322
M204 S3000
M205 X20 Y20
G1 F1500 X107.352 Y129.273 E2079.39562
M204 S5000
M205 X30 Y30
G0 F7200 X106.645 Y129.273
M204 S3000
M205 X20 Y20
G1 F1500 X83.039 Y105.667 E2080.78357
M204 S5000
M205 X30 Y30
G0 F7200 X82.628 Y105.962
M204 S3000
M205 X20 Y20
G1 F1500 X105.938 Y129.273 E2082.15413
M204 S5000
M205 X30 Y30
G0 F7200 X105.231 Y129.273
M204 S3000
M205 X20 Y20
G1 F1500 X82.154 Y106.196 E2083.51097
M204 S5000
M205 X30 Y30
G0 F7200 X81.617 Y106.365
M204 S3000
M205 X20 Y20
G1 F1500 X104.524 Y129.273 E2084.85785
M204 S5000
M205 X30 Y30
G0 F7200 X103.817 Y129.273
M204 S3000
M205 X20 Y20
G1 F1500 X80.963 Y106.419 E2086.20157
M204 S5000
M205 X30 Y30
G0 F7200 X80.131 Y106.294
M204 S3000
M205 X20 Y20
G1 F1500 X103.11 Y129.273 E2087.55265
M204 S5000
M205 X30 Y30
G0 F7200 X102.403 Y129.273
M204 S3000
M205 X20 Y20
G1 F1500 X77.501 Y104.371 E2089.01679
M204 S5000
M205 X30 Y30
G0 F7200 X77.737 Y103.9
M204 S3000
M205 X20 Y20
G1 F1500 X77.653 Y103.816 E2089.02173
M204 S5000
M205 X30 Y30
G0 F7200 X77.474 Y105.052
M204 S3000
M205 X20 Y20
G1 F1500 X101.696 Y129.273 E2090.44586
M204 S5000
M205 X30 Y30
G0 F7200 X100.988 Y129.273
M204 S3000
M205 X20 Y20
G1 F1500 X85.115 Y113.4 E2091.37914
G1 X85.027 Y113.312
M204 S5000
M205 X30 Y30
G0 F7200 X85.402 Y114.394
M204 S3000
M205 X20 Y20
G1 F1500 X100.281 Y129.273 E2092.25396
M204 S5000
M205 X30 Y30
G0 F7200 X99.574 Y129.273
M204 S3000
M205 X20 Y20
G1 F1500 X85.397 Y115.095 E2093.08755
M204 S5000
M205 X30 Y30
G0 F7200 X85.279 Y115.684
M204 S3000
M205 X20 Y20
G1 F1500 X98.867 Y129.273 E2093.8865
M204 S5000
M205 X30 Y30
G0 F7200 X98.16 Y129.273
M204 S3000
M205 X20 Y20
G1 F1500 X85.067 Y116.179 E2094.65635
M204 S5000
M205 X30 Y30
G0 F7200 X84.815 Y116.635
M204 S3000
M205 X20 Y20
G1 F1500 X97.453 Y129.273 E2095.39941
M204 S5000
M205 X30 Y30
G0 F7200 X96.746 Y129.273
M204 S3000
M205 X20 Y20
G1 F1500 X84.471 Y116.998 E2096.12113
M204 S5000
M205 X30 Y30
G0 F7200 X84.095 Y117.329
M204 S3000
M205 X20 Y20
G1 F1500 X96.039 Y129.273 E2096.8234
M204 S5000
M205 X30 Y30
G0 F7200 X95.332 Y129.273
M204 S3000
M205 X20 Y20
G1 F1500 X83.662 Y117.603 E2097.50955
M204 S5000
M205 X30 Y30
G0 F7200 X83.136 Y117.784
M204 S3000
M205 X20 Y20
G1 F1500 X94.625 Y129.273 E2098.18506
M204 S5000
M205 X30 Y30
G0 F7200 X93.917 Y129.273
M204 S3000
M205 X20 Y20
G1 F1500 X82.538 Y117.893 E2098.85413
M204 S5000
M205 X30 Y30
G0 F7200 X81.814 Y117.876
M204 S3000
M205 X20 Y20
G1 F1500 X93.21 Y129.273 E2099.5242
M204 S5000
M205 X30 Y30
G0 F7200 X92.503 Y129.273
M204 S3000
M205 X20 Y20
G1 F1500 X80.796 Y117.566 E2100.21252
G1 X80.708 Y117.478
M204 S5000
M205 X30 Y30
G0 F7200 X79.432 Y116.201
M204 S3000
M205 X20 Y20
G1 F1500 X77.474 Y114.244 E2100.32762
M204 S5000
M205 X30 Y30
G0 F7200 X77.474 Y114.951
M204 S3000
M205 X20 Y20
G1 F1500 X91.796 Y129.273 E2101.1697
M204 S5000
M205 X30 Y30
G0 F7200 X91.089 Y129.273
M204 S3000
M205 X20 Y20
G1 F1500 X77.474 Y115.658 E2101.97021
M204 S5000
M205 X30 Y30
G0 F7200 X77.474 Y116.365
M204 S3000
M205 X20 Y20
G1 F1500 X90.382 Y129.273 E2102.72915
M204 S5000
M205 X30 Y30
G0 F7200 X89.675 Y129.273
M204 S3000
M205 X20 Y20
G1 F1500 X77.474 Y117.072 E2103.44652
M204 S5000
M205 X30 Y30
G0 F7200 X77.474 Y117.779
M204 S3000
M205 X20 Y20
G1 F1500 X88.968 Y129.273 E2104.12232
M204 S5000
M205 X30 Y30
G0 F7200 X88.261 Y129.273
M204 S3000
M205 X20 Y20
G1 F1500 X83.84 Y124.853 E2104.38223
G1 X83.752 Y124.765
M204 S5000
M205 X30 Y30
G0 F7200 X84.154 Y125.874
M204 S3000
M205 X20 Y20
G1 F1500 X87.553 Y129.273 E2104.58208
M204 S5000
M205 X30 Y30
G0 F7200 X86.846 Y129.273
M204 S3000
M205 X20 Y20
G1 F1500 X84.147 Y126.574 E2104.74077
M204 S5000
M205 X30 Y30
G0 F7200 X84.033 Y127.167
M204 S3000
M205 X20 Y20
G1 F1500 X86.139 Y129.273 E2104.86459
M204 S5000
M205 X30 Y30
G0 F7200 X85.432 Y129.273
M204 S3000
M205 X20 Y20
G1 F1500 X83.814 Y127.654 E2104.95976
M204 S5000
M205 X30 Y30
G0 F7200 X83.56 Y128.107
M204 S3000
M205 X20 Y20
G1 F1500 X84.725 Y129.273 E2105.02828
M204 S5000
M205 X30 Y30
G0 F7200 X84.018 Y129.273
M204 S3000
M205 X20 Y20
G1 F1500 X83.232 Y128.486 E2105.07453
M204 S5000
M205 X30 Y30
G0 F7200 X82.853 Y128.815
M204 S3000
M205 X20 Y20
G1 F1500 X83.311 Y129.273 E2105.10146
M204 S5000
M205 X30 Y30
G0 F7200 X82.604 Y129.273
M204 S3000
M205 X20 Y20
G1 F1500 X82.433 Y129.102 E2105.11151
M204 S5000
M205 X30 Y30
G0 F7200 X80.387 Y128.773
G0 X79.429 Y128.308
G0 X77.828 Y126.618
M204 S3000
M205 X20 Y20
G1 F1500 X77.675 Y126.466 E2105.12048
M204 S5000
M205 X30 Y30
G0 F7200 X77.839 Y125.922
M204 S3000
M205 X20 Y20
G1 F1500 X77.489 Y125.572 E2105.14105
M204 S5000
M205 X30 Y30
G0 F7200 X77.971 Y125.347
M204 S3000
M205 X20 Y20
G1 F1500 X77.474 Y124.851 E2105.17025
M204 S5000
M205 X30 Y30
G0 F7200 X78.164 Y124.833
M204 S3000
M205 X20 Y20
G1 F1500 X77.474 Y124.143 E2105.21082
M204 S5000
M205 X30 Y30
G0 F7200 X77.474 Y123.436
M204 S3000
M205 X20 Y20
G1 F1500 X78.442 Y124.404 E2105.26773
M204 S5000
M205 X30 Y30
G0 F7200 X78.755 Y124.01
M204 S3000
M205 X20 Y20
G1 F1500 X77.474 Y122.729 E2105.34305
M204 S5000
M205 X30 Y30
G0 F7200 X77.474 Y122.022
M204 S3000
M205 X20 Y20
G1 F1500 X79.138 Y123.686 E2105.44089
M204 S5000
M205 X30 Y30
G0 F7200 X79.586 Y123.427
M204 S3000
M205 X20 Y20
G1 F1500 X77.474 Y121.315 E2105.56506
M204 S5000
M205 X30 Y30
G0 F7200 X77.474 Y120.608
M204 S3000
M205 X20 Y20
G1 F1500 X80.086 Y123.219 E2105.71861
M204 S5000
M205 X30 Y30
G0 F7200 X80.681 Y123.107
M204 S3000
M205 X20 Y20
G1 F1500 X77.474 Y119.901 E2105.90714
M204 S5000
M205 X30 Y30
G0 F7200 X77.474 Y119.194
M204 S3000
M205 X20 Y20
G1 F1500 X81.389 Y123.108 E2106.1373
G1 X81.477 Y123.196
M204 S5000
M205 X30 Y30
G0 F7200 X82.37 Y123.382
M204 S3000
M205 X20 Y20
G1 F1500 X77.474 Y118.487 E2106.42513
G1 X77.386 Y118.399
M204 S5000
M205 X30 Y30
G0 F7200 X79.108 Y115.17
M204 S3000
M205 X20 Y20
G1 F1500 X77.474 Y113.537 E2106.52118
M204 S5000
M205 X30 Y30
G0 F7200 X77.474 Y112.83
M204 S3000
M205 X20 Y20
G1 F1500 X79.093 Y114.448 E2106.61634
M204 S5000
M205 X30 Y30
G0 F7200 X79.223 Y113.871
M204 S3000
M205 X20 Y20
G1 F1500 X77.474 Y112.123 E2106.71914
M204 S5000
M205 X30 Y30
G0 F7200 X77.474 Y111.415
M204 S3000
M205 X20 Y20
G1 F1500 X79.41 Y113.352 E2106.833
M204 S5000
M205 X30 Y30
G0 F7200 X79.683 Y112.917
M204 S3000
M205 X20 Y20
G1 F1500 X77.474 Y110.708 E2106.96288
M204 S5000
M205 X30 Y30
G0 F7200 X77.474 Y110.001
M204 S3000
M205 X20 Y20
G1 F1500 X79.992 Y112.519 E2107.11093
M204 S5000
M205 X30 Y30
G0 F7200 X80.373 Y112.193
M204 S3000
M205 X20 Y20
G1 F1500 X77.474 Y109.294 E2107.28138
M204 S5000
M205 X30 Y30
G0 F7200 X77.474 Y108.587
M204 S3000
M205 X20 Y20
G1 F1500 X80.815 Y111.927 E2107.47779
M204 S5000
M205 X30 Y30
G0 F7200 X81.32 Y111.725
M204 S3000
M205 X20 Y20
G1 F1500 X77.474 Y107.88 E2107.70389
M204 S5000
M205 X30 Y30
G0 F7200 X77.474 Y107.173
M204 S3000
M205 X20 Y20
G1 F1500 X81.911 Y111.609 E2107.96474
M204 S5000
M205 X30 Y30
G0 F7200 X82.611 Y111.603
M204 S3000
M205 X20 Y20
G1 F1500 X77.474 Y106.466 E2108.26678
M204 S5000
M205 X30 Y30
G0 F7200 X77.474 Y105.759
M204 S3000
M205 X20 Y20
G1 F1500 X83.587 Y111.871 E2108.62617
G1 X83.675 Y111.959
M204 S5000
M205 X30 Y30
G0 F7200 X78.644 Y104.353
G0 X77.758 Y102.507
M204 S3000
M205 X20 Y20
G1 F1500 X77.577 Y102.326 E2108.63681
M204 S5000
M205 X30 Y30
G0 F7200 X78.049 Y102.09
M204 S3000
M205 X20 Y20
G1 F1500 X77.476 Y101.517 E2108.6705
M204 S5000
M205 X30 Y30
G0 F7200 X77.476 Y100.81
M204 S3000
M205 X20 Y20
G1 F1500 X78.288 Y101.623 E2108.71827
M204 S5000
M205 X30 Y30
G0 F7200 X78.581 Y101.208
M204 S3000
M205 X20 Y20
G1 F1500 X77.476 Y100.103 E2108.78324
M204 S5000
M205 X30 Y30
G0 F7200 X77.476 Y99.396
M204 S3000
M205 X20 Y20
G1 F1500 X78.932 Y100.852 E2108.86885
M204 S5000
M205 X30 Y30
G0 F7200 X79.343 Y100.556
M204 S3000
M205 X20 Y20
G1 F1500 X77.476 Y98.689 E2108.97862
M204 S5000
M205 X30 Y30
G0 F7200 X77.476 Y97.982
M204 S3000
M205 X20 Y20
G1 F1500 X79.81 Y100.316 E2109.11585
M204 S5000
M205 X30 Y30
G0 F7200 X80.34 Y100.139
M204 S3000
M205 X20 Y20
G1 F1500 X77.52 Y97.319 E2109.28166
M204 S5000
M205 X30 Y30
G0 F7200 X77.632 Y96.724
M204 S3000
M205 X20 Y20
G1 F1500 X80.981 Y100.073 E2109.47857
M204 S5000
M205 X30 Y30
G0 F7200 X81.795 Y100.18
M204 S3000
M205 X20 Y20
G1 F1500 X77.824 Y96.209 E2109.71204
M204 S5000
M205 X30 Y30
G0 F7200 X78.066 Y95.743
M204 S3000
M205 X20 Y20
G1 F1500 X79.326 Y97.004 E2109.78616
M204 S5000
M205 X30 Y30
G0 F7200 X79.104 Y96.075
M204 S3000
M205 X20 Y20
G1 F1500 X78.353 Y95.323 E2109.83034
M204 S5000
M205 X30 Y30
G0 F7200 X78.686 Y94.949
M204 S3000
M205 X20 Y20
G1 F1500 X79.086 Y95.349 E2109.85386
M204 S5000
M205 X30 Y30
G0 F7200 X79.237 Y94.794
M204 S3000
M205 X20 Y20
G1 F1500 X79.068 Y94.625 E2109.8638
M204 S5000
M205 X30 Y30
G0 F7200 X81.197 Y93.376
G0 X109.816 Y90.724
M204 S3000
M205 X20 Y20
G1 F1500 X134.706 Y115.614 E2111.32723
M204 S5000
M205 X30 Y30
G0 F7200 X134.581 Y114.782
M204 S3000
M205 X20 Y20
G1 F1500 X110.524 Y90.725 E2112.74169
M204 S5000
M205 X30 Y30
G0 F7200 X111.231 Y90.725
M204 S3000
M205 X20 Y20
G1 F1500 X134.648 Y114.142 E2114.11852
M204 S5000
M205 X30 Y30
G0 F7200 X134.787 Y113.574
M204 S3000
M205 X20 Y20
G1 F1500 X111.938 Y90.725 E2115.46196
M204 S5000
M205 X30 Y30
G0 F7200 X112.645 Y90.725
M204 S3000
M205 X20 Y20
G1 F1500 X135.04 Y113.12 E2116.7787
M204 S5000
M205 X30 Y30
G0 F7200 X135.323 Y112.695
M204 S3000
M205 X20 Y20
G1 F1500 X113.352 Y90.725 E2118.07048
M204 S5000
M205 X30 Y30
G0 F7200 X114.059 Y90.725
M204 S3000
M205 X20 Y20
G1 F1500 X135.686 Y112.352 E2119.34206
M204 S5000
M205 X30 Y30
G0 F7200 X136.094 Y112.052
M204 S3000
M205 X20 Y20
G1 F1500 X114.766 Y90.725 E2120.59604
M204 S5000
M205 X30 Y30
G0 F7200 X115.474 Y90.725
M204 S3000
M205 X20 Y20
G1 F1500 X136.564 Y111.816 E2121.83608
M204 S5000
M205 X30 Y30
G0 F7200 X137.089 Y111.633
M204 S3000
M205 X20 Y20
G1 F1500 X116.181 Y90.725 E2123.06539
M204 S5000
M205 X30 Y30
G0 F7200 X116.888 Y90.725
M204 S3000
M205 X20 Y20
G1 F1500 X137.735 Y111.572 E2124.29111
M204 S5000
M205 X30 Y30
G0 F7200 X138.554 Y111.683
M204 S3000
M205 X20 Y20
G1 F1500 X117.595 Y90.725 E2125.52339
G1 X117.507 Y90.637
M204 S5000
M205 X30 Y30
G0 F7200 X137.023 Y98.839
M204 S3000
M205 X20 Y20
G1 F1500 X138.326 Y100.142 E2125.6
M204 S5000
M205 X30 Y30
G0 F7200 X138.962 Y100.071
M204 S3000
M205 X20 Y20
G1 F1500 X137.812 Y98.922 E2125.66759
M204 S5000
M205 X30 Y30
G0 F7200 X138.451 Y98.853
M204 S3000
M205 X20 Y20
G1 F1500 X139.759 Y100.161 E2125.7445
G1 X139.847 Y100.249
M204 S5000
M205 X30 Y30
G0 F7200 X138.969 Y98.664
M204 S3000
M205 X20 Y20
G1 F1500 X142.44 Y102.135 E2125.94858
M204 S5000
M205 X30 Y30
G0 F7200 X142.524 Y101.512
M204 S3000
M205 X20 Y20
G1 F1500 X139.45 Y98.438 E2126.12932
M204 S5000
M205 X30 Y30
G0 F7200 X139.838 Y98.119
M204 S3000
M205 X20 Y20
G1 F1500 X142.524 Y100.805 E2126.28724
M204 S5000
M205 X30 Y30
G0 F7200 X142.524 Y100.098
M204 S3000
M205 X20 Y20
G1 F1500 X140.199 Y97.773 E2126.42394
M204 S5000
M205 X30 Y30
G0 F7200 X140.479 Y97.345
M204 S3000
M205 X20 Y20
G1 F1500 X142.524 Y99.39 E2126.54418
M204 S5000
M205 X30 Y30
G0 F7200 X142.524 Y98.683
M204 S3000
M205 X20 Y20
G1 F1500 X140.712 Y96.871 E2126.65072
M204 S5000
M205 X30 Y30
G0 F7200 X140.871 Y96.324
M204 S3000
M205 X20 Y20
G1 F1500 X142.524 Y97.976 E2126.74788
M204 S5000
M205 X30 Y30
G0 F7200 X142.462 Y97.208
M204 S3000
M205 X20 Y20
G1 F1500 X140.905 Y95.651 E2126.83943
M204 S5000
M205 X30 Y30
G0 F7200 X140.76 Y94.798
M204 S3000
M205 X20 Y20
G1 F1500 X142.176 Y96.214 E2126.92268
G1 X142.264 Y96.302
M204 S5000
M205 X30 Y30
G0 F7200 X142.192 Y104.009
M204 S3000
M205 X20 Y20
G1 F1500 X142.475 Y104.291 E2126.93929
M204 S5000
M205 X30 Y30
G0 F7200 X141.928 Y104.451
M204 S3000
M205 X20 Y20
G1 F1500 X142.524 Y105.047 E2126.97434
M204 S5000
M205 X30 Y30
G0 F7200 X142.524 Y105.754
M204 S3000
M205 X20 Y20
G1 F1500 X141.684 Y104.914 E2127.02372
M204 S5000
M205 X30 Y30
G0 F7200 X141.389 Y105.327
M204 S3000
M205 X20 Y20
G1 F1500 X142.524 Y106.461 E2127.09043
M204 S5000
M205 X30 Y30
G0 F7200 X142.524 Y107.169
M204 S3000
M205 X20 Y20
G1 F1500 X141.028 Y105.672 E2127.17842
M204 S5000
M205 X30 Y30
G0 F7200 X140.615 Y105.967
M204 S3000
M205 X20 Y20
G1 F1500 X142.524 Y107.876 E2127.29066
M204 S5000
M205 X30 Y30
G0 F7200 X142.524 Y108.583
M204 S3000
M205 X20 Y20
G1 F1500 X140.127 Y106.186 E2127.43159
M204 S5000
M205 X30 Y30
G0 F7200 X139.598 Y106.364
M204 S3000
M205 X20 Y20
G1 F1500 X142.524 Y109.29 E2127.60363
M204 S5000
M205 X30 Y30
G0 F7200 X142.524 Y109.997
M204 S3000
M205 X20 Y20
G1 F1500 X138.941 Y106.414 E2127.8143
G1 X138.853 Y106.326
M204 S5000
M205 X30 Y30
;MESH:NONMESH
G0 F600 X138.853 Y106.326 Z2.1
G0 F7200 X81.617 Y92.112
G0 X81.451 Y92.012
;TIME_ELAPSED:1972.509510
;LAYER:9
M204 S3000
M205 X20 Y20
;TYPE:WALL-INNER
;MESH:Pi Holder.stl
G1 F3956.7 X81.066 Y92.576 E2127.84314
G1 F3424.2 X80.755 Y92.948 E2127.86681
G1 F3050.1 X80.207 Y93.31 E2127.9028
G1 F3471.5 X79.707 Y93.426 E2127.92751
G1 F4020 X79.407 Y93.545 E2127.94093
G1 X78.704 Y93.983 E2127.97536
G1 X78.179 Y94.427 E2128.00395
G1 X77.608 Y95.074 E2128.03983
G1 X77.195 Y95.823 E2128.07539
G1 X76.888 Y96.634 E2128.11144
G1 X76.751 Y97.576 E2128.15101
G1 X76.75 Y125.486 E2129.31138
G1 X76.802 Y125.943 E2129.3305
G1 X77.002 Y126.817 E2129.36777
G1 X77.39 Y127.625 E2129.40504
G1 X77.893 Y128.361 E2129.4421
G1 X78.538 Y128.96 E2129.4787
G1 X79.125 Y129.36 E2129.50823
G1 X79.928 Y129.746 E2129.54527
G1 X80.806 Y129.948 E2129.58273
G1 X81.266 Y130 E2129.60198
G1 X138.734 Y130 E2131.99122
G1 X139.194 Y129.948 E2132.01046
G1 X140.072 Y129.746 E2132.04792
G1 X140.875 Y129.36 E2132.08496
G1 X141.616 Y128.853 E2132.12229
G1 X142.212 Y128.21 E2132.15874
G1 X142.61 Y127.625 E2132.18816
G1 X142.996 Y126.821 E2132.22524
G1 X143.198 Y125.944 E2132.26265
G1 X143.25 Y125.485 E2132.28186
G1 X143.25 Y97.572 E2133.44235
G1 X143.112 Y96.634 E2133.48176
G1 X142.806 Y95.823 E2133.5178
G1 X142.388 Y95.068 E2133.55368
G1 X141.819 Y94.425 E2133.58938
G1 X141.296 Y93.983 E2133.61784
G1 X140.592 Y93.546 E2133.65229
G1 F3887.8 X140.03 Y93.34 E2133.67803
G1 F3412.6 X139.705 Y93.253 E2133.6945
G1 F3082.8 X139.245 Y92.948 E2133.72443
G1 F3424.2 X138.934 Y92.576 E2133.74809
G1 F3956.7 X138.549 Y92.012 E2133.77694
G1 F4020 X138.321 Y91.376 E2133.80503
G1 X138.25 Y90.91 E2133.82462
G1 X138.25 Y90 E2133.86246
G1 X81.75 Y90 E2136.21145
G1 X81.75 Y90.91 E2136.24929
G1 X81.678 Y91.38 E2136.26906
G1 X81.451 Y92.012 E2136.29698
M204 S5000
M205 X30 Y30
G0 F7200 X81.635 Y92.082
G0 X79.894 Y94.648
G0 X79.634 Y96.199
G0 X79.828 Y96.142
M204 S3000
M205 X20 Y20
G1 F4020 X79.815 Y95.5 E2136.32367
G1 X79.831 Y95.341 E2136.33032
G1 F3872.8 X80.016 Y94.717 E2136.3584
G1 F3661.2 X80.286 Y94.284 E2136.3817
G1 F3532.5 X80.556 Y93.851 E2136.40584
G1 F3247.2 X81.142 Y93.478 E2136.44159
G1 F3471.5 X81.694 Y93.362 E2136.46875
G1 F4020 X82.302 Y93.295 E2136.49418
G1 X82.729 Y93.342 E2136.51204
G1 X83.262 Y93.521 E2136.53542
G1 X83.64 Y93.73 E2136.55337
G1 X84.12 Y94.17 E2136.58044
G1 X84.254 Y94.343 E2136.58954
G1 X84.558 Y94.913 E2136.6164
G1 X84.692 Y95.535 E2136.64285
G1 X84.691 Y95.974 E2136.6611
G1 X84.543 Y96.639 E2136.68943
G1 X84.197 Y97.252 E2136.71869
G1 X83.739 Y97.698 E2136.74527
G1 X83.339 Y97.953 E2136.76499
G1 X82.735 Y98.156 E2136.79149
G1 X82.302 Y98.205 E2136.8096
G1 X81.623 Y98.131 E2136.838
G1 X80.963 Y97.847 E2136.86787
G1 X80.415 Y97.389 E2136.89756
G1 X80.018 Y96.788 E2136.92751
G1 X79.828 Y96.142 E2136.95551
M204 S5000
M205 X30 Y30
G1 F1500 E2130.45551
G0 F7200 X79.634 Y96.199
G0 X80.313 Y99.02
G0 X80.011 Y100.757
G0 X79.038 Y101.55
G0 X78.414 Y103.008
G1 F1500 E2136.95551
G0 F7200 X78.565 Y103.001
M204 S3000
M205 X20 Y20
G1 F4020 X78.596 Y102.784 E2136.96462
G1 X78.83 Y102.115 E2136.99408
G1 X79.202 Y101.582 E2137.02111
G1 X79.526 Y101.295 E2137.0391
G1 X79.98 Y101.02 E2137.06117
G1 X80.415 Y100.868 E2137.08033
G1 X81.023 Y100.8 E2137.10576
G1 X81.526 Y100.857 E2137.12681
G1 X82.083 Y101.046 E2137.15126
G1 X82.465 Y101.275 E2137.16978
G1 X82.962 Y101.768 E2137.19888
G1 X83.293 Y102.364 E2137.22723
G1 X83.438 Y102.998 E2137.25427
G1 X83.445 Y103.428 E2137.27215
G1 X83.302 Y104.12 E2137.30153
G1 X82.957 Y104.741 E2137.33106
G1 X82.467 Y105.216 E2137.35943
G1 X82.081 Y105.452 E2137.37824
G1 X81.481 Y105.659 E2137.40463
G1 X81.115 Y105.698 E2137.41993
G1 X80.486 Y105.643 E2137.44618
G1 X80.273 Y105.588 E2137.45533
G1 X79.632 Y105.279 E2137.48491
G1 X79.107 Y104.801 E2137.51443
G1 X78.739 Y104.19 E2137.54409
G1 X78.576 Y103.629 E2137.56838
G1 X78.565 Y103.001 E2137.59449
M204 S5000
M205 X30 Y30
G1 F1500 E2131.09449
G0 F7200 X78.414 Y103.008
G0 X78.602 Y104.214
G0 X79.104 Y105.139
G0 X80.445 Y111.429
G0 X79.615 Y114.501
G1 F1500 E2137.59449
G0 F7200 X79.815 Y114.501
M204 S3000
M205 X20 Y20
G1 F4020 X79.846 Y114.284 E2137.6036
G1 X80.08 Y113.615 E2137.63307
G1 X80.452 Y113.082 E2137.66009
G1 X80.776 Y112.795 E2137.67809
G1 X81.184 Y112.546 E2137.69796
G1 X81.677 Y112.366 E2137.71978
G1 X82.306 Y112.294 E2137.7461
G1 X82.741 Y112.348 E2137.76432
G1 X83.346 Y112.549 E2137.79083
G1 X83.721 Y112.787 E2137.80929
G1 X84.201 Y113.247 E2137.83693
G1 X84.55 Y113.881 E2137.86702
G1 X84.697 Y114.535 E2137.89489
G1 X84.687 Y115.007 E2137.91452
G1 X84.548 Y115.624 E2137.94081
G1 X84.202 Y116.251 E2137.97059
G1 X83.721 Y116.713 E2137.99832
G1 X83.346 Y116.951 E2138.01678
G1 X82.74 Y117.152 E2138.04333
G1 X82.277 Y117.2 E2138.06268
G1 X81.644 Y117.133 E2138.08914
G1 X81.068 Y116.894 E2138.11507
G1 X80.882 Y116.779 E2138.12416
G1 X80.357 Y116.301 E2138.15368
G1 X79.989 Y115.69 E2138.18333
G1 X79.826 Y115.129 E2138.20762
G1 X79.815 Y114.501 E2138.23373
M204 S5000
M205 X30 Y30
G1 F1500 E2131.73373
G0 F7200 X79.615 Y114.501
G0 X80.101 Y117.86
G0 X80.012 Y123.757
G0 X79.038 Y124.55
G0 X78.42 Y125.909
G1 F1500 E2138.23373
G0 F7200 X78.57 Y125.906
M204 S3000
M205 X20 Y20
G1 F4020 X78.739 Y125.31 E2138.25949
G1 X78.83 Y125.115 E2138.26844
G1 X79.202 Y124.582 E2138.29546
G1 X79.526 Y124.295 E2138.31346
G1 X80.085 Y123.976 E2138.34021
G1 X80.499 Y123.855 E2138.35815
G1 X81.041 Y123.8 E2138.3808
G1 X81.488 Y123.847 E2138.39948
G1 X82.081 Y124.048 E2138.42551
G1 X82.467 Y124.284 E2138.44432
G1 X82.958 Y124.76 E2138.47275
G1 X83.287 Y125.354 E2138.50099
G1 X83.428 Y125.949 E2138.52641
G1 X83.446 Y126.386 E2138.54459
G1 X83.322 Y127.022 E2138.57153
G1 X83.004 Y127.657 E2138.60106
G1 X82.522 Y128.168 E2138.63026
G1 X82.099 Y128.451 E2138.65142
G1 X81.446 Y128.661 E2138.67994
G1 X81.042 Y128.705 E2138.69683
G1 X80.412 Y128.631 E2138.72321
G1 X79.999 Y128.49 E2138.74135
G1 X79.494 Y128.185 E2138.76588
G1 X79.202 Y127.918 E2138.78233
G1 X78.83 Y127.385 E2138.80935
G1 X78.739 Y127.19 E2138.8183
G1 X78.569 Y126.583 E2138.8445
G1 X78.57 Y125.906 E2138.87265
M204 S5000
M205 X30 Y30
G1 F1500 E2132.37265
G0 F7200 X78.42 Y125.909
G0 X79.038 Y124.55
G0 X79.947 Y123.876
G0 X81.052 Y123.655
G0 X82.15 Y123.922
G0 X83.447 Y125.164
G0 X134.005 Y115.263
G0 X135.115 Y114.465
G1 F1500 E2138.87265
G0 F7200 X135.311 Y114.509
M204 S3000
M205 X20 Y20
G1 F4020 X135.461 Y113.853 E2138.90063
G1 X135.814 Y113.233 E2138.93029
G1 X136.279 Y112.787 E2138.95708
G1 X136.654 Y112.549 E2138.97554
G1 X137.259 Y112.348 E2139.00205
G1 X137.705 Y112.299 E2139.0207
G1 X138.306 Y112.362 E2139.04583
G1 X138.665 Y112.476 E2139.06149
G1 X139.224 Y112.795 E2139.08824
G1 X139.548 Y113.082 E2139.10624
G1 X139.92 Y113.615 E2139.13326
G1 X140.154 Y114.284 E2139.16273
G1 X140.186 Y114.501 E2139.17185
G1 X140.175 Y115.129 E2139.19796
G1 X140.011 Y115.69 E2139.22226
G1 X139.643 Y116.301 E2139.25191
G1 X139.046 Y116.844 E2139.28547
G1 X138.385 Y117.126 E2139.31534
G1 X137.7 Y117.205 E2139.34401
G1 X137.332 Y117.166 E2139.3594
G1 X136.658 Y116.954 E2139.38877
G1 X136.279 Y116.713 E2139.40744
G1 X135.798 Y116.251 E2139.43517
G1 X135.452 Y115.624 E2139.46495
G1 X135.313 Y115.007 E2139.49124
G1 X135.304 Y114.614 E2139.50758
G1 X135.311 Y114.509 E2139.51196
M204 S5000
M205 X30 Y30
G1 F1500 E2133.01196
G0 F7200 X135.115 Y114.465
G0 X136.043 Y111.377
G0 X137.069 Y105.093
G0 X136.414 Y103.512
G1 F1500 E2139.51196
G0 F7200 X136.555 Y103.477
M204 S3000
M205 X20 Y20
G1 F4020 X136.554 Y103.114 E2139.52705
G1 X136.559 Y103.021 E2139.53092
G1 X136.706 Y102.364 E2139.55891
G1 X137.038 Y101.768 E2139.58728
G1 X137.535 Y101.276 E2139.61635
G1 X137.919 Y101.044 E2139.635
G1 X138.475 Y100.857 E2139.65939
G1 X138.977 Y100.8 E2139.6804
G1 X139.585 Y100.869 E2139.70584
G1 X139.984 Y101.003 E2139.72334
G1 X140.555 Y101.343 E2139.75097
G1 X140.904 Y101.711 E2139.77205
G1 X141.17 Y102.115 E2139.79216
G1 X141.403 Y102.784 E2139.82161
G1 X141.436 Y103.001 E2139.83074
G1 X141.425 Y103.629 E2139.85685
G1 X141.26 Y104.19 E2139.88116
G1 X140.893 Y104.801 E2139.9108
G1 X140.368 Y105.279 E2139.94032
G1 X140.182 Y105.394 E2139.94941
G1 X139.514 Y105.643 E2139.97905
G1 X138.885 Y105.698 E2140.0053
G1 X138.511 Y105.653 E2140.02096
G1 X137.919 Y105.452 E2140.04695
G1 X137.533 Y105.216 E2140.06576
G1 X137.04 Y104.738 E2140.09431
G1 X136.696 Y104.107 E2140.12419
G1 X136.555 Y103.477 E2140.15103
M204 S5000
M205 X30 Y30
G1 F1500 E2133.65103
G0 F7200 X136.414 Y103.512
G0 X136.571 Y102.321
G0 X137.319 Y101.166
G0 X137.081 Y99.49
G0 X135.111 Y96.017
G1 F1500 E2140.15103
G0 F7200 X135.309 Y95.974
M204 S3000
M205 X20 Y20
G1 F4020 X135.304 Y95.614 E2140.166
G1 X135.308 Y95.535 E2140.16929
G1 X135.443 Y94.91 E2140.19587
G1 X135.746 Y94.343 E2140.2226
G1 X135.88 Y94.17 E2140.2317
G1 X136.36 Y93.73 E2140.25877
G1 X136.738 Y93.521 E2140.27673
G1 X137.271 Y93.342 E2140.3001
G1 X137.698 Y93.295 E2140.31796
G1 X138.306 Y93.362 E2140.34339
G1 F3471.5 X138.858 Y93.478 E2140.37055
G1 F3268.3 X139.392 Y93.817 E2140.40289
G1 F3628.2 X139.685 Y94.259 E2140.42732
G1 F3880.3 X139.978 Y94.702 E2140.4502
G1 F4020 X140.188 Y95.406 E2140.48074
G1 X140.172 Y96.143 E2140.51139
G1 X139.983 Y96.786 E2140.53925
G1 X139.585 Y97.389 E2140.56929
G1 X139.037 Y97.847 E2140.59898
G1 X138.377 Y98.131 E2140.62886
G1 X137.698 Y98.205 E2140.65725
G1 X137.297 Y98.16 E2140.67403
G1 X136.661 Y97.953 E2140.70184
G1 X136.261 Y97.698 E2140.72156
G1 X135.803 Y97.256 E2140.74802
G1 X135.455 Y96.63 E2140.7778
G1 X135.309 Y95.974 E2140.80574
M204 S5000
M205 X30 Y30
G1 F1500 E2134.30574
G0 F7200 X135.111 Y96.017
G0 X136.932 Y99.425
G0 X141.463 Y96.342
G0 X141.219 Y94.235
G0 X142.314 Y95.369
G0 X142.946 Y96.954
G0 X143.04 Y110.849
G0 X137.069 Y124.408
G0 X136.426 Y125.911
G1 F1500 E2140.80574
G0 F7200 X136.572 Y125.949
M204 S3000
M205 X20 Y20
G1 F4020 X136.714 Y125.348 E2140.83141
G1 X137.042 Y124.761 E2140.85937
G1 X137.533 Y124.284 E2140.88783
G1 X137.919 Y124.048 E2140.90664
G1 X138.512 Y123.847 E2140.93267
G1 X138.959 Y123.8 E2140.95136
G1 X139.501 Y123.855 E2140.97401
G1 X140.066 Y124.046 E2140.9988
G1 X140.604 Y124.395 E2141.02546
G1 X140.904 Y124.711 E2141.04358
G1 X141.26 Y125.31 E2141.07255
G1 X141.436 Y125.936 E2141.09958
G1 X141.432 Y126.583 E2141.12648
G1 X141.232 Y127.291 E2141.15707
G1 X140.834 Y127.88 E2141.18663
G1 X140.507 Y128.185 E2141.20522
G1 X140.001 Y128.49 E2141.22978
G1 X139.588 Y128.631 E2141.24792
G1 X139.024 Y128.697 E2141.27153
G1 X138.604 Y128.669 E2141.28903
G1 X137.988 Y128.479 E2141.31583
G1 X137.61 Y128.27 E2141.33379
G1 X137.13 Y127.831 E2141.36083
G1 X136.754 Y127.223 E2141.39055
G1 X136.572 Y126.551 E2141.4195
G1 X136.554 Y126.114 E2141.43768
G1 X136.572 Y125.949 E2141.44458
M204 S5000
M205 X30 Y30
G0 F7200 X137.054 Y126.114
M204 S3000
M205 X20 Y20
;TYPE:WALL-OUTER
G1 F2040 X137.06 Y126.059 E2141.44688
G1 X137.175 Y125.556 E2141.46834
G1 X137.459 Y125.049 E2141.4925
G1 X137.845 Y124.675 E2141.51484
G1 X138.105 Y124.514 E2141.52756
G1 X138.626 Y124.334 E2141.55047
G1 X138.927 Y124.3 E2141.56307
G1 X139.447 Y124.352 E2141.58479
G1 X139.806 Y124.473 E2141.60054
G1 X140.257 Y124.755 E2141.62266
G1 X140.486 Y124.985 E2141.63615
G1 X140.772 Y125.419 E2141.65776
G1 X140.934 Y125.969 E2141.6816
G1 X140.934 Y126.527 E2141.7048
G1 X140.782 Y127.046 E2141.72728
G1 X140.487 Y127.515 E2141.75032
G1 X140.225 Y127.771 E2141.76555
G1 X139.784 Y128.039 E2141.787
G1 X139.476 Y128.143 E2141.80052
G1 X138.974 Y128.199 E2141.82152
G1 X138.631 Y128.169 E2141.83583
G1 X138.098 Y127.982 E2141.85932
G1 X137.826 Y127.809 E2141.87272
G1 X137.433 Y127.413 E2141.89591
G1 X137.191 Y126.979 E2141.91657
G1 X137.06 Y126.441 E2141.93959
G1 X137.054 Y126.114 E2141.95319
M204 S5000
M205 X30 Y30
G0 F7200 X137.06 Y126.059
G0 X137.092 Y125.918
G1 F1500 E2135.45319
G0 F7200 X136.456 Y125.775
G0 X137.069 Y124.408
G0 X136.043 Y118.124
G0 X135.124 Y115.079
G1 F1500 E2141.95319
G0 F7200 X135.807 Y114.927
M204 S3000
M205 X20 Y20
G1 F2040 X135.804 Y114.614 E2141.9662
G1 X135.806 Y114.579 E2141.96766
G1 X135.923 Y114.06 E2141.98978
G1 X136.199 Y113.558 E2142.0136
G1 X136.593 Y113.176 E2142.03641
G1 X136.851 Y113.016 E2142.04903
G1 X137.375 Y112.834 E2142.0721
G1 X137.7 Y112.799 E2142.08569
G1 X138.216 Y112.854 E2142.10726
G1 X138.556 Y112.973 E2142.12224
G1 X138.964 Y113.222 E2142.14211
G1 X139.201 Y113.442 E2142.15555
G1 X139.502 Y113.889 E2142.17796
G1 X139.686 Y114.463 E2142.20302
G1 X139.682 Y115.043 E2142.22713
G1 X139.532 Y115.546 E2142.24896
G1 X139.227 Y116.024 E2142.27253
G1 X138.771 Y116.418 E2142.29758
G1 X138.255 Y116.637 E2142.32089
G1 X137.725 Y116.699 E2142.34307
G1 X137.376 Y116.666 E2142.35765
G1 X136.87 Y116.495 E2142.37985
G1 X136.593 Y116.324 E2142.39339
G1 X136.205 Y115.946 E2142.41591
G1 X135.932 Y115.462 E2142.43901
G1 X135.807 Y114.927 E2142.46185
M204 S5000
M205 X30 Y30
G0 F7200 X135.806 Y114.727
G1 F1500 E2135.96185
G0 F7200 X135.104 Y114.727
G0 X136.043 Y111.377
G0 X137.069 Y105.093
G0 X136.571 Y104.179
G0 X136.415 Y103.107
G1 F1500 E2142.46185
G0 F7200 X137.174 Y102.551
M204 S3000
M205 X20 Y20
G1 F2040 X137.453 Y102.053 E2142.48559
G1 X137.863 Y101.661 E2142.50917
G1 X138.098 Y101.518 E2142.52061
G1 X138.614 Y101.337 E2142.54334
G1 X138.974 Y101.301 E2142.55838
G1 X139.475 Y101.357 E2142.57934
G1 X139.79 Y101.464 E2142.59317
G1 X140.257 Y101.755 E2142.61605
G1 X140.486 Y101.985 E2142.62954
G1 X140.752 Y102.389 E2142.64965
G1 X140.936 Y102.963 E2142.67471
G1 X140.932 Y103.543 E2142.69883
G1 X140.771 Y104.083 E2142.72225
G1 X140.429 Y104.577 E2142.74723
G1 X139.986 Y104.934 E2142.77089
G1 X139.46 Y105.146 E2142.79447
G1 X138.975 Y105.199 E2142.81475
G1 X138.626 Y105.166 E2142.82932
G1 X138.125 Y104.996 E2142.85132
G1 X137.845 Y104.825 E2142.86496
G1 X137.459 Y104.451 E2142.88731
G1 X137.175 Y103.945 E2142.91143
G1 X137.055 Y103.413 E2142.9341
G1 X137.054 Y103.114 E2142.94653
G1 X137.057 Y103.07 E2142.94837
G1 X137.174 Y102.551 E2142.97049
M204 S5000
M205 X30 Y30
G0 F7200 X137.271 Y102.377
G1 F1500 E2136.47049
G0 F7200 X136.703 Y102.059
G0 X137.319 Y101.166
G0 X137.081 Y99.49
G0 X135.104 Y95.614
G1 F1500 E2142.97049
G0 F7200 X135.804 Y95.614
M204 S3000
M205 X20 Y20
G1 F2040 X135.925 Y95.055 E2142.99427
G1 X136.201 Y94.555 E2143.01801
G1 X136.62 Y94.157 E2143.04204
G1 X136.898 Y93.995 E2143.05541
G1 X137.389 Y93.831 E2143.07693
G1 X137.68 Y93.8 E2143.0891
G1 X138.216 Y93.854 E2143.1115
G1 X138.556 Y93.973 E2143.12648
G1 X138.99 Y94.239 E2143.14764
G1 X139.237 Y94.485 E2143.16213
G1 X139.521 Y94.918 E2143.18366
G1 X139.686 Y95.467 E2143.20749
G1 X139.681 Y96.047 E2143.23161
G1 X139.522 Y96.579 E2143.25469
G1 X139.207 Y97.054 E2143.27839
G1 X138.766 Y97.421 E2143.30224
G1 X138.281 Y97.628 E2143.32417
G1 X137.725 Y97.699 E2143.34747
G1 X137.388 Y97.668 E2143.36154
G1 X136.897 Y97.505 E2143.38305
G1 X136.602 Y97.331 E2143.39729
G1 X136.203 Y96.944 E2143.4204
G1 X135.927 Y96.45 E2143.44392
G1 X135.805 Y95.916 E2143.4667
G1 X135.804 Y95.614 E2143.47925
M204 S5000
M205 X30 Y30
G0 F7200 X135.846 Y95.419
G0 X135.16 Y95.265
G0 X136.014 Y92.415
G0 X138.307 Y92.012
G0 X138.028 Y90.222
G0 X81.972 Y90.222
G0 X81.839 Y91.538
G0 X81.185 Y91.292
M204 S3000
M205 X20 Y20
G1 F2040 X80.99 Y91.802 E2143.50195
G1 X80.691 Y92.234 E2143.5238
G1 X80.219 Y92.642 E2143.54973
G1 X79.935 Y92.798 E2143.56321
G1 X79.181 Y93.097 E2143.59693
G1 X78.409 Y93.578 E2143.63474
G1 X77.829 Y94.069 E2143.66634
G1 X77.323 Y94.641 E2143.69809
G1 X77.109 Y94.943 E2143.71348
G1 X76.739 Y95.613 E2143.7453
G1 X76.465 Y96.34 E2143.7776
G1 X76.375 Y96.688 E2143.79254
G1 X76.251 Y97.54 E2143.82834
G1 X76.25 Y125.514 E2144.99136
G1 X76.308 Y126.027 E2145.01282
G1 X76.486 Y126.803 E2145.04593
G1 X76.612 Y127.161 E2145.0617
G1 X76.956 Y127.875 E2145.09465
G1 X77.399 Y128.525 E2145.12736
G1 X77.647 Y128.816 E2145.14325
G1 X78.226 Y129.352 E2145.17606
G1 X78.875 Y129.794 E2145.2087
G1 X79.589 Y130.138 E2145.24165
G1 X79.947 Y130.264 E2145.25743
G1 X80.722 Y130.442 E2145.29049
G1 X81.238 Y130.5 E2145.31208
G1 X138.762 Y130.5 E2147.70365
G1 X139.278 Y130.442 E2147.72524
G1 X140.053 Y130.264 E2147.7583
G1 X140.411 Y130.138 E2147.77408
G1 X141.125 Y129.794 E2147.80703
G1 X141.777 Y129.349 E2147.83984
G1 X142.068 Y129.101 E2147.85574
G1 X142.604 Y128.522 E2147.88854
G1 X143.044 Y127.875 E2147.92107
G1 X143.388 Y127.16 E2147.95406
G1 X143.514 Y126.803 E2147.9698
G1 X143.692 Y126.028 E2148.00286
G1 X143.75 Y125.513 E2148.02441
G1 X143.75 Y97.536 E2149.18756
G1 X143.625 Y96.686 E2149.22327
G1 X143.535 Y96.34 E2149.23814
G1 X143.261 Y95.613 E2149.27044
G1 X142.889 Y94.942 E2149.30234
G1 X142.675 Y94.639 E2149.31776
G1 X142.169 Y94.067 E2149.34951
G1 X141.591 Y93.578 E2149.38099
G1 X140.818 Y93.097 E2149.41884
G1 F2044.1 X140.063 Y92.795 E2149.45258
G1 X139.781 Y92.642 E2149.46589
G1 F2040 X139.309 Y92.234 E2149.49183
G1 X139.01 Y91.802 E2149.51367
G1 X138.815 Y91.292 E2149.53637
G1 X138.753 Y90.955 E2149.55062
G1 X138.75 Y89.5 E2149.61111
G1 X81.25 Y89.5 E2152.00168
G1 X81.247 Y90.955 E2152.06217
G1 X81.185 Y91.292 E2152.07642
M204 S5000
M205 X30 Y30
G0 F7200 X81.114 Y91.478
G0 X81.769 Y91.725
G0 X79.894 Y94.648
G0 X79.649 Y96.248
G0 X80.319 Y96.047
M204 S3000
M205 X20 Y20
G1 F2040 X80.315 Y95.5 E2152.09916
G1 X80.32 Y95.447 E2152.10137
G1 X80.479 Y94.918 E2152.12434
G1 X80.763 Y94.485 E2152.14587
G1 X81.011 Y94.24 E2152.16036
G1 X81.444 Y93.973 E2152.18151
G1 X81.784 Y93.854 E2152.19649
G1 X82.276 Y93.801 E2152.21706
G1 X82.611 Y93.831 E2152.23104
G1 X83.102 Y93.995 E2152.25257
G1 X83.38 Y94.157 E2152.26594
G1 X83.799 Y94.555 E2152.28997
G1 X84.075 Y95.055 E2152.31371
G1 X84.195 Y95.587 E2152.33639
G1 X84.195 Y95.916 E2152.35007
G1 X84.075 Y96.451 E2152.37286
G1 X83.804 Y96.934 E2152.39589
G1 X83.413 Y97.319 E2152.4187
G1 X83.141 Y97.488 E2152.43201
G1 X82.639 Y97.662 E2152.4541
G1 X82.323 Y97.7 E2152.46734
G1 X81.751 Y97.642 E2152.49124
G1 X81.231 Y97.419 E2152.51476
G1 X80.793 Y97.054 E2152.53847
G1 X80.478 Y96.579 E2152.56216
G1 X80.319 Y96.047 E2152.58525
M204 S5000
M205 X30 Y30
G0 F7200 X80.318 Y95.847
G1 F1500 E2146.08525
G0 F7200 X79.615 Y95.847
G0 X80.313 Y99.02
G0 X80.011 Y100.757
G0 X79.038 Y101.55
G0 X78.448 Y102.799
G1 F1500 E2152.58525
G0 F7200 X79.068 Y103.543
M204 S3000
M205 X20 Y20
G1 F2040 X79.065 Y103.001 E2152.60778
G1 X79.075 Y102.928 E2152.61084
G1 X79.248 Y102.389 E2152.63438
G1 X79.513 Y101.985 E2152.65447
G1 X79.743 Y101.755 E2152.66799
G1 X80.21 Y101.464 E2152.69087
G1 X80.525 Y101.356 E2152.70471
G1 X81.043 Y101.3 E2152.72637
G1 X81.386 Y101.337 E2152.74071
G1 X81.858 Y101.497 E2152.76143
G1 X82.137 Y101.661 E2152.77489
G1 X82.547 Y102.053 E2152.79847
G1 X82.826 Y102.551 E2152.82221
G1 X82.945 Y103.086 E2152.84499
G1 X82.945 Y103.413 E2152.85859
G1 X82.825 Y103.945 E2152.88126
G1 X82.541 Y104.451 E2152.90538
G1 X82.155 Y104.825 E2152.92773
G1 X81.895 Y104.986 E2152.94044
G1 X81.374 Y105.166 E2152.96336
G1 X81.074 Y105.2 E2152.97591
G1 X80.502 Y105.142 E2152.99982
G1 X80.014 Y104.934 E2153.02187
G1 X79.571 Y104.577 E2153.04553
G1 X79.229 Y104.083 E2153.0705
G1 X79.068 Y103.543 E2153.09393
M204 S5000
M205 X30 Y30
G0 F7200 X79.067 Y103.343
G1 F1500 E2146.59393
G0 F7200 X78.415 Y103.343
G0 X79.104 Y105.139
G0 X80.445 Y111.429
G0 X79.657 Y114.227
G1 F1500 E2153.09393
G0 F7200 X80.325 Y114.428
M204 S3000
M205 X20 Y20
G1 F2040 X80.498 Y113.889 E2153.11747
G1 X80.799 Y113.442 E2153.13987
G1 X81.036 Y113.222 E2153.15332
G1 X81.444 Y112.973 E2153.17319
G1 X81.784 Y112.855 E2153.18815
G1 X82.276 Y112.801 E2153.20873
G1 X82.625 Y112.834 E2153.2233
G1 X83.127 Y113.005 E2153.24535
G1 X83.407 Y113.176 E2153.25899
G1 X83.788 Y113.545 E2153.28104
G1 X84.08 Y114.07 E2153.30602
G1 X84.194 Y114.579 E2153.3277
G1 X84.195 Y114.913 E2153.34159
G1 X84.068 Y115.462 E2153.36502
G1 X83.797 Y115.947 E2153.38812
G1 X83.407 Y116.324 E2153.41067
G1 X83.149 Y116.484 E2153.42329
G1 X82.624 Y116.666 E2153.44639
G1 X82.325 Y116.7 E2153.4589
G1 X81.745 Y116.637 E2153.48316
G1 X81.264 Y116.434 E2153.50486
G1 X80.821 Y116.077 E2153.52852
G1 X80.479 Y115.583 E2153.5535
G1 X80.318 Y115.043 E2153.57692
G1 X80.315 Y114.501 E2153.59946
G1 X80.325 Y114.428 E2153.60252
M204 S5000
M205 X30 Y30
G0 F7200 X80.386 Y114.238
G1 F1500 E2147.10252
G0 F7200 X79.715 Y114.036
G0 X80.101 Y117.86
G0 X80.012 Y123.757
G0 X79.038 Y124.55
G0 X78.416 Y125.972
G1 F1500 E2153.60252
G0 F7200 X79.066 Y125.969
M204 S3000
M205 X20 Y20
G1 F2040 X79.228 Y125.419 E2153.62636
G1 X79.513 Y124.985 E2153.64795
G1 X79.743 Y124.755 E2153.66147
G1 X80.194 Y124.473 E2153.68358
G1 X80.553 Y124.352 E2153.69933
G1 X81.026 Y124.301 E2153.71911
G1 X81.374 Y124.334 E2153.73365
G1 X81.875 Y124.504 E2153.75564
G1 X82.155 Y124.675 E2153.76928
G1 X82.541 Y125.049 E2153.79163
G1 X82.825 Y125.556 E2153.81579
G1 X82.94 Y126.059 E2153.83724
G1 X82.946 Y126.386 E2153.85084
G1 X82.826 Y126.948 E2153.87473
G1 X82.567 Y127.413 E2153.89686
G1 X82.174 Y127.809 E2153.92005
G1 X81.881 Y127.995 E2153.93448
G1 X81.36 Y128.169 E2153.95732
G1 X81.069 Y128.2 E2153.96948
G1 X80.519 Y128.142 E2153.99248
G1 X80.216 Y128.039 E2154.00578
G1 X79.776 Y127.771 E2154.0272
G1 X79.513 Y127.515 E2154.04246
G1 X79.218 Y127.046 E2154.0655
G1 X79.066 Y126.527 E2154.08798
G1 X79.066 Y125.969 E2154.11118
M204 S5000
M205 X30 Y30
G0 F7200 X79.122 Y125.778
G0 X78.453 Y125.576
G0 X78.435 Y126.672
G0 X78.091 Y126.743
M204 S3000
M205 X20 Y20
;TYPE:SKIN
G1 F1459.1 X78.089 Y125.865 E2154.1487
G1 F1500 X78.099 Y125.791 E2154.15181
G1 X78.295 Y125.145 E2154.17988
G1 X78.439 Y124.843 E2154.19379
G1 X78.856 Y124.252 E2154.22386
G1 X79.286 Y123.884 E2154.24739
G1 X79.892 Y123.544 E2154.27628
G1 X80.405 Y123.388 E2154.29857
G1 X81.031 Y123.325 E2154.32473
G1 X81.563 Y123.377 E2154.34695
G1 X82.29 Y123.618 E2154.37879
G1 X82.769 Y123.913 E2154.40218
G1 X83.345 Y124.478 E2154.43573
G1 X83.727 Y125.163 E2154.46833
G1 X83.925 Y125.982 E2154.50336
G1 X83.891 Y126.657 E2154.53146
G1 X83.768 Y127.185 E2154.554
G1 X83.4 Y127.918 E2154.5881
G1 X83.201 Y128.172 E2154.60152
G1 X82.822 Y128.535 E2154.62334
G1 X82.312 Y128.883 E2154.64901
G1 F1572.3 X81.556 Y129.1 E2154.6802
G1 F1736.1 X81.055 Y129.136 E2154.69824
G1 F1913.3 X80.297 Y129.028 E2154.7232
G1 F2054.8 X79.843 Y128.862 E2154.73787
G1 F2083.3 X79.262 Y128.521 E2154.75804
G1 F1994.7 X78.886 Y128.19 E2154.7737
G1 F1875 X78.479 Y127.674 E2154.79556
G1 F1696.8 X78.296 Y127.319 E2154.81024
G1 F1500 X78.091 Y126.743 E2154.83565
M204 S5000
M205 X30 Y30
G1 F1500 E2148.33565
G0 F7200 X78.436 Y126.673
G0 X78.602 Y125.287
G0 X80.101 Y117.86
G0 X79.532 Y115.82
M204 S3000
M205 X20 Y20
G1 F1500 E2154.83565
G1 X79.357 Y115.214 E2154.86188
G1 X79.34 Y114.512 E2154.89107
G1 X79.396 Y114.129 E2154.90717
G1 X79.67 Y113.37 E2154.94071
G1 X80.106 Y112.753 E2154.97212
G1 X80.528 Y112.389 E2154.99529
G1 X80.973 Y112.122 E2155.01687
G1 X81.56 Y111.905 E2155.04289
G1 X82.307 Y111.815 E2155.07417
G1 X82.853 Y111.886 E2155.09706
G1 X83.537 Y112.118 E2155.12709
G1 X84.006 Y112.393 E2155.14969
G1 X84.586 Y112.972 E2155.18377
G1 X84.998 Y113.702 E2155.21862
G1 X85.159 Y114.431 E2155.24965
G1 X85.17 Y114.957 E2155.27153
G1 X85.007 Y115.775 E2155.3062
G1 X84.576 Y116.551 E2155.34311
G1 X84.02 Y117.083 E2155.3751
G1 X83.541 Y117.382 E2155.39858
G1 X82.937 Y117.591 E2155.42515
G1 X82.293 Y117.675 E2155.45215
G1 X81.489 Y117.589 E2155.48577
G1 X80.884 Y117.333 E2155.51308
G1 X80.577 Y117.143 E2155.52809
G1 X80.171 Y116.803 E2155.55011
G1 X79.979 Y116.589 E2155.56206
G1 X79.671 Y116.124 E2155.58525
G1 X79.532 Y115.82 E2155.59915
M204 S5000
M205 X30 Y30
G1 F1500 E2149.09915
G0 F7200 X79.661 Y114.517
G0 X80.445 Y111.429
G0 X80.181 Y105.8
G0 X79.063 Y104.986
G0 X78.429 Y103.657
G1 F1500 E2155.59915
G0 F7200 X78.011 Y103.71
M204 S3000
M205 X20 Y20
G1 F1171.9 X77.999 Y103.006 E2155.63662
G1 F1080.7 X78.032 Y102.664 E2155.65644
G1 F1098.1 X78.066 Y102.619 E2155.65965
G1 F1293.1 X78.439 Y101.843 E2155.70117
G1 F1500 X78.839 Y101.277 E2155.72998
G1 X79.241 Y100.916 E2155.75245
G1 X79.761 Y100.598 E2155.77779
G1 X80.34 Y100.393 E2155.80333
G1 X81.019 Y100.323 E2155.8317
G1 X81.621 Y100.392 E2155.8569
G1 X82.285 Y100.612 E2155.88598
G1 X82.76 Y100.898 E2155.90903
G1 X83.347 Y101.488 E2155.94363
G1 X83.74 Y102.186 E2155.97693
G1 X83.905 Y102.905 E2156.0076
G1 X83.92 Y103.539 E2156.03397
G1 X83.728 Y104.336 E2156.06805
G1 X83.318 Y105.059 E2156.10261
G1 X82.782 Y105.571 E2156.13343
G1 X82.281 Y105.886 E2156.15803
G1 X81.622 Y106.109 E2156.18695
G1 X81.058 Y106.175 E2156.21056
G1 X80.395 Y106.109 E2156.23826
G1 X80.087 Y106.025 E2156.25154
G1 X79.634 Y105.833 E2156.27199
G1 X79.327 Y105.643 E2156.287
G1 X78.948 Y105.328 E2156.30749
G1 X78.729 Y105.091 E2156.32091
G1 X78.421 Y104.624 E2156.34417
G1 F1431.3 X78.216 Y104.167 E2156.36599
G1 F1311.2 X78.011 Y103.71 E2156.38981
M204 S5000
M205 X30 Y30
G1 F1500 E2149.88981
G0 F7200 X78.429 Y103.657
G0 X79.063 Y104.986
G0 X80.343 Y105.766
G0 X81.509 Y105.796
G0 X82.546 Y105.335
G0 X83.268 Y104.466
G0 X134.066 Y113.899
G0 X134.832 Y114.462
M204 S3000
M205 X20 Y20
G1 F1500 E2156.38981
G1 X135.005 Y113.706 E2156.42205
G1 X135.424 Y112.945 E2156.45817
G1 X135.978 Y112.421 E2156.48988
G1 X136.458 Y112.119 E2156.51345
G1 X137.159 Y111.874 E2156.54433
G1 X137.685 Y111.824 E2156.56629
G1 X138.398 Y111.895 E2156.59608
G1 X138.859 Y112.045 E2156.61624
G1 X139.506 Y112.414 E2156.6472
G1 X139.886 Y112.746 E2156.66818
G1 X140.331 Y113.373 E2156.70015
G1 X140.604 Y114.129 E2156.73357
G1 X140.659 Y114.468 E2156.74784
G1 X140.643 Y115.216 E2156.77895
G1 X140.454 Y115.857 E2156.80673
G1 X140.311 Y116.156 E2156.82051
G1 X140.021 Y116.589 E2156.84218
G1 X139.802 Y116.828 E2156.85566
G1 X139.423 Y117.143 E2156.87615
G1 X139.115 Y117.332 E2156.89117
G1 X138.469 Y117.598 E2156.92021
G1 X137.736 Y117.675 E2156.95086
G1 X137.147 Y117.614 E2156.97548
G1 X136.461 Y117.381 E2157.0056
G1 X136.002 Y117.099 E2157.02799
G1 X135.449 Y116.569 E2157.05984
G1 X135.01 Y115.82 E2157.09593
G1 X134.833 Y115.048 E2157.12886
G1 X134.83 Y114.498 E2157.15173
G1 X134.832 Y114.462 E2157.15323
M204 S5000
M205 X30 Y30
G1 F1500 E2150.65323
G0 F7200 X136.043 Y111.377
G0 X137.069 Y105.093
G0 X136.41 Y103.485
G1 F1500 E2157.15323
G0 F7200 X136.079 Y103.519
M204 S3000
M205 X20 Y20
G1 F1500 X136.093 Y102.922 E2157.17805
G1 X136.247 Y102.221 E2157.20789
G1 X136.673 Y101.458 E2157.24422
G1 X137.229 Y100.911 E2157.27665
G1 X137.699 Y100.623 E2157.29957
G1 X138.356 Y100.395 E2157.32848
G1 X138.961 Y100.325 E2157.3538
G1 X139.664 Y100.393 E2157.38317
G1 X140.242 Y100.598 E2157.40866
G1 X140.86 Y100.974 E2157.43874
G1 X141.276 Y101.417 E2157.464
G1 X141.567 Y101.853 E2157.4858
G1 F1304.3 X141.924 Y102.605 E2157.5256
G1 F1104.6 X141.967 Y102.662 E2157.52963
G1 F1076 X142 Y102.953 E2157.5466
G1 F1170 X141.989 Y103.71 E2157.58695
G1 F1368.6 X141.58 Y104.621 E2157.63246
G1 F1500 X141.271 Y105.09 E2157.65581
G1 X141.052 Y105.328 E2157.66925
G1 X140.673 Y105.643 E2157.68974
G1 X140.4 Y105.815 E2157.70316
G1 X139.592 Y106.115 E2157.73899
G1 X138.837 Y106.171 E2157.77047
G1 X138.399 Y106.115 E2157.78882
G1 X137.715 Y105.884 E2157.81884
G1 X137.231 Y105.587 E2157.84245
G1 X136.653 Y105.021 E2157.87608
G1 X136.251 Y104.284 E2157.91098
G1 X136.085 Y103.565 E2157.94166
G1 X136.079 Y103.519 E2157.94359
M204 S5000
M205 X30 Y30
G1 F1500 E2151.44359
G0 F7200 X136.41 Y103.485
G0 X136.571 Y102.321
G0 X137.454 Y101.165
G0 X139.054 Y100.574
G0 X138.742 Y99.401
G0 X139.942 Y97.714
M204 S3000
M205 X20 Y20
G1 F1500 E2157.94359
G1 X139.267 Y98.266 E2157.97984
G1 X138.499 Y98.593 E2158.01455
G1 X137.724 Y98.68 E2158.04697
G1 X137.19 Y98.626 E2158.06929
G1 X136.451 Y98.383 E2158.10163
G1 X135.981 Y98.091 E2158.12463
G1 X135.414 Y97.536 E2158.15762
G1 X135.004 Y96.794 E2158.19286
G1 X134.836 Y96.064 E2158.22401
G1 X134.839 Y95.462 E2158.24904
G1 X134.973 Y94.84 E2158.27549
G1 X135.088 Y94.546 E2158.28861
G1 X135.33 Y94.113 E2158.30924
G1 X135.551 Y93.827 E2158.32426
G1 X135.928 Y93.466 E2158.34596
G1 X136.424 Y93.125 E2158.37099
G1 X137.158 Y92.879 E2158.40317
G1 X137.694 Y92.819 E2158.4256
G1 X138.596 Y92.918 E2158.46332
G1 X138.127 Y92.235 E2158.49777
G1 X137.855 Y91.479 E2158.53117
G1 X137.777 Y90.947 E2158.55353
G1 X137.775 Y90.475 E2158.57315
G1 X82.225 Y90.475 E2160.88265
G1 X82.221 Y91.05 E2160.90656
G1 X82.126 Y91.552 E2160.9278
G1 X81.875 Y92.228 E2160.95778
G1 X81.415 Y92.914 E2160.99212
G1 X82.298 Y92.817 E2161.02905
G1 X82.833 Y92.877 E2161.05143
G1 X83.579 Y93.127 E2161.08414
G1 X84.071 Y93.465 E2161.10896
G1 X84.449 Y93.827 E2161.13072
G1 X84.67 Y94.113 E2161.14574
G1 X85.01 Y94.747 E2161.17565
G1 X85.161 Y95.459 E2161.20591
G1 X85.164 Y96.026 E2161.22949
G1 X84.999 Y96.793 E2161.26211
G1 X84.578 Y97.54 E2161.29775
G1 X84.04 Y98.066 E2161.32904
G1 X83.552 Y98.382 E2161.35321
G1 X82.82 Y98.625 E2161.38527
G1 X82.306 Y98.684 E2161.40678
G1 X81.508 Y98.598 E2161.44015
G1 X80.711 Y98.257 E2161.47619
G1 X80.061 Y97.714 E2161.51141
G1 X79.584 Y96.997 E2161.54721
G1 X79.362 Y96.236 E2161.58017
G1 X79.336 Y95.339 E2161.61747
G1 X79.588 Y94.505 E2161.6537
G1 X79.984 Y93.868 E2161.68488
G1 X79.62 Y93.972 E2161.70062
G1 X79.005 Y94.356 E2161.73076
G1 X78.511 Y94.769 E2161.75753
G1 X78.001 Y95.344 E2161.78949
G1 X77.628 Y96.022 E2161.82166
G1 X77.348 Y96.773 E2161.85498
G1 X77.226 Y97.613 E2161.89027
G1 X77.226 Y102.021 E2162.07353
G1 F1243.8 X77.33 Y102.614 E2162.10372
G1 F1080.7 X77.317 Y103.02 E2162.12716
G1 F1090.1 X77.323 Y103.79 E2162.17121
G1 F1256.3 X77.226 Y104.471 E2162.20536
G1 F1500 X77.225 Y125.46 E2163.07798
G1 X77.271 Y125.862 E2163.0948
G1 F1482.2 X77.46 Y126.664 E2163.12947
G1 F1494 X77.79 Y127.371 E2163.16204
G1 F1569 X78.183 Y128.019 E2163.19216
G1 F1712.3 X78.753 Y128.6 E2163.2218
G1 F1918.2 X79.331 Y129.002 E2163.24469
G1 F1963.4 X80.106 Y129.37 E2163.27194
G1 F1879.7 X80.88 Y129.526 E2163.29814
G1 F1785.7 X81.291 Y129.558 E2163.31254
G1 F1663 X81.835 Y129.541 E2163.33295
G1 F1552.8 X82.379 Y129.524 E2163.35481
G1 F1500 X137.755 Y129.524 E2165.65707
G1 F1602.6 X138.708 Y129.557 E2165.69418
G1 F1781.5 X139.112 Y129.527 E2165.70836
G1 F1933 X139.783 Y129.39 E2165.73046
G1 F2021.6 X140.088 Y129.283 E2165.74043
G1 F1963.4 X140.76 Y128.957 E2165.76415
G1 F1851.9 X141.365 Y128.511 E2165.78946
G1 F1756.4 X141.864 Y127.931 E2165.81663
G1 F1641.1 X142.205 Y127.392 E2165.84086
G1 F1536.9 X142.543 Y126.665 E2165.8734
G1 F1500 X142.729 Y125.862 E2165.90767
G1 X142.775 Y125.457 E2165.92461
G1 X142.775 Y104.474 E2166.79698
G1 F1256.3 X142.678 Y103.789 E2166.83133
G1 F1090.1 X142.684 Y103.005 E2166.87618
G1 F1126.1 X142.7 Y102.471 E2166.90576
G1 F1304.3 X142.775 Y101.702 E2166.94271
G1 F1500 X142.775 Y97.605 E2167.11304
G1 X142.652 Y96.772 E2167.14805
G1 X142.373 Y96.023 E2167.18128
G1 X141.995 Y95.341 E2167.21369
G1 X141.485 Y94.768 E2167.24559
G1 X141.013 Y94.369 E2167.27128
G1 X140.384 Y93.977 E2167.3021
G1 X139.994 Y93.849 E2167.31916
G1 X140.335 Y94.382 E2167.34547
G1 X140.467 Y94.674 E2167.35879
G1 X140.665 Y95.343 E2167.3878
G1 X140.642 Y96.232 E2167.42477
G1 X140.42 Y96.986 E2167.45745
G1 X139.942 Y97.714 E2167.49366
M204 S5000
M205 X30 Y30
G1 F1500 E2160.99366
G0 F7200 X141.219 Y94.235
G0 X142.314 Y95.369
G0 X142.946 Y96.954
G0 X143.04 Y108.412
G0 X137.069 Y124.408
G0 X136.571 Y125.321
G0 X136.406 Y126.401
G1 F1500 E2167.49366
G0 F7200 X136.083 Y126.434
M204 S3000
M205 X20 Y20
G1 F1500 X136.079 Y126.375 E2167.49611
G1 X136.112 Y125.833 E2167.51869
G1 X136.302 Y125.117 E2167.54949
G1 X136.682 Y124.44 E2167.58176
G1 X137.24 Y123.907 E2167.61385
G1 X137.687 Y123.625 E2167.63582
G1 X138.405 Y123.383 E2167.66732
G1 X138.861 Y123.327 E2167.68642
G1 X139.709 Y123.396 E2167.72179
G1 X140.281 Y123.624 E2167.74739
G1 X140.927 Y124.044 E2167.77943
G1 X141.302 Y124.45 E2167.80241
G1 X141.567 Y124.853 E2167.82246
G1 X141.713 Y125.169 E2167.83693
G1 X141.914 Y125.821 E2167.8653
G1 X141.905 Y126.647 E2167.89964
G1 F1552.8 X141.703 Y127.314 E2167.92763
G1 F1652 X141.555 Y127.605 E2167.93995
G1 F1807.2 X141.146 Y128.164 E2167.96386
G1 F1994.7 X140.735 Y128.524 E2167.98094
G1 F2095 X140.176 Y128.854 E2168.00026
G1 F2066.1 X139.692 Y129.03 E2168.01581
G1 F1933 X139.071 Y129.123 E2168.03606
G1 F1748.3 X138.501 Y129.108 E2168.0564
G1 F1575.6 X137.844 Y128.932 E2168.08333
G1 F1500 X137.351 Y128.672 E2168.1065
G1 X136.775 Y128.145 E2168.13896
G1 X136.574 Y127.876 E2168.15292
G1 X136.218 Y127.156 E2168.18631
G1 X136.083 Y126.434 E2168.21685
M204 S5000
M205 X30 Y30
G0 F7200 X136.406 Y126.4
G0 X136.941 Y127.839
G0 X137.85 Y128.578
G0 X138.948 Y128.845
G0 X140.053 Y128.624
G0 X140.962 Y127.95
G0 X141.584 Y126.52
G0 X142.154 Y126.545
M204 S3000
M205 X20 Y20
G1 F1500 X142.36 Y126.34 E2168.22893
M204 S5000
M205 X30 Y30
G0 F7200 X142.16 Y125.833
M204 S3000
M205 X20 Y20
G1 F1500 X142.52 Y125.473 E2168.2501
M204 S5000
M205 X30 Y30
G0 F7200 X142.007 Y125.278
M204 S3000
M205 X20 Y20
G1 F1500 X142.523 Y124.762 E2168.28044
M204 S5000
M205 X30 Y30
G0 F7200 X142.523 Y124.055
M204 S3000
M205 X20 Y20
G1 F1500 X141.803 Y124.775 E2168.32277
M204 S5000
M205 X30 Y30
G0 F7200 X141.529 Y124.342
M204 S3000
M205 X20 Y20
G1 F1500 X142.523 Y123.348 E2168.38121
M204 S5000
M205 X30 Y30
G0 F7200 X142.523 Y122.641
M204 S3000
M205 X20 Y20
G1 F1500 X141.196 Y123.968 E2168.45923
M204 S5000
M205 X30 Y30
G0 F7200 X140.797 Y123.66
M204 S3000
M205 X20 Y20
G1 F1500 X142.523 Y121.934 E2168.56072
M204 S5000
M205 X30 Y30
G0 F7200 X142.523 Y121.227
M204 S3000
M205 X20 Y20
G1 F1500 X140.362 Y123.388 E2168.68778
M204 S5000
M205 X30 Y30
G0 F7200 X139.857 Y123.186
M204 S3000
M205 X20 Y20
G1 F1500 X142.523 Y120.519 E2168.84456
M204 S5000
M205 X30 Y30
G0 F7200 X142.523 Y119.812
M204 S3000
M205 X20 Y20
G1 F1500 X139.229 Y123.107 E2169.03826
M204 S5000
M205 X30 Y30
G0 F7200 X138.51 Y123.118
M204 S3000
M205 X20 Y20
G1 F1500 X142.523 Y119.105 E2169.27421
M204 S5000
M205 X30 Y30
G0 F7200 X142.523 Y118.398
M204 S3000
M205 X20 Y20
G1 F1500 X137.433 Y123.488 E2169.57348
G1 X137.345 Y123.576
M204 S5000
M205 X30 Y30
G0 F7200 X137.629 Y124.043
G0 X136.777 Y124.926
G0 X136.275 Y124.646
M204 S3000
M205 X20 Y20
G1 F1500 X131.647 Y129.274 E2169.84559
M204 S5000
M205 X30 Y30
G0 F7200 X132.354 Y129.274
M204 S3000
M205 X20 Y20
G1 F1500 X135.871 Y125.757 E2170.05238
M204 S5000
M205 X30 Y30
G0 F7200 X135.839 Y126.497
M204 S3000
M205 X20 Y20
G1 F1500 X133.061 Y129.274 E2170.21568
M204 S5000
M205 X30 Y30
G0 F7200 X133.769 Y129.274
M204 S3000
M205 X20 Y20
G1 F1500 X135.95 Y127.093 E2170.34392
M204 S5000
M205 X30 Y30
G0 F7200 X136.155 Y127.595
M204 S3000
M205 X20 Y20
G1 F1500 X134.476 Y129.274 E2170.44264
M204 S5000
M205 X30 Y30
G0 F7200 X135.183 Y129.274
M204 S3000
M205 X20 Y20
G1 F1500 X136.4 Y128.057 E2170.51419
M204 S5000
M205 X30 Y30
G0 F7200 X136.724 Y128.44
M204 S3000
M205 X20 Y20
G1 F1500 X135.89 Y129.274 E2170.56323
M204 S5000
M205 X30 Y30
G0 F7200 X136.597 Y129.274
M204 S3000
M205 X20 Y20
G1 F1500 X137.095 Y128.776 E2170.59251
M204 S5000
M205 X30 Y30
G0 F7200 X137.532 Y129.046
M204 S3000
M205 X20 Y20
G1 F1500 X137.304 Y129.274 E2170.60591
M204 S5000
M205 X30 Y30
G0 F7200 X137.302 Y129.848
G0 X130.94 Y129.85
G0 X130.94 Y129.274
M204 S3000
M205 X20 Y20
G1 F1500 X142.523 Y117.691 E2171.28695
M204 S5000
M205 X30 Y30
G0 F7200 X142.523 Y116.984
M204 S3000
M205 X20 Y20
G1 F1500 X130.233 Y129.274 E2172.00955
M204 S5000
M205 X30 Y30
G0 F7200 X129.526 Y129.274
M204 S3000
M205 X20 Y20
G1 F1500 X142.523 Y116.277 E2172.77373
M204 S5000
M205 X30 Y30
G0 F7200 X142.523 Y115.57
M204 S3000
M205 X20 Y20
G1 F1500 X128.819 Y129.274 E2173.57947
M204 S5000
M205 X30 Y30
G0 F7200 X128.112 Y129.274
M204 S3000
M205 X20 Y20
G1 F1500 X142.523 Y114.863 E2174.42678
M204 S5000
M205 X30 Y30
G0 F7200 X142.523 Y114.156
M204 S3000
M205 X20 Y20
G1 F1500 X140.644 Y116.035 E2174.53726
M204 S5000
M205 X30 Y30
G0 F7200 X140.894 Y115.078
M204 S3000
M205 X20 Y20
G1 F1500 X142.523 Y113.448 E2174.63307
M204 S5000
M205 X30 Y30
G0 F7200 X142.523 Y112.741
M204 S3000
M205 X20 Y20
G1 F1500 X140.89 Y114.375 E2174.72911
M204 S5000
M205 X30 Y30
G0 F7200 X140.752 Y113.806
M204 S3000
M205 X20 Y20
G1 F1500 X142.523 Y112.034 E2174.83327
M204 S5000
M205 X30 Y30
G0 F7200 X142.523 Y111.327
M204 S3000
M205 X20 Y20
G1 F1500 X140.565 Y113.286 E2174.94842
M204 S5000
M205 X30 Y30
G0 F7200 X140.278 Y112.865
M204 S3000
M205 X20 Y20
G1 F1500 X142.523 Y110.62 E2175.08042
M204 S5000
M205 X30 Y30
G0 F7200 X142.523 Y109.913
M204 S3000
M205 X20 Y20
G1 F1500 X139.957 Y112.479 E2175.23129
M204 S5000
M205 X30 Y30
G0 F7200 X139.57 Y112.159
M204 S3000
M205 X20 Y20
G1 F1500 X142.523 Y109.206 E2175.40491
M204 S5000
M205 X30 Y30
G0 F7200 X142.523 Y108.499
M204 S3000
M205 X20 Y20
G1 F1500 X139.117 Y111.905 E2175.60517
M204 S5000
M205 X30 Y30
G0 F7200 X138.612 Y111.703
M204 S3000
M205 X20 Y20
G1 F1500 X142.523 Y107.792 E2175.83513
M204 S5000
M205 X30 Y30
G0 F7200 X142.523 Y107.084
M204 S3000
M205 X20 Y20
G1 F1500 X138.006 Y111.602 E2176.10074
M204 S5000
M205 X30 Y30
G0 F7200 X137.29 Y111.611
M204 S3000
M205 X20 Y20
G1 F1500 X142.523 Y106.377 E2176.40845
M204 S5000
M205 X30 Y30
G0 F7200 X142.523 Y105.67
M204 S3000
M205 X20 Y20
G1 F1500 X136.223 Y111.971 E2176.77889
G1 X136.135 Y112.059
M204 S5000
M205 X30 Y30
G0 F7200 X134.996 Y113.197
M204 S3000
M205 X20 Y20
G1 F1500 X118.919 Y129.274 E2177.72416
M204 S5000
M205 X30 Y30
G0 F7200 X119.626 Y129.274
M204 S3000
M205 X20 Y20
G1 F1500 X134.615 Y114.286 E2178.60542
M204 S5000
M205 X30 Y30
G0 F7200 X134.579 Y115.029
M204 S3000
M205 X20 Y20
G1 F1500 X120.334 Y129.274 E2179.44298
M204 S5000
M205 X30 Y30
G0 F7200 X121.041 Y129.274
M204 S3000
M205 X20 Y20
G1 F1500 X134.704 Y115.611 E2180.24631
M204 S5000
M205 X30 Y30
G0 F7200 X134.896 Y116.126
M204 S3000
M205 X20 Y20
G1 F1500 X121.748 Y129.274 E2181.01936
M204 S5000
M205 X30 Y30
G0 F7200 X122.455 Y129.274
M204 S3000
M205 X20 Y20
G1 F1500 X135.158 Y116.571 E2181.76625
M204 S5000
M205 X30 Y30
G0 F7200 X135.486 Y116.95
M204 S3000
M205 X20 Y20
G1 F1500 X123.162 Y129.274 E2182.49085
M204 S5000
M205 X30 Y30
G0 F7200 X123.869 Y129.274
M204 S3000
M205 X20 Y20
G1 F1500 X135.85 Y117.293 E2183.19529
M204 S5000
M205 X30 Y30
G0 F7200 X136.286 Y117.564
M204 S3000
M205 X20 Y20
G1 F1500 X124.576 Y129.274 E2183.88379
M204 S5000
M205 X30 Y30
G0 F7200 X125.283 Y129.274
M204 S3000
M205 X20 Y20
G1 F1500 X136.799 Y117.758 E2184.56089
M204 S5000
M205 X30 Y30
G0 F7200 X137.375 Y117.889
M204 S3000
M205 X20 Y20
G1 F1500 X125.99 Y129.274 E2185.23028
M204 S5000
M205 X30 Y30
G0 F7200 X126.697 Y129.274
M204 S3000
M205 X20 Y20
G1 F1500 X138.081 Y117.89 E2185.89962
G1 X138.169 Y117.802
M204 S5000
M205 X30 Y30
G0 F7200 X139.051 Y117.628
M204 S3000
M205 X20 Y20
G1 F1500 X127.405 Y129.274 E2186.58436
G1 X127.317 Y129.362
M204 S5000
M205 X30 Y30
G0 F7200 X127.317 Y129.849
G0 X118.212 Y129.85
G0 X118.212 Y129.274
M204 S3000
M205 X20 Y20
G1 F1500 X142.523 Y104.963 E2188.01375
M204 S5000
M205 X30 Y30
G0 F7200 X142.477 Y104.302
M204 S3000
M205 X20 Y20
G1 F1500 X117.505 Y129.274 E2189.48201
M204 S5000
M205 X30 Y30
G0 F7200 X116.798 Y129.274
M204 S3000
M205 X20 Y20
G1 F1500 X139.751 Y106.321 E2190.83156
M204 S5000
M205 X30 Y30
G0 F7200 X138.952 Y106.413
M204 S3000
M205 X20 Y20
G1 F1500 X116.091 Y129.274 E2192.1757
M204 S5000
M205 X30 Y30
G0 F7200 X115.384 Y129.274
M204 S3000
M205 X20 Y20
G1 F1500 X138.311 Y106.347 E2193.52372
M204 S5000
M205 X30 Y30
G0 F7200 X137.782 Y106.169
M204 S3000
M205 X20 Y20
G1 F1500 X114.677 Y129.274 E2194.8822
M204 S5000
M205 X30 Y30
G0 F7200 X113.97 Y129.274
M204 S3000
M205 X20 Y20
G1 F1500 X137.314 Y105.93 E2196.25474
M204 S5000
M205 X30 Y30
G0 F7200 X136.912 Y105.624
M204 S3000
M205 X20 Y20
G1 F1500 X113.262 Y129.274 E2197.64527
M204 S5000
M205 X30 Y30
G0 F7200 X112.555 Y129.274
M204 S3000
M205 X20 Y20
G1 F1500 X136.555 Y105.275 E2199.05635
M204 S5000
M205 X30 Y30
G0 F7200 X136.272 Y104.85
M204 S3000
M205 X20 Y20
G1 F1500 X111.848 Y129.274 E2200.49239
M204 S5000
M205 X30 Y30
G0 F7200 X111.141 Y129.274
M204 S3000
M205 X20 Y20
G1 F1500 X136.024 Y104.392 E2201.95538
M204 S5000
M205 X30 Y30
G0 F7200 X135.886 Y103.823
M204 S3000
M205 X20 Y20
G1 F1500 X110.434 Y129.274 E2203.45183
M204 S5000
M205 X30 Y30
G0 F7200 X109.728 Y129.273
M204 S3000
M205 X20 Y20
G1 F1500 X135.835 Y103.166 E2204.98682
M204 S5000
M205 X30 Y30
G0 F7200 X135.967 Y102.327
M204 S3000
M205 X20 Y20
G1 F1500 X109.021 Y129.273 E2206.57115
M204 S5000
M205 X30 Y30
G0 F7200 X108.313 Y129.273
M204 S3000
M205 X20 Y20
G1 F1500 X138.892 Y98.695 E2208.36904
M204 S5000
M205 X30 Y30
G0 F7200 X137.976 Y98.904
M204 S3000
M205 X20 Y20
G1 F1500 X107.606 Y129.273 E2210.15465
M204 S5000
M205 X30 Y30
G0 F7200 X106.899 Y129.273
M204 S3000
M205 X20 Y20
G1 F1500 X137.292 Y98.881 E2211.94162
M204 S5000
M205 X30 Y30
G0 F7200 X136.726 Y98.739
M204 S3000
M205 X20 Y20
G1 F1500 X106.192 Y129.273 E2213.7369
M204 S5000
M205 X30 Y30
G0 F7200 X105.485 Y129.273
M204 S3000
M205 X20 Y20
G1 F1500 X136.223 Y98.536 E2215.54415
M204 S5000
M205 X30 Y30
G0 F7200 X135.795 Y98.256
M204 S3000
M205 X20 Y20
G1 F1500 X104.778 Y129.273 E2217.36783
M204 S5000
M205 X30 Y30
G0 F7200 X104.071 Y129.273
M204 S3000
M205 X20 Y20
G1 F1500 X135.436 Y97.908 E2219.21197
M204 S5000
M205 X30 Y30
G0 F7200 X135.117 Y97.52
M204 S3000
M205 X20 Y20
G1 F1500 X103.364 Y129.273 E2221.07892
M204 S5000
M205 X30 Y30
G0 F7200 X102.657 Y129.273
M204 S3000
M205 X20 Y20
G1 F1500 X134.863 Y97.067 E2222.97251
M204 S5000
M205 X30 Y30
G0 F7200 X134.688 Y96.535
M204 S3000
M205 X20 Y20
G1 F1500 X101.949 Y129.273 E2224.89741
M204 S5000
M205 X30 Y30
G0 F7200 X101.242 Y129.273
M204 S3000
M205 X20 Y20
G1 F1500 X134.585 Y95.931 E2226.85782
M204 S5000
M205 X30 Y30
G0 F7200 X134.644 Y95.165
M204 S3000
M205 X20 Y20
G1 F1500 X100.535 Y129.273 E2228.86327
M204 S5000
M205 X30 Y30
G0 F7200 X99.828 Y129.273
M204 S3000
M205 X20 Y20
G1 F1500 X135.111 Y93.991 E2230.93775
G1 X135.199 Y93.903
M204 S5000
M205 X30 Y30
G0 F7200 X135.97 Y93.132
M204 S3000
M205 X20 Y20
G1 F1500 X137.604 Y91.498 E2231.03382
M204 S5000
M205 X30 Y30
G0 F7200 X137.783 Y92.026
M204 S3000
M205 X20 Y20
G1 F1500 X137.189 Y92.62 E2231.06875
M204 S5000
M205 X30 Y30
G0 F7200 X137.924 Y92.592
M204 S3000
M205 X20 Y20
G1 F1500 X138.009 Y92.507 E2231.07374
M204 S5000
M205 X30 Y30
G0 F7200 X138.1 Y90.869
G0 X137.525 Y90.869
M204 S3000
M205 X20 Y20
G1 F1500 X99.121 Y129.273 E2233.33175
M204 S5000
M205 X30 Y30
G0 F7200 X98.414 Y129.273
M204 S3000
M205 X20 Y20
G1 F1500 X136.963 Y90.724 E2235.59828
M204 S5000
M205 X30 Y30
G0 F7200 X136.256 Y90.724
M204 S3000
M205 X20 Y20
G1 F1500 X97.707 Y129.273 E2237.86482
M204 S5000
M205 X30 Y30
G0 F7200 X97 Y129.273
M204 S3000
M205 X20 Y20
G1 F1500 X135.549 Y90.724 E2240.13135
M204 S5000
M205 X30 Y30
G0 F7200 X134.842 Y90.724
M204 S3000
M205 X20 Y20
G1 F1500 X96.293 Y129.273 E2242.39788
M204 S5000
M205 X30 Y30
G0 F7200 X95.585 Y129.273
M204 S3000
M205 X20 Y20
G1 F1500 X134.135 Y90.724 E2244.66445
M204 S5000
M205 X30 Y30
G0 F7200 X133.428 Y90.724
M204 S3000
M205 X20 Y20
G1 F1500 X94.878 Y129.273 E2246.93101
M204 S5000
M205 X30 Y30
G0 F7200 X94.171 Y129.273
M204 S3000
M205 X20 Y20
G1 F1500 X132.721 Y90.724 E2249.19757
M204 S5000
M205 X30 Y30
G0 F7200 X132.014 Y90.724
M204 S3000
M205 X20 Y20
G1 F1500 X93.464 Y129.273 E2251.46414
M204 S5000
M205 X30 Y30
G0 F7200 X92.757 Y129.273
M204 S3000
M205 X20 Y20
G1 F1500 X131.306 Y90.724 E2253.73067
M204 S5000
M205 X30 Y30
G0 F7200 X130.599 Y90.724
M204 S3000
M205 X20 Y20
G1 F1500 X92.05 Y129.273 E2255.9972
M204 S5000
M205 X30 Y30
G0 F7200 X91.343 Y129.273
M204 S3000
M205 X20 Y20
G1 F1500 X129.892 Y90.724 E2258.26374
M204 S5000
M205 X30 Y30
G0 F7200 X129.185 Y90.724
M204 S3000
M205 X20 Y20
G1 F1500 X90.636 Y129.273 E2260.53027
M204 S5000
M205 X30 Y30
G0 F7200 X89.929 Y129.273
M204 S3000
M205 X20 Y20
G1 F1500 X128.478 Y90.724 E2262.7968
M204 S5000
M205 X30 Y30
G0 F7200 X127.771 Y90.724
M204 S3000
M205 X20 Y20
G1 F1500 X89.222 Y129.273 E2265.06334
M204 S5000
M205 X30 Y30
G0 F7200 X88.514 Y129.273
M204 S3000
M205 X20 Y20
G1 F1500 X127.064 Y90.724 E2267.3299
M204 S5000
M205 X30 Y30
G0 F7200 X126.357 Y90.724
M204 S3000
M205 X20 Y20
G1 F1500 X87.807 Y129.273 E2269.59646
M204 S5000
M205 X30 Y30
G0 F7200 X87.1 Y129.273
M204 S3000
M205 X20 Y20
G1 F1500 X125.65 Y90.724 E2271.86303
M204 S5000
M205 X30 Y30
G0 F7200 X124.942 Y90.724
M204 S3000
M205 X20 Y20
G1 F1500 X86.393 Y129.273 E2274.12956
M204 S5000
M205 X30 Y30
G0 F7200 X85.686 Y129.273
M204 S3000
M205 X20 Y20
G1 F1500 X124.235 Y90.724 E2276.39609
M204 S5000
M205 X30 Y30
G0 F7200 X123.528 Y90.724
M204 S3000
M205 X20 Y20
G1 F1500 X84.979 Y129.273 E2278.66263
M204 S5000
M205 X30 Y30
G0 F7200 X84.272 Y129.273
M204 S3000
M205 X20 Y20
G1 F1500 X122.821 Y90.724 E2280.92916
M204 S5000
M205 X30 Y30
G0 F7200 X122.114 Y90.724
M204 S3000
M205 X20 Y20
G1 F1500 X83.565 Y129.273 E2283.19569
M204 S5000
M205 X30 Y30
G0 F7200 X82.858 Y129.273
M204 S3000
M205 X20 Y20
G1 F1500 X121.407 Y90.724 E2285.46223
M204 S5000
M205 X30 Y30
G0 F7200 X120.7 Y90.724
M204 S3000
M205 X20 Y20
G1 F1500 X83.857 Y127.567 E2287.62845
G1 X83.769 Y127.655
M204 S5000
M205 X30 Y30
G0 F7200 X83.318 Y127.403
G0 X84.149 Y126.568
M204 S3000
M205 X20 Y20
G1 F1500 X119.993 Y90.724 E2289.73594
M204 S5000
M205 X30 Y30
G0 F7200 X119.286 Y90.724
M204 S3000
M205 X20 Y20
G1 F1500 X84.152 Y125.858 E2291.80169
M204 S5000
M205 X30 Y30
G0 F7200 X84.013 Y125.29
M204 S3000
M205 X20 Y20
G1 F1500 X118.578 Y90.724 E2293.83401
M204 S5000
M205 X30 Y30
G0 F7200 X117.871 Y90.724
M204 S3000
M205 X20 Y20
G1 F1500 X83.806 Y124.79 E2295.83693
M204 S5000
M205 X30 Y30
G0 F7200 X83.551 Y124.338
M204 S3000
M205 X20 Y20
G1 F1500 X117.164 Y90.724 E2297.81327
M204 S5000
M205 X30 Y30
G0 F7200 X116.457 Y90.724
M204 S3000
M205 X20 Y20
G1 F1500 X83.198 Y123.984 E2299.7688
M204 S5000
M205 X30 Y30
G0 F7200 X82.821 Y123.653
M204 S3000
M205 X20 Y20
G1 F1500 X115.75 Y90.724 E2301.7049
M204 S5000
M205 X30 Y30
G0 F7200 X115.043 Y90.724
M204 S3000
M205 X20 Y20
G1 F1500 X82.381 Y123.386 E2303.6253
M204 S5000
M205 X30 Y30
G0 F7200 X81.851 Y123.209
M204 S3000
M205 X20 Y20
G1 F1500 X114.336 Y90.724 E2305.5353
M204 S5000
M205 X30 Y30
G0 F7200 X113.629 Y90.724
M204 S3000
M205 X20 Y20
G1 F1500 X81.258 Y123.095 E2307.43859
M204 S5000
M205 X30 Y30
G0 F7200 X80.524 Y123.122
M204 S3000
M205 X20 Y20
G1 F1500 X112.922 Y90.724 E2309.34347
M204 S5000
M205 X30 Y30
G0 F7200 X112.215 Y90.724
M204 S3000
M205 X20 Y20
G1 F1500 X79.414 Y123.525 E2311.27204
G1 X79.326 Y123.613
M204 S5000
M205 X30 Y30
G0 F7200 X79.604 Y124.071
G0 X78.708 Y125.026
G0 X78.219 Y124.72
M204 S3000
M205 X20 Y20
G1 F1500 X77.476 Y125.462 E2311.31569
M204 S5000
M205 X30 Y30
G0 F7200 X77.841 Y125.805
M204 S3000
M205 X20 Y20
G1 F1500 X77.579 Y126.067 E2311.3311
M204 S5000
M205 X30 Y30
G0 F7200 X77.829 Y126.524
M204 S3000
M205 X20 Y20
G1 F1500 X77.729 Y126.624 E2311.33698
M204 S5000
M205 X30 Y30
G0 F7200 X77.18 Y126.815
G0 X76.9 Y124.756
G0 X77.475 Y124.756
M204 S3000
M205 X20 Y20
G1 F1500 X111.507 Y90.724 E2313.33793
M204 S5000
M205 X30 Y30
G0 F7200 X110.8 Y90.724
M204 S3000
M205 X20 Y20
G1 F1500 X77.475 Y124.049 E2315.29731
M204 S5000
M205 X30 Y30
G0 F7200 X77.475 Y123.342
M204 S3000
M205 X20 Y20
G1 F1500 X82.983 Y117.834 E2315.62116
M204 S5000
M205 X30 Y30
G0 F7200 X82.192 Y117.918
M204 S3000
M205 X20 Y20
G1 F1500 X77.475 Y122.635 E2315.8985
M204 S5000
M205 X30 Y30
G0 F7200 X77.475 Y121.928
M204 S3000
M205 X20 Y20
G1 F1500 X81.556 Y117.847 E2316.13845
M204 S5000
M205 X30 Y30
G0 F7200 X81.031 Y117.665
M204 S3000
M205 X20 Y20
G1 F1500 X77.475 Y121.221 E2316.34753
M204 S5000
M205 X30 Y30
G0 F7200 X77.475 Y120.514
M204 S3000
M205 X20 Y20
G1 F1500 X80.564 Y117.424 E2316.52918
M204 S5000
M205 X30 Y30
G0 F7200 X80.163 Y117.119
M204 S3000
M205 X20 Y20
G1 F1500 X77.475 Y119.807 E2316.68722
M204 S5000
M205 X30 Y30
G0 F7200 X77.475 Y119.1
M204 S3000
M205 X20 Y20
G1 F1500 X79.805 Y116.77 E2316.82422
M204 S5000
M205 X30 Y30
G0 F7200 X79.521 Y116.346
M204 S3000
M205 X20 Y20
G1 F1500 X77.475 Y118.393 E2316.94455
M204 S5000
M205 X30 Y30
G0 F7200 X77.475 Y117.685
M204 S3000
M205 X20 Y20
G1 F1500 X79.287 Y115.874 E2317.05106
M204 S5000
M205 X30 Y30
G0 F7200 X79.129 Y115.324
M204 S3000
M205 X20 Y20
G1 F1500 X77.475 Y116.978 E2317.1483
M204 S5000
M205 X30 Y30
G0 F7200 X77.475 Y116.271
M204 S3000
M205 X20 Y20
G1 F1500 X79.093 Y114.653 E2317.24344
M204 S5000
M205 X30 Y30
G0 F7200 X79.253 Y113.786
M204 S3000
M205 X20 Y20
G1 F1500 X77.475 Y115.564 E2317.34798
M204 S5000
M205 X30 Y30
G0 F7200 X77.475 Y114.857
M204 S3000
M205 X20 Y20
G1 F1500 X101.609 Y90.723 E2318.76696
M204 S5000
M205 X30 Y30
G0 F7200 X102.316 Y90.723
M204 S3000
M205 X20 Y20
G1 F1500 X81.309 Y111.73 E2320.00209
M204 S5000
M205 X30 Y30
G0 F7200 X82.165 Y111.582
M204 S3000
M205 X20 Y20
G1 F1500 X103.023 Y90.723 E2321.22849
M204 S5000
M205 X30 Y30
G0 F7200 X103.73 Y90.723
M204 S3000
M205 X20 Y20
G1 F1500 X82.825 Y111.628 E2322.45763
M204 S5000
M205 X30 Y30
G0 F7200 X83.365 Y111.796
M204 S3000
M205 X20 Y20
G1 F1500 X104.437 Y90.723 E2323.69661
M204 S5000
M205 X30 Y30
G0 F7200 X105.144 Y90.723
M204 S3000
M205 X20 Y20
G1 F1500 X83.853 Y112.014 E2324.94844
M204 S5000
M205 X30 Y30
G0 F7200 X84.269 Y112.306
M204 S3000
M205 X20 Y20
G1 F1500 X105.851 Y90.723 E2326.21741
M204 S5000
M205 X30 Y30
G0 F7200 X106.558 Y90.723
M204 S3000
M205 X20 Y20
G1 F1500 X84.623 Y112.659 E2327.50713
M204 S5000
M205 X30 Y30
G0 F7200 X84.927 Y113.062
M204 S3000
M205 X20 Y20
G1 F1500 X107.265 Y90.723 E2328.82055
M204 S5000
M205 X30 Y30
G0 F7200 X107.973 Y90.723
M204 S3000
M205 X20 Y20
G1 F1500 X85.18 Y113.516 E2330.16069
M204 S5000
M205 X30 Y30
G0 F7200 X85.336 Y114.067
M204 S3000
M205 X20 Y20
G1 F1500 X108.68 Y90.723 E2331.53323
M204 S5000
M205 X30 Y30
G0 F7200 X109.387 Y90.723
M204 S3000
M205 X20 Y20
G1 F1500 X85.412 Y114.698 E2332.94287
M204 S5000
M205 X30 Y30
G0 F7200 X85.316 Y115.501
M204 S3000
M205 X20 Y20
G1 F1500 X110.093 Y90.724 E2334.39966
G1 X110.181 Y90.636
M204 S5000
M205 X30 Y30
G0 F7200 X110.182 Y90.151
G0 X100.902 Y90.15
G0 X100.902 Y90.723
M204 S3000
M205 X20 Y20
G1 F1500 X77.475 Y114.15 E2335.77708
M204 S5000
M205 X30 Y30
G0 F7200 X77.475 Y113.443
M204 S3000
M205 X20 Y20
G1 F1500 X100.194 Y90.723 E2337.1129
M204 S5000
M205 X30 Y30
G0 F7200 X99.487 Y90.723
M204 S3000
M205 X20 Y20
G1 F1500 X77.475 Y112.736 E2338.40715
M204 S5000
M205 X30 Y30
G0 F7200 X77.475 Y112.029
M204 S3000
M205 X20 Y20
G1 F1500 X98.78 Y90.723 E2339.65983
M204 S5000
M205 X30 Y30
G0 F7200 X98.073 Y90.723
M204 S3000
M205 X20 Y20
G1 F1500 X77.475 Y111.321 E2340.87091
M204 S5000
M205 X30 Y30
G0 F7200 X77.475 Y110.614
M204 S3000
M205 X20 Y20
G1 F1500 X81.766 Y106.324 E2341.12318
M204 S5000
M205 X30 Y30
G0 F7200 X80.964 Y106.418
M204 S3000
M205 X20 Y20
G1 F1500 X77.475 Y109.907 E2341.32832
M204 S5000
M205 X30 Y30
G0 F7200 X77.475 Y109.2
M204 S3000
M205 X20 Y20
G1 F1500 X80.327 Y106.348 E2341.496
M204 S5000
M205 X30 Y30
G0 F7200 X79.798 Y106.17
M204 S3000
M205 X20 Y20
G1 F1500 X77.475 Y108.493 E2341.63259
M204 S5000
M205 X30 Y30
G0 F7200 X77.475 Y107.786
M204 S3000
M205 X20 Y20
G1 F1500 X79.326 Y105.935 E2341.74142
M204 S5000
M205 X30 Y30
G0 F7200 X78.923 Y105.631
M204 S3000
M205 X20 Y20
G1 F1500 X77.475 Y107.079 E2341.82656
M204 S5000
M205 X30 Y30
G0 F7200 X77.475 Y106.372
M204 S3000
M205 X20 Y20
G1 F1500 X78.565 Y105.281 E2341.89067
M204 S5000
M205 X30 Y30
G0 F7200 X78.279 Y104.861
M204 S3000
M205 X20 Y20
G1 F1500 X77.475 Y105.665 E2341.93794
M204 S5000
M205 X30 Y30
G0 F7200 X77.475 Y104.957
M204 S3000
M205 X20 Y20
G1 F1500 X78.041 Y104.391 E2341.97122
M204 S5000
M205 X30 Y30
G0 F7200 X77.771 Y103.955
M204 S3000
M205 X20 Y20
G1 F1500 X77.557 Y104.168 E2341.98378
M204 S5000
M205 X30 Y30
G0 F7200 X76.901 Y104.168
G0 X76.901 Y102.101
G0 X77.503 Y102.101
M204 S3000
M205 X20 Y20
G1 F1500 X80.967 Y98.637 E2342.18745
M204 S5000
M205 X30 Y30
G0 F7200 X80.495 Y98.402
M204 S3000
M205 X20 Y20
G1 F1500 X77.476 Y101.421 E2342.36495
M204 S5000
M205 X30 Y30
G0 F7200 X77.476 Y100.714
M204 S3000
M205 X20 Y20
G1 F1500 X80.11 Y98.079 E2342.51985
M204 S5000
M205 X30 Y30
G0 F7200 X79.764 Y97.719
M204 S3000
M205 X20 Y20
G1 F1500 X77.476 Y100.007 E2342.65438
M204 S5000
M205 X30 Y30
G0 F7200 X77.476 Y99.3
M204 S3000
M205 X20 Y20
G1 F1500 X79.482 Y97.294 E2342.77232
M204 S5000
M205 X30 Y30
G0 F7200 X79.267 Y96.802
M204 S3000
M205 X20 Y20
G1 F1500 X77.476 Y98.593 E2342.87762
M204 S5000
M205 X30 Y30
G0 F7200 X77.476 Y97.886
M204 S3000
M205 X20 Y20
G1 F1500 X79.108 Y96.254 E2342.97358
M204 S5000
M205 X30 Y30
G0 F7200 X79.091 Y95.564
M204 S3000
M205 X20 Y20
G1 F1500 X77.553 Y97.102 E2343.06401
G1 X77.465 Y97.19
M204 S5000
M205 X30 Y30
G0 F7200 X76.97 Y97.117
G0 X77.395 Y95.773
G0 X77.897 Y96.05
M204 S3000
M205 X20 Y20
G1 F1500 X79.27 Y94.678 E2343.14471
G1 X79.358 Y94.59
M204 S5000
M205 X30 Y30
G0 F7200 X82.061 Y92.593
M204 S3000
M205 X20 Y20
G1 F1500 X83.931 Y90.723 E2343.25466
M204 S5000
M205 X30 Y30
G0 F7200 X84.638 Y90.723
M204 S3000
M205 X20 Y20
G1 F1500 X82.745 Y92.616 E2343.36596
M204 S5000
M205 X30 Y30
G0 F7200 X83.299 Y92.77
M204 S3000
M205 X20 Y20
G1 F1500 X85.345 Y90.723 E2343.48628
M204 S5000
M205 X30 Y30
G0 F7200 X86.052 Y90.723
M204 S3000
M205 X20 Y20
G1 F1500 X83.8 Y92.976 E2343.61872
M204 S5000
M205 X30 Y30
G0 F7200 X84.219 Y93.264
M204 S3000
M205 X20 Y20
G1 F1500 X86.759 Y90.723 E2343.76809
M204 S5000
M205 X30 Y30
G0 F7200 X87.466 Y90.723
M204 S3000
M205 X20 Y20
G1 F1500 X84.582 Y93.608 E2343.93769
M204 S5000
M205 X30 Y30
G0 F7200 X84.895 Y94.002
M204 S3000
M205 X20 Y20
G1 F1500 X88.174 Y90.723 E2344.13048
M204 S5000
M205 X30 Y30
G0 F7200 X88.881 Y90.723
M204 S3000
M205 X20 Y20
G1 F1500 X85.142 Y94.463 E2344.35035
M204 S5000
M205 X30 Y30
G0 F7200 X85.318 Y94.993
M204 S3000
M205 X20 Y20
G1 F1500 X89.588 Y90.723 E2344.60141
M204 S5000
M205 X30 Y30
G0 F7200 X90.295 Y90.723
M204 S3000
M205 X20 Y20
G1 F1500 X85.414 Y95.604 E2344.88839
M204 S5000
M205 X30 Y30
G0 F7200 X85.345 Y96.38
M204 S3000
M205 X20 Y20
G1 F1500 X91.002 Y90.723 E2345.221
M204 S5000
M205 X30 Y30
G0 F7200 X91.709 Y90.723
M204 S3000
M205 X20 Y20
G1 F1500 X84.824 Y97.609 E2345.62585
M204 S5000
M205 X30 Y30
G0 F7200 X84.13 Y98.302
M204 S3000
M205 X20 Y20
G1 F1500 X82.136 Y100.297 E2345.74311
M204 S5000
M205 X30 Y30
G0 F7200 X82.615 Y100.525
M204 S3000
M205 X20 Y20
G1 F1500 X92.416 Y90.723 E2346.31941
M204 S5000
M205 X30 Y30
G0 F7200 X93.123 Y90.723
M204 S3000
M205 X20 Y20
G1 F1500 X83.032 Y100.815 E2346.91275
M204 S5000
M205 X30 Y30
G0 F7200 X83.386 Y101.168
M204 S3000
M205 X20 Y20
G1 F1500 X93.83 Y90.723 E2347.52684
M204 S5000
M205 X30 Y30
G0 F7200 X94.538 Y90.723
M204 S3000
M205 X20 Y20
G1 F1500 X83.683 Y101.578 E2348.16508
M204 S5000
M205 X30 Y30
G0 F7200 X83.939 Y102.029
M204 S3000
M205 X20 Y20
G1 F1500 X95.245 Y90.723 E2348.82983
M204 S5000
M205 X30 Y30
G0 F7200 X95.952 Y90.723
M204 S3000
M205 X20 Y20
G1 F1500 X84.087 Y102.588 E2349.52744
M204 S5000
M205 X30 Y30
G0 F7200 X84.164 Y103.219
M204 S3000
M205 X20 Y20
G1 F1500 X96.659 Y90.723 E2350.26213
M204 S5000
M205 X30 Y30
G0 F7200 X97.366 Y90.723
M204 S3000
M205 X20 Y20
G1 F1500 X84.059 Y104.03 E2351.04453
G1 X83.971 Y104.118
M204 S5000
M205 X30 Y30
G0 F7200 X83.48 Y104.008
G0 X83.429 Y102.321
G0 X82.546 Y101.165
G0 X81.477 Y100.694
G0 X81.589 Y100.136
M204 S3000
M205 X20 Y20
G1 F1500 X82.854 Y98.871 E2351.11891
M204 S5000
M205 X30 Y30
G0 F7200 X82.106 Y98.912
M204 S3000
M205 X20 Y20
G1 F1500 X80.941 Y100.078 E2351.18743
M204 S5000
M205 X30 Y30
G0 F7200 X80.098 Y100.213
M204 S3000
M205 X20 Y20
G1 F1500 X81.467 Y98.844 E2351.26793
G1 X81.555 Y98.756
M204 S5000
M205 X30 Y30
G0 F7200 X80.313 Y97.486
G0 X79.676 Y96.128
G0 X79.894 Y94.648
G0 X82.406 Y92.052
G0 X82.376 Y91.571
M204 S3000
M205 X20 Y20
G1 F1500 X83.224 Y90.723 E2351.31779
G1 X83.312 Y90.635
M204 S5000
M205 X30 Y30
G1 F1500 E2344.81779
G0 F7200 X83.312 Y90.15
G0 X81.972 Y90.222
G0 X81.698 Y91.95
G0 X81.966 Y123.761
G0 X83.059 Y124.661
G0 X83.585 Y126.018
G0 X83.429 Y127.179
G0 X82.645 Y128.24
G1 F1500 E2351.31779
G0 F7200 X82.274 Y129.15
M204 S3000
M205 X20 Y20
G1 F1500 X82.136 Y129.288 E2351.3259
M204 S5000
M205 X30 Y30
G1 F1500 E2344.8259
G0 F7200 X82.136 Y129.85
G0 X84.38 Y129.75
G0 X136.553 Y102.164
G0 X137.454 Y101.165
G1 F1500 E2351.3259
G0 F7200 X138.065 Y100.229
M204 S3000
M205 X20 Y20
G1 F1500 X142.149 Y96.145 E2351.56602
M204 S5000
M205 X30 Y30
G0 F7200 X141.9 Y95.687
M204 S3000
M205 X20 Y20
G1 F1500 X140.711 Y96.876 E2351.63593
M204 S5000
M205 X30 Y30
G0 F7200 X140.898 Y95.981
M204 S3000
M205 X20 Y20
G1 F1500 X141.602 Y95.278 E2351.67729
M204 S5000
M205 X30 Y30
G0 F7200 X141.264 Y94.909
M204 S3000
M205 X20 Y20
G1 F1500 X140.904 Y95.269 E2351.69846
M204 S5000
M205 X30 Y30
G0 F7200 X140.742 Y94.724
M204 S3000
M205 X20 Y20
G1 F1500 X140.881 Y94.585 E2351.70663
M204 S5000
M205 X30 Y30
G0 F7200 X142.198 Y95.225
G0 X142.883 Y96.457
G0 X142.341 Y96.66
M204 S3000
M205 X20 Y20
G1 F1500 X138.925 Y100.076 E2351.90748
M204 S5000
M205 X30 Y30
G0 F7200 X139.576 Y100.132
M204 S3000
M205 X20 Y20
G1 F1500 X142.467 Y97.242 E2352.07743
M204 S5000
M205 X30 Y30
G0 F7200 X142.524 Y97.891
M204 S3000
M205 X20 Y20
G1 F1500 X140.124 Y100.291 E2352.21854
M204 S5000
M205 X30 Y30
G0 F7200 X140.598 Y100.524
M204 S3000
M205 X20 Y20
G1 F1500 X142.524 Y98.598 E2352.33178
M204 S5000
M205 X30 Y30
G0 F7200 X142.524 Y99.306
M204 S3000
M205 X20 Y20
G1 F1500 X141.035 Y100.795 E2352.41933
M204 S5000
M205 X30 Y30
G0 F7200 X141.377 Y101.16
M204 S3000
M205 X20 Y20
G1 F1500 X142.524 Y100.013 E2352.48677
M204 S5000
M205 X30 Y30
G0 F7200 X142.524 Y100.72
M204 S3000
M205 X20 Y20
G1 F1500 X141.677 Y101.567 E2352.53657
M204 S5000
M205 X30 Y30
G0 F7200 X141.941 Y102.01
M204 S3000
M205 X20 Y20
G1 F1500 X142.524 Y101.427 E2352.57085
M204 S5000
M205 X30 Y30
G0 F7200 X142.419 Y102.239
M204 S3000
M205 X20 Y20
G1 F1500 X142.204 Y102.454 E2352.58349
M204 S5000
M205 X30 Y30
G1 F1500 E2346.08349
;MESH:NONMESH
G0 F600 X142.204 Y102.454 Z2.3
G0 F7200 X141.522 Y102.657
G0 X140.962 Y101.55
G0 X140.053 Y100.876
G0 X138.948 Y100.655
G0 X137.85 Y100.922
G0 X136.941 Y101.661
G0 X136.334 Y102.961
G0 X99.251 Y90.21
G0 X81.972 Y90.222
G0 X81.722 Y91.832
G0 X79.248 Y95.409
;TIME_ELAPSED:2201.071950
;LAYER:10
M204 S3000
M205 X20 Y20
;TYPE:WALL-INNER
;MESH:Pi Holder.stl
G1 F1500 E2352.58349
G1 F3654.5 X79.234 Y95.919 E2352.60682
G1 X79.253 Y96.157 E2352.61774
G1 F3674.6 X79.427 Y96.863 E2352.65081
G1 F3647.9 X79.725 Y97.402 E2352.67903
G1 X80.143 Y97.935 E2352.71007
G1 F3674.6 X80.709 Y98.35 E2352.74199
G1 F3681.3 X81.327 Y98.642 E2352.77302
G1 F3647.9 X81.959 Y98.755 E2352.80243
G1 F3641.3 X82.507 Y98.761 E2352.82759
G1 F3647.9 X83.055 Y98.66 E2352.85312
G1 F3654.5 X83.525 Y98.491 E2352.87596
G1 F3674.6 X83.994 Y98.221 E2352.90057
G1 F3654.5 X84.415 Y97.854 E2352.92612
G1 X84.809 Y97.38 E2352.9543
G1 F3681.3 X85.104 Y96.74 E2352.9863
G1 F3667.9 X85.236 Y96.201 E2353.01158
G1 F3661.2 X85.27 Y95.651 E2353.03674
G1 F3647.9 X85.212 Y95.166 E2353.05912
G1 X85.024 Y94.52 E2353.08994
G1 F3681.3 X84.684 Y93.958 E2353.11976
G1 F3674.6 X84.213 Y93.434 E2353.15181
G1 X83.645 Y93.068 E2353.18254
G1 F3661.2 X83.137 Y92.865 E2353.20752
G1 F3647.9 X82.5 Y92.723 E2353.23742
G1 F3661.2 X81.679 Y92.769 E2353.27495
G1 F3674.6 X81.031 Y92.985 E2353.30602
G1 F3654.5 X80.621 Y93.208 E2353.32737
G1 F3647.9 X80.203 Y93.529 E2353.35151
G1 F3661.2 X79.867 Y93.894 E2353.37416
G1 X79.567 Y94.359 E2353.39942
G1 F3647.9 X79.365 Y94.864 E2353.42434
G1 F3654.5 X79.248 Y95.409 E2353.44983
M204 S5000
M205 X30 Y30
G0 F7200 X79.794 Y96.112
M204 S3000
M205 X20 Y20
G1 F3674.6 X79.792 Y95.501 E2353.47762
G1 F3688.1 X79.81 Y95.342 E2353.48487
G1 F3694.9 X80.012 Y94.674 E2353.51644
G1 X80.406 Y94.099 E2353.54797
G1 F3701.7 X80.764 Y93.776 E2353.56974
G1 F3688.1 X81.21 Y93.504 E2353.59342
G1 F3674.6 X81.69 Y93.339 E2353.6165
G1 X82.328 Y93.271 E2353.64568
G1 F3701.7 X82.733 Y93.323 E2353.66412
G1 X83.39 Y93.551 E2353.69552
G1 F3667.9 X83.774 Y93.799 E2353.71635
G1 X84.228 Y94.248 E2353.74544
G1 F3674.6 X84.546 Y94.823 E2353.77533
G1 F3688.1 X84.714 Y95.525 E2353.80804
G1 F3722.2 X84.716 Y95.934 E2353.82641
G1 F3701.7 X84.573 Y96.626 E2353.85831
G1 F3688.1 X84.237 Y97.241 E2353.89007
G1 F3708.5 X83.754 Y97.716 E2353.9206
G1 F3694.9 X83.308 Y97.988 E2353.94423
G1 F3688.1 X82.752 Y98.176 E2353.97083
G1 F3701.7 X82.297 Y98.222 E2353.99147
G1 F3681.3 X81.561 Y98.135 E2354.02512
G1 F3667.9 X80.951 Y97.863 E2354.05555
G1 F3661.2 X80.464 Y97.463 E2354.08432
G1 F3641.3 X80.188 Y97.096 E2354.1054
G1 F3647.9 X79.983 Y96.745 E2354.12402
G1 F3674.6 X79.794 Y96.112 E2354.15407
M204 S5000
M205 X30 Y30
G0 F7200 X80.315 Y96.024
M204 S3000
M205 X20 Y20
;TYPE:WALL-OUTER
G1 F2040 X80.315 Y95.501 E2354.17581
G1 X80.325 Y95.428 E2354.17888
G1 X80.476 Y94.933 E2354.20039
G1 X80.763 Y94.485 E2354.22251
G1 X81.011 Y94.237 E2354.2371
G1 X81.47 Y93.959 E2354.25941
G1 X81.75 Y93.863 E2354.27171
G1 X82.29 Y93.8 E2354.29431
G1 X82.621 Y93.833 E2354.30814
G1 X83.116 Y93.999 E2354.32985
G1 X83.385 Y94.16 E2354.34288
G1 X83.8 Y94.555 E2354.3667
G1 X84.068 Y95.039 E2354.3897
G1 X84.191 Y95.559 E2354.41192
G1 X84.197 Y95.902 E2354.42618
G1 X84.069 Y96.461 E2354.45003
G1 X83.792 Y96.951 E2354.47343
G1 X83.413 Y97.32 E2354.49542
G1 X83.107 Y97.504 E2354.51026
G1 X82.611 Y97.669 E2354.532
G1 X82.275 Y97.699 E2354.54602
G1 X81.742 Y97.636 E2354.56833
G1 X81.234 Y97.421 E2354.59127
G1 X80.785 Y97.041 E2354.61572
G1 X80.473 Y96.561 E2354.63952
G1 X80.315 Y96.024 E2354.6628
M204 S5000
M205 X30 Y30
G0 F7200 X80.315 Y95.824
G0 X79.615 Y95.824
G0 X78.726 Y95.346
M204 S3000
M205 X20 Y20
G1 F2040 X78.706 Y95.936 E2354.68734
G1 X78.736 Y96.243 E2354.70016
G1 X78.886 Y96.872 E2354.72705
G1 X79.001 Y97.175 E2354.74052
G1 X79.284 Y97.694 E2354.7651
G1 X79.689 Y98.206 E2354.79224
G1 X79.916 Y98.423 E2354.8053
G1 X80.441 Y98.802 E2354.83222
G1 X81.025 Y99.082 E2354.85914
G1 X81.341 Y99.182 E2354.87292
G1 X81.912 Y99.282 E2354.89702
G1 X82.553 Y99.285 E2354.92367
G1 X83.193 Y99.169 E2354.95072
G1 X83.746 Y98.968 E2354.97518
G1 X84.298 Y98.65 E2355.00166
G1 X84.793 Y98.224 E2355.02882
G1 X85.168 Y97.768 E2355.05336
G1 X85.334 Y97.504 E2355.06633
G1 X85.601 Y96.912 E2355.09333
G1 X85.757 Y96.281 E2355.12035
G1 X85.796 Y95.637 E2355.14717
G1 X85.731 Y95.06 E2355.17131
G1 X85.545 Y94.431 E2355.19858
G1 X85.416 Y94.148 E2355.21151
G1 X85.105 Y93.644 E2355.23614
G1 X84.672 Y93.155 E2355.26329
G1 X84.438 Y92.954 E2355.27612
G1 X83.887 Y92.601 E2355.30332
G1 X83.293 Y92.36 E2355.32997
G1 X82.711 Y92.232 E2355.35475
G1 X82.401 Y92.204 E2355.36769
G1 X81.747 Y92.237 E2355.39491
G1 X81.439 Y92.296 E2355.40795
G1 X80.823 Y92.503 E2355.43497
G1 X80.333 Y92.764 E2355.45805
G1 X79.847 Y93.141 E2355.48362
G1 X79.45 Y93.571 E2355.50795
G1 X79.1 Y94.116 E2355.53488
G1 X78.859 Y94.71 E2355.56153
G1 X78.726 Y95.346 E2355.58855
M204 S5000
M205 X30 Y30
G0 F7200 X78.72 Y95.546
G1 F1500 E2349.08855
G0 F7200 X79.418 Y95.57
G0 X80.05 Y98.25
G0 X79.386 Y99.17
G0 X79.529 Y111.217
G0 X80.157 Y112.161
G0 X79.416 Y115.01
G1 F1500 E2355.58855
G0 F7200 X79.241 Y115.028
M204 S3000
M205 X20 Y20
;TYPE:WALL-INNER
G1 F3647.9 X79.33 Y115.514 E2355.61118
G1 F3654.5 X79.555 Y116.151 E2355.64208
G1 F3674.6 X80.032 Y116.823 E2355.67956
G1 F3667.9 X80.529 Y117.232 E2355.70889
G1 F3647.9 X81.012 Y117.502 E2355.73424
G1 X81.636 Y117.722 E2355.76456
G1 F3661.2 X82.432 Y117.782 E2355.801
G1 F3641.3 X83.105 Y117.644 E2355.83253
G1 F3654.5 X83.619 Y117.445 E2355.85774
G1 F3674.6 X84.038 Y117.188 E2355.88009
G1 F3654.5 X84.446 Y116.822 E2355.90516
G1 F3634.7 X84.871 Y116.276 E2355.93698
G1 F3641.3 X85.171 Y115.568 E2355.97227
G1 F3661.2 X85.269 Y114.887 E2356.00368
G1 F3654.5 X85.236 Y114.22 E2356.03422
G1 X85.043 Y113.591 E2356.06431
G1 F3647.9 X84.789 Y113.115 E2356.08903
G1 F3634.7 X84.444 Y112.677 E2356.11466
G1 F3654.5 X84.082 Y112.344 E2356.13716
G1 F3674.6 X83.618 Y112.053 E2356.16207
G1 F3654.5 X83.104 Y111.855 E2356.18726
G1 F3647.9 X82.471 Y111.722 E2356.21689
G1 F3641.3 X81.8 Y111.765 E2356.24776
G1 F3647.9 X81.261 Y111.895 E2356.27316
G1 X80.808 Y112.097 E2356.29588
G1 F3661.2 X80.353 Y112.397 E2356.32076
G1 F3681.3 X79.956 Y112.781 E2356.34584
G1 F3661.2 X79.642 Y113.231 E2356.37089
G1 F3641.3 X79.426 Y113.677 E2356.39363
G1 F3654.5 X79.272 Y114.223 E2356.41958
G1 F3667.9 X79.241 Y114.458 E2356.43038
G1 F3661.2 X79.241 Y115.028 E2356.4564
M204 S5000
M205 X30 Y30
G0 F7200 X79.791 Y115.151
M204 S3000
M205 X20 Y20
G1 F3674.6 X79.791 Y114.501 E2356.48596
G1 F3667.9 X79.808 Y114.336 E2356.49352
G1 F3681.3 X79.983 Y113.738 E2356.52181
G1 F3688.1 X80.375 Y113.132 E2356.55451
G1 F3681.3 X80.692 Y112.825 E2356.57455
G1 F3694.9 X81.264 Y112.481 E2356.60474
G1 F3715.3 X81.643 Y112.353 E2356.62274
G1 F3701.7 X82.364 Y112.276 E2356.65547
G1 X82.723 Y112.321 E2356.67181
G1 X83.371 Y112.542 E2356.70272
G1 F3681.3 X83.77 Y112.796 E2356.7242
G1 F3701.7 X84.233 Y113.259 E2356.75376
G1 F3708.5 X84.564 Y113.848 E2356.78421
G1 F3715.3 X84.718 Y114.513 E2356.81492
G1 X84.711 Y114.991 E2356.83642
G1 F3688.1 X84.597 Y115.528 E2356.8613
G1 F3641.3 X84.428 Y115.902 E2356.88014
G1 F3667.9 X84.187 Y116.297 E2356.90122
G1 F3701.7 X83.736 Y116.735 E2356.92961
G1 F3681.3 X83.373 Y116.957 E2356.94892
G1 F3701.7 X82.719 Y117.179 E2356.98011
G1 F3694.9 X82.249 Y117.223 E2357.00146
G1 F3674.6 X81.667 Y117.156 E2357.02811
G1 F3654.5 X81.234 Y116.995 E2357.04923
G1 F3647.9 X80.861 Y116.794 E2357.06865
G1 F3667.9 X80.418 Y116.416 E2357.09518
G1 F3674.6 X80.035 Y115.872 E2357.12544
G1 F3681.3 X79.791 Y115.151 E2357.16
M204 S5000
M205 X30 Y30
G0 F7200 X80.318 Y115.043
M204 S3000
M205 X20 Y20
;TYPE:WALL-OUTER
G1 F2040 X80.315 Y114.501 E2357.18253
G1 X80.32 Y114.447 E2357.18479
G1 X80.479 Y113.918 E2357.20775
G1 X80.763 Y113.485 E2357.22928
G1 X81.011 Y113.237 E2357.24386
G1 X81.494 Y112.949 E2357.26724
G1 X81.769 Y112.858 E2357.27928
G1 X82.287 Y112.8 E2357.30096
G1 X82.617 Y112.832 E2357.31474
G1 X83.113 Y112.998 E2357.33648
G1 X83.383 Y113.158 E2357.34953
G1 X83.796 Y113.553 E2357.37329
G1 X84.08 Y114.067 E2357.39771
G1 X84.197 Y114.602 E2357.42048
G1 X84.195 Y114.92 E2357.4337
G1 X84.072 Y115.455 E2357.45652
G1 X83.796 Y115.945 E2357.4799
G1 X83.416 Y116.317 E2357.50201
G1 X83.114 Y116.501 E2357.51671
G1 X82.616 Y116.668 E2357.53855
G1 X82.318 Y116.7 E2357.55101
G1 X81.749 Y116.641 E2357.57479
G1 X81.239 Y116.421 E2357.59789
G1 X80.799 Y116.057 E2357.62163
G1 X80.479 Y115.582 E2357.64544
G1 X80.318 Y115.043 E2357.66883
M204 S5000
M205 X30 Y30
G0 F7200 X80.317 Y114.843
G0 X79.615 Y114.843
G0 X78.717 Y115.074
M204 S3000
M205 X20 Y20
G1 F2040 X78.818 Y115.65 E2357.69314
G1 X79.038 Y116.259 E2357.72006
G1 X79.181 Y116.534 E2357.73295
G1 X79.562 Y117.064 E2357.76008
G1 X79.779 Y117.294 E2357.77323
G1 X80.231 Y117.666 E2357.79757
G1 X80.795 Y117.985 E2357.82451
G1 X81.406 Y118.195 E2357.85137
G1 X81.715 Y118.257 E2357.86447
G1 X82.307 Y118.298 E2357.88914
G1 X82.617 Y118.28 E2357.90205
G1 X83.255 Y118.152 E2357.92911
G1 X83.854 Y117.915 E2357.95589
G1 X84.351 Y117.61 E2357.98013
G1 X84.831 Y117.184 E2358.00681
G1 X85.232 Y116.669 E2358.03395
G1 X85.391 Y116.399 E2358.04698
G1 X85.626 Y115.84 E2358.07219
G1 X85.707 Y115.551 E2358.08467
G1 X85.795 Y114.91 E2358.11157
G1 X85.758 Y114.122 E2358.14436
G1 X85.529 Y113.388 E2358.17633
G1 X85.231 Y112.826 E2358.20278
G1 X84.83 Y112.317 E2358.22972
G1 X84.399 Y111.926 E2358.25391
G1 X83.854 Y111.584 E2358.28066
G1 X83.255 Y111.348 E2358.30743
G1 X82.674 Y111.228 E2358.33209
G1 X82.364 Y111.203 E2358.34502
G1 X81.72 Y111.242 E2358.37185
G1 X81.091 Y111.398 E2358.39879
G1 X80.554 Y111.634 E2358.42318
G1 X80.023 Y111.988 E2358.44971
G1 X79.558 Y112.439 E2358.47664
G1 X79.187 Y112.962 E2358.5033
G1 X78.932 Y113.491 E2358.52771
G1 X78.758 Y114.117 E2358.55473
G1 X78.717 Y114.423 E2358.56756
G1 X78.717 Y115.074 E2358.59463
M204 S5000
M205 X30 Y30
G0 F7200 X78.751 Y115.271
G1 F1500 E2352.09463
G0 F7200 X79.442 Y115.152
G0 X81.106 Y116.626
G0 X82.302 Y116.943
G0 X85.575 Y114.905
G0 X86.708 Y114.852
G0 X133.292 Y114.648
G0 X134.425 Y114.595
G1 F1500 E2358.59463
G0 F7200 X134.765 Y115.281
M204 S3000
M205 X20 Y20
;TYPE:WALL-INNER
G1 F3661.2 X134.957 Y115.909 E2358.62461
G1 F3654.5 X135.212 Y116.385 E2358.6493
G1 F3641.3 X135.556 Y116.823 E2358.67486
G1 F3654.5 X135.918 Y117.156 E2358.69736
G1 F3681.3 X136.383 Y117.447 E2358.72226
G1 F3661.2 X136.896 Y117.645 E2358.74736
G1 F3641.3 X137.508 Y117.775 E2358.77608
G1 F3634.7 X138.2 Y117.735 E2358.80795
G1 X138.739 Y117.603 E2358.83347
G1 F3661.2 X139.191 Y117.406 E2358.85598
G1 F3647.9 X139.644 Y117.1 E2358.88103
G1 F3654.5 X140.043 Y116.718 E2358.90629
G1 F3661.2 X140.358 Y116.269 E2358.93132
G1 F3647.9 X140.573 Y115.823 E2358.95401
G1 F3661.2 X140.759 Y115.167 E2358.98514
G1 X140.758 Y114.476 E2359.01668
G1 F3641.3 X140.67 Y113.986 E2359.03953
G1 F3654.5 X140.447 Y113.352 E2359.07027
G1 F3667.9 X139.963 Y112.67 E2359.10837
G1 F3654.5 X139.47 Y112.269 E2359.13743
G1 F3667.9 X138.99 Y111.993 E2359.16266
G1 F3681.3 X138.354 Y111.776 E2359.19317
G1 F3661.2 X137.563 Y111.72 E2359.22937
G1 F3647.9 X136.895 Y111.855 E2359.2606
G1 F3661.2 X136.381 Y112.055 E2359.28577
G1 F3681.3 X135.962 Y112.312 E2359.30809
G1 F3661.2 X135.554 Y112.678 E2359.33311
G1 F3634.7 X135.128 Y113.226 E2359.36503
G1 F3647.9 X134.826 Y113.949 E2359.40093
G1 F3667.9 X134.732 Y114.637 E2359.43257
G1 F3661.2 X134.765 Y115.281 E2359.462
M204 S5000
M205 X30 Y30
G0 F7200 X135.289 Y114.509
M204 S3000
M205 X20 Y20
G1 F3681.3 X135.403 Y113.972 E2359.48693
G1 F3641.3 X135.572 Y113.598 E2359.50576
G1 F3667.9 X135.793 Y113.236 E2359.52509
G1 F3701.7 X136.288 Y112.75 E2359.55641
G1 F3681.3 X136.627 Y112.543 E2359.57444
G1 F3694.9 X137.281 Y112.321 E2359.60568
G1 X137.694 Y112.271 E2359.6245
G1 F3688.1 X138.323 Y112.34 E2359.65318
G1 X138.76 Y112.489 E2359.6741
G1 F3708.5 X139.324 Y112.839 E2359.70402
G1 X139.623 Y113.121 E2359.72254
G1 F3688.1 X139.979 Y113.667 E2359.75208
G1 F3654.5 X140.137 Y114.136 E2359.77471
G1 F3641.3 X140.21 Y114.501 E2359.79179
G1 F3654.5 X140.21 Y115.018 E2359.81544
G1 X140.052 Y115.647 E2359.8451
G1 F3674.6 X139.937 Y115.902 E2359.85782
G1 F3694.9 X139.608 Y116.397 E2359.88471
G1 F3701.7 X139.017 Y116.885 E2359.91931
G1 X138.379 Y117.154 E2359.95057
G1 F3694.9 X137.689 Y117.228 E2359.98196
G1 X137.277 Y117.178 E2360.00074
G1 X136.629 Y116.959 E2360.03168
G1 F3681.3 X136.258 Y116.726 E2360.05157
G1 F3688.1 X135.765 Y116.238 E2360.083
G1 F3681.3 X135.436 Y115.646 E2360.11375
G1 F3667.9 X135.298 Y115.056 E2360.14136
G1 X135.28 Y114.614 E2360.16152
G1 F3688.1 X135.289 Y114.509 E2360.16629
M204 S5000
M205 X30 Y30
G0 F7200 X135.809 Y114.559
M204 S3000
M205 X20 Y20
;TYPE:WALL-OUTER
G1 F2040 X135.929 Y114.046 E2360.1882
G1 X136.204 Y113.555 E2360.21159
G1 X136.601 Y113.17 E2360.23459
G1 X136.886 Y112.999 E2360.2484
G1 X137.384 Y112.832 E2360.27024
G1 X137.682 Y112.8 E2360.2827
G1 X138.22 Y112.854 E2360.30518
G1 X138.549 Y112.968 E2360.31966
G1 X138.993 Y113.242 E2360.34135
G1 X139.21 Y113.451 E2360.35388
G1 X139.515 Y113.91 E2360.37679
G1 X139.682 Y114.457 E2360.40056
G1 X139.684 Y115.033 E2360.42451
G1 X139.519 Y115.582 E2360.44835
G1 X139.21 Y116.051 E2360.4717
G1 X138.777 Y116.412 E2360.49513
G1 X138.243 Y116.641 E2360.51929
G1 X137.713 Y116.7 E2360.54146
G1 X137.383 Y116.667 E2360.55525
G1 X136.865 Y116.492 E2360.57798
G1 X136.617 Y116.341 E2360.59005
G1 X136.202 Y115.947 E2360.61384
G1 X135.922 Y115.443 E2360.63781
G1 X135.804 Y114.898 E2360.661
G1 X135.804 Y114.614 E2360.67281
G1 X135.809 Y114.559 E2360.6751
M204 S5000
M205 X30 Y30
G0 F7200 X135.854 Y114.364
G0 X135.172 Y114.211
G0 X134.236 Y115.235
M204 S3000
M205 X20 Y20
G1 F2040 X134.289 Y115.531 E2360.6876
G1 X134.471 Y116.112 E2360.71292
G1 X134.769 Y116.673 E2360.73933
G1 X135.17 Y117.183 E2360.7663
G1 X135.601 Y117.574 E2360.79049
G1 X136.146 Y117.916 E2360.81724
G1 X136.745 Y118.152 E2360.84401
G1 X137.326 Y118.272 E2360.86867
G1 X137.636 Y118.297 E2360.8816
G1 X138.28 Y118.258 E2360.90843
G1 X138.909 Y118.102 E2360.93537
G1 X139.445 Y117.867 E2360.9597
G1 X139.977 Y117.512 E2360.98629
G1 X140.442 Y117.061 E2361.01322
G1 X140.813 Y116.538 E2361.03988
G1 X141.067 Y116.009 E2361.06428
G1 X141.242 Y115.383 E2361.0913
G1 X141.284 Y115.077 E2361.10415
G1 X141.283 Y114.428 E2361.13113
G1 X141.182 Y113.85 E2361.15552
G1 X140.962 Y113.241 E2361.18244
G1 X140.817 Y112.964 E2361.19544
G1 X140.438 Y112.436 E2361.22246
G1 X140.221 Y112.206 E2361.23561
G1 X139.769 Y111.833 E2361.25997
G1 X139.205 Y111.515 E2361.28689
G1 X138.594 Y111.304 E2361.31377
G1 X138.285 Y111.243 E2361.32686
G1 X137.693 Y111.202 E2361.35153
G1 X137.383 Y111.22 E2361.36444
G1 X136.745 Y111.348 E2361.3915
G1 X136.146 Y111.585 E2361.41828
G1 X135.649 Y111.89 E2361.44252
G1 X135.169 Y112.316 E2361.46921
G1 X134.768 Y112.832 E2361.49637
G1 X134.609 Y113.101 E2361.50937
G1 X134.374 Y113.66 E2361.53458
G1 X134.293 Y113.949 E2361.54705
G1 X134.205 Y114.59 E2361.57395
G1 X134.208 Y114.662 E2361.57695
G1 X134.236 Y115.235 E2361.6008
M204 S5000
M205 X30 Y30
G0 F7200 X134.271 Y115.432
G1 F1500 E2355.1008
G0 F7200 X134.959 Y115.306
G0 X135.328 Y112.466
G0 X134.577 Y111.617
G0 X134.357 Y98.64
G0 X135.167 Y97.849
G0 X134.903 Y95.667
G1 F1500 E2361.6008
G0 F7200 X134.729 Y95.659
M204 S3000
M205 X20 Y20
;TYPE:WALL-INNER
G1 F3681.3 X134.74 Y95.902 E2361.61184
G1 F3661.2 X134.816 Y96.461 E2361.6376
G1 F3647.9 X135.017 Y97.067 E2361.66685
G1 F3674.6 X135.401 Y97.651 E2361.69864
G1 F3667.9 X135.793 Y98.049 E2361.72409
G1 F3654.5 X136.312 Y98.426 E2361.75343
G1 F3667.9 X137.093 Y98.714 E2361.79136
G1 X137.768 Y98.772 E2361.82223
G1 F3647.9 X138.258 Y98.726 E2361.84478
G1 F3634.7 X138.795 Y98.582 E2361.87034
G1 F3661.2 X139.293 Y98.349 E2361.89544
G1 F3681.3 X139.83 Y97.959 E2361.92557
G1 F3661.2 X140.34 Y97.334 E2361.9624
G1 F3647.9 X140.614 Y96.696 E2361.99421
G1 F3667.9 X140.735 Y96.225 E2362.01637
G1 F3661.2 X140.768 Y95.676 E2362.04148
G1 F3641.3 X140.707 Y95.134 E2362.06651
G1 F3661.2 X140.518 Y94.501 E2362.09667
G1 F3654.5 X140.164 Y93.934 E2362.12724
G1 X139.794 Y93.526 E2362.15243
G1 X139.417 Y93.234 E2362.17423
G1 X138.848 Y92.918 E2362.204
G1 F3647.9 X138.169 Y92.761 E2362.23593
G1 F3641.3 X137.539 Y92.72 E2362.26491
G1 X136.862 Y92.866 E2362.29669
G1 F3654.5 X136.35 Y93.07 E2362.3219
G1 F3681.3 X135.933 Y93.335 E2362.34433
G1 X135.427 Y93.797 E2362.37544
G1 F3674.6 X134.977 Y94.516 E2362.41402
G1 F3647.9 X134.8 Y95.111 E2362.44246
G1 F3641.3 X134.729 Y95.659 E2362.46782
M204 S5000
M205 X30 Y30
G0 F7200 X135.281 Y95.614
M204 S3000
M205 X20 Y20
G1 F3674.6 X135.454 Y94.822 E2362.50469
G1 X135.792 Y94.218 E2362.53617
G1 F3681.3 X136.268 Y93.766 E2362.56598
G1 X136.606 Y93.554 E2362.58409
G1 F3694.9 X137.274 Y93.323 E2362.61606
G1 F3688.1 X137.643 Y93.277 E2362.63291
G1 F3701.7 X138.345 Y93.349 E2362.66477
G1 F3708.5 X138.728 Y93.473 E2362.68292
G1 F3701.7 X139.309 Y93.828 E2362.71366
G1 F3715.3 X139.652 Y94.155 E2362.73498
G1 F3708.5 X140.004 Y94.721 E2362.76502
G1 F3701.7 X140.202 Y95.36 E2362.79522
G1 F3715.3 X140.207 Y96.12 E2362.82941
G1 X139.98 Y96.84 E2362.86337
G1 F3694.9 X139.576 Y97.433 E2362.89583
G1 F3701.7 X139.036 Y97.875 E2362.92733
G1 F3729.1 X138.382 Y98.142 E2362.95899
G1 F3701.7 X137.766 Y98.223 E2362.98705
G1 F3674.6 X137.263 Y98.178 E2363.01002
G1 X136.653 Y97.975 E2363.03926
G1 F3681.3 X136.248 Y97.724 E2363.06089
G1 X135.788 Y97.27 E2363.09023
G1 X135.442 Y96.666 E2363.12183
G1 X135.298 Y96.056 E2363.15029
G1 F3674.6 X135.281 Y95.614 E2363.17041
M204 S5000
M205 X30 Y30
G0 F7200 X135.804 Y95.902
M204 S3000
M205 X20 Y20
;TYPE:WALL-OUTER
G1 F2040 X135.804 Y95.614 E2363.18238
G1 X135.805 Y95.583 E2363.18367
G1 X135.921 Y95.058 E2363.20602
G1 X136.203 Y94.552 E2363.23011
G1 X136.594 Y94.175 E2363.25269
G1 X136.858 Y94.012 E2363.26559
G1 X137.382 Y93.833 E2363.28861
G1 X137.679 Y93.8 E2363.30103
G1 X138.227 Y93.856 E2363.32393
G1 X138.546 Y93.966 E2363.33796
G1 X138.988 Y94.238 E2363.35954
G1 X139.213 Y94.454 E2363.37251
G1 X139.523 Y94.928 E2363.39605
G1 X139.684 Y95.471 E2363.4196
G1 X139.686 Y96.037 E2363.44313
G1 X139.523 Y96.573 E2363.46642
G1 X139.212 Y97.045 E2363.48993
G1 X138.768 Y97.421 E2363.51411
G1 X138.247 Y97.64 E2363.53761
G1 X137.72 Y97.7 E2363.55966
G1 X137.378 Y97.667 E2363.57395
G1 X136.86 Y97.489 E2363.59672
G1 X136.604 Y97.332 E2363.6092
G1 X136.213 Y96.956 E2363.63176
G1 X135.922 Y96.438 E2363.65646
G1 X135.804 Y95.902 E2363.67928
M204 S5000
M205 X30 Y30
G0 F7200 X135.804 Y95.702
G0 X135.104 Y95.702
G0 X134.203 Y95.643
M204 S3000
M205 X20 Y20
G1 F2040 X134.22 Y95.934 E2363.6914
G1 X134.306 Y96.598 E2363.71923
G1 X134.495 Y97.162 E2363.74396
G1 X134.633 Y97.446 E2363.75709
G1 X134.993 Y97.982 E2363.78393
G1 X135.448 Y98.448 E2363.81101
G1 X135.924 Y98.792 E2363.83543
G1 X136.202 Y98.942 E2363.84856
G1 X136.813 Y99.172 E2363.8757
G1 X137.121 Y99.242 E2363.88884
G1 X137.768 Y99.298 E2363.91583
G1 X138.349 Y99.246 E2363.94009
G1 X138.978 Y99.079 E2363.96714
G1 X139.559 Y98.801 E2363.99392
G1 X140.043 Y98.458 E2364.01858
G1 X140.274 Y98.246 E2364.03162
G1 X140.69 Y97.74 E2364.05885
G1 X140.853 Y97.474 E2364.07182
G1 X141.115 Y96.864 E2364.09942
G1 X141.253 Y96.306 E2364.12332
G1 X141.297 Y95.663 E2364.15012
G1 X141.223 Y95.027 E2364.17674
G1 X141.002 Y94.288 E2364.20881
G1 X140.585 Y93.616 E2364.24169
G1 X140.152 Y93.14 E2364.26844
G1 X139.708 Y92.793 E2364.29187
G1 X139.171 Y92.499 E2364.31732
G1 X138.883 Y92.386 E2364.33018
G1 X138.245 Y92.238 E2364.35741
G1 X137.657 Y92.203 E2364.3819
G1 X137.346 Y92.225 E2364.39486
G1 X136.706 Y92.36 E2364.42206
G1 X136.109 Y92.604 E2364.44887
G1 X135.615 Y92.917 E2364.47318
G1 X135.13 Y93.355 E2364.50035
G1 X134.931 Y93.594 E2364.51328
G1 X134.585 Y94.15 E2364.54051
G1 X134.454 Y94.437 E2364.55363
G1 X134.282 Y95.001 E2364.57814
G1 X134.203 Y95.643 E2364.60503
M204 S5000
M205 X30 Y30
G0 F7200 X134.214 Y95.843
G1 F1500 E2358.10503
;MESH:NONMESH
G0 F600 X134.214 Y95.843 Z2.5
G0 F7200 X134.912 Y95.8
G0 X133.292 Y95.72
G0 X86.709 Y95.713
G0 X85.578 Y95.645
G0 X83.549 Y97.517
G0 X82.302 Y97.943
G0 X81.106 Y97.626
G0 X79.615 Y95.999
G1 F1500 E2364.60503
G0 F7200 X79.841 Y95.999
;TIME_ELAPSED:2211.835742
;LAYER:11
M204 S3000
M205 X20 Y20
;TYPE:WALL-INNER
;MESH:Pi Holder.stl
G1 F4496.6 X79.842 Y95.501 E2364.62354
G1 F4527 X79.858 Y95.354 E2364.629
G1 F4547.5 X80.042 Y94.75 E2364.65221
G1 F4516.9 X80.439 Y94.135 E2364.67929
G1 F4476.6 X80.788 Y93.816 E2364.69695
G1 X81.234 Y93.548 E2364.71637
G1 F4527 X81.661 Y93.4 E2364.73306
G1 X82.38 Y93.329 E2364.75973
G1 F4516.9 X82.725 Y93.372 E2364.7726
G1 F4527 X83.371 Y93.597 E2364.79785
G1 F4506.7 X83.743 Y93.838 E2364.81429
G1 X84.176 Y94.263 E2364.83679
G1 X84.501 Y94.843 E2364.86144
G1 X84.653 Y95.455 E2364.88483
G1 F4547.5 X84.667 Y95.929 E2364.90226
G1 F4578.6 X84.52 Y96.598 E2364.92726
G1 F4568.2 X84.179 Y97.24 E2364.95386
G1 X83.663 Y97.721 E2364.97967
G1 F4547.5 X83.348 Y97.914 E2364.99324
G1 F4516.9 X82.798 Y98.107 E2365.01481
G1 F4527 X82.295 Y98.172 E2365.03354
G1 X81.563 Y98.084 E2365.06075
G1 F4506.7 X80.936 Y97.796 E2365.08634
G1 X80.474 Y97.401 E2365.10888
G1 F4496.6 X80.034 Y96.739 E2365.13843
G1 F4486.6 X79.841 Y95.999 E2365.16692
M204 S5000
M205 X30 Y30
G0 F7200 X79.45 Y96.381
M204 S3000
M205 X20 Y20
G1 F4466.7 X79.621 Y96.911 E2365.18775
G1 F4456.8 X79.888 Y97.374 E2365.2078
G1 F4466.7 X80.156 Y97.714 E2365.224
G1 F4506.7 X80.669 Y98.166 E2365.24935
G1 F4476.6 X81.274 Y98.447 E2365.27426
G1 F4427.3 X81.943 Y98.603 E2365.30019
G1 F4437.1 X82.489 Y98.612 E2365.32076
G1 F4456.8 X83.025 Y98.512 E2365.34121
G1 X83.66 Y98.253 E2365.36692
G1 F4466.7 X84.108 Y97.939 E2365.38739
G1 F4486.6 X84.491 Y97.548 E2365.40778
G1 F4476.6 X84.849 Y96.968 E2365.43323
G1 F4446.9 X85.078 Y96.315 E2365.45924
G1 F4466.7 X85.119 Y95.64 E2365.48454
G1 F4456.8 X85.07 Y95.223 E2365.50029
G1 F4466.7 X84.886 Y94.578 E2365.52538
G1 F4506.7 X84.523 Y93.993 E2365.55092
G1 F4437.1 X84.134 Y93.57 E2365.57256
G1 X83.581 Y93.204 E2365.59754
G1 F4466.7 X83.08 Y93.005 E2365.61771
G1 F4456.8 X82.407 Y92.882 E2365.64337
G1 X81.858 Y92.908 E2365.66398
G1 F4437.1 X81.199 Y93.061 E2365.68946
G1 F4417.6 X80.592 Y93.394 E2365.71566
G1 F4437.1 X80.108 Y93.833 E2365.74027
G1 F4446.9 X79.761 Y94.302 E2365.7622
G1 F4407.9 X79.51 Y94.901 E2365.78682
G1 F4456.8 X79.396 Y95.43 E2365.80711
G1 F4476.6 X79.388 Y95.971 E2365.82731
G1 F4456.8 X79.45 Y96.381 E2365.84286
M204 S5000
M205 X30 Y30
G0 F7200 X80.317 Y96.037
M204 S3000
M205 X20 Y20
;TYPE:WALL-OUTER
G1 F2040 X80.315 Y95.501 E2365.86515
G1 X80.32 Y95.45 E2365.86728
G1 X80.479 Y94.917 E2365.8904
G1 X80.799 Y94.442 E2365.91422
G1 X81.036 Y94.222 E2365.92766
G1 X81.47 Y93.959 E2365.94876
G1 X81.771 Y93.857 E2365.96197
G1 X82.291 Y93.8 E2365.98372
G1 X82.621 Y93.833 E2365.99751
G1 X83.115 Y93.999 E2366.01917
G1 X83.42 Y94.186 E2366.03405
G1 X83.801 Y94.556 E2366.05613
G1 X84.069 Y95.041 E2366.07917
G1 X84.195 Y95.585 E2366.10238
G1 X84.197 Y95.901 E2366.11552
G1 X84.077 Y96.441 E2366.13852
G1 X83.805 Y96.934 E2366.16193
G1 X83.393 Y97.335 E2366.18583
G1 X83.134 Y97.492 E2366.19842
G1 X82.612 Y97.669 E2366.22134
G1 X82.275 Y97.699 E2366.2354
G1 X81.719 Y97.628 E2366.25871
G1 X81.229 Y97.418 E2366.28087
G1 X80.806 Y97.064 E2366.3038
G1 X80.478 Y96.579 E2366.32815
G1 X80.317 Y96.037 E2366.35165
M204 S5000
M205 X30 Y30
G0 F7200 X80.317 Y95.837
G0 X79.615 Y95.837
G0 X78.923 Y95.377
M204 S3000
M205 X20 Y20
G1 F2040 X78.912 Y96.003 E2366.37768
G1 X78.985 Y96.491 E2366.3982
G1 X79.185 Y97.103 E2366.42497
G1 X79.491 Y97.643 E2366.45077
G1 X79.812 Y98.041 E2366.47203
G1 X80.282 Y98.461 E2366.49823
G1 X80.533 Y98.625 E2366.5107
G1 X81.106 Y98.895 E2366.53703
G1 X81.765 Y99.08 E2366.56549
G1 X82.53 Y99.087 E2366.5973
G1 X83.15 Y98.973 E2366.62351
G1 X83.785 Y98.744 E2366.65157
G1 X84.418 Y98.302 E2366.68367
G1 X84.857 Y97.848 E2366.70993
G1 X85.238 Y97.297 E2366.73778
G1 X85.499 Y96.56 E2366.77028
G1 X85.559 Y96.261 E2366.78296
G1 X85.595 Y95.627 E2366.80936
G1 X85.539 Y95.129 E2366.8302
G1 X85.363 Y94.517 E2366.85667
G1 X85.24 Y94.244 E2366.86912
G1 X84.902 Y93.707 E2366.8955
G1 X84.449 Y93.202 E2366.92371
G1 X83.8 Y92.782 E2366.95585
G1 X83.223 Y92.548 E2366.98173
G1 X82.562 Y92.4 E2367.00989
G1 X81.791 Y92.433 E2367.04198
G1 X81.189 Y92.578 E2367.06772
G1 X80.891 Y92.691 E2367.08097
G1 X80.312 Y93 E2367.10826
G1 X79.756 Y93.514 E2367.13974
G1 X79.341 Y94.061 E2367.16828
G1 X79.052 Y94.76 E2367.19973
G1 X78.923 Y95.377 E2367.22594
M204 S5000
M205 X30 Y30
G0 F7200 X78.92 Y95.577
G1 F1500 E2360.72594
G0 F7200 X79.619 Y95.59
G0 X80.42 Y98.289
G0 X80.085 Y99.425
G0 X79.674 Y111.357
G0 X80.308 Y112.297
G0 X79.839 Y113.661
G1 F1500 E2367.22594
G0 F7200 X79.619 Y113.563
M204 S3000
M205 X20 Y20
;TYPE:WALL-INNER
G1 F4496.6 X79.427 Y114.22 E2367.25138
G1 F4456.8 X79.382 Y114.751 E2367.27136
G1 X79.429 Y115.287 E2367.29154
G1 X79.54 Y115.697 E2367.30747
G1 F4427.3 X79.768 Y116.19 E2367.32797
G1 F4466.7 X80.085 Y116.638 E2367.34851
G1 F4476.6 X80.591 Y117.092 E2367.37389
G1 F4446.9 X81.065 Y117.361 E2367.39437
G1 F4466.7 X81.574 Y117.541 E2367.41457
G1 F4456.8 X81.997 Y117.607 E2367.43063
G1 F4437.1 X82.673 Y117.607 E2367.45609
G1 F4446.9 X83.319 Y117.413 E2367.48144
G1 F4427.3 X83.838 Y117.157 E2367.50329
G1 X84.329 Y116.727 E2367.52793
G1 F4446.9 X84.664 Y116.297 E2367.54841
G1 F4476.6 X84.968 Y115.675 E2367.57426
G1 F4496.6 X85.125 Y115.01 E2367.59966
G1 F4476.6 X85.091 Y114.345 E2367.62452
G1 X84.919 Y113.686 E2367.64994
G1 X84.663 Y113.198 E2367.67052
G1 F4446.9 X84.325 Y112.769 E2367.69105
G1 F4456.8 X83.807 Y112.335 E2367.71639
G1 X83.316 Y112.086 E2367.73703
G1 F4476.6 X82.792 Y111.93 E2367.75744
G1 F4506.7 X82.372 Y111.881 E2367.77313
G1 F4466.7 X81.835 Y111.912 E2367.79325
G1 F4456.8 X81.313 Y112.038 E2367.81339
G1 F4466.7 X80.819 Y112.264 E2367.83372
G1 F4476.6 X80.469 Y112.497 E2367.84941
G1 F4456.8 X79.989 Y112.964 E2367.87453
G1 X79.619 Y113.563 E2367.90093
M204 S5000
M205 X30 Y30
G0 F7200 X79.839 Y113.661
G0 X79.633 Y115.195
G0 X79.847 Y115.132
M204 S3000
M205 X20 Y20
G1 F4516.9 X79.843 Y114.501 E2367.92428
G1 X79.864 Y114.317 E2367.93113
G1 F4496.6 X80.041 Y113.722 E2367.95421
G1 F4486.6 X80.387 Y113.194 E2367.97772
G1 X80.74 Y112.851 E2367.99606
G1 F4537.2 X81.276 Y112.531 E2368.01905
G1 F4557.8 X81.658 Y112.401 E2368.03385
G1 F4537.2 X82.351 Y112.327 E2368.05952
G1 F4506.7 X82.706 Y112.367 E2368.07277
G1 F4547.5 X83.351 Y112.59 E2368.09785
G1 F4537.2 X83.717 Y112.817 E2368.11372
G1 F4527 X84.211 Y113.307 E2368.1394
G1 F4537.2 X84.524 Y113.9 E2368.1641
G1 F4496.6 X84.653 Y114.455 E2368.18528
G1 X84.668 Y114.954 E2368.20384
G1 F4537.2 X84.526 Y115.623 E2368.22903
G1 F4578.6 X84.167 Y116.235 E2368.25493
G1 F4568.2 X83.727 Y116.674 E2368.27767
G1 F4547.5 X83.309 Y116.936 E2368.2958
G1 F4537.2 X82.712 Y117.136 E2368.31899
G1 F4527 X82.224 Y117.169 E2368.33705
G1 F4516.9 X81.672 Y117.106 E2368.35761
G1 X80.953 Y116.806 E2368.38643
G1 X80.427 Y116.359 E2368.41198
G1 F4527 X80.067 Y115.817 E2368.436
G1 X79.847 Y115.132 E2368.46256
M204 S5000
M205 X30 Y30
G0 F7200 X80.478 Y115.581
M204 S3000
M205 X20 Y20
;TYPE:WALL-OUTER
G1 F2040 X80.316 Y115.023 E2368.48672
G1 X80.315 Y114.501 E2368.50842
G1 X80.322 Y114.437 E2368.51109
G1 X80.479 Y113.925 E2368.53336
G1 X80.763 Y113.485 E2368.55513
G1 X81.019 Y113.233 E2368.57007
G1 X81.471 Y112.959 E2368.59204
G1 X81.77 Y112.858 E2368.60516
G1 X82.289 Y112.8 E2368.62687
G1 X82.637 Y112.837 E2368.64142
G1 X83.136 Y113.008 E2368.66335
G1 X83.393 Y113.165 E2368.67588
G1 X83.795 Y113.553 E2368.6991
G1 X84.077 Y114.059 E2368.72319
G1 X84.197 Y114.601 E2368.74627
G1 X84.196 Y114.91 E2368.75911
G1 X84.075 Y115.448 E2368.78204
G1 X83.796 Y115.946 E2368.80577
G1 X83.415 Y116.318 E2368.82791
G1 X83.132 Y116.494 E2368.84177
G1 X82.603 Y116.671 E2368.86496
G1 X82.275 Y116.699 E2368.87864
G1 X81.746 Y116.64 E2368.90077
G1 X81.238 Y116.421 E2368.92377
G1 X80.79 Y116.047 E2368.94804
G1 X80.478 Y115.581 E2368.97135
M204 S5000
M205 X30 Y30
G0 F7200 X80.423 Y115.389
G0 X79.752 Y115.59
G0 X78.903 Y114.751
M204 S3000
M205 X20 Y20
G1 F2040 X78.961 Y115.37 E2368.9972
G1 X79.09 Y115.859 E2369.01822
G1 X79.354 Y116.43 E2369.04438
G1 X79.802 Y117.056 E2369.07638
G1 X80.32 Y117.485 E2369.10435
G1 X80.867 Y117.798 E2369.13055
G1 X81.458 Y118.001 E2369.15653
G1 X81.959 Y118.085 E2369.17765
G1 X82.587 Y118.082 E2369.20376
G1 X82.885 Y118.038 E2369.21628
G1 X83.493 Y117.858 E2369.24264
G1 X84.105 Y117.558 E2369.27098
G1 X84.677 Y117.056 E2369.30262
G1 X85.064 Y116.559 E2369.32881
G1 X85.307 Y116.111 E2369.35
G1 X85.421 Y115.816 E2369.36315
G1 X85.567 Y115.209 E2369.3891
G1 X85.595 Y114.91 E2369.40159
G1 X85.565 Y114.282 E2369.42773
G1 X85.422 Y113.627 E2369.4556
G1 X85.065 Y112.939 E2369.48782
G1 X84.675 Y112.444 E2369.51402
G1 X84.183 Y111.996 E2369.54169
G1 X83.493 Y111.641 E2369.57395
G1 X82.887 Y111.465 E2369.60018
G1 X82.387 Y111.406 E2369.62112
G1 X81.766 Y111.438 E2369.64697
G1 X81.157 Y111.587 E2369.67303
G1 X80.586 Y111.847 E2369.69912
G1 X80.17 Y112.127 E2369.71997
G1 X79.612 Y112.662 E2369.75211
G1 X79.257 Y113.25 E2369.78066
G1 X79.136 Y113.522 E2369.79304
G1 X78.96 Y114.131 E2369.8194
G1 X78.903 Y114.751 E2369.84528
M204 S5000
M205 X30 Y30
G0 F7200 X78.921 Y114.95
G1 F1500 E2363.34528
G0 F7200 X79.617 Y114.886
G0 X80.614 Y116.216
G0 X81.694 Y116.875
G0 X83.23 Y116.714
G0 X85.376 Y114.905
G0 X86.508 Y114.852
G0 X133.492 Y114.648
G0 X134.624 Y114.595
G1 F1500 E2369.84528
G0 F7200 X134.88 Y114.601
M204 S3000
M205 X20 Y20
;TYPE:WALL-INNER
G1 F4466.7 X134.908 Y115.154 E2369.866
G1 F4476.6 X135.081 Y115.814 E2369.89147
G1 F4466.7 X135.336 Y116.302 E2369.91207
G1 F4437.1 X135.675 Y116.731 E2369.93267
G1 F4456.8 X136.194 Y117.165 E2369.95804
G1 F4466.7 X136.684 Y117.414 E2369.97861
G1 F4476.6 X137.208 Y117.57 E2369.99902
G1 F4496.6 X137.628 Y117.62 E2370.01474
G1 F4466.7 X138.165 Y117.588 E2370.03487
G1 F4446.9 X138.687 Y117.462 E2370.05505
G1 F4476.6 X139.182 Y117.239 E2370.07532
G1 F4466.7 X139.529 Y117.001 E2370.09106
G1 F4407.9 X140.011 Y116.536 E2370.11646
G1 F4437.1 X140.383 Y115.929 E2370.14328
G1 F4486.6 X140.573 Y115.28 E2370.16847
G1 F4456.8 X140.618 Y114.749 E2370.18845
G1 X140.572 Y114.214 E2370.20859
G1 X140.457 Y113.8 E2370.2247
G1 F4437.1 X140.232 Y113.31 E2370.24501
G1 F4466.7 X139.916 Y112.862 E2370.26552
G1 F4476.6 X139.409 Y112.408 E2370.29093
G1 X138.937 Y112.134 E2370.31131
G1 F4506.7 X138.426 Y111.959 E2370.33134
G1 F4476.6 X138.003 Y111.893 E2370.34732
G1 F4456.8 X137.327 Y111.893 E2370.37267
G1 X136.681 Y112.087 E2370.39797
G1 F4427.3 X136.162 Y112.343 E2370.41981
G1 X135.671 Y112.773 E2370.44445
G1 F4446.9 X135.336 Y113.203 E2370.46494
G1 F4466.7 X135.032 Y113.825 E2370.49084
G1 F4476.6 X134.903 Y114.369 E2370.51172
G1 F4466.7 X134.88 Y114.601 E2370.52044
M204 S5000
M205 X30 Y30
G0 F7200 X135.33 Y114.614
M204 S3000
M205 X20 Y20
G1 F4466.7 X135.346 Y114.455 E2370.52642
G1 F4496.6 X135.478 Y113.873 E2370.5486
G1 F4547.5 X135.834 Y113.265 E2370.5745
G1 F4537.2 X136.274 Y112.827 E2370.59736
G1 F4527 X136.66 Y112.584 E2370.6142
G1 F4506.7 X137.304 Y112.365 E2370.63943
G1 X137.775 Y112.331 E2370.65694
G1 F4516.9 X138.325 Y112.394 E2370.67743
G1 X138.785 Y112.558 E2370.6955
G1 F4537.2 X139.294 Y112.879 E2370.71766
G1 X139.553 Y113.125 E2370.73082
G1 F4527 X139.946 Y113.69 E2370.75623
G1 F4537.2 X140.153 Y114.373 E2370.78252
G1 X140.154 Y115.134 E2370.81055
G1 F4506.7 X139.946 Y115.799 E2370.83639
G1 F4496.6 X139.577 Y116.361 E2370.86138
G1 F4516.9 X138.971 Y116.846 E2370.8901
G1 F4547.5 X138.354 Y117.097 E2370.91458
G1 F4537.2 X137.649 Y117.173 E2370.9407
G1 F4496.6 X137.294 Y117.133 E2370.95398
G1 F4537.2 X136.649 Y116.91 E2370.97912
G1 F4527 X136.334 Y116.722 E2370.99266
G1 F4516.9 X135.802 Y116.201 E2371.02021
G1 F4527 X135.485 Y115.632 E2371.04426
G1 F4476.6 X135.352 Y115.076 E2371.0656
G1 F4466.7 X135.33 Y114.614 E2371.08291
M204 S5000
M205 X30 Y30
G0 F7200 X135.804 Y114.614
M204 S3000
M205 X20 Y20
;TYPE:WALL-OUTER
G1 F2040 X135.923 Y114.053 E2371.10675
G1 X136.204 Y113.555 E2371.13053
G1 X136.585 Y113.182 E2371.15269
G1 X136.868 Y113.007 E2371.16653
G1 X137.362 Y112.838 E2371.18823
G1 X137.696 Y112.798 E2371.20222
G1 X138.224 Y112.856 E2371.2243
G1 X138.507 Y112.949 E2371.23669
G1 X138.964 Y113.222 E2371.25882
G1 X139.21 Y113.45 E2371.27276
G1 X139.52 Y113.921 E2371.29621
G1 X139.685 Y114.477 E2371.32032
G1 X139.685 Y115.022 E2371.34298
G1 X139.522 Y115.575 E2371.36695
G1 X139.208 Y116.052 E2371.39069
G1 X138.771 Y116.418 E2371.41439
G1 X138.242 Y116.641 E2371.43825
G1 X137.711 Y116.7 E2371.46047
G1 X137.385 Y116.668 E2371.47409
G1 X136.864 Y116.491 E2371.49696
G1 X136.607 Y116.334 E2371.50948
G1 X136.205 Y115.946 E2371.53271
G1 X135.924 Y115.441 E2371.55674
G1 X135.804 Y114.899 E2371.57982
G1 X135.804 Y114.614 E2371.59167
M204 S5000
M205 X30 Y30
G0 F7200 X135.845 Y114.419
G0 X135.16 Y114.266
G0 X134.433 Y114.292
M204 S3000
M205 X20 Y20
G1 F2040 X134.405 Y114.59 E2371.60411
G1 X134.435 Y115.217 E2371.63021
G1 X134.578 Y115.872 E2371.65808
G1 X134.934 Y116.561 E2371.69032
G1 X135.325 Y117.057 E2371.71658
G1 X135.818 Y117.505 E2371.74428
G1 X136.507 Y117.859 E2371.77648
G1 X137.113 Y118.035 E2371.80272
G1 X137.613 Y118.095 E2371.82365
G1 X138.234 Y118.062 E2371.84951
G1 X138.843 Y117.913 E2371.87558
G1 X139.414 Y117.653 E2371.90166
G1 X139.83 Y117.373 E2371.92251
G1 X140.388 Y116.838 E2371.95465
G1 X140.743 Y116.25 E2371.9832
G1 X140.864 Y115.978 E2371.99558
G1 X141.041 Y115.369 E2372.02195
G1 X141.097 Y114.749 E2372.04783
G1 X141.04 Y114.13 E2372.07367
G1 X140.907 Y113.637 E2372.0949
G1 X140.646 Y113.07 E2372.12085
G1 X140.196 Y112.441 E2372.15301
G1 X139.681 Y112.015 E2372.18079
G1 X139.133 Y111.701 E2372.20705
G1 X138.542 Y111.499 E2372.23302
G1 X138.041 Y111.416 E2372.25413
G1 X137.413 Y111.418 E2372.28024
G1 X137.115 Y111.462 E2372.29276
G1 X136.507 Y111.642 E2372.31913
G1 X135.895 Y111.942 E2372.34746
G1 X135.323 Y112.444 E2372.3791
G1 X134.936 Y112.941 E2372.40529
G1 X134.692 Y113.39 E2372.42654
G1 X134.579 Y113.684 E2372.43963
G1 X134.433 Y114.292 E2372.46563
M204 S5000
M205 X30 Y30
G0 F7200 X134.415 Y114.491
G1 F1500 E2365.96563
G0 F7200 X135.11 Y114.555
G0 X136.154 Y112.058
G0 X135.656 Y111.04
G0 X135.562 Y99.408
G0 X136.112 Y98.417
G0 X135.104 Y95.66
G1 F1500 E2372.46563
G0 F7200 X134.88 Y95.651
M204 S3000
M205 X20 Y20
;TYPE:WALL-INNER
G1 F4466.7 X134.913 Y96.18 E2372.48546
G1 F4476.6 X135.041 Y96.698 E2372.50538
G1 F4456.8 X135.219 Y97.1 E2372.52187
G1 X135.513 Y97.551 E2372.54206
G1 F4486.6 X135.897 Y97.941 E2372.56245
G1 F4476.6 X136.479 Y98.326 E2372.5885
G1 X136.979 Y98.513 E2372.60843
G1 F4456.8 X137.511 Y98.612 E2372.62872
G1 F4437.1 X138.048 Y98.602 E2372.64895
G1 F4456.8 X138.472 Y98.531 E2372.66507
G1 F4466.7 X138.978 Y98.343 E2372.68527
G1 F4427.3 X139.446 Y98.065 E2372.70582
G1 F4446.9 X139.771 Y97.79 E2372.72182
G1 F4437.1 X140.113 Y97.377 E2372.74202
G1 F4466.7 X140.382 Y96.9 E2372.76251
G1 X140.518 Y96.5 E2372.77832
G1 F4437.1 X140.613 Y95.96 E2372.79897
G1 F4466.7 X140.605 Y95.426 E2372.81896
G1 F4446.9 X140.488 Y94.898 E2372.83928
G1 F4456.8 X140.336 Y94.498 E2372.85533
G1 F4506.7 X139.975 Y93.911 E2372.88088
G1 F4496.6 X139.485 Y93.46 E2372.90564
G1 F4446.9 X139.164 Y93.253 E2372.91999
G1 X138.67 Y93.03 E2372.94036
G1 F4456.8 X138.136 Y92.908 E2372.9609
G1 F4466.7 X137.714 Y92.878 E2372.97673
G1 F4506.7 X137.177 Y92.935 E2372.99676
G1 F4476.6 X136.662 Y93.095 E2373.01689
G1 X136.184 Y93.344 E2373.03702
G1 F4466.7 X135.843 Y93.607 E2373.05313
G1 F4476.6 X135.391 Y94.086 E2373.07772
G1 F4506.7 X135.075 Y94.707 E2373.10356
G1 F4466.7 X134.953 Y95.115 E2373.11949
G1 F4446.9 X134.88 Y95.651 E2373.13982
M204 S5000
M205 X30 Y30
G0 F7200 X135.104 Y95.66
G0 X135.513 Y94.818
M204 S3000
M205 X20 Y20
G1 F4496.6 X135.806 Y94.296 E2373.16207
G1 F4516.9 X136.312 Y93.797 E2373.18837
G1 F4547.5 X136.645 Y93.593 E2373.20272
G1 F4537.2 X137.221 Y93.386 E2373.22527
G1 F4506.7 X137.714 Y93.325 E2373.24369
G1 F4547.5 X138.336 Y93.398 E2373.26671
G1 F4589 X138.719 Y93.527 E2373.28142
G1 F4537.2 X139.212 Y93.816 E2373.30248
G1 F4496.6 X139.598 Y94.168 E2373.32189
G1 F4506.7 X139.938 Y94.698 E2373.34524
G1 F4496.6 X140.159 Y95.462 E2373.3748
G1 F4516.9 X140.159 Y96.077 E2373.39756
G1 F4537.2 X139.957 Y96.774 E2373.42429
G1 F4547.5 X139.546 Y97.391 E2373.45154
G1 X139.048 Y97.803 E2373.47529
G1 F4527 X138.36 Y98.099 E2373.50294
G1 F4516.9 X137.776 Y98.169 E2373.52471
G1 F4527 X137.235 Y98.126 E2373.54474
G1 F4506.7 X136.628 Y97.902 E2373.56874
G1 X136.326 Y97.714 E2373.58193
G1 F4516.9 X135.825 Y97.237 E2373.60753
G1 F4506.7 X135.476 Y96.608 E2373.6342
G1 F4496.6 X135.347 Y96.045 E2373.65567
G1 X135.331 Y95.614 E2373.6717
G1 F4506.7 X135.513 Y94.818 E2373.70198
M204 S5000
M205 X30 Y30
G0 F7200 X135.809 Y95.559
M204 S3000
M205 X20 Y20
;TYPE:WALL-OUTER
G1 F2040 X135.927 Y95.049 E2373.72375
G1 X136.201 Y94.554 E2373.74727
G1 X136.62 Y94.157 E2373.77127
G1 X136.863 Y94.01 E2373.78307
G1 X137.36 Y93.838 E2373.80494
G1 X137.713 Y93.799 E2373.8197
G1 X138.228 Y93.856 E2373.84125
G1 X138.527 Y93.957 E2373.85437
G1 X139.003 Y94.251 E2373.87763
G1 X139.222 Y94.464 E2373.89033
G1 X139.516 Y94.913 E2373.91264
G1 X139.686 Y95.468 E2373.93677
G1 X139.683 Y96.042 E2373.96064
G1 X139.512 Y96.595 E2373.9847
G1 X139.212 Y97.046 E2374.00722
G1 X138.766 Y97.419 E2374.0314
G1 X138.248 Y97.642 E2374.05484
G1 X137.725 Y97.699 E2374.07672
G1 X137.389 Y97.669 E2374.09074
G1 X136.889 Y97.502 E2374.11266
G1 X136.604 Y97.332 E2374.12645
G1 X136.193 Y96.93 E2374.15036
G1 X135.93 Y96.457 E2374.17286
G1 X135.804 Y95.902 E2374.19652
G1 X135.804 Y95.614 E2374.20849
G1 X135.809 Y95.559 E2374.21079
M204 S5000
M205 X30 Y30
G0 F7200 X135.854 Y95.364
G0 X135.172 Y95.211
G0 X134.441 Y96.253
M204 S3000
M205 X20 Y20
G1 F2040 X134.591 Y96.851 E2374.23642
G1 X134.797 Y97.329 E2374.25806
G1 X135.143 Y97.85 E2374.28406
G1 X135.585 Y98.302 E2374.31034
G1 X136.128 Y98.698 E2374.33829
G1 X136.851 Y98.974 E2374.37046
G1 X137.471 Y99.087 E2374.39666
G1 X138.094 Y99.08 E2374.42256
G1 X138.595 Y98.989 E2374.44373
G1 X139.184 Y98.776 E2374.46977
G1 X139.724 Y98.454 E2374.49591
G1 X140.11 Y98.126 E2374.51697
G1 X140.508 Y97.648 E2374.54283
G1 X140.815 Y97.095 E2374.56913
G1 X140.982 Y96.62 E2374.59006
G1 X141.089 Y95.996 E2374.61638
G1 X141.078 Y95.372 E2374.64233
G1 X140.947 Y94.76 E2374.66835
G1 X140.762 Y94.287 E2374.68947
G1 X140.434 Y93.748 E2374.7157
G1 X140.241 Y93.513 E2374.72834
G1 X139.778 Y93.085 E2374.75456
G1 X139.393 Y92.833 E2374.77369
G1 X138.821 Y92.579 E2374.79971
G1 X138.206 Y92.434 E2374.82598
G1 X137.703 Y92.403 E2374.84693
G1 X137.082 Y92.47 E2374.8729
G1 X136.481 Y92.654 E2374.89903
G1 X135.928 Y92.942 E2374.92495
G1 X135.522 Y93.252 E2374.94619
G1 X135.091 Y93.715 E2374.97249
G1 X134.919 Y93.962 E2374.985
G1 X134.634 Y94.529 E2375.01138
G1 X134.485 Y95.012 E2375.0324
G1 X134.404 Y95.634 E2375.05848
G1 X134.441 Y96.253 E2375.08426
M204 S5000
M205 X30 Y30
G0 F7200 X134.489 Y96.447
G1 F1500 E2368.58426
;MESH:NONMESH
G0 F600 X134.489 Y96.447 Z2.7
G0 F7200 X135.167 Y96.277
G0 X133.493 Y95.708
G0 X86.508 Y95.7
G0 X85.377 Y95.635
G0 X83.549 Y93.983
G0 X82.303 Y93.557
G0 X80.867 Y94.047
G0 X79.621 Y95.451
G1 F1500 E2375.08426
G0 F7200 X79.122 Y95.406
;TIME_ELAPSED:2221.774637
;LAYER:12
M204 S3000
M205 X20 Y20
;TYPE:WALL-OUTER
;MESH:Pi Holder.stl
G1 F2040 X79.128 Y96.147 E2375.11506
G1 X79.26 Y96.735 E2375.14012
G1 X79.5 Y97.282 E2375.16495
G1 X79.94 Y97.885 E2375.19599
G1 X80.388 Y98.29 E2375.2211
G1 X80.631 Y98.451 E2375.23322
G1 X81.189 Y98.712 E2375.25883
G1 X81.605 Y98.83 E2375.2768
G1 X82.214 Y98.899 E2375.30229
G1 X82.5 Y98.889 E2375.31418
G1 X83.103 Y98.778 E2375.33967
G1 X83.789 Y98.497 E2375.37049
G1 X84.281 Y98.156 E2375.39538
G1 X84.704 Y97.719 E2375.42067
G1 X85.098 Y97.091 E2375.45149
G1 X85.3 Y96.527 E2375.4764
G1 X85.392 Y95.926 E2375.50168
G1 X85.347 Y95.192 E2375.53225
G1 X85.182 Y94.603 E2375.55768
G1 X85.063 Y94.337 E2375.56979
G1 X84.739 Y93.826 E2375.59495
G1 X84.217 Y93.293 E2375.62597
G1 X83.714 Y92.962 E2375.651
G1 X83.158 Y92.738 E2375.67592
G1 X82.424 Y92.607 E2375.70692
G1 X81.821 Y92.631 E2375.73201
G1 X81.531 Y92.686 E2375.74428
G1 X80.954 Y92.882 E2375.76962
G1 X80.345 Y93.242 E2375.79903
G1 X79.907 Y93.648 E2375.82386
G1 X79.478 Y94.258 E2375.85486
G1 X79.246 Y94.81 E2375.87976
G1 X79.122 Y95.406 E2375.90507
M204 S5000
M205 X30 Y30
G0 F7200 X79.123 Y95.606
G0 X79.821 Y95.024
G0 X80.031 Y96.98
G0 X80.478 Y96.582
M204 S3000
M205 X20 Y20
G1 F2040 X80.315 Y96.023 E2375.92928
G1 X80.315 Y95.501 E2375.95098
G1 X80.32 Y95.45 E2375.95311
G1 X80.477 Y94.93 E2375.97569
G1 X80.768 Y94.478 E2375.99804
G1 X80.996 Y94.252 E2376.01139
G1 X81.447 Y93.971 E2376.03348
G1 X81.786 Y93.854 E2376.04839
G1 X82.293 Y93.8 E2376.06959
G1 X82.61 Y93.831 E2376.08283
G1 X83.115 Y93.999 E2376.10496
G1 X83.387 Y94.16 E2376.1181
G1 X83.799 Y94.554 E2376.1418
G1 X84.07 Y95.043 E2376.16504
G1 X84.196 Y95.598 E2376.1887
G1 X84.194 Y95.925 E2376.2023
G1 X84.077 Y96.442 E2376.22434
G1 X83.799 Y96.947 E2376.2483
G1 X83.393 Y97.335 E2376.27165
G1 X83.117 Y97.5 E2376.28502
G1 X82.612 Y97.668 E2376.30715
G1 X82.312 Y97.7 E2376.31969
G1 X81.749 Y97.638 E2376.34324
G1 X81.233 Y97.418 E2376.36656
G1 X80.805 Y97.063 E2376.38968
G1 X80.478 Y96.582 E2376.41386
M204 S5000
M205 X30 Y30
G0 F7200 X80.422 Y96.39
G0 X79.881 Y96.535
G0 X79.821 Y95.024
G0 X79.719 Y95.465
M204 S3000
M205 X20 Y20
;TYPE:WALL-INNER
G1 F2908.8 X79.723 Y96.079 E2376.44914
G1 F2871.4 X79.837 Y96.545 E2376.47706
G1 F2847 X80.024 Y96.982 E2376.50497
G1 F2883.8 X80.385 Y97.485 E2376.54085
G1 F2892.1 X80.895 Y97.912 E2376.57929
G1 F2867.3 X81.4 Y98.146 E2376.61173
G1 F2871.4 X81.726 Y98.241 E2376.63149
G1 F2883.8 X82.338 Y98.309 E2376.66718
G1 F2867.3 X82.933 Y98.198 E2376.70246
G1 F2871.4 X83.502 Y97.969 E2376.73816
G1 X83.89 Y97.695 E2376.76581
G1 F2883.8 X84.233 Y97.35 E2376.794
G1 F2887.9 X84.554 Y96.827 E2376.82952
G1 F2851.1 X84.711 Y96.378 E2376.8574
G1 F2867.3 X84.793 Y95.9 E2376.88567
G1 F2871.4 X84.749 Y95.293 E2376.92109
G1 X84.616 Y94.798 E2376.95093
G1 F2904.6 X84.271 Y94.197 E2376.9908
G1 F2913 X83.831 Y93.752 E2377.0267
G1 F2908.8 X83.436 Y93.493 E2377.05384
G1 F2875.5 X82.991 Y93.321 E2377.08157
G1 F2871.4 X82.383 Y93.206 E2377.11759
G1 F2892.1 X81.684 Y93.265 E2377.15813
G1 F2896.3 X81.204 Y93.426 E2377.18734
G1 F2892.1 X80.704 Y93.724 E2377.22098
G1 F2887.9 X80.329 Y94.069 E2377.25047
G1 F2892.1 X79.998 Y94.562 E2377.28479
G1 F2863.2 X79.826 Y94.99 E2377.31171
G1 F2871.4 X79.719 Y95.465 E2377.34005
M204 S5000
M205 X30 Y30
G1 F1500 E2370.84005
G0 F7200 X79.821 Y95.024
G0 X80.098 Y97.735
G0 X79.341 Y98.578
G0 X79.257 Y112.008
G0 X80.315 Y114.477
M204 S3000
M205 X20 Y20
;TYPE:WALL-OUTER
G1 F1500 E2377.34005
G1 F2040 X80.486 Y113.91 E2377.36467
G1 X80.768 Y113.478 E2377.38612
G1 X81.021 Y113.232 E2377.40079
G1 X81.492 Y112.95 E2377.42362
G1 X81.776 Y112.856 E2377.43605
G1 X82.276 Y112.801 E2377.45697
G1 X82.613 Y112.832 E2377.47104
G1 X83.137 Y113.009 E2377.49403
G1 X83.41 Y113.177 E2377.50736
G1 X83.796 Y113.553 E2377.52976
G1 X84.074 Y114.05 E2377.55344
G1 X84.197 Y114.601 E2377.57691
G1 X84.195 Y114.923 E2377.5903
G1 X84.077 Y115.441 E2377.61238
G1 X83.797 Y115.947 E2377.63643
G1 X83.394 Y116.335 E2377.65969
G1 X83.131 Y116.494 E2377.67246
G1 X82.637 Y116.663 E2377.69417
G1 X82.275 Y116.699 E2377.70929
G1 X81.748 Y116.64 E2377.73134
G1 X81.237 Y116.42 E2377.75447
G1 X80.786 Y116.042 E2377.77894
G1 X80.478 Y115.581 E2377.80199
G1 X80.315 Y115.024 E2377.82611
G1 X80.315 Y114.477 E2377.84886
M204 S5000
M205 X30 Y30
G0 F7200 X80.372 Y114.286
G0 X79.665 Y114.737
G0 X79.103 Y114.751
M204 S3000
M205 X20 Y20
G1 F2040 X79.16 Y115.352 E2377.87396
G1 X79.27 Y115.764 E2377.89168
G1 X79.524 Y116.322 E2377.91717
G1 X79.873 Y116.813 E2377.94222
G1 X80.422 Y117.314 E2377.97312
G1 X80.934 Y117.611 E2377.99773
G1 X81.514 Y117.809 E2378.02321
G1 X81.937 Y117.882 E2378.04105
G1 X82.546 Y117.885 E2378.06637
G1 X82.834 Y117.844 E2378.07847
G1 X83.426 Y117.67 E2378.10412
G1 X83.81 Y117.483 E2378.12188
G1 X84.309 Y117.132 E2378.14724
G1 X84.521 Y116.93 E2378.15942
G1 X84.9 Y116.445 E2378.18501
G1 X85.105 Y116.071 E2378.20274
G1 X85.307 Y115.5 E2378.22792
G1 X85.395 Y114.897 E2378.25326
G1 X85.365 Y114.295 E2378.27831
G1 X85.273 Y113.876 E2378.29615
G1 X85.049 Y113.308 E2378.32153
G1 X84.902 Y113.056 E2378.33366
G1 X84.524 Y112.576 E2378.35906
G1 X83.958 Y112.107 E2378.38963
G1 X83.416 Y111.825 E2378.41503
G1 X83.143 Y111.732 E2378.42702
G1 X82.536 Y111.616 E2378.45271
G1 X82.116 Y111.605 E2378.47018
G1 X81.51 Y111.691 E2378.49562
G1 X80.941 Y111.888 E2378.52066
G1 X80.312 Y112.27 E2378.55125
G1 X79.872 Y112.688 E2378.57649
G1 X79.518 Y113.187 E2378.60192
G1 X79.387 Y113.437 E2378.61366
G1 X79.159 Y114.149 E2378.64474
G1 X79.103 Y114.751 E2378.66987
M204 S5000
M205 X30 Y30
G0 F7200 X79.121 Y114.95
G0 X79.71 Y114.751
M204 S3000
M205 X20 Y20
;TYPE:WALL-INNER
G1 F2859.2 X79.747 Y115.224 E2378.69761
G1 F2917.3 X79.942 Y115.821 E2378.73359
G1 F2921.5 X80.321 Y116.415 E2378.7739
G1 F2879.7 X80.78 Y116.826 E2378.80966
G1 F2847 X81.186 Y117.058 E2378.83711
G1 F2859.2 X81.675 Y117.233 E2378.86747
G1 F2908.8 X82.299 Y117.293 E2378.90349
G1 X82.708 Y117.258 E2378.92707
G1 F2900.4 X83.325 Y117.069 E2378.96426
G1 F2875.5 X83.925 Y116.664 E2379.00633
G1 F2908.8 X84.261 Y116.31 E2379.03437
G1 F2921.5 X84.555 Y115.825 E2379.06682
G1 F2847 X84.717 Y115.355 E2379.096
G1 F2855.1 X84.794 Y114.869 E2379.12481
G1 F2863.2 X84.766 Y114.374 E2379.15375
G1 F2904.6 X84.623 Y113.833 E2379.18594
G1 F2900.4 X84.402 Y113.396 E2379.21416
G1 F2843 X84.09 Y112.999 E2379.24385
G1 F2867.3 X83.626 Y112.608 E2379.27921
G1 F2863.2 X83.178 Y112.382 E2379.3085
G1 F2892.1 X82.724 Y112.251 E2379.33581
G1 F2925.8 X82.255 Y112.196 E2379.36279
G1 F2900.4 X81.65 Y112.273 E2379.39793
G1 X81.196 Y112.43 E2379.42561
G1 F2904.6 X80.676 Y112.746 E2379.46062
G1 X80.324 Y113.08 E2379.48854
G1 X79.944 Y113.632 E2379.5271
G1 F2896.3 X79.749 Y114.269 E2379.56555
G1 F2859.2 X79.71 Y114.751 E2379.59381
M204 S5000
M205 X30 Y30
G1 F1500 E2373.09381
G0 F7200 X79.665 Y114.743
G0 X80.614 Y116.216
G0 X81.694 Y116.875
G0 X83.23 Y116.714
G0 X85.176 Y114.891
G0 X86.307 Y114.837
G0 X133.693 Y114.663
G0 X134.635 Y115.204
M204 S3000
M205 X20 Y20
;TYPE:WALL-OUTER
G1 F1500 E2379.59381
G1 F2040 X134.727 Y115.625 E2379.61173
G1 X134.951 Y116.192 E2379.63708
G1 X135.097 Y116.443 E2379.64915
G1 X135.476 Y116.924 E2379.67461
G1 X136.042 Y117.393 E2379.70517
G1 X136.584 Y117.675 E2379.73057
G1 X136.857 Y117.768 E2379.74256
G1 X137.464 Y117.884 E2379.76825
G1 X137.884 Y117.895 E2379.78572
G1 X138.49 Y117.809 E2379.81117
G1 X139.058 Y117.612 E2379.83616
G1 X139.688 Y117.231 E2379.86677
G1 X140.128 Y116.812 E2379.89203
G1 X140.482 Y116.313 E2379.91747
G1 X140.613 Y116.063 E2379.9292
G1 X140.841 Y115.351 E2379.96029
G1 X140.897 Y114.749 E2379.98542
G1 X140.839 Y114.149 E2380.01048
G1 X140.728 Y113.732 E2380.02842
G1 X140.477 Y113.178 E2380.05371
G1 X140.127 Y112.686 E2380.07881
G1 X139.578 Y112.186 E2380.10968
G1 X139.066 Y111.889 E2380.13429
G1 X138.486 Y111.691 E2380.15977
G1 X138.063 Y111.618 E2380.17762
G1 X137.454 Y111.616 E2380.20294
G1 X137.166 Y111.657 E2380.21503
G1 X136.574 Y111.831 E2380.24069
G1 X136.19 Y112.017 E2380.25843
G1 X135.691 Y112.368 E2380.28379
G1 X135.479 Y112.57 E2380.29596
G1 X135.1 Y113.055 E2380.32156
G1 X134.894 Y113.429 E2380.33931
G1 X134.694 Y114 E2380.36446
G1 X134.606 Y114.603 E2380.3898
G1 X134.635 Y115.204 E2380.41481
M204 S5000
M205 X30 Y30
G0 F7200 X134.677 Y115.399
G0 X135.222 Y115.283
G0 X135.804 Y114.899
M204 S3000
M205 X20 Y20
G1 F2040 X135.804 Y114.614 E2380.42666
G1 X135.806 Y114.577 E2380.4282
G1 X135.923 Y114.059 E2380.45028
G1 X136.204 Y113.554 E2380.47431
G1 X136.606 Y113.166 E2380.49753
G1 X136.869 Y113.006 E2380.51033
G1 X137.363 Y112.838 E2380.53203
G1 X137.67 Y112.801 E2380.54488
G1 X138.22 Y112.855 E2380.56786
G1 X138.552 Y112.969 E2380.58245
G1 X139.007 Y113.255 E2380.6048
G1 X139.232 Y113.477 E2380.61794
G1 X139.521 Y113.923 E2380.64003
G1 X139.685 Y114.476 E2380.66401
G1 X139.685 Y115.023 E2380.68675
G1 X139.525 Y115.573 E2380.71057
G1 X139.206 Y116.056 E2380.73463
G1 X138.768 Y116.418 E2380.75826
G1 X138.265 Y116.634 E2380.78102
G1 X137.725 Y116.699 E2380.80363
G1 X137.387 Y116.668 E2380.81774
G1 X136.863 Y116.491 E2380.84074
G1 X136.576 Y116.309 E2380.85487
G1 X136.205 Y115.947 E2380.87642
G1 X135.927 Y115.45 E2380.90009
G1 X135.804 Y114.899 E2380.92356
M204 S5000
M205 X30 Y30
G0 F7200 X135.804 Y114.699
G0 X135.283 Y114.145
M204 S3000
M205 X20 Y20
;TYPE:WALL-INNER
G1 F2863.2 X135.206 Y114.631 E2380.95229
G1 F2871.4 X135.234 Y115.125 E2380.98109
G1 F2896.3 X135.377 Y115.667 E2381.01343
G1 F2942.9 X135.742 Y116.313 E2381.05557
G1 F2896.3 X135.909 Y116.501 E2381.07008
G1 F2871.4 X136.374 Y116.892 E2381.10544
G1 F2863.2 X136.822 Y117.118 E2381.13473
G1 F2887.9 X137.276 Y117.249 E2381.16208
G1 F2925.8 X137.745 Y117.304 E2381.18905
G1 F2900.4 X138.35 Y117.227 E2381.2242
G1 F2863.2 X138.8 Y117.062 E2381.25217
G1 F2831 X139.319 Y116.748 E2381.28799
G1 F2863.2 X139.675 Y116.42 E2381.31624
G1 F2900.4 X140.054 Y115.872 E2381.35464
G1 F2908.8 X140.255 Y115.221 E2381.39378
G1 F2875.5 X140.29 Y114.749 E2381.42129
G1 F2859.2 X140.248 Y114.256 E2381.45021
G1 F2921.5 X140.058 Y113.679 E2381.48497
G1 F2930 X139.679 Y113.084 E2381.52521
G1 F2879.7 X139.221 Y112.674 E2381.56088
G1 F2887.9 X138.851 Y112.452 E2381.58585
G1 F2900.4 X138.313 Y112.265 E2381.61867
G1 F2908.8 X137.701 Y112.207 E2381.654
G1 F2913 X137.292 Y112.242 E2381.67755
G1 F2900.4 X136.675 Y112.431 E2381.71473
G1 F2871.4 X136.075 Y112.836 E2381.75687
G1 F2892.1 X135.739 Y113.19 E2381.78507
G1 F2900.4 X135.445 Y113.675 E2381.81775
G1 F2847 X135.283 Y114.145 E2381.84694
M204 S5000
M205 X30 Y30
G1 F1500 E2375.34694
G0 F7200 X135.239 Y114.147
G0 X136.302 Y112.205
G0 X135.807 Y111.185
G0 X136.025 Y99.423
G0 X135.809 Y95.559
M204 S3000
M205 X20 Y20
;TYPE:WALL-OUTER
G1 F1500 E2381.84694
G1 F2040 X135.924 Y95.057 E2381.86835
G1 X136.201 Y94.555 E2381.89219
G1 X136.6 Y94.171 E2381.91521
G1 X136.857 Y94.013 E2381.92775
G1 X137.361 Y93.838 E2381.94993
G1 X137.724 Y93.8 E2381.96511
G1 X138.228 Y93.856 E2381.98619
G1 X138.529 Y93.958 E2381.9994
G1 X139.004 Y94.251 E2382.02261
G1 X139.23 Y94.474 E2382.03581
G1 X139.521 Y94.918 E2382.05788
G1 X139.681 Y95.448 E2382.08089
G1 X139.681 Y96.05 E2382.10592
G1 X139.523 Y96.574 E2382.12868
G1 X139.202 Y97.057 E2382.15279
G1 X138.768 Y97.42 E2382.17631
G1 X138.244 Y97.64 E2382.19994
G1 X137.725 Y97.699 E2382.22165
G1 X137.389 Y97.669 E2382.23568
G1 X136.888 Y97.502 E2382.25763
G1 X136.612 Y97.338 E2382.27098
G1 X136.212 Y96.955 E2382.29401
G1 X135.921 Y96.433 E2382.31885
G1 X135.805 Y95.914 E2382.34096
G1 X135.804 Y95.614 E2382.35344
G1 X135.809 Y95.559 E2382.35573
M204 S5000
M205 X30 Y30
G0 F7200 X135.853 Y95.365
G0 X135.307 Y95.239
G0 X134.686 Y95.032
M204 S3000
M205 X20 Y20
G1 F2040 X134.632 Y95.32 E2382.36791
G1 X134.606 Y95.934 E2382.39346
G1 X134.637 Y96.22 E2382.40542
G1 X134.787 Y96.805 E2382.43053
G1 X134.961 Y97.21 E2382.44886
G1 X135.293 Y97.718 E2382.47409
G1 X135.718 Y98.153 E2382.49937
G1 X136.332 Y98.561 E2382.53002
G1 X136.893 Y98.779 E2382.55504
G1 X137.491 Y98.887 E2382.58031
G1 X138.226 Y98.86 E2382.61089
G1 X138.815 Y98.712 E2382.63614
G1 X139.356 Y98.456 E2382.66102
G1 X139.953 Y97.998 E2382.6923
G1 X140.15 Y97.787 E2382.7043
G1 X140.499 Y97.286 E2382.72969
G1 X140.737 Y96.737 E2382.75457
G1 X140.887 Y96.005 E2382.78563
G1 X140.88 Y95.404 E2382.81062
G1 X140.754 Y94.814 E2382.8357
G1 X140.453 Y94.138 E2382.86647
G1 X140.095 Y93.65 E2382.89163
G1 X139.651 Y93.24 E2382.91676
G1 X139.32 Y93.022 E2382.93323
G1 X138.766 Y92.771 E2382.95852
G1 X138.168 Y92.631 E2382.98405
G1 X137.746 Y92.603 E2383.00164
G1 X137.141 Y92.662 E2383.02691
G1 X136.56 Y92.838 E2383.05215
G1 X135.91 Y93.197 E2383.08302
G1 X135.681 Y93.379 E2383.09518
G1 X135.261 Y93.822 E2383.12056
G1 X134.94 Y94.334 E2383.14569
G1 X134.686 Y95.032 E2383.17657
M204 S5000
M205 X30 Y30
G0 F7200 X134.65 Y95.228
G0 X135.206 Y95.915
M204 S3000
M205 X20 Y20
;TYPE:WALL-INNER
G1 F2871.4 X135.231 Y96.112 E2383.18813
G1 F2879.7 X135.353 Y96.613 E2383.21805
G1 F2867.3 X135.496 Y96.923 E2383.23795
G1 X135.76 Y97.343 E2383.26687
G1 F2879.7 X136.103 Y97.688 E2383.2951
G1 X136.608 Y98.029 E2383.33047
G1 F2875.5 X137.057 Y98.196 E2383.35831
G1 F2863.2 X137.534 Y98.286 E2383.38665
G1 X138.141 Y98.26 E2383.42211
G1 F2847 X138.611 Y98.142 E2383.45056
G1 F2867.3 X139.076 Y97.931 E2383.48032
G1 F2879.7 X139.548 Y97.552 E2383.51545
G1 F2867.3 X139.971 Y96.991 E2383.55641
G1 F2855.1 X140.159 Y96.555 E2383.5842
G1 X140.286 Y95.948 E2383.6205
G1 F2871.4 X140.283 Y95.47 E2383.64833
G1 F2859.2 X140.177 Y95.002 E2383.67638
G1 F2843 X139.929 Y94.442 E2383.71238
G1 F2871.4 X139.649 Y94.049 E2383.74047
G1 F2887.9 X139.276 Y93.71 E2383.76964
G1 F2925.8 X138.772 Y93.42 E2383.80285
G1 F2973.4 X138.363 Y93.281 E2383.82714
G1 F2930 X137.755 Y93.203 E2383.8621
G1 F2896.3 X137.257 Y93.25 E2383.89097
G1 F2883.8 X136.795 Y93.395 E2383.91903
G1 X136.173 Y93.738 E2383.9602
G1 F2904.6 X135.734 Y94.189 E2383.99641
G1 F2938.6 X135.372 Y94.856 E2384.03957
G1 F2913 X135.231 Y95.388 E2384.07115
G1 F2871.4 X135.206 Y95.915 E2384.10186
M204 S5000
M205 X30 Y30
G1 F1500 E2377.60186
;MESH:NONMESH
G0 F600 X135.206 Y95.915 Z2.9
G0 F7200 X135.243 Y96.159
G0 X133.691 Y95.888
G0 X86.303 Y95.849
G0 X85.173 Y95.919
G0 X83.549 Y97.517
G0 X82.302 Y97.943
G0 X81.165 Y97.651
G0 X79.826 Y96.498
G1 F1500 E2384.10186
G0 F7200 X79.321 Y96.089
;TIME_ELAPSED:2230.917903
;LAYER:13
M204 S3000
M205 X20 Y20
;TYPE:WALL-OUTER
;MESH:Pi Holder.stl
G1 F2040 X79.447 Y96.662 E2384.12625
G1 X79.68 Y97.192 E2384.15032
G1 X80.064 Y97.728 E2384.17773
G1 X80.262 Y97.927 E2384.1894
G1 X80.739 Y98.28 E2384.21408
G1 X81.331 Y98.548 E2384.24109
G1 X81.903 Y98.677 E2384.26547
G1 X82.491 Y98.689 E2384.28992
G1 X82.767 Y98.652 E2384.3015
G1 X83.345 Y98.486 E2384.3265
G1 X83.659 Y98.339 E2384.34092
G1 X84.144 Y98.008 E2384.36533
G1 X84.558 Y97.581 E2384.39005
G1 X84.758 Y97.298 E2384.40446
G1 X85.019 Y96.769 E2384.42899
G1 X85.104 Y96.482 E2384.44143
G1 X85.194 Y95.9 E2384.46592
G1 X85.195 Y95.622 E2384.47747
G1 X85.093 Y94.97 E2384.50491
G1 X84.885 Y94.427 E2384.52908
G1 X84.529 Y93.883 E2384.55611
G1 X84.114 Y93.467 E2384.58054
G1 X83.626 Y93.142 E2384.60492
G1 X83.089 Y92.926 E2384.62898
G1 X82.442 Y92.809 E2384.65632
G1 X81.858 Y92.828 E2384.68061
G1 X81.579 Y92.88 E2384.69241
G1 X81.016 Y93.073 E2384.71716
G1 X80.716 Y93.233 E2384.73129
G1 X80.249 Y93.587 E2384.75565
G1 X79.856 Y94.028 E2384.78021
G1 X79.669 Y94.323 E2384.79473
G1 X79.439 Y94.861 E2384.81906
G1 X79.319 Y95.439 E2384.8436
G1 X79.321 Y96.089 E2384.87063
M204 S5000
M205 X30 Y30
G0 F7200 X79.364 Y96.284
G0 X79.657 Y96.221
G0 X80.32 Y95.45
M204 S3000
M205 X20 Y20
G1 F2040 X80.477 Y94.928 E2384.89329
G1 X80.785 Y94.456 E2384.91672
G1 X81.015 Y94.236 E2384.92995
G1 X81.454 Y93.967 E2384.95136
G1 X81.788 Y93.854 E2384.96602
G1 X82.294 Y93.8 E2384.98718
G1 X82.611 Y93.832 E2385.00042
G1 X83.115 Y93.998 E2385.02248
G1 X83.389 Y94.161 E2385.03574
G1 X83.809 Y94.57 E2385.06011
G1 X84.074 Y95.053 E2385.08302
G1 X84.194 Y95.574 E2385.10524
G1 X84.195 Y95.924 E2385.11979
G1 X84.079 Y96.434 E2385.14154
G1 X83.804 Y96.936 E2385.16534
G1 X83.391 Y97.337 E2385.18927
G1 X83.128 Y97.496 E2385.20205
G1 X82.636 Y97.663 E2385.22365
G1 X82.275 Y97.699 E2385.23873
G1 X81.763 Y97.641 E2385.26015
G1 X81.231 Y97.42 E2385.2841
G1 X80.802 Y97.06 E2385.30739
G1 X80.479 Y96.582 E2385.33137
G1 X80.32 Y96.053 E2385.35434
G1 X80.315 Y95.501 E2385.37729
G1 X80.32 Y95.45 E2385.37942
M204 S5000
M205 X30 Y30
G0 F7200 X80.377 Y95.259
G0 X80.091 Y95.173
G0 X79.929 Y96.505
M204 S3000
M205 X20 Y20
;TYPE:WALL-INNER
G1 F3972.3 X80.117 Y96.942 E2385.39943
G1 F4028.1 X80.483 Y97.459 E2385.42572
G1 F4077.1 X80.991 Y97.85 E2385.452
G1 F4060.6 X81.49 Y98.072 E2385.47447
G1 F3988.1 X81.964 Y98.173 E2385.49478
G1 F4028.1 X82.287 Y98.194 E2385.50822
G1 F4085.4 X82.665 Y98.164 E2385.52373
G1 F4060.6 X83.322 Y97.968 E2385.55195
G1 F4036.1 X83.82 Y97.623 E2385.57703
G1 F4044.3 X84.257 Y97.172 E2385.60299
G1 F4068.8 X84.558 Y96.573 E2385.63052
G1 F4110.4 X84.682 Y95.998 E2385.65444
G1 F4102 X84.696 Y95.659 E2385.66826
G1 F3988.1 X84.603 Y95.1 E2385.69201
G1 F3948.9 X84.434 Y94.657 E2385.71208
G1 F4012 X84.142 Y94.197 E2385.73478
G1 F4044.3 X83.796 Y93.855 E2385.75488
G1 X83.394 Y93.584 E2385.77492
G1 F4020 X82.949 Y93.412 E2385.79475
G1 F4012 X82.406 Y93.308 E2385.81778
G1 F4052.4 X81.706 Y93.363 E2385.84674
G1 X81.215 Y93.531 E2385.86814
G1 F4102 X80.718 Y93.845 E2385.8921
G1 F4044.3 X80.26 Y94.333 E2385.91975
G1 F4052.4 X80.026 Y94.735 E2385.93894
G1 X79.923 Y95.012 E2385.95113
G1 F3996 X79.817 Y95.489 E2385.97156
G1 F4060.6 X79.818 Y96.035 E2385.99404
G1 F4012 X79.929 Y96.505 E2386.01416
M204 S5000
M205 X30 Y30
G1 F1500 E2379.51416
G0 F7200 X80.232 Y97.587
G0 X79.661 Y98.622
G0 X79.166 Y112.431
G0 X79.317 Y115.041
M204 S3000
M205 X20 Y20
;TYPE:WALL-OUTER
G1 F1500 E2386.01416
G1 F2040 X79.454 Y115.682 E2386.04141
G1 X79.688 Y116.208 E2386.06534
G1 X80.077 Y116.738 E2386.09267
G1 X80.507 Y117.129 E2386.11684
G1 X81.011 Y117.425 E2386.14114
G1 X81.561 Y117.617 E2386.16536
G1 X82.211 Y117.697 E2386.19259
G1 X82.79 Y117.648 E2386.21674
G1 X83.353 Y117.481 E2386.24116
G1 X83.929 Y117.171 E2386.26835
G1 X84.378 Y116.793 E2386.29276
G1 X84.561 Y116.581 E2386.3044
G1 X84.879 Y116.081 E2386.32903
G1 X85.107 Y115.475 E2386.35595
G1 X85.194 Y114.895 E2386.38034
G1 X85.153 Y114.24 E2386.40762
G1 X85.092 Y113.966 E2386.41929
G1 X84.877 Y113.413 E2386.44396
G1 X84.738 Y113.17 E2386.4556
G1 X84.365 Y112.699 E2386.48058
G1 X84.114 Y112.465 E2386.49484
G1 X83.616 Y112.136 E2386.51966
G1 X83.362 Y112.02 E2386.53127
G1 X82.791 Y111.854 E2386.55599
G1 X82.142 Y111.804 E2386.58305
G1 X81.562 Y111.882 E2386.60738
G1 X81.01 Y112.077 E2386.63172
G1 X80.703 Y112.241 E2386.64619
G1 X80.231 Y112.602 E2386.6709
G1 X79.842 Y113.047 E2386.69547
G1 X79.693 Y113.283 E2386.70708
G1 X79.433 Y113.883 E2386.73426
G1 X79.317 Y114.46 E2386.75873
G1 X79.317 Y115.041 E2386.78289
M204 S5000
M205 X30 Y30
G0 F7200 X79.358 Y115.236
G0 X80.32 Y115.052
M204 S3000
M205 X20 Y20
G1 F2040 X80.315 Y114.501 E2386.80579
G1 X80.319 Y114.451 E2386.80788
G1 X80.478 Y113.927 E2386.83065
G1 X80.763 Y113.485 E2386.85251
G1 X80.993 Y113.255 E2386.86603
G1 X81.453 Y112.968 E2386.88858
G1 X81.803 Y112.852 E2386.90391
G1 X82.33 Y112.801 E2386.92592
G1 X82.637 Y112.836 E2386.93876
G1 X83.127 Y113.004 E2386.9603
G1 X83.422 Y113.187 E2386.97473
G1 X83.796 Y113.552 E2386.99646
G1 X84.074 Y114.052 E2387.02024
G1 X84.197 Y114.598 E2387.04351
G1 X84.195 Y114.924 E2387.05707
G1 X84.076 Y115.446 E2387.07933
G1 X83.811 Y115.926 E2387.10212
G1 X83.411 Y116.321 E2387.12549
G1 X83.141 Y116.489 E2387.13871
G1 X82.638 Y116.663 E2387.16084
G1 X82.325 Y116.7 E2387.17395
G1 X81.749 Y116.641 E2387.19802
G1 X81.235 Y116.419 E2387.2213
G1 X80.802 Y116.06 E2387.24468
G1 X80.479 Y115.575 E2387.26891
G1 X80.32 Y115.052 E2387.29163
M204 S5000
M205 X30 Y30
G0 F7200 X80.319 Y114.852
G0 X79.816 Y114.509
M204 S3000
M205 X20 Y20
;TYPE:WALL-INNER
G1 F4044.3 X79.817 Y114.999 E2387.31188
G1 F4004 X79.936 Y115.526 E2387.33444
G1 F3972.3 X80.125 Y115.955 E2387.35416
G1 F4036.1 X80.447 Y116.405 E2387.37707
G1 F4020 X80.807 Y116.722 E2387.39701
G1 F3948.9 X81.224 Y116.965 E2387.41744
G1 F4004 X81.674 Y117.13 E2387.43745
G1 F4044.3 X82.22 Y117.195 E2387.46017
G1 X82.698 Y117.157 E2387.47999
G1 F4028.1 X83.161 Y117.015 E2387.50008
G1 F4036.1 X83.649 Y116.759 E2387.5229
G1 F4068.8 X84.161 Y116.283 E2387.55162
G1 F4004 X84.426 Y115.855 E2387.57263
G1 F3956.7 X84.616 Y115.348 E2387.5955
G1 F3996 X84.694 Y114.874 E2387.61559
G1 F3988.1 X84.652 Y114.311 E2387.63925
G1 F4060.6 X84.531 Y113.875 E2387.65787
G1 F4213.8 X84.179 Y113.249 E2387.68636
G1 F4178.8 X83.763 Y112.826 E2387.71009
G1 F4102 X83.307 Y112.529 E2387.73226
G1 F4093.7 X82.702 Y112.344 E2387.75809
G1 F4044.3 X82.156 Y112.309 E2387.7807
G1 F4020 X81.679 Y112.368 E2387.80068
G1 F4052.4 X81.211 Y112.533 E2387.82115
G1 F4102 X80.716 Y112.846 E2387.84501
G1 F4152.9 X80.414 Y113.135 E2387.86183
G1 F4052.4 X80.139 Y113.519 E2387.88131
G1 F3956.7 X79.917 Y114.034 E2387.905
G1 F3996 X79.816 Y114.509 E2387.92531
M204 S5000
M205 X30 Y30
G1 F1500 E2381.42531
G0 F7200 X80.598 Y113.307
G0 X81.723 Y112.62
G0 X83.23 Y112.786
G0 X84.975 Y114.889
G0 X86.105 Y114.819
G0 X133.895 Y114.681
G0 X134.806 Y114.605
M204 S3000
M205 X20 Y20
;TYPE:WALL-OUTER
G1 F1500 E2387.92531
G1 F2040 X134.847 Y115.258 E2387.95251
G1 X134.909 Y115.534 E2387.96427
G1 X135.123 Y116.087 E2387.98893
G1 X135.262 Y116.33 E2388.00057
G1 X135.635 Y116.801 E2388.02554
G1 X135.887 Y117.035 E2388.03984
G1 X136.384 Y117.364 E2388.06462
G1 X136.638 Y117.48 E2388.07623
G1 X137.209 Y117.646 E2388.10095
G1 X137.858 Y117.696 E2388.12801
G1 X138.438 Y117.618 E2388.15235
G1 X138.99 Y117.423 E2388.17669
G1 X139.297 Y117.259 E2388.19116
G1 X139.769 Y116.898 E2388.21586
G1 X140.157 Y116.452 E2388.24044
G1 X140.307 Y116.217 E2388.25203
G1 X140.567 Y115.617 E2388.27922
G1 X140.684 Y115.04 E2388.30369
G1 X140.683 Y114.459 E2388.32785
G1 X140.546 Y113.818 E2388.3551
G1 X140.312 Y113.292 E2388.37903
G1 X139.923 Y112.762 E2388.40637
G1 X139.492 Y112.371 E2388.43056
G1 X138.989 Y112.075 E2388.45483
G1 X138.439 Y111.884 E2388.47903
G1 X137.788 Y111.803 E2388.50631
G1 X137.21 Y111.853 E2388.53043
G1 X136.647 Y112.019 E2388.55483
G1 X136.071 Y112.329 E2388.58202
G1 X135.622 Y112.707 E2388.60643
G1 X135.439 Y112.919 E2388.61807
G1 X135.121 Y113.419 E2388.6427
G1 X134.893 Y114.025 E2388.66962
G1 X134.806 Y114.605 E2388.69401
M204 S5000
M205 X30 Y30
G0 F7200 X134.818 Y114.804
G0 X135.804 Y114.902
M204 S3000
M205 X20 Y20
G1 F2040 X135.806 Y114.577 E2388.70752
G1 X135.925 Y114.054 E2388.72982
G1 X136.201 Y113.554 E2388.75356
G1 X136.589 Y113.179 E2388.776
G1 X136.86 Y113.011 E2388.78925
G1 X137.389 Y112.831 E2388.81248
G1 X137.675 Y112.8 E2388.82444
G1 X138.223 Y112.856 E2388.84735
G1 X138.553 Y112.97 E2388.86186
G1 X139.002 Y113.249 E2388.88384
G1 X139.23 Y113.474 E2388.89716
G1 X139.522 Y113.924 E2388.91946
G1 X139.681 Y114.448 E2388.94223
G1 X139.682 Y115.049 E2388.96721
G1 X139.523 Y115.574 E2388.99002
G1 X139.207 Y116.05 E2389.01377
G1 X138.775 Y116.416 E2389.03731
G1 X138.246 Y116.642 E2389.06123
G1 X137.67 Y116.699 E2389.08529
G1 X137.364 Y116.663 E2389.0981
G1 X136.848 Y116.482 E2389.12084
G1 X136.576 Y116.309 E2389.13424
G1 X136.205 Y115.947 E2389.15579
G1 X135.926 Y115.448 E2389.17956
G1 X135.804 Y114.902 E2389.20282
M204 S5000
M205 X30 Y30
G0 F7200 X135.805 Y114.702
G0 X135.306 Y114.626
M204 S3000
M205 X20 Y20
;TYPE:WALL-INNER
G1 F3996 X135.348 Y115.187 E2389.22635
G1 F4052.4 X135.469 Y115.625 E2389.24509
G1 F4170.1 X135.821 Y116.251 E2389.27387
G1 F4085.4 X136.197 Y116.639 E2389.29597
G1 F4036.1 X136.689 Y116.97 E2389.32053
G1 F4077.1 X137.298 Y117.156 E2389.34663
G1 F4028.1 X137.844 Y117.191 E2389.36933
G1 F4012 X138.321 Y117.132 E2389.38936
G1 F4068.8 X138.991 Y116.861 E2389.41904
G1 F4110.4 X139.516 Y116.458 E2389.44595
G1 F4052.4 X139.861 Y115.98 E2389.47027
G1 F3964.5 X140.083 Y115.466 E2389.49387
G1 F4012 X140.184 Y114.999 E2389.51377
G1 F4093.7 X140.181 Y114.473 E2389.53525
G1 F4028.1 X140.064 Y113.974 E2389.55652
G1 F3972.3 X139.876 Y113.545 E2389.57622
G1 F4044.3 X139.553 Y113.095 E2389.59911
G1 X139.194 Y112.776 E2389.61896
G1 X138.805 Y112.541 E2389.63774
G1 F4085.4 X138.326 Y112.37 E2389.65855
G1 F4060.6 X137.777 Y112.305 E2389.6813
G1 X137.302 Y112.343 E2389.70092
G1 F4036.1 X136.839 Y112.485 E2389.72097
G1 X136.351 Y112.741 E2389.74379
G1 F4077.1 X135.839 Y113.217 E2389.77245
G1 F4020 X135.574 Y113.645 E2389.79338
G1 F3964.5 X135.384 Y114.152 E2389.8162
G1 F4004 X135.306 Y114.626 E2389.83625
M204 S5000
M205 X30 Y30
G1 F1500 E2383.33625
G0 F7200 X136.197 Y112.507
G0 X135.661 Y111.509
G0 X135.735 Y99.04
G0 X134.807 Y95.912
M204 S3000
M205 X20 Y20
;TYPE:WALL-OUTER
G1 F1500 E2389.83625
G1 F2040 X134.896 Y96.48 E2389.86016
G1 X135.006 Y96.831 E2389.87545
G1 X135.275 Y97.354 E2389.8999
G1 X135.44 Y97.581 E2389.91157
G1 X135.856 Y98.009 E2389.93638
G1 X136.139 Y98.219 E2389.95103
G1 X136.668 Y98.492 E2389.97578
G1 X136.93 Y98.582 E2389.9873
G1 X137.522 Y98.689 E2390.01231
G1 X137.865 Y98.695 E2390.02657
G1 X138.458 Y98.613 E2390.05146
G1 X138.73 Y98.53 E2390.06329
G1 X139.257 Y98.281 E2390.08752
G1 X139.784 Y97.883 E2390.11497
G1 X140.17 Y97.437 E2390.1395
G1 X140.318 Y97.2 E2390.15111
G1 X140.558 Y96.64 E2390.17644
G1 X140.643 Y96.314 E2390.19045
G1 X140.699 Y95.72 E2390.21526
G1 X140.683 Y95.443 E2390.22679
G1 X140.559 Y94.858 E2390.25165
G1 X140.434 Y94.528 E2390.26632
G1 X140.143 Y94.027 E2390.29041
G1 X139.747 Y93.581 E2390.31521
G1 X139.482 Y93.364 E2390.32945
G1 X138.977 Y93.068 E2390.35378
G1 X138.703 Y92.962 E2390.366
G1 X138.136 Y92.829 E2390.39021
G1 X137.489 Y92.814 E2390.41712
G1 X136.912 Y92.925 E2390.44155
G1 X136.376 Y93.142 E2390.46559
G1 X135.835 Y93.51 E2390.49279
G1 X135.429 Y93.934 E2390.5172
G1 X135.112 Y94.434 E2390.54181
G1 X134.973 Y94.765 E2390.55674
G1 X134.834 Y95.328 E2390.58085
G1 X134.807 Y95.912 E2390.60515
M204 S5000
M205 X30 Y30
G0 F7200 X134.838 Y96.109
G0 X135.134 Y96.064
G0 X135.804 Y95.602
M204 S3000
M205 X20 Y20
G1 F2040 X135.925 Y95.049 E2390.62869
G1 X136.202 Y94.553 E2390.65231
G1 X136.62 Y94.157 E2390.67624
G1 X136.884 Y94 E2390.68901
G1 X137.386 Y93.832 E2390.71102
G1 X137.724 Y93.801 E2390.72513
G1 X138.25 Y93.863 E2390.74715
G1 X138.516 Y93.952 E2390.75882
G1 X138.964 Y94.222 E2390.78056
G1 X139.215 Y94.455 E2390.7948
G1 X139.527 Y94.937 E2390.81867
G1 X139.687 Y95.468 E2390.84173
G1 X139.686 Y96.023 E2390.8648
G1 X139.523 Y96.572 E2390.88861
G1 X139.208 Y97.05 E2390.91241
G1 X138.772 Y97.419 E2390.93616
G1 X138.255 Y97.638 E2390.9595
G1 X137.725 Y97.699 E2390.98168
G1 X137.389 Y97.669 E2390.99571
G1 X136.863 Y97.491 E2391.0188
G1 X136.601 Y97.33 E2391.03158
G1 X136.201 Y96.946 E2391.05463
G1 X135.928 Y96.453 E2391.07806
G1 X135.807 Y95.925 E2391.10058
G1 X135.804 Y95.602 E2391.11401
M204 S5000
M205 X30 Y30
G0 F7200 X135.846 Y95.407
G0 X135.306 Y95.886
M204 S3000
M205 X20 Y20
;TYPE:WALL-INNER
G1 F4052.4 X135.446 Y96.581 E2391.14325
G1 F4060.6 X135.754 Y97.186 E2391.17119
G1 F4028.1 X136.187 Y97.63 E2391.19693
G1 F4077.1 X136.638 Y97.927 E2391.21906
G1 F4052.4 X137.057 Y98.092 E2391.23764
G1 F4012 X137.742 Y98.205 E2391.26656
G1 F4093.7 X138.399 Y98.113 E2391.29364
G1 X138.999 Y97.855 E2391.32031
G1 F4110.4 X139.523 Y97.449 E2391.34726
G1 F4152.9 X139.939 Y96.87 E2391.37595
G1 F4144.3 X140.158 Y96.195 E2391.40457
G1 F4102 X140.184 Y95.474 E2391.43397
G1 F4077.1 X139.992 Y94.761 E2391.46424
G1 F4012 X139.733 Y94.323 E2391.48543
G1 F3996 X139.4 Y93.942 E2391.5066
G1 F4020 X139.195 Y93.776 E2391.51756
G1 F4052.4 X138.694 Y93.489 E2391.54138
G1 F4135.8 X138.34 Y93.379 E2391.55636
G1 F4161.5 X137.714 Y93.308 E2391.58166
G1 F4152.9 X137.294 Y93.349 E2391.59864
G1 F4118.9 X136.611 Y93.582 E2391.62793
G1 F4036.1 X136.161 Y93.895 E2391.65062
G1 X135.862 Y94.193 E2391.6681
G1 F4020 X135.561 Y94.667 E2391.69145
G1 F4004 X135.434 Y94.962 E2391.70485
G1 F4036.1 X135.332 Y95.4 E2391.72348
G1 X135.306 Y95.886 E2391.74363
M204 S5000
M205 X30 Y30
G1 F1500 E2385.24363
;MESH:NONMESH
G0 F600 X135.306 Y95.886 Z3.1
G0 F7200 X133.893 Y95.847
G0 X86.111 Y95.646
G0 X79.634 Y95.2
;TIME_ELAPSED:2239.072476
;LAYER:14
M204 S3000
M205 X20 Y20
;TYPE:WALL-OUTER
;MESH:Pi Holder.stl
G1 F1500 E2391.74363
G1 F1562 X79.58 Y95.752 E2391.77375
G1 X79.634 Y96.3 E2391.80364
G1 F1571.6 X79.8 Y96.825 E2391.83336
G1 F1566.8 X80.075 Y97.299 E2391.86302
G1 F1557.3 X80.441 Y97.716 E2391.89324
G1 X80.639 Y97.881 E2391.90728
G1 F1559.6 X81.117 Y98.168 E2391.9376
G1 F1566.8 X81.633 Y98.353 E2391.96727
G1 F1571.6 X82.18 Y98.422 E2391.99702
G1 X82.727 Y98.381 E2392.02662
G1 F1576.5 X83.403 Y98.18 E2392.06456
G1 F1571.6 X83.96 Y97.803 E2392.10086
G1 F1574.1 X84.434 Y97.321 E2392.13729
G1 F1578.9 X84.753 Y96.691 E2392.17522
G1 F1571.6 X84.889 Y96.158 E2392.2049
G1 F1569.2 X84.921 Y95.609 E2392.23462
G1 F1574.1 X84.806 Y94.907 E2392.27295
G1 X84.432 Y94.179 E2392.31705
G1 F1569.2 X83.96 Y93.697 E2392.35351
G1 F1571.6 X83.403 Y93.32 E2392.38981
G1 F1578.9 X82.727 Y93.119 E2392.42769
G1 F1574.1 X82.18 Y93.079 E2392.45724
G1 F1571.6 X81.633 Y93.147 E2392.48699
G1 F1574.1 X81.116 Y93.329 E2392.51652
G1 F1571.6 X80.637 Y93.616 E2392.54666
G1 X80.439 Y93.782 E2392.5606
G1 F1566.8 X80.075 Y94.2 E2392.5906
G1 X79.8 Y94.675 E2392.62031
G1 F1571.6 X79.634 Y95.2 E2392.65003
M204 S5000
M205 X30 Y30
G0 F7200 X79.615 Y95.399
G0 X80.244 Y95.501
M204 S3000
M205 X20 Y20
G1 F1578.9 X80.398 Y94.928 E2392.6819
G1 F1581.4 X80.731 Y94.411 E2392.71488
G1 X80.959 Y94.187 E2392.73202
G1 F1574.1 X81.417 Y93.903 E2392.76106
G1 X81.769 Y93.782 E2392.78111
G1 X82.273 Y93.727 E2392.80843
G1 F1576.5 X82.618 Y93.758 E2392.82707
G1 F1581.4 X83.159 Y93.938 E2392.85765
G1 F1588.8 X83.428 Y94.104 E2392.87452
G1 X83.862 Y94.521 E2392.90665
G1 F1581.4 X84.147 Y95.027 E2392.9378
G1 F1583.9 X84.265 Y95.563 E2392.96719
G1 F1591.3 X84.267 Y95.904 E2392.98536
G1 F1588.8 X84.145 Y96.467 E2393.01611
G1 F1578.9 X83.852 Y96.993 E2393.04845
G1 F1586.3 X83.429 Y97.396 E2393.07969
G1 F1583.9 X83.125 Y97.576 E2393.09861
G1 F1574.1 X82.618 Y97.742 E2393.12735
G1 F1571.6 X82.224 Y97.77 E2393.14867
G1 X81.763 Y97.717 E2393.17371
G1 F1578.9 X81.236 Y97.5 E2393.20433
G1 F1583.9 X80.713 Y97.064 E2393.24079
G1 F1581.4 X80.41 Y96.607 E2393.27019
G1 F1576.5 X80.253 Y96.087 E2393.29942
G1 F1581.4 X80.244 Y95.501 E2393.33085
M204 S5000
M205 X30 Y30
G0 F7200 X80.295 Y95.308
G1 F1500 E2386.83085
G0 F7200 X80.071 Y95.24
G0 X80.224 Y96.564
G0 X81.177 Y98.039
G0 X80.804 Y99.11
G0 X80.803 Y111.391
G0 X79.634 Y114.2
M204 S3000
M205 X20 Y20
G1 F1500 E2393.33085
G1 F1562 X79.579 Y114.753 E2393.36102
G1 X79.634 Y115.3 E2393.39087
G1 F1571.6 X79.8 Y115.825 E2393.42059
G1 F1566.8 X80.075 Y116.299 E2393.45025
G1 F1557.3 X80.441 Y116.716 E2393.48047
G1 X80.639 Y116.881 E2393.49451
G1 F1559.6 X81.117 Y117.168 E2393.52483
G1 F1566.8 X81.633 Y117.353 E2393.5545
G1 F1571.6 X82.18 Y117.422 E2393.58425
G1 X82.727 Y117.381 E2393.61385
G1 F1576.5 X83.403 Y117.18 E2393.65179
G1 F1571.6 X83.96 Y116.803 E2393.68809
G1 F1574.1 X84.434 Y116.321 E2393.72451
G1 F1578.9 X84.753 Y115.691 E2393.76245
G1 F1571.6 X84.889 Y115.158 E2393.79213
G1 F1569.2 X84.921 Y114.609 E2393.82185
G1 F1574.1 X84.806 Y113.907 E2393.86018
G1 X84.432 Y113.179 E2393.90428
G1 F1569.2 X83.96 Y112.697 E2393.94074
G1 F1571.6 X83.403 Y112.32 E2393.97704
G1 F1578.9 X82.727 Y112.119 E2394.01492
G1 F1574.1 X82.18 Y112.079 E2394.04447
G1 F1571.6 X81.633 Y112.147 E2394.07422
G1 F1574.1 X81.116 Y112.329 E2394.10375
G1 F1571.6 X80.637 Y112.616 E2394.13389
G1 X80.439 Y112.782 E2394.14783
G1 F1566.8 X80.075 Y113.2 E2394.17783
G1 X79.8 Y113.675 E2394.20754
G1 F1571.6 X79.634 Y114.2 E2394.23726
M204 S5000
M205 X30 Y30
G0 F7200 X79.615 Y114.399
G0 X80.244 Y114.501
M204 S3000
M205 X20 Y20
G1 F1578.9 X80.398 Y113.928 E2394.26913
G1 F1581.4 X80.731 Y113.411 E2394.30211
G1 X80.959 Y113.187 E2394.31925
G1 F1574.1 X81.417 Y112.903 E2394.34829
G1 X81.769 Y112.782 E2394.36834
G1 X82.273 Y112.727 E2394.39566
G1 F1576.5 X82.618 Y112.758 E2394.4143
G1 F1581.4 X83.159 Y112.938 E2394.44488
G1 F1588.8 X83.428 Y113.104 E2394.46175
G1 X83.862 Y113.521 E2394.49388
G1 F1581.4 X84.147 Y114.027 E2394.52502
G1 F1583.9 X84.265 Y114.563 E2394.55441
G1 F1591.3 X84.267 Y114.904 E2394.57259
G1 F1588.8 X84.145 Y115.467 E2394.60334
G1 F1578.9 X83.852 Y115.993 E2394.63568
G1 F1586.3 X83.429 Y116.396 E2394.66692
G1 F1583.9 X83.125 Y116.576 E2394.68584
G1 F1574.1 X82.618 Y116.742 E2394.71458
G1 F1571.6 X82.224 Y116.77 E2394.7359
G1 X81.763 Y116.717 E2394.76094
G1 F1578.9 X81.236 Y116.5 E2394.79155
G1 F1583.9 X80.713 Y116.064 E2394.82802
G1 F1581.4 X80.41 Y115.607 E2394.85742
G1 F1578.9 X80.253 Y115.088 E2394.88655
G1 F1581.4 X80.244 Y114.501 E2394.91803
M204 S5000
M205 X30 Y30
G0 F7200 X80.295 Y114.308
G1 F1500 E2388.41803
G0 F7200 X80.071 Y114.24
G0 X80.598 Y113.307
G0 X81.723 Y112.62
G0 X83.23 Y112.786
G0 X84.776 Y114.623
G0 X85.908 Y114.683
G0 X134.092 Y114.817
G0 X135.079 Y114.891
M204 S3000
M205 X20 Y20
G1 F1500 E2394.91803
G1 F1571.6 X135.194 Y115.593 E2394.95642
G1 F1574.1 X135.567 Y116.321 E2395.0005
G1 F1569.2 X136.04 Y116.803 E2395.037
G1 F1571.6 X136.597 Y117.18 E2395.07329
G1 F1576.5 X137.273 Y117.381 E2395.11123
G1 F1571.6 X137.82 Y117.421 E2395.14083
G1 F1569.2 X138.367 Y117.353 E2395.17062
G1 F1566.8 X138.883 Y117.168 E2395.2003
G1 F1554.9 X139.361 Y116.881 E2395.23071
G1 X139.559 Y116.716 E2395.24477
G1 F1557.3 X139.925 Y116.299 E2395.27498
G1 F1566.8 X140.2 Y115.825 E2395.30465
G1 F1571.6 X140.366 Y115.3 E2395.33436
G1 F1562 X140.421 Y114.747 E2395.36454
G1 F1559.6 X140.366 Y114.2 E2395.39443
G1 F1569.2 X140.2 Y113.675 E2395.42419
G1 F1566.8 X139.925 Y113.2 E2395.4539
G1 F1564.4 X139.559 Y112.78 E2395.48411
G1 F1569.2 X139.363 Y112.616 E2395.49792
G1 F1571.6 X138.884 Y112.329 E2395.52805
G1 F1576.5 X138.367 Y112.147 E2395.55754
G1 F1571.6 X137.82 Y112.078 E2395.58729
G1 X137.273 Y112.119 E2395.61689
G1 F1576.5 X136.597 Y112.32 E2395.65483
G1 F1571.6 X136.04 Y112.697 E2395.69113
G1 X135.566 Y113.18 E2395.72765
G1 F1578.9 X135.247 Y113.809 E2395.76553
G1 F1571.6 X135.111 Y114.342 E2395.79522
G1 F1569.2 X135.079 Y114.891 E2395.82494
M204 S5000
M205 X30 Y30
G0 F7200 X135.111 Y115.088
G0 X135.733 Y114.614
M204 S3000
M205 X20 Y20
G1 F1583.9 X135.855 Y114.033 E2395.85673
G1 F1576.5 X136.139 Y113.512 E2395.88865
G1 F1583.9 X136.571 Y113.104 E2395.92047
G1 F1581.4 X136.875 Y112.924 E2395.93942
G1 F1574.1 X137.382 Y112.758 E2395.96817
G1 F1571.6 X137.777 Y112.73 E2395.98953
G1 X138.231 Y112.782 E2396.01419
G1 F1576.5 X138.586 Y112.905 E2396.03441
G1 F1578.9 X139.041 Y113.187 E2396.06316
G1 F1588.8 X139.268 Y113.411 E2396.08019
G1 F1583.9 X139.597 Y113.916 E2396.11246
G1 F1576.5 X139.745 Y114.407 E2396.14005
G1 F1581.4 X139.748 Y115.087 E2396.17652
G1 F1583.9 X139.593 Y115.603 E2396.20537
G1 X139.261 Y116.104 E2396.23755
G1 F1591.3 X138.803 Y116.479 E2396.2691
G1 F1586.3 X138.237 Y116.717 E2396.30193
G1 F1569.2 X137.733 Y116.775 E2396.32935
G1 F1571.6 X137.382 Y116.742 E2396.34838
G1 F1576.5 X136.841 Y116.562 E2396.37905
G1 F1581.4 X136.572 Y116.396 E2396.396
G1 X136.138 Y115.98 E2396.42825
G1 F1574.1 X135.849 Y115.453 E2396.46063
G1 F1576.5 X135.735 Y114.937 E2396.48906
G1 F1586.3 X135.733 Y114.614 E2396.50633
M204 S5000
M205 X30 Y30
G0 F7200 X135.774 Y114.419
G1 F1500 E2390.00633
G0 F7200 X135.547 Y114.368
G0 X136.13 Y112.809
G0 X135.496 Y111.868
G0 X135.497 Y98.633
G0 X135.079 Y95.648
M204 S3000
M205 X20 Y20
G1 F1500 E2396.50633
G1 F1569.2 X135.079 Y95.881 E2396.51892
G1 F1571.6 X135.193 Y96.591 E2396.55773
G1 F1574.1 X135.567 Y97.321 E2396.60192
G1 F1569.2 X136.04 Y97.803 E2396.63842
G1 F1571.6 X136.597 Y98.18 E2396.67472
G1 F1576.5 X137.273 Y98.381 E2396.71266
G1 F1569.2 X137.821 Y98.422 E2396.74236
G1 X138.367 Y98.353 E2396.77211
G1 F1566.8 X138.883 Y98.168 E2396.80178
G1 F1554.9 X139.361 Y97.881 E2396.83219
G1 X139.559 Y97.716 E2396.84625
G1 F1557.3 X139.925 Y97.299 E2396.87647
G1 F1566.8 X140.2 Y96.825 E2396.90613
G1 F1571.6 X140.366 Y96.3 E2396.93584
G1 F1562 X140.421 Y95.748 E2396.96596
G1 X140.366 Y95.2 E2396.99587
G1 F1569.2 X140.2 Y94.675 E2397.02563
G1 F1566.8 X139.925 Y94.2 E2397.05534
G1 F1564.4 X139.559 Y93.78 E2397.08554
G1 F1569.2 X139.363 Y93.616 E2397.09935
G1 F1571.6 X138.884 Y93.329 E2397.12949
G1 F1576.5 X138.367 Y93.147 E2397.15897
G1 F1571.6 X137.82 Y93.078 E2397.18873
G1 X137.273 Y93.119 E2397.21833
G1 F1576.5 X136.597 Y93.32 E2397.25627
G1 F1571.6 X136.04 Y93.697 E2397.29257
G1 X135.566 Y94.18 E2397.32909
G1 F1574.1 X135.245 Y94.808 E2397.36709
G1 F1564.4 X135.167 Y95.073 E2397.38206
G1 F1562 X135.079 Y95.648 E2397.41365
M204 S5000
M205 X30 Y30
G0 F7200 X135.079 Y95.848
G0 X135.735 Y95.564
M204 S3000
M205 X20 Y20
G1 F1576.5 X135.849 Y95.047 E2397.44213
G1 F1571.6 X136.139 Y94.512 E2397.47497
G1 F1581.4 X136.571 Y94.104 E2397.50684
G1 X136.875 Y93.924 E2397.52579
G1 F1574.1 X137.382 Y93.758 E2397.55453
G1 F1571.6 X137.777 Y93.73 E2397.5759
G1 X138.231 Y93.782 E2397.60056
G1 F1576.5 X138.586 Y93.905 E2397.62077
G1 F1578.9 X139.041 Y94.187 E2397.64953
G1 F1588.8 X139.268 Y94.411 E2397.66655
G1 F1583.9 X139.597 Y94.916 E2397.69883
G1 F1576.5 X139.745 Y95.407 E2397.72641
G1 F1581.4 X139.748 Y96.086 E2397.76283
G1 F1583.9 X139.593 Y96.603 E2397.79173
G1 X139.261 Y97.104 E2397.82392
G1 F1591.3 X138.803 Y97.479 E2397.85547
G1 F1586.3 X138.237 Y97.717 E2397.88829
G1 F1574.1 X137.727 Y97.773 E2397.91594
G1 F1576.5 X137.382 Y97.742 E2397.93457
G1 X136.841 Y97.562 E2397.96525
G1 F1581.4 X136.572 Y97.396 E2397.9822
G1 X136.138 Y96.98 E2398.01444
G1 F1574.1 X135.849 Y96.453 E2398.04683
G1 F1578.9 X135.735 Y95.936 E2398.07527
G1 F1581.4 X135.731 Y95.614 E2398.09254
G1 X135.735 Y95.564 E2398.09523
M204 S5000
M205 X30 Y30
G0 F7200 X135.778 Y95.369
G1 F1500 E2391.59523
;MESH:NONMESH
G0 F600 X135.778 Y95.369 Z3.3
G0 F7200 X135.558 Y95.32
G0 X134.089 Y95.634
G0 X85.908 Y95.683
G0 X80.244 Y95.501
;TIME_ELAPSED:2247.329190
;LAYER:15
M204 S3000
M205 X20 Y20
;TYPE:WALL-OUTER
;MESH:Pi Holder.stl
G1 F1500 E2398.09523
G1 F1583.9 X80.255 Y95.407 E2398.1003
G1 F1576.5 X80.404 Y94.913 E2398.12805
G1 F1581.4 X80.731 Y94.411 E2398.16019
G1 X80.959 Y94.187 E2398.17733
G1 F1574.1 X81.418 Y93.903 E2398.20641
G1 X81.773 Y93.782 E2398.22662
G1 X82.274 Y93.726 E2398.25378
G1 X82.622 Y93.759 E2398.27262
G1 F1578.9 X83.16 Y93.939 E2398.30309
G1 F1581.4 X83.474 Y94.138 E2398.32303
G1 F1588.8 X83.85 Y94.51 E2398.35126
G1 F1586.3 X84.151 Y95.047 E2398.38418
G1 F1581.4 X84.265 Y95.564 E2398.41257
G1 F1591.3 X84.266 Y95.904 E2398.43069
G1 F1586.3 X84.145 Y96.467 E2398.46148
G1 F1576.5 X83.852 Y96.993 E2398.49387
G1 F1586.3 X83.429 Y97.396 E2398.52511
G1 F1583.9 X83.125 Y97.576 E2398.54403
G1 F1574.1 X82.618 Y97.742 E2398.57277
G1 F1571.6 X82.224 Y97.77 E2398.59409
G1 F1574.1 X81.74 Y97.714 E2398.62034
G1 F1581.4 X81.236 Y97.5 E2398.64971
G1 F1583.9 X80.713 Y97.064 E2398.68617
G1 F1578.9 X80.403 Y96.584 E2398.71686
G1 F1574.1 X80.253 Y96.087 E2398.74483
G1 F1581.4 X80.244 Y95.501 E2398.77627
M204 S5000
M205 X30 Y30
G0 F7200 X80.255 Y95.407
G0 X80.285 Y95.306
G0 X80.071 Y95.241
G0 X79.853 Y96.251
G0 X79.634 Y96.3
M204 S3000
M205 X20 Y20
G1 F1569.2 X79.8 Y96.825 E2398.80603
G1 F1564.4 X80.075 Y97.3 E2398.83578
G1 F1557.3 X80.435 Y97.71 E2398.8655
G1 X80.632 Y97.876 E2398.87953
G1 X81.117 Y98.168 E2398.91036
G1 F1566.8 X81.633 Y98.353 E2398.94003
G1 F1571.6 X82.18 Y98.422 E2398.96979
G1 X82.727 Y98.381 E2398.99939
G1 F1576.5 X83.403 Y98.18 E2399.03733
G1 F1571.6 X83.96 Y97.803 E2399.07362
G1 X84.434 Y97.321 E2399.11011
G1 F1576.5 X84.753 Y96.691 E2399.1481
G1 F1571.6 X84.887 Y96.168 E2399.17723
G1 X84.921 Y95.61 E2399.2074
G1 F1576.5 X84.806 Y94.908 E2399.24567
G1 F1569.2 X84.505 Y94.319 E2399.28142
G1 F1559.6 X84.167 Y93.891 E2399.31108
G1 X83.967 Y93.702 E2399.32604
G1 F1569.2 X83.509 Y93.391 E2399.35596
G1 F1571.6 X83.274 Y93.282 E2399.36994
G1 X82.736 Y93.121 E2399.40025
G1 X82.19 Y93.078 E2399.4298
G1 X81.642 Y93.146 E2399.4596
G1 F1574.1 X81.124 Y93.325 E2399.48913
G1 F1571.6 X80.637 Y93.616 E2399.51975
G1 X80.439 Y93.782 E2399.53369
G1 F1566.8 X80.08 Y94.193 E2399.56323
G1 X79.803 Y94.667 E2399.59295
G1 F1571.6 X79.636 Y95.191 E2399.62263
G1 F1562 X79.58 Y95.743 E2399.65275
G1 F1559.6 X79.634 Y96.3 E2399.68318
M204 S5000
M205 X30 Y30
G0 F7200 X79.694 Y96.49
G1 F1500 E2393.18318
G0 F7200 X79.909 Y96.422
G0 X79.339 Y97.964
G0 X80.814 Y111.386
G0 X80.244 Y114.501
M204 S3000
M205 X20 Y20
G1 F1500 E2399.68318
G1 F1583.9 X80.255 Y114.407 E2399.68825
G1 F1576.5 X80.404 Y113.913 E2399.71601
G1 F1581.4 X80.731 Y113.411 E2399.74814
G1 X80.959 Y113.187 E2399.76528
G1 F1574.1 X81.418 Y112.903 E2399.79437
G1 X81.773 Y112.782 E2399.81458
G1 X82.274 Y112.726 E2399.84174
G1 X82.622 Y112.759 E2399.86057
G1 F1578.9 X83.16 Y112.939 E2399.89105
G1 F1581.4 X83.474 Y113.138 E2399.91098
G1 F1588.8 X83.85 Y113.51 E2399.93922
G1 F1586.3 X84.151 Y114.047 E2399.97213
G1 F1581.4 X84.265 Y114.564 E2400.00053
G1 F1591.3 X84.266 Y114.904 E2400.01865
G1 F1586.3 X84.145 Y115.467 E2400.04944
G1 F1576.5 X83.852 Y115.993 E2400.08183
G1 F1586.3 X83.429 Y116.396 E2400.11307
G1 F1583.9 X83.125 Y116.576 E2400.13199
G1 F1574.1 X82.618 Y116.742 E2400.16073
G1 F1571.6 X82.224 Y116.77 E2400.18205
G1 F1574.1 X81.74 Y116.714 E2400.2083
G1 F1581.4 X81.236 Y116.5 E2400.23766
G1 F1583.9 X80.713 Y116.064 E2400.27413
G1 F1578.9 X80.403 Y115.584 E2400.30482
G1 F1574.1 X80.253 Y115.087 E2400.33279
G1 F1581.4 X80.244 Y114.501 E2400.36422
M204 S5000
M205 X30 Y30
G0 F7200 X80.255 Y114.407
G0 X80.285 Y114.306
G0 X80.071 Y114.241
G0 X79.853 Y115.251
G0 X79.634 Y115.3
M204 S3000
M205 X20 Y20
G1 F1569.2 X79.8 Y115.825 E2400.39398
G1 F1564.4 X80.075 Y116.3 E2400.42374
G1 F1557.3 X80.435 Y116.71 E2400.45345
G1 X80.632 Y116.876 E2400.46749
G1 X81.117 Y117.168 E2400.49832
G1 F1566.8 X81.633 Y117.353 E2400.52799
G1 F1571.6 X82.18 Y117.422 E2400.55774
G1 X82.727 Y117.381 E2400.58734
G1 F1576.5 X83.403 Y117.18 E2400.62529
G1 F1571.6 X83.96 Y116.803 E2400.66158
G1 X84.434 Y116.321 E2400.69806
G1 F1576.5 X84.753 Y115.691 E2400.73605
G1 F1571.6 X84.887 Y115.168 E2400.76519
G1 X84.921 Y114.61 E2400.79536
G1 F1576.5 X84.806 Y113.908 E2400.83363
G1 F1569.2 X84.505 Y113.319 E2400.86938
G1 F1559.6 X84.167 Y112.891 E2400.89903
G1 X83.967 Y112.702 E2400.914
G1 F1569.2 X83.509 Y112.391 E2400.94392
G1 F1571.6 X83.274 Y112.282 E2400.9579
G1 X82.736 Y112.121 E2400.9882
G1 X82.19 Y112.078 E2401.01776
G1 X81.642 Y112.146 E2401.04756
G1 F1574.1 X81.124 Y112.325 E2401.07709
G1 F1571.6 X80.637 Y112.616 E2401.1077
G1 X80.439 Y112.782 E2401.12165
G1 F1566.8 X80.08 Y113.193 E2401.15119
G1 X79.803 Y113.667 E2401.18091
G1 F1571.6 X79.636 Y114.191 E2401.21058
G1 F1562 X79.58 Y114.743 E2401.24071
G1 F1559.6 X79.634 Y115.3 E2401.27114
M204 S5000
M205 X30 Y30
G0 F7200 X79.694 Y115.49
G1 F1500 E2394.77114
G0 F7200 X79.909 Y115.422
G0 X80.614 Y116.216
G0 X81.694 Y116.875
G0 X83.23 Y116.714
G0 X84.775 Y114.623
G0 X85.907 Y114.684
G0 X134.093 Y114.816
G0 X135.079 Y114.89
M204 S3000
M205 X20 Y20
G1 F1500 E2401.27114
G1 F1571.6 X135.194 Y115.592 E2401.30953
G1 F1566.8 X135.495 Y116.181 E2401.34533
G1 F1559.6 X135.833 Y116.609 E2401.37499
G1 X136.031 Y116.796 E2401.3898
G1 F1566.8 X136.491 Y117.109 E2401.41992
G1 F1569.2 X136.726 Y117.218 E2401.43392
G1 F1571.6 X137.264 Y117.379 E2401.46423
G1 F1574.1 X137.81 Y117.422 E2401.49374
G1 F1569.2 X138.358 Y117.354 E2401.52358
G1 F1564.4 X138.875 Y117.172 E2401.5533
G1 F1557.3 X139.361 Y116.881 E2401.58415
G1 F1554.9 X139.559 Y116.716 E2401.59821
G1 F1557.3 X139.919 Y116.307 E2401.62788
G1 F1566.8 X140.197 Y115.833 E2401.65763
G1 F1569.2 X140.364 Y115.309 E2401.68735
G1 F1559.6 X140.42 Y114.757 E2401.71752
G1 X140.366 Y114.2 E2401.74796
G1 F1569.2 X140.2 Y113.675 E2401.77772
G1 F1566.8 X139.925 Y113.2 E2401.80743
G1 F1564.4 X139.565 Y112.786 E2401.83717
G1 F1569.2 X139.37 Y112.622 E2401.85094
G1 F1574.1 X138.884 Y112.328 E2401.88155
G1 F1576.5 X138.367 Y112.147 E2401.91101
G1 F1571.6 X137.82 Y112.078 E2401.94077
G1 X137.273 Y112.119 E2401.97037
G1 F1576.5 X136.597 Y112.32 E2402.00831
G1 F1571.6 X136.04 Y112.697 E2402.04461
G1 X135.566 Y113.18 E2402.08113
G1 F1578.9 X135.247 Y113.809 E2402.11901
G1 F1571.6 X135.113 Y114.332 E2402.14814
G1 F1569.2 X135.079 Y114.89 E2402.17836
M204 S5000
M205 X30 Y30
G0 F7200 X135.111 Y115.087
G0 X135.733 Y114.614
M204 S3000
M205 X20 Y20
G1 F1583.9 X135.855 Y114.033 E2402.21015
G1 F1576.5 X136.139 Y113.512 E2402.24207
G1 F1583.9 X136.571 Y113.104 E2402.27389
G1 F1581.4 X136.875 Y112.924 E2402.29284
G1 F1574.1 X137.382 Y112.758 E2402.32158
G1 F1571.6 X137.777 Y112.73 E2402.34295
G1 X138.231 Y112.782 E2402.36761
G1 F1576.5 X138.586 Y112.905 E2402.38783
G1 F1574.1 X139.007 Y113.161 E2402.41437
G1 F1583.9 X139.269 Y113.411 E2402.43377
G1 F1586.3 X139.597 Y113.916 E2402.46596
G1 F1576.5 X139.745 Y114.407 E2402.49355
G1 F1581.4 X139.747 Y115.088 E2402.53007
G1 F1578.9 X139.596 Y115.587 E2402.55808
G1 X139.225 Y116.133 E2402.59354
G1 F1588.8 X138.802 Y116.479 E2402.62271
G1 F1583.9 X138.223 Y116.719 E2402.65627
G1 F1571.6 X137.726 Y116.774 E2402.68326
G1 F1576.5 X137.378 Y116.741 E2402.70206
G1 X136.84 Y116.561 E2402.73258
G1 F1581.4 X136.572 Y116.396 E2402.74946
G1 F1591.3 X136.15 Y115.99 E2402.78067
G1 F1581.4 X135.849 Y115.453 E2402.81369
G1 F1578.9 X135.735 Y114.936 E2402.84213
G1 F1586.3 X135.733 Y114.614 E2402.85934
M204 S5000
M205 X30 Y30
G0 F7200 X135.774 Y114.419
G1 F1500 E2396.35934
G0 F7200 X135.547 Y114.368
G0 X136.13 Y112.809
G0 X135.496 Y111.868
G0 X135.49 Y98.628
G0 X135.079 Y95.89
M204 S3000
M205 X20 Y20
G1 F1500 E2402.85934
G1 F1571.6 X135.194 Y96.592 E2402.89773
G1 F1566.8 X135.495 Y97.181 E2402.93354
G1 F1559.6 X135.833 Y97.609 E2402.96319
G1 X136.031 Y97.796 E2402.978
G1 F1566.8 X136.491 Y98.109 E2403.00812
G1 F1569.2 X136.726 Y98.218 E2403.02212
G1 F1571.6 X137.264 Y98.379 E2403.05243
G1 F1574.1 X137.81 Y98.422 E2403.08194
G1 F1569.2 X138.358 Y98.354 E2403.11178
G1 F1564.4 X138.875 Y98.172 E2403.1415
G1 F1557.3 X139.361 Y97.881 E2403.17235
G1 F1554.9 X139.559 Y97.716 E2403.18641
G1 F1557.3 X139.919 Y97.307 E2403.21608
G1 F1566.8 X140.197 Y96.833 E2403.24583
G1 F1569.2 X140.364 Y96.309 E2403.27555
G1 F1559.6 X140.42 Y95.757 E2403.30573
G1 X140.366 Y95.2 E2403.33616
G1 F1569.2 X140.2 Y94.675 E2403.36592
G1 F1566.8 X139.925 Y94.2 E2403.39563
G1 F1564.4 X139.565 Y93.786 E2403.42537
G1 F1569.2 X139.37 Y93.622 E2403.43914
G1 F1574.1 X138.884 Y93.328 E2403.46975
G1 F1576.5 X138.367 Y93.147 E2403.49922
G1 F1571.6 X137.82 Y93.078 E2403.52897
G1 X137.273 Y93.119 E2403.55857
G1 F1576.5 X136.597 Y93.32 E2403.59651
G1 F1571.6 X136.04 Y93.697 E2403.63281
G1 X135.566 Y94.18 E2403.66933
G1 F1578.9 X135.247 Y94.809 E2403.70721
G1 F1571.6 X135.113 Y95.332 E2403.73635
G1 F1569.2 X135.079 Y95.89 E2403.76656
M204 S5000
M205 X30 Y30
G0 F7200 X135.111 Y96.087
G0 X135.733 Y95.614
M204 S3000
M205 X20 Y20
G1 F1583.9 X135.855 Y95.033 E2403.79835
G1 F1576.5 X136.139 Y94.512 E2403.83027
G1 F1583.9 X136.571 Y94.104 E2403.86209
G1 F1581.4 X136.875 Y93.924 E2403.88104
G1 F1574.1 X137.382 Y93.758 E2403.90979
G1 F1571.6 X137.777 Y93.73 E2403.93116
G1 X138.231 Y93.782 E2403.95582
G1 F1576.5 X138.586 Y93.905 E2403.97603
G1 F1574.1 X139.007 Y94.161 E2404.00258
G1 F1583.9 X139.269 Y94.411 E2404.02197
G1 F1586.3 X139.597 Y94.916 E2404.05416
G1 F1576.5 X139.745 Y95.407 E2404.08175
G1 F1581.4 X139.747 Y96.088 E2404.11828
G1 F1578.9 X139.596 Y96.587 E2404.14628
G1 X139.225 Y97.133 E2404.18174
G1 F1588.8 X138.802 Y97.479 E2404.21091
G1 F1583.9 X138.223 Y97.719 E2404.24447
G1 F1571.6 X137.726 Y97.774 E2404.27146
G1 F1576.5 X137.378 Y97.741 E2404.29026
G1 X136.84 Y97.561 E2404.32078
G1 F1581.4 X136.572 Y97.396 E2404.33766
G1 F1591.3 X136.15 Y96.99 E2404.36888
G1 F1581.4 X135.849 Y96.453 E2404.40189
G1 F1578.9 X135.735 Y95.936 E2404.43033
G1 F1586.3 X135.733 Y95.614 E2404.44755
M204 S5000
M205 X30 Y30
G0 F7200 X135.774 Y95.419
G1 F1500 E2397.94755
;MESH:NONMESH
G0 F600 X135.774 Y95.419 Z3.5
G0 F7200 X135.547 Y95.368
G0 X134.093 Y95.816
G0 X85.907 Y95.684
G0 X79.634 Y95.2
;TIME_ELAPSED:2255.603390
;LAYER:16
M204 S3000
M205 X20 Y20
;TYPE:WALL-OUTER
;MESH:Pi Holder.stl
G1 F1500 E2404.44755
G1 F1562 X79.58 Y95.752 E2404.47766
G1 X79.634 Y96.3 E2404.50756
G1 F1571.6 X79.8 Y96.825 E2404.53727
G1 F1566.8 X80.075 Y97.299 E2404.56694
G1 F1557.3 X80.441 Y97.716 E2404.59716
G1 X80.639 Y97.881 E2404.61119
G1 F1559.6 X81.117 Y98.168 E2404.64151
G1 F1566.8 X81.633 Y98.353 E2404.67118
G1 F1571.6 X82.18 Y98.422 E2404.70094
G1 X82.727 Y98.381 E2404.73054
G1 F1576.5 X83.403 Y98.18 E2404.76848
G1 F1571.6 X83.96 Y97.803 E2404.80478
G1 X84.433 Y97.321 E2404.84122
G1 F1574.1 X84.807 Y96.591 E2404.88541
G1 F1571.6 X84.921 Y95.877 E2404.92443
G1 F1569.2 X84.921 Y95.619 E2404.93838
G1 F1571.6 X84.806 Y94.908 E2404.97724
G1 F1574.1 X84.432 Y94.179 E2405.02139
G1 F1569.2 X83.96 Y93.697 E2405.05785
G1 F1571.6 X83.403 Y93.32 E2405.09415
G1 F1578.9 X82.727 Y93.119 E2405.13203
G1 F1574.1 X82.18 Y93.079 E2405.16158
G1 F1571.6 X81.633 Y93.147 E2405.19133
G1 F1574.1 X81.116 Y93.329 E2405.22086
G1 F1571.6 X80.637 Y93.616 E2405.251
G1 X80.439 Y93.782 E2405.26494
G1 F1566.8 X80.075 Y94.2 E2405.29494
G1 X79.8 Y94.675 E2405.32465
G1 F1571.6 X79.634 Y95.2 E2405.35437
M204 S5000
M205 X30 Y30
G0 F7200 X79.615 Y95.399
G0 X80.253 Y96.087
M204 S3000
M205 X20 Y20
G1 F1581.4 X80.245 Y95.468 E2405.38757
G1 F1578.9 X80.398 Y94.928 E2405.41772
G1 F1581.4 X80.731 Y94.411 E2405.4507
G1 X80.959 Y94.187 E2405.46784
G1 F1574.1 X81.417 Y93.903 E2405.49688
G1 X81.769 Y93.782 E2405.51693
G1 X82.273 Y93.727 E2405.54425
G1 F1576.5 X82.618 Y93.758 E2405.56288
G1 F1581.4 X83.159 Y93.938 E2405.59346
G1 F1588.8 X83.428 Y94.104 E2405.61034
G1 X83.862 Y94.521 E2405.64247
G1 F1581.4 X84.147 Y95.027 E2405.67361
G1 F1583.9 X84.265 Y95.564 E2405.70305
G1 F1588.8 X84.265 Y95.936 E2405.72291
G1 F1586.3 X84.151 Y96.453 E2405.75122
G1 F1578.9 X83.852 Y96.993 E2405.78437
G1 F1586.3 X83.429 Y97.396 E2405.81561
G1 F1583.9 X83.125 Y97.576 E2405.83453
G1 F1574.1 X82.618 Y97.742 E2405.86327
G1 F1571.6 X82.224 Y97.77 E2405.88459
G1 X81.763 Y97.717 E2405.90963
G1 F1578.9 X81.236 Y97.5 E2405.94025
G1 F1583.9 X80.713 Y97.064 E2405.97671
G1 F1581.4 X80.41 Y96.607 E2406.00611
G1 F1576.5 X80.253 Y96.087 E2406.03534
M204 S5000
M205 X30 Y30
G0 F7200 X80.251 Y95.887
G1 F1500 E2399.53534
G0 F7200 X80.015 Y95.887
G0 X81.177 Y98.039
G0 X80.804 Y99.11
G0 X80.803 Y111.391
G0 X79.634 Y114.2
M204 S3000
M205 X20 Y20
G1 F1500 E2406.03534
G1 F1562 X79.58 Y114.752 E2406.06545
G1 X79.634 Y115.3 E2406.09535
G1 F1571.6 X79.8 Y115.825 E2406.12507
G1 F1566.8 X80.075 Y116.299 E2406.15473
G1 F1557.3 X80.441 Y116.716 E2406.18495
G1 X80.639 Y116.881 E2406.19898
G1 F1559.6 X81.117 Y117.168 E2406.2293
G1 F1566.8 X81.633 Y117.353 E2406.25898
G1 F1571.6 X82.18 Y117.422 E2406.28873
G1 X82.727 Y117.381 E2406.31833
G1 F1576.5 X83.403 Y117.18 E2406.35627
G1 F1571.6 X83.96 Y116.803 E2406.39257
G1 X84.433 Y116.321 E2406.42901
G1 F1574.1 X84.807 Y115.591 E2406.47321
G1 F1571.6 X84.921 Y114.877 E2406.51222
G1 F1569.2 X84.921 Y114.619 E2406.52617
G1 F1571.6 X84.806 Y113.908 E2406.56504
G1 F1574.1 X84.432 Y113.179 E2406.60918
G1 F1569.2 X83.96 Y112.697 E2406.64565
G1 F1571.6 X83.403 Y112.32 E2406.68194
G1 F1578.9 X82.727 Y112.119 E2406.71982
G1 F1574.1 X82.18 Y112.079 E2406.74938
G1 F1571.6 X81.633 Y112.147 E2406.77912
G1 F1574.1 X81.116 Y112.329 E2406.80865
G1 F1571.6 X80.637 Y112.616 E2406.83879
G1 X80.439 Y112.782 E2406.85273
G1 F1566.8 X80.075 Y113.2 E2406.88273
G1 X79.8 Y113.675 E2406.91244
G1 F1571.6 X79.634 Y114.2 E2406.94216
M204 S5000
M205 X30 Y30
G0 F7200 X79.615 Y114.399
G0 X80.244 Y114.501
M204 S3000
M205 X20 Y20
G1 F1578.9 X80.398 Y113.928 E2406.97403
G1 F1581.4 X80.731 Y113.411 E2407.00701
G1 X80.959 Y113.187 E2407.02415
G1 F1574.1 X81.417 Y112.903 E2407.05319
G1 X81.769 Y112.782 E2407.07325
G1 X82.273 Y112.727 E2407.10056
G1 F1576.5 X82.618 Y112.758 E2407.1192
G1 F1581.4 X83.159 Y112.938 E2407.14978
G1 F1588.8 X83.428 Y113.104 E2407.16665
G1 X83.862 Y113.521 E2407.19878
G1 F1581.4 X84.147 Y114.027 E2407.22993
G1 F1583.9 X84.265 Y114.564 E2407.25937
G1 F1588.8 X84.265 Y114.936 E2407.27923
G1 F1586.3 X84.151 Y115.453 E2407.30753
G1 F1578.9 X83.852 Y115.993 E2407.34069
G1 F1586.3 X83.429 Y116.396 E2407.37193
G1 F1583.9 X83.125 Y116.576 E2407.39084
G1 F1574.1 X82.618 Y116.742 E2407.41959
G1 F1571.6 X82.224 Y116.77 E2407.4409
G1 X81.763 Y116.717 E2407.46595
G1 F1578.9 X81.236 Y116.5 E2407.49656
G1 F1583.9 X80.713 Y116.064 E2407.53302
G1 F1581.4 X80.41 Y115.607 E2407.56243
G1 F1576.5 X80.253 Y115.087 E2407.59165
G1 F1581.4 X80.244 Y114.501 E2407.62308
M204 S5000
M205 X30 Y30
G0 F7200 X80.295 Y114.308
G1 F1500 E2401.12308
G0 F7200 X80.071 Y114.24
G0 X80.598 Y113.307
G0 X81.723 Y112.62
G0 X83.23 Y112.786
G0 X84.777 Y114.634
G0 X85.911 Y114.634
G0 X134.089 Y114.634
G0 X135.079 Y114.648
M204 S3000
M205 X20 Y20
G1 F1500 E2407.62308
G1 F1569.2 X135.079 Y114.881 E2407.63568
G1 F1571.6 X135.193 Y115.591 E2407.67448
G1 F1574.1 X135.567 Y116.321 E2407.71868
G1 F1569.2 X136.04 Y116.803 E2407.75518
G1 F1571.6 X136.597 Y117.18 E2407.79147
G1 F1576.5 X137.273 Y117.381 E2407.82941
G1 F1571.6 X137.82 Y117.421 E2407.85901
G1 F1569.2 X138.367 Y117.353 E2407.8888
G1 F1566.8 X138.883 Y117.168 E2407.91847
G1 F1554.9 X139.361 Y116.881 E2407.94889
G1 X139.559 Y116.716 E2407.96295
G1 F1557.3 X139.925 Y116.299 E2407.99316
G1 F1566.8 X140.2 Y115.825 E2408.02283
G1 F1571.6 X140.366 Y115.3 E2408.05254
G1 F1562 X140.421 Y114.748 E2408.08266
G1 X140.366 Y114.2 E2408.11257
G1 F1569.2 X140.2 Y113.675 E2408.14233
G1 F1566.8 X139.925 Y113.2 E2408.17204
G1 F1564.4 X139.559 Y112.78 E2408.20224
G1 F1569.2 X139.363 Y112.616 E2408.21605
G1 F1571.6 X138.884 Y112.329 E2408.24619
G1 F1576.5 X138.367 Y112.147 E2408.27567
G1 F1571.6 X137.82 Y112.078 E2408.30542
G1 X137.273 Y112.119 E2408.33503
G1 F1576.5 X136.597 Y112.32 E2408.37297
G1 F1571.6 X136.04 Y112.697 E2408.40926
G1 X135.566 Y113.18 E2408.44578
G1 F1574.1 X135.245 Y113.808 E2408.48378
G1 F1564.4 X135.167 Y114.073 E2408.49876
G1 F1562 X135.079 Y114.648 E2408.53034
M204 S5000
M205 X30 Y30
G0 F7200 X135.079 Y114.848
G0 X135.735 Y114.564
M204 S3000
M205 X20 Y20
G1 F1576.5 X135.849 Y114.047 E2408.55883
G1 F1571.6 X136.139 Y113.512 E2408.59167
G1 F1581.4 X136.571 Y113.104 E2408.62354
G1 X136.875 Y112.924 E2408.64248
G1 F1574.1 X137.382 Y112.758 E2408.67123
G1 F1571.6 X137.777 Y112.73 E2408.6926
G1 X138.231 Y112.782 E2408.71726
G1 F1576.5 X138.586 Y112.905 E2408.73747
G1 F1578.9 X139.041 Y113.187 E2408.76622
G1 F1588.8 X139.268 Y113.411 E2408.78325
G1 F1583.9 X139.597 Y113.916 E2408.81552
G1 F1576.5 X139.745 Y114.407 E2408.84311
G1 F1581.4 X139.748 Y115.086 E2408.87953
G1 F1583.9 X139.593 Y115.603 E2408.90843
G1 X139.261 Y116.104 E2408.94061
G1 F1591.3 X138.803 Y116.479 E2408.97216
G1 F1586.3 X138.237 Y116.717 E2409.00499
G1 F1569.2 X137.733 Y116.775 E2409.03241
G1 F1571.6 X137.382 Y116.742 E2409.05144
G1 F1576.5 X136.841 Y116.562 E2409.08211
G1 F1581.4 X136.572 Y116.396 E2409.09906
G1 X136.138 Y115.98 E2409.13131
G1 F1574.1 X135.849 Y115.453 E2409.16369
G1 F1578.9 X135.735 Y114.936 E2409.19213
G1 F1581.4 X135.731 Y114.614 E2409.2094
G1 X135.735 Y114.564 E2409.21209
M204 S5000
M205 X30 Y30
G0 F7200 X135.778 Y114.369
G1 F1500 E2402.71209
G0 F7200 X135.558 Y114.32
G0 X136.13 Y112.809
G0 X135.496 Y111.868
G0 X135.497 Y98.633
G0 X135.735 Y95.564
M204 S3000
M205 X20 Y20
G1 F1500 E2409.21209
G1 F1576.5 X135.849 Y95.047 E2409.24057
G1 F1571.6 X136.139 Y94.512 E2409.27341
G1 F1581.4 X136.571 Y94.104 E2409.30528
G1 X136.875 Y93.924 E2409.32423
G1 F1574.1 X137.382 Y93.758 E2409.35297
G1 F1571.6 X137.777 Y93.73 E2409.37434
G1 X138.231 Y93.782 E2409.399
G1 F1576.5 X138.586 Y93.905 E2409.41921
G1 F1578.9 X139.041 Y94.187 E2409.44797
G1 F1588.8 X139.268 Y94.411 E2409.46499
G1 F1583.9 X139.597 Y94.916 E2409.49727
G1 F1576.5 X139.745 Y95.407 E2409.52486
G1 F1581.4 X139.748 Y96.086 E2409.56127
G1 F1583.9 X139.593 Y96.603 E2409.59017
G1 X139.261 Y97.104 E2409.62236
G1 F1591.3 X138.803 Y97.479 E2409.65391
G1 F1586.3 X138.237 Y97.717 E2409.68674
G1 F1569.2 X137.733 Y97.775 E2409.71416
G1 F1571.6 X137.382 Y97.742 E2409.73318
G1 F1576.5 X136.841 Y97.562 E2409.76386
G1 F1581.4 X136.572 Y97.396 E2409.78081
G1 X136.138 Y96.98 E2409.81305
G1 F1574.1 X135.849 Y96.453 E2409.84544
G1 F1578.9 X135.735 Y95.936 E2409.87387
G1 F1583.9 X135.735 Y95.564 E2409.89379
M204 S5000
M205 X30 Y30
G0 F7200 X135.778 Y95.369
G0 X135.193 Y94.909
M204 S3000
M205 X20 Y20
G1 F1571.6 X135.079 Y95.623 E2409.93281
G1 F1569.2 X135.079 Y95.881 E2409.94676
G1 F1571.6 X135.193 Y96.591 E2409.98556
G1 F1574.1 X135.567 Y97.321 E2410.02976
G1 F1569.2 X136.04 Y97.803 E2410.06626
G1 F1571.6 X136.597 Y98.18 E2410.10255
G1 F1576.5 X137.273 Y98.381 E2410.14049
G1 F1571.6 X137.82 Y98.421 E2410.17009
G1 F1569.2 X138.367 Y98.353 E2410.19988
G1 F1566.8 X138.883 Y98.168 E2410.22955
G1 F1554.9 X139.361 Y97.881 E2410.25997
G1 X139.559 Y97.716 E2410.27403
G1 F1557.3 X139.925 Y97.299 E2410.30424
G1 F1566.8 X140.2 Y96.825 E2410.33391
G1 F1571.6 X140.366 Y96.3 E2410.36362
G1 F1562 X140.421 Y95.748 E2410.39374
G1 X140.366 Y95.2 E2410.42365
G1 F1569.2 X140.2 Y94.675 E2410.45341
G1 F1566.8 X139.925 Y94.2 E2410.48312
G1 F1564.4 X139.559 Y93.78 E2410.51332
G1 F1569.2 X139.363 Y93.616 E2410.52713
G1 F1571.6 X138.884 Y93.329 E2410.55727
G1 F1576.5 X138.367 Y93.147 E2410.58675
G1 F1571.6 X137.82 Y93.078 E2410.6165
G1 X137.273 Y93.119 E2410.64611
G1 F1576.5 X136.597 Y93.32 E2410.68405
G1 F1571.6 X136.04 Y93.697 E2410.72034
G1 X135.566 Y94.18 E2410.75686
G1 F1574.1 X135.193 Y94.909 E2410.80099
M204 S5000
M205 X30 Y30
G0 F7200 X135.162 Y95.106
G1 F1500 E2404.30099
;MESH:NONMESH
G0 F600 X135.162 Y95.106 Z3.7
G0 F7200 X135.381 Y95.141
G0 X134.089 Y95.634
G0 X85.911 Y95.634
G0 X79.634 Y95.2
;TIME_ELAPSED:2263.864570
;LAYER:17
M204 S3000
M205 X20 Y20
;TYPE:WALL-OUTER
;MESH:Pi Holder.stl
G1 F1500 E2410.80099
G1 F1562 X79.58 Y95.752 E2410.8311
G1 X79.634 Y96.3 E2410.861
G1 F1571.6 X79.8 Y96.825 E2410.89071
G1 F1566.8 X80.075 Y97.299 E2410.92038
G1 F1557.3 X80.441 Y97.716 E2410.9506
G1 X80.639 Y97.881 E2410.96463
G1 F1559.6 X81.117 Y98.168 E2410.99495
G1 F1566.8 X81.633 Y98.353 E2411.02462
G1 F1571.6 X82.18 Y98.422 E2411.05438
G1 X82.727 Y98.381 E2411.08398
G1 F1576.5 X83.403 Y98.18 E2411.12192
G1 F1571.6 X83.96 Y97.803 E2411.15822
G1 X84.433 Y97.321 E2411.19466
G1 F1574.1 X84.807 Y96.591 E2411.23885
G1 F1571.6 X84.921 Y95.877 E2411.27787
G1 F1569.2 X84.921 Y95.619 E2411.29182
G1 F1571.6 X84.806 Y94.908 E2411.33068
G1 F1574.1 X84.432 Y94.179 E2411.37483
G1 F1569.2 X83.96 Y93.697 E2411.41129
G1 F1571.6 X83.403 Y93.32 E2411.44759
G1 F1578.9 X82.727 Y93.119 E2411.48547
G1 F1574.1 X82.18 Y93.079 E2411.51502
G1 F1571.6 X81.633 Y93.147 E2411.54477
G1 F1574.1 X81.116 Y93.329 E2411.5743
G1 F1571.6 X80.637 Y93.616 E2411.60444
G1 X80.439 Y93.782 E2411.61838
G1 F1566.8 X80.075 Y94.2 E2411.64838
G1 X79.8 Y94.675 E2411.67809
G1 F1571.6 X79.634 Y95.2 E2411.70781
M204 S5000
M205 X30 Y30
G0 F7200 X79.615 Y95.399
G0 X80.244 Y95.501
M204 S3000
M205 X20 Y20
G1 F1578.9 X80.398 Y94.928 E2411.73968
G1 F1581.4 X80.731 Y94.411 E2411.77266
G1 X80.959 Y94.187 E2411.7898
G1 F1574.1 X81.417 Y93.903 E2411.81884
G1 X81.769 Y93.782 E2411.83889
G1 X82.273 Y93.727 E2411.86621
G1 F1576.5 X82.618 Y93.758 E2411.88485
G1 F1581.4 X83.159 Y93.938 E2411.91543
G1 F1588.8 X83.428 Y94.104 E2411.9323
G1 X83.862 Y94.521 E2411.96443
G1 F1581.4 X84.147 Y95.027 E2411.99557
G1 F1583.9 X84.265 Y95.564 E2412.02502
G1 F1588.8 X84.265 Y95.936 E2412.04487
G1 F1586.3 X84.151 Y96.453 E2412.07318
G1 F1578.9 X83.852 Y96.993 E2412.10634
G1 F1586.3 X83.429 Y97.396 E2412.13757
G1 F1583.9 X83.125 Y97.576 E2412.15649
G1 F1574.1 X82.618 Y97.742 E2412.18524
G1 F1571.6 X82.224 Y97.77 E2412.20655
G1 X81.763 Y97.717 E2412.23159
G1 F1578.9 X81.236 Y97.5 E2412.26221
G1 F1583.9 X80.713 Y97.064 E2412.29867
G1 F1581.4 X80.41 Y96.607 E2412.32808
G1 F1576.5 X80.253 Y96.087 E2412.3573
G1 F1581.4 X80.244 Y95.501 E2412.38873
M204 S5000
M205 X30 Y30
G0 F7200 X80.295 Y95.308
G1 F1500 E2405.88873
G0 F7200 X80.071 Y95.24
G0 X80.224 Y96.564
G0 X81.177 Y98.039
G0 X80.804 Y99.11
G0 X80.803 Y111.391
G0 X79.634 Y114.2
M204 S3000
M205 X20 Y20
G1 F1500 E2412.38873
G1 F1562 X79.58 Y114.752 E2412.41885
G1 X79.634 Y115.3 E2412.44875
G1 F1571.6 X79.8 Y115.825 E2412.47846
G1 F1566.8 X80.075 Y116.299 E2412.50812
G1 F1557.3 X80.441 Y116.716 E2412.53834
G1 X80.639 Y116.881 E2412.55238
G1 F1559.6 X81.117 Y117.168 E2412.5827
G1 F1566.8 X81.633 Y117.353 E2412.61237
G1 F1571.6 X82.18 Y117.422 E2412.64212
G1 X82.727 Y117.381 E2412.67172
G1 F1576.5 X83.403 Y117.18 E2412.70967
G1 F1571.6 X83.96 Y116.803 E2412.74596
G1 X84.433 Y116.321 E2412.7824
G1 F1574.1 X84.807 Y115.591 E2412.8266
G1 F1571.6 X84.921 Y114.877 E2412.86562
G1 F1569.2 X84.921 Y114.619 E2412.87956
G1 F1571.6 X84.806 Y113.908 E2412.91843
G1 F1574.1 X84.432 Y113.179 E2412.96258
G1 F1569.2 X83.96 Y112.697 E2412.99904
G1 F1571.6 X83.403 Y112.32 E2413.03533
G1 F1578.9 X82.727 Y112.119 E2413.07322
G1 F1574.1 X82.18 Y112.079 E2413.10277
G1 F1571.6 X81.633 Y112.147 E2413.13251
G1 F1574.1 X81.116 Y112.329 E2413.16205
G1 F1571.6 X80.637 Y112.616 E2413.19218
G1 X80.439 Y112.782 E2413.20612
G1 F1566.8 X80.075 Y113.2 E2413.23613
G1 X79.8 Y113.675 E2413.26584
G1 F1571.6 X79.634 Y114.2 E2413.29555
M204 S5000
M205 X30 Y30
G0 F7200 X79.615 Y114.399
G0 X80.244 Y114.501
M204 S3000
M205 X20 Y20
G1 F1578.9 X80.398 Y113.928 E2413.32742
G1 F1581.4 X80.731 Y113.411 E2413.3604
G1 X80.959 Y113.187 E2413.37755
G1 F1574.1 X81.417 Y112.903 E2413.40658
G1 X81.769 Y112.782 E2413.42664
G1 X82.273 Y112.727 E2413.45396
G1 F1576.5 X82.618 Y112.758 E2413.47259
G1 F1581.4 X83.159 Y112.938 E2413.50317
G1 F1588.8 X83.428 Y113.104 E2413.52004
G1 X83.862 Y113.521 E2413.55217
G1 F1581.4 X84.147 Y114.027 E2413.58332
G1 F1583.9 X84.265 Y114.564 E2413.61276
G1 F1588.8 X84.265 Y114.936 E2413.63262
G1 F1586.3 X84.151 Y115.453 E2413.66093
G1 F1578.9 X83.852 Y115.993 E2413.69408
G1 F1586.3 X83.429 Y116.396 E2413.72532
G1 F1583.9 X83.125 Y116.576 E2413.74424
G1 F1574.1 X82.618 Y116.742 E2413.77298
G1 F1571.6 X82.224 Y116.77 E2413.7943
G1 X81.763 Y116.717 E2413.81934
G1 F1578.9 X81.236 Y116.5 E2413.84995
G1 F1583.9 X80.713 Y116.064 E2413.88641
G1 F1581.4 X80.41 Y115.607 E2413.91582
G1 F1576.5 X80.253 Y115.087 E2413.94504
G1 F1581.4 X80.244 Y114.501 E2413.97648
M204 S5000
M205 X30 Y30
G0 F7200 X80.295 Y114.308
G1 F1500 E2407.47648
G0 F7200 X80.071 Y114.24
G0 X80.598 Y113.307
G0 X81.723 Y112.62
G0 X83.23 Y112.786
G0 X84.777 Y114.634
G0 X85.911 Y114.634
G0 X134.187 Y113.92
G0 X135.193 Y113.909
M204 S3000
M205 X20 Y20
G1 F1500 E2413.97648
G1 F1571.6 X135.079 Y114.623 E2414.0155
G1 F1569.2 X135.079 Y114.881 E2414.02944
G1 F1571.6 X135.193 Y115.591 E2414.06825
G1 F1574.1 X135.567 Y116.321 E2414.11244
G1 F1569.2 X136.04 Y116.803 E2414.14894
G1 F1571.6 X136.597 Y117.18 E2414.18524
G1 F1576.5 X137.273 Y117.381 E2414.22318
G1 F1571.6 X137.82 Y117.421 E2414.25277
G1 F1569.2 X138.367 Y117.353 E2414.28257
G1 F1566.8 X138.883 Y117.168 E2414.31224
G1 F1554.9 X139.361 Y116.881 E2414.34265
G1 X139.559 Y116.716 E2414.35671
G1 F1557.3 X139.925 Y116.299 E2414.38693
G1 F1566.8 X140.2 Y115.825 E2414.41659
G1 F1571.6 X140.366 Y115.3 E2414.44631
G1 F1562 X140.421 Y114.748 E2414.47643
G1 X140.366 Y114.2 E2414.50633
G1 F1569.2 X140.2 Y113.675 E2414.53609
G1 F1566.8 X139.925 Y113.2 E2414.5658
G1 F1564.4 X139.559 Y112.78 E2414.596
G1 F1569.2 X139.363 Y112.616 E2414.60981
G1 F1571.6 X138.884 Y112.329 E2414.63995
G1 F1576.5 X138.367 Y112.147 E2414.66944
G1 F1571.6 X137.82 Y112.078 E2414.69919
G1 X137.273 Y112.119 E2414.72879
G1 F1576.5 X136.597 Y112.32 E2414.76673
G1 F1571.6 X136.04 Y112.697 E2414.80303
G1 X135.566 Y113.18 E2414.83955
G1 F1574.1 X135.193 Y113.909 E2414.88367
M204 S5000
M205 X30 Y30
G0 F7200 X135.162 Y114.106
G0 X135.735 Y114.564
M204 S3000
M205 X20 Y20
G1 F1576.5 X135.849 Y114.047 E2414.91215
G1 F1571.6 X136.139 Y113.512 E2414.94499
G1 F1581.4 X136.571 Y113.104 E2414.97686
G1 X136.875 Y112.924 E2414.99581
G1 F1574.1 X137.382 Y112.758 E2415.02455
G1 F1571.6 X137.777 Y112.73 E2415.04592
G1 X138.231 Y112.782 E2415.07058
G1 F1576.5 X138.586 Y112.905 E2415.09079
G1 F1578.9 X139.041 Y113.187 E2415.11955
G1 F1588.8 X139.268 Y113.411 E2415.13657
G1 F1583.9 X139.597 Y113.916 E2415.16885
G1 F1576.5 X139.745 Y114.407 E2415.19644
G1 F1581.4 X139.748 Y115.086 E2415.23285
G1 F1583.9 X139.593 Y115.603 E2415.26175
G1 X139.261 Y116.104 E2415.29394
G1 F1591.3 X138.803 Y116.479 E2415.32549
G1 F1586.3 X138.237 Y116.717 E2415.35832
G1 F1569.2 X137.733 Y116.775 E2415.38574
G1 F1571.6 X137.382 Y116.742 E2415.40476
G1 F1576.5 X136.841 Y116.562 E2415.43543
G1 F1581.4 X136.572 Y116.396 E2415.45239
G1 X136.138 Y115.98 E2415.48463
G1 F1574.1 X135.849 Y115.453 E2415.51701
G1 F1578.9 X135.735 Y114.936 E2415.54545
G1 F1581.4 X135.731 Y114.614 E2415.56272
G1 X135.735 Y114.564 E2415.56541
M204 S5000
M205 X30 Y30
G0 F7200 X135.778 Y114.369
G1 F1500 E2409.06541
G0 F7200 X135.558 Y114.32
G0 X136.13 Y112.809
G0 X135.496 Y111.868
G0 X135.497 Y98.633
G0 X135.735 Y95.564
M204 S3000
M205 X20 Y20
G1 F1500 E2415.56541
G1 F1576.5 X135.849 Y95.047 E2415.5939
G1 F1571.6 X136.139 Y94.512 E2415.62674
G1 F1581.4 X136.571 Y94.104 E2415.6586
G1 X136.875 Y93.924 E2415.67755
G1 F1574.1 X137.382 Y93.758 E2415.7063
G1 F1571.6 X137.777 Y93.73 E2415.72767
G1 X138.231 Y93.782 E2415.75233
G1 F1576.5 X138.586 Y93.905 E2415.77254
G1 F1578.9 X139.041 Y94.187 E2415.80129
G1 F1588.8 X139.268 Y94.411 E2415.81832
G1 F1583.9 X139.597 Y94.916 E2415.85059
G1 F1576.5 X139.745 Y95.407 E2415.87818
G1 F1581.4 X139.748 Y96.086 E2415.9146
G1 F1583.9 X139.593 Y96.603 E2415.9435
G1 X139.261 Y97.104 E2415.97568
G1 F1591.3 X138.803 Y97.479 E2416.00723
G1 F1586.3 X138.237 Y97.717 E2416.04006
G1 F1569.2 X137.733 Y97.775 E2416.06748
G1 F1571.6 X137.382 Y97.742 E2416.08651
G1 F1576.5 X136.841 Y97.562 E2416.11718
G1 F1581.4 X136.572 Y97.396 E2416.13413
G1 X136.138 Y96.98 E2416.16637
G1 F1574.1 X135.849 Y96.453 E2416.19876
G1 F1578.9 X135.735 Y95.936 E2416.2272
G1 F1581.4 X135.731 Y95.614 E2416.24447
G1 X135.735 Y95.564 E2416.24716
M204 S5000
M205 X30 Y30
G0 F7200 X135.778 Y95.369
G0 X135.193 Y94.909
M204 S3000
M205 X20 Y20
G1 F1571.6 X135.079 Y95.623 E2416.28618
G1 F1569.2 X135.079 Y95.881 E2416.30012
G1 F1571.6 X135.193 Y96.591 E2416.33893
G1 F1574.1 X135.567 Y97.321 E2416.38312
G1 F1569.2 X136.04 Y97.803 E2416.41962
G1 F1571.6 X136.597 Y98.18 E2416.45592
G1 F1576.5 X137.273 Y98.381 E2416.49386
G1 F1571.6 X137.82 Y98.421 E2416.52346
G1 F1569.2 X138.367 Y98.353 E2416.55325
G1 F1566.8 X138.883 Y98.168 E2416.58292
G1 F1554.9 X139.361 Y97.881 E2416.61333
G1 X139.559 Y97.716 E2416.62739
G1 F1557.3 X139.925 Y97.299 E2416.65761
G1 F1566.8 X140.2 Y96.825 E2416.68727
G1 F1571.6 X140.366 Y96.3 E2416.71699
G1 F1562 X140.421 Y95.748 E2416.74711
G1 X140.366 Y95.2 E2416.77701
G1 F1569.2 X140.2 Y94.675 E2416.80677
G1 F1566.8 X139.925 Y94.2 E2416.83648
G1 F1564.4 X139.559 Y93.78 E2416.86668
G1 F1569.2 X139.363 Y93.616 E2416.8805
G1 F1571.6 X138.884 Y93.329 E2416.91063
G1 F1576.5 X138.367 Y93.147 E2416.94012
G1 F1571.6 X137.82 Y93.078 E2416.96987
G1 X137.273 Y93.119 E2416.99947
G1 F1576.5 X136.597 Y93.32 E2417.03741
G1 F1571.6 X136.04 Y93.697 E2417.07371
G1 X135.566 Y94.18 E2417.11023
G1 F1574.1 X135.193 Y94.909 E2417.15435
M204 S5000
M205 X30 Y30
G0 F7200 X135.162 Y95.106
G1 F1500 E2410.65435
;MESH:NONMESH
G0 F600 X135.162 Y95.106 Z3.9
G0 F7200 X135.381 Y95.141
G0 X134.089 Y95.634
G0 X85.911 Y95.634
G0 X79.634 Y95.2
;TIME_ELAPSED:2272.132227
;LAYER:18
M204 S3000
M205 X20 Y20
;TYPE:WALL-OUTER
;MESH:Pi Holder.stl
G1 F1500 E2417.15435
G1 F1562 X79.58 Y95.752 E2417.18447
G1 X79.634 Y96.3 E2417.21436
G1 F1571.6 X79.8 Y96.825 E2417.24408
G1 F1566.8 X80.075 Y97.299 E2417.27374
G1 F1557.3 X80.441 Y97.716 E2417.30396
G1 X80.639 Y97.881 E2417.318
G1 F1559.6 X81.117 Y98.168 E2417.34832
G1 F1566.8 X81.633 Y98.353 E2417.37799
G1 F1571.6 X82.18 Y98.422 E2417.40774
G1 X82.727 Y98.381 E2417.43734
G1 F1576.5 X83.403 Y98.18 E2417.47528
G1 F1571.6 X83.96 Y97.803 E2417.51158
G1 X84.433 Y97.321 E2417.54802
G1 F1574.1 X84.807 Y96.591 E2417.59222
G1 F1571.6 X84.921 Y95.877 E2417.63124
G1 F1569.2 X84.921 Y95.619 E2417.64518
G1 F1571.6 X84.806 Y94.908 E2417.68405
G1 F1574.1 X84.432 Y94.179 E2417.7282
G1 F1569.2 X83.96 Y93.697 E2417.76466
G1 F1571.6 X83.403 Y93.32 E2417.80095
G1 F1578.9 X82.727 Y93.119 E2417.83884
G1 F1574.1 X82.18 Y93.079 E2417.86839
G1 F1571.6 X81.633 Y93.147 E2417.89813
G1 F1574.1 X81.116 Y93.329 E2417.92767
G1 F1571.6 X80.637 Y93.616 E2417.9578
G1 X80.439 Y93.782 E2417.97174
G1 F1566.8 X80.075 Y94.2 E2418.00175
G1 X79.8 Y94.675 E2418.03146
G1 F1571.6 X79.634 Y95.2 E2418.06117
M204 S5000
M205 X30 Y30
G0 F7200 X79.615 Y95.399
G0 X80.244 Y95.501
M204 S3000
M205 X20 Y20
G1 F1578.9 X80.398 Y94.928 E2418.09304
G1 F1581.4 X80.731 Y94.411 E2418.12602
G1 X80.959 Y94.187 E2418.14317
G1 F1574.1 X81.417 Y93.903 E2418.1722
G1 X81.769 Y93.782 E2418.19226
G1 X82.273 Y93.727 E2418.21958
G1 F1576.5 X82.618 Y93.758 E2418.23821
G1 F1581.4 X83.159 Y93.938 E2418.26879
G1 F1588.8 X83.428 Y94.104 E2418.28566
G1 X83.862 Y94.521 E2418.31779
G1 F1581.4 X84.147 Y95.027 E2418.34894
G1 F1583.9 X84.265 Y95.564 E2418.37838
G1 F1588.8 X84.265 Y95.936 E2418.39824
G1 F1586.3 X84.151 Y96.453 E2418.42655
G1 F1578.9 X83.852 Y96.993 E2418.4597
G1 F1586.3 X83.429 Y97.396 E2418.49094
G1 F1583.9 X83.125 Y97.576 E2418.50986
G1 F1574.1 X82.618 Y97.742 E2418.5386
G1 F1571.6 X82.224 Y97.77 E2418.55992
G1 X81.763 Y97.717 E2418.58496
G1 F1578.9 X81.236 Y97.5 E2418.61557
G1 F1583.9 X80.713 Y97.064 E2418.65203
G1 F1581.4 X80.41 Y96.607 E2418.68144
G1 F1576.5 X80.253 Y96.087 E2418.71066
G1 F1581.4 X80.244 Y95.501 E2418.7421
M204 S5000
M205 X30 Y30
G0 F7200 X80.295 Y95.308
G1 F1500 E2412.2421
G0 F7200 X80.071 Y95.24
G0 X80.224 Y96.564
G0 X81.177 Y98.039
G0 X80.804 Y99.11
G0 X80.803 Y111.391
G0 X79.634 Y114.2
M204 S3000
M205 X20 Y20
G1 F1500 E2418.7421
G1 F1562 X79.58 Y114.752 E2418.77221
G1 X79.634 Y115.3 E2418.80211
G1 F1571.6 X79.8 Y115.825 E2418.83182
G1 F1566.8 X80.075 Y116.299 E2418.86149
G1 F1557.3 X80.441 Y116.716 E2418.89171
G1 X80.639 Y116.881 E2418.90574
G1 F1559.6 X81.117 Y117.168 E2418.93606
G1 F1566.8 X81.633 Y117.353 E2418.96573
G1 F1571.6 X82.18 Y117.422 E2418.99549
G1 X82.727 Y117.381 E2419.02509
G1 F1576.5 X83.403 Y117.18 E2419.06303
G1 F1571.6 X83.96 Y116.803 E2419.09933
G1 X84.433 Y116.321 E2419.13577
G1 F1574.1 X84.807 Y115.591 E2419.17996
G1 F1571.6 X84.921 Y114.877 E2419.21898
G1 F1569.2 X84.921 Y114.619 E2419.23293
G1 F1571.6 X84.806 Y113.908 E2419.27179
G1 F1574.1 X84.432 Y113.179 E2419.31594
G1 F1569.2 X83.96 Y112.697 E2419.3524
G1 F1571.6 X83.403 Y112.32 E2419.3887
G1 F1578.9 X82.727 Y112.119 E2419.42658
G1 F1574.1 X82.18 Y112.079 E2419.45613
G1 F1571.6 X81.633 Y112.147 E2419.48588
G1 F1574.1 X81.116 Y112.329 E2419.51541
G1 F1571.6 X80.637 Y112.616 E2419.54555
G1 X80.439 Y112.782 E2419.55949
G1 F1566.8 X80.075 Y113.2 E2419.58949
G1 X79.8 Y113.675 E2419.6192
G1 F1571.6 X79.634 Y114.2 E2419.64892
M204 S5000
M205 X30 Y30
G0 F7200 X79.615 Y114.399
G0 X80.244 Y114.501
M204 S3000
M205 X20 Y20
G1 F1578.9 X80.398 Y113.928 E2419.68079
G1 F1581.4 X80.731 Y113.411 E2419.71377
G1 X80.959 Y113.187 E2419.73091
G1 F1574.1 X81.417 Y112.903 E2419.75995
G1 X81.769 Y112.782 E2419.78
G1 X82.273 Y112.727 E2419.80732
G1 F1576.5 X82.618 Y112.758 E2419.82596
G1 F1581.4 X83.159 Y112.938 E2419.85654
G1 F1588.8 X83.428 Y113.104 E2419.87341
G1 X83.862 Y113.521 E2419.90554
G1 F1581.4 X84.147 Y114.027 E2419.93669
G1 F1583.9 X84.265 Y114.564 E2419.96613
G1 F1588.8 X84.265 Y114.936 E2419.98599
G1 F1586.3 X84.151 Y115.453 E2420.01429
G1 F1578.9 X83.852 Y115.993 E2420.04745
G1 F1586.3 X83.429 Y116.396 E2420.07868
G1 F1583.9 X83.125 Y116.576 E2420.0976
G1 F1574.1 X82.618 Y116.742 E2420.12635
G1 F1571.6 X82.224 Y116.77 E2420.14766
G1 X81.763 Y116.717 E2420.1727
G1 F1578.9 X81.236 Y116.5 E2420.20332
G1 F1583.9 X80.713 Y116.064 E2420.23978
G1 F1581.4 X80.41 Y115.607 E2420.26919
G1 F1576.5 X80.253 Y115.087 E2420.29841
G1 F1581.4 X80.244 Y114.501 E2420.32984
M204 S5000
M205 X30 Y30
G0 F7200 X80.295 Y114.308
G1 F1500 E2413.82984
G0 F7200 X80.071 Y114.24
G0 X80.598 Y113.307
G0 X81.723 Y112.62
G0 X83.23 Y112.786
G0 X84.777 Y114.634
G0 X85.911 Y114.634
G0 X134.187 Y113.92
G0 X135.193 Y113.909
M204 S3000
M205 X20 Y20
G1 F1500 E2420.32984
G1 F1571.6 X135.079 Y114.623 E2420.36886
G1 F1569.2 X135.079 Y114.881 E2420.3828
G1 F1571.6 X135.193 Y115.591 E2420.42161
G1 F1574.1 X135.567 Y116.321 E2420.46581
G1 F1569.2 X136.04 Y116.803 E2420.5023
G1 F1571.6 X136.597 Y117.18 E2420.5386
G1 F1576.5 X137.273 Y117.381 E2420.57654
G1 F1571.6 X137.82 Y117.421 E2420.60614
G1 F1569.2 X138.367 Y117.353 E2420.63593
G1 F1566.8 X138.883 Y117.168 E2420.6656
G1 F1554.9 X139.361 Y116.881 E2420.69602
G1 X139.559 Y116.716 E2420.71007
G1 F1557.3 X139.925 Y116.299 E2420.74029
G1 F1566.8 X140.2 Y115.825 E2420.76996
G1 F1571.6 X140.366 Y115.3 E2420.79967
G1 F1562 X140.421 Y114.748 E2420.82979
G1 X140.366 Y114.2 E2420.85969
G1 F1569.2 X140.2 Y113.675 E2420.88945
G1 F1566.8 X139.925 Y113.2 E2420.91916
G1 F1564.4 X139.559 Y112.78 E2420.94937
G1 F1569.2 X139.363 Y112.616 E2420.96318
G1 F1571.6 X138.884 Y112.329 E2420.99331
G1 F1576.5 X138.367 Y112.147 E2421.0228
G1 F1571.6 X137.82 Y112.078 E2421.05255
G1 X137.273 Y112.119 E2421.08215
G1 F1576.5 X136.597 Y112.32 E2421.1201
G1 F1571.6 X136.04 Y112.697 E2421.15639
G1 X135.566 Y113.18 E2421.19291
G1 F1574.1 X135.193 Y113.909 E2421.23703
M204 S5000
M205 X30 Y30
G0 F7200 X135.162 Y114.106
G0 X135.735 Y114.564
M204 S3000
M205 X20 Y20
G1 F1576.5 X135.849 Y114.047 E2421.26552
G1 F1571.6 X136.139 Y113.512 E2421.29836
G1 F1581.4 X136.571 Y113.104 E2421.33022
G1 X136.875 Y112.924 E2421.34917
G1 F1574.1 X137.382 Y112.758 E2421.37792
G1 F1571.6 X137.777 Y112.73 E2421.39929
G1 X138.231 Y112.782 E2421.42395
G1 F1576.5 X138.586 Y112.905 E2421.44416
G1 F1578.9 X139.041 Y113.187 E2421.47291
G1 F1588.8 X139.268 Y113.411 E2421.48994
G1 F1583.9 X139.597 Y113.916 E2421.52221
G1 F1576.5 X139.745 Y114.407 E2421.5498
G1 F1581.4 X139.748 Y115.086 E2421.58622
G1 F1583.9 X139.593 Y115.603 E2421.61512
G1 X139.261 Y116.104 E2421.6473
G1 F1591.3 X138.803 Y116.479 E2421.67885
G1 F1586.3 X138.237 Y116.717 E2421.71168
G1 F1569.2 X137.733 Y116.775 E2421.7391
G1 F1571.6 X137.382 Y116.742 E2421.75813
G1 F1576.5 X136.841 Y116.562 E2421.7888
G1 F1581.4 X136.572 Y116.396 E2421.80575
G1 X136.138 Y115.98 E2421.83799
G1 F1574.1 X135.849 Y115.453 E2421.87038
G1 F1578.9 X135.735 Y114.936 E2421.89882
G1 F1583.9 X135.735 Y114.564 E2421.91874
M204 S5000
M205 X30 Y30
G0 F7200 X135.778 Y114.369
G1 F1500 E2415.41874
G0 F7200 X135.558 Y114.32
G0 X136.13 Y112.809
G0 X135.496 Y111.868
G0 X135.497 Y98.633
G0 X135.735 Y95.564
M204 S3000
M205 X20 Y20
G1 F1500 E2421.91874
G1 F1576.5 X135.849 Y95.047 E2421.94722
G1 F1571.6 X136.139 Y94.512 E2421.98006
G1 F1581.4 X136.571 Y94.104 E2422.01193
G1 X136.875 Y93.924 E2422.03088
G1 F1574.1 X137.382 Y93.758 E2422.05962
G1 F1571.6 X137.777 Y93.73 E2422.08099
G1 X138.231 Y93.782 E2422.10565
G1 F1576.5 X138.586 Y93.905 E2422.12586
G1 F1578.9 X139.041 Y94.187 E2422.15462
G1 F1588.8 X139.268 Y94.411 E2422.17164
G1 F1583.9 X139.597 Y94.916 E2422.20392
G1 F1576.5 X139.745 Y95.407 E2422.2315
G1 F1581.4 X139.748 Y96.086 E2422.26792
G1 F1583.9 X139.593 Y96.603 E2422.29682
G1 X139.261 Y97.104 E2422.32901
G1 F1591.3 X138.803 Y97.479 E2422.36056
G1 F1586.3 X138.237 Y97.717 E2422.39338
G1 F1569.2 X137.733 Y97.775 E2422.4208
G1 F1571.6 X137.382 Y97.742 E2422.43983
G1 F1576.5 X136.841 Y97.562 E2422.4705
G1 F1581.4 X136.572 Y97.396 E2422.48746
G1 X136.138 Y96.98 E2422.5197
G1 F1574.1 X135.849 Y96.453 E2422.55208
G1 F1578.9 X135.735 Y95.936 E2422.58052
G1 F1581.4 X135.731 Y95.614 E2422.59779
G1 X135.735 Y95.564 E2422.60048
M204 S5000
M205 X30 Y30
G0 F7200 X135.778 Y95.369
G0 X135.193 Y94.909
M204 S3000
M205 X20 Y20
G1 F1571.6 X135.079 Y95.623 E2422.6395
G1 F1569.2 X135.079 Y95.881 E2422.65344
G1 F1571.6 X135.193 Y96.591 E2422.69225
G1 F1574.1 X135.567 Y97.321 E2422.73645
G1 F1569.2 X136.04 Y97.803 E2422.77294
G1 F1571.6 X136.597 Y98.18 E2422.80924
G1 F1576.5 X137.273 Y98.381 E2422.84718
G1 F1571.6 X137.82 Y98.421 E2422.87678
G1 F1569.2 X138.367 Y98.353 E2422.90657
G1 F1566.8 X138.883 Y98.168 E2422.93624
G1 F1554.9 X139.361 Y97.881 E2422.96666
G1 X139.559 Y97.716 E2422.98071
G1 F1557.3 X139.925 Y97.299 E2423.01093
G1 F1566.8 X140.2 Y96.825 E2423.0406
G1 F1571.6 X140.366 Y96.3 E2423.07031
G1 F1562 X140.421 Y95.748 E2423.10043
G1 X140.366 Y95.2 E2423.13034
G1 F1569.2 X140.2 Y94.675 E2423.16009
G1 F1566.8 X139.925 Y94.2 E2423.18981
G1 F1564.4 X139.559 Y93.78 E2423.22001
G1 F1569.2 X139.363 Y93.616 E2423.23382
G1 F1571.6 X138.884 Y93.329 E2423.26395
G1 F1576.5 X138.367 Y93.147 E2423.29344
G1 F1571.6 X137.82 Y93.078 E2423.32319
G1 X137.273 Y93.119 E2423.35279
G1 F1576.5 X136.597 Y93.32 E2423.39074
G1 F1571.6 X136.04 Y93.697 E2423.42703
G1 X135.566 Y94.18 E2423.46355
G1 F1574.1 X135.193 Y94.909 E2423.50767
M204 S5000
M205 X30 Y30
G0 F7200 X135.162 Y95.106
G1 F1500 E2417.00767
;MESH:NONMESH
G0 F600 X135.162 Y95.106 Z4.1
G0 F7200 X135.381 Y95.141
G0 X134.089 Y95.634
G0 X85.911 Y95.634
G0 X79.634 Y95.2
;TIME_ELAPSED:2280.399853
;LAYER:19
M204 S3000
M205 X20 Y20
;TYPE:WALL-OUTER
;MESH:Pi Holder.stl
G1 F1500 E2423.50767
G1 F1562 X79.58 Y95.752 E2423.53779
G1 X79.634 Y96.3 E2423.56769
G1 F1571.6 X79.8 Y96.825 E2423.5974
G1 F1566.8 X80.075 Y97.299 E2423.62707
G1 F1557.3 X80.441 Y97.716 E2423.65728
G1 X80.639 Y97.881 E2423.67132
G1 F1559.6 X81.117 Y98.168 E2423.70164
G1 F1566.8 X81.633 Y98.353 E2423.73131
G1 F1571.6 X82.18 Y98.422 E2423.76107
G1 X82.727 Y98.381 E2423.79067
G1 F1576.5 X83.403 Y98.18 E2423.82861
G1 F1571.6 X83.96 Y97.803 E2423.8649
G1 X84.433 Y97.321 E2423.90135
G1 F1574.1 X84.807 Y96.591 E2423.94554
G1 F1571.6 X84.921 Y95.877 E2423.98456
G1 F1569.2 X84.921 Y95.619 E2423.99851
G1 F1571.6 X84.806 Y94.908 E2424.03737
G1 F1574.1 X84.432 Y94.179 E2424.08152
G1 F1569.2 X83.96 Y93.697 E2424.11798
G1 F1571.6 X83.403 Y93.32 E2424.15428
G1 F1578.9 X82.727 Y93.119 E2424.19216
G1 F1574.1 X82.18 Y93.079 E2424.22171
G1 F1571.6 X81.633 Y93.147 E2424.25146
G1 F1574.1 X81.116 Y93.329 E2424.28099
G1 F1571.6 X80.637 Y93.616 E2424.31112
G1 X80.439 Y93.782 E2424.32507
G1 F1566.8 X80.075 Y94.2 E2424.35507
G1 X79.8 Y94.675 E2424.38478
G1 F1571.6 X79.634 Y95.2 E2424.4145
M204 S5000
M205 X30 Y30
G0 F7200 X79.615 Y95.399
G0 X80.244 Y95.501
M204 S3000
M205 X20 Y20
G1 F1578.9 X80.398 Y94.928 E2424.44637
G1 F1581.4 X80.731 Y94.411 E2424.47935
G1 X80.959 Y94.187 E2424.49649
G1 F1574.1 X81.417 Y93.903 E2424.52553
G1 X81.769 Y93.782 E2424.54558
G1 X82.273 Y93.727 E2424.5729
G1 F1576.5 X82.618 Y93.758 E2424.59154
G1 F1581.4 X83.159 Y93.938 E2424.62211
G1 F1588.8 X83.428 Y94.104 E2424.63899
G1 X83.862 Y94.521 E2424.67112
G1 F1581.4 X84.147 Y95.027 E2424.70226
G1 F1583.9 X84.265 Y95.564 E2424.73171
G1 F1588.8 X84.265 Y95.936 E2424.75156
G1 F1586.3 X84.151 Y96.453 E2424.77987
G1 F1578.9 X83.852 Y96.993 E2424.81303
G1 F1586.3 X83.429 Y97.396 E2424.84426
G1 F1583.9 X83.125 Y97.576 E2424.86318
G1 F1574.1 X82.618 Y97.742 E2424.89193
G1 F1571.6 X82.224 Y97.77 E2424.91324
G1 X81.763 Y97.717 E2424.93828
G1 F1578.9 X81.236 Y97.5 E2424.9689
G1 F1583.9 X80.713 Y97.064 E2425.00536
G1 F1581.4 X80.41 Y96.607 E2425.03477
G1 F1576.5 X80.253 Y96.087 E2425.06399
G1 F1581.4 X80.244 Y95.501 E2425.09542
M204 S5000
M205 X30 Y30
G0 F7200 X80.295 Y95.308
G1 F1500 E2418.59542
G0 F7200 X80.071 Y95.24
G0 X80.224 Y96.564
G0 X81.177 Y98.039
G0 X80.804 Y99.11
G0 X80.803 Y111.391
G0 X79.634 Y114.2
M204 S3000
M205 X20 Y20
G1 F1500 E2425.09542
G1 F1562 X79.58 Y114.752 E2425.12553
G1 X79.634 Y115.3 E2425.15543
G1 F1571.6 X79.8 Y115.825 E2425.18515
G1 F1566.8 X80.075 Y116.299 E2425.21481
G1 F1557.3 X80.441 Y116.716 E2425.24503
G1 X80.639 Y116.881 E2425.25907
G1 F1559.6 X81.117 Y117.168 E2425.28939
G1 F1566.8 X81.633 Y117.353 E2425.31906
G1 F1571.6 X82.18 Y117.422 E2425.34881
G1 X82.727 Y117.381 E2425.37841
G1 F1576.5 X83.403 Y117.18 E2425.41635
G1 F1571.6 X83.96 Y116.803 E2425.45265
G1 X84.433 Y116.321 E2425.48909
G1 F1574.1 X84.807 Y115.591 E2425.53329
G1 F1571.6 X84.921 Y114.877 E2425.57231
G1 F1569.2 X84.921 Y114.619 E2425.58625
G1 F1571.6 X84.806 Y113.908 E2425.62512
G1 F1574.1 X84.432 Y113.179 E2425.66927
G1 F1569.2 X83.96 Y112.697 E2425.70573
G1 F1571.6 X83.403 Y112.32 E2425.74202
G1 F1578.9 X82.727 Y112.119 E2425.77991
G1 F1574.1 X82.18 Y112.079 E2425.80946
G1 F1571.6 X81.633 Y112.147 E2425.8392
G1 F1574.1 X81.116 Y112.329 E2425.86874
G1 F1571.6 X80.637 Y112.616 E2425.89887
G1 X80.439 Y112.782 E2425.91281
G1 F1566.8 X80.075 Y113.2 E2425.94282
G1 X79.8 Y113.675 E2425.97253
G1 F1571.6 X79.634 Y114.2 E2426.00224
M204 S5000
M205 X30 Y30
G0 F7200 X79.615 Y114.399
G0 X80.244 Y114.501
M204 S3000
M205 X20 Y20
G1 F1578.9 X80.398 Y113.928 E2426.03411
G1 F1581.4 X80.731 Y113.411 E2426.06709
G1 X80.959 Y113.187 E2426.08424
G1 F1574.1 X81.417 Y112.903 E2426.11327
G1 X81.769 Y112.782 E2426.13333
G1 X82.273 Y112.727 E2426.16065
G1 F1576.5 X82.618 Y112.758 E2426.17928
G1 F1581.4 X83.159 Y112.938 E2426.20986
G1 F1588.8 X83.428 Y113.104 E2426.22673
G1 X83.862 Y113.521 E2426.25886
G1 F1581.4 X84.147 Y114.027 E2426.29001
G1 F1583.9 X84.265 Y114.564 E2426.31945
G1 F1588.8 X84.265 Y114.936 E2426.33931
G1 F1586.3 X84.151 Y115.453 E2426.36762
G1 F1578.9 X83.852 Y115.993 E2426.40077
G1 F1586.3 X83.429 Y116.396 E2426.43201
G1 F1583.9 X83.125 Y116.576 E2426.45093
G1 F1574.1 X82.618 Y116.742 E2426.47967
G1 F1571.6 X82.224 Y116.77 E2426.50099
G1 X81.763 Y116.717 E2426.52603
G1 F1578.9 X81.236 Y116.5 E2426.55664
G1 F1583.9 X80.713 Y116.064 E2426.5931
G1 F1581.4 X80.41 Y115.607 E2426.62251
G1 F1576.5 X80.253 Y115.087 E2426.65173
G1 F1581.4 X80.244 Y114.501 E2426.68317
M204 S5000
M205 X30 Y30
G0 F7200 X80.295 Y114.308
G1 F1500 E2420.18317
G0 F7200 X80.071 Y114.24
G0 X80.598 Y113.307
G0 X81.723 Y112.62
G0 X83.23 Y112.786
G0 X84.777 Y114.634
G0 X85.911 Y114.634
G0 X134.187 Y113.92
G0 X135.193 Y113.909
M204 S3000
M205 X20 Y20
G1 F1500 E2426.68317
G1 F1571.6 X135.079 Y114.623 E2426.72218
G1 F1569.2 X135.079 Y114.881 E2426.73613
G1 F1571.6 X135.193 Y115.591 E2426.77493
G1 F1574.1 X135.567 Y116.321 E2426.81913
G1 F1569.2 X136.04 Y116.803 E2426.85563
G1 F1571.6 X136.597 Y117.18 E2426.89192
G1 F1576.5 X137.273 Y117.381 E2426.92987
G1 F1571.6 X137.82 Y117.421 E2426.95946
G1 F1569.2 X138.367 Y117.353 E2426.98925
G1 F1566.8 X138.883 Y117.168 E2427.01893
G1 F1554.9 X139.361 Y116.881 E2427.04934
G1 X139.559 Y116.716 E2427.0634
G1 F1557.3 X139.925 Y116.299 E2427.09362
G1 F1566.8 X140.2 Y115.825 E2427.12328
G1 F1571.6 X140.366 Y115.3 E2427.15299
G1 F1562 X140.421 Y114.748 E2427.18311
G1 X140.366 Y114.2 E2427.21302
G1 F1569.2 X140.2 Y113.675 E2427.24278
G1 F1566.8 X139.925 Y113.2 E2427.27249
G1 F1564.4 X139.559 Y112.78 E2427.30269
G1 F1569.2 X139.363 Y112.616 E2427.3165
G1 F1571.6 X138.884 Y112.329 E2427.34664
G1 F1576.5 X138.367 Y112.147 E2427.37612
G1 F1571.6 X137.82 Y112.078 E2427.40588
G1 X137.273 Y112.119 E2427.43548
G1 F1576.5 X136.597 Y112.32 E2427.47342
G1 F1571.6 X136.04 Y112.697 E2427.50972
G1 X135.566 Y113.18 E2427.54624
G1 F1574.1 X135.193 Y113.909 E2427.59036
M204 S5000
M205 X30 Y30
G0 F7200 X135.162 Y114.106
G0 X135.735 Y114.564
M204 S3000
M205 X20 Y20
G1 F1576.5 X135.849 Y114.047 E2427.61884
G1 F1571.6 X136.139 Y113.512 E2427.65168
G1 F1581.4 X136.571 Y113.104 E2427.68355
G1 X136.875 Y112.924 E2427.7025
G1 F1574.1 X137.382 Y112.758 E2427.73124
G1 F1571.6 X137.777 Y112.73 E2427.75261
G1 X138.231 Y112.782 E2427.77727
G1 F1576.5 X138.586 Y112.905 E2427.79748
G1 F1578.9 X139.041 Y113.187 E2427.82624
G1 F1588.8 X139.268 Y113.411 E2427.84326
G1 F1583.9 X139.597 Y113.916 E2427.87554
G1 F1576.5 X139.745 Y114.407 E2427.90312
G1 F1581.4 X139.748 Y115.086 E2427.93954
G1 F1583.9 X139.593 Y115.603 E2427.96844
G1 X139.261 Y116.104 E2428.00063
G1 F1591.3 X138.803 Y116.479 E2428.03218
G1 F1586.3 X138.237 Y116.717 E2428.065
G1 F1569.2 X137.733 Y116.775 E2428.09242
G1 F1571.6 X137.382 Y116.742 E2428.11145
G1 F1576.5 X136.841 Y116.562 E2428.14212
G1 F1581.4 X136.572 Y116.396 E2428.15908
G1 X136.138 Y115.98 E2428.19132
G1 F1574.1 X135.849 Y115.453 E2428.2237
G1 F1578.9 X135.735 Y114.936 E2428.25214
G1 F1581.4 X135.731 Y114.614 E2428.26941
G1 X135.735 Y114.564 E2428.2721
M204 S5000
M205 X30 Y30
G0 F7200 X135.778 Y114.369
G1 F1500 E2421.7721
G0 F7200 X135.558 Y114.32
G0 X136.13 Y112.809
G0 X135.496 Y111.868
G0 X135.497 Y98.633
G0 X135.735 Y95.564
M204 S3000
M205 X20 Y20
G1 F1500 E2428.2721
G1 F1576.5 X135.849 Y95.047 E2428.30058
G1 F1571.6 X136.139 Y94.512 E2428.33342
G1 F1581.4 X136.571 Y94.104 E2428.36529
G1 X136.875 Y93.924 E2428.38424
G1 F1574.1 X137.382 Y93.758 E2428.41299
G1 F1571.6 X137.777 Y93.73 E2428.43435
G1 X138.231 Y93.782 E2428.45901
G1 F1576.5 X138.586 Y93.905 E2428.47923
G1 F1578.9 X139.041 Y94.187 E2428.50798
G1 F1588.8 X139.268 Y94.411 E2428.52501
G1 F1583.9 X139.597 Y94.916 E2428.55728
G1 F1576.5 X139.745 Y95.407 E2428.58487
G1 F1581.4 X139.748 Y96.086 E2428.62129
G1 F1583.9 X139.593 Y96.603 E2428.65019
G1 X139.261 Y97.104 E2428.68237
G1 F1591.3 X138.803 Y97.479 E2428.71392
G1 F1586.3 X138.237 Y97.717 E2428.74675
G1 F1569.2 X137.733 Y97.775 E2428.77417
G1 F1571.6 X137.382 Y97.742 E2428.79319
G1 F1576.5 X136.841 Y97.562 E2428.82387
G1 F1581.4 X136.572 Y97.396 E2428.84082
G1 X136.138 Y96.98 E2428.87306
G1 F1574.1 X135.849 Y96.453 E2428.90545
G1 F1578.9 X135.735 Y95.936 E2428.93389
G1 F1581.4 X135.731 Y95.614 E2428.95116
G1 X135.735 Y95.564 E2428.95385
M204 S5000
M205 X30 Y30
G0 F7200 X135.778 Y95.369
G0 X135.193 Y94.909
M204 S3000
M205 X20 Y20
G1 F1571.6 X135.079 Y95.623 E2428.99287
G1 F1569.2 X135.079 Y95.881 E2429.00681
G1 F1571.6 X135.193 Y96.591 E2429.04562
G1 F1574.1 X135.567 Y97.321 E2429.08981
G1 F1569.2 X136.04 Y97.803 E2429.12631
G1 F1571.6 X136.597 Y98.18 E2429.16261
G1 F1576.5 X137.273 Y98.381 E2429.20055
G1 F1571.6 X137.82 Y98.421 E2429.23014
G1 F1569.2 X138.367 Y98.353 E2429.25994
G1 F1566.8 X138.883 Y98.168 E2429.28961
G1 F1554.9 X139.361 Y97.881 E2429.32002
G1 X139.559 Y97.716 E2429.33408
G1 F1557.3 X139.925 Y97.299 E2429.3643
G1 F1566.8 X140.2 Y96.825 E2429.39396
G1 F1571.6 X140.366 Y96.3 E2429.42368
G1 F1562 X140.421 Y95.748 E2429.4538
G1 X140.366 Y95.2 E2429.4837
G1 F1569.2 X140.2 Y94.675 E2429.51346
G1 F1566.8 X139.925 Y94.2 E2429.54317
G1 F1564.4 X139.559 Y93.78 E2429.57337
G1 F1569.2 X139.363 Y93.616 E2429.58719
G1 F1571.6 X138.884 Y93.329 E2429.61732
G1 F1576.5 X138.367 Y93.147 E2429.64681
G1 F1571.6 X137.82 Y93.078 E2429.67656
G1 X137.273 Y93.119 E2429.70616
G1 F1576.5 X136.597 Y93.32 E2429.7441
G1 F1571.6 X136.04 Y93.697 E2429.7804
G1 X135.566 Y94.18 E2429.81692
G1 F1574.1 X135.193 Y94.909 E2429.86104
M204 S5000
M205 X30 Y30
G0 F7200 X135.162 Y95.106
G1 F1500 E2423.36104
;MESH:NONMESH
G0 F600 X135.162 Y95.106 Z4.3
G0 F7200 X135.381 Y95.141
G0 X134.089 Y95.634
G0 X85.911 Y95.634
G0 X79.634 Y95.2
;TIME_ELAPSED:2288.667511
;LAYER:20
M204 S3000
M205 X20 Y20
;TYPE:WALL-OUTER
;MESH:Pi Holder.stl
G1 F1500 E2429.86104
G1 F1562 X79.58 Y95.752 E2429.89115
G1 F1559.6 X79.634 Y96.3 E2429.9211
G1 F1569.2 X79.8 Y96.825 E2429.95086
G1 F1566.8 X80.075 Y97.299 E2429.98052
G1 F1557.3 X80.441 Y97.716 E2430.01074
G1 X80.639 Y97.881 E2430.02478
G1 F1559.6 X81.117 Y98.168 E2430.0551
G1 F1566.8 X81.633 Y98.353 E2430.08477
G1 F1571.6 X82.18 Y98.422 E2430.11452
G1 X82.727 Y98.381 E2430.14412
G1 F1576.5 X83.403 Y98.18 E2430.18206
G1 F1571.6 X83.96 Y97.803 E2430.21836
G1 X84.433 Y97.321 E2430.2548
G1 F1574.1 X84.807 Y96.591 E2430.299
G1 F1571.6 X84.921 Y95.877 E2430.33802
G1 F1569.2 X84.921 Y95.619 E2430.35196
G1 F1571.6 X84.806 Y94.908 E2430.39083
G1 F1574.1 X84.432 Y94.179 E2430.43498
G1 F1569.2 X83.96 Y93.697 E2430.47144
G1 F1571.6 X83.403 Y93.32 E2430.50773
G1 F1578.9 X82.727 Y93.119 E2430.54562
G1 F1574.1 X82.18 Y93.079 E2430.57517
G1 F1571.6 X81.633 Y93.147 E2430.60491
G1 F1574.1 X81.116 Y93.329 E2430.63445
G1 F1571.6 X80.637 Y93.616 E2430.66458
G1 X80.439 Y93.782 E2430.67852
G1 F1566.8 X80.075 Y94.2 E2430.70853
G1 X79.8 Y94.675 E2430.73824
G1 F1571.6 X79.634 Y95.2 E2430.76795
M204 S5000
M205 X30 Y30
G0 F7200 X79.615 Y95.399
G0 X80.252 Y96.09
M204 S3000
M205 X20 Y20
G1 F1576.5 X80.244 Y95.501 E2430.79964
G1 F1578.9 X80.398 Y94.928 E2430.83151
G1 F1581.4 X80.731 Y94.411 E2430.86449
G1 X80.959 Y94.187 E2430.88164
G1 F1574.1 X81.417 Y93.903 E2430.91067
G1 X81.769 Y93.782 E2430.93073
G1 X82.273 Y93.727 E2430.95805
G1 F1576.5 X82.618 Y93.758 E2430.97668
G1 F1581.4 X83.159 Y93.938 E2431.00726
G1 F1588.8 X83.428 Y94.104 E2431.02413
G1 X83.862 Y94.521 E2431.05626
G1 F1581.4 X84.147 Y95.027 E2431.08741
G1 F1583.9 X84.265 Y95.564 E2431.11685
G1 F1588.8 X84.265 Y95.936 E2431.13671
G1 F1586.3 X84.151 Y96.453 E2431.16502
G1 F1578.9 X83.852 Y96.993 E2431.19817
G1 F1586.3 X83.429 Y97.396 E2431.22941
G1 F1583.9 X83.125 Y97.576 E2431.24833
G1 F1574.1 X82.618 Y97.742 E2431.27707
G1 F1571.6 X82.224 Y97.77 E2431.29839
G1 X81.763 Y97.717 E2431.32343
G1 F1578.9 X81.236 Y97.5 E2431.35404
G1 F1583.9 X80.713 Y97.064 E2431.3905
G1 F1581.4 X80.41 Y96.607 E2431.41991
G1 F1571.6 X80.252 Y96.09 E2431.44909
M204 S5000
M205 X30 Y30
G0 F7200 X80.25 Y95.89
G1 F1500 E2424.94909
G0 F7200 X80.015 Y95.89
G0 X81.177 Y98.039
G0 X80.804 Y99.11
G0 X80.803 Y111.391
G0 X79.634 Y114.2
M204 S3000
M205 X20 Y20
G1 F1500 E2431.44909
G1 F1562 X79.583 Y114.785 E2431.48097
G1 F1559.6 X79.634 Y115.3 E2431.50911
G1 F1569.2 X79.8 Y115.825 E2431.53887
G1 F1566.8 X80.075 Y116.299 E2431.56854
G1 F1557.3 X80.441 Y116.716 E2431.59875
G1 X80.639 Y116.881 E2431.61279
G1 F1559.6 X81.117 Y117.168 E2431.64311
G1 F1566.8 X81.633 Y117.353 E2431.67278
G1 F1571.6 X82.18 Y117.422 E2431.70254
G1 X82.727 Y117.381 E2431.73214
G1 F1576.5 X83.403 Y117.18 E2431.77008
G1 F1571.6 X83.96 Y116.803 E2431.80637
G1 X84.433 Y116.321 E2431.84282
G1 F1574.1 X84.807 Y115.591 E2431.88701
G1 F1571.6 X84.921 Y114.877 E2431.92603
G1 F1569.2 X84.921 Y114.619 E2431.93998
G1 F1571.6 X84.806 Y113.908 E2431.97884
G1 F1574.1 X84.432 Y113.179 E2432.02299
G1 F1569.2 X83.96 Y112.697 E2432.05945
G1 F1571.6 X83.403 Y112.32 E2432.09575
G1 F1578.9 X82.727 Y112.119 E2432.13363
G1 F1574.1 X82.18 Y112.079 E2432.16318
G1 F1571.6 X81.633 Y112.147 E2432.19293
G1 F1574.1 X81.116 Y112.329 E2432.22246
G1 F1571.6 X80.637 Y112.616 E2432.25259
G1 X80.439 Y112.782 E2432.26654
G1 F1566.8 X80.075 Y113.2 E2432.29654
G1 X79.8 Y113.675 E2432.32625
G1 F1571.6 X79.634 Y114.2 E2432.35597
M204 S5000
M205 X30 Y30
G0 F7200 X79.617 Y114.399
G0 X80.252 Y115.09
M204 S3000
M205 X20 Y20
G1 F1576.5 X80.244 Y114.501 E2432.38766
G1 F1578.9 X80.398 Y113.928 E2432.41953
G1 F1581.4 X80.731 Y113.411 E2432.45251
G1 X80.959 Y113.187 E2432.46965
G1 F1574.1 X81.417 Y112.903 E2432.49869
G1 X81.769 Y112.782 E2432.51874
G1 X82.273 Y112.727 E2432.54606
G1 F1576.5 X82.618 Y112.758 E2432.5647
G1 F1581.4 X83.159 Y112.938 E2432.59527
G1 F1588.8 X83.428 Y113.104 E2432.61215
G1 X83.862 Y113.521 E2432.64428
G1 F1581.4 X84.147 Y114.027 E2432.67542
G1 F1583.9 X84.265 Y114.564 E2432.70487
G1 F1588.8 X84.265 Y114.936 E2432.72472
G1 F1586.3 X84.151 Y115.453 E2432.75303
G1 F1578.9 X83.852 Y115.993 E2432.78619
G1 F1586.3 X83.429 Y116.396 E2432.81742
G1 F1583.9 X83.125 Y116.576 E2432.83634
G1 F1574.1 X82.618 Y116.742 E2432.86509
G1 F1571.6 X82.224 Y116.77 E2432.8864
G1 X81.763 Y116.717 E2432.91144
G1 F1578.9 X81.236 Y116.5 E2432.94206
G1 F1583.9 X80.713 Y116.064 E2432.97852
G1 F1581.4 X80.41 Y115.607 E2433.00793
G1 F1571.6 X80.252 Y115.09 E2433.0371
M204 S5000
M205 X30 Y30
G0 F7200 X80.25 Y114.89
G1 F1500 E2426.5371
G0 F7200 X80.015 Y114.89
G0 X80.614 Y116.216
G0 X81.694 Y116.875
G0 X83.23 Y116.714
G0 X84.777 Y114.634
G0 X85.911 Y114.634
G0 X134.187 Y113.92
G0 X135.193 Y113.909
M204 S3000
M205 X20 Y20
G1 F1500 E2433.0371
G1 F1571.6 X135.079 Y114.623 E2433.07612
G1 F1569.2 X135.079 Y114.881 E2433.09006
G1 F1571.6 X135.193 Y115.591 E2433.12887
G1 F1574.1 X135.567 Y116.321 E2433.17306
G1 F1569.2 X136.04 Y116.803 E2433.20956
G1 F1571.6 X136.597 Y117.18 E2433.24586
G1 F1576.5 X137.273 Y117.381 E2433.2838
G1 F1571.6 X137.82 Y117.421 E2433.3134
G1 F1569.2 X138.367 Y117.353 E2433.34319
G1 F1566.8 X138.883 Y117.168 E2433.37286
G1 F1554.9 X139.361 Y116.881 E2433.40327
G1 X139.559 Y116.716 E2433.41733
G1 F1557.3 X139.925 Y116.299 E2433.44755
G1 F1566.8 X140.2 Y115.825 E2433.47721
G1 F1571.6 X140.366 Y115.3 E2433.50693
G1 F1562 X140.421 Y114.748 E2433.53705
G1 X140.366 Y114.2 E2433.56695
G1 F1569.2 X140.2 Y113.675 E2433.59671
G1 F1566.8 X139.925 Y113.2 E2433.62642
G1 F1564.4 X139.559 Y112.78 E2433.65662
G1 F1569.2 X139.363 Y112.616 E2433.67044
G1 F1571.6 X138.884 Y112.329 E2433.70057
G1 F1576.5 X138.367 Y112.147 E2433.73006
G1 F1571.6 X137.82 Y112.078 E2433.75981
G1 X137.273 Y112.119 E2433.78941
G1 F1576.5 X136.597 Y112.32 E2433.82735
G1 F1571.6 X136.04 Y112.697 E2433.86365
G1 X135.566 Y113.18 E2433.90017
G1 F1574.1 X135.193 Y113.909 E2433.94429
M204 S5000
M205 X30 Y30
G0 F7200 X135.162 Y114.106
G0 X135.735 Y114.564
M204 S3000
M205 X20 Y20
G1 F1576.5 X135.849 Y114.047 E2433.97277
G1 F1571.6 X136.139 Y113.512 E2434.00561
G1 F1581.4 X136.571 Y113.104 E2434.03748
G1 X136.875 Y112.924 E2434.05643
G1 F1574.1 X137.382 Y112.758 E2434.08517
G1 F1571.6 X137.777 Y112.73 E2434.10654
G1 X138.231 Y112.782 E2434.1312
G1 F1576.5 X138.586 Y112.905 E2434.15142
G1 F1578.9 X139.041 Y113.187 E2434.18017
G1 F1588.8 X139.268 Y113.411 E2434.19719
G1 F1583.9 X139.597 Y113.916 E2434.22947
G1 X139.755 Y114.47 E2434.26032
G1 F1588.8 X139.748 Y115.086 E2434.2932
G1 F1583.9 X139.593 Y115.603 E2434.32211
G1 X139.261 Y116.104 E2434.35429
G1 F1591.3 X138.803 Y116.479 E2434.38584
G1 F1586.3 X138.237 Y116.717 E2434.41867
G1 F1569.2 X137.733 Y116.775 E2434.44609
G1 F1571.6 X137.382 Y116.742 E2434.46511
G1 F1576.5 X136.841 Y116.562 E2434.49579
G1 F1581.4 X136.572 Y116.396 E2434.51274
G1 X136.138 Y115.98 E2434.54498
G1 F1574.1 X135.849 Y115.453 E2434.57737
G1 F1578.9 X135.735 Y114.936 E2434.6058
G1 F1581.4 X135.731 Y114.614 E2434.62308
G1 X135.735 Y114.564 E2434.62577
M204 S5000
M205 X30 Y30
G0 F7200 X135.778 Y114.369
G1 F1500 E2428.12577
G0 F7200 X135.558 Y114.32
G0 X136.13 Y112.809
G0 X135.496 Y111.868
G0 X135.497 Y98.633
G0 X135.735 Y95.564
M204 S3000
M205 X20 Y20
G1 F1500 E2434.62577
G1 F1576.5 X135.849 Y95.047 E2434.65425
G1 F1571.6 X136.139 Y94.512 E2434.68709
G1 F1581.4 X136.571 Y94.104 E2434.71896
G1 X136.875 Y93.924 E2434.7379
G1 F1574.1 X137.382 Y93.758 E2434.76665
G1 F1571.6 X137.777 Y93.73 E2434.78802
G1 X138.231 Y93.782 E2434.81268
G1 F1576.5 X138.586 Y93.905 E2434.83289
G1 F1578.9 X139.041 Y94.187 E2434.86164
G1 F1588.8 X139.268 Y94.411 E2434.87867
G1 F1583.9 X139.597 Y94.916 E2434.91094
G1 X139.755 Y95.47 E2434.94179
G1 F1588.8 X139.748 Y96.086 E2434.97468
G1 F1583.9 X139.593 Y96.603 E2435.00358
G1 X139.261 Y97.104 E2435.03576
G1 F1591.3 X138.803 Y97.479 E2435.06731
G1 F1586.3 X138.237 Y97.717 E2435.10014
G1 F1569.2 X137.733 Y97.775 E2435.12756
G1 F1571.6 X137.382 Y97.742 E2435.14659
G1 F1576.5 X136.841 Y97.562 E2435.17726
G1 F1581.4 X136.572 Y97.396 E2435.19421
G1 X136.138 Y96.98 E2435.22646
G1 F1574.1 X135.849 Y96.453 E2435.25884
G1 F1578.9 X135.735 Y95.936 E2435.28728
G1 F1581.4 X135.731 Y95.614 E2435.30455
G1 X135.735 Y95.564 E2435.30724
M204 S5000
M205 X30 Y30
G0 F7200 X135.778 Y95.369
G0 X135.193 Y94.909
M204 S3000
M205 X20 Y20
G1 F1571.6 X135.079 Y95.623 E2435.34626
G1 F1569.2 X135.079 Y95.881 E2435.3602
G1 F1571.6 X135.193 Y96.591 E2435.39901
G1 F1574.1 X135.567 Y97.321 E2435.4432
G1 F1569.2 X136.04 Y97.803 E2435.4797
G1 F1571.6 X136.597 Y98.18 E2435.516
G1 F1576.5 X137.273 Y98.381 E2435.55394
G1 F1571.6 X137.82 Y98.421 E2435.58354
G1 F1569.2 X138.367 Y98.353 E2435.61333
G1 F1566.8 X138.883 Y98.168 E2435.643
G1 F1554.9 X139.361 Y97.881 E2435.67341
G1 X139.559 Y97.716 E2435.68747
G1 F1557.3 X139.925 Y97.299 E2435.71769
G1 F1566.8 X140.2 Y96.825 E2435.74735
G1 F1571.6 X140.366 Y96.3 E2435.77707
G1 F1562 X140.421 Y95.748 E2435.80719
G1 X140.366 Y95.2 E2435.83709
G1 F1569.2 X140.2 Y94.675 E2435.86685
G1 F1566.8 X139.925 Y94.2 E2435.89656
G1 F1564.4 X139.559 Y93.78 E2435.92676
G1 F1569.2 X139.363 Y93.616 E2435.94058
G1 F1571.6 X138.884 Y93.329 E2435.97071
G1 F1576.5 X138.367 Y93.147 E2436.0002
G1 F1571.6 X137.82 Y93.078 E2436.02995
G1 X137.273 Y93.119 E2436.05955
G1 F1576.5 X136.597 Y93.32 E2436.09749
G1 F1571.6 X136.04 Y93.697 E2436.13379
G1 X135.566 Y94.18 E2436.17031
G1 F1574.1 X135.193 Y94.909 E2436.21443
M204 S5000
M205 X30 Y30
G0 F7200 X135.162 Y95.106
G1 F1500 E2429.71443
;MESH:NONMESH
G0 F600 X135.162 Y95.106 Z4.5
G0 F7200 X135.381 Y95.141
G0 X134.089 Y95.866
G0 X85.911 Y95.866
G0 X79.633 Y96.3
;TIME_ELAPSED:2296.942901
;LAYER:21
M204 S3000
M205 X20 Y20
;TYPE:WALL-OUTER
;MESH:Pi Holder.stl
G1 F1500 E2436.21443
G1 F1562 X79.803 Y96.824 E2436.24434
G1 F1564.4 X80.073 Y97.301 E2436.27406
G1 F1571.6 X80.44 Y97.718 E2436.30404
G1 F1569.2 X80.637 Y97.884 E2436.31796
G1 F1562 X81.117 Y98.168 E2436.34824
G1 F1566.8 X81.633 Y98.353 E2436.37791
G1 F1571.6 X82.18 Y98.422 E2436.40767
G1 X82.727 Y98.381 E2436.43727
G1 F1576.5 X83.404 Y98.18 E2436.47526
G1 F1571.6 X83.959 Y97.803 E2436.51147
G1 F1564.4 X84.447 Y97.299 E2436.5495
G1 F1569.2 X84.808 Y96.586 E2436.5927
G1 F1571.6 X84.921 Y95.877 E2436.63144
G1 F1569.2 X84.921 Y95.62 E2436.64533
G1 F1571.6 X84.805 Y94.905 E2436.68442
G1 F1574.1 X84.432 Y94.179 E2436.7284
G1 F1569.2 X83.96 Y93.697 E2436.76486
G1 F1571.6 X83.403 Y93.32 E2436.80115
G1 F1578.9 X82.727 Y93.119 E2436.83904
G1 F1574.1 X82.18 Y93.079 E2436.86859
G1 F1571.6 X81.633 Y93.148 E2436.89834
G1 F1574.1 X81.116 Y93.329 E2436.92786
G1 F1571.6 X80.637 Y93.616 E2436.95799
G1 X80.439 Y93.782 E2436.97193
G1 F1566.8 X80.075 Y94.2 E2437.00194
G1 X79.8 Y94.675 E2437.03165
G1 F1571.6 X79.634 Y95.2 E2437.06136
G1 F1559.6 X79.579 Y95.752 E2437.09153
G1 F1562 X79.633 Y96.3 E2437.12143
M204 S5000
M205 X30 Y30
G0 F7200 X79.694 Y96.49
G0 X80.246 Y96.032
M204 S3000
M205 X20 Y20
G1 F1586.3 X80.244 Y95.502 E2437.14976
G1 F1578.9 X80.398 Y94.928 E2437.18169
G1 F1581.4 X80.731 Y94.411 E2437.21467
G1 X80.959 Y94.187 E2437.23181
G1 F1574.1 X81.411 Y93.907 E2437.26046
G1 X81.764 Y93.784 E2437.2806
G1 X82.265 Y93.726 E2437.30778
G1 F1576.5 X82.614 Y93.758 E2437.32663
G1 F1581.4 X83.166 Y93.941 E2437.35782
G1 F1586.3 X83.65 Y94.29 E2437.38972
G1 X83.867 Y94.529 E2437.40698
G1 F1576.5 X84.148 Y95.039 E2437.43831
G1 F1581.4 X84.263 Y95.556 E2437.46671
G1 F1588.8 X84.265 Y95.935 E2437.48695
G1 F1583.9 X84.153 Y96.444 E2437.51485
G1 F1578.9 X83.988 Y96.789 E2437.5354
G1 F1588.8 X83.67 Y97.192 E2437.5628
G1 X83.167 Y97.558 E2437.59601
G1 F1578.9 X82.618 Y97.742 E2437.62711
G1 F1571.6 X82.224 Y97.77 E2437.64843
G1 X81.763 Y97.717 E2437.67347
G1 F1581.4 X81.209 Y97.484 E2437.7057
G1 F1578.9 X80.944 Y97.3 E2437.72303
G1 F1571.6 X80.591 Y96.912 E2437.75134
G1 F1578.9 X80.318 Y96.354 E2437.7847
G1 F1586.3 X80.246 Y96.032 E2437.80235
M204 S5000
M205 X30 Y30
G0 F7200 X80.246 Y95.832
G1 F1500 E2431.30235
G0 F7200 X80.015 Y95.832
G0 X81.177 Y98.039
G0 X80.804 Y99.11
G0 X80.803 Y111.391
G0 X80.246 Y115.032
M204 S3000
M205 X20 Y20
G1 F1500 E2437.80235
G1 F1586.3 X80.244 Y114.502 E2437.83068
G1 F1578.9 X80.398 Y113.928 E2437.86261
G1 F1581.4 X80.731 Y113.411 E2437.89559
G1 X80.959 Y113.187 E2437.91273
G1 F1574.1 X81.411 Y112.907 E2437.94138
G1 X81.764 Y112.784 E2437.96152
G1 X82.265 Y112.726 E2437.98869
G1 F1576.5 X82.614 Y112.758 E2438.00755
G1 F1581.4 X83.166 Y112.941 E2438.03874
G1 F1586.3 X83.65 Y113.29 E2438.07064
G1 X83.867 Y113.529 E2438.0879
G1 F1576.5 X84.148 Y114.039 E2438.11923
G1 F1581.4 X84.263 Y114.556 E2438.14763
G1 F1588.8 X84.265 Y114.935 E2438.16786
G1 F1583.9 X84.153 Y115.444 E2438.19577
G1 F1578.9 X83.988 Y115.789 E2438.21631
G1 F1588.8 X83.67 Y116.192 E2438.24372
G1 X83.167 Y116.558 E2438.27693
G1 F1578.9 X82.618 Y116.742 E2438.30803
G1 F1571.6 X82.224 Y116.77 E2438.32934
G1 X81.763 Y116.717 E2438.35439
G1 F1581.4 X81.209 Y116.484 E2438.38662
G1 F1578.9 X80.944 Y116.3 E2438.40395
G1 F1571.6 X80.591 Y115.912 E2438.43225
G1 F1578.9 X80.318 Y115.354 E2438.46562
G1 F1586.3 X80.246 Y115.032 E2438.48326
M204 S5000
M205 X30 Y30
G0 F7200 X80.246 Y114.832
G0 X79.633 Y115.3
M204 S3000
M205 X20 Y20
G1 F1562 X79.803 Y115.824 E2438.51318
G1 F1564.4 X80.073 Y116.301 E2438.54289
G1 F1571.6 X80.44 Y116.718 E2438.57287
G1 F1569.2 X80.637 Y116.884 E2438.58679
G1 F1562 X81.117 Y117.168 E2438.61707
G1 F1566.8 X81.633 Y117.353 E2438.64675
G1 F1571.6 X82.18 Y117.422 E2438.6765
G1 X82.727 Y117.381 E2438.7061
G1 F1576.5 X83.404 Y117.18 E2438.74409
G1 F1571.6 X83.959 Y116.803 E2438.7803
G1 F1564.4 X84.447 Y116.299 E2438.81833
G1 F1569.2 X84.808 Y115.586 E2438.86153
G1 F1571.6 X84.921 Y114.877 E2438.90027
G1 F1569.2 X84.921 Y114.62 E2438.91416
G1 F1571.6 X84.805 Y113.905 E2438.95325
G1 F1574.1 X84.432 Y113.179 E2438.99723
G1 F1569.2 X83.96 Y112.697 E2439.03369
G1 F1571.6 X83.403 Y112.32 E2439.06999
G1 F1578.9 X82.727 Y112.119 E2439.10787
G1 F1574.1 X82.18 Y112.079 E2439.13742
G1 F1571.6 X81.633 Y112.148 E2439.16717
G1 F1574.1 X81.116 Y112.329 E2439.19669
G1 F1571.6 X80.637 Y112.616 E2439.22682
G1 X80.439 Y112.782 E2439.24077
G1 F1566.8 X80.075 Y113.2 E2439.27077
G1 X79.8 Y113.675 E2439.30048
G1 F1571.6 X79.634 Y114.2 E2439.33019
G1 F1559.6 X79.579 Y114.752 E2439.36036
G1 F1562 X79.633 Y115.3 E2439.39026
M204 S5000
M205 X30 Y30
G0 F7200 X79.694 Y115.49
G1 F1500 E2432.89026
G0 F7200 X79.909 Y115.422
G0 X80.827 Y116.42
G0 X82.302 Y116.943
G0 X83.781 Y116.324
G0 X84.777 Y114.866
G0 X85.911 Y114.866
G0 X134.187 Y113.92
G0 X135.193 Y113.913
M204 S3000
M205 X20 Y20
G1 F1500 E2439.39026
G1 F1569.2 X135.079 Y114.623 E2439.42912
G1 F1566.8 X135.079 Y114.88 E2439.44304
G1 F1569.2 X135.195 Y115.595 E2439.48219
G1 F1564.4 X135.499 Y116.189 E2439.51836
G1 F1566.8 X135.647 Y116.401 E2439.53236
G1 F1569.2 X136.04 Y116.803 E2439.56274
G1 F1571.6 X136.597 Y117.18 E2439.59904
G1 F1576.5 X137.273 Y117.381 E2439.63698
G1 F1571.6 X137.82 Y117.421 E2439.66658
G1 F1569.2 X138.367 Y117.352 E2439.69637
G1 F1564.4 X138.883 Y117.168 E2439.72607
G1 F1554.9 X139.361 Y116.881 E2439.75649
G1 X139.559 Y116.716 E2439.77055
G1 F1557.3 X139.925 Y116.299 E2439.80076
G1 F1566.8 X140.2 Y115.825 E2439.83043
G1 F1571.6 X140.366 Y115.3 E2439.86014
G1 F1562 X140.421 Y114.748 E2439.89026
G1 F1564.4 X140.367 Y114.2 E2439.92011
G1 F1562 X140.197 Y113.676 E2439.95003
G1 F1564.4 X139.927 Y113.199 E2439.97974
G1 F1569.2 X139.559 Y112.78 E2440.00988
G1 X139.365 Y112.618 E2440.02354
G1 F1571.6 X138.884 Y112.329 E2440.05382
G1 F1576.5 X138.367 Y112.147 E2440.08331
G1 F1571.6 X137.82 Y112.078 E2440.11306
G1 X137.273 Y112.119 E2440.14266
G1 F1576.5 X136.596 Y112.32 E2440.18066
G1 F1569.2 X136.041 Y112.697 E2440.21692
G1 F1564.4 X135.554 Y113.2 E2440.25488
G1 F1566.8 X135.193 Y113.913 E2440.29814
M204 S5000
M205 X30 Y30
G0 F7200 X135.162 Y114.11
G0 X136.015 Y113.708
M204 S3000
M205 X20 Y20
G1 F1581.4 X136.33 Y113.308 E2440.32544
G1 F1583.9 X136.833 Y112.942 E2440.35875
G1 F1576.5 X137.382 Y112.758 E2440.3899
G1 F1571.6 X137.777 Y112.73 E2440.41127
G1 X138.231 Y112.782 E2440.43593
G1 F1576.5 X138.586 Y112.905 E2440.45615
G1 F1574.1 X139.083 Y113.223 E2440.48794
G1 F1571.6 X139.413 Y113.595 E2440.51477
G1 F1581.4 X139.682 Y114.146 E2440.54766
G1 F1591.3 X139.754 Y114.468 E2440.56524
G1 F1588.8 X139.748 Y115.086 E2440.59824
G1 F1581.4 X139.602 Y115.572 E2440.62545
G1 F1586.3 X139.26 Y116.096 E2440.65891
G1 F1596.2 X138.809 Y116.474 E2440.69017
G1 F1586.3 X138.244 Y116.716 E2440.72304
G1 F1574.1 X137.735 Y116.774 E2440.75064
G1 X137.386 Y116.742 E2440.76952
G1 F1576.5 X136.834 Y116.559 E2440.80081
G1 F1581.4 X136.35 Y116.21 E2440.83281
G1 X136.147 Y115.988 E2440.84894
G1 F1571.6 X135.852 Y115.461 E2440.88154
G1 F1578.9 X135.737 Y114.944 E2440.90999
G1 F1581.4 X135.73 Y114.616 E2440.92758
G1 F1578.9 X135.735 Y114.565 E2440.93033
G1 F1576.5 X135.847 Y114.056 E2440.95837
G1 F1571.6 X136.015 Y113.708 E2440.97923
M204 S5000
M205 X30 Y30
G0 F7200 X136.138 Y113.551
G1 F1500 E2434.47923
G0 F7200 X135.96 Y113.413
G0 X135.496 Y111.868
G0 X135.497 Y98.633
G0 X135.193 Y94.913
M204 S3000
M205 X20 Y20
G1 F1500 E2440.97923
G1 F1569.2 X135.079 Y95.623 E2441.01809
G1 F1566.8 X135.079 Y95.88 E2441.032
G1 F1569.2 X135.195 Y96.595 E2441.07115
G1 F1564.4 X135.499 Y97.189 E2441.10733
G1 F1566.8 X135.647 Y97.401 E2441.12132
G1 F1569.2 X136.04 Y97.803 E2441.15171
G1 F1571.6 X136.597 Y98.18 E2441.188
G1 F1576.5 X137.273 Y98.381 E2441.22595
G1 F1571.6 X137.82 Y98.421 E2441.25554
G1 F1569.2 X138.367 Y98.352 E2441.28534
G1 F1564.4 X138.883 Y98.168 E2441.31504
G1 F1554.9 X139.361 Y97.881 E2441.34545
G1 X139.559 Y97.716 E2441.35951
G1 F1557.3 X139.925 Y97.299 E2441.38973
G1 F1566.8 X140.2 Y96.825 E2441.41939
G1 F1571.6 X140.366 Y96.3 E2441.44911
G1 F1562 X140.421 Y95.748 E2441.47923
G1 F1564.4 X140.367 Y95.2 E2441.50908
G1 F1562 X140.197 Y94.676 E2441.53899
G1 F1564.4 X139.927 Y94.199 E2441.56871
G1 F1569.2 X139.559 Y93.78 E2441.59885
G1 X139.365 Y93.618 E2441.61251
G1 F1571.6 X138.884 Y93.329 E2441.64279
G1 F1576.5 X138.367 Y93.147 E2441.67228
G1 F1571.6 X137.82 Y93.078 E2441.70203
G1 X137.273 Y93.119 E2441.73163
G1 F1576.5 X136.596 Y93.32 E2441.76962
G1 F1569.2 X136.041 Y93.697 E2441.80589
G1 F1564.4 X135.554 Y94.2 E2441.84384
G1 F1566.8 X135.193 Y94.913 E2441.8871
M204 S5000
M205 X30 Y30
G0 F7200 X135.162 Y95.11
G0 X136.015 Y94.708
M204 S3000
M205 X20 Y20
G1 F1581.4 X136.33 Y94.308 E2441.91441
G1 F1583.9 X136.833 Y93.942 E2441.94772
G1 F1576.5 X137.382 Y93.758 E2441.97887
G1 F1571.6 X137.777 Y93.73 E2442.00024
G1 X138.231 Y93.782 E2442.0249
G1 F1576.5 X138.586 Y93.905 E2442.04511
G1 F1574.1 X139.083 Y94.223 E2442.0769
G1 F1571.6 X139.413 Y94.595 E2442.10374
G1 F1581.4 X139.682 Y95.146 E2442.13662
G1 F1591.3 X139.754 Y95.468 E2442.15421
G1 F1588.8 X139.748 Y96.086 E2442.1872
G1 F1581.4 X139.602 Y96.572 E2442.21442
G1 F1586.3 X139.26 Y97.096 E2442.24787
G1 F1596.2 X138.809 Y97.474 E2442.27914
G1 F1586.3 X138.244 Y97.716 E2442.312
G1 F1574.1 X137.735 Y97.774 E2442.33961
G1 X137.386 Y97.742 E2442.35849
G1 F1576.5 X136.834 Y97.559 E2442.38978
G1 F1581.4 X136.35 Y97.21 E2442.42178
G1 X136.147 Y96.988 E2442.43791
G1 F1571.6 X135.852 Y96.461 E2442.4705
G1 F1578.9 X135.737 Y95.944 E2442.49895
G1 F1581.4 X135.73 Y95.616 E2442.51655
G1 F1578.9 X135.735 Y95.565 E2442.5193
G1 F1576.5 X135.847 Y95.056 E2442.54734
G1 F1571.6 X136.015 Y94.708 E2442.56819
M204 S5000
M205 X30 Y30
G0 F7200 X136.138 Y94.551
G1 F1500 E2436.06819
;MESH:NONMESH
G0 F600 X136.138 Y94.551 Z4.7
G0 F7200 X135.96 Y94.413
G0 X134.187 Y94.92
G0 X85.911 Y95.634
G0 X79.634 Y95.2
;TIME_ELAPSED:2305.188310
;LAYER:22
M204 S3000
M205 X20 Y20
;TYPE:WALL-OUTER
;MESH:Pi Holder.stl
G1 F1500 E2442.56819
G1 F1562 X79.58 Y95.752 E2442.59831
G1 X79.634 Y96.3 E2442.62821
G1 F1571.6 X79.8 Y96.825 E2442.65792
G1 F1566.8 X80.075 Y97.299 E2442.68758
G1 F1557.3 X80.441 Y97.716 E2442.7178
G1 X80.639 Y97.881 E2442.73184
G1 F1559.6 X81.117 Y98.168 E2442.76216
G1 F1566.8 X81.633 Y98.353 E2442.79183
G1 F1571.6 X82.18 Y98.422 E2442.82158
G1 X82.727 Y98.381 E2442.85119
G1 F1576.5 X83.403 Y98.18 E2442.88913
G1 F1571.6 X83.96 Y97.803 E2442.92542
G1 X84.433 Y97.321 E2442.96187
G1 F1574.1 X84.807 Y96.591 E2443.00606
G1 F1571.6 X84.921 Y95.877 E2443.04508
G1 F1569.2 X84.921 Y95.619 E2443.05902
G1 F1571.6 X84.806 Y94.908 E2443.09789
G1 F1574.1 X84.432 Y94.179 E2443.14204
G1 F1569.2 X83.96 Y93.697 E2443.1785
G1 F1571.6 X83.403 Y93.32 E2443.2148
G1 F1578.9 X82.727 Y93.119 E2443.25268
G1 F1574.1 X82.18 Y93.079 E2443.28223
G1 F1571.6 X81.633 Y93.147 E2443.31198
G1 F1574.1 X81.116 Y93.329 E2443.34151
G1 F1571.6 X80.637 Y93.616 E2443.37164
G1 X80.439 Y93.782 E2443.38559
G1 F1566.8 X80.075 Y94.2 E2443.41559
G1 X79.8 Y94.675 E2443.4453
G1 F1571.6 X79.634 Y95.2 E2443.47501
M204 S5000
M205 X30 Y30
G0 F7200 X79.615 Y95.399
G0 X80.244 Y95.501
M204 S3000
M205 X20 Y20
G1 F1578.9 X80.398 Y94.928 E2443.50688
G1 F1581.4 X80.731 Y94.411 E2443.53987
G1 X80.959 Y94.187 E2443.55701
G1 F1574.1 X81.417 Y93.903 E2443.58605
G1 X81.769 Y93.782 E2443.6061
G1 X82.273 Y93.727 E2443.63342
G1 F1576.5 X82.618 Y93.758 E2443.65205
G1 F1581.4 X83.159 Y93.938 E2443.68263
G1 F1588.8 X83.428 Y94.104 E2443.69951
G1 X83.862 Y94.521 E2443.73164
G1 F1581.4 X84.147 Y95.027 E2443.76278
G1 F1583.9 X84.265 Y95.564 E2443.79222
G1 F1588.8 X84.265 Y95.936 E2443.81208
G1 F1586.3 X84.151 Y96.453 E2443.84039
G1 F1578.9 X83.852 Y96.993 E2443.87354
G1 F1586.3 X83.429 Y97.396 E2443.90478
G1 F1583.9 X83.125 Y97.576 E2443.9237
G1 F1574.1 X82.618 Y97.742 E2443.95244
G1 F1571.6 X82.224 Y97.77 E2443.97376
G1 X81.763 Y97.717 E2443.9988
G1 F1578.9 X81.236 Y97.5 E2444.02941
G1 F1583.9 X80.713 Y97.064 E2444.06588
G1 F1581.4 X80.41 Y96.607 E2444.09528
G1 F1576.5 X80.253 Y96.087 E2444.12451
G1 F1581.4 X80.244 Y95.501 E2444.15594
M204 S5000
M205 X30 Y30
G0 F7200 X80.295 Y95.308
G1 F1500 E2437.65594
G0 F7200 X80.071 Y95.24
G0 X80.224 Y96.564
G0 X81.177 Y98.039
G0 X80.804 Y99.11
G0 X80.803 Y111.391
G0 X79.634 Y114.2
M204 S3000
M205 X20 Y20
G1 F1500 E2444.15594
G1 F1562 X79.58 Y114.752 E2444.18605
G1 X79.634 Y115.3 E2444.21595
G1 F1571.6 X79.8 Y115.825 E2444.24567
G1 F1566.8 X80.075 Y116.299 E2444.27533
G1 F1557.3 X80.441 Y116.716 E2444.30555
G1 X80.639 Y116.881 E2444.31959
G1 F1559.6 X81.117 Y117.168 E2444.3499
G1 F1566.8 X81.633 Y117.353 E2444.37958
G1 F1571.6 X82.18 Y117.422 E2444.40933
G1 X82.727 Y117.381 E2444.43893
G1 F1576.5 X83.403 Y117.18 E2444.47687
G1 F1571.6 X83.96 Y116.803 E2444.51317
G1 X84.433 Y116.321 E2444.54961
G1 F1574.1 X84.807 Y115.591 E2444.59381
G1 F1571.6 X84.921 Y114.877 E2444.63283
G1 F1569.2 X84.921 Y114.619 E2444.64677
G1 F1571.6 X84.806 Y113.908 E2444.68564
G1 F1574.1 X84.432 Y113.179 E2444.72978
G1 F1569.2 X83.96 Y112.697 E2444.76625
G1 F1571.6 X83.403 Y112.32 E2444.80254
G1 F1578.9 X82.727 Y112.119 E2444.84042
G1 F1574.1 X82.18 Y112.079 E2444.86998
G1 F1571.6 X81.633 Y112.147 E2444.89972
G1 F1574.1 X81.116 Y112.329 E2444.92925
G1 F1571.6 X80.637 Y112.616 E2444.95939
G1 X80.439 Y112.782 E2444.97333
G1 F1566.8 X80.075 Y113.2 E2445.00334
G1 X79.8 Y113.675 E2445.03305
G1 F1571.6 X79.634 Y114.2 E2445.06276
M204 S5000
M205 X30 Y30
G0 F7200 X79.615 Y114.399
G0 X80.244 Y114.501
M204 S3000
M205 X20 Y20
G1 F1578.9 X80.398 Y113.928 E2445.09463
G1 F1581.4 X80.731 Y113.411 E2445.12761
G1 X80.959 Y113.187 E2445.14475
G1 F1574.1 X81.417 Y112.903 E2445.17379
G1 X81.769 Y112.782 E2445.19385
G1 X82.273 Y112.727 E2445.22116
G1 F1576.5 X82.618 Y112.758 E2445.2398
G1 F1581.4 X83.159 Y112.938 E2445.27038
G1 F1588.8 X83.428 Y113.104 E2445.28725
G1 X83.862 Y113.521 E2445.31938
G1 F1581.4 X84.147 Y114.027 E2445.35053
G1 F1583.9 X84.265 Y114.564 E2445.37997
G1 F1588.8 X84.265 Y114.936 E2445.39983
G1 F1586.3 X84.151 Y115.453 E2445.42813
G1 F1578.9 X83.852 Y115.993 E2445.46129
G1 F1586.3 X83.429 Y116.396 E2445.49253
G1 F1583.9 X83.125 Y116.576 E2445.51144
G1 F1574.1 X82.618 Y116.742 E2445.54019
G1 F1571.6 X82.224 Y116.77 E2445.56151
G1 X81.763 Y116.717 E2445.58655
G1 F1578.9 X81.236 Y116.5 E2445.61716
G1 F1583.9 X80.713 Y116.064 E2445.65362
G1 F1581.4 X80.41 Y115.607 E2445.68303
G1 F1576.5 X80.253 Y115.087 E2445.71225
G1 F1581.4 X80.244 Y114.501 E2445.74368
M204 S5000
M205 X30 Y30
G0 F7200 X80.295 Y114.308
G1 F1500 E2439.24368
G0 F7200 X80.071 Y114.24
G0 X80.598 Y113.307
G0 X81.723 Y112.62
G0 X83.23 Y112.786
G0 X84.777 Y114.634
G0 X85.911 Y114.634
G0 X134.187 Y113.92
G0 X135.193 Y113.909
M204 S3000
M205 X20 Y20
G1 F1500 E2445.74368
G1 F1571.6 X135.079 Y114.623 E2445.7827
G1 F1569.2 X135.079 Y114.881 E2445.79665
G1 F1571.6 X135.193 Y115.591 E2445.83545
G1 F1574.1 X135.567 Y116.321 E2445.87965
G1 F1569.2 X136.04 Y116.803 E2445.91615
G1 F1571.6 X136.597 Y117.18 E2445.95244
G1 F1576.5 X137.273 Y117.381 E2445.99038
G1 F1571.6 X137.82 Y117.421 E2446.01998
G1 F1569.2 X138.367 Y117.353 E2446.04977
G1 F1566.8 X138.883 Y117.168 E2446.07945
G1 F1554.9 X139.361 Y116.881 E2446.10986
G1 X139.559 Y116.716 E2446.12392
G1 F1557.3 X139.925 Y116.299 E2446.15413
G1 F1566.8 X140.2 Y115.825 E2446.1838
G1 F1571.6 X140.366 Y115.3 E2446.21351
G1 F1562 X140.421 Y114.748 E2446.24363
G1 X140.366 Y114.2 E2446.27354
G1 F1569.2 X140.2 Y113.675 E2446.3033
G1 F1566.8 X139.925 Y113.2 E2446.33301
G1 F1564.4 X139.559 Y112.78 E2446.36321
G1 F1569.2 X139.363 Y112.616 E2446.37702
G1 F1571.6 X138.884 Y112.329 E2446.40716
G1 F1576.5 X138.367 Y112.147 E2446.43664
G1 F1571.6 X137.82 Y112.078 E2446.4664
G1 X137.273 Y112.119 E2446.496
G1 F1576.5 X136.597 Y112.32 E2446.53394
G1 F1571.6 X136.04 Y112.697 E2446.57023
G1 X135.566 Y113.18 E2446.60675
G1 F1574.1 X135.193 Y113.909 E2446.65088
M204 S5000
M205 X30 Y30
G0 F7200 X135.162 Y114.106
G0 X135.735 Y114.564
M204 S3000
M205 X20 Y20
G1 F1576.5 X135.849 Y114.047 E2446.67936
G1 F1571.6 X136.139 Y113.512 E2446.7122
G1 F1581.4 X136.571 Y113.104 E2446.74407
G1 X136.875 Y112.924 E2446.76301
G1 F1574.1 X137.382 Y112.758 E2446.79176
G1 F1571.6 X137.777 Y112.73 E2446.81313
G1 X138.231 Y112.782 E2446.83779
G1 F1576.5 X138.586 Y112.905 E2446.858
G1 F1578.9 X139.041 Y113.187 E2446.88675
G1 F1588.8 X139.268 Y113.411 E2446.90378
G1 F1583.9 X139.597 Y113.916 E2446.93605
G1 F1576.5 X139.745 Y114.407 E2446.96364
G1 F1581.4 X139.748 Y115.086 E2447.00006
G1 F1583.9 X139.593 Y115.603 E2447.02896
G1 X139.261 Y116.104 E2447.06115
G1 F1591.3 X138.803 Y116.479 E2447.0927
G1 F1586.3 X138.237 Y116.717 E2447.12552
G1 F1569.2 X137.733 Y116.775 E2447.15294
G1 F1571.6 X137.382 Y116.742 E2447.17197
G1 F1576.5 X136.841 Y116.562 E2447.20264
G1 F1581.4 X136.572 Y116.396 E2447.21959
G1 X136.138 Y115.98 E2447.25184
G1 F1574.1 X135.849 Y115.453 E2447.28422
G1 F1578.9 X135.735 Y114.936 E2447.31266
G1 F1583.9 X135.735 Y114.564 E2447.33258
M204 S5000
M205 X30 Y30
G0 F7200 X135.778 Y114.369
G1 F1500 E2440.83258
G0 F7200 X135.558 Y114.32
G0 X136.13 Y112.809
G0 X135.496 Y111.868
G0 X135.497 Y98.633
G0 X135.735 Y95.564
M204 S3000
M205 X20 Y20
G1 F1500 E2447.33258
G1 F1576.5 X135.849 Y95.047 E2447.36106
G1 F1571.6 X136.139 Y94.512 E2447.3939
G1 F1581.4 X136.571 Y94.104 E2447.42577
G1 X136.875 Y93.924 E2447.44472
G1 F1574.1 X137.382 Y93.758 E2447.47346
G1 F1571.6 X137.777 Y93.73 E2447.49483
G1 X138.231 Y93.782 E2447.51949
G1 F1576.5 X138.586 Y93.905 E2447.5397
G1 F1578.9 X139.041 Y94.187 E2447.56846
G1 F1588.8 X139.268 Y94.411 E2447.58548
G1 F1583.9 X139.597 Y94.916 E2447.61776
G1 F1576.5 X139.745 Y95.407 E2447.64535
G1 F1581.4 X139.748 Y96.086 E2447.68176
G1 F1583.9 X139.593 Y96.603 E2447.71067
G1 X139.261 Y97.104 E2447.74285
G1 F1591.3 X138.803 Y97.479 E2447.7744
G1 F1586.3 X138.237 Y97.717 E2447.80723
G1 F1569.2 X137.733 Y97.775 E2447.83465
G1 F1571.6 X137.382 Y97.742 E2447.85367
G1 F1576.5 X136.841 Y97.562 E2447.88435
G1 F1581.4 X136.572 Y97.396 E2447.9013
G1 X136.138 Y96.98 E2447.93354
G1 F1574.1 X135.849 Y96.453 E2447.96593
G1 F1578.9 X135.735 Y95.936 E2447.99436
G1 F1581.4 X135.731 Y95.614 E2448.01163
G1 X135.735 Y95.564 E2448.01432
M204 S5000
M205 X30 Y30
G0 F7200 X135.778 Y95.369
G0 X135.193 Y94.909
M204 S3000
M205 X20 Y20
G1 F1571.6 X135.079 Y95.623 E2448.05334
G1 F1569.2 X135.079 Y95.881 E2448.06729
G1 F1571.6 X135.193 Y96.591 E2448.10609
G1 F1574.1 X135.567 Y97.321 E2448.15029
G1 F1569.2 X136.04 Y97.803 E2448.18679
G1 F1571.6 X136.597 Y98.18 E2448.22308
G1 F1576.5 X137.273 Y98.381 E2448.26102
G1 F1571.6 X137.82 Y98.421 E2448.29062
G1 F1569.2 X138.367 Y98.353 E2448.32041
G1 F1566.8 X138.883 Y98.168 E2448.35009
G1 F1554.9 X139.361 Y97.881 E2448.3805
G1 X139.559 Y97.716 E2448.39456
G1 F1557.3 X139.925 Y97.299 E2448.42478
G1 F1566.8 X140.2 Y96.825 E2448.45444
G1 F1571.6 X140.366 Y96.3 E2448.48415
G1 F1562 X140.421 Y95.748 E2448.51427
G1 X140.366 Y95.2 E2448.54418
G1 F1569.2 X140.2 Y94.675 E2448.57394
G1 F1566.8 X139.925 Y94.2 E2448.60365
G1 F1564.4 X139.559 Y93.78 E2448.63385
G1 F1569.2 X139.363 Y93.616 E2448.64766
G1 F1571.6 X138.884 Y93.329 E2448.6778
G1 F1576.5 X138.367 Y93.147 E2448.70728
G1 F1571.6 X137.82 Y93.078 E2448.73704
G1 X137.273 Y93.119 E2448.76664
G1 F1576.5 X136.597 Y93.32 E2448.80458
G1 F1571.6 X136.04 Y93.697 E2448.84087
G1 X135.566 Y94.18 E2448.87739
G1 F1574.1 X135.193 Y94.909 E2448.92152
M204 S5000
M205 X30 Y30
G0 F7200 X135.162 Y95.106
G1 F1500 E2442.42152
;MESH:NONMESH
G0 F600 X135.162 Y95.106 Z4.9
G0 F7200 X135.381 Y95.141
G0 X134.089 Y95.634
G0 X85.911 Y95.634
G0 X79.634 Y95.2
;TIME_ELAPSED:2313.455936
;LAYER:23
M204 S3000
M205 X20 Y20
;TYPE:WALL-OUTER
;MESH:Pi Holder.stl
G1 F1500 E2448.92152
G1 F1562 X79.58 Y95.752 E2448.95163
G1 X79.634 Y96.3 E2448.98153
G1 F1571.6 X79.8 Y96.825 E2449.01124
G1 F1566.8 X80.075 Y97.299 E2449.04091
G1 F1557.3 X80.441 Y97.716 E2449.07113
G1 X80.639 Y97.881 E2449.08516
G1 F1559.6 X81.117 Y98.168 E2449.11548
G1 F1566.8 X81.633 Y98.353 E2449.14516
G1 F1571.6 X82.18 Y98.422 E2449.17491
G1 X82.727 Y98.381 E2449.20451
G1 F1576.5 X83.403 Y98.18 E2449.24245
G1 F1571.6 X83.96 Y97.803 E2449.27875
G1 X84.433 Y97.321 E2449.31519
G1 F1574.1 X84.807 Y96.591 E2449.35939
G1 F1571.6 X84.921 Y95.877 E2449.3984
G1 F1569.2 X84.921 Y95.619 E2449.41235
G1 F1571.6 X84.806 Y94.908 E2449.45122
G1 F1574.1 X84.432 Y94.179 E2449.49536
G1 F1569.2 X83.96 Y93.697 E2449.53182
G1 F1571.6 X83.403 Y93.32 E2449.56812
G1 F1578.9 X82.727 Y93.119 E2449.606
G1 F1574.1 X82.18 Y93.079 E2449.63555
G1 F1571.6 X81.633 Y93.147 E2449.6653
G1 F1574.1 X81.116 Y93.329 E2449.69483
G1 F1571.6 X80.637 Y93.616 E2449.72497
G1 X80.439 Y93.782 E2449.73891
G1 F1566.8 X80.075 Y94.2 E2449.76891
G1 X79.8 Y94.675 E2449.79862
G1 F1571.6 X79.634 Y95.2 E2449.82834
M204 S5000
M205 X30 Y30
G0 F7200 X79.615 Y95.399
G0 X80.244 Y95.501
M204 S3000
M205 X20 Y20
G1 F1578.9 X80.398 Y94.928 E2449.86021
G1 F1581.4 X80.731 Y94.411 E2449.89319
G1 X80.959 Y94.187 E2449.91033
G1 F1574.1 X81.417 Y93.903 E2449.93937
G1 X81.769 Y93.782 E2449.95943
G1 X82.273 Y93.727 E2449.98674
G1 F1576.5 X82.618 Y93.758 E2450.00538
G1 F1581.4 X83.159 Y93.938 E2450.03596
G1 F1588.8 X83.428 Y94.104 E2450.05283
G1 X83.862 Y94.521 E2450.08496
G1 F1581.4 X84.147 Y95.027 E2450.11611
G1 F1583.9 X84.265 Y95.564 E2450.14555
G1 F1588.8 X84.265 Y95.936 E2450.16541
G1 F1586.3 X84.151 Y96.453 E2450.19371
G1 F1578.9 X83.852 Y96.993 E2450.22687
G1 F1586.3 X83.429 Y97.396 E2450.2581
G1 F1583.9 X83.125 Y97.576 E2450.27702
G1 F1574.1 X82.618 Y97.742 E2450.30577
G1 F1571.6 X82.224 Y97.77 E2450.32708
G1 X81.763 Y97.717 E2450.35212
G1 F1578.9 X81.236 Y97.5 E2450.38274
G1 F1583.9 X80.713 Y97.064 E2450.4192
G1 F1581.4 X80.41 Y96.607 E2450.44861
G1 F1576.5 X80.253 Y96.087 E2450.47783
G1 F1581.4 X80.244 Y95.501 E2450.50926
M204 S5000
M205 X30 Y30
G0 F7200 X80.295 Y95.308
G1 F1500 E2444.00926
G0 F7200 X80.071 Y95.24
G0 X80.224 Y96.564
G0 X81.177 Y98.039
G0 X80.804 Y99.11
G0 X80.803 Y111.391
G0 X79.634 Y114.2
M204 S3000
M205 X20 Y20
G1 F1500 E2450.50926
G1 F1562 X79.58 Y114.752 E2450.53938
G1 X79.634 Y115.3 E2450.56928
G1 F1571.6 X79.8 Y115.825 E2450.59899
G1 F1566.8 X80.075 Y116.299 E2450.62865
G1 F1557.3 X80.441 Y116.716 E2450.65887
G1 X80.639 Y116.881 E2450.67291
G1 F1559.6 X81.117 Y117.168 E2450.70323
G1 F1566.8 X81.633 Y117.353 E2450.7329
G1 F1571.6 X82.18 Y117.422 E2450.76265
G1 X82.727 Y117.381 E2450.79226
G1 F1576.5 X83.403 Y117.18 E2450.8302
G1 F1571.6 X83.96 Y116.803 E2450.86649
G1 X84.433 Y116.321 E2450.90294
G1 F1574.1 X84.807 Y115.591 E2450.94713
G1 F1571.6 X84.921 Y114.877 E2450.98615
G1 F1569.2 X84.921 Y114.619 E2451.00009
G1 F1571.6 X84.806 Y113.908 E2451.03896
G1 F1574.1 X84.432 Y113.179 E2451.08311
G1 F1569.2 X83.96 Y112.697 E2451.11957
G1 F1571.6 X83.403 Y112.32 E2451.15587
G1 F1578.9 X82.727 Y112.119 E2451.19375
G1 F1574.1 X82.18 Y112.079 E2451.2233
G1 F1571.6 X81.633 Y112.147 E2451.25305
G1 F1574.1 X81.116 Y112.329 E2451.28258
G1 F1571.6 X80.637 Y112.616 E2451.31271
G1 X80.439 Y112.782 E2451.32666
G1 F1566.8 X80.075 Y113.2 E2451.35666
G1 X79.8 Y113.675 E2451.38637
G1 F1571.6 X79.634 Y114.2 E2451.41608
M204 S5000
M205 X30 Y30
G0 F7200 X79.615 Y114.399
G0 X80.244 Y114.501
M204 S3000
M205 X20 Y20
G1 F1578.9 X80.398 Y113.928 E2451.44795
G1 F1581.4 X80.731 Y113.411 E2451.48094
G1 X80.959 Y113.187 E2451.49808
G1 F1574.1 X81.417 Y112.903 E2451.52712
G1 X81.769 Y112.782 E2451.54717
G1 X82.273 Y112.727 E2451.57449
G1 F1576.5 X82.618 Y112.758 E2451.59312
G1 F1581.4 X83.159 Y112.938 E2451.6237
G1 F1588.8 X83.428 Y113.104 E2451.64058
G1 X83.862 Y113.521 E2451.67271
G1 F1581.4 X84.147 Y114.027 E2451.70385
G1 F1583.9 X84.265 Y114.564 E2451.73329
G1 F1588.8 X84.265 Y114.936 E2451.75315
G1 F1586.3 X84.151 Y115.453 E2451.78146
G1 F1578.9 X83.852 Y115.993 E2451.81461
G1 F1586.3 X83.429 Y116.396 E2451.84585
G1 F1583.9 X83.125 Y116.576 E2451.86477
G1 F1574.1 X82.618 Y116.742 E2451.89351
G1 F1571.6 X82.224 Y116.77 E2451.91483
G1 X81.763 Y116.717 E2451.93987
G1 F1578.9 X81.236 Y116.5 E2451.97048
G1 F1583.9 X80.713 Y116.064 E2452.00695
G1 F1581.4 X80.41 Y115.607 E2452.03635
G1 F1576.5 X80.253 Y115.087 E2452.06558
G1 F1581.4 X80.244 Y114.501 E2452.09701
M204 S5000
M205 X30 Y30
G0 F7200 X80.295 Y114.308
G1 F1500 E2445.59701
G0 F7200 X80.071 Y114.24
G0 X80.598 Y113.307
G0 X81.723 Y112.62
G0 X83.23 Y112.786
G0 X84.777 Y114.634
G0 X85.911 Y114.634
G0 X134.187 Y113.92
G0 X135.193 Y113.909
M204 S3000
M205 X20 Y20
G1 F1500 E2452.09701
G1 F1571.6 X135.079 Y114.623 E2452.13603
G1 F1569.2 X135.079 Y114.881 E2452.14997
G1 F1571.6 X135.193 Y115.591 E2452.18878
G1 F1574.1 X135.567 Y116.321 E2452.23297
G1 F1569.2 X136.04 Y116.803 E2452.26947
G1 F1571.6 X136.597 Y117.18 E2452.30577
G1 F1576.5 X137.273 Y117.381 E2452.34371
G1 F1571.6 X137.82 Y117.421 E2452.37331
G1 F1569.2 X138.367 Y117.353 E2452.4031
G1 F1566.8 X138.883 Y117.168 E2452.43277
G1 F1554.9 X139.361 Y116.881 E2452.46318
G1 X139.559 Y116.716 E2452.47724
G1 F1557.3 X139.925 Y116.299 E2452.50746
G1 F1566.8 X140.2 Y115.825 E2452.53712
G1 F1571.6 X140.366 Y115.3 E2452.56684
G1 F1562 X140.421 Y114.748 E2452.59696
G1 X140.366 Y114.2 E2452.62686
G1 F1569.2 X140.2 Y113.675 E2452.65662
G1 F1566.8 X139.925 Y113.2 E2452.68633
G1 F1564.4 X139.559 Y112.78 E2452.71653
G1 F1569.2 X139.363 Y112.616 E2452.73035
G1 F1571.6 X138.884 Y112.329 E2452.76048
G1 F1576.5 X138.367 Y112.147 E2452.78997
G1 F1571.6 X137.82 Y112.078 E2452.81972
G1 X137.273 Y112.119 E2452.84932
G1 F1576.5 X136.597 Y112.32 E2452.88726
G1 F1571.6 X136.04 Y112.697 E2452.92356
G1 X135.566 Y113.18 E2452.96008
G1 F1574.1 X135.193 Y113.909 E2453.0042
M204 S5000
M205 X30 Y30
G0 F7200 X135.162 Y114.106
G0 X135.735 Y114.564
M204 S3000
M205 X20 Y20
G1 F1576.5 X135.849 Y114.047 E2453.03268
G1 F1571.6 X136.139 Y113.512 E2453.06552
G1 F1581.4 X136.571 Y113.104 E2453.09739
G1 X136.875 Y112.924 E2453.11634
G1 F1574.1 X137.382 Y112.758 E2453.14508
G1 F1571.6 X137.777 Y112.73 E2453.16645
G1 X138.231 Y112.782 E2453.19111
G1 F1576.5 X138.586 Y112.905 E2453.21132
G1 F1578.9 X139.041 Y113.187 E2453.24008
G1 F1588.8 X139.268 Y113.411 E2453.2571
G1 F1583.9 X139.597 Y113.916 E2453.28938
G1 F1576.5 X139.745 Y114.407 E2453.31697
G1 F1581.4 X139.748 Y115.086 E2453.35338
G1 F1583.9 X139.593 Y115.603 E2453.38229
G1 X139.261 Y116.104 E2453.41447
G1 F1591.3 X138.803 Y116.479 E2453.44602
G1 F1586.3 X138.237 Y116.717 E2453.47885
G1 F1569.2 X137.733 Y116.775 E2453.50627
G1 F1571.6 X137.382 Y116.742 E2453.52529
G1 F1576.5 X136.841 Y116.562 E2453.55597
G1 F1581.4 X136.572 Y116.396 E2453.57292
G1 X136.138 Y115.98 E2453.60516
G1 F1574.1 X135.849 Y115.453 E2453.63755
G1 F1578.9 X135.735 Y114.936 E2453.66598
G1 F1581.4 X135.731 Y114.614 E2453.68325
G1 X135.735 Y114.564 E2453.68594
M204 S5000
M205 X30 Y30
G0 F7200 X135.778 Y114.369
G1 F1500 E2447.18594
G0 F7200 X135.558 Y114.32
G0 X136.13 Y112.809
G0 X135.496 Y111.868
G0 X135.497 Y98.633
G0 X135.735 Y95.564
M204 S3000
M205 X20 Y20
G1 F1500 E2453.68594
G1 F1576.5 X135.849 Y95.047 E2453.71443
G1 F1571.6 X136.139 Y94.512 E2453.74727
G1 F1581.4 X136.571 Y94.104 E2453.77913
G1 X136.875 Y93.924 E2453.79808
G1 F1574.1 X137.382 Y93.758 E2453.82683
G1 F1571.6 X137.777 Y93.73 E2453.8482
G1 X138.231 Y93.782 E2453.87286
G1 F1576.5 X138.586 Y93.905 E2453.89307
G1 F1578.9 X139.041 Y94.187 E2453.92182
G1 F1588.8 X139.268 Y94.411 E2453.93885
G1 F1583.9 X139.597 Y94.916 E2453.97112
G1 F1576.5 X139.745 Y95.407 E2453.99871
G1 F1581.4 X139.748 Y96.086 E2454.03513
G1 F1583.9 X139.593 Y96.603 E2454.06403
G1 X139.261 Y97.104 E2454.09621
G1 F1591.3 X138.803 Y97.479 E2454.12776
G1 F1586.3 X138.237 Y97.717 E2454.16059
G1 F1569.2 X137.733 Y97.775 E2454.18801
G1 F1571.6 X137.382 Y97.742 E2454.20704
G1 F1576.5 X136.841 Y97.562 E2454.23771
G1 F1581.4 X136.572 Y97.396 E2454.25466
G1 X136.138 Y96.98 E2454.28691
G1 F1574.1 X135.849 Y96.453 E2454.31929
G1 F1578.9 X135.735 Y95.936 E2454.34773
G1 F1581.4 X135.731 Y95.614 E2454.365
G1 X135.735 Y95.564 E2454.36769
M204 S5000
M205 X30 Y30
G0 F7200 X135.778 Y95.369
G0 X135.193 Y94.909
M204 S3000
M205 X20 Y20
G1 F1571.6 X135.079 Y95.623 E2454.40671
G1 F1569.2 X135.079 Y95.881 E2454.42065
G1 F1571.6 X135.193 Y96.591 E2454.45946
G1 F1574.1 X135.567 Y97.321 E2454.50365
G1 F1569.2 X136.04 Y97.803 E2454.54015
G1 F1571.6 X136.597 Y98.18 E2454.57645
G1 F1576.5 X137.273 Y98.381 E2454.61439
G1 F1571.6 X137.82 Y98.421 E2454.64399
G1 F1569.2 X138.367 Y98.353 E2454.67378
G1 F1566.8 X138.883 Y98.168 E2454.70345
G1 F1554.9 X139.361 Y97.881 E2454.73386
G1 X139.559 Y97.716 E2454.74792
G1 F1557.3 X139.925 Y97.299 E2454.77814
G1 F1566.8 X140.2 Y96.825 E2454.8078
G1 F1571.6 X140.366 Y96.3 E2454.83752
G1 F1562 X140.421 Y95.748 E2454.86764
G1 X140.366 Y95.2 E2454.89754
G1 F1569.2 X140.2 Y94.675 E2454.9273
G1 F1566.8 X139.925 Y94.2 E2454.95701
G1 F1564.4 X139.559 Y93.78 E2454.98721
G1 F1569.2 X139.363 Y93.616 E2455.00103
G1 F1571.6 X138.884 Y93.329 E2455.03116
G1 F1576.5 X138.367 Y93.147 E2455.06065
G1 F1571.6 X137.82 Y93.078 E2455.0904
G1 X137.273 Y93.119 E2455.12
G1 F1576.5 X136.597 Y93.32 E2455.15794
G1 F1571.6 X136.04 Y93.697 E2455.19424
G1 X135.566 Y94.18 E2455.23076
G1 F1574.1 X135.193 Y94.909 E2455.27488
M204 S5000
M205 X30 Y30
G0 F7200 X135.162 Y95.106
G1 F1500 E2448.77488
;MESH:NONMESH
G0 F600 X135.162 Y95.106 Z5.1
G0 F7200 X135.381 Y95.141
G0 X134.089 Y95.634
G0 X85.911 Y95.634
G0 X79.634 Y95.2
;TIME_ELAPSED:2321.723594
;LAYER:24
M204 S3000
M205 X20 Y20
;TYPE:WALL-OUTER
;MESH:Pi Holder.stl
G1 F1500 E2455.27488
G1 F1562 X79.58 Y95.752 E2455.305
G1 X79.634 Y96.3 E2455.3349
G1 F1571.6 X79.8 Y96.825 E2455.36461
G1 F1566.8 X80.075 Y97.299 E2455.39427
G1 F1557.3 X80.441 Y97.716 E2455.42449
G1 X80.639 Y97.881 E2455.43853
G1 F1559.6 X81.117 Y98.168 E2455.46885
G1 F1566.8 X81.633 Y98.353 E2455.49852
G1 F1571.6 X82.18 Y98.422 E2455.52827
G1 X82.727 Y98.381 E2455.55787
G1 F1576.5 X83.403 Y98.18 E2455.59582
G1 F1571.6 X83.96 Y97.803 E2455.63211
G1 X84.433 Y97.321 E2455.66855
G1 F1574.1 X84.807 Y96.591 E2455.71275
G1 F1571.6 X84.921 Y95.877 E2455.75177
G1 F1569.2 X84.921 Y95.619 E2455.76571
G1 F1571.6 X84.806 Y94.908 E2455.80458
G1 F1574.1 X84.432 Y94.179 E2455.84873
G1 F1569.2 X83.96 Y93.697 E2455.88519
G1 F1571.6 X83.403 Y93.32 E2455.92149
G1 F1578.9 X82.727 Y93.119 E2455.95937
G1 F1574.1 X82.18 Y93.079 E2455.98892
G1 F1571.6 X81.633 Y93.147 E2456.01867
G1 F1574.1 X81.116 Y93.329 E2456.0482
G1 F1571.6 X80.637 Y93.616 E2456.07833
G1 X80.439 Y93.782 E2456.09227
G1 F1566.8 X80.075 Y94.2 E2456.12228
G1 X79.8 Y94.675 E2456.15199
G1 F1571.6 X79.634 Y95.2 E2456.1817
M204 S5000
M205 X30 Y30
G0 F7200 X79.615 Y95.399
G0 X80.244 Y95.501
M204 S3000
M205 X20 Y20
G1 F1578.9 X80.398 Y94.928 E2456.21357
G1 F1581.4 X80.731 Y94.411 E2456.24656
G1 X80.959 Y94.187 E2456.2637
G1 F1574.1 X81.417 Y93.903 E2456.29273
G1 X81.769 Y93.782 E2456.31279
G1 X82.273 Y93.727 E2456.34011
G1 F1576.5 X82.618 Y93.758 E2456.35874
G1 F1581.4 X83.159 Y93.938 E2456.38932
G1 F1588.8 X83.428 Y94.104 E2456.4062
G1 X83.862 Y94.521 E2456.43832
G1 F1581.4 X84.147 Y95.027 E2456.46947
G1 F1583.9 X84.265 Y95.564 E2456.49891
G1 F1588.8 X84.265 Y95.936 E2456.51877
G1 F1586.3 X84.151 Y96.453 E2456.54708
G1 F1578.9 X83.852 Y96.993 E2456.58023
G1 F1586.3 X83.429 Y97.396 E2456.61147
G1 F1583.9 X83.125 Y97.576 E2456.63039
G1 F1574.1 X82.618 Y97.742 E2456.65913
G1 F1571.6 X82.224 Y97.77 E2456.68045
G1 X81.763 Y97.717 E2456.70549
G1 F1578.9 X81.236 Y97.5 E2456.7361
G1 F1583.9 X80.713 Y97.064 E2456.77256
G1 F1581.4 X80.41 Y96.607 E2456.80197
G1 F1576.5 X80.253 Y96.087 E2456.83119
G1 F1581.4 X80.244 Y95.501 E2456.86263
M204 S5000
M205 X30 Y30
G0 F7200 X80.295 Y95.308
G1 F1500 E2450.36263
G0 F7200 X80.071 Y95.24
G0 X80.224 Y96.564
G0 X81.177 Y98.039
G0 X80.804 Y99.11
G0 X80.803 Y111.391
G0 X79.634 Y114.2
M204 S3000
M205 X20 Y20
G1 F1500 E2456.86263
G1 F1562 X79.58 Y114.752 E2456.89274
G1 X79.634 Y115.3 E2456.92264
G1 F1571.6 X79.8 Y115.825 E2456.95235
G1 F1566.8 X80.075 Y116.299 E2456.98202
G1 F1557.3 X80.441 Y116.716 E2457.01224
G1 X80.639 Y116.881 E2457.02627
G1 F1559.6 X81.117 Y117.168 E2457.05659
G1 F1566.8 X81.633 Y117.353 E2457.08627
G1 F1571.6 X82.18 Y117.422 E2457.11602
G1 X82.727 Y117.381 E2457.14562
G1 F1576.5 X83.403 Y117.18 E2457.18356
G1 F1571.6 X83.96 Y116.803 E2457.21986
G1 X84.433 Y116.321 E2457.2563
G1 F1574.1 X84.807 Y115.591 E2457.3005
G1 F1571.6 X84.921 Y114.877 E2457.33951
G1 F1569.2 X84.921 Y114.619 E2457.35346
G1 F1571.6 X84.806 Y113.908 E2457.39233
G1 F1574.1 X84.432 Y113.179 E2457.43647
G1 F1569.2 X83.96 Y112.697 E2457.47293
G1 F1571.6 X83.403 Y112.32 E2457.50923
G1 F1578.9 X82.727 Y112.119 E2457.54711
G1 F1574.1 X82.18 Y112.079 E2457.57667
G1 F1571.6 X81.633 Y112.147 E2457.60641
G1 F1574.1 X81.116 Y112.329 E2457.63594
G1 F1571.6 X80.637 Y112.616 E2457.66608
G1 X80.439 Y112.782 E2457.68002
G1 F1566.8 X80.075 Y113.2 E2457.71002
G1 X79.8 Y113.675 E2457.73973
G1 F1571.6 X79.634 Y114.2 E2457.76945
M204 S5000
M205 X30 Y30
G0 F7200 X79.615 Y114.399
G0 X80.244 Y114.501
M204 S3000
M205 X20 Y20
G1 F1578.9 X80.398 Y113.928 E2457.80132
G1 F1581.4 X80.731 Y113.411 E2457.8343
G1 X80.959 Y113.187 E2457.85144
G1 F1574.1 X81.417 Y112.903 E2457.88048
G1 X81.769 Y112.782 E2457.90054
G1 X82.273 Y112.727 E2457.92785
G1 F1576.5 X82.618 Y112.758 E2457.94649
G1 F1581.4 X83.159 Y112.938 E2457.97707
G1 F1588.8 X83.428 Y113.104 E2457.99394
G1 X83.862 Y113.521 E2458.02607
G1 F1581.4 X84.147 Y114.027 E2458.05722
G1 F1583.9 X84.265 Y114.564 E2458.08666
G1 F1588.8 X84.265 Y114.936 E2458.10652
G1 F1586.3 X84.151 Y115.453 E2458.13482
G1 F1578.9 X83.852 Y115.993 E2458.16798
G1 F1586.3 X83.429 Y116.396 E2458.19921
G1 F1583.9 X83.125 Y116.576 E2458.21813
G1 F1574.1 X82.618 Y116.742 E2458.24688
G1 F1571.6 X82.224 Y116.77 E2458.26819
G1 X81.763 Y116.717 E2458.29324
G1 F1578.9 X81.236 Y116.5 E2458.32385
G1 F1583.9 X80.713 Y116.064 E2458.36031
G1 F1581.4 X80.41 Y115.607 E2458.38972
G1 F1576.5 X80.253 Y115.087 E2458.41894
G1 F1581.4 X80.244 Y114.501 E2458.45037
M204 S5000
M205 X30 Y30
G0 F7200 X80.295 Y114.308
G1 F1500 E2451.95037
G0 F7200 X80.071 Y114.24
G0 X80.598 Y113.307
G0 X81.723 Y112.62
G0 X83.23 Y112.786
G0 X84.777 Y114.634
G0 X85.911 Y114.634
G0 X134.187 Y113.92
G0 X135.193 Y113.909
M204 S3000
M205 X20 Y20
G1 F1500 E2458.45037
G1 F1571.6 X135.079 Y114.623 E2458.48939
G1 F1569.2 X135.079 Y114.881 E2458.50334
G1 F1571.6 X135.193 Y115.591 E2458.54214
G1 F1574.1 X135.567 Y116.321 E2458.58634
G1 F1569.2 X136.04 Y116.803 E2458.62284
G1 F1571.6 X136.597 Y117.18 E2458.65913
G1 F1576.5 X137.273 Y117.381 E2458.69707
G1 F1571.6 X137.82 Y117.421 E2458.72667
G1 F1569.2 X138.367 Y117.353 E2458.75646
G1 F1566.8 X138.883 Y117.168 E2458.78613
G1 F1554.9 X139.361 Y116.881 E2458.81655
G1 X139.559 Y116.716 E2458.83061
G1 F1557.3 X139.925 Y116.299 E2458.86082
G1 F1566.8 X140.2 Y115.825 E2458.89049
G1 F1571.6 X140.366 Y115.3 E2458.9202
G1 F1562 X140.421 Y114.748 E2458.95032
G1 X140.366 Y114.2 E2458.98023
G1 F1569.2 X140.2 Y113.675 E2459.00999
G1 F1566.8 X139.925 Y113.2 E2459.0397
G1 F1564.4 X139.559 Y112.78 E2459.0699
G1 F1569.2 X139.363 Y112.616 E2459.08371
G1 F1571.6 X138.884 Y112.329 E2459.11384
G1 F1576.5 X138.367 Y112.147 E2459.14333
G1 F1571.6 X137.82 Y112.078 E2459.17308
G1 X137.273 Y112.119 E2459.20269
G1 F1576.5 X136.597 Y112.32 E2459.24063
G1 F1571.6 X136.04 Y112.697 E2459.27692
G1 X135.566 Y113.18 E2459.31344
G1 F1574.1 X135.193 Y113.909 E2459.35756
M204 S5000
M205 X30 Y30
G0 F7200 X135.162 Y114.106
G0 X135.735 Y114.564
M204 S3000
M205 X20 Y20
G1 F1576.5 X135.849 Y114.047 E2459.38605
G1 F1571.6 X136.139 Y113.512 E2459.41889
G1 F1581.4 X136.571 Y113.104 E2459.45076
G1 X136.875 Y112.924 E2459.4697
G1 F1574.1 X137.382 Y112.758 E2459.49845
G1 F1571.6 X137.777 Y112.73 E2459.51982
G1 X138.231 Y112.782 E2459.54448
G1 F1576.5 X138.586 Y112.905 E2459.56469
G1 F1578.9 X139.041 Y113.187 E2459.59344
G1 F1588.8 X139.268 Y113.411 E2459.61047
G1 F1583.9 X139.597 Y113.916 E2459.64274
G1 F1576.5 X139.745 Y114.407 E2459.67033
G1 F1581.4 X139.748 Y115.086 E2459.70675
G1 F1583.9 X139.593 Y115.603 E2459.73565
G1 X139.261 Y116.104 E2459.76783
G1 F1591.3 X138.803 Y116.479 E2459.79938
G1 F1586.3 X138.237 Y116.717 E2459.83221
G1 F1569.2 X137.733 Y116.775 E2459.85963
G1 F1571.6 X137.382 Y116.742 E2459.87866
G1 F1576.5 X136.841 Y116.562 E2459.90933
G1 F1581.4 X136.572 Y116.396 E2459.92628
G1 X136.138 Y115.98 E2459.95853
G1 F1574.1 X135.849 Y115.453 E2459.99091
G1 F1578.9 X135.735 Y114.936 E2460.01935
G1 F1581.4 X135.731 Y114.614 E2460.03662
G1 X135.735 Y114.564 E2460.03931
M204 S5000
M205 X30 Y30
G0 F7200 X135.778 Y114.369
G1 F1500 E2453.53931
G0 F7200 X135.558 Y114.32
G0 X136.13 Y112.809
G0 X135.496 Y111.868
G0 X135.497 Y98.633
G0 X135.735 Y95.564
M204 S3000
M205 X20 Y20
G1 F1500 E2460.03931
G1 F1576.5 X135.849 Y95.047 E2460.06779
G1 F1571.6 X136.139 Y94.512 E2460.10063
G1 F1581.4 X136.571 Y94.104 E2460.1325
G1 X136.875 Y93.924 E2460.15145
G1 F1574.1 X137.382 Y93.758 E2460.18019
G1 F1571.6 X137.777 Y93.73 E2460.20156
G1 X138.231 Y93.782 E2460.22622
G1 F1576.5 X138.586 Y93.905 E2460.24643
G1 F1578.9 X139.041 Y94.187 E2460.27519
G1 F1588.8 X139.268 Y94.411 E2460.29221
G1 F1583.9 X139.597 Y94.916 E2460.32449
G1 F1576.5 X139.745 Y95.407 E2460.35208
G1 F1581.4 X139.748 Y96.086 E2460.38849
G1 F1583.9 X139.593 Y96.603 E2460.41739
G1 X139.261 Y97.104 E2460.44958
G1 F1591.3 X138.803 Y97.479 E2460.48113
G1 F1586.3 X138.237 Y97.717 E2460.51396
G1 F1569.2 X137.733 Y97.775 E2460.54138
G1 F1571.6 X137.382 Y97.742 E2460.5604
G1 F1576.5 X136.841 Y97.562 E2460.59108
G1 F1581.4 X136.572 Y97.396 E2460.60803
G1 X136.138 Y96.98 E2460.64027
G1 F1574.1 X135.849 Y96.453 E2460.67266
G1 F1578.9 X135.735 Y95.936 E2460.70109
G1 F1581.4 X135.731 Y95.614 E2460.71836
G1 X135.735 Y95.564 E2460.72105
M204 S5000
M205 X30 Y30
G0 F7200 X135.778 Y95.369
G0 X135.193 Y94.909
M204 S3000
M205 X20 Y20
G1 F1571.6 X135.079 Y95.623 E2460.76007
G1 F1569.2 X135.079 Y95.881 E2460.77402
G1 F1571.6 X135.193 Y96.591 E2460.81282
G1 F1574.1 X135.567 Y97.321 E2460.85702
G1 F1569.2 X136.04 Y97.803 E2460.89352
G1 F1571.6 X136.597 Y98.18 E2460.92981
G1 F1576.5 X137.273 Y98.381 E2460.96775
G1 F1571.6 X137.82 Y98.421 E2460.99735
G1 F1569.2 X138.367 Y98.353 E2461.02714
G1 F1566.8 X138.883 Y98.168 E2461.05682
G1 F1554.9 X139.361 Y97.881 E2461.08723
G1 X139.559 Y97.716 E2461.10129
G1 F1557.3 X139.925 Y97.299 E2461.1315
G1 F1566.8 X140.2 Y96.825 E2461.16117
G1 F1571.6 X140.366 Y96.3 E2461.19088
G1 F1562 X140.421 Y95.748 E2461.221
G1 X140.366 Y95.2 E2461.25091
G1 F1569.2 X140.2 Y94.675 E2461.28067
G1 F1566.8 X139.925 Y94.2 E2461.31038
G1 F1564.4 X139.559 Y93.78 E2461.34058
G1 F1569.2 X139.363 Y93.616 E2461.35439
G1 F1571.6 X138.884 Y93.329 E2461.38453
G1 F1576.5 X138.367 Y93.147 E2461.41401
G1 F1571.6 X137.82 Y93.078 E2461.44377
G1 X137.273 Y93.119 E2461.47337
G1 F1576.5 X136.597 Y93.32 E2461.51131
G1 F1571.6 X136.04 Y93.697 E2461.5476
G1 X135.566 Y94.18 E2461.58412
G1 F1574.1 X135.193 Y94.909 E2461.62825
M204 S5000
M205 X30 Y30
G0 F7200 X135.162 Y95.106
G1 F1500 E2455.12825
;MESH:NONMESH
G0 F600 X135.162 Y95.106 Z5.3
G0 F7200 X135.381 Y95.141
G0 X134.089 Y95.634
G0 X85.911 Y95.634
G0 X79.634 Y95.2
;TIME_ELAPSED:2329.991251
;LAYER:25
M204 S3000
M205 X20 Y20
;TYPE:WALL-OUTER
;MESH:Pi Holder.stl
G1 F1500 E2461.62825
G1 F1562 X79.58 Y95.752 E2461.65836
G1 X79.634 Y96.3 E2461.68826
G1 F1571.6 X79.8 Y96.825 E2461.71797
G1 F1566.8 X80.075 Y97.299 E2461.74764
G1 F1557.3 X80.441 Y97.716 E2461.77786
G1 X80.639 Y97.881 E2461.79189
G1 F1559.6 X81.117 Y98.168 E2461.82221
G1 F1566.8 X81.633 Y98.353 E2461.85189
G1 F1571.6 X82.18 Y98.422 E2461.88164
G1 X82.727 Y98.381 E2461.91124
G1 F1576.5 X83.403 Y98.18 E2461.94918
G1 F1571.6 X83.96 Y97.803 E2461.98548
G1 X84.433 Y97.321 E2462.02192
G1 F1574.1 X84.807 Y96.591 E2462.06611
G1 F1571.6 X84.921 Y95.877 E2462.10513
G1 F1569.2 X84.921 Y95.619 E2462.11908
G1 F1571.6 X84.806 Y94.908 E2462.15795
G1 F1574.1 X84.432 Y94.179 E2462.20209
G1 F1569.2 X83.96 Y93.697 E2462.23855
G1 F1571.6 X83.403 Y93.32 E2462.27485
G1 F1578.9 X82.727 Y93.119 E2462.31273
G1 F1574.1 X82.18 Y93.079 E2462.34228
G1 F1571.6 X81.633 Y93.147 E2462.37203
G1 F1574.1 X81.116 Y93.329 E2462.40156
G1 F1571.6 X80.637 Y93.616 E2462.4317
G1 X80.439 Y93.782 E2462.44564
G1 F1566.8 X80.075 Y94.2 E2462.47564
G1 X79.8 Y94.675 E2462.50535
G1 F1571.6 X79.634 Y95.2 E2462.53507
M204 S5000
M205 X30 Y30
G0 F7200 X79.615 Y95.399
G0 X80.244 Y95.501
M204 S3000
M205 X20 Y20
G1 F1578.9 X80.398 Y94.928 E2462.56694
G1 F1581.4 X80.731 Y94.411 E2462.59992
G1 X80.959 Y94.187 E2462.61706
G1 F1574.1 X81.417 Y93.903 E2462.6461
G1 X81.769 Y93.782 E2462.66615
G1 X82.273 Y93.727 E2462.69347
G1 F1576.5 X82.618 Y93.758 E2462.71211
G1 F1581.4 X83.159 Y93.938 E2462.74269
G1 F1588.8 X83.428 Y94.104 E2462.75956
G1 X83.862 Y94.521 E2462.79169
G1 F1581.4 X84.147 Y95.027 E2462.82284
G1 F1583.9 X84.265 Y95.564 E2462.85228
G1 F1588.8 X84.265 Y95.936 E2462.87214
G1 F1586.3 X84.151 Y96.453 E2462.90044
G1 F1578.9 X83.852 Y96.993 E2462.9336
G1 F1586.3 X83.429 Y97.396 E2462.96483
G1 F1583.9 X83.125 Y97.576 E2462.98375
G1 F1574.1 X82.618 Y97.742 E2463.0125
G1 F1571.6 X82.224 Y97.77 E2463.03381
G1 X81.763 Y97.717 E2463.05885
G1 F1578.9 X81.236 Y97.5 E2463.08947
G1 F1583.9 X80.713 Y97.064 E2463.12593
G1 F1581.4 X80.41 Y96.607 E2463.15534
G1 F1576.5 X80.253 Y96.087 E2463.18456
G1 F1581.4 X80.244 Y95.501 E2463.21599
M204 S5000
M205 X30 Y30
G0 F7200 X80.295 Y95.308
G1 F1500 E2456.71599
G0 F7200 X80.071 Y95.24
G0 X80.224 Y96.564
G0 X81.177 Y98.039
G0 X80.804 Y99.11
G0 X80.803 Y111.391
G0 X79.634 Y114.2
M204 S3000
M205 X20 Y20
G1 F1500 E2463.21599
G1 F1562 X79.58 Y114.752 E2463.24611
G1 X79.634 Y115.3 E2463.27601
G1 F1571.6 X79.8 Y115.825 E2463.30572
G1 F1566.8 X80.075 Y116.299 E2463.33538
G1 F1557.3 X80.441 Y116.716 E2463.3656
G1 X80.639 Y116.881 E2463.37964
G1 F1559.6 X81.117 Y117.168 E2463.40996
G1 F1566.8 X81.633 Y117.353 E2463.43963
G1 F1571.6 X82.18 Y117.422 E2463.46938
G1 X82.727 Y117.381 E2463.49898
G1 F1576.5 X83.403 Y117.18 E2463.53693
G1 F1571.6 X83.96 Y116.803 E2463.57322
G1 X84.433 Y116.321 E2463.60967
G1 F1574.1 X84.807 Y115.591 E2463.65386
G1 F1571.6 X84.921 Y114.877 E2463.69288
G1 F1569.2 X84.921 Y114.619 E2463.70682
G1 F1571.6 X84.806 Y113.908 E2463.74569
G1 F1574.1 X84.432 Y113.179 E2463.78984
G1 F1569.2 X83.96 Y112.697 E2463.8263
G1 F1571.6 X83.403 Y112.32 E2463.8626
G1 F1578.9 X82.727 Y112.119 E2463.90048
G1 F1574.1 X82.18 Y112.079 E2463.93003
G1 F1571.6 X81.633 Y112.147 E2463.95978
G1 F1574.1 X81.116 Y112.329 E2463.98931
G1 F1571.6 X80.637 Y112.616 E2464.01944
G1 X80.439 Y112.782 E2464.03339
G1 F1566.8 X80.075 Y113.2 E2464.06339
G1 X79.8 Y113.675 E2464.0931
G1 F1571.6 X79.634 Y114.2 E2464.12281
M204 S5000
M205 X30 Y30
G0 F7200 X79.615 Y114.399
G0 X80.244 Y114.501
M204 S3000
M205 X20 Y20
G1 F1578.9 X80.398 Y113.928 E2464.15468
G1 F1581.4 X80.731 Y113.411 E2464.18767
G1 X80.959 Y113.187 E2464.20481
G1 F1574.1 X81.417 Y112.903 E2464.23384
G1 X81.769 Y112.782 E2464.2539
G1 X82.273 Y112.727 E2464.28122
G1 F1576.5 X82.618 Y112.758 E2464.29985
G1 F1581.4 X83.159 Y112.938 E2464.33043
G1 F1588.8 X83.428 Y113.104 E2464.34731
G1 X83.862 Y113.521 E2464.37943
G1 F1581.4 X84.147 Y114.027 E2464.41058
G1 F1583.9 X84.265 Y114.564 E2464.44002
G1 F1588.8 X84.265 Y114.936 E2464.45988
G1 F1586.3 X84.151 Y115.453 E2464.48819
G1 F1578.9 X83.852 Y115.993 E2464.52134
G1 F1586.3 X83.429 Y116.396 E2464.55258
G1 F1583.9 X83.125 Y116.576 E2464.5715
G1 F1574.1 X82.618 Y116.742 E2464.60024
G1 F1571.6 X82.224 Y116.77 E2464.62156
G1 X81.763 Y116.717 E2464.6466
G1 F1578.9 X81.236 Y116.5 E2464.67721
G1 F1583.9 X80.713 Y116.064 E2464.71368
G1 F1581.4 X80.41 Y115.607 E2464.74308
G1 F1576.5 X80.253 Y115.087 E2464.77231
G1 F1581.4 X80.244 Y114.501 E2464.80374
M204 S5000
M205 X30 Y30
G0 F7200 X80.295 Y114.308
G1 F1500 E2458.30374
G0 F7200 X80.071 Y114.24
G0 X80.598 Y113.307
G0 X81.723 Y112.62
G0 X83.23 Y112.786
G0 X84.777 Y114.866
G0 X85.911 Y114.866
G0 X134.089 Y114.866
G0 X135.192 Y115.588
M204 S3000
M205 X20 Y20
G1 F1500 E2464.80374
G1 F1574.1 X135.567 Y116.321 E2464.8481
G1 F1569.2 X136.04 Y116.803 E2464.8846
G1 F1571.6 X136.597 Y117.18 E2464.9209
G1 F1576.5 X137.273 Y117.381 E2464.95884
G1 F1571.6 X137.82 Y117.421 E2464.98844
G1 F1569.2 X138.367 Y117.353 E2465.01823
G1 F1566.8 X138.883 Y117.168 E2465.0479
G1 F1554.9 X139.361 Y116.881 E2465.07831
G1 X139.559 Y116.716 E2465.09237
G1 F1557.3 X139.925 Y116.299 E2465.12259
G1 F1566.8 X140.2 Y115.825 E2465.15225
G1 F1571.6 X140.366 Y115.3 E2465.18197
G1 F1562 X140.421 Y114.748 E2465.21209
G1 X140.366 Y114.2 E2465.24199
G1 F1569.2 X140.2 Y113.675 E2465.27175
G1 F1566.8 X139.925 Y113.2 E2465.30146
G1 F1564.4 X139.559 Y112.78 E2465.33166
G1 F1569.2 X139.363 Y112.616 E2465.34548
G1 F1571.6 X138.884 Y112.329 E2465.37561
G1 F1576.5 X138.367 Y112.147 E2465.4051
G1 F1571.6 X137.82 Y112.078 E2465.43485
G1 X137.273 Y112.119 E2465.46445
G1 F1576.5 X136.597 Y112.32 E2465.50239
G1 F1571.6 X136.04 Y112.697 E2465.53869
G1 X135.566 Y113.18 E2465.57521
G1 F1574.1 X135.193 Y113.909 E2465.61933
G1 F1571.6 X135.079 Y114.623 E2465.65835
G1 F1569.2 X135.079 Y114.856 E2465.67094
G1 F1571.6 X135.192 Y115.588 E2465.71091
M204 S5000
M205 X30 Y30
G0 F7200 X135.283 Y115.766
G0 X135.486 Y115.666
G0 X135.514 Y114.515
G0 X135.735 Y114.564
M204 S3000
M205 X20 Y20
G1 F1576.5 X135.849 Y114.047 E2465.73939
G1 F1571.6 X136.139 Y113.512 E2465.77223
G1 F1581.4 X136.571 Y113.104 E2465.8041
G1 X136.875 Y112.924 E2465.82305
G1 F1574.1 X137.382 Y112.758 E2465.85179
G1 F1571.6 X137.777 Y112.73 E2465.87316
G1 X138.231 Y112.782 E2465.89782
G1 F1576.5 X138.586 Y112.905 E2465.91804
G1 F1578.9 X139.041 Y113.187 E2465.94679
G1 F1588.8 X139.268 Y113.411 E2465.96381
G1 F1583.9 X139.597 Y113.916 E2465.99609
G1 F1576.5 X139.745 Y114.407 E2466.02368
G1 F1581.4 X139.748 Y115.086 E2466.06009
G1 F1583.9 X139.593 Y115.603 E2466.089
G1 X139.261 Y116.104 E2466.12118
G1 F1591.3 X138.803 Y116.479 E2466.15273
G1 F1586.3 X138.237 Y116.717 E2466.18556
G1 F1569.2 X137.733 Y116.775 E2466.21298
G1 F1571.6 X137.382 Y116.742 E2466.232
G1 F1576.5 X136.841 Y116.562 E2466.26268
G1 F1581.4 X136.572 Y116.396 E2466.27963
G1 X136.138 Y115.98 E2466.31187
G1 F1574.1 X135.849 Y115.453 E2466.34426
G1 F1578.9 X135.735 Y114.936 E2466.37269
G1 F1581.4 X135.731 Y114.614 E2466.38997
G1 X135.735 Y114.564 E2466.39266
M204 S5000
M205 X30 Y30
G0 F7200 X135.778 Y114.369
G1 F1500 E2459.89266
G0 F7200 X135.558 Y114.32
G0 X136.13 Y112.809
G0 X135.496 Y111.868
G0 X135.497 Y98.633
G0 X135.735 Y95.564
M204 S3000
M205 X20 Y20
G1 F1500 E2466.39266
G1 F1576.5 X135.849 Y95.047 E2466.42114
G1 F1571.6 X136.139 Y94.512 E2466.45398
G1 F1581.4 X136.571 Y94.104 E2466.48585
G1 X136.875 Y93.924 E2466.50479
G1 F1574.1 X137.382 Y93.758 E2466.53354
G1 F1571.6 X137.777 Y93.73 E2466.55491
G1 X138.231 Y93.782 E2466.57957
G1 F1576.5 X138.586 Y93.905 E2466.59978
G1 F1578.9 X139.041 Y94.187 E2466.62853
G1 F1588.8 X139.268 Y94.411 E2466.64556
G1 F1583.9 X139.597 Y94.916 E2466.67783
G1 F1576.5 X139.745 Y95.407 E2466.70542
G1 F1581.4 X139.748 Y96.086 E2466.74184
G1 F1583.9 X139.593 Y96.603 E2466.77074
G1 X139.261 Y97.104 E2466.80293
G1 F1591.3 X138.803 Y97.479 E2466.83447
G1 F1586.3 X138.237 Y97.717 E2466.8673
G1 F1569.2 X137.733 Y97.775 E2466.89472
G1 F1571.6 X137.382 Y97.742 E2466.91375
G1 F1576.5 X136.841 Y97.562 E2466.94442
G1 F1581.4 X136.572 Y97.396 E2466.96137
G1 X136.138 Y96.98 E2466.99362
G1 F1574.1 X135.849 Y96.453 E2467.026
G1 F1578.9 X135.735 Y95.936 E2467.05444
G1 F1581.4 X135.731 Y95.614 E2467.07171
G1 X135.735 Y95.564 E2467.0744
M204 S5000
M205 X30 Y30
G0 F7200 X135.778 Y95.369
G0 X135.193 Y94.909
M204 S3000
M205 X20 Y20
G1 F1571.6 X135.079 Y95.623 E2467.11342
G1 F1569.2 X135.079 Y95.881 E2467.12736
G1 F1571.6 X135.193 Y96.591 E2467.16617
G1 F1574.1 X135.567 Y97.321 E2467.21036
G1 F1569.2 X136.04 Y97.803 E2467.24686
G1 F1571.6 X136.597 Y98.18 E2467.28316
G1 F1576.5 X137.273 Y98.381 E2467.3211
G1 F1571.6 X137.82 Y98.421 E2467.3507
G1 F1569.2 X138.367 Y98.353 E2467.38049
G1 F1566.8 X138.883 Y98.168 E2467.41016
G1 F1554.9 X139.361 Y97.881 E2467.44057
G1 X139.559 Y97.716 E2467.45463
G1 F1557.3 X139.925 Y97.299 E2467.48485
G1 F1566.8 X140.2 Y96.825 E2467.51452
G1 F1571.6 X140.366 Y96.3 E2467.54423
G1 F1562 X140.421 Y95.748 E2467.57435
G1 X140.366 Y95.2 E2467.60425
G1 F1569.2 X140.2 Y94.675 E2467.63401
G1 F1566.8 X139.925 Y94.2 E2467.66372
G1 F1564.4 X139.559 Y93.78 E2467.69393
G1 F1569.2 X139.363 Y93.616 E2467.70774
G1 F1571.6 X138.884 Y93.329 E2467.73787
G1 F1576.5 X138.367 Y93.147 E2467.76736
G1 F1571.6 X137.82 Y93.078 E2467.79711
G1 X137.273 Y93.119 E2467.82671
G1 F1576.5 X136.597 Y93.32 E2467.86465
G1 F1571.6 X136.04 Y93.697 E2467.90095
G1 X135.566 Y94.18 E2467.93747
G1 F1574.1 X135.193 Y94.909 E2467.98159
M204 S5000
M205 X30 Y30
G0 F7200 X135.162 Y95.106
G1 F1500 E2461.48159
;MESH:NONMESH
G0 F600 X135.162 Y95.106 Z5.5
G0 F7200 X135.381 Y95.141
G0 X134.089 Y95.634
G0 X85.911 Y95.634
G0 X79.634 Y95.2
;TIME_ELAPSED:2338.289989
;LAYER:26
M204 S3000
M205 X20 Y20
;TYPE:WALL-OUTER
;MESH:Pi Holder.stl
G1 F1500 E2467.98159
G1 F1562 X79.58 Y95.752 E2468.01171
G1 X79.634 Y96.3 E2468.04161
G1 F1571.6 X79.8 Y96.825 E2468.07132
G1 F1566.8 X80.075 Y97.299 E2468.10098
G1 F1557.3 X80.441 Y97.716 E2468.1312
G1 X80.639 Y97.881 E2468.14524
G1 F1559.6 X81.117 Y98.168 E2468.17556
G1 F1566.8 X81.633 Y98.353 E2468.20523
G1 F1571.6 X82.18 Y98.422 E2468.23498
G1 X82.727 Y98.381 E2468.26459
G1 F1576.5 X83.403 Y98.18 E2468.30253
G1 F1571.6 X83.96 Y97.803 E2468.33882
G1 X84.433 Y97.321 E2468.37527
G1 F1574.1 X84.807 Y96.591 E2468.41946
G1 F1571.6 X84.921 Y95.877 E2468.45848
G1 F1569.2 X84.921 Y95.619 E2468.47242
G1 F1571.6 X84.806 Y94.908 E2468.51129
G1 F1574.1 X84.432 Y94.179 E2468.55544
G1 F1569.2 X83.96 Y93.697 E2468.5919
G1 F1571.6 X83.403 Y93.32 E2468.6282
G1 F1578.9 X82.727 Y93.119 E2468.66608
G1 F1574.1 X82.18 Y93.079 E2468.69563
G1 F1571.6 X81.633 Y93.147 E2468.72538
G1 F1574.1 X81.116 Y93.329 E2468.75491
G1 F1571.6 X80.637 Y93.616 E2468.78504
G1 X80.439 Y93.782 E2468.79899
G1 F1566.8 X80.075 Y94.2 E2468.82899
G1 X79.8 Y94.675 E2468.8587
G1 F1571.6 X79.634 Y95.2 E2468.88841
M204 S5000
M205 X30 Y30
G0 F7200 X79.615 Y95.399
G0 X80.244 Y95.501
M204 S3000
M205 X20 Y20
G1 F1578.9 X80.398 Y94.928 E2468.92028
G1 F1581.4 X80.731 Y94.411 E2468.95327
G1 X80.959 Y94.187 E2468.97041
G1 F1574.1 X81.417 Y93.903 E2468.99945
G1 X81.769 Y93.782 E2469.0195
G1 X82.273 Y93.727 E2469.04682
G1 F1576.5 X82.618 Y93.758 E2469.06545
G1 F1581.4 X83.159 Y93.938 E2469.09603
G1 F1588.8 X83.428 Y94.104 E2469.11291
G1 X83.862 Y94.521 E2469.14504
G1 F1581.4 X84.147 Y95.027 E2469.17618
G1 F1583.9 X84.265 Y95.564 E2469.20562
G1 F1588.8 X84.265 Y95.936 E2469.22548
G1 F1586.3 X84.151 Y96.453 E2469.25379
G1 F1578.9 X83.852 Y96.993 E2469.28694
G1 F1586.3 X83.429 Y97.396 E2469.31818
G1 F1583.9 X83.125 Y97.576 E2469.3371
G1 F1574.1 X82.618 Y97.742 E2469.36584
G1 F1571.6 X82.224 Y97.77 E2469.38716
G1 X81.763 Y97.717 E2469.4122
G1 F1578.9 X81.236 Y97.5 E2469.44281
G1 F1583.9 X80.713 Y97.064 E2469.47928
G1 F1581.4 X80.41 Y96.607 E2469.50868
G1 F1576.5 X80.253 Y96.087 E2469.53791
G1 F1581.4 X80.244 Y95.501 E2469.56934
M204 S5000
M205 X30 Y30
G0 F7200 X80.295 Y95.308
G1 F1500 E2463.06934
G0 F7200 X80.071 Y95.24
G0 X80.224 Y96.564
G0 X81.177 Y98.039
G0 X80.804 Y99.11
G0 X80.803 Y111.391
G0 X79.634 Y114.2
M204 S3000
M205 X20 Y20
G1 F1500 E2469.56934
G1 F1562 X79.58 Y114.752 E2469.59945
G1 X79.634 Y115.3 E2469.62935
G1 F1571.6 X79.8 Y115.825 E2469.65907
G1 F1566.8 X80.075 Y116.299 E2469.68873
G1 F1557.3 X80.441 Y116.716 E2469.71895
G1 X80.639 Y116.881 E2469.73299
G1 F1559.6 X81.117 Y117.168 E2469.7633
G1 F1566.8 X81.633 Y117.353 E2469.79298
G1 F1571.6 X82.18 Y117.422 E2469.82273
G1 X82.727 Y117.381 E2469.85233
G1 F1576.5 X83.403 Y117.18 E2469.89027
G1 F1571.6 X83.96 Y116.803 E2469.92657
G1 X84.433 Y116.321 E2469.96301
G1 F1574.1 X84.807 Y115.591 E2470.00721
G1 F1571.6 X84.921 Y114.877 E2470.04623
G1 F1569.2 X84.921 Y114.619 E2470.06017
G1 F1571.6 X84.806 Y113.908 E2470.09904
G1 F1574.1 X84.432 Y113.179 E2470.14318
G1 F1569.2 X83.96 Y112.697 E2470.17965
G1 F1571.6 X83.403 Y112.32 E2470.21594
G1 F1578.9 X82.727 Y112.119 E2470.25382
G1 F1574.1 X82.18 Y112.079 E2470.28338
G1 F1571.6 X81.633 Y112.147 E2470.31312
G1 F1574.1 X81.116 Y112.329 E2470.34265
G1 F1571.6 X80.637 Y112.616 E2470.37279
G1 X80.439 Y112.782 E2470.38673
G1 F1566.8 X80.075 Y113.2 E2470.41674
G1 X79.8 Y113.675 E2470.44645
G1 F1571.6 X79.634 Y114.2 E2470.47616
M204 S5000
M205 X30 Y30
G0 F7200 X79.615 Y114.399
G0 X80.244 Y114.501
M204 S3000
M205 X20 Y20
G1 F1578.9 X80.398 Y113.928 E2470.50803
G1 F1581.4 X80.731 Y113.411 E2470.54101
G1 X80.959 Y113.187 E2470.55815
G1 F1574.1 X81.417 Y112.903 E2470.58719
G1 X81.769 Y112.782 E2470.60725
G1 X82.273 Y112.727 E2470.63456
G1 F1576.5 X82.618 Y112.758 E2470.6532
G1 F1581.4 X83.159 Y112.938 E2470.68378
G1 F1588.8 X83.428 Y113.104 E2470.70065
G1 X83.862 Y113.521 E2470.73278
G1 F1581.4 X84.147 Y114.027 E2470.76393
G1 F1583.9 X84.265 Y114.564 E2470.79337
G1 F1588.8 X84.265 Y114.936 E2470.81323
G1 F1586.3 X84.151 Y115.453 E2470.84153
G1 F1578.9 X83.852 Y115.993 E2470.87469
G1 F1586.3 X83.429 Y116.396 E2470.90593
G1 F1583.9 X83.125 Y116.576 E2470.92484
G1 F1574.1 X82.618 Y116.742 E2470.95359
G1 F1571.6 X82.224 Y116.77 E2470.97491
G1 X81.763 Y116.717 E2470.99995
G1 F1578.9 X81.236 Y116.5 E2471.03056
G1 F1583.9 X80.713 Y116.064 E2471.06702
G1 F1581.4 X80.41 Y115.607 E2471.09643
G1 F1576.5 X80.253 Y115.087 E2471.12565
G1 F1581.4 X80.244 Y114.501 E2471.15708
M204 S5000
M205 X30 Y30
G0 F7200 X80.295 Y114.308
G1 F1500 E2464.65708
G0 F7200 X80.071 Y114.24
G0 X80.598 Y113.307
G0 X81.723 Y112.62
G0 X83.23 Y112.786
G0 X84.777 Y114.634
G0 X85.911 Y114.634
G0 X134.187 Y113.92
G0 X135.193 Y113.909
M204 S3000
M205 X20 Y20
G1 F1500 E2471.15708
G1 F1571.6 X135.079 Y114.623 E2471.1961
G1 F1569.2 X135.079 Y114.881 E2471.21005
G1 F1571.6 X135.193 Y115.591 E2471.24885
G1 F1574.1 X135.567 Y116.321 E2471.29305
G1 F1569.2 X136.04 Y116.803 E2471.32955
G1 F1571.6 X136.597 Y117.18 E2471.36584
G1 F1576.5 X137.273 Y117.381 E2471.40378
G1 F1571.6 X137.82 Y117.421 E2471.43338
G1 F1569.2 X138.367 Y117.353 E2471.46317
G1 F1566.8 X138.883 Y117.168 E2471.49285
G1 F1554.9 X139.361 Y116.881 E2471.52326
G1 X139.559 Y116.716 E2471.53732
G1 F1557.3 X139.925 Y116.299 E2471.56753
G1 F1566.8 X140.2 Y115.825 E2471.5972
G1 F1571.6 X140.366 Y115.3 E2471.62691
G1 F1562 X140.421 Y114.748 E2471.65703
G1 X140.366 Y114.2 E2471.68694
G1 F1569.2 X140.2 Y113.675 E2471.7167
G1 F1566.8 X139.925 Y113.2 E2471.74641
G1 F1564.4 X139.559 Y112.78 E2471.77661
G1 F1569.2 X139.363 Y112.616 E2471.79042
G1 F1571.6 X138.884 Y112.329 E2471.82056
G1 F1576.5 X138.367 Y112.147 E2471.85004
G1 F1571.6 X137.82 Y112.078 E2471.8798
G1 X137.273 Y112.119 E2471.9094
G1 F1576.5 X136.597 Y112.32 E2471.94734
G1 F1571.6 X136.04 Y112.697 E2471.98363
G1 X135.566 Y113.18 E2472.02015
G1 F1574.1 X135.193 Y113.909 E2472.06428
M204 S5000
M205 X30 Y30
G0 F7200 X135.162 Y114.106
G0 X135.735 Y114.564
M204 S3000
M205 X20 Y20
G1 F1576.5 X135.849 Y114.047 E2472.09276
G1 F1571.6 X136.139 Y113.512 E2472.1256
G1 F1581.4 X136.571 Y113.104 E2472.15747
G1 X136.875 Y112.924 E2472.17641
G1 F1574.1 X137.382 Y112.758 E2472.20516
G1 F1571.6 X137.777 Y112.73 E2472.22653
G1 X138.231 Y112.782 E2472.25119
G1 F1576.5 X138.586 Y112.905 E2472.2714
G1 F1578.9 X139.041 Y113.187 E2472.30015
G1 F1588.8 X139.268 Y113.411 E2472.31718
G1 F1583.9 X139.597 Y113.916 E2472.34945
G1 F1576.5 X139.745 Y114.407 E2472.37704
G1 F1581.4 X139.748 Y115.086 E2472.41346
G1 F1583.9 X139.593 Y115.603 E2472.44236
G1 X139.261 Y116.104 E2472.47455
G1 F1591.3 X138.803 Y116.479 E2472.5061
G1 F1586.3 X138.237 Y116.717 E2472.53892
G1 F1569.2 X137.733 Y116.775 E2472.56634
G1 F1571.6 X137.382 Y116.742 E2472.58537
G1 F1576.5 X136.841 Y116.562 E2472.61604
G1 F1581.4 X136.572 Y116.396 E2472.63299
G1 X136.138 Y115.98 E2472.66524
G1 F1574.1 X135.849 Y115.453 E2472.69762
G1 F1578.9 X135.735 Y114.936 E2472.72606
G1 F1581.4 X135.731 Y114.614 E2472.74333
G1 X135.735 Y114.564 E2472.74602
M204 S5000
M205 X30 Y30
G0 F7200 X135.778 Y114.369
G1 F1500 E2466.24602
G0 F7200 X135.558 Y114.32
G0 X136.13 Y112.809
G0 X135.496 Y111.868
G0 X135.497 Y98.633
G0 X135.735 Y95.564
M204 S3000
M205 X20 Y20
G1 F1500 E2472.74602
G1 F1576.5 X135.849 Y95.047 E2472.7745
G1 F1571.6 X136.139 Y94.512 E2472.80734
G1 F1581.4 X136.571 Y94.104 E2472.83921
G1 X136.875 Y93.924 E2472.85816
G1 F1574.1 X137.382 Y93.758 E2472.8869
G1 F1571.6 X137.777 Y93.73 E2472.90827
G1 X138.231 Y93.782 E2472.93293
G1 F1576.5 X138.586 Y93.905 E2472.95315
G1 F1578.9 X139.041 Y94.187 E2472.9819
G1 F1588.8 X139.268 Y94.411 E2472.99892
G1 F1583.9 X139.597 Y94.916 E2473.0312
G1 F1576.5 X139.745 Y95.407 E2473.05879
G1 F1581.4 X139.748 Y96.086 E2473.0952
G1 F1583.9 X139.593 Y96.603 E2473.12411
G1 X139.261 Y97.104 E2473.15629
G1 F1591.3 X138.803 Y97.479 E2473.18784
G1 F1586.3 X138.237 Y97.717 E2473.22067
G1 F1569.2 X137.733 Y97.775 E2473.24809
G1 F1571.6 X137.382 Y97.742 E2473.26711
G1 F1576.5 X136.841 Y97.562 E2473.29779
G1 F1581.4 X136.572 Y97.396 E2473.31474
G1 X136.138 Y96.98 E2473.34698
G1 F1574.1 X135.849 Y96.453 E2473.37937
G1 F1578.9 X135.735 Y95.936 E2473.4078
G1 F1581.4 X135.731 Y95.614 E2473.42508
G1 X135.735 Y95.564 E2473.42777
M204 S5000
M205 X30 Y30
G0 F7200 X135.778 Y95.369
G0 X135.193 Y94.909
M204 S3000
M205 X20 Y20
G1 F1571.6 X135.079 Y95.623 E2473.46678
G1 F1569.2 X135.079 Y95.881 E2473.48073
G1 F1571.6 X135.193 Y96.591 E2473.51953
G1 F1574.1 X135.567 Y97.321 E2473.56373
G1 F1569.2 X136.04 Y97.803 E2473.60023
G1 F1571.6 X136.597 Y98.18 E2473.63652
G1 F1576.5 X137.273 Y98.381 E2473.67447
G1 F1571.6 X137.82 Y98.421 E2473.70406
G1 F1569.2 X138.367 Y98.353 E2473.73385
G1 F1566.8 X138.883 Y98.168 E2473.76353
G1 F1554.9 X139.361 Y97.881 E2473.79394
G1 X139.559 Y97.716 E2473.808
G1 F1557.3 X139.925 Y97.299 E2473.83822
G1 F1566.8 X140.2 Y96.825 E2473.86788
G1 F1571.6 X140.366 Y96.3 E2473.89759
G1 F1562 X140.421 Y95.748 E2473.92771
G1 X140.366 Y95.2 E2473.95762
G1 F1569.2 X140.2 Y94.675 E2473.98738
G1 F1566.8 X139.925 Y94.2 E2474.01709
G1 F1564.4 X139.559 Y93.78 E2474.04729
G1 F1569.2 X139.363 Y93.616 E2474.0611
G1 F1571.6 X138.884 Y93.329 E2474.09124
G1 F1576.5 X138.367 Y93.147 E2474.12072
G1 F1571.6 X137.82 Y93.078 E2474.15048
G1 X137.273 Y93.119 E2474.18008
G1 F1576.5 X136.597 Y93.32 E2474.21802
G1 F1571.6 X136.04 Y93.697 E2474.25432
G1 X135.566 Y94.18 E2474.29083
G1 F1574.1 X135.193 Y94.909 E2474.33496
M204 S5000
M205 X30 Y30
G0 F7200 X135.162 Y95.106
G1 F1500 E2467.83496
;MESH:NONMESH
G0 F600 X135.162 Y95.106 Z5.7
G0 F7200 X135.381 Y95.141
G0 X134.089 Y95.634
G0 X85.911 Y95.634
G0 X79.634 Y95.2
;TIME_ELAPSED:2346.557646
;LAYER:27
M204 S3000
M205 X20 Y20
;TYPE:WALL-OUTER
;MESH:Pi Holder.stl
G1 F1500 E2474.33496
G1 F1562 X79.58 Y95.752 E2474.36507
G1 X79.634 Y96.3 E2474.39497
G1 F1571.6 X79.8 Y96.825 E2474.42469
G1 F1566.8 X80.075 Y97.299 E2474.45435
G1 F1557.3 X80.441 Y97.716 E2474.48457
G1 X80.639 Y97.881 E2474.4986
G1 F1559.6 X81.117 Y98.168 E2474.52892
G1 F1566.8 X81.633 Y98.353 E2474.5586
G1 F1571.6 X82.18 Y98.422 E2474.58835
G1 X82.727 Y98.381 E2474.61795
G1 F1576.5 X83.403 Y98.18 E2474.65589
G1 F1571.6 X83.96 Y97.803 E2474.69219
G1 X84.433 Y97.321 E2474.72863
G1 F1574.1 X84.807 Y96.591 E2474.77283
G1 F1571.6 X84.921 Y95.877 E2474.81184
G1 F1569.2 X84.921 Y95.619 E2474.82579
G1 F1571.6 X84.806 Y94.908 E2474.86466
G1 F1574.1 X84.432 Y94.179 E2474.9088
G1 F1569.2 X83.96 Y93.697 E2474.94527
G1 F1571.6 X83.403 Y93.32 E2474.98156
G1 F1578.9 X82.727 Y93.119 E2475.01944
G1 F1574.1 X82.18 Y93.079 E2475.049
G1 F1571.6 X81.633 Y93.147 E2475.07874
G1 F1574.1 X81.116 Y93.329 E2475.10827
G1 F1571.6 X80.637 Y93.616 E2475.13841
G1 X80.439 Y93.782 E2475.15235
G1 F1566.8 X80.075 Y94.2 E2475.18235
G1 X79.8 Y94.675 E2475.21206
G1 F1571.6 X79.634 Y95.2 E2475.24178
M204 S5000
M205 X30 Y30
G0 F7200 X79.615 Y95.399
G0 X80.244 Y95.501
M204 S3000
M205 X20 Y20
G1 F1578.9 X80.398 Y94.928 E2475.27365
G1 F1581.4 X80.731 Y94.411 E2475.30663
G1 X80.959 Y94.187 E2475.32377
G1 F1574.1 X81.417 Y93.903 E2475.35281
G1 X81.769 Y93.782 E2475.37287
G1 X82.273 Y93.727 E2475.40018
G1 F1576.5 X82.618 Y93.758 E2475.41882
G1 F1581.4 X83.159 Y93.938 E2475.4494
G1 F1588.8 X83.428 Y94.104 E2475.46627
G1 X83.862 Y94.521 E2475.4984
G1 F1581.4 X84.147 Y95.027 E2475.52955
G1 F1583.9 X84.265 Y95.564 E2475.55899
G1 F1588.8 X84.265 Y95.936 E2475.57885
G1 F1586.3 X84.151 Y96.453 E2475.60715
G1 F1578.9 X83.852 Y96.993 E2475.64031
G1 F1586.3 X83.429 Y97.396 E2475.67155
G1 F1583.9 X83.125 Y97.576 E2475.69046
G1 F1574.1 X82.618 Y97.742 E2475.71921
G1 F1571.6 X82.224 Y97.77 E2475.74052
G1 X81.763 Y97.717 E2475.76557
G1 F1578.9 X81.236 Y97.5 E2475.79618
G1 F1583.9 X80.713 Y97.064 E2475.83264
G1 F1581.4 X80.41 Y96.607 E2475.86205
G1 F1576.5 X80.253 Y96.087 E2475.89127
G1 F1581.4 X80.244 Y95.501 E2475.9227
M204 S5000
M205 X30 Y30
G0 F7200 X80.295 Y95.308
G1 F1500 E2469.4227
G0 F7200 X80.071 Y95.24
G0 X80.224 Y96.564
G0 X81.177 Y98.039
G0 X80.804 Y99.11
G0 X80.803 Y111.391
G0 X79.634 Y114.2
M204 S3000
M205 X20 Y20
G1 F1500 E2475.9227
G1 F1562 X79.58 Y114.752 E2475.95282
G1 X79.634 Y115.3 E2475.98272
G1 F1571.6 X79.8 Y115.825 E2476.01243
G1 F1566.8 X80.075 Y116.299 E2476.04209
G1 F1557.3 X80.441 Y116.716 E2476.07231
G1 X80.639 Y116.881 E2476.08635
G1 F1559.6 X81.117 Y117.168 E2476.11667
G1 F1566.8 X81.633 Y117.353 E2476.14634
G1 F1571.6 X82.18 Y117.422 E2476.17609
G1 X82.727 Y117.381 E2476.2057
G1 F1576.5 X83.403 Y117.18 E2476.24364
G1 F1571.6 X83.96 Y116.803 E2476.27993
G1 X84.433 Y116.321 E2476.31638
G1 F1574.1 X84.807 Y115.591 E2476.36057
G1 F1571.6 X84.921 Y114.877 E2476.39959
G1 F1569.2 X84.921 Y114.619 E2476.41353
G1 F1571.6 X84.806 Y113.908 E2476.4524
G1 F1574.1 X84.432 Y113.179 E2476.49655
G1 F1569.2 X83.96 Y112.697 E2476.53301
G1 F1571.6 X83.403 Y112.32 E2476.56931
G1 F1578.9 X82.727 Y112.119 E2476.60719
G1 F1574.1 X82.18 Y112.079 E2476.63674
G1 F1571.6 X81.633 Y112.147 E2476.66649
G1 F1574.1 X81.116 Y112.329 E2476.69602
G1 F1571.6 X80.637 Y112.616 E2476.72615
G1 X80.439 Y112.782 E2476.7401
G1 F1566.8 X80.075 Y113.2 E2476.7701
G1 X79.8 Y113.675 E2476.79981
G1 F1571.6 X79.634 Y114.2 E2476.82952
M204 S5000
M205 X30 Y30
G0 F7200 X79.615 Y114.399
G0 X80.244 Y114.501
M204 S3000
M205 X20 Y20
G1 F1578.9 X80.398 Y113.928 E2476.8614
G1 F1581.4 X80.731 Y113.411 E2476.89438
G1 X80.959 Y113.187 E2476.91152
G1 F1574.1 X81.417 Y112.903 E2476.94056
G1 X81.769 Y112.782 E2476.96061
G1 X82.273 Y112.727 E2476.98793
G1 F1576.5 X82.618 Y112.758 E2477.00656
G1 F1581.4 X83.159 Y112.938 E2477.03714
G1 F1588.8 X83.428 Y113.104 E2477.05402
G1 X83.862 Y113.521 E2477.08615
G1 F1581.4 X84.147 Y114.027 E2477.11729
G1 F1583.9 X84.265 Y114.564 E2477.14673
G1 F1588.8 X84.265 Y114.936 E2477.16659
G1 F1586.3 X84.151 Y115.453 E2477.1949
G1 F1578.9 X83.852 Y115.993 E2477.22805
G1 F1586.3 X83.429 Y116.396 E2477.25929
G1 F1583.9 X83.125 Y116.576 E2477.27821
G1 F1574.1 X82.618 Y116.742 E2477.30695
G1 F1571.6 X82.224 Y116.77 E2477.32827
G1 X81.763 Y116.717 E2477.35331
G1 F1578.9 X81.236 Y116.5 E2477.38393
G1 F1583.9 X80.713 Y116.064 E2477.42039
G1 F1581.4 X80.41 Y115.607 E2477.44979
G1 F1576.5 X80.253 Y115.087 E2477.47902
G1 F1581.4 X80.244 Y114.501 E2477.51045
M204 S5000
M205 X30 Y30
G0 F7200 X80.295 Y114.308
G1 F1500 E2471.01045
G0 F7200 X80.071 Y114.24
G0 X80.598 Y113.307
G0 X81.723 Y112.62
G0 X83.23 Y112.786
G0 X84.777 Y114.634
G0 X85.911 Y114.634
G0 X134.187 Y113.92
G0 X135.193 Y113.909
M204 S3000
M205 X20 Y20
G1 F1500 E2477.51045
G1 F1571.6 X135.079 Y114.623 E2477.54947
G1 F1569.2 X135.079 Y114.881 E2477.56341
G1 F1571.6 X135.193 Y115.591 E2477.60222
G1 F1574.1 X135.567 Y116.321 E2477.64641
G1 F1569.2 X136.04 Y116.803 E2477.68291
G1 F1571.6 X136.597 Y117.18 E2477.71921
G1 F1576.5 X137.273 Y117.381 E2477.75715
G1 F1571.6 X137.82 Y117.421 E2477.78675
G1 F1569.2 X138.367 Y117.353 E2477.81654
G1 F1566.8 X138.883 Y117.168 E2477.84621
G1 F1554.9 X139.361 Y116.881 E2477.87662
G1 X139.559 Y116.716 E2477.89068
G1 F1557.3 X139.925 Y116.299 E2477.9209
G1 F1566.8 X140.2 Y115.825 E2477.95056
G1 F1571.6 X140.366 Y115.3 E2477.98028
G1 F1562 X140.421 Y114.748 E2478.0104
G1 X140.366 Y114.2 E2478.0403
G1 F1569.2 X140.2 Y113.675 E2478.07006
G1 F1566.8 X139.925 Y113.2 E2478.09977
G1 F1564.4 X139.559 Y112.78 E2478.12997
G1 F1569.2 X139.363 Y112.616 E2478.14379
G1 F1571.6 X138.884 Y112.329 E2478.17392
G1 F1576.5 X138.367 Y112.147 E2478.20341
G1 F1571.6 X137.82 Y112.078 E2478.23316
G1 X137.273 Y112.119 E2478.26276
G1 F1576.5 X136.597 Y112.32 E2478.3007
G1 F1571.6 X136.04 Y112.697 E2478.337
G1 X135.566 Y113.18 E2478.37352
G1 F1574.1 X135.193 Y113.909 E2478.41764
M204 S5000
M205 X30 Y30
G0 F7200 X135.162 Y114.106
G0 X135.735 Y114.564
M204 S3000
M205 X20 Y20
G1 F1576.5 X135.849 Y114.047 E2478.44612
G1 F1571.6 X136.139 Y113.512 E2478.47896
G1 F1581.4 X136.571 Y113.104 E2478.51083
G1 X136.875 Y112.924 E2478.52978
G1 F1574.1 X137.382 Y112.758 E2478.55852
G1 F1571.6 X137.777 Y112.73 E2478.57989
G1 X138.231 Y112.782 E2478.60455
G1 F1576.5 X138.586 Y112.905 E2478.62477
G1 F1578.9 X139.041 Y113.187 E2478.65352
G1 F1588.8 X139.268 Y113.411 E2478.67054
G1 F1583.9 X139.597 Y113.916 E2478.70282
G1 F1576.5 X139.745 Y114.407 E2478.73041
G1 F1581.4 X139.748 Y115.086 E2478.76682
G1 F1583.9 X139.593 Y115.603 E2478.79573
G1 X139.261 Y116.104 E2478.82791
G1 F1591.3 X138.803 Y116.479 E2478.85946
G1 F1586.3 X138.237 Y116.717 E2478.89229
G1 F1569.2 X137.733 Y116.775 E2478.91971
G1 F1571.6 X137.382 Y116.742 E2478.93873
G1 F1576.5 X136.841 Y116.562 E2478.96941
G1 F1581.4 X136.572 Y116.396 E2478.98636
G1 X136.138 Y115.98 E2479.0186
G1 F1574.1 X135.849 Y115.453 E2479.05099
G1 F1578.9 X135.735 Y114.936 E2479.07942
G1 F1581.4 X135.731 Y114.614 E2479.0967
G1 X135.735 Y114.564 E2479.09939
M204 S5000
M205 X30 Y30
G0 F7200 X135.778 Y114.369
G1 F1500 E2472.59939
G0 F7200 X135.558 Y114.32
G0 X136.13 Y112.809
G0 X135.496 Y111.868
G0 X135.497 Y98.633
G0 X135.735 Y95.564
M204 S3000
M205 X20 Y20
G1 F1500 E2479.09939
G1 F1576.5 X135.849 Y95.047 E2479.12787
G1 F1571.6 X136.139 Y94.512 E2479.16071
G1 F1581.4 X136.571 Y94.104 E2479.19258
G1 X136.875 Y93.924 E2479.21152
G1 F1574.1 X137.382 Y93.758 E2479.24027
G1 F1571.6 X137.777 Y93.73 E2479.26164
G1 X138.231 Y93.782 E2479.2863
G1 F1576.5 X138.586 Y93.905 E2479.30651
G1 F1578.9 X139.041 Y94.187 E2479.33526
G1 F1588.8 X139.268 Y94.411 E2479.35229
G1 F1583.9 X139.597 Y94.916 E2479.38456
G1 F1576.5 X139.745 Y95.407 E2479.41215
G1 F1581.4 X139.748 Y96.086 E2479.44857
G1 F1583.9 X139.593 Y96.603 E2479.47747
G1 X139.261 Y97.104 E2479.50965
G1 F1591.3 X138.803 Y97.479 E2479.5412
G1 F1586.3 X138.237 Y97.717 E2479.57403
G1 F1569.2 X137.733 Y97.775 E2479.60145
G1 F1571.6 X137.382 Y97.742 E2479.62048
G1 F1576.5 X136.841 Y97.562 E2479.65115
G1 F1581.4 X136.572 Y97.396 E2479.6681
G1 X136.138 Y96.98 E2479.70035
G1 F1574.1 X135.849 Y96.453 E2479.73273
G1 F1578.9 X135.735 Y95.936 E2479.76117
G1 F1581.4 X135.731 Y95.614 E2479.77844
G1 X135.735 Y95.564 E2479.78113
M204 S5000
M205 X30 Y30
G0 F7200 X135.778 Y95.369
G0 X135.193 Y94.909
M204 S3000
M205 X20 Y20
G1 F1571.6 X135.079 Y95.623 E2479.82015
G1 F1569.2 X135.079 Y95.881 E2479.83409
G1 F1571.6 X135.193 Y96.591 E2479.8729
G1 F1574.1 X135.567 Y97.321 E2479.91709
G1 F1569.2 X136.04 Y97.803 E2479.95359
G1 F1571.6 X136.597 Y98.18 E2479.98989
G1 F1576.5 X137.273 Y98.381 E2480.02783
G1 F1571.6 X137.82 Y98.421 E2480.05743
G1 F1569.2 X138.367 Y98.353 E2480.08722
G1 F1566.8 X138.883 Y98.168 E2480.11689
G1 F1554.9 X139.361 Y97.881 E2480.1473
G1 X139.559 Y97.716 E2480.16136
G1 F1557.3 X139.925 Y97.299 E2480.19158
G1 F1566.8 X140.2 Y96.825 E2480.22124
G1 F1571.6 X140.366 Y96.3 E2480.25096
G1 F1562 X140.421 Y95.748 E2480.28108
G1 X140.366 Y95.2 E2480.31098
G1 F1569.2 X140.2 Y94.675 E2480.34074
G1 F1566.8 X139.925 Y94.2 E2480.37045
G1 F1564.4 X139.559 Y93.78 E2480.40066
G1 F1569.2 X139.363 Y93.616 E2480.41447
G1 F1571.6 X138.884 Y93.329 E2480.4446
G1 F1576.5 X138.367 Y93.147 E2480.47409
G1 F1571.6 X137.82 Y93.078 E2480.50384
G1 X137.273 Y93.119 E2480.53344
G1 F1576.5 X136.597 Y93.32 E2480.57138
G1 F1571.6 X136.04 Y93.697 E2480.60768
G1 X135.566 Y94.18 E2480.6442
G1 F1574.1 X135.193 Y94.909 E2480.68832
M204 S5000
M205 X30 Y30
G0 F7200 X135.162 Y95.106
G1 F1500 E2474.18832
;MESH:NONMESH
G0 F600 X135.162 Y95.106 Z5.9
G0 F7200 X135.381 Y95.141
G0 X134.089 Y95.634
G0 X85.911 Y95.634
G0 X79.634 Y95.2
;TIME_ELAPSED:2354.825303
;LAYER:28
M204 S3000
M205 X20 Y20
;TYPE:WALL-OUTER
;MESH:Pi Holder.stl
G1 F1500 E2480.68832
G1 F1562 X79.583 Y95.785 E2480.72021
G1 X79.634 Y96.3 E2480.74831
G1 F1571.6 X79.8 Y96.825 E2480.77802
G1 F1566.8 X80.075 Y97.299 E2480.80768
G1 F1557.3 X80.441 Y97.716 E2480.8379
G1 X80.639 Y97.881 E2480.85194
G1 F1559.6 X81.117 Y98.168 E2480.88226
G1 F1566.8 X81.633 Y98.353 E2480.91193
G1 F1571.6 X82.18 Y98.422 E2480.94168
G1 X82.727 Y98.381 E2480.97129
G1 F1576.5 X83.403 Y98.18 E2481.00923
G1 F1571.6 X83.96 Y97.803 E2481.04552
G1 X84.433 Y97.321 E2481.08197
G1 F1574.1 X84.807 Y96.591 E2481.12616
G1 F1571.6 X84.921 Y95.877 E2481.16518
G1 F1569.2 X84.921 Y95.619 E2481.17912
G1 F1571.6 X84.806 Y94.908 E2481.21799
G1 F1574.1 X84.432 Y94.179 E2481.26214
G1 F1569.2 X83.96 Y93.697 E2481.2986
G1 F1571.6 X83.403 Y93.32 E2481.3349
G1 F1578.9 X82.727 Y93.119 E2481.37278
G1 F1574.1 X82.18 Y93.079 E2481.40233
G1 F1571.6 X81.633 Y93.147 E2481.43208
G1 F1574.1 X81.116 Y93.329 E2481.46161
G1 F1571.6 X80.637 Y93.616 E2481.49174
G1 X80.439 Y93.782 E2481.50569
G1 F1566.8 X80.075 Y94.2 E2481.53569
G1 X79.8 Y94.675 E2481.5654
G1 F1571.6 X79.634 Y95.2 E2481.59511
M204 S5000
M205 X30 Y30
G0 F7200 X79.617 Y95.399
G0 X80.244 Y95.501
M204 S3000
M205 X20 Y20
G1 F1578.9 X80.398 Y94.928 E2481.62698
G1 F1581.4 X80.731 Y94.411 E2481.65997
G1 X80.959 Y94.187 E2481.67711
G1 F1574.1 X81.417 Y93.903 E2481.70615
G1 X81.769 Y93.782 E2481.7262
G1 X82.273 Y93.727 E2481.75352
G1 F1576.5 X82.618 Y93.758 E2481.77215
G1 F1581.4 X83.159 Y93.938 E2481.80273
G1 F1588.8 X83.428 Y94.104 E2481.81961
G1 X83.862 Y94.521 E2481.85174
G1 F1581.4 X84.147 Y95.027 E2481.88288
G1 F1583.9 X84.265 Y95.564 E2481.91232
G1 F1588.8 X84.265 Y95.936 E2481.93218
G1 F1586.3 X84.151 Y96.453 E2481.96049
G1 F1578.9 X83.852 Y96.993 E2481.99364
G1 F1586.3 X83.429 Y97.396 E2482.02488
G1 F1583.9 X83.125 Y97.576 E2482.0438
G1 F1574.1 X82.618 Y97.742 E2482.07254
G1 F1571.6 X82.224 Y97.77 E2482.09386
G1 X81.763 Y97.717 E2482.1189
G1 F1578.9 X81.236 Y97.5 E2482.14951
G1 F1583.9 X80.713 Y97.064 E2482.18598
G1 F1581.4 X80.41 Y96.607 E2482.21538
G1 F1576.5 X80.253 Y96.087 E2482.24461
G1 F1581.4 X80.244 Y95.501 E2482.27604
M204 S5000
M205 X30 Y30
G0 F7200 X80.295 Y95.308
G1 F1500 E2475.77604
G0 F7200 X80.071 Y95.24
G0 X80.224 Y96.564
G0 X81.177 Y98.039
G0 X80.804 Y99.11
G0 X80.803 Y111.391
G0 X79.634 Y114.2
M204 S3000
M205 X20 Y20
G1 F1500 E2482.27604
G1 F1562 X79.58 Y114.752 E2482.30615
G1 X79.634 Y115.3 E2482.33605
G1 F1571.6 X79.8 Y115.825 E2482.36577
G1 F1566.8 X80.075 Y116.299 E2482.39543
G1 F1557.3 X80.441 Y116.716 E2482.42565
G1 X80.639 Y116.881 E2482.43969
G1 F1559.6 X81.117 Y117.168 E2482.47
G1 F1566.8 X81.633 Y117.353 E2482.49968
G1 F1571.6 X82.18 Y117.422 E2482.52943
G1 X82.727 Y117.381 E2482.55903
G1 F1576.5 X83.403 Y117.18 E2482.59697
G1 F1571.6 X83.96 Y116.803 E2482.63327
G1 X84.433 Y116.321 E2482.66971
G1 F1574.1 X84.807 Y115.591 E2482.71391
G1 F1571.6 X84.921 Y114.877 E2482.75293
G1 F1569.2 X84.921 Y114.619 E2482.76687
G1 F1571.6 X84.806 Y113.908 E2482.80574
G1 F1574.1 X84.432 Y113.179 E2482.84988
G1 F1569.2 X83.96 Y112.697 E2482.88635
G1 F1571.6 X83.403 Y112.32 E2482.92264
G1 F1578.9 X82.727 Y112.119 E2482.96052
G1 F1574.1 X82.18 Y112.079 E2482.99008
G1 F1571.6 X81.633 Y112.147 E2483.01982
G1 F1574.1 X81.116 Y112.329 E2483.04935
G1 F1571.6 X80.637 Y112.616 E2483.07949
G1 X80.439 Y112.782 E2483.09343
G1 F1566.8 X80.075 Y113.2 E2483.12343
G1 X79.8 Y113.675 E2483.15315
G1 F1571.6 X79.634 Y114.2 E2483.18286
M204 S5000
M205 X30 Y30
G0 F7200 X79.615 Y114.399
G0 X80.244 Y114.501
M204 S3000
M205 X20 Y20
G1 F1578.9 X80.398 Y113.928 E2483.21473
G1 F1581.4 X80.731 Y113.411 E2483.24771
G1 X80.959 Y113.187 E2483.26485
G1 F1574.1 X81.417 Y112.903 E2483.29389
G1 X81.769 Y112.782 E2483.31395
G1 X82.273 Y112.727 E2483.34126
G1 F1576.5 X82.618 Y112.758 E2483.3599
G1 F1581.4 X83.159 Y112.938 E2483.39048
G1 F1588.8 X83.428 Y113.104 E2483.40735
G1 X83.862 Y113.521 E2483.43948
G1 F1581.4 X84.147 Y114.027 E2483.47063
G1 F1583.9 X84.265 Y114.564 E2483.50007
G1 F1588.8 X84.265 Y114.936 E2483.51993
G1 F1586.3 X84.151 Y115.453 E2483.54823
G1 F1578.9 X83.852 Y115.993 E2483.58139
G1 F1586.3 X83.429 Y116.396 E2483.61263
G1 F1583.9 X83.125 Y116.576 E2483.63154
G1 F1574.1 X82.618 Y116.742 E2483.66029
G1 F1571.6 X82.224 Y116.77 E2483.6816
G1 X81.763 Y116.717 E2483.70665
G1 F1578.9 X81.236 Y116.5 E2483.73726
G1 F1583.9 X80.713 Y116.064 E2483.77372
G1 F1581.4 X80.41 Y115.607 E2483.80313
G1 F1576.5 X80.253 Y115.087 E2483.83235
G1 F1581.4 X80.244 Y114.501 E2483.86378
M204 S5000
M205 X30 Y30
G0 F7200 X80.295 Y114.308
G1 F1500 E2477.36378
G0 F7200 X80.071 Y114.24
G0 X80.598 Y113.307
G0 X81.723 Y112.62
G0 X83.23 Y112.786
G0 X84.777 Y114.634
G0 X85.911 Y114.634
G0 X134.089 Y114.634
G0 X135.079 Y114.648
M204 S3000
M205 X20 Y20
G1 F1500 E2483.86378
G1 F1569.2 X135.079 Y114.881 E2483.87638
G1 F1571.6 X135.193 Y115.591 E2483.91518
G1 F1574.1 X135.567 Y116.321 E2483.95938
G1 F1569.2 X136.04 Y116.803 E2483.99588
G1 F1571.6 X136.597 Y117.18 E2484.03217
G1 F1576.5 X137.273 Y117.381 E2484.07011
G1 F1571.6 X137.82 Y117.421 E2484.09971
G1 F1569.2 X138.367 Y117.353 E2484.1295
G1 F1566.8 X138.883 Y117.168 E2484.15918
G1 F1554.9 X139.361 Y116.881 E2484.18959
G1 X139.559 Y116.716 E2484.20365
G1 F1557.3 X139.925 Y116.299 E2484.23386
G1 F1566.8 X140.2 Y115.825 E2484.26353
G1 F1571.6 X140.366 Y115.3 E2484.29324
G1 F1562 X140.421 Y114.748 E2484.32336
G1 X140.366 Y114.2 E2484.35327
G1 F1569.2 X140.2 Y113.675 E2484.38303
G1 F1566.8 X139.925 Y113.2 E2484.41274
G1 F1564.4 X139.559 Y112.78 E2484.44294
G1 F1569.2 X139.363 Y112.616 E2484.45675
G1 F1571.6 X138.884 Y112.329 E2484.48689
G1 F1576.5 X138.367 Y112.147 E2484.51637
G1 F1571.6 X137.82 Y112.078 E2484.54613
G1 X137.273 Y112.119 E2484.57573
G1 F1576.5 X136.597 Y112.32 E2484.61367
G1 F1571.6 X136.04 Y112.697 E2484.64996
G1 X135.566 Y113.18 E2484.68648
G1 F1574.1 X135.245 Y113.808 E2484.72449
G1 F1564.4 X135.167 Y114.073 E2484.73946
G1 F1562 X135.079 Y114.648 E2484.77105
M204 S5000
M205 X30 Y30
G0 F7200 X135.079 Y114.848
G0 X135.735 Y114.564
M204 S3000
M205 X20 Y20
G1 F1576.5 X135.849 Y114.047 E2484.79953
G1 F1571.6 X136.139 Y113.512 E2484.83237
G1 F1581.4 X136.571 Y113.104 E2484.86424
G1 X136.875 Y112.924 E2484.88318
G1 F1574.1 X137.382 Y112.758 E2484.91193
G1 F1571.6 X137.777 Y112.73 E2484.9333
G1 X138.231 Y112.782 E2484.95796
G1 F1576.5 X138.586 Y112.905 E2484.97817
G1 F1578.9 X139.041 Y113.187 E2485.00692
G1 F1588.8 X139.268 Y113.411 E2485.02395
G1 F1583.9 X139.597 Y113.916 E2485.05622
G1 F1576.5 X139.745 Y114.407 E2485.08381
G1 F1581.4 X139.748 Y115.086 E2485.12023
G1 F1583.9 X139.593 Y115.603 E2485.14913
G1 X139.261 Y116.104 E2485.18131
G1 F1591.3 X138.803 Y116.479 E2485.21286
G1 F1586.3 X138.237 Y116.717 E2485.24569
G1 F1569.2 X137.733 Y116.775 E2485.27311
G1 F1571.6 X137.382 Y116.742 E2485.29214
G1 F1576.5 X136.841 Y116.562 E2485.32281
G1 F1581.4 X136.572 Y116.396 E2485.33976
G1 X136.138 Y115.98 E2485.37201
G1 F1574.1 X135.849 Y115.453 E2485.40439
G1 F1578.9 X135.735 Y114.936 E2485.43283
G1 F1581.4 X135.731 Y114.614 E2485.4501
G1 X135.735 Y114.564 E2485.45279
M204 S5000
M205 X30 Y30
G0 F7200 X135.778 Y114.369
G1 F1500 E2478.95279
G0 F7200 X135.558 Y114.32
G0 X136.13 Y112.809
G0 X135.496 Y111.868
G0 X135.497 Y98.633
G0 X135.079 Y95.648
M204 S3000
M205 X20 Y20
G1 F1500 E2485.45279
G1 F1569.2 X135.079 Y95.881 E2485.46538
G1 F1571.6 X135.193 Y96.591 E2485.50419
G1 F1574.1 X135.567 Y97.321 E2485.54838
G1 F1569.2 X136.04 Y97.803 E2485.58488
G1 F1571.6 X136.597 Y98.18 E2485.62118
G1 F1576.5 X137.273 Y98.381 E2485.65912
G1 F1571.6 X137.82 Y98.421 E2485.68872
G1 F1569.2 X138.367 Y98.353 E2485.71851
G1 F1566.8 X138.883 Y98.168 E2485.74818
G1 F1554.9 X139.361 Y97.881 E2485.77859
G1 X139.559 Y97.716 E2485.79265
G1 F1557.3 X139.925 Y97.299 E2485.82287
G1 F1566.8 X140.2 Y96.825 E2485.85253
G1 F1571.6 X140.366 Y96.3 E2485.88225
G1 F1562 X140.421 Y95.748 E2485.91237
G1 X140.366 Y95.2 E2485.94227
G1 F1569.2 X140.2 Y94.675 E2485.97203
G1 F1566.8 X139.925 Y94.2 E2486.00174
G1 F1564.4 X139.559 Y93.78 E2486.03195
G1 F1569.2 X139.363 Y93.616 E2486.04576
G1 F1571.6 X138.884 Y93.329 E2486.07589
G1 F1576.5 X138.367 Y93.147 E2486.10538
G1 F1571.6 X137.82 Y93.078 E2486.13513
G1 X137.273 Y93.119 E2486.16473
G1 F1576.5 X136.597 Y93.32 E2486.20267
G1 F1571.6 X136.04 Y93.697 E2486.23897
G1 X135.566 Y94.18 E2486.27549
G1 F1574.1 X135.245 Y94.808 E2486.31349
G1 F1564.4 X135.167 Y95.073 E2486.32847
G1 F1562 X135.079 Y95.648 E2486.36005
M204 S5000
M205 X30 Y30
G0 F7200 X135.079 Y95.848
G0 X135.735 Y95.564
M204 S3000
M205 X20 Y20
G1 F1576.5 X135.849 Y95.047 E2486.38853
G1 F1571.6 X136.139 Y94.512 E2486.42137
G1 F1581.4 X136.571 Y94.104 E2486.45324
G1 X136.875 Y93.924 E2486.47219
G1 F1574.1 X137.382 Y93.758 E2486.50094
G1 F1571.6 X137.777 Y93.73 E2486.5223
G1 X138.231 Y93.782 E2486.54696
G1 F1576.5 X138.586 Y93.905 E2486.56718
G1 F1578.9 X139.041 Y94.187 E2486.59593
G1 F1588.8 X139.268 Y94.411 E2486.61296
G1 F1583.9 X139.597 Y94.916 E2486.64523
G1 F1576.5 X139.745 Y95.407 E2486.67282
G1 F1581.4 X139.748 Y96.086 E2486.70924
G1 F1583.9 X139.593 Y96.603 E2486.73814
G1 X139.261 Y97.104 E2486.77032
G1 F1591.3 X138.803 Y97.479 E2486.80187
G1 F1586.3 X138.237 Y97.717 E2486.8347
G1 F1569.2 X137.733 Y97.775 E2486.86212
G1 F1571.6 X137.382 Y97.742 E2486.88114
G1 F1576.5 X136.841 Y97.562 E2486.91182
G1 F1581.4 X136.572 Y97.396 E2486.92877
G1 X136.138 Y96.98 E2486.96101
G1 F1574.1 X135.849 Y96.453 E2486.9934
G1 F1578.9 X135.735 Y95.936 E2487.02184
G1 F1581.4 X135.731 Y95.614 E2487.03911
G1 X135.735 Y95.564 E2487.0418
M204 S5000
M205 X30 Y30
G0 F7200 X135.778 Y95.369
G1 F1500 E2480.5418
;MESH:NONMESH
G0 F600 X135.778 Y95.369 Z6.1
G0 F7200 X135.558 Y95.32
G0 X134.089 Y95.634
G0 X85.911 Y95.634
G0 X79.634 Y95.2
;TIME_ELAPSED:2363.087453
;LAYER:29
M204 S3000
M205 X20 Y20
;TYPE:WALL-OUTER
;MESH:Pi Holder.stl
G1 F1500 E2487.0418
G1 F1562 X79.58 Y95.752 E2487.07191
G1 X79.634 Y96.3 E2487.10181
G1 F1571.6 X79.8 Y96.825 E2487.13152
G1 F1566.8 X80.075 Y97.299 E2487.16119
G1 F1557.3 X80.441 Y97.716 E2487.19141
G1 X80.639 Y97.881 E2487.20544
G1 F1559.6 X81.117 Y98.168 E2487.23576
G1 F1566.8 X81.633 Y98.353 E2487.26544
G1 F1571.6 X82.18 Y98.422 E2487.29519
G1 X82.727 Y98.381 E2487.32479
G1 F1576.5 X83.403 Y98.18 E2487.36273
G1 F1571.6 X83.96 Y97.803 E2487.39903
G1 X84.433 Y97.321 E2487.43547
G1 F1574.1 X84.807 Y96.591 E2487.47967
G1 F1571.6 X84.921 Y95.877 E2487.51868
G1 F1569.2 X84.921 Y95.619 E2487.53263
G1 F1571.6 X84.806 Y94.908 E2487.5715
G1 F1574.1 X84.432 Y94.179 E2487.61564
G1 F1569.2 X83.96 Y93.697 E2487.6521
G1 F1571.6 X83.403 Y93.32 E2487.6884
G1 F1578.9 X82.727 Y93.119 E2487.72628
G1 F1574.1 X82.18 Y93.079 E2487.75583
G1 F1571.6 X81.633 Y93.147 E2487.78558
G1 F1574.1 X81.116 Y93.329 E2487.81511
G1 F1571.6 X80.637 Y93.616 E2487.84525
G1 X80.439 Y93.782 E2487.85919
G1 F1566.8 X80.075 Y94.2 E2487.88919
G1 X79.8 Y94.675 E2487.9189
G1 F1571.6 X79.634 Y95.2 E2487.94862
M204 S5000
M205 X30 Y30
G0 F7200 X79.615 Y95.399
G0 X80.244 Y95.501
M204 S3000
M205 X20 Y20
G1 F1578.9 X80.398 Y94.928 E2487.98049
G1 F1581.4 X80.731 Y94.411 E2488.01347
G1 X80.959 Y94.187 E2488.03061
G1 F1574.1 X81.417 Y93.903 E2488.05965
G1 X81.769 Y93.782 E2488.07971
G1 X82.273 Y93.727 E2488.10702
G1 F1576.5 X82.618 Y93.758 E2488.12566
G1 F1581.4 X83.159 Y93.938 E2488.15624
G1 F1588.8 X83.428 Y94.104 E2488.17311
G1 X83.862 Y94.521 E2488.20524
G1 F1581.4 X84.147 Y95.027 E2488.23639
G1 F1583.9 X84.265 Y95.564 E2488.26583
G1 F1588.8 X84.265 Y95.936 E2488.28569
G1 F1586.3 X84.151 Y96.453 E2488.31399
G1 F1578.9 X83.852 Y96.993 E2488.34715
G1 F1586.3 X83.429 Y97.396 E2488.37838
G1 F1583.9 X83.125 Y97.576 E2488.3973
G1 F1574.1 X82.618 Y97.742 E2488.42605
G1 F1571.6 X82.224 Y97.77 E2488.44736
G1 X81.763 Y97.717 E2488.47241
G1 F1578.9 X81.236 Y97.5 E2488.50302
G1 F1583.9 X80.713 Y97.064 E2488.53948
G1 F1581.4 X80.41 Y96.607 E2488.56889
G1 F1576.5 X80.253 Y96.087 E2488.59811
G1 F1581.4 X80.244 Y95.501 E2488.62954
M204 S5000
M205 X30 Y30
G0 F7200 X80.295 Y95.308
G1 F1500 E2482.12954
G0 F7200 X80.071 Y95.24
G0 X80.224 Y96.564
G0 X81.177 Y98.039
G0 X80.804 Y99.11
G0 X80.803 Y111.391
G0 X79.634 Y114.2
M204 S3000
M205 X20 Y20
G1 F1500 E2488.62954
G1 F1562 X79.58 Y114.752 E2488.65966
G1 X79.634 Y115.3 E2488.68956
G1 F1571.6 X79.8 Y115.825 E2488.71927
G1 F1566.8 X80.075 Y116.299 E2488.74893
G1 F1557.3 X80.441 Y116.716 E2488.77915
G1 X80.639 Y116.881 E2488.79319
G1 F1559.6 X81.117 Y117.168 E2488.82351
G1 F1566.8 X81.633 Y117.353 E2488.85318
G1 F1571.6 X82.18 Y117.422 E2488.88293
G1 X82.727 Y117.381 E2488.91254
G1 F1576.5 X83.403 Y117.18 E2488.95048
G1 F1571.6 X83.96 Y116.803 E2488.98677
G1 X84.433 Y116.321 E2489.02322
G1 F1574.1 X84.807 Y115.591 E2489.06741
G1 F1571.6 X84.921 Y114.877 E2489.10643
G1 F1569.2 X84.921 Y114.619 E2489.12037
G1 F1571.6 X84.806 Y113.908 E2489.15924
G1 F1574.1 X84.432 Y113.179 E2489.20339
G1 F1569.2 X83.96 Y112.697 E2489.23985
G1 F1571.6 X83.403 Y112.32 E2489.27615
G1 F1578.9 X82.727 Y112.119 E2489.31403
G1 F1574.1 X82.18 Y112.079 E2489.34358
G1 F1571.6 X81.633 Y112.147 E2489.37333
G1 F1574.1 X81.116 Y112.329 E2489.40286
G1 F1571.6 X80.637 Y112.616 E2489.43299
G1 X80.439 Y112.782 E2489.44694
G1 F1566.8 X80.075 Y113.2 E2489.47694
G1 X79.8 Y113.675 E2489.50665
G1 F1571.6 X79.634 Y114.2 E2489.53636
M204 S5000
M205 X30 Y30
G0 F7200 X79.615 Y114.399
G0 X80.244 Y114.501
M204 S3000
M205 X20 Y20
G1 F1578.9 X80.398 Y113.928 E2489.56823
G1 F1581.4 X80.731 Y113.411 E2489.60122
G1 X80.959 Y113.187 E2489.61836
G1 F1574.1 X81.417 Y112.903 E2489.6474
G1 X81.769 Y112.782 E2489.66745
G1 X82.273 Y112.727 E2489.69477
G1 F1576.5 X82.618 Y112.758 E2489.7134
G1 F1581.4 X83.159 Y112.938 E2489.74398
G1 F1588.8 X83.428 Y113.104 E2489.76086
G1 X83.862 Y113.521 E2489.79299
G1 F1581.4 X84.147 Y114.027 E2489.82413
G1 F1583.9 X84.265 Y114.564 E2489.85357
G1 F1588.8 X84.265 Y114.936 E2489.87343
G1 F1586.3 X84.151 Y115.453 E2489.90174
G1 F1578.9 X83.852 Y115.993 E2489.93489
G1 F1586.3 X83.429 Y116.396 E2489.96613
G1 F1583.9 X83.125 Y116.576 E2489.98505
G1 F1574.1 X82.618 Y116.742 E2490.01379
G1 F1571.6 X82.224 Y116.77 E2490.03511
G1 X81.763 Y116.717 E2490.06015
G1 F1578.9 X81.236 Y116.5 E2490.09076
G1 F1583.9 X80.713 Y116.064 E2490.12723
G1 F1581.4 X80.41 Y115.607 E2490.15663
G1 F1576.5 X80.253 Y115.087 E2490.18586
G1 F1581.4 X80.244 Y114.501 E2490.21729
M204 S5000
M205 X30 Y30
G0 F7200 X80.295 Y114.308
G1 F1500 E2483.71729
G0 F7200 X80.071 Y114.24
G0 X80.598 Y113.307
G0 X81.723 Y112.62
G0 X83.23 Y112.786
G0 X84.777 Y114.634
G0 X85.911 Y114.634
G0 X134.187 Y113.92
G0 X135.193 Y113.909
M204 S3000
M205 X20 Y20
G1 F1500 E2490.21729
G1 F1571.6 X135.079 Y114.623 E2490.25631
G1 F1569.2 X135.079 Y114.881 E2490.27025
G1 F1571.6 X135.193 Y115.591 E2490.30906
G1 F1574.1 X135.567 Y116.321 E2490.35325
G1 F1569.2 X136.04 Y116.803 E2490.38975
G1 F1571.6 X136.597 Y117.18 E2490.42605
G1 F1576.5 X137.273 Y117.381 E2490.46399
G1 F1571.6 X137.82 Y117.421 E2490.49359
G1 F1569.2 X138.367 Y117.353 E2490.52338
G1 F1566.8 X138.883 Y117.168 E2490.55305
G1 F1554.9 X139.361 Y116.881 E2490.58346
G1 X139.559 Y116.716 E2490.59752
G1 F1557.3 X139.925 Y116.299 E2490.62774
G1 F1566.8 X140.2 Y115.825 E2490.6574
G1 F1571.6 X140.366 Y115.3 E2490.68712
G1 F1562 X140.421 Y114.748 E2490.71724
G1 X140.366 Y114.2 E2490.74714
G1 F1569.2 X140.2 Y113.675 E2490.7769
G1 F1566.8 X139.925 Y113.2 E2490.80661
G1 F1564.4 X139.559 Y112.78 E2490.83681
G1 F1569.2 X139.363 Y112.616 E2490.85063
G1 F1571.6 X138.884 Y112.329 E2490.88076
G1 F1576.5 X138.367 Y112.147 E2490.91025
G1 F1571.6 X137.82 Y112.078 E2490.94
G1 X137.273 Y112.119 E2490.9696
G1 F1576.5 X136.597 Y112.32 E2491.00754
G1 F1571.6 X136.04 Y112.697 E2491.04384
G1 X135.566 Y113.18 E2491.08036
G1 F1574.1 X135.193 Y113.909 E2491.12448
M204 S5000
M205 X30 Y30
G0 F7200 X135.162 Y114.106
G0 X135.735 Y114.564
M204 S3000
M205 X20 Y20
G1 F1576.5 X135.849 Y114.047 E2491.15296
G1 F1571.6 X136.139 Y113.512 E2491.1858
G1 F1581.4 X136.571 Y113.104 E2491.21767
G1 X136.875 Y112.924 E2491.23662
G1 F1574.1 X137.382 Y112.758 E2491.26536
G1 F1571.6 X137.777 Y112.73 E2491.28673
G1 X138.231 Y112.782 E2491.31139
G1 F1576.5 X138.586 Y112.905 E2491.33161
G1 F1578.9 X139.041 Y113.187 E2491.36036
G1 F1588.8 X139.268 Y113.411 E2491.37738
G1 F1583.9 X139.597 Y113.916 E2491.40966
G1 F1576.5 X139.745 Y114.407 E2491.43725
G1 F1581.4 X139.748 Y115.086 E2491.47366
G1 F1583.9 X139.593 Y115.603 E2491.50257
G1 X139.261 Y116.104 E2491.53475
G1 F1591.3 X138.803 Y116.479 E2491.5663
G1 F1586.3 X138.237 Y116.717 E2491.59913
G1 F1569.2 X137.733 Y116.775 E2491.62655
G1 F1571.6 X137.382 Y116.742 E2491.64557
G1 F1576.5 X136.841 Y116.562 E2491.67625
G1 F1581.4 X136.572 Y116.396 E2491.6932
G1 X136.138 Y115.98 E2491.72544
G1 F1574.1 X135.849 Y115.453 E2491.75783
G1 F1578.9 X135.735 Y114.936 E2491.78626
G1 F1581.4 X135.731 Y114.614 E2491.80353
G1 X135.735 Y114.564 E2491.80622
M204 S5000
M205 X30 Y30
G0 F7200 X135.778 Y114.369
G1 F1500 E2485.30622
G0 F7200 X135.558 Y114.32
G0 X136.13 Y112.809
G0 X135.496 Y111.868
G0 X135.497 Y98.633
G0 X135.735 Y95.564
M204 S3000
M205 X20 Y20
G1 F1500 E2491.80622
G1 F1576.5 X135.849 Y95.047 E2491.83471
G1 F1571.6 X136.139 Y94.512 E2491.86755
G1 F1581.4 X136.571 Y94.104 E2491.89942
G1 X136.875 Y93.924 E2491.91836
G1 F1574.1 X137.382 Y93.758 E2491.94711
G1 F1571.6 X137.777 Y93.73 E2491.96848
G1 X138.231 Y93.782 E2491.99314
G1 F1576.5 X138.586 Y93.905 E2492.01335
G1 F1578.9 X139.041 Y94.187 E2492.0421
G1 F1588.8 X139.268 Y94.411 E2492.05913
G1 F1583.9 X139.597 Y94.916 E2492.0914
G1 F1576.5 X139.745 Y95.407 E2492.11899
G1 F1581.4 X139.748 Y96.086 E2492.15541
G1 F1583.9 X139.593 Y96.603 E2492.18431
G1 X139.261 Y97.104 E2492.21649
G1 F1591.3 X138.803 Y97.479 E2492.24804
G1 F1586.3 X138.237 Y97.717 E2492.28087
G1 F1569.2 X137.733 Y97.775 E2492.30829
G1 F1571.6 X137.382 Y97.742 E2492.32732
G1 F1576.5 X136.841 Y97.562 E2492.35799
G1 F1581.4 X136.572 Y97.396 E2492.37494
G1 X136.138 Y96.98 E2492.40719
G1 F1574.1 X135.849 Y96.453 E2492.43957
G1 F1578.9 X135.735 Y95.936 E2492.46801
G1 F1581.4 X135.731 Y95.614 E2492.48528
G1 X135.735 Y95.564 E2492.48797
M204 S5000
M205 X30 Y30
G0 F7200 X135.778 Y95.369
G0 X135.193 Y94.909
M204 S3000
M205 X20 Y20
G1 F1571.6 X135.079 Y95.623 E2492.52699
G1 F1569.2 X135.079 Y95.881 E2492.54093
G1 F1571.6 X135.193 Y96.591 E2492.57974
G1 F1574.1 X135.567 Y97.321 E2492.62393
G1 F1569.2 X136.04 Y97.803 E2492.66043
G1 F1571.6 X136.597 Y98.18 E2492.69673
G1 F1576.5 X137.273 Y98.381 E2492.73467
G1 F1571.6 X137.82 Y98.421 E2492.76427
G1 F1569.2 X138.367 Y98.353 E2492.79406
G1 F1566.8 X138.883 Y98.168 E2492.82373
G1 F1554.9 X139.361 Y97.881 E2492.85414
G1 X139.559 Y97.716 E2492.8682
G1 F1557.3 X139.925 Y97.299 E2492.89842
G1 F1566.8 X140.2 Y96.825 E2492.92808
G1 F1571.6 X140.366 Y96.3 E2492.9578
G1 F1562 X140.421 Y95.748 E2492.98792
G1 X140.366 Y95.2 E2493.01782
G1 F1569.2 X140.2 Y94.675 E2493.04758
G1 F1566.8 X139.925 Y94.2 E2493.07729
G1 F1564.4 X139.559 Y93.78 E2493.10749
G1 F1569.2 X139.363 Y93.616 E2493.12131
G1 F1571.6 X138.884 Y93.329 E2493.15144
G1 F1576.5 X138.367 Y93.147 E2493.18093
G1 F1571.6 X137.82 Y93.078 E2493.21068
G1 X137.273 Y93.119 E2493.24028
G1 F1576.5 X136.597 Y93.32 E2493.27822
G1 F1571.6 X136.04 Y93.697 E2493.31452
G1 X135.566 Y94.18 E2493.35104
G1 F1574.1 X135.193 Y94.909 E2493.39516
M204 S5000
M205 X30 Y30
G0 F7200 X135.162 Y95.106
G1 F1500 E2486.89516
;MESH:NONMESH
G0 F600 X135.162 Y95.106 Z6.3
G0 F7200 X135.381 Y95.141
G0 X134.089 Y95.634
G0 X85.911 Y95.634
G0 X79.634 Y95.2
;TIME_ELAPSED:2371.355110
;LAYER:30
M204 S3000
M205 X20 Y20
;TYPE:WALL-OUTER
;MESH:Pi Holder.stl
G1 F1500 E2493.39516
G1 F1562 X79.58 Y95.752 E2493.42528
G1 X79.634 Y96.3 E2493.45518
G1 F1571.6 X79.8 Y96.825 E2493.48489
G1 F1566.8 X80.075 Y97.299 E2493.51455
G1 F1557.3 X80.441 Y97.716 E2493.54477
G1 X80.639 Y97.881 E2493.55881
G1 F1559.6 X81.117 Y98.168 E2493.58913
G1 F1566.8 X81.633 Y98.353 E2493.6188
G1 F1571.6 X82.18 Y98.422 E2493.64855
G1 X82.727 Y98.381 E2493.67815
G1 F1576.5 X83.403 Y98.18 E2493.7161
G1 F1571.6 X83.96 Y97.803 E2493.75239
G1 X84.433 Y97.321 E2493.78883
G1 F1574.1 X84.807 Y96.591 E2493.83303
G1 F1571.6 X84.921 Y95.877 E2493.87205
G1 F1569.2 X84.921 Y95.619 E2493.88599
G1 F1571.6 X84.806 Y94.908 E2493.92486
G1 F1574.1 X84.432 Y94.179 E2493.96901
G1 F1569.2 X83.96 Y93.697 E2494.00547
G1 F1571.6 X83.403 Y93.32 E2494.04177
G1 F1578.9 X82.727 Y93.119 E2494.07965
G1 F1574.1 X82.18 Y93.079 E2494.1092
G1 F1571.6 X81.633 Y93.147 E2494.13895
G1 F1574.1 X81.116 Y93.329 E2494.16848
G1 F1571.6 X80.637 Y93.616 E2494.19861
G1 X80.439 Y93.782 E2494.21255
G1 F1566.8 X80.075 Y94.2 E2494.24256
G1 X79.8 Y94.675 E2494.27227
G1 F1571.6 X79.634 Y95.2 E2494.30198
M204 S5000
M205 X30 Y30
G0 F7200 X79.615 Y95.399
G0 X80.253 Y96.087
M204 S3000
M205 X20 Y20
G1 F1581.4 X80.245 Y95.468 E2494.33518
G1 F1578.9 X80.398 Y94.928 E2494.36533
G1 F1581.4 X80.731 Y94.411 E2494.39831
G1 X80.959 Y94.187 E2494.41546
G1 F1574.1 X81.417 Y93.903 E2494.44449
G1 X81.769 Y93.782 E2494.46455
G1 X82.273 Y93.727 E2494.49187
G1 F1576.5 X82.618 Y93.758 E2494.5105
G1 F1581.4 X83.159 Y93.938 E2494.54108
G1 F1588.8 X83.428 Y94.104 E2494.55795
G1 X83.862 Y94.521 E2494.59008
G1 F1581.4 X84.147 Y95.027 E2494.62123
G1 F1583.9 X84.265 Y95.564 E2494.65067
G1 F1588.8 X84.265 Y95.936 E2494.67053
G1 F1586.3 X84.151 Y96.453 E2494.69883
G1 F1578.9 X83.852 Y96.993 E2494.73199
G1 F1586.3 X83.429 Y97.396 E2494.76323
G1 F1583.9 X83.125 Y97.576 E2494.78215
G1 F1574.1 X82.618 Y97.742 E2494.81089
G1 F1571.6 X82.224 Y97.77 E2494.83221
G1 X81.763 Y97.717 E2494.85725
G1 F1578.9 X81.236 Y97.5 E2494.88786
G1 F1583.9 X80.713 Y97.064 E2494.92432
G1 F1581.4 X80.41 Y96.607 E2494.95373
G1 F1576.5 X80.253 Y96.087 E2494.98295
M204 S5000
M205 X30 Y30
G0 F7200 X80.251 Y95.887
G1 F1500 E2488.48295
G0 F7200 X80.015 Y95.887
G0 X81.177 Y98.039
G0 X80.804 Y99.11
G0 X80.803 Y111.391
G0 X79.634 Y114.2
M204 S3000
M205 X20 Y20
G1 F1500 E2494.98295
G1 F1562 X79.58 Y114.752 E2495.01307
G1 X79.634 Y115.3 E2495.04297
G1 F1571.6 X79.8 Y115.825 E2495.07268
G1 F1566.8 X80.075 Y116.299 E2495.10234
G1 F1557.3 X80.441 Y116.716 E2495.13256
G1 X80.639 Y116.881 E2495.1466
G1 F1559.6 X81.117 Y117.168 E2495.17692
G1 F1566.8 X81.633 Y117.353 E2495.20659
G1 F1571.6 X82.18 Y117.422 E2495.23634
G1 X82.727 Y117.381 E2495.26595
G1 F1576.5 X83.403 Y117.18 E2495.30389
G1 F1571.6 X83.96 Y116.803 E2495.34018
G1 X84.433 Y116.321 E2495.37663
G1 F1574.1 X84.807 Y115.591 E2495.42082
G1 F1571.6 X84.921 Y114.877 E2495.45984
G1 F1569.2 X84.921 Y114.619 E2495.47378
G1 F1571.6 X84.806 Y113.908 E2495.51265
G1 F1574.1 X84.432 Y113.179 E2495.5568
G1 F1569.2 X83.96 Y112.697 E2495.59326
G1 F1571.6 X83.403 Y112.32 E2495.62956
G1 F1578.9 X82.727 Y112.119 E2495.66744
G1 F1574.1 X82.18 Y112.079 E2495.69699
G1 F1571.6 X81.633 Y112.147 E2495.72674
G1 F1574.1 X81.116 Y112.329 E2495.75627
G1 F1571.6 X80.637 Y112.616 E2495.7864
G1 X80.439 Y112.782 E2495.80035
G1 F1566.8 X80.075 Y113.2 E2495.83035
G1 X79.8 Y113.675 E2495.86006
G1 F1571.6 X79.634 Y114.2 E2495.88977
M204 S5000
M205 X30 Y30
G0 F7200 X79.615 Y114.399
G0 X80.244 Y114.501
M204 S3000
M205 X20 Y20
G1 F1578.9 X80.398 Y113.928 E2495.92165
G1 F1581.4 X80.731 Y113.411 E2495.95463
G1 X80.959 Y113.187 E2495.97177
G1 F1574.1 X81.417 Y112.903 E2496.00081
G1 X81.769 Y112.782 E2496.02086
G1 X82.273 Y112.727 E2496.04818
G1 F1576.5 X82.618 Y112.758 E2496.06681
G1 F1581.4 X83.159 Y112.938 E2496.09739
G1 F1588.8 X83.428 Y113.104 E2496.11427
G1 X83.862 Y113.521 E2496.1464
G1 F1581.4 X84.147 Y114.027 E2496.17754
G1 F1583.9 X84.265 Y114.564 E2496.20698
G1 F1588.8 X84.265 Y114.936 E2496.22684
G1 F1586.3 X84.151 Y115.453 E2496.25515
G1 F1578.9 X83.852 Y115.993 E2496.2883
G1 F1586.3 X83.429 Y116.396 E2496.31954
G1 F1583.9 X83.125 Y116.576 E2496.33846
G1 F1574.1 X82.618 Y116.742 E2496.3672
G1 F1571.6 X82.224 Y116.77 E2496.38852
G1 X81.763 Y116.717 E2496.41356
G1 F1578.9 X81.236 Y116.5 E2496.44418
G1 F1583.9 X80.713 Y116.064 E2496.48064
G1 F1581.4 X80.41 Y115.607 E2496.51004
G1 F1576.5 X80.253 Y115.087 E2496.53927
G1 F1581.4 X80.244 Y114.501 E2496.5707
M204 S5000
M205 X30 Y30
G0 F7200 X80.295 Y114.308
G1 F1500 E2490.0707
G0 F7200 X80.071 Y114.24
G0 X80.598 Y113.307
G0 X81.723 Y112.62
G0 X83.23 Y112.786
G0 X84.777 Y114.634
G0 X85.911 Y114.634
G0 X134.187 Y113.92
G0 X135.193 Y113.909
M204 S3000
M205 X20 Y20
G1 F1500 E2496.5707
G1 F1571.6 X135.079 Y114.623 E2496.60972
G1 F1569.2 X135.079 Y114.881 E2496.62366
G1 F1571.6 X135.193 Y115.591 E2496.66247
G1 F1574.1 X135.567 Y116.321 E2496.70666
G1 F1569.2 X136.04 Y116.803 E2496.74316
G1 F1571.6 X136.597 Y117.18 E2496.77946
G1 F1576.5 X137.273 Y117.381 E2496.8174
G1 F1571.6 X137.82 Y117.421 E2496.847
G1 F1569.2 X138.367 Y117.353 E2496.87679
G1 F1566.8 X138.883 Y117.168 E2496.90646
G1 F1554.9 X139.361 Y116.881 E2496.93687
G1 X139.559 Y116.716 E2496.95093
G1 F1557.3 X139.925 Y116.299 E2496.98115
G1 F1566.8 X140.2 Y115.825 E2497.01081
G1 F1571.6 X140.366 Y115.3 E2497.04053
G1 F1562 X140.421 Y114.748 E2497.07065
G1 X140.366 Y114.2 E2497.10055
G1 F1569.2 X140.2 Y113.675 E2497.13031
G1 F1566.8 X139.925 Y113.2 E2497.16002
G1 F1564.4 X139.559 Y112.78 E2497.19022
G1 F1569.2 X139.363 Y112.616 E2497.20404
G1 F1571.6 X138.884 Y112.329 E2497.23417
G1 F1576.5 X138.367 Y112.147 E2497.26366
G1 F1571.6 X137.82 Y112.078 E2497.29341
G1 X137.273 Y112.119 E2497.32301
G1 F1576.5 X136.597 Y112.32 E2497.36095
G1 F1571.6 X136.04 Y112.697 E2497.39725
G1 X135.566 Y113.18 E2497.43377
G1 F1574.1 X135.193 Y113.909 E2497.47789
M204 S5000
M205 X30 Y30
G0 F7200 X135.162 Y114.106
G0 X135.735 Y114.564
M204 S3000
M205 X20 Y20
G1 F1576.5 X135.849 Y114.047 E2497.50637
G1 F1571.6 X136.139 Y113.512 E2497.53921
G1 F1581.4 X136.571 Y113.104 E2497.57108
G1 X136.875 Y112.924 E2497.59003
G1 F1574.1 X137.382 Y112.758 E2497.61877
G1 F1571.6 X137.777 Y112.73 E2497.64014
G1 X138.231 Y112.782 E2497.6648
G1 F1576.5 X138.586 Y112.905 E2497.68502
G1 F1578.9 X139.041 Y113.187 E2497.71377
G1 F1588.8 X139.268 Y113.411 E2497.73079
G1 F1583.9 X139.597 Y113.916 E2497.76307
G1 F1576.5 X139.745 Y114.407 E2497.79066
G1 F1581.4 X139.748 Y115.086 E2497.82707
G1 F1583.9 X139.593 Y115.603 E2497.85598
G1 X139.261 Y116.104 E2497.88816
G1 F1591.3 X138.803 Y116.479 E2497.91971
G1 F1586.3 X138.237 Y116.717 E2497.95254
G1 F1569.2 X137.733 Y116.775 E2497.97996
G1 F1571.6 X137.382 Y116.742 E2497.99898
G1 F1576.5 X136.841 Y116.562 E2498.02966
G1 F1581.4 X136.572 Y116.396 E2498.04661
G1 X136.138 Y115.98 E2498.07885
G1 F1574.1 X135.849 Y115.453 E2498.11124
G1 F1578.9 X135.735 Y114.936 E2498.13967
G1 F1581.4 X135.731 Y114.614 E2498.15695
G1 X135.735 Y114.564 E2498.15964
M204 S5000
M205 X30 Y30
G0 F7200 X135.778 Y114.369
G1 F1500 E2491.65964
G0 F7200 X135.558 Y114.32
G0 X136.13 Y112.809
G0 X135.496 Y111.868
G0 X135.497 Y98.633
G0 X135.735 Y95.564
M204 S3000
M205 X20 Y20
G1 F1500 E2498.15964
G1 F1576.5 X135.849 Y95.047 E2498.18812
G1 F1571.6 X136.139 Y94.512 E2498.22096
G1 F1581.4 X136.571 Y94.104 E2498.25283
G1 X136.875 Y93.924 E2498.27177
G1 F1574.1 X137.382 Y93.758 E2498.30052
G1 F1571.6 X137.777 Y93.73 E2498.32189
G1 X138.231 Y93.782 E2498.34655
G1 F1576.5 X138.586 Y93.905 E2498.36676
G1 F1578.9 X139.041 Y94.187 E2498.39551
G1 F1588.8 X139.268 Y94.411 E2498.41254
G1 F1583.9 X139.597 Y94.916 E2498.44481
G1 F1576.5 X139.745 Y95.407 E2498.4724
G1 F1581.4 X139.748 Y96.086 E2498.50882
G1 F1583.9 X139.593 Y96.603 E2498.53772
G1 X139.261 Y97.104 E2498.5699
G1 F1591.3 X138.803 Y97.479 E2498.60145
G1 F1586.3 X138.237 Y97.717 E2498.63428
G1 F1569.2 X137.733 Y97.775 E2498.6617
G1 F1571.6 X137.382 Y97.742 E2498.68073
G1 F1576.5 X136.841 Y97.562 E2498.7114
G1 F1581.4 X136.572 Y97.396 E2498.72835
G1 X136.138 Y96.98 E2498.7606
G1 F1574.1 X135.849 Y96.453 E2498.79298
G1 F1578.9 X135.735 Y95.936 E2498.82142
G1 F1581.4 X135.731 Y95.614 E2498.83869
G1 X135.735 Y95.564 E2498.84138
M204 S5000
M205 X30 Y30
G0 F7200 X135.778 Y95.369
G0 X135.193 Y94.909
M204 S3000
M205 X20 Y20
G1 F1571.6 X135.079 Y95.623 E2498.8804
G1 F1569.2 X135.079 Y95.881 E2498.89434
G1 F1571.6 X135.193 Y96.591 E2498.93315
G1 F1574.1 X135.567 Y97.321 E2498.97734
G1 F1569.2 X136.04 Y97.803 E2499.01384
G1 F1571.6 X136.597 Y98.18 E2499.05014
G1 F1576.5 X137.273 Y98.381 E2499.08808
G1 F1571.6 X137.82 Y98.421 E2499.11768
G1 F1569.2 X138.367 Y98.353 E2499.14747
G1 F1566.8 X138.883 Y98.168 E2499.17714
G1 F1554.9 X139.361 Y97.881 E2499.20755
G1 X139.559 Y97.716 E2499.22161
G1 F1557.3 X139.925 Y97.299 E2499.25183
G1 F1566.8 X140.2 Y96.825 E2499.28149
G1 F1571.6 X140.366 Y96.3 E2499.31121
G1 F1562 X140.421 Y95.748 E2499.34133
G1 X140.366 Y95.2 E2499.37123
G1 F1569.2 X140.2 Y94.675 E2499.40099
G1 F1566.8 X139.925 Y94.2 E2499.4307
G1 F1564.4 X139.559 Y93.78 E2499.46091
G1 F1569.2 X139.363 Y93.616 E2499.47472
G1 F1571.6 X138.884 Y93.329 E2499.50485
G1 F1576.5 X138.367 Y93.147 E2499.53434
G1 F1571.6 X137.82 Y93.078 E2499.56409
G1 X137.273 Y93.119 E2499.59369
G1 F1576.5 X136.597 Y93.32 E2499.63163
G1 F1571.6 X136.04 Y93.697 E2499.66793
G1 X135.566 Y94.18 E2499.70445
G1 F1574.1 X135.193 Y94.909 E2499.74857
M204 S5000
M205 X30 Y30
G0 F7200 X135.162 Y95.106
G1 F1500 E2493.24857
;MESH:NONMESH
G0 F600 X135.162 Y95.106 Z6.5
G0 F7200 X135.381 Y95.141
G0 X134.089 Y95.634
G0 X85.911 Y95.634
G0 X79.634 Y95.2
;TIME_ELAPSED:2379.615546
;LAYER:31
M204 S3000
M205 X20 Y20
;TYPE:WALL-OUTER
;MESH:Pi Holder.stl
G1 F1500 E2499.74857
G1 F1562 X79.58 Y95.752 E2499.77869
G1 X79.634 Y96.3 E2499.80859
G1 F1571.6 X79.8 Y96.825 E2499.8383
G1 F1566.8 X80.075 Y97.299 E2499.86796
G1 F1557.3 X80.441 Y97.716 E2499.89818
G1 X80.639 Y97.881 E2499.91222
G1 F1559.6 X81.117 Y98.168 E2499.94254
G1 F1566.8 X81.633 Y98.353 E2499.97221
G1 F1571.6 X82.18 Y98.422 E2500.00196
G1 X82.727 Y98.381 E2500.03157
G1 F1576.5 X83.403 Y98.18 E2500.06951
G1 F1571.6 X83.96 Y97.803 E2500.1058
G1 X84.433 Y97.321 E2500.14225
G1 F1574.1 X84.807 Y96.591 E2500.18644
G1 F1571.6 X84.921 Y95.877 E2500.22546
G1 F1569.2 X84.921 Y95.619 E2500.2394
G1 F1571.6 X84.806 Y94.908 E2500.27827
G1 F1574.1 X84.432 Y94.179 E2500.32242
G1 F1569.2 X83.96 Y93.697 E2500.35888
G1 F1571.6 X83.403 Y93.32 E2500.39518
G1 F1578.9 X82.727 Y93.119 E2500.43306
G1 F1574.1 X82.18 Y93.079 E2500.46261
G1 F1571.6 X81.633 Y93.147 E2500.49236
G1 F1574.1 X81.116 Y93.329 E2500.52189
G1 F1571.6 X80.637 Y93.616 E2500.55202
G1 X80.439 Y93.782 E2500.56597
G1 F1566.8 X80.075 Y94.2 E2500.59597
G1 X79.8 Y94.675 E2500.62568
G1 F1571.6 X79.634 Y95.2 E2500.65539
M204 S5000
M205 X30 Y30
G0 F7200 X79.615 Y95.399
G0 X80.253 Y96.087
M204 S3000
M205 X20 Y20
G1 F1581.4 X80.245 Y95.468 E2500.68859
G1 F1578.9 X80.398 Y94.928 E2500.71874
G1 F1581.4 X80.731 Y94.411 E2500.75172
G1 X80.959 Y94.187 E2500.76887
G1 F1574.1 X81.417 Y93.903 E2500.7979
G1 X81.769 Y93.782 E2500.81796
G1 X82.273 Y93.727 E2500.84528
G1 F1576.5 X82.618 Y93.758 E2500.86391
G1 F1581.4 X83.159 Y93.938 E2500.89449
G1 F1588.8 X83.428 Y94.104 E2500.91136
G1 X83.862 Y94.521 E2500.94349
G1 F1581.4 X84.147 Y95.027 E2500.97464
G1 F1583.9 X84.265 Y95.564 E2501.00408
G1 F1588.8 X84.265 Y95.936 E2501.02394
G1 F1586.3 X84.151 Y96.453 E2501.05225
G1 F1578.9 X83.852 Y96.993 E2501.0854
G1 F1586.3 X83.429 Y97.396 E2501.11664
G1 F1583.9 X83.125 Y97.576 E2501.13556
G1 F1574.1 X82.618 Y97.742 E2501.1643
G1 F1571.6 X82.224 Y97.77 E2501.18562
G1 X81.763 Y97.717 E2501.21066
G1 F1578.9 X81.236 Y97.5 E2501.24127
G1 F1583.9 X80.713 Y97.064 E2501.27773
G1 F1581.4 X80.41 Y96.607 E2501.30714
G1 F1576.5 X80.253 Y96.087 E2501.33636
M204 S5000
M205 X30 Y30
G0 F7200 X80.251 Y95.887
G1 F1500 E2494.83636
G0 F7200 X80.015 Y95.887
G0 X81.177 Y98.039
G0 X80.804 Y99.11
G0 X80.803 Y111.391
G0 X79.634 Y114.2
M204 S3000
M205 X20 Y20
G1 F1500 E2501.33636
G1 F1562 X79.58 Y114.752 E2501.36648
G1 X79.634 Y115.3 E2501.39638
G1 F1571.6 X79.8 Y115.825 E2501.42609
G1 F1566.8 X80.075 Y116.299 E2501.45576
G1 F1557.3 X80.441 Y116.716 E2501.48597
G1 X80.639 Y116.881 E2501.50001
G1 F1559.6 X81.117 Y117.168 E2501.53033
G1 F1566.8 X81.633 Y117.353 E2501.56
G1 F1571.6 X82.18 Y117.422 E2501.58976
G1 X82.727 Y117.381 E2501.61936
G1 F1576.5 X83.403 Y117.18 E2501.6573
G1 F1571.6 X83.96 Y116.803 E2501.69359
G1 X84.433 Y116.321 E2501.73004
G1 F1574.1 X84.807 Y115.591 E2501.77423
G1 F1571.6 X84.921 Y114.877 E2501.81325
G1 F1569.2 X84.921 Y114.619 E2501.8272
G1 F1571.6 X84.806 Y113.908 E2501.86606
G1 F1574.1 X84.432 Y113.179 E2501.91021
G1 F1569.2 X83.96 Y112.697 E2501.94667
G1 F1571.6 X83.403 Y112.32 E2501.98297
G1 F1578.9 X82.727 Y112.119 E2502.02085
G1 F1574.1 X82.18 Y112.079 E2502.0504
G1 F1571.6 X81.633 Y112.147 E2502.08015
G1 F1574.1 X81.116 Y112.329 E2502.10968
G1 F1571.6 X80.637 Y112.616 E2502.13981
G1 X80.439 Y112.782 E2502.15376
G1 F1566.8 X80.075 Y113.2 E2502.18376
G1 X79.8 Y113.675 E2502.21347
G1 F1571.6 X79.634 Y114.2 E2502.24318
M204 S5000
M205 X30 Y30
G0 F7200 X79.615 Y114.399
G0 X80.244 Y114.501
M204 S3000
M205 X20 Y20
G1 F1578.9 X80.398 Y113.928 E2502.27506
G1 F1581.4 X80.731 Y113.411 E2502.30804
G1 X80.959 Y113.187 E2502.32518
G1 F1574.1 X81.417 Y112.903 E2502.35422
G1 X81.769 Y112.782 E2502.37427
G1 X82.273 Y112.727 E2502.40159
G1 F1576.5 X82.618 Y112.758 E2502.42022
G1 F1581.4 X83.159 Y112.938 E2502.4508
G1 F1588.8 X83.428 Y113.104 E2502.46768
G1 X83.862 Y113.521 E2502.49981
G1 F1581.4 X84.147 Y114.027 E2502.53095
G1 F1583.9 X84.265 Y114.564 E2502.56039
G1 F1588.8 X84.265 Y114.936 E2502.58025
G1 F1586.3 X84.151 Y115.453 E2502.60856
G1 F1578.9 X83.852 Y115.993 E2502.64171
G1 F1586.3 X83.429 Y116.396 E2502.67295
G1 F1583.9 X83.125 Y116.576 E2502.69187
G1 F1574.1 X82.618 Y116.742 E2502.72061
G1 F1571.6 X82.224 Y116.77 E2502.74193
G1 X81.763 Y116.717 E2502.76697
G1 F1578.9 X81.236 Y116.5 E2502.79759
G1 F1583.9 X80.713 Y116.064 E2502.83405
G1 F1581.4 X80.41 Y115.607 E2502.86345
G1 F1576.5 X80.253 Y115.087 E2502.89268
G1 F1581.4 X80.244 Y114.501 E2502.92411
M204 S5000
M205 X30 Y30
G0 F7200 X80.295 Y114.308
G1 F1500 E2496.42411
G0 F7200 X80.071 Y114.24
G0 X80.598 Y113.307
G0 X81.723 Y112.62
G0 X83.23 Y112.786
G0 X84.777 Y114.634
G0 X85.911 Y114.634
G0 X134.187 Y113.92
G0 X135.193 Y113.909
M204 S3000
M205 X20 Y20
G1 F1500 E2502.92411
G1 F1571.6 X135.079 Y114.623 E2502.96313
G1 F1569.2 X135.079 Y114.881 E2502.97707
G1 F1571.6 X135.193 Y115.591 E2503.01588
G1 F1574.1 X135.567 Y116.321 E2503.06007
G1 F1569.2 X136.04 Y116.803 E2503.09657
G1 F1571.6 X136.597 Y117.18 E2503.13287
G1 F1576.5 X137.273 Y117.381 E2503.17081
G1 F1571.6 X137.82 Y117.421 E2503.20041
G1 F1569.2 X138.367 Y117.353 E2503.2302
G1 F1566.8 X138.883 Y117.168 E2503.25987
G1 F1554.9 X139.361 Y116.881 E2503.29028
G1 X139.559 Y116.716 E2503.30434
G1 F1557.3 X139.925 Y116.299 E2503.33456
G1 F1566.8 X140.2 Y115.825 E2503.36422
G1 F1571.6 X140.366 Y115.3 E2503.39394
G1 F1562 X140.421 Y114.748 E2503.42406
G1 X140.366 Y114.2 E2503.45396
G1 F1569.2 X140.2 Y113.675 E2503.48372
G1 F1566.8 X139.925 Y113.2 E2503.51343
G1 F1564.4 X139.559 Y112.78 E2503.54364
G1 F1569.2 X139.363 Y112.616 E2503.55745
G1 F1571.6 X138.884 Y112.329 E2503.58758
G1 F1576.5 X138.367 Y112.147 E2503.61707
G1 F1571.6 X137.82 Y112.078 E2503.64682
G1 X137.273 Y112.119 E2503.67642
G1 F1576.5 X136.597 Y112.32 E2503.71436
G1 F1571.6 X136.04 Y112.697 E2503.75066
G1 X135.566 Y113.18 E2503.78718
G1 F1574.1 X135.193 Y113.909 E2503.8313
M204 S5000
M205 X30 Y30
G0 F7200 X135.162 Y114.106
G0 X135.735 Y114.564
M204 S3000
M205 X20 Y20
G1 F1576.5 X135.849 Y114.047 E2503.85978
G1 F1571.6 X136.139 Y113.512 E2503.89262
G1 F1581.4 X136.571 Y113.104 E2503.92449
G1 X136.875 Y112.924 E2503.94344
G1 F1574.1 X137.382 Y112.758 E2503.97218
G1 F1571.6 X137.777 Y112.73 E2503.99355
G1 X138.231 Y112.782 E2504.01821
G1 F1576.5 X138.586 Y112.905 E2504.03843
G1 F1578.9 X139.041 Y113.187 E2504.06718
G1 F1588.8 X139.268 Y113.411 E2504.0842
G1 F1583.9 X139.597 Y113.916 E2504.11648
G1 F1576.5 X139.745 Y114.407 E2504.14407
G1 F1581.4 X139.748 Y115.086 E2504.18048
G1 F1583.9 X139.593 Y115.603 E2504.20939
G1 X139.261 Y116.104 E2504.24157
G1 F1591.3 X138.803 Y116.479 E2504.27312
G1 F1586.3 X138.237 Y116.717 E2504.30595
G1 F1569.2 X137.733 Y116.775 E2504.33337
G1 F1571.6 X137.382 Y116.742 E2504.35239
G1 F1576.5 X136.841 Y116.562 E2504.38307
G1 F1581.4 X136.572 Y116.396 E2504.40002
G1 X136.138 Y115.98 E2504.43226
G1 F1574.1 X135.849 Y115.453 E2504.46465
G1 F1578.9 X135.735 Y114.936 E2504.49309
G1 F1581.4 X135.731 Y114.614 E2504.51036
G1 X135.735 Y114.564 E2504.51305
M204 S5000
M205 X30 Y30
G0 F7200 X135.778 Y114.369
G1 F1500 E2498.01305
G0 F7200 X135.558 Y114.32
G0 X136.13 Y112.809
G0 X135.496 Y111.868
G0 X135.497 Y98.633
G0 X135.735 Y95.564
M204 S3000
M205 X20 Y20
G1 F1500 E2504.51305
G1 F1576.5 X135.849 Y95.047 E2504.54153
G1 F1571.6 X136.139 Y94.512 E2504.57437
G1 F1581.4 X136.571 Y94.104 E2504.60624
G1 X136.875 Y93.924 E2504.62518
G1 F1574.1 X137.382 Y93.758 E2504.65393
G1 F1571.6 X137.777 Y93.73 E2504.6753
G1 X138.231 Y93.782 E2504.69996
G1 F1576.5 X138.586 Y93.905 E2504.72017
G1 F1578.9 X139.041 Y94.187 E2504.74892
G1 F1588.8 X139.268 Y94.411 E2504.76595
G1 F1583.9 X139.597 Y94.916 E2504.79822
G1 F1576.5 X139.745 Y95.407 E2504.82581
G1 F1581.4 X139.748 Y96.086 E2504.86223
G1 F1583.9 X139.593 Y96.603 E2504.89113
G1 X139.261 Y97.104 E2504.92332
G1 F1591.3 X138.803 Y97.479 E2504.95487
G1 F1586.3 X138.237 Y97.717 E2504.98769
G1 F1569.2 X137.733 Y97.775 E2505.01511
G1 F1571.6 X137.382 Y97.742 E2505.03414
G1 F1576.5 X136.841 Y97.562 E2505.06481
G1 F1581.4 X136.572 Y97.396 E2505.08176
G1 X136.138 Y96.98 E2505.11401
G1 F1574.1 X135.849 Y96.453 E2505.14639
G1 F1578.9 X135.735 Y95.936 E2505.17483
G1 F1581.4 X135.731 Y95.614 E2505.1921
G1 X135.735 Y95.564 E2505.19479
M204 S5000
M205 X30 Y30
G0 F7200 X135.778 Y95.369
G0 X135.193 Y94.909
M204 S3000
M205 X20 Y20
G1 F1571.6 X135.079 Y95.623 E2505.23381
G1 F1569.2 X135.079 Y95.881 E2505.24775
G1 F1571.6 X135.193 Y96.591 E2505.28656
G1 F1574.1 X135.567 Y97.321 E2505.33075
G1 F1569.2 X136.04 Y97.803 E2505.36725
G1 F1571.6 X136.597 Y98.18 E2505.40355
G1 F1576.5 X137.273 Y98.381 E2505.44149
G1 F1571.6 X137.82 Y98.421 E2505.47109
G1 F1569.2 X138.367 Y98.353 E2505.50088
G1 F1566.8 X138.883 Y98.168 E2505.53055
G1 F1554.9 X139.361 Y97.881 E2505.56096
G1 X139.559 Y97.716 E2505.57502
G1 F1557.3 X139.925 Y97.299 E2505.60524
G1 F1566.8 X140.2 Y96.825 E2505.63491
G1 F1571.6 X140.366 Y96.3 E2505.66462
G1 F1562 X140.421 Y95.748 E2505.69474
G1 X140.366 Y95.2 E2505.72464
G1 F1569.2 X140.2 Y94.675 E2505.7544
G1 F1566.8 X139.925 Y94.2 E2505.78411
G1 F1564.4 X139.559 Y93.78 E2505.81432
G1 F1569.2 X139.363 Y93.616 E2505.82813
G1 F1571.6 X138.884 Y93.329 E2505.85826
G1 F1576.5 X138.367 Y93.147 E2505.88775
G1 F1571.6 X137.82 Y93.078 E2505.9175
G1 X137.273 Y93.119 E2505.9471
G1 F1576.5 X136.597 Y93.32 E2505.98504
G1 F1571.6 X136.04 Y93.697 E2506.02134
G1 X135.566 Y94.18 E2506.05786
G1 F1574.1 X135.193 Y94.909 E2506.10198
M204 S5000
M205 X30 Y30
G0 F7200 X135.162 Y95.106
G1 F1500 E2499.60198
;MESH:NONMESH
G0 F600 X135.162 Y95.106 Z6.7
G0 F7200 X135.381 Y95.141
G0 X134.089 Y95.634
G0 X85.911 Y95.634
G0 X79.634 Y95.2
;TIME_ELAPSED:2387.875981
;LAYER:32
M204 S3000
M205 X20 Y20
;TYPE:WALL-OUTER
;MESH:Pi Holder.stl
G1 F1500 E2506.10198
G1 F1562 X79.58 Y95.752 E2506.1321
G1 X79.634 Y96.3 E2506.162
G1 F1571.6 X79.8 Y96.825 E2506.19171
G1 F1566.8 X80.075 Y97.299 E2506.22137
G1 F1557.3 X80.441 Y97.716 E2506.25159
G1 X80.639 Y97.881 E2506.26563
G1 F1559.6 X81.117 Y98.168 E2506.29595
G1 F1566.8 X81.633 Y98.353 E2506.32562
G1 F1571.6 X82.18 Y98.422 E2506.35537
G1 X82.727 Y98.381 E2506.38498
G1 F1576.5 X83.403 Y98.18 E2506.42292
G1 F1571.6 X83.96 Y97.803 E2506.45921
G1 X84.433 Y97.321 E2506.49566
G1 F1574.1 X84.807 Y96.591 E2506.53985
G1 F1571.6 X84.921 Y95.877 E2506.57887
G1 F1569.2 X84.921 Y95.619 E2506.59281
G1 F1571.6 X84.806 Y94.908 E2506.63168
G1 F1574.1 X84.432 Y94.179 E2506.67583
G1 F1569.2 X83.96 Y93.697 E2506.71229
G1 F1571.6 X83.403 Y93.32 E2506.74859
G1 F1578.9 X82.727 Y93.119 E2506.78647
G1 F1574.1 X82.18 Y93.079 E2506.81602
G1 F1571.6 X81.633 Y93.147 E2506.84577
G1 F1574.1 X81.116 Y93.329 E2506.8753
G1 F1571.6 X80.637 Y93.616 E2506.90543
G1 X80.439 Y93.782 E2506.91938
G1 F1566.8 X80.075 Y94.2 E2506.94938
G1 X79.8 Y94.675 E2506.97909
G1 F1571.6 X79.634 Y95.2 E2507.0088
M204 S5000
M205 X30 Y30
G0 F7200 X79.615 Y95.399
G0 X80.244 Y95.501
M204 S3000
M205 X20 Y20
G1 F1578.9 X80.398 Y94.928 E2507.04068
G1 F1581.4 X80.731 Y94.411 E2507.07366
G1 X80.959 Y94.187 E2507.0908
G1 F1574.1 X81.417 Y93.903 E2507.11984
G1 X81.769 Y93.782 E2507.13989
G1 X82.273 Y93.727 E2507.16721
G1 F1576.5 X82.618 Y93.758 E2507.18584
G1 F1581.4 X83.159 Y93.938 E2507.21642
G1 F1588.8 X83.428 Y94.104 E2507.2333
G1 X83.862 Y94.521 E2507.26543
G1 F1581.4 X84.147 Y95.027 E2507.29657
G1 F1583.9 X84.265 Y95.564 E2507.32601
G1 F1588.8 X84.265 Y95.936 E2507.34587
G1 F1586.3 X84.151 Y96.453 E2507.37418
G1 F1578.9 X83.852 Y96.993 E2507.40733
G1 F1586.3 X83.429 Y97.396 E2507.43857
G1 F1583.9 X83.125 Y97.576 E2507.45749
G1 F1574.1 X82.618 Y97.742 E2507.48623
G1 F1571.6 X82.224 Y97.77 E2507.50755
G1 X81.763 Y97.717 E2507.53259
G1 F1578.9 X81.236 Y97.5 E2507.56321
G1 F1583.9 X80.713 Y97.064 E2507.59967
G1 F1581.4 X80.41 Y96.607 E2507.62907
G1 F1576.5 X80.253 Y96.087 E2507.6583
G1 F1581.4 X80.244 Y95.501 E2507.68973
M204 S5000
M205 X30 Y30
G0 F7200 X80.295 Y95.308
G1 F1500 E2501.18973
G0 F7200 X80.071 Y95.24
G0 X80.224 Y96.564
G0 X81.177 Y98.039
G0 X80.804 Y99.11
G0 X80.803 Y111.391
G0 X79.634 Y114.2
M204 S3000
M205 X20 Y20
G1 F1500 E2507.68973
G1 F1562 X79.58 Y114.752 E2507.71984
G1 X79.634 Y115.3 E2507.74974
G1 F1571.6 X79.8 Y115.825 E2507.77946
G1 F1566.8 X80.075 Y116.299 E2507.80912
G1 F1557.3 X80.441 Y116.716 E2507.83934
G1 X80.639 Y116.881 E2507.85338
G1 F1559.6 X81.117 Y117.168 E2507.8837
G1 F1566.8 X81.633 Y117.353 E2507.91337
G1 F1571.6 X82.18 Y117.422 E2507.94312
G1 X82.727 Y117.381 E2507.97272
G1 F1576.5 X83.403 Y117.18 E2508.01066
G1 F1571.6 X83.96 Y116.803 E2508.04696
G1 X84.433 Y116.321 E2508.0834
G1 F1574.1 X84.807 Y115.591 E2508.1276
G1 F1571.6 X84.921 Y114.877 E2508.16662
G1 F1569.2 X84.921 Y114.619 E2508.18056
G1 F1571.6 X84.806 Y113.908 E2508.21943
G1 F1574.1 X84.432 Y113.179 E2508.26357
G1 F1569.2 X83.96 Y112.697 E2508.30004
G1 F1571.6 X83.403 Y112.32 E2508.33633
G1 F1578.9 X82.727 Y112.119 E2508.37421
G1 F1574.1 X82.18 Y112.079 E2508.40377
G1 F1571.6 X81.633 Y112.147 E2508.43351
G1 F1574.1 X81.116 Y112.329 E2508.46304
G1 F1571.6 X80.637 Y112.616 E2508.49318
G1 X80.439 Y112.782 E2508.50712
G1 F1566.8 X80.075 Y113.2 E2508.53713
G1 X79.8 Y113.675 E2508.56684
G1 F1571.6 X79.634 Y114.2 E2508.59655
M204 S5000
M205 X30 Y30
G0 F7200 X79.615 Y114.399
G0 X80.244 Y114.501
M204 S3000
M205 X20 Y20
G1 F1578.9 X80.398 Y113.928 E2508.62842
G1 F1581.4 X80.731 Y113.411 E2508.6614
G1 X80.959 Y113.187 E2508.67854
G1 F1574.1 X81.417 Y112.903 E2508.70758
G1 X81.769 Y112.782 E2508.72764
G1 X82.273 Y112.727 E2508.75495
G1 F1576.5 X82.618 Y112.758 E2508.77359
G1 F1581.4 X83.159 Y112.938 E2508.80417
G1 F1588.8 X83.428 Y113.104 E2508.82104
G1 X83.862 Y113.521 E2508.85317
G1 F1581.4 X84.147 Y114.027 E2508.88432
G1 F1583.9 X84.265 Y114.564 E2508.91376
G1 F1588.8 X84.265 Y114.936 E2508.93362
G1 F1586.3 X84.151 Y115.453 E2508.96192
G1 F1578.9 X83.852 Y115.993 E2508.99508
G1 F1586.3 X83.429 Y116.396 E2509.02632
G1 F1583.9 X83.125 Y116.576 E2509.04523
G1 F1574.1 X82.618 Y116.742 E2509.07398
G1 F1571.6 X82.224 Y116.77 E2509.0953
G1 X81.763 Y116.717 E2509.12034
G1 F1578.9 X81.236 Y116.5 E2509.15095
G1 F1583.9 X80.713 Y116.064 E2509.18741
G1 F1581.4 X80.41 Y115.607 E2509.21682
G1 F1576.5 X80.253 Y115.087 E2509.24604
G1 F1581.4 X80.244 Y114.501 E2509.27747
M204 S5000
M205 X30 Y30
G0 F7200 X80.295 Y114.308
G1 F1500 E2502.77747
G0 F7200 X80.071 Y114.24
G0 X80.598 Y113.307
G0 X81.723 Y112.62
G0 X83.23 Y112.786
G0 X84.777 Y114.634
G0 X85.911 Y114.634
G0 X134.187 Y113.92
G0 X135.193 Y113.909
M204 S3000
M205 X20 Y20
G1 F1500 E2509.27747
G1 F1571.6 X135.079 Y114.623 E2509.31649
G1 F1569.2 X135.079 Y114.881 E2509.33044
G1 F1571.6 X135.193 Y115.591 E2509.36924
G1 F1574.1 X135.567 Y116.321 E2509.41344
G1 F1569.2 X136.04 Y116.803 E2509.44994
G1 F1571.6 X136.597 Y117.18 E2509.48623
G1 F1576.5 X137.273 Y117.381 E2509.52417
G1 F1571.6 X137.82 Y117.421 E2509.55377
G1 F1569.2 X138.367 Y117.353 E2509.58356
G1 F1566.8 X138.883 Y117.168 E2509.61324
G1 F1554.9 X139.361 Y116.881 E2509.64365
G1 X139.559 Y116.716 E2509.65771
G1 F1557.3 X139.925 Y116.299 E2509.68793
G1 F1566.8 X140.2 Y115.825 E2509.71759
G1 F1571.6 X140.366 Y115.3 E2509.7473
G1 F1562 X140.421 Y114.748 E2509.77742
G1 X140.366 Y114.2 E2509.80733
G1 F1569.2 X140.2 Y113.675 E2509.83709
G1 F1566.8 X139.925 Y113.2 E2509.8668
G1 F1564.4 X139.559 Y112.78 E2509.897
G1 F1569.2 X139.363 Y112.616 E2509.91081
G1 F1571.6 X138.884 Y112.329 E2509.94095
G1 F1576.5 X138.367 Y112.147 E2509.97043
G1 F1571.6 X137.82 Y112.078 E2510.00019
G1 X137.273 Y112.119 E2510.02979
G1 F1576.5 X136.597 Y112.32 E2510.06773
G1 F1571.6 X136.04 Y112.697 E2510.10402
G1 X135.566 Y113.18 E2510.14054
G1 F1574.1 X135.193 Y113.909 E2510.18467
M204 S5000
M205 X30 Y30
G0 F7200 X135.162 Y114.106
G0 X135.735 Y114.564
M204 S3000
M205 X20 Y20
G1 F1576.5 X135.849 Y114.047 E2510.21315
G1 F1571.6 X136.139 Y113.512 E2510.24599
G1 F1581.4 X136.571 Y113.104 E2510.27786
G1 X136.875 Y112.924 E2510.2968
G1 F1574.1 X137.382 Y112.758 E2510.32555
G1 F1571.6 X137.777 Y112.73 E2510.34692
G1 X138.231 Y112.782 E2510.37158
G1 F1576.5 X138.586 Y112.905 E2510.39179
G1 F1578.9 X139.041 Y113.187 E2510.42055
G1 F1588.8 X139.268 Y113.411 E2510.43757
G1 F1583.9 X139.597 Y113.916 E2510.46984
G1 F1576.5 X139.745 Y114.407 E2510.49743
G1 F1581.4 X139.748 Y115.086 E2510.53385
G1 F1583.9 X139.593 Y115.603 E2510.56275
G1 X139.261 Y116.104 E2510.59494
G1 F1591.3 X138.803 Y116.479 E2510.62649
G1 F1586.3 X138.237 Y116.717 E2510.65931
G1 F1569.2 X137.733 Y116.775 E2510.68673
G1 F1571.6 X137.382 Y116.742 E2510.70576
G1 F1576.5 X136.841 Y116.562 E2510.73643
G1 F1581.4 X136.572 Y116.396 E2510.75338
G1 X136.138 Y115.98 E2510.78563
G1 F1574.1 X135.849 Y115.453 E2510.81801
G1 F1578.9 X135.735 Y114.936 E2510.84645
G1 F1581.4 X135.731 Y114.614 E2510.86372
G1 X135.735 Y114.564 E2510.86641
M204 S5000
M205 X30 Y30
G0 F7200 X135.778 Y114.369
G1 F1500 E2504.36641
G0 F7200 X135.558 Y114.32
G0 X136.13 Y112.809
G0 X135.496 Y111.868
G0 X135.497 Y98.633
G0 X135.735 Y95.564
M204 S3000
M205 X20 Y20
G1 F1500 E2510.86641
G1 F1576.5 X135.849 Y95.047 E2510.89489
G1 F1571.6 X136.139 Y94.512 E2510.92773
G1 F1581.4 X136.571 Y94.104 E2510.9596
G1 X136.875 Y93.924 E2510.97855
G1 F1574.1 X137.382 Y93.758 E2511.00729
G1 F1571.6 X137.777 Y93.73 E2511.02866
G1 X138.231 Y93.782 E2511.05332
G1 F1576.5 X138.586 Y93.905 E2511.07354
G1 F1578.9 X139.041 Y94.187 E2511.10229
G1 F1588.8 X139.268 Y94.411 E2511.11931
G1 F1583.9 X139.597 Y94.916 E2511.15159
G1 F1576.5 X139.745 Y95.407 E2511.17918
G1 F1581.4 X139.748 Y96.086 E2511.21559
G1 F1583.9 X139.593 Y96.603 E2511.2445
G1 X139.261 Y97.104 E2511.27668
G1 F1591.3 X138.803 Y97.479 E2511.30823
G1 F1586.3 X138.237 Y97.717 E2511.34106
G1 F1569.2 X137.733 Y97.775 E2511.36848
G1 F1571.6 X137.382 Y97.742 E2511.3875
G1 F1576.5 X136.841 Y97.562 E2511.41818
G1 F1581.4 X136.572 Y97.396 E2511.43513
G1 X136.138 Y96.98 E2511.46737
G1 F1574.1 X135.849 Y96.453 E2511.49976
G1 F1578.9 X135.735 Y95.936 E2511.52819
G1 F1581.4 X135.731 Y95.614 E2511.54547
G1 X135.735 Y95.564 E2511.54816
M204 S5000
M205 X30 Y30
G0 F7200 X135.778 Y95.369
G0 X135.193 Y94.909
M204 S3000
M205 X20 Y20
G1 F1571.6 X135.079 Y95.623 E2511.58717
G1 F1569.2 X135.079 Y95.881 E2511.60112
G1 F1571.6 X135.193 Y96.591 E2511.63992
G1 F1574.1 X135.567 Y97.321 E2511.68412
G1 F1569.2 X136.04 Y97.803 E2511.72062
G1 F1571.6 X136.597 Y98.18 E2511.75691
G1 F1576.5 X137.273 Y98.381 E2511.79486
G1 F1571.6 X137.82 Y98.421 E2511.82445
G1 F1569.2 X138.367 Y98.353 E2511.85424
G1 F1566.8 X138.883 Y98.168 E2511.88392
G1 F1554.9 X139.361 Y97.881 E2511.91433
G1 X139.559 Y97.716 E2511.92839
G1 F1557.3 X139.925 Y97.299 E2511.95861
G1 F1566.8 X140.2 Y96.825 E2511.98827
G1 F1571.6 X140.366 Y96.3 E2512.01798
G1 F1562 X140.421 Y95.748 E2512.0481
G1 X140.366 Y95.2 E2512.07801
G1 F1569.2 X140.2 Y94.675 E2512.10777
G1 F1566.8 X139.925 Y94.2 E2512.13748
G1 F1564.4 X139.559 Y93.78 E2512.16768
G1 F1569.2 X139.363 Y93.616 E2512.18149
G1 F1571.6 X138.884 Y93.329 E2512.21163
G1 F1576.5 X138.367 Y93.147 E2512.24111
G1 F1571.6 X137.82 Y93.078 E2512.27087
G1 X137.273 Y93.119 E2512.30047
G1 F1576.5 X136.597 Y93.32 E2512.33841
G1 F1571.6 X136.04 Y93.697 E2512.37471
G1 X135.566 Y94.18 E2512.41123
G1 F1574.1 X135.193 Y94.909 E2512.45535
M204 S5000
M205 X30 Y30
G0 F7200 X135.162 Y95.106
G1 F1500 E2505.95535
;MESH:NONMESH
G0 F600 X135.162 Y95.106 Z6.9
G0 F7200 X135.381 Y95.141
G0 X134.089 Y95.634
G0 X85.911 Y95.634
G0 X79.634 Y95.2
;TIME_ELAPSED:2396.143639
;LAYER:33
M204 S3000
M205 X20 Y20
;TYPE:WALL-OUTER
;MESH:Pi Holder.stl
G1 F1500 E2512.45535
G1 F1562 X79.58 Y95.752 E2512.48546
G1 X79.634 Y96.3 E2512.51536
G1 F1571.6 X79.8 Y96.825 E2512.54508
G1 F1566.8 X80.075 Y97.299 E2512.57474
G1 F1557.3 X80.441 Y97.716 E2512.60496
G1 X80.639 Y97.881 E2512.61899
G1 F1559.6 X81.117 Y98.168 E2512.64931
G1 F1566.8 X81.633 Y98.353 E2512.67899
G1 F1571.6 X82.18 Y98.422 E2512.70874
G1 X82.727 Y98.381 E2512.73834
G1 F1576.5 X83.403 Y98.18 E2512.77628
G1 F1571.6 X83.96 Y97.803 E2512.81258
G1 X84.433 Y97.321 E2512.84902
G1 F1574.1 X84.807 Y96.591 E2512.89322
G1 F1571.6 X84.921 Y95.877 E2512.93224
G1 F1569.2 X84.921 Y95.619 E2512.94618
G1 F1571.6 X84.806 Y94.908 E2512.98505
G1 F1574.1 X84.432 Y94.179 E2513.02919
G1 F1569.2 X83.96 Y93.697 E2513.06566
G1 F1571.6 X83.403 Y93.32 E2513.10195
G1 F1578.9 X82.727 Y93.119 E2513.13983
G1 F1574.1 X82.18 Y93.079 E2513.16939
G1 F1571.6 X81.633 Y93.147 E2513.19913
G1 F1574.1 X81.116 Y93.329 E2513.22866
G1 F1571.6 X80.637 Y93.616 E2513.2588
G1 X80.439 Y93.782 E2513.27274
G1 F1566.8 X80.075 Y94.2 E2513.30274
G1 X79.8 Y94.675 E2513.33246
G1 F1571.6 X79.634 Y95.2 E2513.36217
M204 S5000
M205 X30 Y30
G0 F7200 X79.615 Y95.399
G0 X80.244 Y95.501
M204 S3000
M205 X20 Y20
G1 F1578.9 X80.398 Y94.928 E2513.39404
G1 F1581.4 X80.731 Y94.411 E2513.42702
G1 X80.959 Y94.187 E2513.44416
G1 F1574.1 X81.417 Y93.903 E2513.4732
G1 X81.769 Y93.782 E2513.49326
G1 X82.273 Y93.727 E2513.52057
G1 F1576.5 X82.618 Y93.758 E2513.53921
G1 F1581.4 X83.159 Y93.938 E2513.56979
G1 F1588.8 X83.428 Y94.104 E2513.58666
G1 X83.862 Y94.521 E2513.61879
G1 F1581.4 X84.147 Y95.027 E2513.64994
G1 F1583.9 X84.265 Y95.564 E2513.67938
G1 F1588.8 X84.265 Y95.936 E2513.69924
G1 F1586.3 X84.151 Y96.453 E2513.72754
G1 F1578.9 X83.852 Y96.993 E2513.7607
G1 F1586.3 X83.429 Y97.396 E2513.79194
G1 F1583.9 X83.125 Y97.576 E2513.81085
G1 F1574.1 X82.618 Y97.742 E2513.8396
G1 F1571.6 X82.224 Y97.77 E2513.86091
G1 X81.763 Y97.717 E2513.88596
G1 F1578.9 X81.236 Y97.5 E2513.91657
G1 F1583.9 X80.713 Y97.064 E2513.95303
G1 F1581.4 X80.41 Y96.607 E2513.98244
G1 F1576.5 X80.253 Y96.087 E2514.01166
G1 F1581.4 X80.244 Y95.501 E2514.04309
M204 S5000
M205 X30 Y30
G0 F7200 X80.295 Y95.308
G1 F1500 E2507.54309
G0 F7200 X80.071 Y95.24
G0 X80.224 Y96.564
G0 X81.177 Y98.039
G0 X80.804 Y99.11
G0 X80.803 Y111.391
G0 X79.634 Y114.2
M204 S3000
M205 X20 Y20
G1 F1500 E2514.04309
G1 F1562 X79.58 Y114.752 E2514.07321
G1 X79.634 Y115.3 E2514.10311
G1 F1571.6 X79.8 Y115.825 E2514.13282
G1 F1566.8 X80.075 Y116.299 E2514.16248
G1 F1557.3 X80.441 Y116.716 E2514.1927
G1 X80.639 Y116.881 E2514.20674
G1 F1559.6 X81.117 Y117.168 E2514.23706
G1 F1566.8 X81.633 Y117.353 E2514.26673
G1 F1571.6 X82.18 Y117.422 E2514.29648
G1 X82.727 Y117.381 E2514.32609
G1 F1576.5 X83.403 Y117.18 E2514.36403
G1 F1571.6 X83.96 Y116.803 E2514.40032
G1 X84.433 Y116.321 E2514.43677
G1 F1574.1 X84.807 Y115.591 E2514.48096
G1 F1571.6 X84.921 Y114.877 E2514.51998
G1 F1569.2 X84.921 Y114.619 E2514.53392
G1 F1571.6 X84.806 Y113.908 E2514.57279
G1 F1574.1 X84.432 Y113.179 E2514.61694
G1 F1569.2 X83.96 Y112.697 E2514.6534
G1 F1571.6 X83.403 Y112.32 E2514.6897
G1 F1578.9 X82.727 Y112.119 E2514.72758
G1 F1574.1 X82.18 Y112.079 E2514.75713
G1 F1571.6 X81.633 Y112.147 E2514.78688
G1 F1574.1 X81.116 Y112.329 E2514.81641
G1 F1571.6 X80.637 Y112.616 E2514.84654
G1 X80.439 Y112.782 E2514.86049
G1 F1566.8 X80.075 Y113.2 E2514.89049
G1 X79.8 Y113.675 E2514.9202
G1 F1571.6 X79.634 Y114.2 E2514.94991
M204 S5000
M205 X30 Y30
G0 F7200 X79.615 Y114.399
G0 X80.244 Y114.501
M204 S3000
M205 X20 Y20
G1 F1578.9 X80.398 Y113.928 E2514.98179
G1 F1581.4 X80.731 Y113.411 E2515.01477
G1 X80.959 Y113.187 E2515.03191
G1 F1574.1 X81.417 Y112.903 E2515.06095
G1 X81.769 Y112.782 E2515.081
G1 X82.273 Y112.727 E2515.10832
G1 F1576.5 X82.618 Y112.758 E2515.12695
G1 F1581.4 X83.159 Y112.938 E2515.15753
G1 F1588.8 X83.428 Y113.104 E2515.17441
G1 X83.862 Y113.521 E2515.20654
G1 F1581.4 X84.147 Y114.027 E2515.23768
G1 F1583.9 X84.265 Y114.564 E2515.26712
G1 F1588.8 X84.265 Y114.936 E2515.28698
G1 F1586.3 X84.151 Y115.453 E2515.31529
G1 F1578.9 X83.852 Y115.993 E2515.34844
G1 F1586.3 X83.429 Y116.396 E2515.37968
G1 F1583.9 X83.125 Y116.576 E2515.3986
G1 F1574.1 X82.618 Y116.742 E2515.42734
G1 F1571.6 X82.224 Y116.77 E2515.44866
G1 X81.763 Y116.717 E2515.4737
G1 F1578.9 X81.236 Y116.5 E2515.50432
G1 F1583.9 X80.713 Y116.064 E2515.54078
G1 F1581.4 X80.41 Y115.607 E2515.57018
G1 F1576.5 X80.253 Y115.087 E2515.59941
G1 F1581.4 X80.244 Y114.501 E2515.63084
M204 S5000
M205 X30 Y30
G0 F7200 X80.295 Y114.308
G1 F1500 E2509.13084
G0 F7200 X80.071 Y114.24
G0 X80.598 Y113.307
G0 X81.723 Y112.62
G0 X83.23 Y112.786
G0 X84.777 Y114.634
G0 X85.911 Y114.634
G0 X134.089 Y114.634
G0 X135.079 Y114.648
M204 S3000
M205 X20 Y20
G1 F1500 E2515.63084
G1 F1569.2 X135.079 Y114.881 E2515.64343
G1 F1571.6 X135.193 Y115.591 E2515.68224
G1 F1574.1 X135.567 Y116.321 E2515.72643
G1 F1569.2 X136.04 Y116.803 E2515.76293
G1 F1571.6 X136.597 Y117.18 E2515.79923
G1 F1576.5 X137.273 Y117.381 E2515.83717
G1 F1571.6 X137.82 Y117.421 E2515.86677
G1 F1569.2 X138.367 Y117.353 E2515.89656
G1 F1566.8 X138.883 Y117.168 E2515.92623
G1 F1554.9 X139.361 Y116.881 E2515.95664
G1 X139.559 Y116.716 E2515.9707
G1 F1557.3 X139.925 Y116.299 E2516.00092
G1 F1566.8 X140.2 Y115.825 E2516.03058
G1 F1571.6 X140.366 Y115.3 E2516.0603
G1 F1562 X140.421 Y114.748 E2516.09042
G1 X140.366 Y114.2 E2516.12032
G1 F1569.2 X140.2 Y113.675 E2516.15008
G1 F1566.8 X139.925 Y113.2 E2516.17979
G1 F1564.4 X139.559 Y112.78 E2516.20999
G1 F1569.2 X139.363 Y112.616 E2516.22381
G1 F1571.6 X138.884 Y112.329 E2516.25394
G1 F1576.5 X138.367 Y112.147 E2516.28343
G1 F1571.6 X137.82 Y112.078 E2516.31318
G1 X137.273 Y112.119 E2516.34278
G1 F1576.5 X136.597 Y112.32 E2516.38072
G1 F1571.6 X136.04 Y112.697 E2516.41702
G1 X135.566 Y113.18 E2516.45354
G1 F1574.1 X135.245 Y113.808 E2516.49154
G1 F1564.4 X135.167 Y114.073 E2516.50652
G1 F1562 X135.079 Y114.648 E2516.5381
M204 S5000
M205 X30 Y30
G0 F7200 X135.079 Y114.848
G0 X135.735 Y114.564
M204 S3000
M205 X20 Y20
G1 F1576.5 X135.849 Y114.047 E2516.56658
G1 F1571.6 X136.139 Y113.512 E2516.59942
G1 F1581.4 X136.571 Y113.104 E2516.63129
G1 X136.875 Y112.924 E2516.65024
G1 F1574.1 X137.382 Y112.758 E2516.67898
G1 F1571.6 X137.777 Y112.73 E2516.70035
G1 X138.231 Y112.782 E2516.72501
G1 F1576.5 X138.586 Y112.905 E2516.74523
G1 F1578.9 X139.041 Y113.187 E2516.77398
G1 F1588.8 X139.268 Y113.411 E2516.791
G1 F1583.9 X139.597 Y113.916 E2516.82328
G1 F1576.5 X139.745 Y114.407 E2516.85087
G1 F1581.4 X139.748 Y115.086 E2516.88728
G1 F1583.9 X139.593 Y115.603 E2516.91619
G1 X139.261 Y116.104 E2516.94837
G1 F1591.3 X138.803 Y116.479 E2516.97992
G1 F1586.3 X138.237 Y116.717 E2517.01275
G1 F1569.2 X137.733 Y116.775 E2517.04017
G1 F1571.6 X137.382 Y116.742 E2517.05919
G1 F1576.5 X136.841 Y116.562 E2517.08987
G1 F1581.4 X136.572 Y116.396 E2517.10682
G1 X136.138 Y115.98 E2517.13906
G1 F1574.1 X135.849 Y115.453 E2517.17145
G1 F1578.9 X135.735 Y114.936 E2517.19988
G1 F1581.4 X135.731 Y114.614 E2517.21716
G1 X135.735 Y114.564 E2517.21985
M204 S5000
M205 X30 Y30
G0 F7200 X135.778 Y114.369
G1 F1500 E2510.71985
G0 F7200 X135.558 Y114.32
G0 X136.13 Y112.809
G0 X135.496 Y111.868
G0 X135.497 Y98.633
G0 X135.735 Y95.564
M204 S3000
M205 X20 Y20
G1 F1500 E2517.21985
G1 F1576.5 X135.849 Y95.047 E2517.24833
G1 F1571.6 X136.139 Y94.512 E2517.28117
G1 F1581.4 X136.571 Y94.104 E2517.31304
G1 X136.875 Y93.924 E2517.33198
G1 F1574.1 X137.382 Y93.758 E2517.36073
G1 F1571.6 X137.777 Y93.73 E2517.3821
G1 X138.231 Y93.782 E2517.40676
G1 F1576.5 X138.586 Y93.905 E2517.42697
G1 F1578.9 X139.041 Y94.187 E2517.45572
G1 F1588.8 X139.268 Y94.411 E2517.47275
G1 F1583.9 X139.597 Y94.916 E2517.50502
G1 F1576.5 X139.745 Y95.407 E2517.53261
G1 F1581.4 X139.748 Y96.086 E2517.56903
G1 F1583.9 X139.593 Y96.603 E2517.59793
G1 X139.261 Y97.104 E2517.63011
G1 F1591.3 X138.803 Y97.479 E2517.66166
G1 F1586.3 X138.237 Y97.717 E2517.69449
G1 F1569.2 X137.733 Y97.775 E2517.72191
G1 F1571.6 X137.382 Y97.742 E2517.74094
G1 F1576.5 X136.841 Y97.562 E2517.77161
G1 F1581.4 X136.572 Y97.396 E2517.78856
G1 X136.138 Y96.98 E2517.82081
G1 F1574.1 X135.849 Y96.453 E2517.85319
G1 F1578.9 X135.735 Y95.936 E2517.88163
G1 F1581.4 X135.731 Y95.614 E2517.8989
G1 X135.735 Y95.564 E2517.90159
M204 S5000
M205 X30 Y30
G0 F7200 X135.778 Y95.369
G0 X135.193 Y94.909
M204 S3000
M205 X20 Y20
G1 F1571.6 X135.079 Y95.623 E2517.94061
G1 F1569.2 X135.079 Y95.881 E2517.95455
G1 F1571.6 X135.193 Y96.591 E2517.99336
G1 F1574.1 X135.567 Y97.321 E2518.03755
G1 F1569.2 X136.04 Y97.803 E2518.07405
G1 F1571.6 X136.597 Y98.18 E2518.11035
G1 F1576.5 X137.273 Y98.381 E2518.14829
G1 F1571.6 X137.82 Y98.421 E2518.17789
G1 F1569.2 X138.367 Y98.353 E2518.20768
G1 F1566.8 X138.883 Y98.168 E2518.23735
G1 F1554.9 X139.361 Y97.881 E2518.26776
G1 X139.559 Y97.716 E2518.28182
G1 F1557.3 X139.925 Y97.299 E2518.31204
G1 F1566.8 X140.2 Y96.825 E2518.3417
G1 F1571.6 X140.366 Y96.3 E2518.37142
G1 F1562 X140.421 Y95.748 E2518.40154
G1 X140.366 Y95.2 E2518.43144
G1 F1569.2 X140.2 Y94.675 E2518.4612
G1 F1566.8 X139.925 Y94.2 E2518.49091
G1 F1564.4 X139.559 Y93.78 E2518.52112
G1 F1569.2 X139.363 Y93.616 E2518.53493
G1 F1571.6 X138.884 Y93.329 E2518.56506
G1 F1576.5 X138.367 Y93.147 E2518.59455
G1 F1571.6 X137.82 Y93.078 E2518.6243
G1 X137.273 Y93.119 E2518.6539
G1 F1576.5 X136.597 Y93.32 E2518.69184
G1 F1571.6 X136.04 Y93.697 E2518.72814
G1 X135.566 Y94.18 E2518.76466
G1 F1574.1 X135.193 Y94.909 E2518.80878
M204 S5000
M205 X30 Y30
G0 F7200 X135.162 Y95.106
G1 F1500 E2512.30878
;MESH:NONMESH
G0 F600 X135.162 Y95.106 Z7.1
G0 F7200 X135.381 Y95.141
G0 X134.089 Y95.634
G0 X85.911 Y95.634
G0 X79.634 Y95.2
;TIME_ELAPSED:2404.412072
;LAYER:34
M204 S3000
M205 X20 Y20
;TYPE:WALL-OUTER
;MESH:Pi Holder.stl
G1 F1500 E2518.80878
G1 F1562 X79.58 Y95.752 E2518.8389
G1 X79.634 Y96.3 E2518.8688
G1 F1571.6 X79.8 Y96.825 E2518.89851
G1 F1566.8 X80.075 Y97.299 E2518.92817
G1 F1557.3 X80.441 Y97.716 E2518.95839
G1 X80.639 Y97.881 E2518.97243
G1 F1559.6 X81.117 Y98.168 E2519.00275
G1 F1566.8 X81.633 Y98.353 E2519.03242
G1 F1571.6 X82.18 Y98.422 E2519.06217
G1 X82.727 Y98.381 E2519.09178
G1 F1576.5 X83.403 Y98.18 E2519.12972
G1 F1571.6 X83.96 Y97.803 E2519.16601
G1 X84.433 Y97.321 E2519.20246
G1 F1574.1 X84.807 Y96.591 E2519.24665
G1 F1571.6 X84.921 Y95.877 E2519.28567
G1 F1569.2 X84.921 Y95.619 E2519.29961
G1 F1571.6 X84.806 Y94.908 E2519.33848
G1 F1574.1 X84.432 Y94.179 E2519.38263
G1 F1569.2 X83.96 Y93.697 E2519.41909
G1 F1571.6 X83.403 Y93.32 E2519.45539
G1 F1578.9 X82.727 Y93.119 E2519.49327
G1 F1574.1 X82.18 Y93.079 E2519.52282
G1 F1571.6 X81.633 Y93.147 E2519.55257
G1 F1574.1 X81.116 Y93.329 E2519.5821
G1 F1571.6 X80.637 Y93.616 E2519.61223
G1 X80.439 Y93.782 E2519.62618
G1 F1566.8 X80.075 Y94.2 E2519.65618
G1 X79.8 Y94.675 E2519.68589
G1 F1571.6 X79.634 Y95.2 E2519.7156
M204 S5000
M205 X30 Y30
G0 F7200 X79.615 Y95.399
G0 X80.244 Y95.501
M204 S3000
M205 X20 Y20
G1 F1578.9 X80.398 Y94.928 E2519.74747
G1 F1581.4 X80.731 Y94.411 E2519.78046
G1 X80.959 Y94.187 E2519.7976
G1 F1574.1 X81.417 Y93.903 E2519.82664
G1 X81.769 Y93.782 E2519.84669
G1 X82.273 Y93.727 E2519.87401
G1 F1576.5 X82.618 Y93.758 E2519.89264
G1 F1581.4 X83.159 Y93.938 E2519.92322
G1 F1588.8 X83.428 Y94.104 E2519.9401
G1 X83.862 Y94.521 E2519.97223
G1 F1581.4 X84.147 Y95.027 E2520.00337
G1 F1583.9 X84.265 Y95.564 E2520.03281
G1 F1588.8 X84.265 Y95.936 E2520.05267
G1 F1586.3 X84.151 Y96.453 E2520.08098
G1 F1578.9 X83.852 Y96.993 E2520.11413
G1 F1586.3 X83.429 Y97.396 E2520.14537
G1 F1583.9 X83.125 Y97.576 E2520.16429
G1 F1574.1 X82.618 Y97.742 E2520.19303
G1 F1571.6 X82.224 Y97.77 E2520.21435
G1 X81.763 Y97.717 E2520.23939
G1 F1578.9 X81.236 Y97.5 E2520.27
G1 F1583.9 X80.713 Y97.064 E2520.30647
G1 F1581.4 X80.41 Y96.607 E2520.33587
G1 F1576.5 X80.253 Y96.087 E2520.3651
G1 F1581.4 X80.244 Y95.501 E2520.39653
M204 S5000
M205 X30 Y30
G0 F7200 X80.295 Y95.308
G1 F1500 E2513.89653
G0 F7200 X80.071 Y95.24
G0 X80.224 Y96.564
G0 X81.177 Y98.039
G0 X80.804 Y99.11
G0 X80.803 Y111.391
G0 X79.634 Y114.2
M204 S3000
M205 X20 Y20
G1 F1500 E2520.39653
G1 F1562 X79.58 Y114.752 E2520.42664
G1 X79.634 Y115.3 E2520.45654
G1 F1571.6 X79.8 Y115.825 E2520.48626
G1 F1566.8 X80.075 Y116.299 E2520.51592
G1 F1557.3 X80.441 Y116.716 E2520.54614
G1 X80.639 Y116.881 E2520.56018
G1 F1559.6 X81.117 Y117.168 E2520.59049
G1 F1566.8 X81.633 Y117.353 E2520.62017
G1 F1571.6 X82.18 Y117.422 E2520.64992
G1 X82.727 Y117.381 E2520.67952
G1 F1576.5 X83.403 Y117.18 E2520.71746
G1 F1571.6 X83.96 Y116.803 E2520.75376
G1 X84.433 Y116.321 E2520.7902
G1 F1574.1 X84.807 Y115.591 E2520.8344
G1 F1571.6 X84.921 Y114.877 E2520.87342
G1 F1569.2 X84.921 Y114.619 E2520.88736
G1 F1571.6 X84.806 Y113.908 E2520.92623
G1 F1574.1 X84.432 Y113.179 E2520.97037
G1 F1569.2 X83.96 Y112.697 E2521.00684
G1 F1571.6 X83.403 Y112.32 E2521.04313
G1 F1578.9 X82.727 Y112.119 E2521.08101
G1 F1574.1 X82.18 Y112.079 E2521.11057
G1 F1571.6 X81.633 Y112.147 E2521.14031
G1 F1574.1 X81.116 Y112.329 E2521.16984
G1 F1571.6 X80.637 Y112.616 E2521.19998
G1 X80.439 Y112.782 E2521.21392
G1 F1566.8 X80.075 Y113.2 E2521.24392
G1 X79.8 Y113.675 E2521.27364
G1 F1571.6 X79.634 Y114.2 E2521.30335
M204 S5000
M205 X30 Y30
G0 F7200 X79.615 Y114.399
G0 X80.244 Y114.501
M204 S3000
M205 X20 Y20
G1 F1578.9 X80.398 Y113.928 E2521.33522
G1 F1581.4 X80.731 Y113.411 E2521.3682
G1 X80.959 Y113.187 E2521.38534
G1 F1574.1 X81.417 Y112.903 E2521.41438
G1 X81.769 Y112.782 E2521.43444
G1 X82.273 Y112.727 E2521.46175
G1 F1576.5 X82.618 Y112.758 E2521.48039
G1 F1581.4 X83.159 Y112.938 E2521.51097
G1 F1588.8 X83.428 Y113.104 E2521.52784
G1 X83.862 Y113.521 E2521.55997
G1 F1581.4 X84.147 Y114.027 E2521.59112
G1 F1583.9 X84.265 Y114.564 E2521.62056
G1 F1588.8 X84.265 Y114.936 E2521.64042
G1 F1586.3 X84.151 Y115.453 E2521.66872
G1 F1578.9 X83.852 Y115.993 E2521.70188
G1 F1586.3 X83.429 Y116.396 E2521.73312
G1 F1583.9 X83.125 Y116.576 E2521.75203
G1 F1574.1 X82.618 Y116.742 E2521.78078
G1 F1571.6 X82.224 Y116.77 E2521.80209
G1 X81.763 Y116.717 E2521.82714
G1 F1578.9 X81.236 Y116.5 E2521.85775
G1 F1583.9 X80.713 Y116.064 E2521.89421
G1 F1581.4 X80.41 Y115.607 E2521.92362
G1 F1576.5 X80.253 Y115.087 E2521.95284
G1 F1581.4 X80.244 Y114.501 E2521.98427
M204 S5000
M205 X30 Y30
G0 F7200 X80.295 Y114.308
G1 F1500 E2515.48427
G0 F7200 X80.071 Y114.24
G0 X80.598 Y113.307
G0 X81.723 Y112.62
G0 X83.23 Y112.786
G0 X84.777 Y114.634
G0 X85.911 Y114.634
G0 X134.187 Y113.92
G0 X135.193 Y113.909
M204 S3000
M205 X20 Y20
G1 F1500 E2521.98427
G1 F1571.6 X135.079 Y114.623 E2522.02329
G1 F1569.2 X135.079 Y114.881 E2522.03724
G1 F1571.6 X135.193 Y115.591 E2522.07604
G1 F1574.1 X135.567 Y116.321 E2522.12024
G1 F1569.2 X136.04 Y116.803 E2522.15674
G1 F1571.6 X136.597 Y117.18 E2522.19303
G1 F1576.5 X137.273 Y117.381 E2522.23097
G1 F1571.6 X137.82 Y117.421 E2522.26057
G1 F1569.2 X138.367 Y117.353 E2522.29036
G1 F1566.8 X138.883 Y117.168 E2522.32004
G1 F1554.9 X139.361 Y116.881 E2522.35045
G1 X139.559 Y116.716 E2522.36451
G1 F1557.3 X139.925 Y116.299 E2522.39472
G1 F1566.8 X140.2 Y115.825 E2522.42439
G1 F1571.6 X140.366 Y115.3 E2522.4541
G1 F1562 X140.421 Y114.748 E2522.48422
G1 X140.366 Y114.2 E2522.51413
G1 F1569.2 X140.2 Y113.675 E2522.54389
G1 F1566.8 X139.925 Y113.2 E2522.5736
G1 F1564.4 X139.559 Y112.78 E2522.6038
G1 F1569.2 X139.363 Y112.616 E2522.61761
G1 F1571.6 X138.884 Y112.329 E2522.64775
G1 F1576.5 X138.367 Y112.147 E2522.67723
G1 F1571.6 X137.82 Y112.078 E2522.70698
G1 X137.273 Y112.119 E2522.73659
G1 F1576.5 X136.597 Y112.32 E2522.77453
G1 F1571.6 X136.04 Y112.697 E2522.81082
G1 X135.566 Y113.18 E2522.84734
G1 F1574.1 X135.193 Y113.909 E2522.89147
M204 S5000
M205 X30 Y30
G0 F7200 X135.162 Y114.106
G0 X135.735 Y114.564
M204 S3000
M205 X20 Y20
G1 F1576.5 X135.849 Y114.047 E2522.91995
G1 F1571.6 X136.139 Y113.512 E2522.95279
G1 F1581.4 X136.571 Y113.104 E2522.98466
G1 X136.875 Y112.924 E2523.0036
G1 F1574.1 X137.382 Y112.758 E2523.03235
G1 F1571.6 X137.777 Y112.73 E2523.05372
G1 X138.231 Y112.782 E2523.07838
G1 F1576.5 X138.586 Y112.905 E2523.09859
G1 F1578.9 X139.041 Y113.187 E2523.12734
G1 F1588.8 X139.268 Y113.411 E2523.14437
G1 F1583.9 X139.597 Y113.916 E2523.17664
G1 F1576.5 X139.745 Y114.407 E2523.20423
G1 F1581.4 X139.748 Y115.086 E2523.24065
G1 F1583.9 X139.593 Y115.603 E2523.26955
G1 X139.261 Y116.104 E2523.30173
G1 F1591.3 X138.803 Y116.479 E2523.33328
G1 F1586.3 X138.237 Y116.717 E2523.36611
G1 F1569.2 X137.733 Y116.775 E2523.39353
G1 F1571.6 X137.382 Y116.742 E2523.41256
G1 F1576.5 X136.841 Y116.562 E2523.44323
G1 F1581.4 X136.572 Y116.396 E2523.46018
G1 X136.138 Y115.98 E2523.49243
G1 F1574.1 X135.849 Y115.453 E2523.52481
G1 F1578.9 X135.735 Y114.936 E2523.55325
G1 F1581.4 X135.731 Y114.614 E2523.57052
G1 X135.735 Y114.564 E2523.57321
M204 S5000
M205 X30 Y30
G0 F7200 X135.778 Y114.369
G1 F1500 E2517.07321
G0 F7200 X135.558 Y114.32
G0 X136.13 Y112.809
G0 X135.496 Y111.868
G0 X135.497 Y98.633
G0 X135.735 Y95.564
M204 S3000
M205 X20 Y20
G1 F1500 E2523.57321
G1 F1576.5 X135.849 Y95.047 E2523.60169
G1 F1571.6 X136.139 Y94.512 E2523.63453
G1 F1581.4 X136.571 Y94.104 E2523.6664
G1 X136.875 Y93.924 E2523.68535
G1 F1574.1 X137.382 Y93.758 E2523.71409
G1 F1571.6 X137.777 Y93.73 E2523.73546
G1 X138.231 Y93.782 E2523.76012
G1 F1576.5 X138.586 Y93.905 E2523.78034
G1 F1578.9 X139.041 Y94.187 E2523.80909
G1 F1588.8 X139.268 Y94.411 E2523.82611
G1 F1583.9 X139.597 Y94.916 E2523.85839
G1 F1576.5 X139.745 Y95.407 E2523.88598
G1 F1581.4 X139.748 Y96.086 E2523.92239
G1 F1583.9 X139.593 Y96.603 E2523.9513
G1 X139.261 Y97.104 E2523.98348
G1 F1591.3 X138.803 Y97.479 E2524.01503
G1 F1586.3 X138.237 Y97.717 E2524.04786
G1 F1569.2 X137.733 Y97.775 E2524.07528
G1 F1571.6 X137.382 Y97.742 E2524.0943
G1 F1576.5 X136.841 Y97.562 E2524.12498
G1 F1581.4 X136.572 Y97.396 E2524.14193
G1 X136.138 Y96.98 E2524.17417
G1 F1574.1 X135.849 Y96.453 E2524.20656
G1 F1578.9 X135.735 Y95.936 E2524.23499
G1 F1581.4 X135.731 Y95.614 E2524.25226
G1 X135.735 Y95.564 E2524.25495
M204 S5000
M205 X30 Y30
G0 F7200 X135.778 Y95.369
G0 X135.193 Y94.909
M204 S3000
M205 X20 Y20
G1 F1571.6 X135.079 Y95.623 E2524.29397
G1 F1569.2 X135.079 Y95.881 E2524.30792
G1 F1571.6 X135.193 Y96.591 E2524.34672
G1 F1574.1 X135.567 Y97.321 E2524.39092
G1 F1569.2 X136.04 Y97.803 E2524.42742
G1 F1571.6 X136.597 Y98.18 E2524.46371
G1 F1576.5 X137.273 Y98.381 E2524.50166
G1 F1571.6 X137.82 Y98.421 E2524.53125
G1 F1569.2 X138.367 Y98.353 E2524.56104
G1 F1566.8 X138.883 Y98.168 E2524.59072
G1 F1554.9 X139.361 Y97.881 E2524.62113
G1 X139.559 Y97.716 E2524.63519
G1 F1557.3 X139.925 Y97.299 E2524.66541
G1 F1566.8 X140.2 Y96.825 E2524.69507
G1 F1571.6 X140.366 Y96.3 E2524.72478
G1 F1562 X140.421 Y95.748 E2524.7549
G1 X140.366 Y95.2 E2524.78481
G1 F1569.2 X140.2 Y94.675 E2524.81457
G1 F1566.8 X139.925 Y94.2 E2524.84428
G1 F1564.4 X139.559 Y93.78 E2524.87448
G1 F1569.2 X139.363 Y93.616 E2524.88829
G1 F1571.6 X138.884 Y93.329 E2524.91843
G1 F1576.5 X138.367 Y93.147 E2524.94791
G1 F1571.6 X137.82 Y93.078 E2524.97767
G1 X137.273 Y93.119 E2525.00727
G1 F1576.5 X136.597 Y93.32 E2525.04521
G1 F1571.6 X136.04 Y93.697 E2525.0815
G1 X135.566 Y94.18 E2525.11802
G1 F1574.1 X135.193 Y94.909 E2525.16215
M204 S5000
M205 X30 Y30
G0 F7200 X135.162 Y95.106
G1 F1500 E2518.66215
;MESH:NONMESH
G0 F600 X135.162 Y95.106 Z7.3
G0 F7200 X135.381 Y95.141
G0 X134.089 Y95.634
G0 X85.911 Y95.634
G0 X79.634 Y95.2
;TIME_ELAPSED:2412.679730
;LAYER:35
M204 S3000
M205 X20 Y20
;TYPE:WALL-OUTER
;MESH:Pi Holder.stl
G1 F1500 E2525.16215
G1 F1562 X79.583 Y95.785 E2525.19403
G1 X79.634 Y96.3 E2525.22213
G1 F1571.6 X79.8 Y96.825 E2525.25185
G1 F1566.8 X80.075 Y97.299 E2525.28151
G1 F1557.3 X80.441 Y97.716 E2525.31173
G1 X80.639 Y97.881 E2525.32576
G1 F1559.6 X81.117 Y98.168 E2525.35608
G1 F1566.8 X81.633 Y98.353 E2525.38576
G1 F1571.6 X82.18 Y98.422 E2525.41551
G1 X82.727 Y98.381 E2525.44511
G1 F1576.5 X83.403 Y98.18 E2525.48305
G1 F1571.6 X83.96 Y97.803 E2525.51935
G1 X84.433 Y97.321 E2525.55579
G1 F1574.1 X84.807 Y96.591 E2525.59999
G1 F1571.6 X84.921 Y95.877 E2525.639
G1 F1569.2 X84.921 Y95.619 E2525.65295
G1 F1571.6 X84.806 Y94.908 E2525.69182
G1 F1574.1 X84.432 Y94.179 E2525.73596
G1 F1569.2 X83.96 Y93.697 E2525.77242
G1 F1571.6 X83.403 Y93.32 E2525.80872
G1 F1578.9 X82.727 Y93.119 E2525.8466
G1 F1574.1 X82.18 Y93.079 E2525.87616
G1 F1571.6 X81.633 Y93.147 E2525.9059
G1 F1574.1 X81.116 Y93.329 E2525.93543
G1 F1571.6 X80.637 Y93.616 E2525.96557
G1 X80.439 Y93.782 E2525.97951
G1 F1566.8 X80.075 Y94.2 E2526.00951
G1 X79.8 Y94.675 E2526.03922
G1 F1571.6 X79.634 Y95.2 E2526.06894
M204 S5000
M205 X30 Y30
G0 F7200 X79.617 Y95.399
G0 X80.244 Y95.501
M204 S3000
M205 X20 Y20
G1 F1578.9 X80.398 Y94.928 E2526.10081
G1 F1581.4 X80.731 Y94.411 E2526.13379
G1 X80.959 Y94.187 E2526.15093
G1 F1574.1 X81.417 Y93.903 E2526.17997
G1 X81.769 Y93.782 E2526.20003
G1 X82.273 Y93.727 E2526.22734
G1 F1576.5 X82.618 Y93.758 E2526.24598
G1 F1581.4 X83.159 Y93.938 E2526.27656
G1 F1588.8 X83.428 Y94.104 E2526.29343
G1 X83.862 Y94.521 E2526.32556
G1 F1581.4 X84.147 Y95.027 E2526.35671
G1 F1583.9 X84.265 Y95.564 E2526.38615
G1 F1588.8 X84.265 Y95.936 E2526.40601
G1 F1586.3 X84.151 Y96.453 E2526.43431
G1 F1578.9 X83.852 Y96.993 E2526.46747
G1 F1586.3 X83.429 Y97.396 E2526.49871
G1 F1583.9 X83.125 Y97.576 E2526.51762
G1 F1574.1 X82.618 Y97.742 E2526.54637
G1 F1571.6 X82.224 Y97.77 E2526.56768
G1 X81.763 Y97.717 E2526.59273
G1 F1578.9 X81.236 Y97.5 E2526.62334
G1 F1583.9 X80.713 Y97.064 E2526.6598
G1 F1581.4 X80.41 Y96.607 E2526.68921
G1 F1576.5 X80.253 Y96.087 E2526.71843
G1 F1581.4 X80.244 Y95.501 E2526.74986
M204 S5000
M205 X30 Y30
G0 F7200 X80.295 Y95.308
G1 F1500 E2520.24986
G0 F7200 X80.071 Y95.24
G0 X80.224 Y96.564
G0 X81.177 Y98.039
G0 X80.804 Y99.11
G0 X80.803 Y111.391
G0 X79.634 Y114.2
M204 S3000
M205 X20 Y20
G1 F1500 E2526.74986
G1 F1562 X79.583 Y114.785 E2526.78175
G1 X79.634 Y115.3 E2526.80985
G1 F1571.6 X79.8 Y115.825 E2526.83956
G1 F1566.8 X80.075 Y116.299 E2526.86922
G1 F1557.3 X80.441 Y116.716 E2526.89944
G1 X80.639 Y116.881 E2526.91348
G1 F1559.6 X81.117 Y117.168 E2526.9438
G1 F1566.8 X81.633 Y117.353 E2526.97347
G1 F1571.6 X82.18 Y117.422 E2527.00322
G1 X82.727 Y117.381 E2527.03283
G1 F1576.5 X83.403 Y117.18 E2527.07077
G1 F1571.6 X83.96 Y116.803 E2527.10706
G1 X84.433 Y116.321 E2527.14351
G1 F1574.1 X84.807 Y115.591 E2527.1877
G1 F1571.6 X84.921 Y114.877 E2527.22672
G1 F1569.2 X84.921 Y114.619 E2527.24066
G1 F1571.6 X84.806 Y113.908 E2527.27953
G1 F1574.1 X84.432 Y113.179 E2527.32368
G1 F1569.2 X83.96 Y112.697 E2527.36014
G1 F1571.6 X83.403 Y112.32 E2527.39644
G1 F1578.9 X82.727 Y112.119 E2527.43432
G1 F1574.1 X82.18 Y112.079 E2527.46387
G1 F1571.6 X81.633 Y112.147 E2527.49362
G1 F1574.1 X81.116 Y112.329 E2527.52315
G1 F1571.6 X80.637 Y112.616 E2527.55328
G1 X80.439 Y112.782 E2527.56723
G1 F1566.8 X80.075 Y113.2 E2527.59723
G1 X79.8 Y113.675 E2527.62694
G1 F1571.6 X79.634 Y114.2 E2527.65665
M204 S5000
M205 X30 Y30
G0 F7200 X79.617 Y114.399
G0 X80.244 Y114.501
M204 S3000
M205 X20 Y20
G1 F1578.9 X80.398 Y113.928 E2527.68852
G1 F1581.4 X80.731 Y113.411 E2527.72151
G1 X80.959 Y113.187 E2527.73865
G1 F1574.1 X81.417 Y112.903 E2527.76769
G1 X81.769 Y112.782 E2527.78774
G1 X82.273 Y112.727 E2527.81506
G1 F1576.5 X82.618 Y112.758 E2527.83369
G1 F1581.4 X83.159 Y112.938 E2527.86427
G1 F1588.8 X83.428 Y113.104 E2527.88115
G1 X83.862 Y113.521 E2527.91328
G1 F1581.4 X84.147 Y114.027 E2527.94442
G1 F1583.9 X84.265 Y114.564 E2527.97386
G1 F1588.8 X84.265 Y114.936 E2527.99372
G1 F1586.3 X84.151 Y115.453 E2528.02203
G1 F1578.9 X83.852 Y115.993 E2528.05518
G1 F1586.3 X83.429 Y116.396 E2528.08642
G1 F1583.9 X83.125 Y116.576 E2528.10534
G1 F1574.1 X82.618 Y116.742 E2528.13408
G1 F1571.6 X82.224 Y116.77 E2528.1554
G1 X81.763 Y116.717 E2528.18044
G1 F1578.9 X81.236 Y116.5 E2528.21105
G1 F1583.9 X80.713 Y116.064 E2528.24752
G1 F1581.4 X80.41 Y115.607 E2528.27692
G1 F1576.5 X80.253 Y115.087 E2528.30615
G1 F1581.4 X80.244 Y114.501 E2528.33758
M204 S5000
M205 X30 Y30
G0 F7200 X80.295 Y114.308
G1 F1500 E2521.83758
G0 F7200 X80.071 Y114.24
G0 X80.598 Y113.307
G0 X81.723 Y112.62
G0 X83.23 Y112.786
G0 X84.777 Y114.634
G0 X85.911 Y114.634
G0 X134.089 Y114.634
G0 X135.079 Y114.648
M204 S3000
M205 X20 Y20
G1 F1500 E2528.33758
G1 F1569.2 X135.079 Y114.881 E2528.35017
G1 F1571.6 X135.193 Y115.591 E2528.38898
G1 F1574.1 X135.567 Y116.321 E2528.43317
G1 F1569.2 X136.04 Y116.803 E2528.46967
G1 F1571.6 X136.597 Y117.18 E2528.50597
G1 F1576.5 X137.273 Y117.381 E2528.54391
G1 F1571.6 X137.82 Y117.421 E2528.57351
G1 F1569.2 X138.367 Y117.353 E2528.6033
G1 F1566.8 X138.883 Y117.168 E2528.63297
G1 F1554.9 X139.361 Y116.881 E2528.66338
G1 X139.559 Y116.716 E2528.67744
G1 F1557.3 X139.925 Y116.299 E2528.70766
G1 F1566.8 X140.2 Y115.825 E2528.73732
G1 F1571.6 X140.366 Y115.3 E2528.76704
G1 F1562 X140.421 Y114.748 E2528.79716
G1 X140.366 Y114.2 E2528.82706
G1 F1569.2 X140.2 Y113.675 E2528.85682
G1 F1566.8 X139.925 Y113.2 E2528.88653
G1 F1564.4 X139.559 Y112.78 E2528.91673
G1 F1569.2 X139.363 Y112.616 E2528.93055
G1 F1571.6 X138.884 Y112.329 E2528.96068
G1 F1576.5 X138.367 Y112.147 E2528.99017
G1 F1571.6 X137.82 Y112.078 E2529.01992
G1 X137.273 Y112.119 E2529.04952
G1 F1576.5 X136.597 Y112.32 E2529.08746
G1 F1571.6 X136.04 Y112.697 E2529.12376
G1 X135.566 Y113.18 E2529.16028
G1 F1574.1 X135.245 Y113.808 E2529.19828
G1 F1564.4 X135.167 Y114.073 E2529.21326
G1 F1562 X135.079 Y114.648 E2529.24484
M204 S5000
M205 X30 Y30
G0 F7200 X135.079 Y114.848
G0 X135.735 Y114.564
M204 S3000
M205 X20 Y20
G1 F1576.5 X135.849 Y114.047 E2529.27332
G1 F1571.6 X136.139 Y113.512 E2529.30616
G1 F1581.4 X136.571 Y113.104 E2529.33803
G1 X136.875 Y112.924 E2529.35698
G1 F1574.1 X137.382 Y112.758 E2529.38572
G1 F1571.6 X137.777 Y112.73 E2529.40709
G1 X138.231 Y112.782 E2529.43175
G1 F1576.5 X138.586 Y112.905 E2529.45197
G1 F1578.9 X139.041 Y113.187 E2529.48072
G1 F1588.8 X139.268 Y113.411 E2529.49774
G1 F1583.9 X139.597 Y113.916 E2529.53002
G1 F1576.5 X139.745 Y114.407 E2529.55761
G1 F1581.4 X139.748 Y115.086 E2529.59402
G1 F1583.9 X139.593 Y115.603 E2529.62293
G1 X139.261 Y116.104 E2529.65511
G1 F1591.3 X138.803 Y116.479 E2529.68666
G1 F1586.3 X138.237 Y116.717 E2529.71949
G1 F1569.2 X137.733 Y116.775 E2529.74691
G1 F1571.6 X137.382 Y116.742 E2529.76593
G1 F1576.5 X136.841 Y116.562 E2529.79661
G1 F1581.4 X136.572 Y116.396 E2529.81356
G1 X136.138 Y115.98 E2529.8458
G1 F1574.1 X135.849 Y115.453 E2529.87819
G1 F1578.9 X135.735 Y114.936 E2529.90662
G1 F1581.4 X135.731 Y114.614 E2529.92389
G1 X135.735 Y114.564 E2529.92658
M204 S5000
M205 X30 Y30
G0 F7200 X135.778 Y114.369
G1 F1500 E2523.42658
G0 F7200 X135.558 Y114.32
G0 X136.13 Y112.809
G0 X135.496 Y111.868
G0 X135.497 Y98.633
G0 X135.735 Y95.564
M204 S3000
M205 X20 Y20
G1 F1500 E2529.92658
G1 F1576.5 X135.849 Y95.047 E2529.95507
G1 F1571.6 X136.139 Y94.512 E2529.98791
G1 F1581.4 X136.571 Y94.104 E2530.01978
G1 X136.875 Y93.924 E2530.03872
G1 F1574.1 X137.382 Y93.758 E2530.06747
G1 F1571.6 X137.777 Y93.73 E2530.08884
G1 X138.231 Y93.782 E2530.1135
G1 F1576.5 X138.586 Y93.905 E2530.13371
G1 F1578.9 X139.041 Y94.187 E2530.16246
G1 F1588.8 X139.268 Y94.411 E2530.17949
G1 F1583.9 X139.597 Y94.916 E2530.21176
G1 F1576.5 X139.745 Y95.407 E2530.23935
G1 F1581.4 X139.748 Y96.086 E2530.27577
G1 F1583.9 X139.593 Y96.603 E2530.30467
G1 X139.261 Y97.104 E2530.33685
G1 F1591.3 X138.803 Y97.479 E2530.3684
G1 F1586.3 X138.237 Y97.717 E2530.40123
G1 F1569.2 X137.733 Y97.775 E2530.42865
G1 F1571.6 X137.382 Y97.742 E2530.44768
G1 F1576.5 X136.841 Y97.562 E2530.47835
G1 F1581.4 X136.572 Y97.396 E2530.4953
G1 X136.138 Y96.98 E2530.52755
G1 F1574.1 X135.849 Y96.453 E2530.55993
G1 F1578.9 X135.735 Y95.936 E2530.58837
G1 F1581.4 X135.731 Y95.614 E2530.60564
G1 X135.735 Y95.564 E2530.60833
M204 S5000
M205 X30 Y30
G0 F7200 X135.778 Y95.369
G0 X135.193 Y94.909
M204 S3000
M205 X20 Y20
G1 F1571.6 X135.079 Y95.623 E2530.64735
G1 F1569.2 X135.079 Y95.881 E2530.66129
G1 F1571.6 X135.193 Y96.591 E2530.7001
G1 F1574.1 X135.567 Y97.321 E2530.74429
G1 F1569.2 X136.04 Y97.803 E2530.78079
G1 F1571.6 X136.597 Y98.18 E2530.81709
G1 F1576.5 X137.273 Y98.381 E2530.85503
G1 F1571.6 X137.82 Y98.421 E2530.88463
G1 F1569.2 X138.367 Y98.353 E2530.91442
G1 F1566.8 X138.883 Y98.168 E2530.94409
G1 F1554.9 X139.361 Y97.881 E2530.9745
G1 X139.559 Y97.716 E2530.98856
G1 F1557.3 X139.925 Y97.299 E2531.01878
G1 F1566.8 X140.2 Y96.825 E2531.04844
G1 F1571.6 X140.366 Y96.3 E2531.07816
G1 F1562 X140.421 Y95.748 E2531.10828
G1 X140.366 Y95.2 E2531.13818
G1 F1569.2 X140.2 Y94.675 E2531.16794
G1 F1566.8 X139.925 Y94.2 E2531.19765
G1 F1564.4 X139.559 Y93.78 E2531.22786
G1 F1569.2 X139.363 Y93.616 E2531.24167
G1 F1571.6 X138.884 Y93.329 E2531.2718
G1 F1576.5 X138.367 Y93.147 E2531.30129
G1 F1571.6 X137.82 Y93.078 E2531.33104
G1 X137.273 Y93.119 E2531.36064
G1 F1576.5 X136.597 Y93.32 E2531.39858
G1 F1571.6 X136.04 Y93.697 E2531.43488
G1 X135.566 Y94.18 E2531.4714
G1 F1574.1 X135.193 Y94.909 E2531.51552
M204 S5000
M205 X30 Y30
G0 F7200 X135.162 Y95.106
G1 F1500 E2525.01552
;MESH:NONMESH
G0 F600 X135.162 Y95.106 Z7.5
G0 F7200 X135.381 Y95.141
G0 X134.089 Y95.634
G0 X85.911 Y95.634
G0 X79.634 Y95.2
;TIME_ELAPSED:2420.947992
;LAYER:36
M204 S3000
M205 X20 Y20
;TYPE:WALL-OUTER
;MESH:Pi Holder.stl
G1 F1500 E2531.51552
G1 F1562 X79.58 Y95.752 E2531.54564
G1 X79.634 Y96.3 E2531.57554
G1 F1571.6 X79.8 Y96.825 E2531.60525
G1 F1566.8 X80.075 Y97.299 E2531.63491
G1 F1557.3 X80.441 Y97.716 E2531.66513
G1 X80.639 Y97.881 E2531.67917
G1 F1559.6 X81.117 Y98.168 E2531.70949
G1 F1566.8 X81.633 Y98.353 E2531.73916
G1 F1571.6 X82.18 Y98.422 E2531.76891
G1 X82.727 Y98.381 E2531.79851
G1 F1576.5 X83.403 Y98.18 E2531.83646
G1 F1571.6 X83.96 Y97.803 E2531.87275
G1 X84.433 Y97.321 E2531.9092
G1 F1574.1 X84.807 Y96.591 E2531.95339
G1 F1571.6 X84.921 Y95.877 E2531.99241
G1 F1569.2 X84.921 Y95.619 E2532.00635
G1 F1571.6 X84.806 Y94.908 E2532.04522
G1 F1574.1 X84.432 Y94.179 E2532.08937
G1 F1569.2 X83.96 Y93.697 E2532.12583
G1 F1571.6 X83.403 Y93.32 E2532.16213
G1 F1578.9 X82.727 Y93.119 E2532.20001
G1 F1574.1 X82.18 Y93.079 E2532.22956
G1 F1571.6 X81.633 Y93.147 E2532.25931
G1 F1574.1 X81.116 Y93.329 E2532.28884
G1 F1571.6 X80.637 Y93.616 E2532.31897
G1 X80.439 Y93.782 E2532.33292
G1 F1566.8 X80.075 Y94.2 E2532.36292
G1 X79.8 Y94.675 E2532.39263
G1 F1571.6 X79.634 Y95.2 E2532.42234
M204 S5000
M205 X30 Y30
G0 F7200 X79.615 Y95.399
G0 X80.244 Y95.501
M204 S3000
M205 X20 Y20
G1 F1578.9 X80.398 Y94.928 E2532.45421
G1 F1581.4 X80.731 Y94.411 E2532.4872
G1 X80.959 Y94.187 E2532.50434
G1 F1574.1 X81.417 Y93.903 E2532.53337
G1 X81.769 Y93.782 E2532.55343
G1 X82.273 Y93.727 E2532.58075
G1 F1576.5 X82.618 Y93.758 E2532.59938
G1 F1581.4 X83.159 Y93.938 E2532.62996
G1 F1588.8 X83.428 Y94.104 E2532.64684
G1 X83.862 Y94.521 E2532.67896
G1 F1581.4 X84.147 Y95.027 E2532.71011
G1 F1583.9 X84.265 Y95.564 E2532.73955
G1 F1588.8 X84.265 Y95.936 E2532.75941
G1 F1586.3 X84.151 Y96.453 E2532.78772
G1 F1578.9 X83.852 Y96.993 E2532.82087
G1 F1586.3 X83.429 Y97.396 E2532.85211
G1 F1583.9 X83.125 Y97.576 E2532.87103
G1 F1574.1 X82.618 Y97.742 E2532.89977
G1 F1571.6 X82.224 Y97.77 E2532.92109
G1 X81.763 Y97.717 E2532.94613
G1 F1578.9 X81.236 Y97.5 E2532.97674
G1 F1583.9 X80.713 Y97.064 E2533.01321
G1 F1581.4 X80.41 Y96.607 E2533.04261
G1 F1576.5 X80.253 Y96.087 E2533.07184
G1 F1581.4 X80.244 Y95.501 E2533.10327
M204 S5000
M205 X30 Y30
G0 F7200 X80.295 Y95.308
G1 F1500 E2526.60327
G0 F7200 X80.071 Y95.24
G0 X80.224 Y96.564
G0 X81.177 Y98.039
G0 X80.804 Y99.11
G0 X80.803 Y111.391
G0 X79.634 Y114.2
M204 S3000
M205 X20 Y20
G1 F1500 E2533.10327
G1 F1562 X79.58 Y114.752 E2533.13338
G1 X79.634 Y115.3 E2533.16328
G1 F1571.6 X79.8 Y115.825 E2533.193
G1 F1566.8 X80.075 Y116.299 E2533.22266
G1 F1557.3 X80.441 Y116.716 E2533.25288
G1 X80.639 Y116.881 E2533.26691
G1 F1559.6 X81.117 Y117.168 E2533.29723
G1 F1566.8 X81.633 Y117.353 E2533.32691
G1 F1571.6 X82.18 Y117.422 E2533.35666
G1 X82.727 Y117.381 E2533.38626
G1 F1576.5 X83.403 Y117.18 E2533.4242
G1 F1571.6 X83.96 Y116.803 E2533.4605
G1 X84.433 Y116.321 E2533.49694
G1 F1574.1 X84.807 Y115.591 E2533.54114
G1 F1571.6 X84.921 Y114.877 E2533.58015
G1 F1569.2 X84.921 Y114.619 E2533.5941
G1 F1571.6 X84.806 Y113.908 E2533.63297
G1 F1574.1 X84.432 Y113.179 E2533.67711
G1 F1569.2 X83.96 Y112.697 E2533.71358
G1 F1571.6 X83.403 Y112.32 E2533.74987
G1 F1578.9 X82.727 Y112.119 E2533.78775
G1 F1574.1 X82.18 Y112.079 E2533.81731
G1 F1571.6 X81.633 Y112.147 E2533.84705
G1 F1574.1 X81.116 Y112.329 E2533.87658
G1 F1571.6 X80.637 Y112.616 E2533.90672
G1 X80.439 Y112.782 E2533.92066
G1 F1566.8 X80.075 Y113.2 E2533.95066
G1 X79.8 Y113.675 E2533.98037
G1 F1571.6 X79.634 Y114.2 E2534.01009
M204 S5000
M205 X30 Y30
G0 F7200 X79.615 Y114.399
G0 X80.244 Y114.501
M204 S3000
M205 X20 Y20
G1 F1578.9 X80.398 Y113.928 E2534.04196
G1 F1581.4 X80.731 Y113.411 E2534.07494
G1 X80.959 Y113.187 E2534.09208
G1 F1574.1 X81.417 Y112.903 E2534.12112
G1 X81.769 Y112.782 E2534.14118
G1 X82.273 Y112.727 E2534.16849
G1 F1576.5 X82.618 Y112.758 E2534.18713
G1 F1581.4 X83.159 Y112.938 E2534.21771
G1 F1588.8 X83.428 Y113.104 E2534.23458
G1 X83.862 Y113.521 E2534.26671
G1 F1581.4 X84.147 Y114.027 E2534.29786
G1 F1583.9 X84.265 Y114.564 E2534.3273
G1 F1588.8 X84.265 Y114.936 E2534.34716
G1 F1586.3 X84.151 Y115.453 E2534.37546
G1 F1578.9 X83.852 Y115.993 E2534.40862
G1 F1586.3 X83.429 Y116.396 E2534.43986
G1 F1583.9 X83.125 Y116.576 E2534.45877
G1 F1574.1 X82.618 Y116.742 E2534.48752
G1 F1571.6 X82.224 Y116.77 E2534.50883
G1 X81.763 Y116.717 E2534.53388
G1 F1578.9 X81.236 Y116.5 E2534.56449
G1 F1583.9 X80.713 Y116.064 E2534.60095
G1 F1581.4 X80.41 Y115.607 E2534.63036
G1 F1576.5 X80.253 Y115.087 E2534.65958
G1 F1581.4 X80.244 Y114.501 E2534.69101
M204 S5000
M205 X30 Y30
G0 F7200 X80.295 Y114.308
G1 F1500 E2528.19101
G0 F7200 X80.071 Y114.24
G0 X80.598 Y113.307
G0 X81.723 Y112.62
G0 X83.23 Y112.786
G0 X84.777 Y114.634
G0 X85.911 Y114.634
G0 X134.187 Y113.92
G0 X135.193 Y113.909
M204 S3000
M205 X20 Y20
G1 F1500 E2534.69101
G1 F1571.6 X135.079 Y114.623 E2534.73003
G1 F1569.2 X135.079 Y114.881 E2534.74398
G1 F1571.6 X135.193 Y115.591 E2534.78278
G1 F1574.1 X135.567 Y116.321 E2534.82698
G1 F1569.2 X136.04 Y116.803 E2534.86348
G1 F1571.6 X136.597 Y117.18 E2534.89977
G1 F1576.5 X137.273 Y117.381 E2534.93771
G1 F1571.6 X137.82 Y117.421 E2534.96731
G1 F1569.2 X138.367 Y117.353 E2534.9971
G1 F1566.8 X138.883 Y117.168 E2535.02677
G1 F1554.9 X139.361 Y116.881 E2535.05719
G1 X139.559 Y116.716 E2535.07125
G1 F1557.3 X139.925 Y116.299 E2535.10146
G1 F1566.8 X140.2 Y115.825 E2535.13113
G1 F1571.6 X140.366 Y115.3 E2535.16084
G1 F1562 X140.421 Y114.748 E2535.19096
G1 X140.366 Y114.2 E2535.22087
G1 F1569.2 X140.2 Y113.675 E2535.25063
G1 F1566.8 X139.925 Y113.2 E2535.28034
G1 F1564.4 X139.559 Y112.78 E2535.31054
G1 F1569.2 X139.363 Y112.616 E2535.32435
G1 F1571.6 X138.884 Y112.329 E2535.35449
G1 F1576.5 X138.367 Y112.147 E2535.38397
G1 F1571.6 X137.82 Y112.078 E2535.41372
G1 X137.273 Y112.119 E2535.44333
G1 F1576.5 X136.597 Y112.32 E2535.48127
G1 F1571.6 X136.04 Y112.697 E2535.51756
G1 X135.566 Y113.18 E2535.55408
G1 F1574.1 X135.193 Y113.909 E2535.59821
M204 S5000
M205 X30 Y30
G0 F7200 X135.162 Y114.106
G0 X135.735 Y114.564
M204 S3000
M205 X20 Y20
G1 F1576.5 X135.849 Y114.047 E2535.62669
G1 F1571.6 X136.139 Y113.512 E2535.65953
G1 F1581.4 X136.571 Y113.104 E2535.6914
G1 X136.875 Y112.924 E2535.71034
G1 F1574.1 X137.382 Y112.758 E2535.73909
G1 F1571.6 X137.777 Y112.73 E2535.76046
G1 X138.231 Y112.782 E2535.78512
G1 F1576.5 X138.586 Y112.905 E2535.80533
G1 F1578.9 X139.041 Y113.187 E2535.83408
G1 F1588.8 X139.268 Y113.411 E2535.85111
G1 F1583.9 X139.597 Y113.916 E2535.88338
G1 F1576.5 X139.745 Y114.407 E2535.91097
G1 F1581.4 X139.748 Y115.086 E2535.94739
G1 F1583.9 X139.593 Y115.603 E2535.97629
G1 X139.261 Y116.104 E2536.00847
G1 F1591.3 X138.803 Y116.479 E2536.04002
G1 F1586.3 X138.237 Y116.717 E2536.07285
G1 F1569.2 X137.733 Y116.775 E2536.10027
G1 F1571.6 X137.382 Y116.742 E2536.1193
G1 F1576.5 X136.841 Y116.562 E2536.14997
G1 F1581.4 X136.572 Y116.396 E2536.16692
G1 X136.138 Y115.98 E2536.19917
G1 F1574.1 X135.849 Y115.453 E2536.23155
G1 F1578.9 X135.735 Y114.936 E2536.25999
G1 F1581.4 X135.731 Y114.614 E2536.27726
G1 X135.735 Y114.564 E2536.27995
M204 S5000
M205 X30 Y30
G0 F7200 X135.778 Y114.369
G1 F1500 E2529.77995
G0 F7200 X135.558 Y114.32
G0 X136.13 Y112.809
G0 X135.496 Y111.868
G0 X135.497 Y98.633
G0 X135.735 Y95.564
M204 S3000
M205 X20 Y20
G1 F1500 E2536.27995
G1 F1576.5 X135.849 Y95.047 E2536.30843
G1 F1571.6 X136.139 Y94.512 E2536.34127
G1 F1581.4 X136.571 Y94.104 E2536.37314
G1 X136.875 Y93.924 E2536.39209
G1 F1574.1 X137.382 Y93.758 E2536.42083
G1 F1571.6 X137.777 Y93.73 E2536.4422
G1 X138.231 Y93.782 E2536.46686
G1 F1576.5 X138.586 Y93.905 E2536.48707
G1 F1578.9 X139.041 Y94.187 E2536.51583
G1 F1588.8 X139.268 Y94.411 E2536.53285
G1 F1583.9 X139.597 Y94.916 E2536.56513
G1 F1576.5 X139.745 Y95.407 E2536.59272
G1 F1581.4 X139.748 Y96.086 E2536.62913
G1 F1583.9 X139.593 Y96.603 E2536.65804
G1 X139.261 Y97.104 E2536.69022
G1 F1591.3 X138.803 Y97.479 E2536.72177
G1 F1586.3 X138.237 Y97.717 E2536.7546
G1 F1569.2 X137.733 Y97.775 E2536.78202
G1 F1571.6 X137.382 Y97.742 E2536.80104
G1 F1576.5 X136.841 Y97.562 E2536.83172
G1 F1581.4 X136.572 Y97.396 E2536.84867
G1 X136.138 Y96.98 E2536.88091
G1 F1574.1 X135.849 Y96.453 E2536.9133
G1 F1578.9 X135.735 Y95.936 E2536.94173
G1 F1581.4 X135.731 Y95.614 E2536.959
G1 X135.735 Y95.564 E2536.96169
M204 S5000
M205 X30 Y30
G0 F7200 X135.778 Y95.369
G0 X135.193 Y94.909
M204 S3000
M205 X20 Y20
G1 F1571.6 X135.079 Y95.623 E2537.00071
G1 F1569.2 X135.079 Y95.881 E2537.01466
G1 F1571.6 X135.193 Y96.591 E2537.05346
G1 F1574.1 X135.567 Y97.321 E2537.09766
G1 F1569.2 X136.04 Y97.803 E2537.13416
G1 F1571.6 X136.597 Y98.18 E2537.17045
G1 F1576.5 X137.273 Y98.381 E2537.20839
G1 F1571.6 X137.82 Y98.421 E2537.23799
G1 F1569.2 X138.367 Y98.353 E2537.26778
G1 F1566.8 X138.883 Y98.168 E2537.29746
G1 F1554.9 X139.361 Y97.881 E2537.32787
G1 X139.559 Y97.716 E2537.34193
G1 F1557.3 X139.925 Y97.299 E2537.37215
G1 F1566.8 X140.2 Y96.825 E2537.40181
G1 F1571.6 X140.366 Y96.3 E2537.43152
G1 F1562 X140.421 Y95.748 E2537.46164
G1 X140.366 Y95.2 E2537.49155
G1 F1569.2 X140.2 Y94.675 E2537.52131
G1 F1566.8 X139.925 Y94.2 E2537.55102
G1 F1564.4 X139.559 Y93.78 E2537.58122
G1 F1569.2 X139.363 Y93.616 E2537.59503
G1 F1571.6 X138.884 Y93.329 E2537.62517
G1 F1576.5 X138.367 Y93.147 E2537.65465
G1 F1571.6 X137.82 Y93.078 E2537.68441
G1 X137.273 Y93.119 E2537.71401
G1 F1576.5 X136.597 Y93.32 E2537.75195
G1 F1571.6 X136.04 Y93.697 E2537.78824
G1 X135.566 Y94.18 E2537.82476
G1 F1574.1 X135.193 Y94.909 E2537.86889
M204 S5000
M205 X30 Y30
G0 F7200 X135.162 Y95.106
G1 F1500 E2531.36889
;MESH:NONMESH
G0 F600 X135.162 Y95.106 Z7.7
G0 F7200 X135.381 Y95.141
G0 X134.089 Y95.634
G0 X85.911 Y95.634
G0 X79.634 Y95.2
;TIME_ELAPSED:2429.215649
;LAYER:37
M204 S3000
M205 X20 Y20
;TYPE:WALL-OUTER
;MESH:Pi Holder.stl
G1 F1500 E2537.86889
G1 F1562 X79.58 Y95.752 E2537.899
G1 X79.634 Y96.3 E2537.9289
G1 F1571.6 X79.8 Y96.825 E2537.95861
G1 F1566.8 X80.075 Y97.299 E2537.98828
G1 F1557.3 X80.441 Y97.716 E2538.0185
G1 X80.639 Y97.881 E2538.03253
G1 F1559.6 X81.117 Y98.168 E2538.06285
G1 F1566.8 X81.633 Y98.353 E2538.09253
G1 F1571.6 X82.18 Y98.422 E2538.12228
G1 X82.727 Y98.381 E2538.15188
G1 F1576.5 X83.403 Y98.18 E2538.18982
G1 F1571.6 X83.96 Y97.803 E2538.22612
G1 X84.433 Y97.321 E2538.26256
G1 F1574.1 X84.807 Y96.591 E2538.30676
G1 F1571.6 X84.921 Y95.877 E2538.34577
G1 F1569.2 X84.921 Y95.619 E2538.35972
G1 F1571.6 X84.806 Y94.908 E2538.39859
G1 F1574.1 X84.432 Y94.179 E2538.44273
G1 F1569.2 X83.96 Y93.697 E2538.47919
G1 F1571.6 X83.403 Y93.32 E2538.51549
G1 F1578.9 X82.727 Y93.119 E2538.55337
G1 F1574.1 X82.18 Y93.079 E2538.58292
G1 F1571.6 X81.633 Y93.147 E2538.61267
G1 F1574.1 X81.116 Y93.329 E2538.6422
G1 F1571.6 X80.637 Y93.616 E2538.67234
G1 X80.439 Y93.782 E2538.68628
G1 F1566.8 X80.075 Y94.2 E2538.71628
G1 X79.8 Y94.675 E2538.74599
G1 F1571.6 X79.634 Y95.2 E2538.77571
M204 S5000
M205 X30 Y30
G0 F7200 X79.615 Y95.399
G0 X80.244 Y95.501
M204 S3000
M205 X20 Y20
G1 F1578.9 X80.398 Y94.928 E2538.80758
G1 F1581.4 X80.731 Y94.411 E2538.84056
G1 X80.959 Y94.187 E2538.8577
G1 F1574.1 X81.417 Y93.903 E2538.88674
G1 X81.769 Y93.782 E2538.9068
G1 X82.273 Y93.727 E2538.93411
G1 F1576.5 X82.618 Y93.758 E2538.95275
G1 F1581.4 X83.159 Y93.938 E2538.98333
G1 F1588.8 X83.428 Y94.104 E2539.0002
G1 X83.862 Y94.521 E2539.03233
G1 F1581.4 X84.147 Y95.027 E2539.06348
G1 F1583.9 X84.265 Y95.564 E2539.09292
G1 F1588.8 X84.265 Y95.936 E2539.11278
G1 F1586.3 X84.151 Y96.453 E2539.14108
G1 F1578.9 X83.852 Y96.993 E2539.17424
G1 F1586.3 X83.429 Y97.396 E2539.20547
G1 F1583.9 X83.125 Y97.576 E2539.22439
G1 F1574.1 X82.618 Y97.742 E2539.25314
G1 F1571.6 X82.224 Y97.77 E2539.27445
G1 X81.763 Y97.717 E2539.29949
G1 F1578.9 X81.236 Y97.5 E2539.33011
G1 F1583.9 X80.713 Y97.064 E2539.36657
G1 F1581.4 X80.41 Y96.607 E2539.39598
G1 F1576.5 X80.253 Y96.087 E2539.4252
G1 F1581.4 X80.244 Y95.501 E2539.45663
M204 S5000
M205 X30 Y30
G0 F7200 X80.295 Y95.308
G1 F1500 E2532.95663
G0 F7200 X80.071 Y95.24
G0 X80.224 Y96.564
G0 X81.177 Y98.039
G0 X80.804 Y99.11
G0 X80.803 Y111.391
G0 X79.634 Y114.2
M204 S3000
M205 X20 Y20
G1 F1500 E2539.45663
G1 F1562 X79.58 Y114.752 E2539.48675
G1 X79.634 Y115.3 E2539.51665
G1 F1571.6 X79.8 Y115.825 E2539.54636
G1 F1566.8 X80.075 Y116.299 E2539.57602
G1 F1557.3 X80.441 Y116.716 E2539.60624
G1 X80.639 Y116.881 E2539.62028
G1 F1559.6 X81.117 Y117.168 E2539.6506
G1 F1566.8 X81.633 Y117.353 E2539.68027
G1 F1571.6 X82.18 Y117.422 E2539.71002
G1 X82.727 Y117.381 E2539.73963
G1 F1576.5 X83.403 Y117.18 E2539.77757
G1 F1571.6 X83.96 Y116.803 E2539.81386
G1 X84.433 Y116.321 E2539.85031
G1 F1574.1 X84.807 Y115.591 E2539.8945
G1 F1571.6 X84.921 Y114.877 E2539.93352
G1 F1569.2 X84.921 Y114.619 E2539.94746
G1 F1571.6 X84.806 Y113.908 E2539.98633
G1 F1574.1 X84.432 Y113.179 E2540.03048
G1 F1569.2 X83.96 Y112.697 E2540.06694
G1 F1571.6 X83.403 Y112.32 E2540.10324
G1 F1578.9 X82.727 Y112.119 E2540.14112
G1 F1574.1 X82.18 Y112.079 E2540.17067
G1 F1571.6 X81.633 Y112.147 E2540.20042
G1 F1574.1 X81.116 Y112.329 E2540.22995
G1 F1571.6 X80.637 Y112.616 E2540.26008
G1 X80.439 Y112.782 E2540.27403
G1 F1566.8 X80.075 Y113.2 E2540.30403
G1 X79.8 Y113.675 E2540.33374
G1 F1571.6 X79.634 Y114.2 E2540.36345
M204 S5000
M205 X30 Y30
G0 F7200 X79.615 Y114.399
G0 X80.253 Y115.087
M204 S3000
M205 X20 Y20
G1 F1581.4 X80.245 Y114.468 E2540.39665
G1 F1578.9 X80.398 Y113.928 E2540.4268
G1 F1581.4 X80.731 Y113.411 E2540.45978
G1 X80.959 Y113.187 E2540.47693
G1 F1574.1 X81.417 Y112.903 E2540.50596
G1 X81.769 Y112.782 E2540.52602
G1 X82.273 Y112.727 E2540.55334
G1 F1576.5 X82.618 Y112.758 E2540.57197
G1 F1581.4 X83.159 Y112.938 E2540.60255
G1 F1588.8 X83.428 Y113.104 E2540.61942
G1 X83.862 Y113.521 E2540.65155
G1 F1581.4 X84.147 Y114.027 E2540.6827
G1 F1583.9 X84.265 Y114.564 E2540.71214
G1 F1588.8 X84.265 Y114.936 E2540.732
G1 F1586.3 X84.151 Y115.453 E2540.76031
G1 F1578.9 X83.852 Y115.993 E2540.79346
G1 F1586.3 X83.429 Y116.396 E2540.8247
G1 F1583.9 X83.125 Y116.576 E2540.84362
G1 F1574.1 X82.618 Y116.742 E2540.87236
G1 F1571.6 X82.224 Y116.77 E2540.89368
G1 X81.763 Y116.717 E2540.91872
G1 F1578.9 X81.236 Y116.5 E2540.94933
G1 F1583.9 X80.713 Y116.064 E2540.98579
G1 F1581.4 X80.41 Y115.607 E2541.0152
G1 F1576.5 X80.253 Y115.087 E2541.04442
M204 S5000
M205 X30 Y30
G0 F7200 X80.251 Y114.887
G1 F1500 E2534.54442
G0 F7200 X80.015 Y114.887
G0 X80.614 Y116.216
G0 X81.694 Y116.875
G0 X83.23 Y116.714
G0 X84.777 Y114.634
G0 X85.911 Y114.634
G0 X134.187 Y113.92
G0 X135.193 Y113.909
M204 S3000
M205 X20 Y20
G1 F1500 E2541.04442
G1 F1571.6 X135.079 Y114.623 E2541.08344
G1 F1569.2 X135.079 Y114.881 E2541.09739
G1 F1571.6 X135.193 Y115.591 E2541.13619
G1 F1574.1 X135.567 Y116.321 E2541.18039
G1 F1569.2 X136.04 Y116.803 E2541.21689
G1 F1571.6 X136.597 Y117.18 E2541.25318
G1 F1576.5 X137.273 Y117.381 E2541.29112
G1 F1571.6 X137.82 Y117.421 E2541.32072
G1 F1569.2 X138.367 Y117.353 E2541.35051
G1 F1566.8 X138.883 Y117.168 E2541.38019
G1 F1554.9 X139.361 Y116.881 E2541.4106
G1 X139.559 Y116.716 E2541.42466
G1 F1557.3 X139.925 Y116.299 E2541.45487
G1 F1566.8 X140.2 Y115.825 E2541.48454
G1 F1571.6 X140.366 Y115.3 E2541.51425
G1 F1562 X140.421 Y114.748 E2541.54437
G1 X140.366 Y114.2 E2541.57428
G1 F1569.2 X140.2 Y113.675 E2541.60404
G1 F1566.8 X139.925 Y113.2 E2541.63375
G1 F1564.4 X139.559 Y112.78 E2541.66395
G1 F1569.2 X139.363 Y112.616 E2541.67776
G1 F1571.6 X138.884 Y112.329 E2541.7079
G1 F1576.5 X138.367 Y112.147 E2541.73738
G1 F1571.6 X137.82 Y112.078 E2541.76714
G1 X137.273 Y112.119 E2541.79674
G1 F1576.5 X136.597 Y112.32 E2541.83468
G1 F1571.6 X136.04 Y112.697 E2541.87097
G1 X135.566 Y113.18 E2541.90749
G1 F1574.1 X135.193 Y113.909 E2541.95162
M204 S5000
M205 X30 Y30
G0 F7200 X135.162 Y114.106
G0 X135.735 Y114.564
M204 S3000
M205 X20 Y20
G1 F1576.5 X135.849 Y114.047 E2541.9801
G1 F1571.6 X136.139 Y113.512 E2542.01294
G1 F1581.4 X136.571 Y113.104 E2542.04481
G1 X136.875 Y112.924 E2542.06375
G1 F1574.1 X137.382 Y112.758 E2542.0925
G1 F1571.6 X137.777 Y112.73 E2542.11387
G1 X138.231 Y112.782 E2542.13853
G1 F1576.5 X138.586 Y112.905 E2542.15874
G1 F1578.9 X139.041 Y113.187 E2542.18749
G1 F1588.8 X139.268 Y113.411 E2542.20452
G1 F1583.9 X139.597 Y113.916 E2542.23679
G1 F1576.5 X139.745 Y114.407 E2542.26438
G1 F1581.4 X139.748 Y115.086 E2542.3008
G1 F1583.9 X139.593 Y115.603 E2542.3297
G1 X139.261 Y116.104 E2542.36189
G1 F1591.3 X138.803 Y116.479 E2542.39344
G1 F1586.3 X138.237 Y116.717 E2542.42626
G1 F1569.2 X137.733 Y116.775 E2542.45368
G1 F1571.6 X137.382 Y116.742 E2542.47271
G1 F1576.5 X136.841 Y116.562 E2542.50338
G1 F1581.4 X136.572 Y116.396 E2542.52033
G1 X136.138 Y115.98 E2542.55258
G1 F1574.1 X135.849 Y115.453 E2542.58496
G1 F1578.9 X135.735 Y114.936 E2542.6134
G1 F1581.4 X135.731 Y114.614 E2542.63067
G1 X135.735 Y114.564 E2542.63336
M204 S5000
M205 X30 Y30
G0 F7200 X135.778 Y114.369
G1 F1500 E2536.13336
G0 F7200 X135.558 Y114.32
G0 X136.13 Y112.809
G0 X135.496 Y111.868
G0 X135.497 Y98.633
G0 X135.735 Y95.564
M204 S3000
M205 X20 Y20
G1 F1500 E2542.63336
G1 F1576.5 X135.849 Y95.047 E2542.66184
G1 F1571.6 X136.139 Y94.512 E2542.69468
G1 F1581.4 X136.571 Y94.104 E2542.72655
G1 X136.875 Y93.924 E2542.7455
G1 F1574.1 X137.382 Y93.758 E2542.77424
G1 F1571.6 X137.777 Y93.73 E2542.79561
G1 X138.231 Y93.782 E2542.82027
G1 F1576.5 X138.586 Y93.905 E2542.84049
G1 F1578.9 X139.041 Y94.187 E2542.86924
G1 F1588.8 X139.268 Y94.411 E2542.88626
G1 F1583.9 X139.597 Y94.916 E2542.91854
G1 F1576.5 X139.745 Y95.407 E2542.94613
G1 F1581.4 X139.748 Y96.086 E2542.98254
G1 F1583.9 X139.593 Y96.603 E2543.01145
G1 X139.261 Y97.104 E2543.04363
G1 F1591.3 X138.803 Y97.479 E2543.07518
G1 F1586.3 X138.237 Y97.717 E2543.10801
G1 F1569.2 X137.733 Y97.775 E2543.13543
G1 F1571.6 X137.382 Y97.742 E2543.15445
G1 F1576.5 X136.841 Y97.562 E2543.18513
G1 F1581.4 X136.572 Y97.396 E2543.20208
G1 X136.138 Y96.98 E2543.23432
G1 F1574.1 X135.849 Y96.453 E2543.26671
G1 F1578.9 X135.735 Y95.936 E2543.29514
G1 F1581.4 X135.731 Y95.614 E2543.31241
G1 X135.735 Y95.564 E2543.3151
M204 S5000
M205 X30 Y30
G0 F7200 X135.778 Y95.369
G0 X135.193 Y94.909
M204 S3000
M205 X20 Y20
G1 F1571.6 X135.079 Y95.623 E2543.35412
G1 F1569.2 X135.079 Y95.881 E2543.36807
G1 F1571.6 X135.193 Y96.591 E2543.40687
G1 F1574.1 X135.567 Y97.321 E2543.45107
G1 F1569.2 X136.04 Y97.803 E2543.48757
G1 F1571.6 X136.597 Y98.18 E2543.52386
G1 F1576.5 X137.273 Y98.381 E2543.56181
G1 F1571.6 X137.82 Y98.421 E2543.5914
G1 F1569.2 X138.367 Y98.353 E2543.62119
G1 F1566.8 X138.883 Y98.168 E2543.65087
G1 F1554.9 X139.361 Y97.881 E2543.68128
G1 X139.559 Y97.716 E2543.69534
G1 F1557.3 X139.925 Y97.299 E2543.72556
G1 F1566.8 X140.2 Y96.825 E2543.75522
G1 F1571.6 X140.366 Y96.3 E2543.78493
G1 F1562 X140.421 Y95.748 E2543.81505
G1 X140.366 Y95.2 E2543.84496
G1 F1569.2 X140.2 Y94.675 E2543.87472
G1 F1566.8 X139.925 Y94.2 E2543.90443
G1 F1564.4 X139.559 Y93.78 E2543.93463
G1 F1569.2 X139.363 Y93.616 E2543.94844
G1 F1571.6 X138.884 Y93.329 E2543.97858
G1 F1576.5 X138.367 Y93.147 E2544.00806
G1 F1571.6 X137.82 Y93.078 E2544.03782
G1 X137.273 Y93.119 E2544.06742
G1 F1576.5 X136.597 Y93.32 E2544.10536
G1 F1571.6 X136.04 Y93.697 E2544.14166
G1 X135.566 Y94.18 E2544.17817
G1 F1574.1 X135.193 Y94.909 E2544.2223
M204 S5000
M205 X30 Y30
G0 F7200 X135.162 Y95.106
G1 F1500 E2537.7223
;MESH:NONMESH
G0 F600 X135.162 Y95.106 Z7.9
G0 F7200 X135.381 Y95.141
G0 X134.089 Y95.634
G0 X85.911 Y95.634
G0 X79.634 Y95.2
;TIME_ELAPSED:2437.494346
;LAYER:38
M204 S3000
M205 X20 Y20
;TYPE:WALL-OUTER
;MESH:Pi Holder.stl
G1 F1500 E2544.2223
G1 F1562 X79.58 Y95.752 E2544.25241
G1 X79.634 Y96.3 E2544.28231
G1 F1571.6 X79.8 Y96.825 E2544.31203
G1 F1566.8 X80.075 Y97.299 E2544.34169
G1 F1557.3 X80.441 Y97.716 E2544.37191
G1 X80.639 Y97.881 E2544.38594
G1 F1559.6 X81.117 Y98.168 E2544.41626
G1 F1566.8 X81.633 Y98.353 E2544.44594
G1 F1571.6 X82.18 Y98.422 E2544.47569
G1 X82.727 Y98.381 E2544.50529
G1 F1576.5 X83.403 Y98.18 E2544.54323
G1 F1571.6 X83.96 Y97.803 E2544.57953
G1 X84.433 Y97.321 E2544.61597
G1 F1574.1 X84.807 Y96.591 E2544.66017
G1 F1571.6 X84.921 Y95.877 E2544.69918
G1 F1569.2 X84.921 Y95.619 E2544.71313
G1 F1571.6 X84.806 Y94.908 E2544.752
G1 F1574.1 X84.432 Y94.179 E2544.79614
G1 F1569.2 X83.96 Y93.697 E2544.83261
G1 F1571.6 X83.403 Y93.32 E2544.8689
G1 F1578.9 X82.727 Y93.119 E2544.90678
G1 F1574.1 X82.18 Y93.079 E2544.93634
G1 F1571.6 X81.633 Y93.147 E2544.96608
G1 F1574.1 X81.116 Y93.329 E2544.99561
G1 F1571.6 X80.637 Y93.616 E2545.02575
G1 X80.439 Y93.782 E2545.03969
G1 F1566.8 X80.075 Y94.2 E2545.06969
G1 X79.8 Y94.675 E2545.0994
G1 F1571.6 X79.634 Y95.2 E2545.12912
M204 S5000
M205 X30 Y30
G0 F7200 X79.615 Y95.399
G0 X80.244 Y95.501
M204 S3000
M205 X20 Y20
G1 F1578.9 X80.398 Y94.928 E2545.16099
G1 F1581.4 X80.731 Y94.411 E2545.19397
G1 X80.959 Y94.187 E2545.21111
G1 F1574.1 X81.417 Y93.903 E2545.24015
G1 X81.769 Y93.782 E2545.26021
G1 X82.273 Y93.727 E2545.28752
G1 F1576.5 X82.618 Y93.758 E2545.30616
G1 F1581.4 X83.159 Y93.938 E2545.33674
G1 F1588.8 X83.428 Y94.104 E2545.35361
G1 X83.862 Y94.521 E2545.38574
G1 F1581.4 X84.147 Y95.027 E2545.41689
G1 F1583.9 X84.265 Y95.564 E2545.44633
G1 F1588.8 X84.265 Y95.936 E2545.46619
G1 F1586.3 X84.151 Y96.453 E2545.49449
G1 F1578.9 X83.852 Y96.993 E2545.52765
G1 F1586.3 X83.429 Y97.396 E2545.55889
G1 F1583.9 X83.125 Y97.576 E2545.5778
G1 F1574.1 X82.618 Y97.742 E2545.60655
G1 F1571.6 X82.224 Y97.77 E2545.62786
G1 X81.763 Y97.717 E2545.65291
G1 F1578.9 X81.236 Y97.5 E2545.68352
G1 F1583.9 X80.713 Y97.064 E2545.71998
G1 F1581.4 X80.41 Y96.607 E2545.74939
G1 F1576.5 X80.253 Y96.087 E2545.77861
G1 F1581.4 X80.244 Y95.501 E2545.81004
M204 S5000
M205 X30 Y30
G0 F7200 X80.295 Y95.308
G1 F1500 E2539.31004
G0 F7200 X80.071 Y95.24
G0 X80.224 Y96.564
G0 X81.177 Y98.039
G0 X80.804 Y99.11
G0 X80.803 Y111.391
G0 X79.634 Y114.2
M204 S3000
M205 X20 Y20
G1 F1500 E2545.81004
G1 F1562 X79.58 Y114.752 E2545.84016
G1 X79.634 Y115.3 E2545.87006
G1 F1571.6 X79.8 Y115.825 E2545.89977
G1 F1566.8 X80.075 Y116.299 E2545.92943
G1 F1557.3 X80.441 Y116.716 E2545.95965
G1 X80.639 Y116.881 E2545.97369
G1 F1559.6 X81.117 Y117.168 E2546.00401
G1 F1566.8 X81.633 Y117.353 E2546.03368
G1 F1571.6 X82.18 Y117.422 E2546.06343
G1 X82.727 Y117.381 E2546.09304
G1 F1576.5 X83.403 Y117.18 E2546.13098
G1 F1571.6 X83.96 Y116.803 E2546.16727
G1 X84.433 Y116.321 E2546.20372
G1 F1574.1 X84.807 Y115.591 E2546.24791
G1 F1571.6 X84.921 Y114.877 E2546.28693
G1 F1569.2 X84.921 Y114.619 E2546.30087
G1 F1571.6 X84.806 Y113.908 E2546.33974
G1 F1574.1 X84.432 Y113.179 E2546.38389
G1 F1569.2 X83.96 Y112.697 E2546.42035
G1 F1571.6 X83.403 Y112.32 E2546.45665
G1 F1578.9 X82.727 Y112.119 E2546.49453
G1 F1574.1 X82.18 Y112.079 E2546.52408
G1 F1571.6 X81.633 Y112.147 E2546.55383
G1 F1574.1 X81.116 Y112.329 E2546.58336
G1 F1571.6 X80.637 Y112.616 E2546.61349
G1 X80.439 Y112.782 E2546.62744
G1 F1566.8 X80.075 Y113.2 E2546.65744
G1 X79.8 Y113.675 E2546.68715
G1 F1571.6 X79.634 Y114.2 E2546.71686
M204 S5000
M205 X30 Y30
G0 F7200 X79.615 Y114.399
G0 X80.244 Y114.501
M204 S3000
M205 X20 Y20
G1 F1578.9 X80.398 Y113.928 E2546.74874
G1 F1581.4 X80.731 Y113.411 E2546.78172
G1 X80.959 Y113.187 E2546.79886
G1 F1574.1 X81.417 Y112.903 E2546.8279
G1 X81.769 Y112.782 E2546.84795
G1 X82.273 Y112.727 E2546.87527
G1 F1576.5 X82.618 Y112.758 E2546.8939
G1 F1581.4 X83.159 Y112.938 E2546.92448
G1 F1588.8 X83.428 Y113.104 E2546.94136
G1 X83.862 Y113.521 E2546.97349
G1 F1581.4 X84.147 Y114.027 E2547.00463
G1 F1583.9 X84.265 Y114.564 E2547.03407
G1 F1588.8 X84.265 Y114.936 E2547.05393
G1 F1586.3 X84.151 Y115.453 E2547.08224
G1 F1578.9 X83.852 Y115.993 E2547.11539
G1 F1586.3 X83.429 Y116.396 E2547.14663
G1 F1583.9 X83.125 Y116.576 E2547.16555
G1 F1574.1 X82.618 Y116.742 E2547.19429
G1 F1571.6 X82.224 Y116.77 E2547.21561
G1 X81.763 Y116.717 E2547.24065
G1 F1578.9 X81.236 Y116.5 E2547.27127
G1 F1583.9 X80.713 Y116.064 E2547.30773
G1 F1581.4 X80.41 Y115.607 E2547.33713
G1 F1576.5 X80.253 Y115.087 E2547.36636
G1 F1581.4 X80.244 Y114.501 E2547.39779
M204 S5000
M205 X30 Y30
G0 F7200 X80.295 Y114.308
G1 F1500 E2540.89779
G0 F7200 X80.071 Y114.24
G0 X80.598 Y113.307
G0 X81.723 Y112.62
G0 X83.23 Y112.786
G0 X84.777 Y114.634
G0 X85.911 Y114.634
G0 X134.187 Y113.92
G0 X135.193 Y113.909
M204 S3000
M205 X20 Y20
G1 F1500 E2547.39779
G1 F1571.6 X135.079 Y114.623 E2547.43681
G1 F1569.2 X135.079 Y114.881 E2547.45075
G1 F1571.6 X135.193 Y115.591 E2547.48956
G1 F1574.1 X135.567 Y116.321 E2547.53375
G1 F1569.2 X136.04 Y116.803 E2547.57025
G1 F1571.6 X136.597 Y117.18 E2547.60655
G1 F1576.5 X137.273 Y117.381 E2547.64449
G1 F1571.6 X137.82 Y117.421 E2547.67409
G1 F1569.2 X138.367 Y117.353 E2547.70388
G1 F1566.8 X138.883 Y117.168 E2547.73355
G1 F1554.9 X139.361 Y116.881 E2547.76396
G1 X139.559 Y116.716 E2547.77802
G1 F1557.3 X139.925 Y116.299 E2547.80824
G1 F1566.8 X140.2 Y115.825 E2547.8379
G1 F1571.6 X140.366 Y115.3 E2547.86762
G1 F1562 X140.421 Y114.748 E2547.89774
G1 X140.366 Y114.2 E2547.92764
G1 F1569.2 X140.2 Y113.675 E2547.9574
G1 F1566.8 X139.925 Y113.2 E2547.98711
G1 F1564.4 X139.559 Y112.78 E2548.01731
G1 F1569.2 X139.363 Y112.616 E2548.03113
G1 F1571.6 X138.884 Y112.329 E2548.06126
G1 F1576.5 X138.367 Y112.147 E2548.09075
G1 F1571.6 X137.82 Y112.078 E2548.1205
G1 X137.273 Y112.119 E2548.1501
G1 F1576.5 X136.597 Y112.32 E2548.18804
G1 F1571.6 X136.04 Y112.697 E2548.22434
G1 X135.566 Y113.18 E2548.26086
G1 F1574.1 X135.193 Y113.909 E2548.30498
M204 S5000
M205 X30 Y30
G0 F7200 X135.162 Y114.106
G0 X135.735 Y114.564
M204 S3000
M205 X20 Y20
G1 F1576.5 X135.849 Y114.047 E2548.33346
G1 F1571.6 X136.139 Y113.512 E2548.3663
G1 F1581.4 X136.571 Y113.104 E2548.39817
G1 X136.875 Y112.924 E2548.41712
G1 F1574.1 X137.382 Y112.758 E2548.44586
G1 F1571.6 X137.777 Y112.73 E2548.46723
G1 X138.231 Y112.782 E2548.49189
G1 F1576.5 X138.586 Y112.905 E2548.51211
G1 F1578.9 X139.041 Y113.187 E2548.54086
G1 F1588.8 X139.268 Y113.411 E2548.55788
G1 F1583.9 X139.597 Y113.916 E2548.59016
G1 F1576.5 X139.745 Y114.407 E2548.61775
G1 F1581.4 X139.748 Y115.086 E2548.65416
G1 F1583.9 X139.593 Y115.603 E2548.68307
G1 X139.261 Y116.104 E2548.71525
G1 F1591.3 X138.803 Y116.479 E2548.7468
G1 F1586.3 X138.237 Y116.717 E2548.77963
G1 F1569.2 X137.733 Y116.775 E2548.80705
G1 F1571.6 X137.382 Y116.742 E2548.82607
G1 F1576.5 X136.841 Y116.562 E2548.85675
G1 F1581.4 X136.572 Y116.396 E2548.8737
G1 X136.138 Y115.98 E2548.90594
G1 F1574.1 X135.849 Y115.453 E2548.93833
G1 F1578.9 X135.735 Y114.936 E2548.96676
G1 F1581.4 X135.731 Y114.614 E2548.98404
G1 X135.735 Y114.564 E2548.98673
M204 S5000
M205 X30 Y30
G0 F7200 X135.778 Y114.369
G1 F1500 E2542.48673
G0 F7200 X135.558 Y114.32
G0 X136.13 Y112.809
G0 X135.496 Y111.868
G0 X135.497 Y98.633
G0 X135.735 Y95.564
M204 S3000
M205 X20 Y20
G1 F1500 E2548.98673
G1 F1576.5 X135.849 Y95.047 E2549.01521
G1 F1571.6 X136.139 Y94.512 E2549.04805
G1 F1581.4 X136.571 Y94.104 E2549.07992
G1 X136.875 Y93.924 E2549.09886
G1 F1574.1 X137.382 Y93.758 E2549.12761
G1 F1571.6 X137.777 Y93.73 E2549.14898
G1 X138.231 Y93.782 E2549.17364
G1 F1576.5 X138.586 Y93.905 E2549.19385
G1 F1578.9 X139.041 Y94.187 E2549.2226
G1 F1588.8 X139.268 Y94.411 E2549.23963
G1 F1583.9 X139.597 Y94.916 E2549.2719
G1 F1576.5 X139.745 Y95.407 E2549.29949
G1 F1581.4 X139.748 Y96.086 E2549.33591
G1 F1583.9 X139.593 Y96.603 E2549.36481
G1 X139.261 Y97.104 E2549.39699
G1 F1591.3 X138.803 Y97.479 E2549.42854
G1 F1586.3 X138.237 Y97.717 E2549.46137
G1 F1569.2 X137.733 Y97.775 E2549.48879
G1 F1571.6 X137.382 Y97.742 E2549.50782
G1 F1576.5 X136.841 Y97.562 E2549.53849
G1 F1581.4 X136.572 Y97.396 E2549.55544
G1 X136.138 Y96.98 E2549.58769
G1 F1574.1 X135.849 Y96.453 E2549.62007
G1 F1578.9 X135.735 Y95.936 E2549.64851
G1 F1581.4 X135.731 Y95.614 E2549.66578
G1 X135.735 Y95.564 E2549.66847
M204 S5000
M205 X30 Y30
G0 F7200 X135.778 Y95.369
G0 X135.193 Y94.909
M204 S3000
M205 X20 Y20
G1 F1571.6 X135.079 Y95.623 E2549.70749
G1 F1569.2 X135.079 Y95.881 E2549.72143
G1 F1571.6 X135.193 Y96.591 E2549.76024
G1 F1574.1 X135.567 Y97.321 E2549.80443
G1 F1569.2 X136.04 Y97.803 E2549.84093
G1 F1571.6 X136.597 Y98.18 E2549.87723
G1 F1576.5 X137.273 Y98.381 E2549.91517
G1 F1571.6 X137.82 Y98.421 E2549.94477
G1 F1569.2 X138.367 Y98.353 E2549.97456
G1 F1566.8 X138.883 Y98.168 E2550.00423
G1 F1554.9 X139.361 Y97.881 E2550.03464
G1 X139.559 Y97.716 E2550.0487
G1 F1557.3 X139.925 Y97.299 E2550.07892
G1 F1566.8 X140.2 Y96.825 E2550.10858
G1 F1571.6 X140.366 Y96.3 E2550.1383
G1 F1562 X140.421 Y95.748 E2550.16842
G1 X140.366 Y95.2 E2550.19832
G1 F1569.2 X140.2 Y94.675 E2550.22808
G1 F1566.8 X139.925 Y94.2 E2550.25779
G1 F1564.4 X139.559 Y93.78 E2550.288
G1 F1569.2 X139.363 Y93.616 E2550.30181
G1 F1571.6 X138.884 Y93.329 E2550.33194
G1 F1576.5 X138.367 Y93.147 E2550.36143
G1 F1571.6 X137.82 Y93.078 E2550.39118
G1 X137.273 Y93.119 E2550.42078
G1 F1576.5 X136.597 Y93.32 E2550.45872
G1 F1571.6 X136.04 Y93.697 E2550.49502
G1 X135.566 Y94.18 E2550.53154
G1 F1574.1 X135.193 Y94.909 E2550.57566
M204 S5000
M205 X30 Y30
G0 F7200 X135.162 Y95.106
G1 F1500 E2544.07566
;MESH:NONMESH
G0 F600 X135.162 Y95.106 Z8.1
G0 F7200 X135.381 Y95.141
G0 X134.089 Y95.634
G0 X85.911 Y95.634
G0 X79.634 Y95.2
;TIME_ELAPSED:2445.762004
;LAYER:39
M204 S3000
M205 X20 Y20
;TYPE:WALL-OUTER
;MESH:Pi Holder.stl
G1 F1500 E2550.57566
G1 F1562 X79.58 Y95.752 E2550.60578
G1 X79.634 Y96.3 E2550.63568
G1 F1571.6 X79.8 Y96.825 E2550.66539
G1 F1566.8 X80.075 Y97.299 E2550.69505
G1 F1557.3 X80.441 Y97.716 E2550.72527
G1 X80.639 Y97.881 E2550.73931
G1 F1559.6 X81.117 Y98.168 E2550.76963
G1 F1566.8 X81.633 Y98.353 E2550.7993
G1 F1571.6 X82.18 Y98.422 E2550.82905
G1 X82.727 Y98.381 E2550.85866
G1 F1576.5 X83.403 Y98.18 E2550.8966
G1 F1571.6 X83.96 Y97.803 E2550.93289
G1 X84.433 Y97.321 E2550.96934
G1 F1574.1 X84.807 Y96.591 E2551.01353
G1 F1571.6 X84.921 Y95.877 E2551.05255
G1 F1569.2 X84.921 Y95.619 E2551.06649
G1 F1571.6 X84.806 Y94.908 E2551.10536
G1 F1574.1 X84.432 Y94.179 E2551.14951
G1 F1569.2 X83.96 Y93.697 E2551.18597
G1 F1571.6 X83.403 Y93.32 E2551.22227
G1 F1578.9 X82.727 Y93.119 E2551.26015
G1 F1574.1 X82.18 Y93.079 E2551.2897
G1 F1571.6 X81.633 Y93.147 E2551.31945
G1 F1574.1 X81.116 Y93.329 E2551.34898
G1 F1571.6 X80.637 Y93.616 E2551.37911
G1 X80.439 Y93.782 E2551.39306
G1 F1566.8 X80.075 Y94.2 E2551.42306
G1 X79.8 Y94.675 E2551.45277
G1 F1571.6 X79.634 Y95.2 E2551.48248
M204 S5000
M205 X30 Y30
G0 F7200 X79.615 Y95.399
G0 X80.244 Y95.501
M204 S3000
M205 X20 Y20
G1 F1578.9 X80.398 Y94.928 E2551.51435
G1 F1581.4 X80.731 Y94.411 E2551.54734
G1 X80.959 Y94.187 E2551.56448
G1 F1574.1 X81.417 Y93.903 E2551.59352
G1 X81.769 Y93.782 E2551.61357
G1 X82.273 Y93.727 E2551.64089
G1 F1576.5 X82.618 Y93.758 E2551.65952
G1 F1581.4 X83.159 Y93.938 E2551.6901
G1 F1588.8 X83.428 Y94.104 E2551.70698
G1 X83.862 Y94.521 E2551.73911
G1 F1581.4 X84.147 Y95.027 E2551.77025
G1 F1583.9 X84.265 Y95.564 E2551.79969
G1 F1588.8 X84.265 Y95.936 E2551.81955
G1 F1586.3 X84.151 Y96.453 E2551.84786
G1 F1578.9 X83.852 Y96.993 E2551.88101
G1 F1586.3 X83.429 Y97.396 E2551.91225
G1 F1583.9 X83.125 Y97.576 E2551.93117
G1 F1574.1 X82.618 Y97.742 E2551.95991
G1 F1571.6 X82.224 Y97.77 E2551.98123
G1 X81.763 Y97.717 E2552.00627
G1 F1578.9 X81.236 Y97.5 E2552.03688
G1 F1583.9 X80.713 Y97.064 E2552.07335
G1 F1581.4 X80.41 Y96.607 E2552.10275
G1 F1576.5 X80.253 Y96.087 E2552.13198
G1 F1581.4 X80.244 Y95.501 E2552.16341
M204 S5000
M205 X30 Y30
G0 F7200 X80.295 Y95.308
G1 F1500 E2545.66341
G0 F7200 X80.071 Y95.24
G0 X80.224 Y96.564
G0 X81.177 Y98.039
G0 X80.804 Y99.11
G0 X80.803 Y111.391
G0 X79.634 Y114.2
M204 S3000
M205 X20 Y20
G1 F1500 E2552.16341
G1 F1562 X79.58 Y114.752 E2552.19352
G1 X79.634 Y115.3 E2552.22342
G1 F1571.6 X79.8 Y115.825 E2552.25314
G1 F1566.8 X80.075 Y116.299 E2552.2828
G1 F1557.3 X80.441 Y116.716 E2552.31302
G1 X80.639 Y116.881 E2552.32705
G1 F1559.6 X81.117 Y117.168 E2552.35737
G1 F1566.8 X81.633 Y117.353 E2552.38705
G1 F1571.6 X82.18 Y117.422 E2552.4168
G1 X82.727 Y117.381 E2552.4464
G1 F1576.5 X83.403 Y117.18 E2552.48434
G1 F1571.6 X83.96 Y116.803 E2552.52064
G1 X84.433 Y116.321 E2552.55708
G1 F1574.1 X84.807 Y115.591 E2552.60128
G1 F1571.6 X84.921 Y114.877 E2552.64029
G1 F1569.2 X84.921 Y114.619 E2552.65424
G1 F1571.6 X84.806 Y113.908 E2552.69311
G1 F1574.1 X84.432 Y113.179 E2552.73725
G1 F1569.2 X83.96 Y112.697 E2552.77372
G1 F1571.6 X83.403 Y112.32 E2552.81001
G1 F1578.9 X82.727 Y112.119 E2552.84789
G1 F1574.1 X82.18 Y112.079 E2552.87745
G1 F1571.6 X81.633 Y112.147 E2552.90719
G1 F1574.1 X81.116 Y112.329 E2552.93672
G1 F1571.6 X80.637 Y112.616 E2552.96686
G1 X80.439 Y112.782 E2552.9808
G1 F1566.8 X80.075 Y113.2 E2553.0108
G1 X79.8 Y113.675 E2553.04051
G1 F1571.6 X79.634 Y114.2 E2553.07023
M204 S5000
M205 X30 Y30
G0 F7200 X79.615 Y114.399
G0 X80.244 Y114.501
M204 S3000
M205 X20 Y20
G1 F1578.9 X80.398 Y113.928 E2553.1021
G1 F1581.4 X80.731 Y113.411 E2553.13508
G1 X80.959 Y113.187 E2553.15222
G1 F1574.1 X81.417 Y112.903 E2553.18126
G1 X81.769 Y112.782 E2553.20132
G1 X82.273 Y112.727 E2553.22863
G1 F1576.5 X82.618 Y112.758 E2553.24727
G1 F1581.4 X83.159 Y112.938 E2553.27785
G1 F1588.8 X83.428 Y113.104 E2553.29472
G1 X83.862 Y113.521 E2553.32685
G1 F1581.4 X84.147 Y114.027 E2553.358
G1 F1583.9 X84.265 Y114.564 E2553.38744
G1 F1588.8 X84.265 Y114.936 E2553.4073
G1 F1586.3 X84.151 Y115.453 E2553.4356
G1 F1578.9 X83.852 Y115.993 E2553.46876
G1 F1586.3 X83.429 Y116.396 E2553.5
G1 F1583.9 X83.125 Y116.576 E2553.51891
G1 F1574.1 X82.618 Y116.742 E2553.54766
G1 F1571.6 X82.224 Y116.77 E2553.56897
G1 X81.763 Y116.717 E2553.59402
G1 F1578.9 X81.236 Y116.5 E2553.62463
G1 F1583.9 X80.713 Y116.064 E2553.66109
G1 F1581.4 X80.41 Y115.607 E2553.6905
G1 F1576.5 X80.253 Y115.087 E2553.71972
G1 F1581.4 X80.244 Y114.501 E2553.75115
M204 S5000
M205 X30 Y30
G0 F7200 X80.295 Y114.308
G1 F1500 E2547.25115
G0 F7200 X80.071 Y114.24
G0 X80.598 Y113.307
G0 X81.723 Y112.62
G0 X83.23 Y112.786
G0 X84.777 Y114.634
G0 X85.911 Y114.634
G0 X134.187 Y113.92
G0 X135.193 Y113.909
M204 S3000
M205 X20 Y20
G1 F1500 E2553.75115
G1 F1571.6 X135.079 Y114.623 E2553.79017
G1 F1569.2 X135.079 Y114.881 E2553.80412
G1 F1571.6 X135.193 Y115.591 E2553.84292
G1 F1574.1 X135.567 Y116.321 E2553.88712
G1 F1569.2 X136.04 Y116.803 E2553.92362
G1 F1571.6 X136.597 Y117.18 E2553.95991
G1 F1576.5 X137.273 Y117.381 E2553.99785
G1 F1571.6 X137.82 Y117.421 E2554.02745
G1 F1569.2 X138.367 Y117.353 E2554.05724
G1 F1566.8 X138.883 Y117.168 E2554.08692
G1 F1554.9 X139.361 Y116.881 E2554.11733
G1 X139.559 Y116.716 E2554.13139
G1 F1557.3 X139.925 Y116.299 E2554.1616
G1 F1566.8 X140.2 Y115.825 E2554.19127
G1 F1571.6 X140.366 Y115.3 E2554.22098
G1 F1562 X140.421 Y114.748 E2554.2511
G1 X140.366 Y114.2 E2554.28101
G1 F1569.2 X140.2 Y113.675 E2554.31077
G1 F1566.8 X139.925 Y113.2 E2554.34048
G1 F1564.4 X139.559 Y112.78 E2554.37068
G1 F1569.2 X139.363 Y112.616 E2554.38449
G1 F1571.6 X138.884 Y112.329 E2554.41463
G1 F1576.5 X138.367 Y112.147 E2554.44411
G1 F1571.6 X137.82 Y112.078 E2554.47386
G1 X137.273 Y112.119 E2554.50347
G1 F1576.5 X136.597 Y112.32 E2554.54141
G1 F1571.6 X136.04 Y112.697 E2554.5777
G1 X135.566 Y113.18 E2554.61422
G1 F1574.1 X135.193 Y113.909 E2554.65835
M204 S5000
M205 X30 Y30
G0 F7200 X135.162 Y114.106
G0 X135.735 Y114.564
M204 S3000
M205 X20 Y20
G1 F1576.5 X135.849 Y114.047 E2554.68683
G1 F1571.6 X136.139 Y113.512 E2554.71967
G1 F1581.4 X136.571 Y113.104 E2554.75154
G1 X136.875 Y112.924 E2554.77048
G1 F1574.1 X137.382 Y112.758 E2554.79923
G1 F1571.6 X137.777 Y112.73 E2554.8206
G1 X138.231 Y112.782 E2554.84526
G1 F1576.5 X138.586 Y112.905 E2554.86547
G1 F1578.9 X139.041 Y113.187 E2554.89422
G1 F1588.8 X139.268 Y113.411 E2554.91125
G1 F1583.9 X139.597 Y113.916 E2554.94352
G1 F1576.5 X139.745 Y114.407 E2554.97111
G1 F1581.4 X139.748 Y115.086 E2555.00753
G1 F1583.9 X139.593 Y115.603 E2555.03643
G1 X139.261 Y116.104 E2555.06861
G1 F1591.3 X138.803 Y116.479 E2555.10016
G1 F1586.3 X138.237 Y116.717 E2555.13299
G1 F1569.2 X137.733 Y116.775 E2555.16041
G1 F1571.6 X137.382 Y116.742 E2555.17944
G1 F1576.5 X136.841 Y116.562 E2555.21011
G1 F1581.4 X136.572 Y116.396 E2555.22706
G1 X136.138 Y115.98 E2555.25931
G1 F1574.1 X135.849 Y115.453 E2555.29169
G1 F1578.9 X135.735 Y114.936 E2555.32013
G1 F1581.4 X135.731 Y114.614 E2555.3374
G1 X135.735 Y114.564 E2555.34009
M204 S5000
M205 X30 Y30
G0 F7200 X135.778 Y114.369
G1 F1500 E2548.84009
G0 F7200 X135.558 Y114.32
G0 X136.13 Y112.809
G0 X135.496 Y111.868
G0 X135.497 Y98.633
G0 X135.735 Y95.564
M204 S3000
M205 X20 Y20
G1 F1500 E2555.34009
G1 F1576.5 X135.849 Y95.047 E2555.36857
G1 F1571.6 X136.139 Y94.512 E2555.40141
G1 F1581.4 X136.571 Y94.104 E2555.43328
G1 X136.875 Y93.924 E2555.45223
G1 F1574.1 X137.382 Y93.758 E2555.48097
G1 F1571.6 X137.777 Y93.73 E2555.50234
G1 X138.231 Y93.782 E2555.527
G1 F1576.5 X138.586 Y93.905 E2555.54722
G1 F1578.9 X139.041 Y94.187 E2555.57597
G1 F1588.8 X139.268 Y94.411 E2555.59299
G1 F1583.9 X139.597 Y94.916 E2555.62527
G1 F1576.5 X139.745 Y95.407 E2555.65286
G1 F1581.4 X139.748 Y96.086 E2555.68927
G1 F1583.9 X139.593 Y96.603 E2555.71818
G1 X139.261 Y97.104 E2555.75036
G1 F1591.3 X138.803 Y97.479 E2555.78191
G1 F1586.3 X138.237 Y97.717 E2555.81474
G1 F1569.2 X137.733 Y97.775 E2555.84216
G1 F1571.6 X137.382 Y97.742 E2555.86118
G1 F1576.5 X136.841 Y97.562 E2555.89186
G1 F1581.4 X136.572 Y97.396 E2555.90881
G1 X136.138 Y96.98 E2555.94105
G1 F1574.1 X135.849 Y96.453 E2555.97344
G1 F1578.9 X135.735 Y95.936 E2556.00187
G1 F1581.4 X135.731 Y95.614 E2556.01914
G1 X135.735 Y95.564 E2556.02183
M204 S5000
M205 X30 Y30
G0 F7200 X135.778 Y95.369
G0 X135.193 Y94.909
M204 S3000
M205 X20 Y20
G1 F1571.6 X135.079 Y95.623 E2556.06085
G1 F1569.2 X135.079 Y95.881 E2556.0748
G1 F1571.6 X135.193 Y96.591 E2556.1136
G1 F1574.1 X135.567 Y97.321 E2556.1578
G1 F1569.2 X136.04 Y97.803 E2556.1943
G1 F1571.6 X136.597 Y98.18 E2556.23059
G1 F1576.5 X137.273 Y98.381 E2556.26853
G1 F1571.6 X137.82 Y98.421 E2556.29813
G1 F1569.2 X138.367 Y98.353 E2556.32792
G1 F1566.8 X138.883 Y98.168 E2556.3576
G1 F1554.9 X139.361 Y97.881 E2556.38801
G1 X139.559 Y97.716 E2556.40207
G1 F1557.3 X139.925 Y97.299 E2556.43229
G1 F1566.8 X140.2 Y96.825 E2556.46195
G1 F1571.6 X140.366 Y96.3 E2556.49166
G1 F1562 X140.421 Y95.748 E2556.52178
G1 X140.366 Y95.2 E2556.55169
G1 F1569.2 X140.2 Y94.675 E2556.58145
G1 F1566.8 X139.925 Y94.2 E2556.61116
G1 F1564.4 X139.559 Y93.78 E2556.64136
G1 F1569.2 X139.363 Y93.616 E2556.65517
G1 F1571.6 X138.884 Y93.329 E2556.68531
G1 F1576.5 X138.367 Y93.147 E2556.71479
G1 F1571.6 X137.82 Y93.078 E2556.74455
G1 X137.273 Y93.119 E2556.77415
G1 F1576.5 X136.597 Y93.32 E2556.81209
G1 F1571.6 X136.04 Y93.697 E2556.84838
G1 X135.566 Y94.18 E2556.8849
G1 F1574.1 X135.193 Y94.909 E2556.92903
M204 S5000
M205 X30 Y30
G0 F7200 X135.162 Y95.106
G1 F1500 E2550.42903
;MESH:NONMESH
G0 F600 X135.162 Y95.106 Z8.3
G0 F7200 X135.381 Y95.141
G0 X134.089 Y95.634
G0 X85.911 Y95.634
G0 X79.634 Y95.2
;TIME_ELAPSED:2454.029661
;LAYER:40
M204 S3000
M205 X20 Y20
;TYPE:WALL-OUTER
;MESH:Pi Holder.stl
G1 F1500 E2556.92903
G1 F1562 X79.58 Y95.752 E2556.95914
G1 X79.634 Y96.3 E2556.98904
G1 F1571.6 X79.8 Y96.825 E2557.01875
G1 F1566.8 X80.075 Y97.299 E2557.04842
G1 F1557.3 X80.441 Y97.716 E2557.07864
G1 X80.639 Y97.881 E2557.09267
G1 F1559.6 X81.117 Y98.168 E2557.12299
G1 F1566.8 X81.633 Y98.353 E2557.15267
G1 F1571.6 X82.18 Y98.422 E2557.18242
G1 X82.727 Y98.381 E2557.21202
G1 F1576.5 X83.403 Y98.18 E2557.24996
G1 F1571.6 X83.96 Y97.803 E2557.28626
G1 X84.433 Y97.321 E2557.3227
G1 F1574.1 X84.807 Y96.591 E2557.3669
G1 F1571.6 X84.921 Y95.877 E2557.40591
G1 F1569.2 X84.921 Y95.619 E2557.41986
G1 F1571.6 X84.806 Y94.908 E2557.45873
G1 F1574.1 X84.432 Y94.179 E2557.50287
G1 F1569.2 X83.96 Y93.697 E2557.53933
G1 F1571.6 X83.403 Y93.32 E2557.57563
G1 F1578.9 X82.727 Y93.119 E2557.61351
G1 F1574.1 X82.18 Y93.079 E2557.64307
G1 F1571.6 X81.633 Y93.147 E2557.67281
G1 F1574.1 X81.116 Y93.329 E2557.70234
G1 F1571.6 X80.637 Y93.616 E2557.73248
G1 X80.439 Y93.782 E2557.74642
G1 F1566.8 X80.075 Y94.2 E2557.77642
G1 X79.8 Y94.675 E2557.80613
G1 F1571.6 X79.634 Y95.2 E2557.83585
M204 S5000
M205 X30 Y30
G0 F7200 X79.615 Y95.399
G0 X80.244 Y95.501
M204 S3000
M205 X20 Y20
G1 F1578.9 X80.398 Y94.928 E2557.86772
G1 F1581.4 X80.731 Y94.411 E2557.9007
G1 X80.959 Y94.187 E2557.91784
G1 F1574.1 X81.417 Y93.903 E2557.94688
G1 X81.769 Y93.782 E2557.96694
G1 X82.273 Y93.727 E2557.99425
G1 F1576.5 X82.618 Y93.758 E2558.01289
G1 F1581.4 X83.159 Y93.938 E2558.04347
G1 F1588.8 X83.428 Y94.104 E2558.06034
G1 X83.862 Y94.521 E2558.09247
G1 F1581.4 X84.147 Y95.027 E2558.12362
G1 F1583.9 X84.265 Y95.564 E2558.15306
G1 F1588.8 X84.265 Y95.936 E2558.17292
G1 F1586.3 X84.151 Y96.453 E2558.20122
G1 F1578.9 X83.852 Y96.993 E2558.23438
G1 F1586.3 X83.429 Y97.396 E2558.26561
G1 F1583.9 X83.125 Y97.576 E2558.28453
G1 F1574.1 X82.618 Y97.742 E2558.31328
G1 F1571.6 X82.224 Y97.77 E2558.33459
G1 X81.763 Y97.717 E2558.35964
G1 F1578.9 X81.236 Y97.5 E2558.39025
G1 F1583.9 X80.713 Y97.064 E2558.42671
G1 F1581.4 X80.41 Y96.607 E2558.45612
G1 F1576.5 X80.253 Y96.087 E2558.48534
G1 F1581.4 X80.244 Y95.501 E2558.51677
M204 S5000
M205 X30 Y30
G0 F7200 X80.295 Y95.308
G1 F1500 E2552.01677
G0 F7200 X80.071 Y95.24
G0 X80.224 Y96.564
G0 X81.177 Y98.039
G0 X80.804 Y99.11
G0 X80.803 Y111.391
G0 X79.634 Y114.2
M204 S3000
M205 X20 Y20
G1 F1500 E2558.51677
G1 F1562 X79.58 Y114.752 E2558.54689
G1 X79.634 Y115.3 E2558.57679
G1 F1571.6 X79.8 Y115.825 E2558.6065
G1 F1566.8 X80.075 Y116.299 E2558.63616
G1 F1557.3 X80.441 Y116.716 E2558.66638
G1 X80.639 Y116.881 E2558.68042
G1 F1559.6 X81.117 Y117.168 E2558.71074
G1 F1566.8 X81.633 Y117.353 E2558.74041
G1 F1571.6 X82.18 Y117.422 E2558.77016
G1 X82.727 Y117.381 E2558.79977
G1 F1576.5 X83.403 Y117.18 E2558.83771
G1 F1571.6 X83.96 Y116.803 E2558.874
G1 X84.433 Y116.321 E2558.91045
G1 F1574.1 X84.807 Y115.591 E2558.95464
G1 F1571.6 X84.921 Y114.877 E2558.99366
G1 F1569.2 X84.921 Y114.619 E2559.0076
G1 F1571.6 X84.806 Y113.908 E2559.04647
G1 F1574.1 X84.432 Y113.179 E2559.09062
G1 F1569.2 X83.96 Y112.697 E2559.12708
G1 F1571.6 X83.403 Y112.32 E2559.16338
G1 F1578.9 X82.727 Y112.119 E2559.20126
G1 F1574.1 X82.18 Y112.079 E2559.23081
G1 F1571.6 X81.633 Y112.147 E2559.26056
G1 F1574.1 X81.116 Y112.329 E2559.29009
G1 F1571.6 X80.637 Y112.616 E2559.32022
G1 X80.439 Y112.782 E2559.33417
G1 F1566.8 X80.075 Y113.2 E2559.36417
G1 X79.8 Y113.675 E2559.39388
G1 F1571.6 X79.634 Y114.2 E2559.42359
M204 S5000
M205 X30 Y30
G0 F7200 X79.615 Y114.399
G0 X80.244 Y114.501
M204 S3000
M205 X20 Y20
G1 F1578.9 X80.398 Y113.928 E2559.45546
G1 F1581.4 X80.731 Y113.411 E2559.48845
G1 X80.959 Y113.187 E2559.50559
G1 F1574.1 X81.417 Y112.903 E2559.53463
G1 X81.769 Y112.782 E2559.55468
G1 X82.273 Y112.727 E2559.582
G1 F1576.5 X82.618 Y112.758 E2559.60063
G1 F1581.4 X83.159 Y112.938 E2559.63121
G1 F1588.8 X83.428 Y113.104 E2559.64809
G1 X83.862 Y113.521 E2559.68022
G1 F1581.4 X84.147 Y114.027 E2559.71136
G1 F1583.9 X84.265 Y114.564 E2559.7408
G1 F1588.8 X84.265 Y114.936 E2559.76066
G1 F1586.3 X84.151 Y115.453 E2559.78897
G1 F1578.9 X83.852 Y115.993 E2559.82212
G1 F1586.3 X83.429 Y116.396 E2559.85336
G1 F1583.9 X83.125 Y116.576 E2559.87228
G1 F1574.1 X82.618 Y116.742 E2559.90102
G1 F1571.6 X82.224 Y116.77 E2559.92234
G1 X81.763 Y116.717 E2559.94738
G1 F1578.9 X81.236 Y116.5 E2559.97799
G1 F1583.9 X80.713 Y116.064 E2560.01446
G1 F1581.4 X80.41 Y115.607 E2560.04386
G1 F1576.5 X80.253 Y115.087 E2560.07309
G1 F1581.4 X80.244 Y114.501 E2560.10452
M204 S5000
M205 X30 Y30
G0 F7200 X80.295 Y114.308
G1 F1500 E2553.60452
G0 F7200 X80.071 Y114.24
G0 X80.598 Y113.307
G0 X81.723 Y112.62
G0 X83.23 Y112.786
G0 X84.777 Y114.634
G0 X85.911 Y114.634
G0 X134.187 Y113.92
G0 X135.193 Y113.909
M204 S3000
M205 X20 Y20
G1 F1500 E2560.10452
G1 F1571.6 X135.079 Y114.623 E2560.14354
G1 F1569.2 X135.079 Y114.881 E2560.15748
G1 F1571.6 X135.193 Y115.591 E2560.19629
G1 F1574.1 X135.567 Y116.321 E2560.24048
G1 F1569.2 X136.04 Y116.803 E2560.27698
G1 F1571.6 X136.597 Y117.18 E2560.31328
G1 F1576.5 X137.273 Y117.381 E2560.35122
G1 F1571.6 X137.82 Y117.421 E2560.38082
G1 F1569.2 X138.367 Y117.353 E2560.41061
G1 F1566.8 X138.883 Y117.168 E2560.44028
G1 F1554.9 X139.361 Y116.881 E2560.47069
G1 X139.559 Y116.716 E2560.48475
G1 F1557.3 X139.925 Y116.299 E2560.51497
G1 F1566.8 X140.2 Y115.825 E2560.54463
G1 F1571.6 X140.366 Y115.3 E2560.57435
G1 F1562 X140.421 Y114.748 E2560.60447
G1 X140.366 Y114.2 E2560.63437
G1 F1569.2 X140.2 Y113.675 E2560.66413
G1 F1566.8 X139.925 Y113.2 E2560.69384
G1 F1564.4 X139.559 Y112.78 E2560.72404
G1 F1569.2 X139.363 Y112.616 E2560.73786
G1 F1571.6 X138.884 Y112.329 E2560.76799
G1 F1576.5 X138.367 Y112.147 E2560.79748
G1 F1571.6 X137.82 Y112.078 E2560.82723
G1 X137.273 Y112.119 E2560.85683
G1 F1576.5 X136.597 Y112.32 E2560.89477
G1 F1571.6 X136.04 Y112.697 E2560.93107
G1 X135.566 Y113.18 E2560.96759
G1 F1574.1 X135.193 Y113.909 E2561.01171
M204 S5000
M205 X30 Y30
G0 F7200 X135.162 Y114.106
G0 X135.735 Y114.564
M204 S3000
M205 X20 Y20
G1 F1576.5 X135.849 Y114.047 E2561.04019
G1 F1571.6 X136.139 Y113.512 E2561.07303
G1 F1581.4 X136.571 Y113.104 E2561.1049
G1 X136.875 Y112.924 E2561.12385
G1 F1574.1 X137.382 Y112.758 E2561.15259
G1 F1571.6 X137.777 Y112.73 E2561.17396
G1 X138.231 Y112.782 E2561.19862
G1 F1576.5 X138.586 Y112.905 E2561.21884
G1 F1578.9 X139.041 Y113.187 E2561.24759
G1 F1588.8 X139.268 Y113.411 E2561.26461
G1 F1583.9 X139.597 Y113.916 E2561.29689
G1 F1576.5 X139.745 Y114.407 E2561.32448
G1 F1581.4 X139.748 Y115.086 E2561.36089
G1 F1583.9 X139.593 Y115.603 E2561.3898
G1 X139.261 Y116.104 E2561.42198
G1 F1591.3 X138.803 Y116.479 E2561.45353
G1 F1586.3 X138.237 Y116.717 E2561.48636
G1 F1569.2 X137.733 Y116.775 E2561.51378
G1 F1571.6 X137.382 Y116.742 E2561.5328
G1 F1576.5 X136.841 Y116.562 E2561.56348
G1 F1581.4 X136.572 Y116.396 E2561.58043
G1 X136.138 Y115.98 E2561.61267
G1 F1574.1 X135.849 Y115.453 E2561.64506
G1 F1578.9 X135.735 Y114.936 E2561.67349
G1 F1581.4 X135.731 Y114.614 E2561.69076
G1 X135.735 Y114.564 E2561.69345
M204 S5000
M205 X30 Y30
G0 F7200 X135.778 Y114.369
G1 F1500 E2555.19345
G0 F7200 X135.558 Y114.32
G0 X136.13 Y112.809
G0 X135.496 Y111.868
G0 X135.497 Y98.633
G0 X135.735 Y95.564
M204 S3000
M205 X20 Y20
G1 F1500 E2561.69345
G1 F1576.5 X135.849 Y95.047 E2561.72194
G1 F1571.6 X136.139 Y94.512 E2561.75478
G1 F1581.4 X136.571 Y94.104 E2561.78665
G1 X136.875 Y93.924 E2561.80559
G1 F1574.1 X137.382 Y93.758 E2561.83434
G1 F1571.6 X137.777 Y93.73 E2561.85571
G1 X138.231 Y93.782 E2561.88037
G1 F1576.5 X138.586 Y93.905 E2561.90058
G1 F1578.9 X139.041 Y94.187 E2561.92933
G1 F1588.8 X139.268 Y94.411 E2561.94636
G1 F1583.9 X139.597 Y94.916 E2561.97863
G1 F1576.5 X139.745 Y95.407 E2562.00622
G1 F1581.4 X139.748 Y96.086 E2562.04264
G1 F1583.9 X139.593 Y96.603 E2562.07154
G1 X139.261 Y97.104 E2562.10372
G1 F1591.3 X138.803 Y97.479 E2562.13527
G1 F1586.3 X138.237 Y97.717 E2562.1681
G1 F1569.2 X137.733 Y97.775 E2562.19552
G1 F1571.6 X137.382 Y97.742 E2562.21455
G1 F1576.5 X136.841 Y97.562 E2562.24522
G1 F1581.4 X136.572 Y97.396 E2562.26217
G1 X136.138 Y96.98 E2562.29442
G1 F1574.1 X135.849 Y96.453 E2562.3268
G1 F1578.9 X135.735 Y95.936 E2562.35524
G1 F1581.4 X135.731 Y95.614 E2562.37251
G1 X135.735 Y95.564 E2562.3752
M204 S5000
M205 X30 Y30
G0 F7200 X135.778 Y95.369
G0 X135.193 Y94.909
M204 S3000
M205 X20 Y20
G1 F1571.6 X135.079 Y95.623 E2562.41422
G1 F1569.2 X135.079 Y95.881 E2562.42816
G1 F1571.6 X135.193 Y96.591 E2562.46697
G1 F1574.1 X135.567 Y97.321 E2562.51116
G1 F1569.2 X136.04 Y97.803 E2562.54766
G1 F1571.6 X136.597 Y98.18 E2562.58396
G1 F1576.5 X137.273 Y98.381 E2562.6219
G1 F1571.6 X137.82 Y98.421 E2562.6515
G1 F1569.2 X138.367 Y98.353 E2562.68129
G1 F1566.8 X138.883 Y98.168 E2562.71096
G1 F1554.9 X139.361 Y97.881 E2562.74137
G1 X139.559 Y97.716 E2562.75543
G1 F1557.3 X139.925 Y97.299 E2562.78565
G1 F1566.8 X140.2 Y96.825 E2562.81531
G1 F1571.6 X140.366 Y96.3 E2562.84503
G1 F1562 X140.421 Y95.748 E2562.87515
G1 X140.366 Y95.2 E2562.90505
G1 F1569.2 X140.2 Y94.675 E2562.93481
G1 F1566.8 X139.925 Y94.2 E2562.96452
G1 F1564.4 X139.559 Y93.78 E2562.99473
G1 F1569.2 X139.363 Y93.616 E2563.00854
G1 F1571.6 X138.884 Y93.329 E2563.03867
G1 F1576.5 X138.367 Y93.147 E2563.06816
G1 F1571.6 X137.82 Y93.078 E2563.09791
G1 X137.273 Y93.119 E2563.12751
G1 F1576.5 X136.597 Y93.32 E2563.16545
G1 F1571.6 X136.04 Y93.697 E2563.20175
G1 X135.566 Y94.18 E2563.23827
G1 F1574.1 X135.193 Y94.909 E2563.28239
M204 S5000
M205 X30 Y30
G0 F7200 X135.162 Y95.106
G1 F1500 E2556.78239
;MESH:NONMESH
G0 F600 X135.162 Y95.106 Z8.5
G0 F7200 X135.381 Y95.141
G0 X134.089 Y95.634
G0 X85.911 Y95.634
G0 X79.634 Y95.2
;TIME_ELAPSED:2462.297318
;LAYER:41
M204 S3000
M205 X20 Y20
;TYPE:WALL-OUTER
;MESH:Pi Holder.stl
G1 F1500 E2563.28239
G1 F1562 X79.58 Y95.752 E2563.31251
G1 X79.634 Y96.3 E2563.34241
G1 F1571.6 X79.8 Y96.825 E2563.37212
G1 F1566.8 X80.075 Y97.299 E2563.40178
G1 F1557.3 X80.441 Y97.716 E2563.432
G1 X80.639 Y97.881 E2563.44604
G1 F1559.6 X81.117 Y98.168 E2563.47636
G1 F1566.8 X81.633 Y98.353 E2563.50603
G1 F1571.6 X82.18 Y98.422 E2563.53578
G1 X82.727 Y98.381 E2563.56538
G1 F1576.5 X83.403 Y98.18 E2563.60333
G1 F1571.6 X83.96 Y97.803 E2563.63962
G1 X84.433 Y97.321 E2563.67607
G1 F1574.1 X84.807 Y96.591 E2563.72026
G1 F1571.6 X84.921 Y95.877 E2563.75928
G1 F1569.2 X84.921 Y95.619 E2563.77322
G1 F1571.6 X84.806 Y94.908 E2563.81209
G1 F1574.1 X84.432 Y94.179 E2563.85624
G1 F1569.2 X83.96 Y93.697 E2563.8927
G1 F1571.6 X83.403 Y93.32 E2563.929
G1 F1578.9 X82.727 Y93.119 E2563.96688
G1 F1574.1 X82.18 Y93.079 E2563.99643
G1 F1571.6 X81.633 Y93.147 E2564.02618
G1 F1574.1 X81.116 Y93.329 E2564.05571
G1 F1571.6 X80.637 Y93.616 E2564.08584
G1 X80.439 Y93.782 E2564.09979
G1 F1566.8 X80.075 Y94.2 E2564.12979
G1 X79.8 Y94.675 E2564.1595
G1 F1571.6 X79.634 Y95.2 E2564.18921
M204 S5000
M205 X30 Y30
G0 F7200 X79.615 Y95.399
G0 X80.244 Y95.501
M204 S3000
M205 X20 Y20
G1 F1578.9 X80.398 Y94.928 E2564.22108
G1 F1581.4 X80.731 Y94.411 E2564.25407
G1 X80.959 Y94.187 E2564.27121
G1 F1574.1 X81.417 Y93.903 E2564.30024
G1 X81.769 Y93.782 E2564.3203
G1 X82.273 Y93.727 E2564.34762
G1 F1576.5 X82.618 Y93.758 E2564.36625
G1 F1581.4 X83.159 Y93.938 E2564.39683
G1 F1588.8 X83.428 Y94.104 E2564.41371
G1 X83.862 Y94.521 E2564.44583
G1 F1581.4 X84.147 Y95.027 E2564.47698
G1 F1583.9 X84.265 Y95.564 E2564.50642
G1 F1588.8 X84.265 Y95.936 E2564.52628
G1 F1586.3 X84.151 Y96.453 E2564.55459
G1 F1578.9 X83.852 Y96.993 E2564.58774
G1 F1586.3 X83.429 Y97.396 E2564.61898
G1 F1583.9 X83.125 Y97.576 E2564.6379
G1 F1574.1 X82.618 Y97.742 E2564.66664
G1 F1571.6 X82.224 Y97.77 E2564.68796
G1 X81.763 Y97.717 E2564.713
G1 F1578.9 X81.236 Y97.5 E2564.74361
G1 F1583.9 X80.713 Y97.064 E2564.78008
G1 F1581.4 X80.41 Y96.607 E2564.80948
G1 F1576.5 X80.253 Y96.087 E2564.83871
G1 F1581.4 X80.244 Y95.501 E2564.87014
M204 S5000
M205 X30 Y30
G0 F7200 X80.295 Y95.308
G1 F1500 E2558.37014
G0 F7200 X80.071 Y95.24
G0 X80.224 Y96.564
G0 X81.177 Y98.039
G0 X80.804 Y99.11
G0 X80.803 Y111.391
G0 X79.634 Y114.2
M204 S3000
M205 X20 Y20
G1 F1500 E2564.87014
G1 F1562 X79.58 Y114.752 E2564.90025
G1 X79.634 Y115.3 E2564.93015
G1 F1571.6 X79.8 Y115.825 E2564.95987
G1 F1566.8 X80.075 Y116.299 E2564.98953
G1 F1557.3 X80.441 Y116.716 E2565.01975
G1 X80.639 Y116.881 E2565.03378
G1 F1559.6 X81.117 Y117.168 E2565.0641
G1 F1566.8 X81.633 Y117.353 E2565.09378
G1 F1571.6 X82.18 Y117.422 E2565.12353
G1 X82.727 Y117.381 E2565.15313
G1 F1576.5 X83.403 Y117.18 E2565.19107
G1 F1571.6 X83.96 Y116.803 E2565.22737
G1 X84.433 Y116.321 E2565.26381
G1 F1574.1 X84.807 Y115.591 E2565.30801
G1 F1571.6 X84.921 Y114.877 E2565.34702
G1 F1569.2 X84.921 Y114.619 E2565.36097
G1 F1571.6 X84.806 Y113.908 E2565.39984
G1 F1574.1 X84.432 Y113.179 E2565.44398
G1 F1569.2 X83.96 Y112.697 E2565.48045
G1 F1571.6 X83.403 Y112.32 E2565.51674
G1 F1578.9 X82.727 Y112.119 E2565.55462
G1 F1574.1 X82.18 Y112.079 E2565.58418
G1 F1571.6 X81.633 Y112.147 E2565.61392
G1 F1574.1 X81.116 Y112.329 E2565.64345
G1 F1571.6 X80.637 Y112.616 E2565.67359
G1 X80.439 Y112.782 E2565.68753
G1 F1566.8 X80.075 Y113.2 E2565.71753
G1 X79.8 Y113.675 E2565.74724
G1 F1571.6 X79.634 Y114.2 E2565.77696
M204 S5000
M205 X30 Y30
G0 F7200 X79.615 Y114.399
G0 X80.244 Y114.501
M204 S3000
M205 X20 Y20
G1 F1578.9 X80.398 Y113.928 E2565.80883
G1 F1581.4 X80.731 Y113.411 E2565.84181
G1 X80.959 Y113.187 E2565.85895
G1 F1574.1 X81.417 Y112.903 E2565.88799
G1 X81.769 Y112.782 E2565.90805
G1 X82.273 Y112.727 E2565.93536
G1 F1576.5 X82.618 Y112.758 E2565.954
G1 F1581.4 X83.159 Y112.938 E2565.98458
G1 F1588.8 X83.428 Y113.104 E2566.00145
G1 X83.862 Y113.521 E2566.03358
G1 F1581.4 X84.147 Y114.027 E2566.06473
G1 F1583.9 X84.265 Y114.564 E2566.09417
G1 F1588.8 X84.265 Y114.936 E2566.11403
G1 F1586.3 X84.151 Y115.453 E2566.14233
G1 F1578.9 X83.852 Y115.993 E2566.17549
G1 F1586.3 X83.429 Y116.396 E2566.20673
G1 F1583.9 X83.125 Y116.576 E2566.22564
G1 F1574.1 X82.618 Y116.742 E2566.25439
G1 F1571.6 X82.224 Y116.77 E2566.2757
G1 X81.763 Y116.717 E2566.30075
G1 F1578.9 X81.236 Y116.5 E2566.33136
G1 F1583.9 X80.713 Y116.064 E2566.36782
G1 F1581.4 X80.41 Y115.607 E2566.39723
G1 F1576.5 X80.253 Y115.087 E2566.42645
G1 F1581.4 X80.244 Y114.501 E2566.45788
M204 S5000
M205 X30 Y30
G0 F7200 X80.295 Y114.308
G1 F1500 E2559.95788
G0 F7200 X80.071 Y114.24
G0 X80.598 Y113.307
G0 X81.723 Y112.62
G0 X83.23 Y112.786
G0 X84.777 Y114.634
G0 X85.911 Y114.634
G0 X134.187 Y113.92
G0 X135.193 Y113.909
M204 S3000
M205 X20 Y20
G1 F1500 E2566.45788
G1 F1571.6 X135.079 Y114.623 E2566.4969
G1 F1569.2 X135.079 Y114.881 E2566.51085
G1 F1571.6 X135.193 Y115.591 E2566.54965
G1 F1574.1 X135.567 Y116.321 E2566.59385
G1 F1569.2 X136.04 Y116.803 E2566.63035
G1 F1571.6 X136.597 Y117.18 E2566.66664
G1 F1576.5 X137.273 Y117.381 E2566.70458
G1 F1571.6 X137.82 Y117.421 E2566.73418
G1 F1569.2 X138.367 Y117.353 E2566.76397
G1 F1566.8 X138.883 Y117.168 E2566.79364
G1 F1554.9 X139.361 Y116.881 E2566.82406
G1 X139.559 Y116.716 E2566.83812
G1 F1557.3 X139.925 Y116.299 E2566.86833
G1 F1566.8 X140.2 Y115.825 E2566.898
G1 F1571.6 X140.366 Y115.3 E2566.92771
G1 F1562 X140.421 Y114.748 E2566.95783
G1 X140.366 Y114.2 E2566.98774
G1 F1569.2 X140.2 Y113.675 E2567.0175
G1 F1566.8 X139.925 Y113.2 E2567.04721
G1 F1564.4 X139.559 Y112.78 E2567.07741
G1 F1569.2 X139.363 Y112.616 E2567.09122
G1 F1571.6 X138.884 Y112.329 E2567.12136
G1 F1576.5 X138.367 Y112.147 E2567.15084
G1 F1571.6 X137.82 Y112.078 E2567.18059
G1 X137.273 Y112.119 E2567.2102
G1 F1576.5 X136.597 Y112.32 E2567.24814
G1 F1571.6 X136.04 Y112.697 E2567.28443
G1 X135.566 Y113.18 E2567.32095
G1 F1574.1 X135.193 Y113.909 E2567.36508
M204 S5000
M205 X30 Y30
G0 F7200 X135.162 Y114.106
G0 X135.735 Y114.564
M204 S3000
M205 X20 Y20
G1 F1576.5 X135.849 Y114.047 E2567.39356
G1 F1571.6 X136.139 Y113.512 E2567.4264
G1 F1581.4 X136.571 Y113.104 E2567.45827
G1 X136.875 Y112.924 E2567.47721
G1 F1574.1 X137.382 Y112.758 E2567.50596
G1 F1571.6 X137.777 Y112.73 E2567.52733
G1 X138.231 Y112.782 E2567.55199
G1 F1576.5 X138.586 Y112.905 E2567.5722
G1 F1578.9 X139.041 Y113.187 E2567.60095
G1 F1588.8 X139.268 Y113.411 E2567.61798
G1 F1583.9 X139.597 Y113.916 E2567.65025
G1 F1576.5 X139.745 Y114.407 E2567.67784
G1 F1581.4 X139.748 Y115.086 E2567.71426
G1 F1583.9 X139.593 Y115.603 E2567.74316
G1 X139.261 Y116.104 E2567.77534
G1 F1591.3 X138.803 Y116.479 E2567.80689
G1 F1586.3 X138.237 Y116.717 E2567.83972
G1 F1569.2 X137.733 Y116.775 E2567.86714
G1 F1571.6 X137.382 Y116.742 E2567.88617
G1 F1576.5 X136.841 Y116.562 E2567.91684
G1 F1581.4 X136.572 Y116.396 E2567.93379
G1 X136.138 Y115.98 E2567.96604
G1 F1574.1 X135.849 Y115.453 E2567.99842
G1 F1578.9 X135.735 Y114.936 E2568.02686
G1 F1581.4 X135.731 Y114.614 E2568.04413
G1 X135.735 Y114.564 E2568.04682
M204 S5000
M205 X30 Y30
G0 F7200 X135.778 Y114.369
G1 F1500 E2561.54682
G0 F7200 X135.558 Y114.32
G0 X136.13 Y112.809
G0 X135.496 Y111.868
G0 X135.497 Y98.633
G0 X135.735 Y95.564
M204 S3000
M205 X20 Y20
G1 F1500 E2568.04682
G1 F1576.5 X135.849 Y95.047 E2568.0753
G1 F1571.6 X136.139 Y94.512 E2568.10814
G1 F1581.4 X136.571 Y94.104 E2568.14001
G1 X136.875 Y93.924 E2568.15896
G1 F1574.1 X137.382 Y93.758 E2568.1877
G1 F1571.6 X137.777 Y93.73 E2568.20907
G1 X138.231 Y93.782 E2568.23373
G1 F1576.5 X138.586 Y93.905 E2568.25394
G1 F1578.9 X139.041 Y94.187 E2568.2827
G1 F1588.8 X139.268 Y94.411 E2568.29972
G1 F1583.9 X139.597 Y94.916 E2568.332
G1 F1576.5 X139.745 Y95.407 E2568.35959
G1 F1581.4 X139.748 Y96.086 E2568.396
G1 F1583.9 X139.593 Y96.603 E2568.42491
G1 X139.261 Y97.104 E2568.45709
G1 F1591.3 X138.803 Y97.479 E2568.48864
G1 F1586.3 X138.237 Y97.717 E2568.52147
G1 F1569.2 X137.733 Y97.775 E2568.54889
G1 F1571.6 X137.382 Y97.742 E2568.56791
G1 F1576.5 X136.841 Y97.562 E2568.59859
G1 F1581.4 X136.572 Y97.396 E2568.61554
G1 X136.138 Y96.98 E2568.64778
G1 F1574.1 X135.849 Y96.453 E2568.68017
G1 F1578.9 X135.735 Y95.936 E2568.7086
G1 F1581.4 X135.731 Y95.614 E2568.72587
G1 X135.735 Y95.564 E2568.72856
M204 S5000
M205 X30 Y30
G0 F7200 X135.778 Y95.369
G0 X135.193 Y94.909
M204 S3000
M205 X20 Y20
G1 F1571.6 X135.079 Y95.623 E2568.76758
G1 F1569.2 X135.079 Y95.881 E2568.78153
G1 F1571.6 X135.193 Y96.591 E2568.82033
G1 F1574.1 X135.567 Y97.321 E2568.86453
G1 F1569.2 X136.04 Y97.803 E2568.90103
G1 F1571.6 X136.597 Y98.18 E2568.93732
G1 F1576.5 X137.273 Y98.381 E2568.97526
G1 F1571.6 X137.82 Y98.421 E2569.00486
G1 F1569.2 X138.367 Y98.353 E2569.03465
G1 F1566.8 X138.883 Y98.168 E2569.06433
G1 F1554.9 X139.361 Y97.881 E2569.09474
G1 X139.559 Y97.716 E2569.1088
G1 F1557.3 X139.925 Y97.299 E2569.13902
G1 F1566.8 X140.2 Y96.825 E2569.16868
G1 F1571.6 X140.366 Y96.3 E2569.19839
G1 F1562 X140.421 Y95.748 E2569.22851
G1 X140.366 Y95.2 E2569.25842
G1 F1569.2 X140.2 Y94.675 E2569.28818
G1 F1566.8 X139.925 Y94.2 E2569.31789
G1 F1564.4 X139.559 Y93.78 E2569.34809
G1 F1569.2 X139.363 Y93.616 E2569.3619
G1 F1571.6 X138.884 Y93.329 E2569.39204
G1 F1576.5 X138.367 Y93.147 E2569.42152
G1 F1571.6 X137.82 Y93.078 E2569.45128
G1 X137.273 Y93.119 E2569.48088
G1 F1576.5 X136.597 Y93.32 E2569.51882
G1 F1571.6 X136.04 Y93.697 E2569.55511
G1 X135.566 Y94.18 E2569.59163
G1 F1574.1 X135.193 Y94.909 E2569.63576
M204 S5000
M205 X30 Y30
G0 F7200 X135.162 Y95.106
G1 F1500 E2563.13576
;MESH:NONMESH
G0 F600 X135.162 Y95.106 Z8.7
G0 F7200 X135.381 Y95.141
G0 X134.089 Y95.634
G0 X85.911 Y95.634
G0 X79.609 Y95.195
;TIME_ELAPSED:2470.565186
;LAYER:42
M204 S3000
M205 X20 Y20
;TYPE:WALL-OUTER
;MESH:Pi Holder.stl
G1 F1500 E2569.63576
G1 F1691.5 X79.554 Y95.752 E2569.66382
G1 X79.61 Y96.305 E2569.69169
G1 F1700 X79.776 Y96.836 E2569.71945
G1 F1694.4 X80.056 Y97.314 E2569.74718
G1 F1688.7 X80.422 Y97.736 E2569.77523
G1 F1700 X80.624 Y97.905 E2569.78837
G1 F1702.8 X81.105 Y98.194 E2569.81632
G1 F1694.4 X81.628 Y98.373 E2569.84399
G1 F1683.2 X82.18 Y98.444 E2569.87203
G1 F1697.2 X82.732 Y98.405 E2569.89969
G1 F1711.4 X83.415 Y98.203 E2569.93498
G1 F1702.8 X83.976 Y97.822 E2569.96876
G1 F1691.5 X84.37 Y97.415 E2569.99716
G1 F1697.2 X84.524 Y97.203 E2570.01026
G1 F1691.5 X84.773 Y96.7 E2570.0384
G1 F1688.7 X84.859 Y96.433 E2570.05249
G1 F1700 X84.965 Y95.761 E2570.08643
G1 X84.86 Y95.067 E2570.12145
G1 F1702.8 X84.778 Y94.799 E2570.1354
G1 X84.456 Y94.168 E2570.17069
G1 F1694.4 X83.975 Y93.679 E2570.20502
G1 F1697.2 X83.417 Y93.298 E2570.23879
G1 F1714.3 X82.732 Y93.094 E2570.27415
G1 F1700 X82.18 Y93.055 E2570.30176
G1 F1686 X81.628 Y93.127 E2570.32976
G1 F1691.5 X81.105 Y93.306 E2570.35748
G1 F1700 X80.622 Y93.596 E2570.38558
G1 X80.422 Y93.764 E2570.39862
G1 F1702.8 X80.052 Y94.184 E2570.42649
G1 F1697.2 X79.78 Y94.666 E2570.45415
G1 F1691.5 X79.609 Y95.195 E2570.48203
M204 S5000
M205 X30 Y30
G0 F7200 X79.59 Y95.394
G0 X80.17 Y95.471
M204 S3000
M205 X20 Y20
G1 F1723 X80.257 Y95.095 E2570.50102
G1 F1717.2 X80.528 Y94.545 E2570.53131
G1 F1708.5 X80.912 Y94.121 E2570.55971
G1 F1702.8 X81.394 Y93.832 E2570.5877
G1 F1711.4 X81.993 Y93.667 E2570.61849
G1 F1717.2 X82.645 Y93.682 E2570.6507
G1 F1711.4 X83.214 Y93.878 E2570.68052
G1 F1720.1 X83.751 Y94.286 E2570.71378
G1 X83.948 Y94.514 E2570.72863
G1 F1708.5 X84.217 Y95.012 E2570.75673
G1 F1714.3 X84.307 Y95.329 E2570.77304
G1 X84.347 Y95.861 E2570.79943
G1 F1708.5 X84.293 Y96.234 E2570.81814
G1 F1720.1 X84.061 Y96.827 E2570.84954
G1 X83.689 Y97.285 E2570.87863
G1 F1714.3 X83.204 Y97.624 E2570.90791
G1 F1711.4 X82.636 Y97.815 E2570.9376
G1 F1717.2 X81.993 Y97.834 E2570.96938
G1 F1714.3 X81.385 Y97.665 E2571.0006
G1 F1702.8 X80.955 Y97.404 E2571.02565
G1 F1711.4 X80.689 Y97.152 E2571.04381
G1 F1714.3 X80.329 Y96.606 E2571.07617
G1 F1708.5 X80.178 Y96.09 E2571.10285
G1 F1717.2 X80.17 Y95.471 E2571.13343
M204 S5000
M205 X30 Y30
G0 F7200 X80.215 Y95.276
G1 F1500 E2564.63343
G0 F7200 X79.968 Y95.218
G0 X80.192 Y97.217
G0 X79.339 Y97.965
G0 X79.338 Y112.536
G0 X79.609 Y114.195
M204 S3000
M205 X20 Y20
G1 F1500 E2571.13343
G1 F1691.5 X79.554 Y114.752 E2571.16149
G1 X79.61 Y115.305 E2571.18936
G1 F1700 X79.776 Y115.836 E2571.21712
G1 F1694.4 X80.056 Y116.314 E2571.24485
G1 F1688.7 X80.422 Y116.736 E2571.2729
G1 F1700 X80.624 Y116.905 E2571.28604
G1 F1702.8 X81.105 Y117.194 E2571.31399
G1 F1694.4 X81.628 Y117.373 E2571.34166
G1 F1683.2 X82.18 Y117.444 E2571.36971
G1 F1697.2 X82.732 Y117.405 E2571.39736
G1 F1711.4 X83.415 Y117.203 E2571.43266
G1 F1702.8 X83.976 Y116.822 E2571.46643
G1 F1691.5 X84.37 Y116.415 E2571.49484
G1 F1697.2 X84.524 Y116.203 E2571.50793
G1 F1691.5 X84.773 Y115.7 E2571.53607
G1 F1688.7 X84.859 Y115.433 E2571.55016
G1 F1700 X84.965 Y114.761 E2571.5841
G1 X84.86 Y114.067 E2571.61912
G1 F1702.8 X84.778 Y113.799 E2571.63308
G1 X84.456 Y113.168 E2571.66836
G1 F1694.4 X83.975 Y112.679 E2571.7027
G1 F1697.2 X83.417 Y112.298 E2571.73646
G1 F1714.3 X82.732 Y112.094 E2571.77182
G1 F1700 X82.18 Y112.055 E2571.79943
G1 F1686 X81.628 Y112.127 E2571.82743
G1 F1691.5 X81.105 Y112.306 E2571.85515
G1 F1700 X80.622 Y112.596 E2571.88326
G1 X80.422 Y112.764 E2571.89629
G1 F1702.8 X80.052 Y113.184 E2571.92417
G1 F1697.2 X79.78 Y113.666 E2571.95183
G1 F1691.5 X79.609 Y114.195 E2571.9797
M204 S5000
M205 X30 Y30
G0 F7200 X79.59 Y114.394
G0 X80.17 Y114.471
M204 S3000
M205 X20 Y20
G1 F1723 X80.257 Y114.095 E2571.9987
G1 F1717.2 X80.528 Y113.545 E2572.02898
G1 F1708.5 X80.912 Y113.121 E2572.05738
G1 F1702.8 X81.394 Y112.832 E2572.08537
G1 F1711.4 X81.993 Y112.667 E2572.11616
G1 F1717.2 X82.645 Y112.682 E2572.14837
G1 F1711.4 X83.214 Y112.878 E2572.1782
G1 F1720.1 X83.751 Y113.286 E2572.21145
G1 X83.948 Y113.514 E2572.22631
G1 F1708.5 X84.217 Y114.012 E2572.25441
G1 F1714.3 X84.307 Y114.329 E2572.27071
G1 X84.347 Y114.861 E2572.2971
G1 F1708.5 X84.293 Y115.234 E2572.31581
G1 F1720.1 X84.061 Y115.827 E2572.34721
G1 X83.689 Y116.285 E2572.3763
G1 F1714.3 X83.204 Y116.624 E2572.40558
G1 F1711.4 X82.636 Y116.815 E2572.43528
G1 F1717.2 X81.993 Y116.834 E2572.46705
G1 F1714.3 X81.385 Y116.665 E2572.49827
G1 F1702.8 X80.955 Y116.404 E2572.52332
G1 F1711.4 X80.689 Y116.152 E2572.54148
G1 F1714.3 X80.329 Y115.606 E2572.57384
G1 F1708.5 X80.178 Y115.09 E2572.60053
G1 F1717.2 X80.17 Y114.471 E2572.6311
M204 S5000
M205 X30 Y30
G0 F7200 X80.215 Y114.276
G1 F1500 E2566.1311
G0 F7200 X79.968 Y114.218
G0 X80.791 Y112.975
G0 X81.975 Y112.47
G0 X83.31 Y112.711
G0 X84.777 Y114.634
G0 X85.911 Y114.634
G0 X134.089 Y114.634
G0 X135.054 Y114.621
M204 S3000
M205 X20 Y20
G1 F1500 E2572.6311
G1 F1691.5 X135.057 Y114.882 E2572.64419
G1 X135.14 Y115.433 E2572.67213
G1 F1702.8 X135.222 Y115.701 E2572.68609
G1 F1697.2 X135.477 Y116.202 E2572.71418
G1 X135.628 Y116.417 E2572.72731
G1 F1694.4 X136.025 Y116.821 E2572.75566
G1 F1700 X136.583 Y117.202 E2572.78937
G1 F1711.4 X137.268 Y117.406 E2572.82479
G1 F1697.2 X137.82 Y117.444 E2572.85244
G1 F1683.2 X138.372 Y117.373 E2572.88049
G1 F1691.5 X138.895 Y117.194 E2572.9082
G1 F1700 X139.377 Y116.904 E2572.93627
G1 F1697.2 X139.578 Y116.736 E2572.94936
G1 F1702.8 X139.948 Y116.316 E2572.97724
G1 F1697.2 X140.22 Y115.834 E2573.0049
G1 F1691.5 X140.391 Y115.305 E2573.03277
G1 X140.446 Y114.748 E2573.06084
G1 F1688.7 X140.39 Y114.195 E2573.08875
G1 F1700 X140.224 Y113.664 E2573.11651
G1 F1694.4 X139.944 Y113.187 E2573.14419
G1 F1688.7 X139.576 Y112.762 E2573.17243
G1 F1700 X139.377 Y112.596 E2573.18536
G1 F1702.8 X138.897 Y112.307 E2573.21326
G1 F1694.4 X138.372 Y112.127 E2573.24104
G1 F1686 X137.82 Y112.055 E2573.26905
G1 F1697.2 X137.268 Y112.095 E2573.29671
G1 F1708.5 X136.585 Y112.297 E2573.33206
G1 F1702.8 X136.024 Y112.678 E2573.36584
G1 F1697.2 X135.53 Y113.19 E2573.40139
G1 F1686 X135.227 Y113.8 E2573.43566
G1 F1688.7 X135.141 Y114.067 E2573.44974
G1 F1702.8 X135.054 Y114.621 E2573.47768
M204 S5000
M205 X30 Y30
G0 F7200 X135.056 Y114.821
G0 X135.711 Y114.254
M204 S3000
M205 X20 Y20
G1 F1711.4 X135.926 Y113.707 E2573.5068
G1 F1723 X136.294 Y113.236 E2573.53623
G1 F1714.3 X136.796 Y112.876 E2573.56679
G1 F1708.5 X137.364 Y112.685 E2573.59653
G1 F1717.2 X138.007 Y112.666 E2573.62831
G1 F1714.3 X138.617 Y112.837 E2573.65965
G1 F1708.5 X139.081 Y113.123 E2573.68671
G1 F1720.1 X139.311 Y113.348 E2573.70257
G1 X139.671 Y113.894 E2573.73482
G1 X139.831 Y114.463 E2573.76396
G1 F1728.8 X139.83 Y115.029 E2573.79173
G1 X139.743 Y115.405 E2573.81067
G1 F1717.2 X139.472 Y115.955 E2573.84095
G1 F1708.5 X139.088 Y116.379 E2573.86935
G1 F1702.8 X138.606 Y116.668 E2573.89734
G1 F1711.4 X138.007 Y116.833 E2573.92813
G1 F1717.2 X137.354 Y116.818 E2573.96039
G1 F1708.5 X136.786 Y116.622 E2573.99022
G1 F1717.2 X136.249 Y116.214 E2574.02353
G1 F1714.3 X136.052 Y115.986 E2574.03843
G1 F1702.8 X135.778 Y115.474 E2574.06736
G1 F1711.4 X135.693 Y115.169 E2574.08305
G1 X135.653 Y114.654 E2574.10865
G1 F1702.8 X135.711 Y114.254 E2574.12878
M204 S5000
M205 X30 Y30
G0 F7200 X135.784 Y114.068
G1 F1500 E2567.62878
G0 F7200 X135.551 Y113.978
G0 X136.13 Y112.809
G0 X135.496 Y111.868
G0 X135.497 Y98.633
G0 X135.054 Y95.621
M204 S3000
M205 X20 Y20
G1 F1500 E2574.12878
G1 F1691.5 X135.057 Y95.882 E2574.14187
G1 X135.14 Y96.433 E2574.1698
G1 F1702.8 X135.222 Y96.701 E2574.18376
G1 F1697.2 X135.477 Y97.202 E2574.21186
G1 X135.628 Y97.417 E2574.22499
G1 F1694.4 X136.025 Y97.821 E2574.25334
G1 F1700 X136.583 Y98.202 E2574.28705
G1 F1711.4 X137.268 Y98.406 E2574.32247
G1 F1697.2 X137.82 Y98.444 E2574.35012
G1 F1683.2 X138.372 Y98.373 E2574.37816
G1 F1691.5 X138.895 Y98.194 E2574.40588
G1 F1700 X139.377 Y97.904 E2574.43394
G1 F1697.2 X139.578 Y97.736 E2574.44703
G1 F1702.8 X139.948 Y97.316 E2574.47491
G1 F1697.2 X140.22 Y96.834 E2574.50257
G1 F1691.5 X140.391 Y96.305 E2574.53045
G1 X140.446 Y95.748 E2574.55851
G1 F1688.7 X140.39 Y95.195 E2574.58642
G1 F1700 X140.224 Y94.664 E2574.61418
G1 F1694.4 X139.944 Y94.187 E2574.64187
G1 F1688.7 X139.576 Y93.762 E2574.6701
G1 F1700 X139.377 Y93.596 E2574.68303
G1 F1702.8 X138.897 Y93.307 E2574.71094
G1 F1694.4 X138.372 Y93.127 E2574.73872
G1 F1686 X137.82 Y93.055 E2574.76672
G1 F1697.2 X137.268 Y93.095 E2574.79438
G1 F1708.5 X136.585 Y93.297 E2574.82974
G1 F1702.8 X136.024 Y93.678 E2574.86351
G1 F1697.2 X135.53 Y94.19 E2574.89907
G1 F1686 X135.227 Y94.8 E2574.93333
G1 F1688.7 X135.141 Y95.067 E2574.94742
G1 F1702.8 X135.054 Y95.621 E2574.97535
M204 S5000
M205 X30 Y30
G0 F7200 X135.056 Y95.821
G0 X135.711 Y95.254
M204 S3000
M205 X20 Y20
G1 F1711.4 X135.926 Y94.707 E2575.00448
G1 F1723 X136.294 Y94.236 E2575.0339
G1 F1714.3 X136.796 Y93.876 E2575.06446
G1 F1708.5 X137.364 Y93.685 E2575.09421
G1 F1717.2 X138.007 Y93.666 E2575.12598
G1 F1714.3 X138.617 Y93.837 E2575.15732
G1 F1708.5 X139.081 Y94.123 E2575.18438
G1 F1720.1 X139.311 Y94.348 E2575.20025
G1 X139.671 Y94.894 E2575.23249
G1 X139.831 Y95.463 E2575.26164
G1 F1728.8 X139.83 Y96.029 E2575.28941
G1 X139.743 Y96.405 E2575.30834
G1 F1717.2 X139.472 Y96.955 E2575.33862
G1 F1708.5 X139.088 Y97.379 E2575.36702
G1 F1702.8 X138.606 Y97.668 E2575.39501
G1 F1711.4 X138.007 Y97.833 E2575.4258
G1 F1717.2 X137.354 Y97.818 E2575.45806
G1 F1708.5 X136.786 Y97.622 E2575.48789
G1 F1717.2 X136.249 Y97.214 E2575.5212
G1 F1714.3 X136.052 Y96.986 E2575.53611
G1 F1702.8 X135.778 Y96.474 E2575.56503
G1 F1711.4 X135.693 Y96.169 E2575.58072
G1 X135.653 Y95.654 E2575.60632
G1 F1702.8 X135.711 Y95.254 E2575.62645
M204 S5000
M205 X30 Y30
G0 F7200 X135.784 Y95.068
G1 F1500 E2569.12645
;MESH:NONMESH
G0 F600 X135.784 Y95.068 Z8.9
G0 F7200 X135.551 Y94.978
G0 X134.187 Y94.92
G0 X85.911 Y95.866
G0 X79.56 Y96.315
;TIME_ELAPSED:2478.577164
;LAYER:43
M204 S3000
M205 X20 Y20
;TYPE:WALL-OUTER
;MESH:Pi Holder.stl
G1 F1500 E2575.62645
G1 F2027.8 X79.735 Y96.854 E2575.65015
G1 X80.012 Y97.345 E2575.67373
G1 F2035.9 X80.388 Y97.771 E2575.6974
G1 X80.594 Y97.945 E2575.70864
G1 F2044.1 X81.084 Y98.24 E2575.73237
G1 F2040 X81.616 Y98.424 E2575.75577
G1 F2044.1 X82.179 Y98.499 E2575.77934
G1 F2048.2 X82.741 Y98.453 E2575.80269
G1 F2035.9 X83.293 Y98.292 E2575.82664
G1 F2019.8 X83.535 Y98.175 E2575.83793
G1 X84.007 Y97.86 E2575.86176
G1 F2031.9 X84.494 Y97.364 E2575.89077
G1 X84.822 Y96.719 E2575.92098
G1 X84.907 Y96.444 E2575.93299
G1 F2035.9 X84.996 Y95.882 E2575.95669
G1 F2027.8 X84.993 Y95.614 E2575.9679
G1 F2023.8 X84.907 Y95.056 E2575.99156
G1 X84.821 Y94.781 E2576.00364
G1 F2019.8 X84.563 Y94.27 E2576.02768
G1 F2035.9 X84.41 Y94.051 E2576.03881
G1 X84.007 Y93.64 E2576.06279
G1 F2019.8 X83.536 Y93.324 E2576.0866
G1 F2027.8 X83.293 Y93.208 E2576.09786
G1 F2044.1 X82.742 Y93.046 E2576.12169
G1 F2048.2 X82.179 Y93.003 E2576.14507
G1 F2015.8 X81.618 Y93.081 E2576.16891
G1 X81.084 Y93.261 E2576.19261
G1 F2044.1 X80.593 Y93.555 E2576.21636
G1 F2035.9 X80.388 Y93.729 E2576.22756
G1 F2040 X80.011 Y94.155 E2576.25121
G1 X79.733 Y94.645 E2576.27463
G1 F2027.8 X79.561 Y95.185 E2576.29834
G1 F2023.8 X79.505 Y95.752 E2576.32222
G1 F2027.8 X79.56 Y96.315 E2576.34587
M204 S5000
M205 X30 Y30
G0 F7200 X79.621 Y96.505
G0 X80.023 Y96.057
M204 S3000
M205 X20 Y20
G1 F2073.2 X80.02 Y95.458 E2576.37038
G1 F2069 X80.138 Y94.977 E2576.39068
G1 F2060.6 X80.417 Y94.443 E2576.41548
G1 F2052.3 X80.829 Y94 E2576.44048
G1 F2048.2 X81.333 Y93.694 E2576.4649
G1 X82.147 Y93.502 E2576.49953
G1 F2052.3 X82.681 Y93.542 E2576.52166
G1 X83.053 Y93.648 E2576.53764
G1 F2069 X83.538 Y93.907 E2576.56018
G1 F2073.2 X84 Y94.335 E2576.58595
G1 X84.256 Y94.731 E2576.60524
G1 F2081.6 X84.456 Y95.311 E2576.63023
G1 F2060.6 X84.497 Y95.868 E2576.65322
G1 X84.454 Y96.19 E2576.66659
G1 F2081.6 X84.298 Y96.68 E2576.68755
G1 F2077.4 X83.973 Y97.198 E2576.71251
G1 F2081.6 X83.541 Y97.592 E2576.73633
G1 F2056.5 X83.045 Y97.855 E2576.75949
G1 F2040 X82.69 Y97.955 E2576.77482
G1 F2048.2 X82.193 Y97.999 E2576.79548
G1 X81.666 Y97.923 E2576.81753
G1 F2044.1 X81.311 Y97.796 E2576.83317
G1 X80.833 Y97.502 E2576.85646
G1 F2056.5 X80.498 Y97.16 E2576.8762
G1 F2069 X80.312 Y96.89 E2576.88964
G1 X80.087 Y96.367 E2576.91298
G1 F2073.2 X80.023 Y96.057 E2576.92593
M204 S5000
M205 X30 Y30
G0 F7200 X80.022 Y95.857
G1 F1500 E2570.42593
G0 F7200 X79.716 Y95.856
G0 X80.192 Y97.217
G0 X79.339 Y97.965
G0 X79.338 Y112.536
G0 X80.023 Y115.057
M204 S3000
M205 X20 Y20
G1 F1500 E2576.92593
G1 F2073.2 X80.02 Y114.458 E2576.95044
G1 F2069 X80.138 Y113.977 E2576.97074
G1 F2060.6 X80.417 Y113.443 E2576.99554
G1 F2052.3 X80.829 Y113 E2577.02054
G1 F2048.2 X81.333 Y112.694 E2577.04495
G1 X82.147 Y112.502 E2577.07959
G1 F2052.3 X82.681 Y112.542 E2577.10172
G1 X83.053 Y112.648 E2577.1177
G1 F2069 X83.538 Y112.907 E2577.14024
G1 F2073.2 X84 Y113.335 E2577.166
G1 X84.256 Y113.731 E2577.1853
G1 F2081.6 X84.456 Y114.311 E2577.21029
G1 F2060.6 X84.497 Y114.868 E2577.23328
G1 X84.454 Y115.19 E2577.24665
G1 F2081.6 X84.298 Y115.68 E2577.2676
G1 F2077.4 X83.973 Y116.198 E2577.29257
G1 F2081.6 X83.541 Y116.592 E2577.31639
G1 F2056.5 X83.045 Y116.855 E2577.33955
G1 F2040 X82.69 Y116.955 E2577.35488
G1 F2048.2 X82.193 Y116.999 E2577.37554
G1 X81.666 Y116.923 E2577.39759
G1 F2044.1 X81.311 Y116.796 E2577.41323
G1 X80.833 Y116.502 E2577.43652
G1 F2056.5 X80.498 Y116.16 E2577.45626
G1 F2069 X80.312 Y115.89 E2577.4697
G1 X80.087 Y115.367 E2577.49304
G1 F2073.2 X80.023 Y115.057 E2577.50599
M204 S5000
M205 X30 Y30
G0 F7200 X80.022 Y114.857
G0 X79.56 Y115.315
M204 S3000
M205 X20 Y20
G1 F2027.8 X79.735 Y115.854 E2577.52969
G1 X80.012 Y116.345 E2577.55327
G1 F2035.9 X80.388 Y116.771 E2577.57694
G1 X80.594 Y116.945 E2577.58817
G1 F2044.1 X81.084 Y117.24 E2577.6119
G1 F2040 X81.616 Y117.424 E2577.63531
G1 F2044.1 X82.179 Y117.499 E2577.65887
G1 F2048.2 X82.741 Y117.453 E2577.68222
G1 F2035.9 X83.293 Y117.292 E2577.70618
G1 F2019.8 X83.535 Y117.175 E2577.71746
G1 X84.007 Y116.86 E2577.74129
G1 F2031.9 X84.494 Y116.364 E2577.77031
G1 X84.822 Y115.719 E2577.80051
G1 X84.907 Y115.444 E2577.81253
G1 F2035.9 X84.996 Y114.882 E2577.83623
G1 F2027.8 X84.993 Y114.614 E2577.84744
G1 F2023.8 X84.907 Y114.056 E2577.8711
G1 X84.821 Y113.781 E2577.88318
G1 F2019.8 X84.563 Y113.27 E2577.90721
G1 F2035.9 X84.41 Y113.051 E2577.91834
G1 X84.007 Y112.64 E2577.94232
G1 F2019.8 X83.536 Y112.324 E2577.96614
G1 F2027.8 X83.293 Y112.208 E2577.9774
G1 F2044.1 X82.742 Y112.046 E2578.00123
G1 F2048.2 X82.179 Y112.003 E2578.02461
G1 F2015.8 X81.618 Y112.081 E2578.04844
G1 X81.084 Y112.261 E2578.07215
G1 F2044.1 X80.593 Y112.555 E2578.0959
G1 F2035.9 X80.388 Y112.729 E2578.1071
G1 F2040 X80.011 Y113.155 E2578.13075
G1 X79.733 Y113.645 E2578.15417
G1 F2027.8 X79.561 Y114.185 E2578.17787
G1 F2023.8 X79.505 Y114.752 E2578.20175
G1 F2027.8 X79.56 Y115.315 E2578.22541
M204 S5000
M205 X30 Y30
G0 F7200 X79.621 Y115.505
G1 F1500 E2571.72541
G0 F7200 X79.907 Y115.414
G0 X84.777 Y114.866
G0 X85.911 Y114.866
G0 X134.089 Y114.866
G0 X135.004 Y114.637
M204 S3000
M205 X20 Y20
G1 F1500 E2578.22541
G1 F2027.8 X135.007 Y114.886 E2578.23583
G1 F2019.8 X135.093 Y115.444 E2578.25953
G1 X135.18 Y115.719 E2578.27165
G1 X135.435 Y116.228 E2578.29555
G1 F2035.9 X135.59 Y116.449 E2578.3068
G1 F2031.9 X135.993 Y116.86 E2578.33082
G1 F2015.8 X136.464 Y117.176 E2578.35469
G1 F2023.8 X136.707 Y117.292 E2578.36597
G1 F2044.1 X137.259 Y117.454 E2578.38984
G1 F2048.2 X137.821 Y117.498 E2578.41318
G1 F2040 X138.384 Y117.424 E2578.43679
G1 X138.916 Y117.239 E2578.46021
G1 F2044.1 X139.407 Y116.945 E2578.48395
G1 F2035.9 X139.612 Y116.771 E2578.49516
G1 F2040 X139.989 Y116.345 E2578.51881
G1 X140.267 Y115.855 E2578.54223
G1 F2027.8 X140.439 Y115.315 E2578.56593
G1 F2023.8 X140.496 Y114.748 E2578.58981
G1 F2027.8 X140.44 Y114.185 E2578.61348
G1 F2023.8 X140.265 Y113.646 E2578.63723
G1 F2027.8 X139.988 Y113.155 E2578.6608
G1 F2035.9 X139.611 Y112.727 E2578.68456
G1 X139.406 Y112.555 E2578.69571
G1 F2044.1 X138.916 Y112.26 E2578.71944
G1 F2035.9 X138.383 Y112.078 E2578.74291
G1 X137.821 Y112.002 E2578.76653
G1 F2044.1 X137.259 Y112.047 E2578.78992
G1 F2035.9 X136.707 Y112.208 E2578.81388
G1 F2019.8 X136.465 Y112.324 E2578.82515
G1 X135.993 Y112.64 E2578.849
G1 F2031.9 X135.507 Y113.134 E2578.87792
G1 X135.178 Y113.781 E2578.90822
G1 X135.093 Y114.056 E2578.92024
G1 F2040 X135.004 Y114.637 E2578.94467
M204 S5000
M205 X30 Y30
G0 F7200 X135.006 Y114.837
G0 X135.546 Y114.31
M204 S3000
M205 X20 Y20
G1 F2069 X135.702 Y113.819 E2578.96579
G1 F2056.5 X135.999 Y113.333 E2578.98928
G1 F2060.6 X136.459 Y112.908 E2579.01506
G1 X136.959 Y112.644 E2579.03833
G1 F2048.2 X137.31 Y112.545 E2579.05343
G1 X137.796 Y112.5 E2579.07365
G1 F2060.6 X138.079 Y112.526 E2579.08534
G1 X138.68 Y112.7 E2579.1111
G1 F2052.3 X139.167 Y112.998 E2579.13469
G1 F2069 X139.502 Y113.34 E2579.15431
G1 F2081.6 X139.688 Y113.61 E2579.16767
G1 F2073.2 X139.905 Y114.11 E2579.18997
G1 X139.98 Y114.466 E2579.20485
G1 F2077.4 X139.981 Y115.018 E2579.22739
G1 X139.862 Y115.523 E2579.24857
G1 F2064.8 X139.583 Y116.057 E2579.27332
G1 F2060.6 X139.171 Y116.5 E2579.29822
G1 F2052.3 X138.682 Y116.799 E2579.32191
G1 F2056.5 X138.378 Y116.909 E2579.33524
G1 F2060.6 X137.834 Y116.998 E2579.35793
G1 F2044.1 X137.31 Y116.958 E2579.37974
G1 F2048.2 X136.947 Y116.852 E2579.39539
G1 F2064.8 X136.462 Y116.593 E2579.41798
G1 F2069 X136.029 Y116.197 E2579.44203
G1 X135.744 Y115.768 E2579.46315
G1 F2073.2 X135.544 Y115.189 E2579.48821
G1 F2056.5 X135.503 Y114.644 E2579.51075
G1 X135.546 Y114.31 E2579.52464
M204 S5000
M205 X30 Y30
G0 F7200 X135.606 Y114.12
G1 F1500 E2573.02464
G0 F7200 X135.316 Y114.027
G0 X135.823 Y113.163
G0 X135.67 Y111.751
G0 X135.67 Y98.749
G0 X135.004 Y95.618
M204 S3000
M205 X20 Y20
G1 F1500 E2579.52464
G1 F2027.8 X135.007 Y95.886 E2579.53585
G1 F2019.8 X135.093 Y96.444 E2579.55955
G1 X135.18 Y96.719 E2579.57166
G1 X135.435 Y97.228 E2579.59557
G1 F2035.9 X135.59 Y97.449 E2579.60682
G1 F2031.9 X135.993 Y97.86 E2579.63084
G1 F2015.8 X136.464 Y98.176 E2579.65471
G1 F2023.8 X136.707 Y98.292 E2579.66599
G1 F2044.1 X137.259 Y98.454 E2579.68986
G1 F2048.2 X137.821 Y98.498 E2579.7132
G1 F2040 X138.384 Y98.424 E2579.73681
G1 X138.916 Y98.239 E2579.76023
G1 F2044.1 X139.407 Y97.945 E2579.78397
G1 F2035.9 X139.612 Y97.771 E2579.79518
G1 F2040 X139.989 Y97.345 E2579.81883
G1 X140.267 Y96.855 E2579.84225
G1 F2027.8 X140.439 Y96.315 E2579.86595
G1 F2023.8 X140.496 Y95.748 E2579.88983
G1 F2027.8 X140.44 Y95.185 E2579.9135
G1 F2023.8 X140.265 Y94.646 E2579.93725
G1 F2027.8 X139.988 Y94.155 E2579.96082
G1 F2035.9 X139.611 Y93.727 E2579.98458
G1 X139.406 Y93.555 E2579.99573
G1 F2044.1 X138.916 Y93.26 E2580.01946
G1 F2035.9 X138.383 Y93.078 E2580.04293
G1 X137.821 Y93.002 E2580.06655
G1 F2044.1 X137.259 Y93.047 E2580.08994
G1 F2035.9 X136.707 Y93.208 E2580.1139
G1 F2019.8 X136.465 Y93.324 E2580.12517
G1 X135.993 Y93.64 E2580.14902
G1 F2031.9 X135.507 Y94.134 E2580.17794
G1 X135.178 Y94.781 E2580.20824
G1 X135.093 Y95.056 E2580.22026
G1 F2040 X135.004 Y95.618 E2580.24391
M204 S5000
M205 X30 Y30
G0 F7200 X135.006 Y95.818
G0 X135.546 Y95.31
M204 S3000
M205 X20 Y20
G1 F2069 X135.702 Y94.819 E2580.26503
G1 F2056.5 X135.999 Y94.333 E2580.28852
G1 F2060.6 X136.459 Y93.908 E2580.3143
G1 X136.959 Y93.644 E2580.33757
G1 F2048.2 X137.31 Y93.545 E2580.35267
G1 X137.796 Y93.5 E2580.37288
G1 F2060.6 X138.079 Y93.526 E2580.38458
G1 X138.68 Y93.7 E2580.41033
G1 F2052.3 X139.167 Y93.998 E2580.43393
G1 F2069 X139.502 Y94.34 E2580.45355
G1 F2081.6 X139.688 Y94.61 E2580.46691
G1 F2073.2 X139.905 Y95.11 E2580.48921
G1 X139.98 Y95.466 E2580.50409
G1 F2077.4 X139.981 Y96.018 E2580.52663
G1 X139.862 Y96.523 E2580.54781
G1 F2064.8 X139.583 Y97.057 E2580.57256
G1 F2060.6 X139.171 Y97.5 E2580.59746
G1 F2052.3 X138.682 Y97.799 E2580.62115
G1 F2056.5 X138.378 Y97.909 E2580.63448
G1 F2060.6 X137.834 Y97.998 E2580.65717
G1 F2044.1 X137.31 Y97.958 E2580.67897
G1 F2048.2 X136.947 Y97.852 E2580.69463
G1 F2064.8 X136.462 Y97.593 E2580.71722
G1 F2069 X136.029 Y97.197 E2580.74127
G1 X135.744 Y96.768 E2580.76239
G1 F2073.2 X135.544 Y96.189 E2580.78745
G1 F2056.5 X135.503 Y95.644 E2580.80999
G1 X135.546 Y95.31 E2580.82387
M204 S5000
M205 X30 Y30
G0 F7200 X135.606 Y95.12
G1 F1500 E2574.32387
;MESH:NONMESH
G0 F600 X135.606 Y95.12 Z9.1
G0 F7200 X135.316 Y95.027
G0 X134.089 Y95.634
G0 X85.812 Y94.919
G0 X80.045 Y94.804
;TIME_ELAPSED:2485.968458
;LAYER:44
M204 S3000
M205 X20 Y20
;TYPE:WALL-OUTER
;MESH:Pi Holder.stl
G1 F1500 E2580.82387
G1 F2556.4 X80.314 Y94.328 E2580.84201
G1 F2562.8 X80.749 Y93.874 E2580.86282
G1 X81.262 Y93.561 E2580.88271
G1 F2582.3 X81.872 Y93.381 E2580.9036
G1 F2602 X82.479 Y93.362 E2580.92339
G1 F2595.4 X83.064 Y93.493 E2580.94298
G1 F2608.7 X83.621 Y93.782 E2580.96339
G1 X84.093 Y94.212 E2580.98414
G1 F2595.4 X84.398 Y94.684 E2581.00251
G1 X84.599 Y95.268 E2581.02269
G1 F2575.8 X84.647 Y95.88 E2581.0429
G1 X84.532 Y96.503 E2581.06377
G1 X84.267 Y97.052 E2581.08384
G1 F2582.3 X83.879 Y97.511 E2581.10358
G1 F2615.4 X83.615 Y97.721 E2581.11452
G1 F2595.4 X83.096 Y97.996 E2581.13371
G1 F2588.8 X82.479 Y98.138 E2581.15445
G1 F2602 X81.873 Y98.119 E2581.17422
G1 F2575.8 X81.251 Y97.932 E2581.1956
G1 F2556.4 X80.779 Y97.648 E2581.21388
G1 F2569.3 X80.515 Y97.406 E2581.2257
G1 F2595.4 X80.171 Y96.946 E2581.24447
G1 X79.932 Y96.372 E2581.26479
G1 F2582.3 X79.852 Y95.775 E2581.28457
G1 F2575.8 X79.915 Y95.182 E2581.30421
G1 F2562.8 X80.045 Y94.804 E2581.31744
M204 S5000
M205 X30 Y30
G0 F7200 X80.143 Y94.63
G0 X79.451 Y95.752
M204 S3000
M205 X20 Y20
G1 F2543.6 X79.512 Y96.325 E2581.33665
G1 F2518.5 X79.689 Y96.874 E2581.35608
G1 F2512.3 X79.974 Y97.372 E2581.37545
G1 F2531 X80.352 Y97.808 E2581.39478
G1 F2550 X80.565 Y97.986 E2581.40401
G1 F2556.4 X81.063 Y98.285 E2581.42329
G1 F2543.6 X81.605 Y98.472 E2581.4424
G1 F2518.5 X82.177 Y98.545 E2581.46182
G1 F2512.3 X82.749 Y98.5 E2581.48119
G1 F2524.8 X83.31 Y98.339 E2581.5008
G1 F2518.5 X83.56 Y98.219 E2581.51014
G1 F2531 X84.041 Y97.9 E2581.52948
G1 X84.446 Y97.479 E2581.54905
G1 F2537.3 X84.61 Y97.255 E2581.55833
G1 F2550 X84.869 Y96.738 E2581.57757
G1 F2537.3 X84.956 Y96.455 E2581.58746
G1 F2550 X85.047 Y95.886 E2581.60663
G1 F2531 X85.043 Y95.61 E2581.61588
G1 F2518.5 X84.955 Y95.045 E2581.63513
G1 X84.867 Y94.763 E2581.64508
G1 F2506.1 X84.605 Y94.245 E2581.66473
G1 F2524.8 X84.448 Y94.019 E2581.67397
G1 F2531 X84.039 Y93.602 E2581.69354
G1 F2512.3 X83.56 Y93.281 E2581.71301
G1 F2524.8 X83.31 Y93.161 E2581.72233
G1 F2531 X82.749 Y93 E2581.74188
G1 F2518.5 X82.177 Y92.956 E2581.7612
G1 X81.605 Y93.028 E2581.78062
G1 F2537.3 X81.063 Y93.215 E2581.79978
G1 F2550 X80.565 Y93.514 E2581.8191
G1 F2537.3 X80.353 Y93.694 E2581.8284
G1 F2543.6 X79.971 Y94.126 E2581.84763
G1 F2556.4 X79.686 Y94.625 E2581.86669
G1 F2543.6 X79.512 Y95.175 E2581.88593
G1 F2550 X79.451 Y95.752 E2581.90522
M204 S5000
M205 X30 Y30
G0 F7200 X79.472 Y95.95
G1 F1500 E2575.40522
G0 F7200 X80.045 Y113.804
M204 S3000
M205 X20 Y20
G1 F1500 E2581.90522
G1 F2556.4 X80.314 Y113.328 E2581.92336
G1 F2562.8 X80.749 Y112.874 E2581.94417
G1 X81.262 Y112.561 E2581.96406
G1 F2582.3 X81.872 Y112.381 E2581.98495
G1 F2602 X82.479 Y112.362 E2582.00474
G1 F2595.4 X83.064 Y112.493 E2582.02433
G1 F2608.7 X83.621 Y112.782 E2582.04474
G1 X84.093 Y113.212 E2582.06549
G1 F2595.4 X84.398 Y113.684 E2582.08386
G1 X84.599 Y114.268 E2582.10404
G1 F2575.8 X84.647 Y114.88 E2582.12425
G1 X84.532 Y115.503 E2582.14511
G1 X84.267 Y116.052 E2582.16519
G1 F2582.3 X83.879 Y116.511 E2582.18493
G1 F2615.4 X83.615 Y116.721 E2582.19587
G1 F2595.4 X83.096 Y116.996 E2582.21506
G1 F2588.8 X82.479 Y117.138 E2582.2358
G1 F2602 X81.873 Y117.119 E2582.25557
G1 F2575.8 X81.251 Y116.932 E2582.27695
G1 F2556.4 X80.779 Y116.648 E2582.29523
G1 F2569.3 X80.515 Y116.406 E2582.30705
G1 F2595.4 X80.171 Y115.946 E2582.32582
G1 X79.932 Y115.372 E2582.34614
G1 F2582.3 X79.852 Y114.775 E2582.36592
G1 F2575.8 X79.915 Y114.182 E2582.38556
G1 F2562.8 X80.045 Y113.804 E2582.39879
M204 S5000
M205 X30 Y30
G0 F7200 X80.143 Y113.63
G0 X79.451 Y114.752
M204 S3000
M205 X20 Y20
G1 F2543.6 X79.512 Y115.325 E2582.418
G1 F2518.5 X79.689 Y115.874 E2582.43743
G1 F2512.3 X79.974 Y116.372 E2582.4568
G1 F2531 X80.352 Y116.808 E2582.47613
G1 F2550 X80.565 Y116.986 E2582.48536
G1 F2556.4 X81.063 Y117.285 E2582.50464
G1 F2543.6 X81.605 Y117.472 E2582.52375
G1 F2518.5 X82.177 Y117.545 E2582.54317
G1 F2512.3 X82.749 Y117.5 E2582.56254
G1 F2524.8 X83.31 Y117.339 E2582.58215
G1 F2518.5 X83.56 Y117.219 E2582.59149
G1 F2531 X84.041 Y116.9 E2582.61083
G1 X84.446 Y116.479 E2582.6304
G1 F2537.3 X84.61 Y116.255 E2582.63968
G1 F2550 X84.869 Y115.738 E2582.65892
G1 F2537.3 X84.956 Y115.455 E2582.66881
G1 F2550 X85.047 Y114.886 E2582.68798
G1 F2531 X85.043 Y114.61 E2582.69723
G1 F2518.5 X84.955 Y114.045 E2582.71648
G1 X84.867 Y113.763 E2582.72643
G1 F2506.1 X84.605 Y113.245 E2582.74608
G1 F2524.8 X84.448 Y113.019 E2582.75532
G1 F2531 X84.039 Y112.602 E2582.77489
G1 F2512.3 X83.56 Y112.281 E2582.79436
G1 F2524.8 X83.31 Y112.161 E2582.80368
G1 F2531 X82.749 Y112 E2582.82323
G1 F2518.5 X82.177 Y111.956 E2582.84255
G1 X81.605 Y112.028 E2582.86197
G1 F2537.3 X81.063 Y112.215 E2582.88113
G1 F2550 X80.565 Y112.514 E2582.90045
G1 F2537.3 X80.353 Y112.694 E2582.90975
G1 F2543.6 X79.971 Y113.126 E2582.92898
G1 F2556.4 X79.686 Y113.625 E2582.94804
G1 F2543.6 X79.512 Y114.175 E2582.96728
G1 F2550 X79.451 Y114.752 E2582.98657
M204 S5000
M205 X30 Y30
G0 F7200 X79.472 Y114.95
G1 F1500 E2576.48657
G0 F7200 X135.044 Y114.045
M204 S3000
M205 X20 Y20
G1 F1500 E2582.98657
G1 F2543.6 X134.953 Y114.614 E2583.00579
G1 F2531 X134.957 Y114.89 E2583.01504
G1 F2512.3 X135.045 Y115.455 E2583.03434
G1 X135.133 Y115.737 E2583.04431
G1 F2506.1 X135.393 Y116.253 E2583.06387
G1 F2524.8 X135.552 Y116.48 E2583.07318
G1 X135.961 Y116.898 E2583.09282
G1 F2512.3 X136.44 Y117.219 E2583.11229
G1 F2524.8 X136.69 Y117.339 E2583.1216
G1 F2531 X137.251 Y117.5 E2583.14116
G1 F2512.3 X137.823 Y117.545 E2583.16053
G1 X138.395 Y117.472 E2583.18
G1 F2537.3 X138.937 Y117.285 E2583.19916
G1 F2550 X139.435 Y116.986 E2583.21848
G1 F2531 X139.647 Y116.806 E2583.2278
G1 F2537.3 X140.029 Y116.374 E2583.24708
G1 F2550 X140.314 Y115.875 E2583.26619
G1 F2537.3 X140.488 Y115.325 E2583.28547
G1 F2550 X140.549 Y114.748 E2583.30477
G1 F2543.6 X140.488 Y114.175 E2583.32399
G1 F2512.3 X140.311 Y113.626 E2583.34346
G1 F2506.1 X140.026 Y113.128 E2583.36288
G1 F2531 X139.646 Y112.691 E2583.38228
G1 F2543.6 X139.435 Y112.514 E2583.39147
G1 F2550 X138.937 Y112.215 E2583.41079
G1 F2537.3 X138.395 Y112.028 E2583.42995
G1 F2518.5 X137.823 Y111.956 E2583.44937
G1 F2512.3 X137.251 Y112 E2583.46873
G1 F2524.8 X136.69 Y112.161 E2583.48834
G1 F2518.5 X136.44 Y112.281 E2583.49768
G1 F2531 X135.959 Y112.6 E2583.51702
G1 F2537.3 X135.554 Y113.021 E2583.53655
G1 X135.373 Y113.276 E2583.547
G1 F2543.6 X135.131 Y113.762 E2583.5651
G1 F2537.3 X135.044 Y114.045 E2583.575
M204 S5000
M205 X30 Y30
G0 F7200 X135.013 Y114.242
G0 X135.401 Y115.232
M204 S3000
M205 X20 Y20
G1 F2575.8 X135.353 Y114.624 E2583.59508
G1 F2562.8 X135.468 Y113.997 E2583.61618
G1 F2556.4 X135.728 Y113.456 E2583.63609
G1 F2575.8 X136.121 Y112.989 E2583.65619
G1 F2602 X136.385 Y112.779 E2583.66718
G1 F2588.8 X136.904 Y112.504 E2583.68643
G1 X137.521 Y112.362 E2583.70717
G1 F2602 X138.127 Y112.381 E2583.72693
G1 F2575.8 X138.749 Y112.568 E2583.74832
G1 F2550 X139.221 Y112.852 E2583.76664
G1 F2575.8 X139.493 Y113.105 E2583.77887
G1 F2608.7 X139.841 Y113.574 E2583.79786
G1 X140.068 Y114.128 E2583.81732
G1 F2588.8 X140.149 Y114.729 E2583.83719
G1 X140.085 Y115.317 E2583.85657
G1 F2582.3 X139.964 Y115.677 E2583.86904
G1 F2569.3 X139.689 Y116.166 E2583.88756
G1 F2575.8 X139.251 Y116.626 E2583.90847
G1 F2569.3 X138.738 Y116.939 E2583.92831
G1 F2582.3 X138.128 Y117.119 E2583.9492
G1 F2602 X137.521 Y117.138 E2583.969
G1 F2595.4 X136.936 Y117.007 E2583.98859
G1 X136.379 Y116.718 E2584.00909
G1 F2588.8 X135.905 Y116.284 E2584.03015
G1 F2582.3 X135.591 Y115.796 E2584.04921
G1 F2595.4 X135.401 Y115.232 E2584.06865
M204 S5000
M205 X30 Y30
G0 F7200 X135.386 Y115.033
G1 F1500 E2577.56865
G0 F7200 X135.401 Y96.232
M204 S3000
M205 X20 Y20
G1 F1500 E2584.06865
G1 F2575.8 X135.353 Y95.62 E2584.08887
G1 F2562.8 X135.468 Y94.997 E2584.10983
G1 F2556.4 X135.728 Y94.456 E2584.12975
G1 F2575.8 X136.121 Y93.989 E2584.14985
G1 F2602 X136.385 Y93.779 E2584.16084
G1 F2588.8 X136.904 Y93.504 E2584.18008
G1 X137.521 Y93.362 E2584.20083
G1 F2602 X138.127 Y93.381 E2584.22059
G1 F2575.8 X138.749 Y93.568 E2584.24197
G1 F2550 X139.221 Y93.852 E2584.2603
G1 F2575.8 X139.493 Y94.105 E2584.27253
G1 F2608.7 X139.841 Y94.574 E2584.29151
G1 X140.068 Y95.128 E2584.31098
G1 F2588.8 X140.149 Y95.729 E2584.33085
G1 X140.085 Y96.317 E2584.35022
G1 F2582.3 X139.964 Y96.677 E2584.3627
G1 F2569.3 X139.689 Y97.166 E2584.38122
G1 F2575.8 X139.251 Y97.626 E2584.40213
G1 F2569.3 X138.738 Y97.939 E2584.42197
G1 F2582.3 X138.128 Y98.119 E2584.44286
G1 F2602 X137.521 Y98.138 E2584.46265
G1 F2595.4 X136.936 Y98.007 E2584.48224
G1 X136.379 Y97.718 E2584.50275
G1 F2588.8 X135.905 Y97.284 E2584.52381
G1 F2582.3 X135.591 Y96.796 E2584.54286
G1 F2595.4 X135.401 Y96.232 E2584.56231
M204 S5000
M205 X30 Y30
G0 F7200 X135.386 Y96.033
G0 X135.044 Y95.045
M204 S3000
M205 X20 Y20
G1 F2543.6 X134.953 Y95.614 E2584.58153
G1 F2531 X134.957 Y95.89 E2584.59078
G1 F2512.3 X135.045 Y96.455 E2584.61008
G1 X135.133 Y96.737 E2584.62005
G1 F2506.1 X135.393 Y97.253 E2584.63961
G1 F2524.8 X135.552 Y97.48 E2584.64892
G1 X135.961 Y97.898 E2584.66856
G1 F2512.3 X136.44 Y98.219 E2584.68803
G1 F2524.8 X136.69 Y98.339 E2584.69734
G1 F2531 X137.251 Y98.5 E2584.7169
G1 F2512.3 X137.823 Y98.545 E2584.73627
G1 X138.395 Y98.472 E2584.75574
G1 F2537.3 X138.937 Y98.285 E2584.7749
G1 F2550 X139.435 Y97.986 E2584.79422
G1 F2531 X139.647 Y97.806 E2584.80354
G1 F2537.3 X140.029 Y97.374 E2584.82282
G1 F2550 X140.314 Y96.875 E2584.84193
G1 F2537.3 X140.488 Y96.325 E2584.86121
G1 F2550 X140.549 Y95.748 E2584.88051
G1 F2543.6 X140.488 Y95.175 E2584.89973
G1 F2512.3 X140.311 Y94.626 E2584.9192
G1 F2506.1 X140.026 Y94.128 E2584.93862
G1 F2531 X139.646 Y93.691 E2584.95802
G1 F2543.6 X139.435 Y93.514 E2584.96721
G1 F2550 X138.937 Y93.215 E2584.98653
G1 F2537.3 X138.395 Y93.028 E2585.00569
G1 F2518.5 X137.823 Y92.956 E2585.0251
G1 F2512.3 X137.251 Y93 E2585.04447
G1 F2524.8 X136.69 Y93.161 E2585.06408
G1 F2518.5 X136.44 Y93.281 E2585.07342
G1 F2531 X135.959 Y93.6 E2585.09276
G1 F2537.3 X135.554 Y94.021 E2585.11228
G1 X135.373 Y94.276 E2585.12274
G1 F2543.6 X135.131 Y94.762 E2585.14084
G1 F2537.3 X135.044 Y95.045 E2585.15074
M204 S5000
M205 X30 Y30
G0 F7200 X135.013 Y95.242
;TIME_ELAPSED:2491.886180
G1 F1500 E2578.65074
M140 S0
M204 S4000
M205 X20 Y20
M107
G91 ;Relative positioning
G1 E-2 F2700 ;Retract a bit
G1 E-2 Z0.2 F2400 ;Retract and raise Z
G1 X5 Y5 F3000 ;Wipe out
G1 Z10 ;Raise Z more
G90 ;Absolute positioning

G1 X0 Y220 ;Present print
M106 S0 ;Turn-off fan
M104 S0 ;Turn-off hotend
M140 S0 ;Turn-off bed

M84 X Y E ;Disable all steppers but Z
M82 ;absolute extrusion mode
M104 S0
;End of Gcode
;SETTING_3 {"global_quality": "[general]\\nversion = 4\\nname = 20240330 - Robot
;SETTING_3  build\\ndefinition = hellbot_magna_I\\n\\n[metadata]\\ntype = qualit
;SETTING_3 y_changes\\nquality_type = fast\\nsetting_version = 20\\n\\n[values]\
;SETTING_3 \nacceleration_enabled = True\\nadhesion_type = none\\njerk_enabled =
;SETTING_3  True\\njerk_travel_enabled = True\\nlayer_height = 0.2\\nremove_empt
;SETTING_3 y_first_layers = False\\nsmooth_spiralized_contours = False\\nsupport
;SETTING_3 _enable = False\\nsupport_type = everywhere\\n\\n", "extruder_quality
;SETTING_3 ": ["[general]\\nversion = 4\\nname = 20240330 - Robot build\\ndefini
;SETTING_3 tion = hellbot_magna_I\\n\\n[metadata]\\ntype = quality_changes\\nqua
;SETTING_3 lity_type = fast\\nintent_category = default\\nposition = 0\\nsetting
;SETTING_3 _version = 20\\n\\n[values]\\nhole_xy_offset = 0.25\\ninfill_sparse_d
;SETTING_3 ensity = 20\\nironing_enabled = True\\nironing_only_highest_layer = T
;SETTING_3 rue\\nline_width = 0.5\\nmeshfix_union_all = False\\nspeed_print = 50
;SETTING_3 \\nsupport_angle = 75\\ntop_bottom_thickness = 1.5\\nxy_offset_layer_
;SETTING_3 0 = -0.2\\n\\n"]}
