;FLAVOR:Marlin
;TIME:2435
;Filament used: 2.54101m
;Layer height: 0.2
;MINX:76.25
;MINY:89.5
;MINZ:0.3
;MAXX:143.75
;MAXY:130.5
;MAXZ:6.1
;Generated with Cura_SteamEngine main
M140 S60
M105
M190 S60
M104 S200
M105
M109 S200
M82 ;absolute extrusion mode
; Ender 3 Custom Start G-code
G92 E0 ; Reset Extruder
G28 ; Home all axes
G1 Z2.0 F3000 ; Move Z Axis up little to prevent scratching of Heat Bed
G1 X0.1 Y20 Z0.3 F5000.0 ; Move to start position
G1 X0.1 Y200.0 Z0.3 F1500.0 E15 ; Draw the first line
G1 X0.4 Y200.0 Z0.3 F5000.0 ; Move to side a little
G1 X0.4 Y20 Z0.3 F1500.0 E30 ; Draw the second line
G92 E0 ; Reset Extruder
G1 Z2.0 F3000 ; Move Z Axis up little to prevent scratching of Heat Bed
G1 X5 Y20 Z0.3 F5000.0 ; Move over to prevent blob squish
G92 E0
G92 E0
G1 F1500 E-6.5
;LAYER_COUNT:30
;LAYER:0
M107
M204 S5000
M205 X30 Y30
;MESH:Pi Holder.stl
G0 F3600 X80.241 Y95.139 Z0.3
M204 S3000
M205 X20 Y20
;TYPE:WALL-INNER
G1 F1500 E0
G1 X80.514 Y94.585 E0.03852
G1 F1241.7 X80.906 Y94.005 E0.09125
G1 F1141.6 X81.159 Y93.844 E0.11583
G1 F1266.9 X81.66 Y93.744 E0.15355
G1 F1325.1 X82.162 Y93.643 E0.1897
G1 F1425.9 X82.856 Y93.733 E0.23561
G1 F1500 X83.415 Y94.014 E0.27463
G1 X83.597 Y94.147 E0.28868
G1 X83.983 Y94.579 E0.32481
G1 X84.247 Y95.101 E0.36129
G1 X84.347 Y95.676 E0.39769
G1 X84.272 Y96.339 E0.4393
G1 X84.047 Y96.834 E0.47321
G1 X83.725 Y97.239 E0.50548
G1 X83.566 Y97.376 E0.51856
G1 X82.999 Y97.709 E0.55957
G1 X82.332 Y97.858 E0.60219
G1 X81.572 Y97.746 E0.6501
G1 X80.851 Y97.329 E0.70204
G1 X80.434 Y96.814 E0.74337
G1 X80.26 Y96.417 E0.7704
G1 X80.156 Y95.889 E0.80396
G1 X80.158 Y95.717 E0.81469
G1 X80.241 Y95.139 E0.8511
M204 S5000
M205 X30 Y30
G1 F1500 E-5.6489
G0 F3600 X80.101 Y95.088
G0 X80.026 Y96.505
G0 X80.248 Y100.473
G0 X79.186 Y101.128
G0 X78.428 Y102.172
G0 X78.215 Y103.524
G1 F1500 E0.8511
G0 F3600 X78.364 Y103.527
M204 S3000
M205 X20 Y20
G1 F1500 X78.383 Y102.79 E0.89708
G1 X78.588 Y102.168 E0.93792
G1 X78.924 Y101.609 E0.97859
G1 X79.287 Y101.22 E1.01178
G1 X79.883 Y100.841 E1.05582
G1 X80.419 Y100.664 E1.09102
G1 X81.005 Y100.601 E1.12778
G1 X81.488 Y100.638 E1.15799
G1 X82.17 Y100.868 E1.20287
G1 X82.623 Y101.157 E1.23638
G1 X83.142 Y101.675 E1.28211
G1 X83.503 Y102.356 E1.33018
G1 X83.639 Y103.021 E1.37251
G1 X83.625 Y103.587 E1.40782
G1 X83.454 Y104.263 E1.4513
G1 X83.106 Y104.882 E1.49559
G1 X82.57 Y105.384 E1.54138
G1 X82.173 Y105.629 E1.57048
G1 X81.509 Y105.854 E1.6142
G1 X80.979 Y105.898 E1.64736
G1 X80.379 Y105.833 E1.685
G1 X79.675 Y105.553 E1.73225
G1 X79.064 Y105.071 E1.78078
G1 X78.623 Y104.44 E1.82879
G1 X78.401 Y103.761 E1.87334
G1 X78.364 Y103.527 E1.88812
M204 S5000
M205 X30 Y30
G1 F1500 E-4.61188
G0 F3600 X78.215 Y103.524
G0 X78.522 Y104.529
G0 X79.443 Y105.665
G0 X80.806 Y113.679
G0 X80.004 Y114.81
G1 F1500 E1.88812
G0 F3600 X80.153 Y114.813
M204 S3000
M205 X20 Y20
G1 F1500 X80.218 Y114.25 E1.92346
G1 X80.298 Y113.998 E1.93995
G1 X80.647 Y113.403 E1.98296
G1 X81.053 Y113.032 E2.01726
G1 X81.515 Y112.787 E2.04988
G1 X82.165 Y112.642 E2.09141
G1 X82.895 Y112.744 E2.13737
G1 X83.449 Y113.033 E2.17634
G1 X83.938 Y113.494 E2.21825
G1 X84.252 Y114.091 E2.26032
G1 X84.355 Y114.667 E2.29681
G1 X84.271 Y115.338 E2.33898
G1 X84.097 Y115.75 E2.36687
G1 X83.674 Y116.308 E2.41054
G1 X83.075 Y116.687 E2.45474
G1 X82.364 Y116.857 E2.50033
G1 X81.681 Y116.769 E2.54328
G1 X81.468 Y116.686 E2.55754
G1 X80.962 Y116.393 E2.594
G1 X80.751 Y116.211 E2.61138
G1 X80.38 Y115.701 E2.65071
G1 X80.224 Y115.284 E2.67847
G1 X80.164 Y114.944 E2.7
G1 X80.153 Y114.813 E2.7082
M204 S5000
M205 X30 Y30
G1 F1500 E-3.7918
G0 F3600 X80.004 Y114.81
G0 X79.059 Y124.098
G0 X78.248 Y125.772
G1 F1500 E2.7082
G0 F3600 X78.384 Y125.791
M204 S3000
M205 X20 Y20
G1 F1500 X78.588 Y125.168 E2.74908
G1 X78.924 Y124.609 E2.78976
G1 X79.291 Y124.216 E2.82329
G1 X79.89 Y123.836 E2.86753
G1 X80.484 Y123.655 E2.90625
G1 X81.001 Y123.602 E2.93866
G1 X81.49 Y123.644 E2.96927
G1 X82.18 Y123.867 E3.01449
G1 X82.628 Y124.157 E3.04777
G1 X83.136 Y124.672 E3.09289
G1 X83.503 Y125.36 E3.14152
G1 X83.651 Y126.07 E3.18674
G1 X83.616 Y126.625 E3.22142
G1 X83.459 Y127.254 E3.26185
G1 X83.109 Y127.879 E3.30653
G1 X82.599 Y128.358 E3.35016
G1 X82.244 Y128.592 E3.37668
G1 F1313.5 X81.588 Y128.903 E3.42838
G1 F1099.7 X81.479 Y128.971 E3.43931
G1 F1076 X81.008 Y128.996 E3.48031
G1 F1136.4 X80.342 Y128.894 E3.53577
G1 F1168.2 X79.856 Y128.715 E3.57725
G1 F1173.7 X79.306 Y128.378 E3.62865
G1 F1132.9 X78.849 Y127.94 E3.68092
G1 F1071.4 X78.508 Y127.433 E3.73427
G1 F1229.5 X78.465 Y126.957 E3.77063
G1 F1500 X78.362 Y126.586 E3.79464
G1 X78.384 Y125.791 E3.84424
M204 S5000
M205 X30 Y30
G0 F3600 X78.194 Y125.761
G0 X78.942 Y124.364
G0 X79.954 Y123.663
G0 X81.137 Y123.463
G0 X82.304 Y123.782
G0 X83.274 Y124.632
G0 X83.849 Y126.466
G0 X83.35 Y127.88
G0 X82.152 Y128.863
G0 X137.724 Y129.588
G0 X137.17 Y128.438
G0 X136.517 Y127.552
G0 X136.156 Y126.448
G0 X136.349 Y126.428
M204 S3000
M205 X20 Y20
G1 F1500 X136.384 Y125.875 E3.87879
G1 X136.541 Y125.246 E3.91922
G1 X136.888 Y124.627 E3.96348
G1 X137.457 Y124.094 E4.0121
G1 X137.827 Y123.871 E4.03904
G1 X138.498 Y123.643 E4.08324
G1 X139.021 Y123.602 E4.11595
G1 X139.516 Y123.655 E4.147
G1 X140.029 Y123.81 E4.18042
G1 X140.568 Y124.119 E4.21916
G1 X140.966 Y124.462 E4.25193
G1 X141.381 Y125.069 E4.29778
G1 X141.639 Y125.859 E4.34961
G1 X141.619 Y126.629 E4.39765
G1 X141.535 Y126.962 E4.41906
G1 F1221.5 X141.488 Y127.435 E4.45547
G1 F1040.2 X141.398 Y127.595 E4.47197
G1 F1087 X141.064 Y128.047 E4.52034
G1 F1145 X140.694 Y128.378 E4.5609
G1 F1177.4 X140.144 Y128.715 E4.61215
G1 F1170 X139.658 Y128.894 E4.65355
G1 F1127.8 X139.059 Y128.986 E4.70382
G1 F1074.5 X138.598 Y128.978 E4.74396
G1 F1148.5 X138.42 Y128.878 E4.76059
G1 F1322.8 X137.772 Y128.604 E4.81034
G1 F1436.8 X137.321 Y128.291 E4.84608
G1 F1500 X136.855 Y127.819 E4.88745
G1 X136.497 Y127.146 E4.93499
G1 X136.349 Y126.428 E4.9807
M204 S5000
M205 X30 Y30
G1 F1500 E-1.5193
G0 F3600 X136.214 Y126.444
G0 X137.187 Y123.999
G0 X137.103 Y116.987
G0 X136.206 Y116.373
G0 X135.599 Y115.369
G0 X135.608 Y114.066
G1 F1500 E4.9807
G0 F3600 X135.738 Y114.117
M204 S3000
M205 X20 Y20
G1 F1500 X136.032 Y113.552 E5.02042
G1 X136.461 Y113.095 E5.05951
G1 X136.966 Y112.803 E5.09589
G1 X137.647 Y112.641 E5.13955
G1 X138.32 Y112.731 E5.18189
G1 X138.915 Y113.014 E5.22298
G1 X139.097 Y113.147 E5.23704
G1 X139.483 Y113.579 E5.27317
G1 X139.774 Y114.207 E5.31633
G1 X139.849 Y114.687 E5.34663
G1 X139.778 Y115.28 E5.38387
G1 X139.62 Y115.701 E5.41192
G1 X139.249 Y116.211 E5.45125
G1 X139.066 Y116.376 E5.46661
G1 X138.485 Y116.713 E5.5085
G1 X137.833 Y116.858 E5.55015
G1 X137.097 Y116.755 E5.5965
G1 X136.347 Y116.323 E5.65047
G1 X135.922 Y115.798 E5.6926
G1 X135.735 Y115.336 E5.72368
G1 X135.664 Y114.944 E5.74852
G1 X135.655 Y114.75 E5.76064
G1 X135.738 Y114.117 E5.80045
M204 S5000
M205 X30 Y30
G1 F1500 E-0.69955
G0 F3600 X135.608 Y114.066
G0 X136.235 Y112.989
G0 X137.158 Y105.453
G0 X136.355 Y104.133
G0 X136.22 Y102.936
G1 F1500 E5.80045
G0 F3600 X136.365 Y102.951
M204 S3000
M205 X20 Y20
G1 F1500 X136.54 Y102.25 E5.84551
G1 X136.892 Y101.619 E5.89057
G1 X137.458 Y101.093 E5.93875
G1 X137.833 Y100.864 E5.96616
G1 X138.507 Y100.641 E6.01043
G1 X139.064 Y100.606 E6.04523
G1 X139.612 Y100.672 E6.07965
G1 X140.054 Y100.819 E6.1087
G1 X140.568 Y101.119 E6.14582
G1 X140.965 Y101.462 E6.17854
G1 X141.379 Y102.063 E6.22405
G1 X141.6 Y102.739 E6.2684
G1 X141.637 Y102.973 E6.28318
G1 X141.618 Y103.704 E6.32878
G1 X141.379 Y104.437 E6.37686
G1 X140.936 Y105.071 E6.42509
G1 X140.324 Y105.554 E6.47371
G1 X139.619 Y105.834 E6.52102
G1 X139 Y105.898 E6.55983
G1 X138.52 Y105.863 E6.58984
G1 X137.819 Y105.632 E6.63587
G1 X137.376 Y105.347 E6.66872
G1 X136.857 Y104.821 E6.7148
G1 X136.505 Y104.16 E6.7615
G1 X136.369 Y103.525 E6.802
G1 X136.365 Y102.951 E6.8378
M204 S5000
M205 X30 Y30
G1 F1500 E0.3378
G0 F3600 X136.22 Y102.936
G0 X136.677 Y101.76
G0 X137.051 Y97.993
G0 X135.508 Y95.72
G1 F1500 E6.8378
G0 F3600 X135.658 Y95.717
M204 S3000
M205 X20 Y20
G1 F1500 X135.744 Y95.128 E6.87492
G1 X136.014 Y94.585 E6.91274
G1 X136.147 Y94.403 E6.9268
G1 X136.553 Y94.032 E6.9611
G1 X136.986 Y93.796 E6.99185
G1 X137.638 Y93.648 E7.03354
G1 X138.253 Y93.719 E7.07215
G1 F1223.5 X138.796 Y93.823 E7.11442
G1 F1037.3 X139.125 Y94.021 E7.14905
G1 F1229.5 X139.483 Y94.579 E7.19949
G1 F1500 X139.758 Y95.136 E7.23823
G1 X139.845 Y95.755 E7.27721
G1 X139.778 Y96.28 E7.31022
G1 X139.565 Y96.816 E7.34619
G1 X139.163 Y97.31 E7.3859
G1 X138.557 Y97.701 E7.43088
G1 X137.826 Y97.855 E7.47747
G1 X137.095 Y97.759 E7.52345
G1 X136.34 Y97.322 E7.57785
G1 X135.899 Y96.744 E7.62319
G1 X135.737 Y96.345 E7.65004
G1 X135.664 Y95.944 E7.67546
G1 X135.658 Y95.717 E7.68962
M204 S5000
M205 X30 Y30
G0 F3600 X135.453 Y95.717
G0 X136.063 Y94.275
G0 X137.107 Y93.604
G0 X138.998 Y93.523
G0 X139.202 Y93.225
M204 S3000
M205 X20 Y20
G1 F1223.5 X138.879 Y92.799 E7.7305
G1 F1500 X138.797 Y92.717 E7.73773
G1 X138.381 Y92.12 E7.78311
G1 X138.152 Y91.526 E7.82281
G1 X138.054 Y91.041 E7.85366
G1 X138.051 Y90.2 E7.90611
G1 X81.949 Y90.2 E11.40479
G1 X81.947 Y91.031 E11.45661
G1 X81.853 Y91.499 E11.48638
G1 X81.622 Y92.115 E11.52741
G1 X81.248 Y92.657 E11.56847
G1 F1356.2 X80.835 Y93.109 E11.6107
G1 F1138.1 X80.68 Y93.311 E11.63163
G1 F1056.3 X80.525 Y93.413 E11.64806
G1 F1241.7 X80.046 Y93.501 E11.68475
G1 F1500 X79.493 Y93.728 E11.72203
G1 X78.822 Y94.147 E11.77137
G1 X78.319 Y94.572 E11.81243
G1 X77.771 Y95.192 E11.86403
G1 X77.376 Y95.91 E11.91514
G1 X77.142 Y96.523 E11.95606
G1 X76.997 Y97.178 E11.9979
G1 X76.952 Y97.596 E12.02411
G1 X76.95 Y125.473 E13.7626
G1 X77 Y125.911 E13.79009
G1 X77.193 Y126.752 E13.8439
G1 X77.481 Y127.352 E13.88541
G1 F1229.5 X77.877 Y127.777 E13.9296
G1 F1059.3 X78.208 Y128.245 E13.98022
G1 F1107.8 X78.715 Y128.743 E14.04023
G1 F1148.5 X79.264 Y129.123 E14.09461
G1 F1155.6 X80.036 Y129.492 E14.16387
G1 F1127.8 X80.854 Y129.661 E14.23315
G1 F1068.4 X81.541 Y129.688 E14.29335
G1 F1099.7 X81.72 Y129.727 E14.30894
G1 F1313.5 X82.275 Y129.799 E14.34879
G1 F1500 X137.721 Y129.799 E17.80656
G1 F1376.1 X138.28 Y129.754 E17.84468
G1 F1148.5 X138.569 Y129.691 E17.86877
G1 F1074.5 X139.146 Y129.661 E17.91907
G1 F1127.8 X139.971 Y129.49 E17.98895
G1 F1155.6 X140.736 Y129.123 E18.05763
G1 F1146.8 X141.426 Y128.643 E18.1262
G1 F1093.3 X141.975 Y128.014 E18.19763
G1 F1040.2 X142.122 Y127.782 E18.22233
G1 F1221.5 X142.516 Y127.357 E18.26671
G1 F1500 X142.806 Y126.757 E18.30827
G1 X142.999 Y125.911 E18.36238
G1 X143.049 Y125.48 E18.38944
G1 X143.049 Y97.587 E20.12893
G1 X142.917 Y96.686 E20.18572
G1 X142.624 Y95.908 E20.23756
G1 X142.223 Y95.183 E20.28923
G1 X141.68 Y94.57 E20.3403
G1 X141.179 Y94.147 E20.38119
G1 X140.501 Y93.726 E20.43096
G1 F1473.5 X139.942 Y93.507 E20.46907
G1 F1211.6 X139.54 Y93.436 E20.50059
G1 F1037.3 X139.202 Y93.225 E20.53652
M204 S5000
M205 X30 Y30
G0 F3600 X139.146 Y93.289
G0 X137.606 Y93.514
G0 X136.275 Y94.064
G0 X135.601 Y95.113
G0 X135.561 Y96.451
G0 X136.226 Y96.235
M204 S3000
M205 X20 Y20
;TYPE:WALL-OUTER
G1 F1500 X136.156 Y95.857 E20.5605
G1 X136.154 Y95.781 E20.56524
G1 X136.223 Y95.273 E20.59721
G1 X136.476 Y94.78 E20.63177
G1 X136.804 Y94.464 E20.66017
G1 X137.15 Y94.268 E20.68497
G1 X137.683 Y94.152 E20.71899
G1 X138.227 Y94.224 E20.75321
G1 X138.716 Y94.473 E20.78743
G1 X139.041 Y94.813 E20.81676
G1 X139.276 Y95.271 E20.84886
G1 X139.347 Y95.71 E20.8766
G1 X139.285 Y96.194 E20.90703
G1 X139.146 Y96.534 E20.92993
G1 X138.815 Y96.942 E20.9627
G1 X138.351 Y97.231 E20.99679
G1 X137.833 Y97.347 E21.02989
G1 X137.254 Y97.274 E21.06628
G1 X136.673 Y96.937 E21.10817
G1 X136.364 Y96.55 E21.13906
G1 X136.226 Y96.235 E21.1605
M204 S5000
M205 X30 Y30
G0 F3600 X136.19 Y96.039
G1 F1500 E14.6605
G0 F3600 X135.549 Y96.153
G0 X136.055 Y97.367
G0 X137.211 Y101.004
G0 X136.427 Y102.226
G1 F1500 E21.1605
G0 F3600 X136.862 Y103.035
M204 S3000
M205 X20 Y20
G1 F1500 X137.009 Y102.432 E21.19921
G1 X137.288 Y101.939 E21.23453
G1 X137.762 Y101.49 E21.27525
G1 X138.027 Y101.33 E21.29456
G1 X138.626 Y101.131 E21.33392
G1 X138.962 Y101.102 E21.35495
G1 X139.489 Y101.155 E21.38798
G1 X139.918 Y101.307 E21.41636
G1 X140.345 Y101.574 E21.44777
G1 X140.609 Y101.826 E21.47053
G1 X140.925 Y102.288 E21.50544
G1 X141.138 Y102.938 E21.54809
G1 X141.117 Y103.62 E21.59065
G1 X140.926 Y104.212 E21.62944
G1 X140.569 Y104.725 E21.66842
G1 X140.074 Y105.115 E21.70771
G1 X139.498 Y105.344 E21.74637
G1 X138.962 Y105.398 E21.77997
G1 X138.616 Y105.367 E21.80163
G1 X138.034 Y105.175 E21.83985
G1 X137.7 Y104.96 E21.86462
G1 X137.263 Y104.521 E21.90325
G1 X136.98 Y103.987 E21.94094
G1 X136.859 Y103.423 E21.97691
G1 X136.862 Y103.035 E22.00111
M204 S5000
M205 X30 Y30
G0 F3600 X136.909 Y102.841
G1 F1500 E15.50111
G0 F3600 X136.272 Y102.7
G0 X136.432 Y104.342
G0 X137.158 Y105.453
G0 X137.017 Y112.548
G0 X135.94 Y113.434
G0 X135.531 Y114.744
G1 F1500 E22.00111
G0 F3600 X136.225 Y115.232
M204 S3000
M205 X20 Y20
G1 F1500 X136.156 Y114.857 E22.02489
G1 X136.153 Y114.792 E22.02895
G1 X136.222 Y114.266 E22.06203
G1 X136.471 Y113.793 E22.09537
G1 X136.773 Y113.485 E22.12227
G1 X137.16 Y113.265 E22.15003
G1 X137.666 Y113.153 E22.18235
G1 X138.211 Y113.219 E22.21658
G1 X138.72 Y113.476 E22.25214
G1 X139.041 Y113.813 E22.28117
G1 X139.282 Y114.295 E22.31477
G1 X139.348 Y114.687 E22.33956
G1 X139.285 Y115.194 E22.37142
G1 X139.16 Y115.506 E22.39239
G1 X138.797 Y115.954 E22.42834
G1 X138.336 Y116.236 E22.46205
G1 X137.82 Y116.351 E22.49501
G1 X137.262 Y116.276 E22.53013
G1 X136.674 Y115.937 E22.57245
G1 X136.357 Y115.539 E22.60418
G1 X136.225 Y115.232 E22.62502
M204 S5000
M205 X30 Y30
G0 F3600 X136.189 Y115.036
G1 F1500 E16.12502
G0 F3600 X135.548 Y115.15
G0 X136.07 Y116.355
G0 X137.187 Y123.999
G0 X136.237 Y125.85
G1 F1500 E22.62502
G0 F3600 X136.869 Y125.996
M204 S3000
M205 X20 Y20
G1 F1500 X137.011 Y125.434 E22.66117
G1 X137.288 Y124.935 E22.69677
G1 X137.773 Y124.482 E22.73815
G1 X138.037 Y124.325 E22.75731
G1 X138.591 Y124.14 E22.79373
G1 X138.962 Y124.102 E22.81699
G1 X139.462 Y124.152 E22.84833
G1 X139.918 Y124.307 E22.87836
G1 X140.306 Y124.545 E22.90675
G1 X140.591 Y124.8 E22.9306
G1 X140.926 Y125.291 E22.96767
G1 X141.135 Y125.942 E23.0103
G1 X141.119 Y126.62 E23.0526
G1 X140.928 Y127.196 E23.09044
G1 X140.634 Y127.648 E23.12407
G1 X140.372 Y127.905 E23.14696
G1 X139.898 Y128.207 E23.18201
G1 X139.49 Y128.343 E23.20883
G1 X139.006 Y128.398 E23.2392
G1 X138.621 Y128.37 E23.26328
G1 X138.028 Y128.174 E23.30223
G1 X137.677 Y127.939 E23.32857
G1 X137.263 Y127.52 E23.3653
G1 X136.973 Y126.976 E23.40375
G1 X136.853 Y126.393 E23.44087
G1 X136.869 Y125.996 E23.46564
M204 S5000
M205 X30 Y30
G0 F3600 X136.918 Y125.802
G1 F1500 E16.96564
G0 F3600 X136.282 Y125.661
G0 X84.223 Y115.985
G0 X82.893 Y116.896
G0 X81.356 Y116.804
G0 X80.373 Y115.944
G1 F1500 E23.46564
G0 F3600 X80.716 Y115.197
M204 S3000
M205 X20 Y20
G1 F1500 X80.656 Y114.857 E23.48718
G1 X80.653 Y114.813 E23.48993
G1 X80.719 Y114.269 E23.5241
G1 X81.001 Y113.756 E23.56061
G1 X81.304 Y113.464 E23.58685
G1 X81.663 Y113.264 E23.61248
G1 X82.177 Y113.149 E23.64532
G1 X82.718 Y113.221 E23.67936
G1 X83.195 Y113.463 E23.71272
G1 X83.514 Y113.772 E23.74041
G1 X83.773 Y114.259 E23.77481
G1 X83.847 Y114.665 E23.80055
G1 X83.784 Y115.198 E23.83402
G1 X83.643 Y115.539 E23.85703
G1 X83.331 Y115.932 E23.88832
G1 X82.866 Y116.229 E23.92273
G1 X82.334 Y116.347 E23.95672
G1 X81.76 Y116.278 E23.99277
G1 X81.17 Y115.936 E24.0353
G1 X80.84 Y115.506 E24.0691
G1 X80.716 Y115.197 E24.08986
M204 S5000
M205 X30 Y30
G0 F3600 X80.682 Y115
G1 F1500 E17.58986
G0 F3600 X80.042 Y115.114
G0 X79.059 Y124.098
G0 X78.225 Y126.652
G1 F1500 E24.08986
G0 F3600 X78.865 Y126.555
M204 S3000
M205 X20 Y20
G1 F1500 X78.88 Y125.881 E24.13191
G1 X79.063 Y125.324 E24.16847
G1 X79.342 Y124.885 E24.20091
G1 X79.635 Y124.59 E24.22684
G1 X80.076 Y124.31 E24.25942
G1 X80.538 Y124.152 E24.28987
G1 X81.038 Y124.102 E24.3212
G1 X81.384 Y124.133 E24.34287
G1 X81.966 Y124.325 E24.38109
G1 X82.296 Y124.537 E24.40555
G1 X82.722 Y124.963 E24.44312
G1 X83.019 Y125.512 E24.48204
G1 X83.141 Y126.077 E24.51809
G1 X83.131 Y126.504 E24.54473
G1 X82.99 Y127.069 E24.58104
G1 X82.71 Y127.568 E24.61672
G1 X82.257 Y127.994 E24.6555
G1 X81.963 Y128.177 E24.6771
G1 X81.374 Y128.369 E24.71573
G1 X81.033 Y128.398 E24.73708
G1 X80.498 Y128.34 E24.77064
G1 X80.102 Y128.204 E24.79675
G1 X79.629 Y127.905 E24.83164
G1 X79.373 Y127.654 E24.854
G1 X79.07 Y127.196 E24.88825
G1 X78.941 Y126.802 E24.9141
G1 X78.865 Y126.555 E24.93022
M204 S5000
M205 X30 Y30
G0 F3600 X78.869 Y126.355
G1 F1500 E18.43022
G0 F3600 X78.217 Y126.356
G0 X79.059 Y124.098
G0 X79.443 Y105.665
G0 X78.509 Y104.461
G1 F1500 E24.93022
G0 F3600 X78.867 Y103.571
M204 S3000
M205 X20 Y20
G1 F1500 X78.881 Y102.88 E24.97332
G1 X79.074 Y102.291 E25.01198
G1 X79.373 Y101.846 E25.04541
G1 X79.611 Y101.606 E25.06649
G1 X80.076 Y101.31 E25.10086
G1 X80.517 Y101.155 E25.13001
G1 X81.013 Y101.101 E25.16113
G1 X81.363 Y101.129 E25.18303
G1 X81.964 Y101.324 E25.22243
G1 X82.305 Y101.543 E25.2477
G1 X82.737 Y101.983 E25.28616
G1 X83.025 Y102.526 E25.32449
G1 X83.146 Y103.107 E25.3615
G1 X83.138 Y103.465 E25.38383
G1 X82.993 Y104.056 E25.42178
G1 X82.711 Y104.568 E25.45823
G1 X82.247 Y105.002 E25.49785
G1 X81.963 Y105.175 E25.51859
G1 X81.409 Y105.36 E25.55502
G1 X81.038 Y105.398 E25.57827
G1 X80.502 Y105.344 E25.61187
G1 X79.926 Y105.115 E25.65053
G1 X79.431 Y104.724 E25.68986
G1 X79.075 Y104.212 E25.72875
G1 X78.876 Y103.605 E25.76859
G1 X78.867 Y103.571 E25.77078
M204 S5000
M205 X30 Y30
G0 F3600 X78.871 Y103.371
G1 F1500 E19.27078
G0 F3600 X78.217 Y103.372
G0 X78.522 Y101.97
G0 X79.156 Y101.173
G0 X80.248 Y100.473
G0 X81.025 Y97.719
G0 X80.113 Y96.444
G1 F1500 E25.77078
G0 F3600 X80.728 Y96.241
M204 S3000
M205 X20 Y20
G1 F1500 X80.654 Y95.839 E25.79627
G1 X80.654 Y95.781 E25.79989
G1 X80.722 Y95.277 E25.83161
G1 X80.975 Y94.782 E25.86628
G1 X81.276 Y94.483 E25.89273
G1 X81.678 Y94.26 E25.9214
G1 X82.21 Y94.153 E25.95524
G1 X82.735 Y94.226 E25.9883
G1 X83.221 Y94.476 E26.02238
G1 X83.541 Y94.813 E26.05136
G1 X83.773 Y95.259 E26.08272
G1 X83.846 Y95.719 E26.11176
G1 X83.776 Y96.229 E26.14386
G1 X83.643 Y96.539 E26.1649
G1 X83.331 Y96.933 E26.19624
G1 X82.845 Y97.233 E26.23186
G1 X82.343 Y97.346 E26.26395
G1 X81.762 Y97.279 E26.30042
G1 X81.185 Y96.942 E26.34209
G1 X80.853 Y96.532 E26.37499
G1 X80.728 Y96.241 E26.39475
M204 S5000
M205 X30 Y30
G0 F3600 X80.692 Y96.044
G0 X80.001 Y96.167
G0 X80.101 Y95.113
G0 X80.997 Y93.321
G0 X82.048 Y91.54
G0 X81.376 Y91.35
M204 S3000
M205 X20 Y20
G1 F1500 X81.162 Y91.9 E26.43155
G1 X80.818 Y92.4 E26.4694
G1 X80.243 Y92.879 E26.51607
G1 X79.265 Y93.281 E26.58201
G1 X78.526 Y93.741 E26.6363
G1 X77.968 Y94.214 E26.68191
G1 X77.481 Y94.764 E26.72773
G1 X77.279 Y95.049 E26.74951
G1 X76.921 Y95.698 E26.79574
G1 X76.662 Y96.379 E26.84117
G1 X76.503 Y97.096 E26.88697
G1 X76.452 Y97.568 E26.91658
G1 X76.45 Y125.501 E28.65856
G1 X76.506 Y125.995 E28.68956
G1 X76.716 Y126.915 E28.74841
G1 X77.03 Y127.569 E28.79365
G1 X77.129 Y127.773 E28.8078
G1 X77.558 Y128.403 E28.85533
G1 X77.79 Y128.675 E28.87762
G1 X78.353 Y129.196 E28.92546
G1 X78.976 Y129.621 E28.97249
G1 X79.665 Y129.952 E29.02016
G1 X80.003 Y130.072 E29.04253
G1 X80.755 Y130.244 E29.09064
G1 X81.242 Y130.299 E29.1212
G1 X138.749 Y130.3 E32.70749
G1 X139.245 Y130.244 E32.73862
G1 X139.997 Y130.072 E32.78673
G1 X140.335 Y129.952 E32.8091
G1 X141.024 Y129.621 E32.85677
G1 X141.655 Y129.191 E32.90439
G1 X141.927 Y128.958 E32.92672
G1 X142.451 Y128.392 E32.97482
G1 F1503 X142.872 Y127.774 E33.02136
G1 X143.202 Y127.085 E33.06891
G1 F1500 X143.322 Y126.747 E33.09128
G1 X143.493 Y125.995 E33.13937
G1 X143.549 Y125.508 E33.16994
G1 X143.549 Y97.551 E34.91342
G1 X143.405 Y96.562 E34.97574
G1 X143.079 Y95.698 E35.03333
G1 X142.719 Y95.048 E35.07967
G1 X142.517 Y94.762 E35.10151
G1 X142.03 Y94.212 E35.14732
G1 X141.474 Y93.741 E35.19276
G1 X140.729 Y93.279 E35.24743
G1 X139.921 Y92.949 E35.30186
G1 X139.633 Y92.784 E35.32256
G1 X139.177 Y92.392 E35.36006
G1 X138.828 Y91.886 E35.3984
G1 X138.626 Y91.361 E35.43348
G1 X138.558 Y91.009 E35.45583
G1 X138.55 Y89.7 E35.53747
G1 X81.45 Y89.7 E39.09838
G1 X81.443 Y90.998 E39.17933
G1 X81.376 Y91.35 E39.20167
M204 S5000
M205 X30 Y30
G0 F3600 X81.304 Y91.536
G0 X81.959 Y91.791
G0 X80.997 Y93.321
G0 X82.372 Y93.514
G0 X83.725 Y94.063
G0 X84.396 Y95.107
G0 X84.339 Y96.561
G0 X83.686 Y97.443
G0 X83.261 Y98.132
M204 S3000
M205 X20 Y20
;TYPE:SKIN
G1 F1500 X82.504 Y98.313 E39.25021
G1 X82.185 Y98.315 E39.27011
G1 X81.409 Y98.196 E39.31907
G1 X80.538 Y97.697 E39.38167
G1 X80.018 Y97.049 E39.43348
G1 X79.813 Y96.584 E39.46517
G1 X79.661 Y95.829 E39.5132
G1 X79.781 Y95.018 E39.56433
G1 X80.086 Y94.376 E39.60865
G1 X80.341 Y93.956 E39.6393
G1 X80.186 Y93.958 E39.64896
G1 X79.709 Y94.154 E39.68112
G1 X79.101 Y94.532 E39.72577
G1 X78.651 Y94.914 E39.76258
G1 X78.162 Y95.465 E39.80852
G1 X77.808 Y96.11 E39.85441
G1 X77.597 Y96.673 E39.8919
G1 X77.466 Y97.258 E39.92929
G1 X77.427 Y97.62 E39.95199
G1 X77.427 Y101.907 E40.21934
G1 F1476.4 X77.435 Y102.536 E40.2592
G1 F1494 X77.421 Y102.89 E40.28138
G1 F1549.6 X77.416 Y103.677 E40.32889
G1 F1546.4 X77.421 Y104.179 E40.35926
G1 F1515.2 X77.427 Y104.681 E40.39026
G1 F1503 X77.427 Y105.48 E40.43998
G1 X77.427 Y106.279 E40.48971
G1 X77.427 Y107.078 E40.53944
G1 F1506 X77.427 Y107.877 E40.58907
G1 X77.426 Y108.676 E40.6387
G1 F1509.1 X77.426 Y109.475 E40.68823
G1 X77.426 Y110.274 E40.73776
G1 X77.426 Y111.073 E40.78728
G1 F1512.1 X77.425 Y111.872 E40.83671
G1 X77.425 Y112.671 E40.88614
G1 F1515.2 X77.425 Y113.47 E40.93547
G1 X77.425 Y114.269 E40.9848
G1 X77.424 Y115.068 E41.03413
G1 F1518.2 X77.424 Y115.867 E41.08336
G1 X77.424 Y116.666 E41.13259
G1 X77.424 Y117.465 E41.18182
G1 F1521.3 X77.424 Y118.264 E41.23095
G1 X77.423 Y119.063 E41.28008
G1 F1524.4 X77.423 Y119.862 E41.32911
G1 X77.423 Y120.661 E41.37814
G1 X77.423 Y121.46 E41.42717
G1 F1527.5 X77.422 Y122.259 E41.4761
G1 X77.422 Y123.058 E41.52504
G1 F1530.6 X77.422 Y123.857 E41.57387
G1 X77.422 Y124.656 E41.6227
G1 X77.421 Y125.455 E41.67153
G1 X77.421 Y125.447 E41.67202
G1 F1562.5 X77.455 Y125.833 E41.69522
G1 F1777.3 X77.586 Y126.611 E41.73674
G1 F2180.2 X77.811 Y127.157 E41.76208
G1 F2381 X78.068 Y127.335 E41.77436
G1 X78.095 Y127.044 E41.78585
G1 F2205.9 X77.954 Y126.592 E41.80592
G1 F1903.6 X77.922 Y125.702 E41.84969
G1 F1626.9 X78.136 Y125.021 E41.89073
G1 F1500 X78.532 Y124.336 E41.94008
G1 X78.984 Y123.849 E41.98151
G1 X79.688 Y123.401 E42.03355
G1 X80.413 Y123.181 E42.0808
G1 X81.066 Y123.129 E42.12165
G1 X81.588 Y123.178 E42.15435
G1 X82.381 Y123.431 E42.20626
G1 X82.926 Y123.785 E42.24679
G1 X83.529 Y124.394 E42.30023
G1 X83.94 Y125.167 E42.35483
G1 X84.131 Y126.03 E42.40995
G1 X84.084 Y126.701 E42.4519
G1 X83.905 Y127.434 E42.49895
G1 X83.583 Y128.008 E42.54
G1 X83.375 Y128.279 E42.5613
G1 X82.897 Y128.726 E42.60211
G1 X82.505 Y128.991 E42.63162
G1 X82.037 Y129.254 E42.6651
G1 X82.307 Y129.324 E42.6825
G1 X137.701 Y129.324 E46.13702
G1 X138.049 Y129.267 E46.15901
G1 X137.458 Y128.968 E46.20031
G1 X137.016 Y128.652 E46.2342
G1 X136.598 Y128.234 E46.27106
G1 X136.381 Y127.943 E46.2937
G1 X136.116 Y127.437 E46.32932
G1 X136.017 Y127.164 E46.34743
G1 X135.87 Y126.46 E46.39228
G1 X135.916 Y125.799 E46.4336
G1 X136.097 Y125.062 E46.48093
G1 X136.499 Y124.347 E46.53209
G1 X137.179 Y123.708 E46.59028
G1 X137.608 Y123.448 E46.62156
G1 X138.395 Y123.179 E46.67343
G1 X139.01 Y123.128 E46.71191
G1 X139.735 Y123.2 E46.75735
G1 X140.435 Y123.479 E46.80434
G1 X140.845 Y123.735 E46.83449
G1 X141.322 Y124.138 E46.87343
G1 X141.729 Y124.739 E46.91869
G1 X141.863 Y125.018 E46.938
G1 X142.119 Y125.792 E46.98884
G1 X142.093 Y126.674 E47.04386
G1 X141.999 Y127.055 E47.06834
G1 X142.009 Y127.17 E47.07554
G1 X142.11 Y127.1 E47.0832
G1 X142.35 Y126.609 E47.11728
G1 X142.529 Y125.829 E47.16719
G1 X142.574 Y125.452 E47.19087
G1 X142.574 Y104.591 E48.49182
G1 F1512.1 X142.577 Y104.053 E48.5251
G1 F1530.6 X142.58 Y103.515 E48.55798
G1 F1549.6 X142.584 Y102.977 E48.59046
G1 F1515.2 X142.57 Y102.584 E48.61474
G1 F1476.4 X142.57 Y101.757 E48.66714
G1 F1482.2 X142.571 Y100.93 E48.71933
G1 F1485.1 X142.571 Y100.103 E48.77142
G1 F1491.1 X142.572 Y99.276 E48.8233
G1 F1494 X142.573 Y98.449 E48.87508
G1 F1500 X142.573 Y97.622 E48.92666
G1 X142.457 Y96.822 E48.97707
G1 X142.191 Y96.108 E49.02459
G1 X141.835 Y95.463 E49.07053
G1 X141.346 Y94.909 E49.11661
G1 X140.899 Y94.533 E49.15304
G1 X140.285 Y94.153 E49.19807
G1 X139.803 Y93.972 E49.23018
G1 X139.689 Y93.972 E49.23729
G1 X139.91 Y94.366 E49.26546
G1 X140.217 Y95.006 E49.30973
G1 X140.322 Y95.769 E49.35776
G1 X140.247 Y96.361 E49.39497
G1 X139.988 Y97.026 E49.43948
G1 X139.502 Y97.656 E49.4891
G1 X138.742 Y98.146 E49.54549
G1 X137.835 Y98.336 E49.60328
G1 X136.932 Y98.212 E49.66012
G1 X136.031 Y97.692 E49.725
G1 X135.509 Y97.031 E49.77752
G1 X135.297 Y96.542 E49.81076
G1 X135.165 Y95.804 E49.85752
G1 X135.283 Y95.002 E49.90807
G1 X135.61 Y94.336 E49.95434
G1 X135.786 Y94.098 E49.9728
G1 X136.294 Y93.632 E50.01579
G1 X136.825 Y93.346 E50.0534
G1 X137.588 Y93.165 E50.1023
G1 X138.324 Y93.247 E50.14849
G1 X138.606 Y93.278 E50.16618
G1 X138.53 Y93.124 E50.17689
G1 X138.415 Y93.007 E50.18712
G1 X137.945 Y92.309 E50.2396
G1 X137.695 Y91.66 E50.28297
G1 X137.583 Y91.112 E50.31785
G1 X137.577 Y90.675 E50.34511
G1 X82.424 Y90.675 E53.7846
G1 X82.418 Y91.1 E53.81111
G1 X82.315 Y91.619 E53.8441
G1 X82.045 Y92.339 E53.89206
G1 X81.62 Y92.953 E53.93863
G1 X81.333 Y93.318 E53.96758
G1 X81.915 Y93.207 E54.00453
G1 X82.307 Y93.182 E54.02903
G1 X82.988 Y93.27 E54.07185
G1 X83.667 Y93.612 E54.11926
G1 X83.941 Y93.822 E54.14079
G1 X84.393 Y94.334 E54.18338
G1 X84.702 Y94.954 E54.22658
G1 X84.83 Y95.718 E54.27489
G1 X84.731 Y96.437 E54.32016
G1 X84.516 Y96.977 E54.3564
G1 X84.069 Y97.568 E54.40261
G1 X83.827 Y97.774 E54.42243
G1 X83.261 Y98.132 E54.4642
M204 S5000
M205 X30 Y30
G1 F1500 E47.9642
G0 F3600 X83.143 Y97.813
G0 X81.764 Y98.035
G0 X81.002 Y100.37
G0 X79.797 Y100.733
G0 X78.835 Y101.495
G0 X78.266 Y102.802
G1 F1500 E54.4642
G0 F3600 X77.896 Y103.719
M204 S3000
M205 X20 Y20
G1 F1536.9 X77.906 Y103.193 E54.49622
G1 F1512.1 X77.916 Y102.667 E54.52877
G1 F1500 X78.158 Y101.973 E54.5746
G1 X78.533 Y101.336 E54.6207
G1 X78.98 Y100.852 E54.66179
G1 X79.672 Y100.41 E54.71299
G1 X80.297 Y100.204 E54.75403
G1 X81.022 Y100.126 E54.79951
G1 X81.572 Y100.167 E54.8339
G1 X82.356 Y100.43 E54.88547
G1 X82.923 Y100.789 E54.92732
G1 X83.519 Y101.381 E54.97971
G1 X83.956 Y102.202 E55.03771
G1 X84.122 Y102.997 E55.08836
G1 X84.108 Y103.617 E55.12703
G1 X83.905 Y104.419 E55.17863
G1 X83.477 Y105.182 E55.23318
G1 X82.885 Y105.741 E55.28396
G1 X82.379 Y106.059 E55.32123
G1 X81.613 Y106.322 E55.37174
G1 X80.99 Y106.372 E55.41071
G1 X80.267 Y106.301 E55.45602
G1 X79.569 Y106.021 E55.50292
G1 X79.287 Y105.855 E55.52333
G1 X78.855 Y105.513 E55.55769
G1 X78.633 Y105.283 E55.57762
G1 X78.277 Y104.77 E55.61656
G1 X78.136 Y104.479 E55.63673
G1 F1521.3 X77.903 Y103.754 E55.68356
G1 F1546.4 X77.896 Y103.719 E55.68571
M204 S5000
M205 X30 Y30
G1 F1500 E49.18571
G0 F3600 X78.228 Y103.685
G0 X78.792 Y104.905
G0 X79.443 Y105.665
G0 X80.806 Y113.679
G0 X80.005 Y114.826
G1 F1500 E55.68571
G0 F3600 X79.68 Y114.853
M204 S3000
M205 X20 Y20
G1 F1500 X79.679 Y114.788 E55.68977
G1 X79.754 Y114.153 E55.72964
G1 X79.861 Y113.816 E55.75169
G1 X80.11 Y113.336 E55.78542
G1 X80.32 Y113.061 E55.80699
G1 X80.795 Y112.631 E55.84695
G1 X81.364 Y112.333 E55.88701
G1 X82.118 Y112.158 E55.93528
G1 X83.058 Y112.29 E55.99448
G1 X83.813 Y112.687 E56.04767
G1 X84.318 Y113.201 E56.09261
G1 X84.71 Y113.944 E56.145
G1 X84.831 Y114.687 E56.19194
G1 X84.73 Y115.478 E56.24167
G1 X84.485 Y116.052 E56.28059
G1 X83.999 Y116.651 E56.3287
G1 X83.363 Y117.068 E56.37613
G1 X83.134 Y117.165 E56.39164
G1 X82.374 Y117.341 E56.44029
G1 X81.567 Y117.231 E56.49108
G1 X81.228 Y117.097 E56.51381
G1 X80.687 Y116.778 E56.55298
G1 X80.371 Y116.498 E56.57931
G1 X79.967 Y115.934 E56.62257
G1 X79.766 Y115.405 E56.65786
G1 X79.68 Y114.853 E56.6927
M204 S5000
M205 X30 Y30
G1 F1500 E50.1927
G0 F3600 X80.005 Y114.826
G0 X80.44 Y113.434
G0 X81.607 Y112.604
G0 X83.144 Y112.696
G0 X84.06 Y113.433
G0 X84.578 Y114.65
G0 X135.422 Y114.776
G1 F1500 E56.6927
G0 F3600 X135.285 Y113.94
M204 S3000
M205 X20 Y20
G1 F1500 X135.706 Y113.184 E56.74667
G1 X136.245 Y112.661 E56.7935
G1 X136.874 Y112.33 E56.83783
G1 X137.628 Y112.163 E56.88599
G1 X138.434 Y112.269 E56.93669
G1 X139.157 Y112.602 E56.98633
G1 X139.708 Y113.089 E57.03219
G1 X139.903 Y113.358 E57.05291
G1 X140.132 Y113.796 E57.08373
G1 X140.243 Y114.129 E57.10562
G1 X140.328 Y114.714 E57.14248
G1 X140.248 Y115.361 E57.18314
G1 X140.052 Y115.907 E57.21932
G1 X139.63 Y116.496 E57.2645
G1 X139.321 Y116.778 E57.29059
G1 X138.896 Y117.046 E57.32193
G1 X138.615 Y117.17 E57.34108
G1 X137.882 Y117.343 E57.38805
G1 X137.066 Y117.229 E57.43943
G1 X136.789 Y117.134 E57.45769
G1 X136.034 Y116.686 E57.51244
G1 X135.515 Y116.053 E57.56349
G1 X135.3 Y115.547 E57.59778
G1 X135.171 Y114.879 E57.6402
G1 X135.169 Y114.826 E57.64351
G1 X135.285 Y113.94 E57.69924
M204 S5000
M205 X30 Y30
G1 F1500 E51.19924
G0 F3600 X135.61 Y114.061
G0 X136.235 Y112.989
G0 X137.158 Y105.453
G0 X136.355 Y104.133
G0 X136.22 Y102.934
G1 F1500 E57.69924
G0 F3600 X135.891 Y102.893
M204 S3000
M205 X20 Y20
G1 F1500 X136.098 Y102.065 E57.75246
G1 X136.516 Y101.318 E57.80584
G1 X137.153 Y100.729 E57.85995
G1 X137.624 Y100.433 E57.89464
G1 X138.408 Y100.174 E57.94613
G1 X138.98 Y100.127 E57.98192
G1 X139.681 Y100.194 E58.02584
G1 X140.222 Y100.375 E58.06142
G1 X140.809 Y100.71 E58.10356
G1 X141.322 Y101.138 E58.14523
G1 X141.805 Y101.842 E58.19847
G1 F1488.1 X142.064 Y102.623 E58.2502
G1 F1512.1 X142.101 Y102.941 E58.27
G1 F1536.9 X142.087 Y103.783 E58.32126
G1 F1512.1 X141.864 Y104.478 E58.36641
G1 F1500 X141.723 Y104.77 E58.38663
G1 X141.367 Y105.283 E58.42557
G1 X141.145 Y105.513 E58.44551
G1 X140.713 Y105.855 E58.47987
G1 X140.431 Y106.021 E58.50028
G1 X139.719 Y106.305 E58.54808
G1 X138.938 Y106.371 E58.59696
G1 X138.405 Y106.32 E58.63035
G1 X137.615 Y106.063 E58.68216
G1 X137.059 Y105.704 E58.72343
G1 X136.464 Y105.092 E58.77666
G1 X136.047 Y104.316 E58.8316
G1 X135.883 Y103.519 E58.88235
G1 X135.878 Y103.478 E58.88492
G1 X135.891 Y102.893 E58.92141
M204 S5000
M205 X30 Y30
G1 F1500 E52.42141
G0 F3600 X136.22 Y102.934
G0 X136.677 Y101.76
G0 X137.59 Y98.058
G0 X136.206 Y97.373
G0 X135.599 Y96.369
G0 X135.696 Y94.856
G0 X136.433 Y93.94
G0 X138.998 Y93.523
G0 X137.95 Y91.586
G0 X137.83 Y90.422
G1 F1500 E58.92141
G0 F3600 X136.887 Y90.925
M204 S3000
M205 X20 Y20
G1 F1500 X137.392 Y91.431 E58.966
M204 S5000
M205 X30 Y30
G0 F3600 X137.956 Y91.324
G0 X138.3 Y92.263
G0 X137.81 Y92.556
M204 S3000
M205 X20 Y20
G1 F1500 X136.18 Y90.925 E59.1098
M204 S5000
M205 X30 Y30
G0 F3600 X135.473 Y90.925
M204 S3000
M205 X20 Y20
G1 F1500 X137.477 Y92.93 E59.28658
M204 S5000
M205 X30 Y30
G0 F3600 X136.911 Y93.07
M204 S3000
M205 X20 Y20
G1 F1500 X134.766 Y90.925 E59.47576
M204 S5000
M205 X30 Y30
G0 F3600 X134.058 Y90.925
M204 S3000
M205 X20 Y20
G1 F1500 X136.415 Y93.282 E59.68363
M204 S5000
M205 X30 Y30
G0 F3600 X135.992 Y93.566
M204 S3000
M205 X20 Y20
G1 F1500 X133.351 Y90.925 E59.91655
M204 S5000
M205 X30 Y30
G0 F3600 X132.644 Y90.925
M204 S3000
M205 X20 Y20
G1 F1500 X135.62 Y93.901 E60.17902
M204 S5000
M205 X30 Y30
G0 F3600 X135.333 Y94.321
M204 S3000
M205 X20 Y20
G1 F1500 X131.937 Y90.925 E60.47853
M204 S5000
M205 X30 Y30
G0 F3600 X131.23 Y90.925
M204 S3000
M205 X20 Y20
G1 F1500 X135.102 Y94.797 E60.82002
M204 S5000
M205 X30 Y30
G0 F3600 X134.974 Y95.376
M204 S3000
M205 X20 Y20
G1 F1500 X130.523 Y90.925 E61.21257
M204 S5000
M205 X30 Y30
G0 F3600 X129.816 Y90.925
M204 S3000
M205 X20 Y20
G1 F1500 X134.958 Y96.067 E61.66606
G1 X135.046 Y96.155
M204 S5000
M205 X30 Y30
G0 F3600 X135.252 Y97.068
M204 S3000
M205 X20 Y20
G1 F1500 X129.109 Y90.925 E62.20784
M204 S5000
M205 X30 Y30
G0 F3600 X128.402 Y90.925
M204 S3000
M205 X20 Y20
G1 F1500 X137.641 Y100.164 E63.02267
M204 S5000
M205 X30 Y30
G0 F3600 X137.185 Y100.415
M204 S3000
M205 X20 Y20
G1 F1500 X127.694 Y90.925 E63.85967
M204 S5000
M205 X30 Y30
G0 F3600 X126.987 Y90.925
M204 S3000
M205 X20 Y20
G1 F1500 X136.787 Y100.725 E64.72398
M204 S5000
M205 X30 Y30
G0 F3600 X136.419 Y101.064
M204 S3000
M205 X20 Y20
G1 F1500 X126.28 Y90.925 E65.61818
M204 S5000
M205 X30 Y30
G0 F3600 X125.573 Y90.925
M204 S3000
M205 X20 Y20
G1 F1500 X136.137 Y101.488 E66.54982
M204 S5000
M205 X30 Y30
G0 F3600 X135.881 Y101.94
M204 S3000
M205 X20 Y20
G1 F1500 X124.866 Y90.925 E67.52128
M204 S5000
M205 X30 Y30
G0 F3600 X124.159 Y90.925
M204 S3000
M205 X20 Y20
G1 F1500 X135.73 Y102.496 E68.54178
M204 S5000
M205 X30 Y30
G0 F3600 X135.636 Y103.109
M204 S3000
M205 X20 Y20
G1 F1500 X123.452 Y90.925 E69.61633
M204 S5000
M205 X30 Y30
G0 F3600 X122.745 Y90.925
M204 S3000
M205 X20 Y20
G1 F1500 X135.703 Y103.883 E70.75916
G1 X135.791 Y103.971
M204 S5000
M205 X30 Y30
G0 F3600 X136.287 Y103.869
G0 X136.149 Y105.036
M204 S3000
M205 X20 Y20
G1 F1500 X122.038 Y90.925 E72.00366
M204 S5000
M205 X30 Y30
G0 F3600 X121.331 Y90.925
M204 S3000
M205 X20 Y20
G1 F1500 X142.323 Y111.918 E73.85508
M204 S5000
M205 X30 Y30
G0 F3600 X142.323 Y112.625
M204 S3000
M205 X20 Y20
G1 F1500 X120.623 Y90.925 E75.7689
M204 S5000
M205 X30 Y30
G0 F3600 X119.916 Y90.925
M204 S3000
M205 X20 Y20
G1 F1500 X142.323 Y113.332 E77.74507
M204 S5000
M205 X30 Y30
G0 F3600 X142.323 Y114.039
M204 S3000
M205 X20 Y20
G1 F1500 X119.209 Y90.925 E79.78359
M204 S5000
M205 X30 Y30
G0 F3600 X118.502 Y90.925
M204 S3000
M205 X20 Y20
G1 F1500 X142.323 Y114.746 E81.88446
M204 S5000
M205 X30 Y30
G0 F3600 X142.322 Y115.452
M204 S3000
M205 X20 Y20
G1 F1500 X140.137 Y113.267 E82.07717
G1 X140.049 Y113.179
M204 S5000
M205 X30 Y30
G0 F3600 X139.609 Y113.502
G0 X139.972 Y114.462
G0 X140.527 Y114.364
M204 S3000
M205 X20 Y20
G1 F1500 X142.322 Y116.159 E82.23548
M204 S5000
M205 X30 Y30
G0 F3600 X142.322 Y116.867
M204 S3000
M205 X20 Y20
G1 F1500 X140.533 Y115.077 E82.3933
M204 S5000
M205 X30 Y30
G0 F3600 X140.408 Y115.659
M204 S3000
M205 X20 Y20
G1 F1500 X142.322 Y117.574 E82.56215
M204 S5000
M205 X30 Y30
G0 F3600 X142.322 Y118.281
M204 S3000
M205 X20 Y20
G1 F1500 X140.186 Y116.145 E82.75053
M204 S5000
M205 X30 Y30
G0 F3600 X139.892 Y116.558
M204 S3000
M205 X20 Y20
G1 F1500 X142.322 Y118.988 E82.96484
M204 S5000
M205 X30 Y30
G0 F3600 X142.322 Y119.695
M204 S3000
M205 X20 Y20
G1 F1500 X139.539 Y116.911 E83.21033
M204 S5000
M205 X30 Y30
G0 F3600 X139.119 Y117.198
M204 S3000
M205 X20 Y20
G1 F1500 X142.322 Y120.402 E83.49286
M204 S5000
M205 X30 Y30
G0 F3600 X142.322 Y121.109
M204 S3000
M205 X20 Y20
G1 F1500 X138.634 Y117.421 E83.81812
M204 S5000
M205 X30 Y30
G0 F3600 X138.06 Y117.554
M204 S3000
M205 X20 Y20
G1 F1500 X142.322 Y121.816 E84.19401
M204 S5000
M205 X30 Y30
G0 F3600 X142.322 Y122.523
M204 S3000
M205 X20 Y20
G1 F1500 X137.315 Y117.516 E84.63559
G1 X137.227 Y117.428
M204 S5000
M205 X30 Y30
G0 F3600 X137.29 Y116.939
G0 X136.121 Y117.029
M204 S3000
M205 X20 Y20
G1 F1500 X142.322 Y123.231 E85.18253
M204 S5000
M205 X30 Y30
G0 F3600 X142.322 Y123.938
M204 S3000
M205 X20 Y20
G1 F1500 X109.31 Y90.925 E88.09404
M204 S5000
M205 X30 Y30
G0 F3600 X108.603 Y90.925
M204 S3000
M205 X20 Y20
G1 F1500 X142.322 Y124.645 E91.06791
M204 S5000
M205 X30 Y30
G0 F3600 X142.192 Y125.221
M204 S3000
M205 X20 Y20
G1 F1500 X142.322 Y125.352 E91.07942
M204 S5000
M205 X30 Y30
G0 F3600 X142.899 Y125.352
G0 X142.536 Y126.83
G0 X141.802 Y127.611
G0 X141.778 Y125.607
G0 X141.171 Y124.356
G0 X140.261 Y123.796
G0 X140.01 Y123.04
M204 S3000
M205 X20 Y20
G1 F1500 X107.896 Y90.925 E93.91173
M204 S5000
M205 X30 Y30
G0 F3600 X107.188 Y90.925
M204 S3000
M205 X20 Y20
G1 F1500 X139.15 Y122.887 E96.7306
M204 S5000
M205 X30 Y30
G0 F3600 X138.477 Y122.921
M204 S3000
M205 X20 Y20
G1 F1500 X106.481 Y90.925 E99.55246
M204 S5000
M205 X30 Y30
G0 F3600 X105.774 Y90.925
M204 S3000
M205 X20 Y20
G1 F1500 X137.923 Y123.074 E102.38782
M204 S5000
M205 X30 Y30
G0 F3600 X137.414 Y123.272
M204 S3000
M205 X20 Y20
G1 F1500 X105.067 Y90.925 E105.24064
M204 S5000
M205 X30 Y30
G0 F3600 X104.36 Y90.925
M204 S3000
M205 X20 Y20
G1 F1500 X136.98 Y123.544 E108.11749
M204 S5000
M205 X30 Y30
G0 F3600 X136.615 Y123.887
M204 S3000
M205 X20 Y20
G1 F1500 X103.653 Y90.925 E111.02455
M204 S5000
M205 X30 Y30
G0 F3600 X102.946 Y90.925
M204 S3000
M205 X20 Y20
G1 F1500 X136.267 Y124.246 E113.96327
M204 S5000
M205 X30 Y30
G0 F3600 X136.015 Y124.701
M204 S3000
M205 X20 Y20
G1 F1500 X102.239 Y90.925 E116.94212
M204 S5000
M205 X30 Y30
G0 F3600 X101.532 Y90.925
M204 S3000
M205 X20 Y20
G1 F1500 X135.807 Y125.201 E119.96502
M204 S5000
M205 X30 Y30
G0 F3600 X135.667 Y125.768
M204 S3000
M205 X20 Y20
G1 F1500 X100.824 Y90.925 E123.03797
M204 S5000
M205 X30 Y30
G0 F3600 X100.117 Y90.925
M204 S3000
M205 X20 Y20
G1 F1500 X135.621 Y126.429 E126.16922
M204 S5000
M205 X30 Y30
G0 F3600 X135.808 Y127.323
M204 S3000
M205 X20 Y20
G1 F1500 X99.41 Y90.925 E129.37932
M204 S5000
M205 X30 Y30
G0 F3600 X98.703 Y90.925
M204 S3000
M205 X20 Y20
G1 F1500 X136.85 Y129.072 E132.74366
M204 S5000
M205 X30 Y30
G0 F3600 X136.143 Y129.072
M204 S3000
M205 X20 Y20
G1 F1500 X97.996 Y90.925 E136.10801
M204 S5000
M205 X30 Y30
G0 F3600 X97.289 Y90.925
M204 S3000
M205 X20 Y20
G1 F1500 X135.436 Y129.072 E139.47235
M204 S5000
M205 X30 Y30
G0 F3600 X134.729 Y129.072
M204 S3000
M205 X20 Y20
G1 F1500 X96.582 Y90.925 E142.8367
M204 S5000
M205 X30 Y30
G0 F3600 X95.875 Y90.925
M204 S3000
M205 X20 Y20
G1 F1500 X134.022 Y129.072 E146.20105
M204 S5000
M205 X30 Y30
G0 F3600 X133.315 Y129.072
M204 S3000
M205 X20 Y20
G1 F1500 X95.168 Y90.925 E149.56539
M204 S5000
M205 X30 Y30
G0 F3600 X94.46 Y90.925
M204 S3000
M205 X20 Y20
G1 F1500 X132.607 Y129.072 E152.92974
M204 S5000
M205 X30 Y30
G0 F3600 X131.9 Y129.072
M204 S3000
M205 X20 Y20
G1 F1500 X93.753 Y90.925 E156.29409
M204 S5000
M205 X30 Y30
G0 F3600 X93.046 Y90.925
M204 S3000
M205 X20 Y20
G1 F1500 X131.193 Y129.072 E159.65843
M204 S5000
M205 X30 Y30
G0 F3600 X130.486 Y129.072
M204 S3000
M205 X20 Y20
G1 F1500 X92.339 Y90.925 E163.02278
M204 S5000
M205 X30 Y30
G0 F3600 X91.632 Y90.925
M204 S3000
M205 X20 Y20
G1 F1500 X129.779 Y129.072 E166.38712
M204 S5000
M205 X30 Y30
G0 F3600 X129.072 Y129.072
M204 S3000
M205 X20 Y20
G1 F1500 X90.925 Y90.925 E169.75147
M204 S5000
M205 X30 Y30
G0 F3600 X90.218 Y90.925
M204 S3000
M205 X20 Y20
G1 F1500 X128.365 Y129.072 E173.11582
M204 S5000
M205 X30 Y30
G0 F3600 X127.658 Y129.072
M204 S3000
M205 X20 Y20
G1 F1500 X89.511 Y90.925 E176.48016
M204 S5000
M205 X30 Y30
G0 F3600 X88.804 Y90.925
M204 S3000
M205 X20 Y20
G1 F1500 X126.951 Y129.072 E179.84451
M204 S5000
M205 X30 Y30
G0 F3600 X126.244 Y129.072
M204 S3000
M205 X20 Y20
G1 F1500 X88.097 Y90.925 E183.20885
M204 S5000
M205 X30 Y30
G0 F3600 X87.389 Y90.925
M204 S3000
M205 X20 Y20
G1 F1500 X125.536 Y129.072 E186.5732
M204 S5000
M205 X30 Y30
G0 F3600 X124.829 Y129.072
M204 S3000
M205 X20 Y20
G1 F1500 X86.682 Y90.925 E189.93755
M204 S5000
M205 X30 Y30
G0 F3600 X85.975 Y90.925
M204 S3000
M205 X20 Y20
G1 F1500 X124.122 Y129.072 E193.30189
M204 S5000
M205 X30 Y30
G0 F3600 X123.415 Y129.072
M204 S3000
M205 X20 Y20
G1 F1500 X85.268 Y90.925 E196.66624
M204 S5000
M205 X30 Y30
G0 F3600 X84.561 Y90.925
M204 S3000
M205 X20 Y20
G1 F1500 X122.708 Y129.072 E200.03058
M204 S5000
M205 X30 Y30
G0 F3600 X122.001 Y129.072
M204 S3000
M205 X20 Y20
G1 F1500 X83.854 Y90.925 E203.39493
M204 S5000
M205 X30 Y30
G0 F3600 X83.147 Y90.925
M204 S3000
M205 X20 Y20
G1 F1500 X121.294 Y129.072 E206.75928
M204 S5000
M205 X30 Y30
G0 F3600 X120.587 Y129.072
M204 S3000
M205 X20 Y20
G1 F1500 X82.662 Y91.148 E210.104
M204 S5000
M205 X30 Y30
G0 F3600 X82.54 Y91.732
M204 S3000
M205 X20 Y20
G1 F1500 X119.88 Y129.072 E213.39717
M204 S5000
M205 X30 Y30
G0 F3600 X119.172 Y129.072
M204 S3000
M205 X20 Y20
G1 F1500 X84.91 Y94.81 E216.41888
M204 S5000
M205 X30 Y30
G0 F3600 X85.078 Y95.684
M204 S3000
M205 X20 Y20
G1 F1500 X118.465 Y129.072 E219.36347
M204 S5000
M205 X30 Y30
G0 F3600 X117.758 Y129.072
M204 S3000
M205 X20 Y20
G1 F1500 X85.001 Y96.315 E222.25245
M204 S5000
M205 X30 Y30
G0 F3600 X84.835 Y96.855
M204 S3000
M205 X20 Y20
G1 F1500 X117.051 Y129.072 E225.09376
M204 S5000
M205 X30 Y30
G0 F3600 X116.344 Y129.072
M204 S3000
M205 X20 Y20
G1 F1500 X84.578 Y97.306 E227.89534
M204 S5000
M205 X30 Y30
G0 F3600 X84.274 Y97.709
M204 S3000
M205 X20 Y20
G1 F1500 X115.637 Y129.072 E230.66137
M204 S5000
M205 X30 Y30
G0 F3600 X114.93 Y129.072
M204 S3000
M205 X20 Y20
G1 F1500 X83.888 Y98.03 E233.3991
M204 S5000
M205 X30 Y30
G0 F3600 X83.456 Y98.305
M204 S3000
M205 X20 Y20
G1 F1500 X114.223 Y129.072 E236.11257
M204 S5000
M205 X30 Y30
G0 F3600 X113.516 Y129.072
M204 S3000
M205 X20 Y20
G1 F1500 X82.916 Y98.472 E238.81132
M204 S5000
M205 X30 Y30
G0 F3600 X82.299 Y98.562
M204 S3000
M205 X20 Y20
G1 F1500 X112.808 Y129.072 E241.50208
M204 S5000
M205 X30 Y30
G0 F3600 X112.101 Y129.072
M204 S3000
M205 X20 Y20
G1 F1500 X81.494 Y98.464 E244.20148
G1 X81.406 Y98.376
M204 S5000
M205 X30 Y30
G1 F1500 E237.70148
G0 F3600 X81.58 Y97.897
G0 X81.458 Y100.403
G1 F1500 E244.20148
G0 F3600 X81.527 Y99.912
M204 S3000
M205 X20 Y20
G1 F1500 X77.979 Y96.364 E244.5144
M204 S5000
M205 X30 Y30
G0 F3600 X78.213 Y95.89
M204 S3000
M205 X20 Y20
G1 F1500 X82.617 Y100.295 E244.90285
G1 X82.705 Y100.383
M204 S5000
M205 X30 Y30
G0 F3600 X82.412 Y100.836
G0 X83.412 Y101.863
G0 X83.917 Y101.594
M204 S3000
M205 X20 Y20
G1 F1500 X111.394 Y129.072 E247.32621
M204 S5000
M205 X30 Y30
G0 F3600 X110.687 Y129.072
M204 S3000
M205 X20 Y20
G1 F1500 X84.313 Y102.698 E249.65224
M204 S5000
M205 X30 Y30
G0 F3600 X84.359 Y103.451
M204 S3000
M205 X20 Y20
G1 F1500 X109.979 Y129.071 E251.91178
M204 S5000
M205 X30 Y30
G0 F3600 X109.272 Y129.071
M204 S3000
M205 X20 Y20
G1 F1500 X84.256 Y104.055 E254.11805
M204 S5000
M205 X30 Y30
G0 F3600 X84.093 Y104.599
M204 S3000
M205 X20 Y20
G1 F1500 X108.565 Y129.071 E256.27634
M204 S5000
M205 X30 Y30
G0 F3600 X107.858 Y129.071
M204 S3000
M205 X20 Y20
G1 F1500 X83.838 Y105.051 E258.39476
M204 S5000
M205 X30 Y30
G0 F3600 X83.542 Y105.462
M204 S3000
M205 X20 Y20
G1 F1500 X107.151 Y129.071 E260.47694
M204 S5000
M205 X30 Y30
G0 F3600 X106.444 Y129.071
M204 S3000
M205 X20 Y20
G1 F1500 X83.179 Y105.806 E262.52878
M204 S5000
M205 X30 Y30
G0 F3600 X82.773 Y106.107
M204 S3000
M205 X20 Y20
G1 F1500 X105.737 Y129.071 E264.55407
M204 S5000
M205 X30 Y30
G0 F3600 X105.03 Y129.071
M204 S3000
M205 X20 Y20
G1 F1500 X82.304 Y106.346 E266.55833
M204 S5000
M205 X30 Y30
G0 F3600 X81.779 Y106.528
M204 S3000
M205 X20 Y20
G1 F1500 X104.322 Y129.071 E268.54649
M204 S5000
M205 X30 Y30
G0 F3600 X103.615 Y129.071
M204 S3000
M205 X20 Y20
G1 F1500 X81.153 Y106.609 E270.52751
M204 S5000
M205 X30 Y30
G0 F3600 X80.403 Y106.566
M204 S3000
M205 X20 Y20
G1 F1500 X102.908 Y129.071 E272.51232
M204 S5000
M205 X30 Y30
G0 F3600 X102.201 Y129.071
M204 S3000
M205 X20 Y20
G1 F1500 X79.251 Y106.121 E274.53638
G1 X79.163 Y106.033
M204 S5000
M205 X30 Y30
G0 F3600 X79.488 Y105.599
G0 X78.613 Y104.687
G0 X78.143 Y105.013
M204 S3000
M205 X20 Y20
G1 F1500 X77.675 Y104.545 E274.57766
M204 S5000
M205 X30 Y30
G0 F3600 X77.676 Y105.253
M204 S3000
M205 X20 Y20
G1 F1500 X101.494 Y129.071 E276.67827
M204 S5000
M205 X30 Y30
G0 F3600 X100.787 Y129.071
M204 S3000
M205 X20 Y20
G1 F1500 X77.676 Y105.96 E278.71653
M204 S5000
M205 X30 Y30
G0 F3600 X77.676 Y106.667
M204 S3000
M205 X20 Y20
G1 F1500 X83.041 Y112.032 E279.18969
M204 S5000
M205 X30 Y30
G0 F3600 X82.217 Y111.915
M204 S3000
M205 X20 Y20
G1 F1500 X77.676 Y107.374 E279.59018
M204 S5000
M205 X30 Y30
G0 F3600 X77.676 Y108.081
M204 S3000
M205 X20 Y20
G1 F1500 X81.613 Y112.019 E279.93744
M204 S5000
M205 X30 Y30
G0 F3600 X81.083 Y112.195
M204 S3000
M205 X20 Y20
G1 F1500 X77.676 Y108.789 E280.23788
M204 S5000
M205 X30 Y30
G0 F3600 X77.676 Y109.496
M204 S3000
M205 X20 Y20
G1 F1500 X80.625 Y112.445 E280.49796
M204 S5000
M205 X30 Y30
G0 F3600 X80.254 Y112.781
M204 S3000
M205 X20 Y20
G1 F1500 X77.676 Y110.203 E280.72533
M204 S5000
M205 X30 Y30
G0 F3600 X77.676 Y110.91
M204 S3000
M205 X20 Y20
G1 F1500 X79.928 Y113.162 E280.92394
M204 S5000
M205 X30 Y30
G0 F3600 X79.678 Y113.619
M204 S3000
M205 X20 Y20
G1 F1500 X77.676 Y111.617 E281.1005
M204 S5000
M205 X30 Y30
G0 F3600 X77.676 Y112.324
M204 S3000
M205 X20 Y20
G1 F1500 X79.502 Y114.15 E281.26155
M204 S5000
M205 X30 Y30
G0 F3600 X79.427 Y114.782
M204 S3000
M205 X20 Y20
G1 F1500 X77.676 Y113.031 E281.41598
M204 S5000
M205 X30 Y30
G0 F3600 X77.676 Y113.738
M204 S3000
M205 X20 Y20
G1 F1500 X79.597 Y115.66 E281.58544
G1 X79.685 Y115.748
M204 S5000
M205 X30 Y30
G1 F1500 E275.08544
G0 F3600 X80.154 Y115.554
G0 X77.201 Y115.323
G1 F1500 E281.58544
G0 F3600 X77.675 Y115.859
M204 S3000
M205 X20 Y20
G1 F1500 X90.887 Y129.071 E282.75066
M204 S5000
M205 X30 Y30
G0 F3600 X90.18 Y129.071
M204 S3000
M205 X20 Y20
G1 F1500 X77.675 Y116.566 E283.85353
M204 S5000
M205 X30 Y30
G0 F3600 X77.675 Y117.273
M204 S3000
M205 X20 Y20
G1 F1500 X89.473 Y129.071 E284.89405
M204 S5000
M205 X30 Y30
G0 F3600 X88.766 Y129.071
M204 S3000
M205 X20 Y20
G1 F1500 X77.675 Y117.98 E285.87221
M204 S5000
M205 X30 Y30
G0 F3600 X77.675 Y118.687
M204 S3000
M205 X20 Y20
G1 F1500 X82.05 Y123.062 E286.25806
M204 S5000
M205 X30 Y30
G0 F3600 X81.164 Y122.883
M204 S3000
M205 X20 Y20
G1 F1500 X77.675 Y119.394 E286.56577
M204 S5000
M205 X30 Y30
G0 F3600 X77.675 Y120.102
M204 S3000
M205 X20 Y20
G1 F1500 X80.497 Y122.923 E286.81461
M204 S5000
M205 X30 Y30
G0 F3600 X79.931 Y123.064
M204 S3000
M205 X20 Y20
G1 F1500 X77.675 Y120.809 E287.01353
M204 S5000
M205 X30 Y30
G0 F3600 X77.675 Y121.516
M204 S3000
M205 X20 Y20
G1 F1500 X79.427 Y123.268 E287.16805
M204 S5000
M205 X30 Y30
G0 F3600 X78.995 Y123.543
M204 S3000
M205 X20 Y20
G1 F1500 X77.675 Y122.223 E287.28446
M204 S5000
M205 X30 Y30
G0 F3600 X77.675 Y122.93
M204 S3000
M205 X20 Y20
G1 F1500 X78.619 Y123.874 E287.36772
M204 S5000
M205 X30 Y30
G0 F3600 X78.29 Y124.252
M204 S3000
M205 X20 Y20
G1 F1500 X77.675 Y123.637 E287.42196
M204 S5000
M205 X30 Y30
G0 F3600 X77.675 Y124.344
M204 S3000
M205 X20 Y20
G1 F1500 X78.029 Y124.698 E287.45318
M204 S5000
M205 X30 Y30
G0 F3600 X77.672 Y125.049
M204 S3000
M205 X20 Y20
G1 F1500 X77.822 Y125.198 E287.46637
M204 S5000
M205 X30 Y30
G0 F3600 X78.361 Y125.376
G0 X78.942 Y124.364
G0 X79.954 Y123.663
G0 X81.137 Y123.463
G0 X82.304 Y123.782
G0 X83.169 Y124.522
G0 X84.211 Y125.223
M204 S3000
M205 X20 Y20
G1 F1500 X88.059 Y129.071 E287.80574
M204 S5000
M205 X30 Y30
G0 F3600 X87.352 Y129.071
M204 S3000
M205 X20 Y20
G1 F1500 X84.376 Y126.095 E288.0682
M204 S5000
M205 X30 Y30
G0 F3600 X84.33 Y126.756
M204 S3000
M205 X20 Y20
G1 F1500 X86.645 Y129.071 E288.27237
M204 S5000
M205 X30 Y30
G0 F3600 X85.938 Y129.071
M204 S3000
M205 X20 Y20
G1 F1500 X84.189 Y127.323 E288.42658
M204 S5000
M205 X30 Y30
G0 F3600 X83.975 Y127.815
M204 S3000
M205 X20 Y20
G1 F1500 X85.231 Y129.071 E288.53735
M204 S5000
M205 X30 Y30
G0 F3600 X84.524 Y129.071
M204 S3000
M205 X20 Y20
G1 F1500 X83.705 Y128.253 E288.60954
M204 S5000
M205 X30 Y30
G0 F3600 X83.37 Y128.624
M204 S3000
M205 X20 Y20
G1 F1500 X83.816 Y129.071 E288.64892
M204 S5000
M205 X30 Y30
G0 F3600 X83.109 Y129.071
M204 S3000
M205 X20 Y20
G1 F1500 X82.994 Y128.956 E288.65906
M204 S5000
M205 X30 Y30
G0 F3600 X82.652 Y128.505
G0 X81.502 Y129.332
G0 X91.595 Y129.649
G0 X91.595 Y129.071
M204 S3000
M205 X20 Y20
G1 F1500 X77.675 Y115.152 E289.88668
M204 S5000
M205 X30 Y30
G0 F3600 X77.676 Y114.445
M204 S3000
M205 X20 Y20
G1 F1500 X92.302 Y129.071 E291.17661
M204 S5000
M205 X30 Y30
G0 F3600 X93.009 Y129.071
M204 S3000
M205 X20 Y20
G1 F1500 X81.352 Y117.415 E292.20465
M204 S5000
M205 X30 Y30
G0 F3600 X82.217 Y117.572
M204 S3000
M205 X20 Y20
G1 F1500 X93.716 Y129.071 E293.21879
M204 S5000
M205 X30 Y30
G0 F3600 X94.423 Y129.071
M204 S3000
M205 X20 Y20
G1 F1500 X82.84 Y117.488 E294.24035
M204 S5000
M205 X30 Y30
G0 F3600 X83.388 Y117.329
M204 S3000
M205 X20 Y20
G1 F1500 X95.13 Y129.071 E295.27592
M204 S5000
M205 X30 Y30
G0 F3600 X95.837 Y129.071
M204 S3000
M205 X20 Y20
G1 F1500 X83.828 Y117.062 E296.33505
M204 S5000
M205 X30 Y30
G0 F3600 X84.231 Y116.758
M204 S3000
M205 X20 Y20
G1 F1500 X96.544 Y129.071 E297.42098
M204 S5000
M205 X30 Y30
G0 F3600 X97.251 Y129.071
M204 S3000
M205 X20 Y20
G1 F1500 X84.548 Y116.368 E298.54131
M204 S5000
M205 X30 Y30
G0 F3600 X84.81 Y115.923
M204 S3000
M205 X20 Y20
G1 F1500 X97.959 Y129.071 E299.70094
M204 S5000
M205 X30 Y30
G0 F3600 X98.666 Y129.071
M204 S3000
M205 X20 Y20
G1 F1500 X84.992 Y115.397 E300.90691
M204 S5000
M205 X30 Y30
G0 F3600 X85.071 Y114.769
M204 S3000
M205 X20 Y20
G1 F1500 X99.373 Y129.071 E302.16826
M204 S5000
M205 X30 Y30
G0 F3600 X100.08 Y129.071
M204 S3000
M205 X20 Y20
G1 F1500 X84.967 Y113.958 E303.50114
G1 X84.879 Y113.87
M204 S5000
M205 X30 Y30
G1 F1500 E297.00114
G0 F3600 X84.386 Y114.047
G0 X83.727 Y113.086
G0 X82.897 Y112.513
G0 X81.065 Y106.129
G0 X79.457 Y105.576
G0 X78.428 Y104.328
G0 X78.253 Y102.884
G1 F1500 E303.50114
G0 F3600 X77.899 Y101.941
M204 S3000
M205 X20 Y20
G1 F1500 X77.677 Y101.718 E303.52076
M204 S5000
M205 X30 Y30
G0 F3600 X78.152 Y101.487
M204 S3000
M205 X20 Y20
G1 F1500 X77.677 Y101.011 E303.5627
M204 S5000
M205 X30 Y30
G0 F3600 X77.677 Y100.304
M204 S3000
M205 X20 Y20
G1 F1500 X78.439 Y101.066 E303.6299
M204 S5000
M205 X30 Y30
G0 F3600 X78.78 Y100.7
M204 S3000
M205 X20 Y20
G1 F1500 X77.677 Y99.597 E303.72718
M204 S5000
M205 X30 Y30
G0 F3600 X77.677 Y98.89
M204 S3000
M205 X20 Y20
G1 F1500 X79.199 Y100.412 E303.86141
M204 S5000
M205 X30 Y30
G0 F3600 X79.647 Y100.153
M204 S3000
M205 X20 Y20
G1 F1500 X77.677 Y98.183 E304.03516
M204 S5000
M205 X30 Y30
G0 F3600 X77.677 Y97.476
M204 S3000
M205 X20 Y20
G1 F1500 X80.179 Y99.978 E304.25582
M204 S5000
M205 X30 Y30
G0 F3600 X80.801 Y99.892
M204 S3000
M205 X20 Y20
G1 F1500 X77.802 Y96.894 E304.52027
G1 X77.714 Y96.806
M204 S5000
M205 X30 Y30
G0 F3600 X77.256 Y96.703
G0 X78.065 Y95.085
G0 X78.495 Y95.465
M204 S3000
M205 X20 Y20
G1 F1500 X79.54 Y96.51 E304.61243
M204 S5000
M205 X30 Y30
G0 F3600 X79.429 Y95.692
M204 S3000
M205 X20 Y20
G1 F1500 X78.828 Y95.091 E304.66544
M204 S5000
M205 X30 Y30
G0 F3600 X79.21 Y94.767
M204 S3000
M205 X20 Y20
G1 F1500 X79.517 Y95.074 E304.69251
M204 S5000
M205 X30 Y30
G0 F3600 X79.718 Y94.567
M204 S3000
M205 X20 Y20
G1 F1500 X79.641 Y94.49 E304.6993
M204 S5000
M205 X30 Y30
G0 F3600 X79.338 Y94.002
G0 X80.781 Y93.272
G0 X81.624 Y92.377
G0 X82.096 Y92.703
M204 S3000
M205 X20 Y20
G1 F1500 X82.326 Y92.932 E304.71954
M204 S5000
M205 X30 Y30
G0 F3600 X82.346 Y92.245
M204 S3000
M205 X20 Y20
G1 F1500 X83.193 Y93.092 E304.79424
G1 X83.281 Y93.18
M204 S5000
M205 X30 Y30
G0 F3600 X83.059 Y93.659
G0 X81.972 Y93.466
G0 X80.877 Y93.605
G0 X82.054 Y91.562
G0 X82.171 Y90.422
G0 X110.017 Y90.351
G0 X110.017 Y90.925
M204 S3000
M205 X20 Y20
G1 F1500 X135.393 Y116.302 E307.0323
G1 X135.481 Y116.39
M204 S5000
M205 X30 Y30
G0 F3600 X135.921 Y116.039
G0 X135.535 Y115.076
G0 X134.973 Y115.174
M204 S3000
M205 X20 Y20
G1 F1500 X110.724 Y90.925 E309.17093
M204 S5000
M205 X30 Y30
G0 F3600 X111.431 Y90.925
M204 S3000
M205 X20 Y20
G1 F1500 X134.966 Y114.46 E311.24658
M204 S5000
M205 X30 Y30
G0 F3600 X135.055 Y113.842
M204 S3000
M205 X20 Y20
G1 F1500 X112.138 Y90.925 E313.26773
M204 S5000
M205 X30 Y30
G0 F3600 X112.845 Y90.925
M204 S3000
M205 X20 Y20
G1 F1500 X135.305 Y113.385 E315.24857
M204 S5000
M205 X30 Y30
G0 F3600 X135.582 Y112.955
M204 S3000
M205 X20 Y20
G1 F1500 X113.552 Y90.925 E317.19149
M204 S5000
M205 X30 Y30
G0 F3600 X114.259 Y90.925
M204 S3000
M205 X20 Y20
G1 F1500 X135.941 Y112.606 E319.10367
M204 S5000
M205 X30 Y30
G0 F3600 X136.358 Y112.316
M204 S3000
M205 X20 Y20
G1 F1500 X114.967 Y90.925 E320.99024
M204 S5000
M205 X30 Y30
G0 F3600 X115.674 Y90.925
M204 S3000
M205 X20 Y20
G1 F1500 X136.831 Y112.082 E322.85616
M204 S5000
M205 X30 Y30
G0 F3600 X137.408 Y111.952
M204 S3000
M205 X20 Y20
G1 F1500 X116.381 Y90.925 E324.71062
M204 S5000
M205 X30 Y30
G0 F3600 X117.088 Y90.925
M204 S3000
M205 X20 Y20
G1 F1500 X138.139 Y111.976 E326.5672
G1 X138.227 Y112.064
M204 S5000
M205 X30 Y30
G0 F3600 X138.162 Y112.556
G0 X139.229 Y112.359
M204 S3000
M205 X20 Y20
G1 F1500 X117.795 Y90.925 E328.45755
G1 X117.707 Y90.837
M204 S5000
M205 X30 Y30
G0 F3600 X117.707 Y90.35
G0 X137.83 Y90.422
G0 X138.162 Y92.136
G0 X138.876 Y93.214
G0 X137.434 Y93.474
G0 X136.247 Y94.005
G0 X135.543 Y95.067
G0 X135.554 Y96.467
G0 X136.643 Y97.672
G0 X136.354 Y98.17
M204 S3000
M205 X20 Y20
G1 F1500 X138.172 Y99.989 E328.61794
M204 S5000
M205 X30 Y30
G0 F3600 X138.783 Y99.892
M204 S3000
M205 X20 Y20
G1 F1500 X137.426 Y98.535 E328.73762
M204 S5000
M205 X30 Y30
G0 F3600 X138.129 Y98.531
M204 S3000
M205 X20 Y20
G1 F1500 X139.524 Y99.926 E328.86065
G1 X139.612 Y100.014
M204 S5000
M205 X30 Y30
G0 F3600 X139.528 Y100.504
G0 X140.614 Y100.309
M204 S3000
M205 X20 Y20
G1 F1500 X138.716 Y98.411 E329.02804
M204 S5000
M205 X30 Y30
G0 F3600 X139.178 Y98.166
M204 S3000
M205 X20 Y20
G1 F1500 X142.323 Y101.311 E329.30541
M204 S5000
M205 X30 Y30
G0 F3600 X142.02 Y101.715
M204 S3000
M205 X20 Y20
G1 F1500 X142.32 Y102.015 E329.33187
M204 S5000
M205 X30 Y30
G0 F3600 X142.899 Y102.015
G0 X142.899 Y100.604
G0 X142.323 Y100.604
M204 S3000
M205 X20 Y20
G1 F1500 X139.606 Y97.887 E329.57149
M204 S5000
M205 X30 Y30
G0 F3600 X139.932 Y97.506
M204 S3000
M205 X20 Y20
G1 F1500 X142.323 Y99.897 E329.78236
M204 S5000
M205 X30 Y30
G0 F3600 X142.323 Y99.19
M204 S3000
M205 X20 Y20
G1 F1500 X140.23 Y97.097 E329.96696
M204 S5000
M205 X30 Y30
G0 F3600 X140.429 Y96.589
M204 S3000
M205 X20 Y20
G1 F1500 X142.323 Y98.483 E330.134
M204 S5000
M205 X30 Y30
G0 F3600 X142.323 Y97.775
M204 S3000
M205 X20 Y20
G1 F1500 X140.543 Y95.996 E330.29094
M204 S5000
M205 X30 Y30
G0 F3600 X140.499 Y95.245
M204 S3000
M205 X20 Y20
G1 F1500 X142.225 Y96.97 E330.44312
G1 X142.313 Y97.058
M204 S5000
M205 X30 Y30
G0 F3600 X142.811 Y96.985
G0 X142.199 Y95.451
G0 X141.699 Y95.738
M204 S3000
M205 X20 Y20
G1 F1500 X140.611 Y94.649 E330.53912
G1 X140.523 Y94.561
M204 S5000
M205 X30 Y30
G1 F1500 E324.03912
G0 F3600 X140.812 Y94.096
G0 X139.966 Y96.525
G0 X139.75 Y100.473
G0 X140.814 Y101.128
G0 X141.572 Y102.172
G0 X141.716 Y103.892
G1 F1500 E330.53912
G0 F3600 X142.252 Y104.069
M204 S3000
M205 X20 Y20
G1 F1500 X142.327 Y104.144 E330.54573
M204 S5000
M205 X30 Y30
G0 F3600 X142.078 Y104.602
M204 S3000
M205 X20 Y20
G1 F1500 X142.323 Y104.846 E330.56729
M204 S5000
M205 X30 Y30
G0 F3600 X141.825 Y105.056
M204 S3000
M205 X20 Y20
G1 F1500 X142.323 Y105.554 E330.61121
M204 S5000
M205 X30 Y30
G0 F3600 X142.323 Y106.261
M204 S3000
M205 X20 Y20
G1 F1500 X141.528 Y105.465 E330.68137
M204 S5000
M205 X30 Y30
G0 F3600 X141.168 Y105.812
M204 S3000
M205 X20 Y20
G1 F1500 X142.323 Y106.968 E330.78328
M204 S5000
M205 X30 Y30
G0 F3600 X142.323 Y107.675
M204 S3000
M205 X20 Y20
G1 F1500 X140.762 Y106.114 E330.92095
M204 S5000
M205 X30 Y30
G0 F3600 X140.287 Y106.346
M204 S3000
M205 X20 Y20
G1 F1500 X142.323 Y108.382 E331.10052
M204 S5000
M205 X30 Y30
G0 F3600 X142.323 Y109.089
M204 S3000
M205 X20 Y20
G1 F1500 X139.783 Y106.549 E331.32453
M204 S5000
M205 X30 Y30
G0 F3600 X139.132 Y106.605
M204 S3000
M205 X20 Y20
G1 F1500 X142.323 Y109.796 E331.60596
M204 S5000
M205 X30 Y30
G0 F3600 X142.323 Y110.503
M204 S3000
M205 X20 Y20
G1 F1500 X138.388 Y106.568 E331.953
G1 X138.3 Y106.48
M204 S5000
M205 X30 Y30
G0 F3600 X138.436 Y105.99
G0 X137.22 Y106.107
M204 S3000
M205 X20 Y20
G1 F1500 X142.323 Y111.21 E332.40306
G1 X142.411 Y111.298
M204 S5000
M205 X30 Y30
;MESH:NONMESH
G0 F600 X142.411 Y111.298 Z0.5
G0 F3600 X142.899 Y111.298
G0 X142.821 Y97.484
G0 X142.336 Y95.823
G0 X141.219 Y94.457
G0 X140.242 Y93.848
G0 X138.748 Y92.966
G0 X137.95 Y91.586
G0 X137.83 Y90.422
G0 X82.171 Y90.422
G0 X81.85 Y92.108
G0 X81.16 Y93.089
G0 X80.069 Y95.027
G0 X80.44 Y95.165
;TIME_ELAPSED:244.650637
;LAYER:1
M106 S255
M204 S3000
M205 X20 Y20
;TYPE:WALL-INNER
;MESH:Pi Holder.stl
G1 F2760 X80.708 Y94.645 E332.42738
G1 X81.082 Y94.248 E332.45005
G1 X81.626 Y93.951 E332.47582
G1 X82.214 Y93.84 E332.5007
G1 X82.833 Y93.94 E332.52677
G1 X83.354 Y94.208 E332.55113
G1 X83.738 Y94.546 E332.5724
G1 X84.041 Y95.105 E332.59883
G1 X84.16 Y95.755 E332.6263
G1 X84.062 Y96.327 E332.65043
G1 X83.846 Y96.781 E332.67133
G1 X83.48 Y97.204 E332.69459
G1 X82.928 Y97.54 E332.72146
G1 X82.262 Y97.663 E332.74961
G1 X81.598 Y97.55 E332.77762
G1 X81.017 Y97.213 E332.80554
G1 X80.606 Y96.707 E332.83264
G1 X80.461 Y96.399 E332.8468
G1 X80.352 Y95.841 E332.87043
G1 X80.44 Y95.165 E332.89878
M204 S5000
M205 X30 Y30
G0 F5400 X80.241 Y95.13
G0 X78.365 Y103.001
G0 X78.565 Y103.001
M204 S3000
M205 X20 Y20
G1 F2760 X78.596 Y102.784 E332.90789
G1 X78.83 Y102.115 E332.93736
G1 X79.202 Y101.582 E332.96438
G1 X79.526 Y101.295 E332.98237
G1 X80.048 Y100.989 E333.00753
G1 X80.426 Y100.863 E333.0241
G1 X81.05 Y100.799 E333.05017
G1 X81.481 Y100.841 E333.06818
G1 X82.045 Y101.033 E333.09295
G1 X82.463 Y101.281 E333.11315
G1 X82.952 Y101.749 E333.1413
G1 X83.301 Y102.382 E333.17135
G1 X83.439 Y103.007 E333.19796
G1 X83.446 Y103.472 E333.21729
G1 X83.3 Y104.119 E333.24487
G1 X82.957 Y104.743 E333.27447
G1 X82.461 Y105.221 E333.30311
G1 X82.081 Y105.455 E333.32166
G1 X81.478 Y105.655 E333.34808
G1 X81.014 Y105.7 E333.36746
G1 X80.374 Y105.631 E333.39422
G1 X79.706 Y105.346 E333.42441
G1 X79.107 Y104.801 E333.45808
G1 X78.739 Y104.19 E333.48774
G1 X78.576 Y103.629 E333.51203
G1 X78.565 Y103.001 E333.53814
M204 S5000
M205 X30 Y30
G0 F5400 X78.365 Y103.001
G0 X80.231 Y114.188
G0 X80.428 Y114.223
M204 S3000
M205 X20 Y20
G1 F2760 X80.516 Y113.98 E333.54888
G1 X80.708 Y113.645 E333.56494
G1 X81.047 Y113.261 E333.58623
G1 X81.624 Y112.952 E333.61345
G1 X82.253 Y112.835 E333.64004
G1 X82.905 Y112.962 E333.66766
G1 X83.438 Y113.255 E333.69295
G1 X83.765 Y113.601 E333.71274
G1 X84.067 Y114.196 E333.74048
G1 X84.162 Y114.773 E333.76479
G1 X84.036 Y115.406 E333.79163
G1 X83.889 Y115.715 E333.80585
G1 X83.542 Y116.144 E333.82879
G1 X82.983 Y116.504 E333.85644
G1 X82.777 Y116.572 E333.86546
G1 X82.168 Y116.649 E333.89098
G1 X81.624 Y116.548 E333.91398
G1 X81.134 Y116.284 E333.93712
G1 X80.934 Y116.117 E333.94795
G1 X80.684 Y115.819 E333.96412
G1 X80.485 Y115.456 E333.98134
G1 X80.357 Y114.879 E334.00591
G1 X80.347 Y114.75 E334.01129
G1 X80.428 Y114.223 E334.03345
M204 S5000
M205 X30 Y30
G0 F5400 X80.231 Y114.188
G0 X78.365 Y126.001
G0 X78.565 Y126.001
M204 S3000
M205 X20 Y20
G1 F2760 X78.57 Y125.906 E334.03741
G1 X78.739 Y125.31 E334.06317
G1 X78.83 Y125.115 E334.07211
G1 X79.202 Y124.582 E334.09913
G1 X79.526 Y124.295 E334.11713
G1 X80.085 Y123.976 E334.14389
G1 X80.499 Y123.855 E334.16182
G1 X81.015 Y123.8 E334.18339
G1 X81.49 Y123.844 E334.20323
G1 X82.081 Y124.045 E334.22918
G1 X82.468 Y124.279 E334.24798
G1 X82.963 Y124.769 E334.27694
G1 X83.277 Y125.339 E334.304
G1 X83.428 Y125.949 E334.33012
G1 X83.446 Y126.386 E334.34831
G1 X83.322 Y127.022 E334.37525
G1 X83.004 Y127.657 E334.40477
G1 X82.522 Y128.168 E334.43398
G1 X82.099 Y128.451 E334.45514
G1 X81.446 Y128.661 E334.48365
G1 X81.042 Y128.705 E334.50055
G1 X80.412 Y128.631 E334.52692
G1 X79.999 Y128.49 E334.54506
G1 X79.494 Y128.185 E334.56959
G1 X79.202 Y127.918 E334.58604
G1 X78.83 Y127.385 E334.61307
G1 X78.739 Y127.19 E334.62201
G1 X78.569 Y126.583 E334.64822
G1 X78.565 Y126.001 E334.67242
M204 S5000
M205 X30 Y30
G0 F5400 X78.365 Y126.001
G0 X79.038 Y124.55
G0 X79.947 Y123.876
G0 X136.379 Y125.906
G0 X136.572 Y125.949
M204 S3000
M205 X20 Y20
G1 F2760 X136.723 Y125.339 E334.69854
G1 X137.038 Y124.767 E334.72569
G1 X137.533 Y124.279 E334.75459
G1 X137.92 Y124.044 E334.77341
G1 X138.522 Y123.845 E334.79977
G1 X138.985 Y123.8 E334.81911
G1 X139.501 Y123.855 E334.84069
G1 X140.066 Y124.046 E334.86548
G1 X140.604 Y124.395 E334.89215
G1 X140.904 Y124.711 E334.91026
G1 X141.26 Y125.31 E334.93923
G1 X141.436 Y125.936 E334.96627
G1 X141.432 Y126.583 E334.99317
G1 X141.232 Y127.291 E335.02375
G1 X140.834 Y127.88 E335.05331
G1 X140.507 Y128.185 E335.0719
G1 X140.001 Y128.49 E335.09646
G1 X139.588 Y128.631 E335.1146
G1 X139.024 Y128.697 E335.13821
G1 X138.604 Y128.669 E335.15571
G1 X137.988 Y128.479 E335.18251
G1 X137.61 Y128.27 E335.20047
G1 X137.13 Y127.831 E335.22752
G1 X136.754 Y127.223 E335.25724
G1 X136.572 Y126.551 E335.28618
G1 X136.554 Y126.114 E335.30437
G1 X136.572 Y125.949 E335.31127
M204 S5000
M205 X30 Y30
G0 F5400 X136.379 Y125.906
G0 X135.928 Y115.8
G0 X136.111 Y115.715
M204 S3000
M205 X20 Y20
G1 F2760 X135.934 Y115.31 E335.32964
G1 X135.858 Y114.879 E335.34784
G1 X135.847 Y114.719 E335.3545
G1 X135.948 Y114.106 E335.38033
G1 X136.235 Y113.601 E335.40448
G1 X136.562 Y113.255 E335.42428
G1 X137.095 Y112.962 E335.44956
G1 X137.747 Y112.835 E335.47718
G1 X138.376 Y112.952 E335.50378
G1 X138.953 Y113.261 E335.53099
G1 X139.292 Y113.645 E335.55229
G1 X139.484 Y113.981 E335.56838
G1 X139.572 Y114.223 E335.57908
G1 X139.654 Y114.75 E335.60126
G1 X139.559 Y115.375 E335.62754
G1 X139.316 Y115.819 E335.64858
G1 X139.066 Y116.117 E335.66475
G1 X138.866 Y116.284 E335.67559
G1 X138.376 Y116.548 E335.69873
G1 X137.832 Y116.649 E335.72173
G1 X137.223 Y116.572 E335.74725
G1 X137.017 Y116.504 E335.75627
G1 X136.458 Y116.144 E335.78391
G1 X136.111 Y115.715 E335.80685
M204 S5000
M205 X30 Y30
G0 F5400 X135.928 Y115.8
G0 X136.366 Y102.963
G0 X136.561 Y103.007
M204 S3000
M205 X20 Y20
G1 F2760 X136.7 Y102.38 E335.83355
G1 X137.048 Y101.749 E335.86351
G1 X137.537 Y101.281 E335.89165
G1 X137.955 Y101.033 E335.91186
G1 X138.52 Y100.845 E335.93662
G1 X138.95 Y100.8 E335.95459
G1 X139.574 Y100.863 E335.98067
G1 X139.952 Y100.989 E335.99723
G1 X140.553 Y101.341 E336.02619
G1 X140.904 Y101.711 E336.04739
G1 X141.17 Y102.115 E336.0675
G1 X141.403 Y102.784 E336.09695
G1 X141.436 Y103.001 E336.10608
G1 X141.425 Y103.629 E336.13219
G1 X141.26 Y104.19 E336.1565
G1 X140.893 Y104.801 E336.18614
G1 X140.368 Y105.279 E336.21566
G1 X140.182 Y105.394 E336.22475
G1 X139.514 Y105.643 E336.25439
G1 X138.986 Y105.7 E336.27647
G1 X138.522 Y105.655 E336.29585
G1 X137.92 Y105.456 E336.32221
G1 X137.535 Y105.222 E336.34094
G1 X137.044 Y104.743 E336.36946
G1 X136.708 Y104.138 E336.39823
G1 X136.564 Y103.514 E336.42485
G1 X136.554 Y103.114 E336.44149
G1 X136.561 Y103.007 E336.44595
M204 S5000
M205 X30 Y30
G0 F5400 X136.366 Y102.963
G0 X135.74 Y96.361
G0 X135.938 Y96.327
M204 S3000
M205 X20 Y20
G1 F2760 X135.858 Y95.879 E336.46487
G1 X135.847 Y95.715 E336.4717
G1 X135.959 Y95.105 E336.49749
G1 X136.208 Y94.646 E336.5192
G1 X136.488 Y94.328 E336.53681
G1 X136.98 Y94.016 E336.56103
G1 X137.167 Y93.94 E336.56942
G1 X137.786 Y93.84 E336.59549
G1 X138.373 Y93.952 E336.62034
G1 X138.901 Y94.235 E336.64524
G1 X139.172 Y94.488 E336.66066
G1 X139.484 Y94.981 E336.68491
G1 X139.559 Y95.166 E336.69321
G1 X139.652 Y95.79 E336.71944
G1 X139.539 Y96.4 E336.74524
G1 X139.394 Y96.706 E336.75931
G1 X138.983 Y97.213 E336.78645
G1 X138.402 Y97.55 E336.81437
G1 X137.801 Y97.652 E336.83972
G1 X137.114 Y97.557 E336.86855
G1 X136.52 Y97.204 E336.89728
G1 X136.154 Y96.781 E336.92053
G1 X135.938 Y96.327 E336.94144
M204 S5000
M205 X30 Y30
G0 F5400 X135.74 Y96.361
G0 X135.817 Y95.047
G0 X138.558 Y92.41
G0 X138.732 Y92.319
M204 S3000
M205 X20 Y20
G1 F2760 X138.417 Y91.692 E336.97061
G1 X138.25 Y91.014 E336.99964
G1 X138.25 Y90 E337.0418
G1 X81.75 Y90 E339.39079
G1 X81.75 Y91.009 E339.43274
G1 X81.568 Y91.751 E339.46451
G1 X81.228 Y92.363 E339.49361
G1 X80.803 Y92.834 E339.51999
G1 X80.264 Y93.197 E339.547
G1 X79.399 Y93.55 E339.58585
G1 X78.704 Y93.983 E339.61989
G1 X78.18 Y94.427 E339.64844
G1 X77.61 Y95.07 E339.68417
G1 X77.194 Y95.823 E339.71993
G1 X76.888 Y96.633 E339.75593
G1 X76.751 Y97.576 E339.79555
G1 X76.75 Y125.486 E340.95591
G1 X76.802 Y125.943 E340.97504
G1 X77.002 Y126.817 E341.01231
G1 X77.39 Y127.625 E341.04958
G1 X77.893 Y128.361 E341.08664
G1 X78.538 Y128.96 E341.12324
G1 X79.125 Y129.36 E341.15277
G1 X79.928 Y129.746 E341.18981
G1 X80.806 Y129.948 E341.22727
G1 X81.266 Y130 E341.24651
G1 X138.734 Y130 E343.63575
G1 X139.194 Y129.948 E343.655
G1 X140.072 Y129.746 E343.69246
G1 X140.875 Y129.36 E343.7295
G1 X141.616 Y128.853 E343.76683
G1 X142.212 Y128.21 E343.80328
G1 X142.61 Y127.625 E343.83269
G1 X142.996 Y126.821 E343.86977
G1 X143.198 Y125.944 E343.90719
G1 X143.25 Y125.485 E343.92639
G1 X143.25 Y97.572 E345.08688
G1 X143.112 Y96.634 E345.1263
G1 X142.806 Y95.823 E345.16234
G1 X142.387 Y95.068 E345.19824
G1 X141.819 Y94.426 E345.23387
G1 X141.296 Y93.984 E345.26234
G1 X140.598 Y93.549 E345.29654
G1 X139.745 Y93.201 E345.33484
G1 X139.197 Y92.834 E345.36226
G1 X138.732 Y92.319 E345.39111
M204 S5000
M205 X30 Y30
G0 F5400 X138.558 Y92.41
G0 X136.15 Y94.471
G0 X136.42 Y95.31
M204 S3000
M205 X20 Y20
;TYPE:WALL-OUTER
G1 F1770 X136.642 Y94.894 E345.41071
G1 X136.842 Y94.682 E345.42283
G1 X137.276 Y94.429 E345.44371
G1 X137.706 Y94.35 E345.46189
G1 X138.222 Y94.428 E345.48359
G1 X138.641 Y94.666 E345.50362
G1 X138.858 Y94.894 E345.51671
G1 X139.075 Y95.291 E345.53552
G1 X139.153 Y95.764 E345.55545
G1 X139.071 Y96.224 E345.57487
G1 X138.959 Y96.46 E345.58573
G1 X138.652 Y96.827 E345.60563
G1 X138.254 Y97.059 E345.62478
G1 X137.767 Y97.153 E345.6454
G1 X137.281 Y97.073 E345.66588
G1 X136.88 Y96.849 E345.68497
G1 X136.549 Y96.474 E345.70577
G1 X136.427 Y96.218 E345.71756
G1 X136.35 Y95.793 E345.73552
G1 X136.42 Y95.31 E345.75581
M204 S5000
M205 X30 Y30
G0 F5400 X136.514 Y95.134
G0 X135.902 Y94.779
G0 X136.49 Y102.408
G0 X137.173 Y102.561
M204 S3000
M205 X20 Y20
G1 F1770 X137.45 Y102.061 E345.77957
G1 X137.846 Y101.674 E345.80259
G1 X138.102 Y101.516 E345.8151
G1 X138.629 Y101.333 E345.83829
G1 X138.974 Y101.301 E345.8527
G1 X139.459 Y101.353 E345.87298
G1 X139.768 Y101.454 E345.88649
G1 X140.239 Y101.737 E345.90934
G1 X140.486 Y101.985 E345.92389
G1 X140.752 Y102.389 E345.944
G1 X140.936 Y102.963 E345.96906
G1 X140.932 Y103.543 E345.99317
G1 X140.771 Y104.083 E346.0166
G1 X140.429 Y104.577 E346.04158
G1 X139.986 Y104.934 E346.06524
G1 X139.46 Y105.146 E346.08881
G1 X138.96 Y105.2 E346.10972
G1 X138.63 Y105.167 E346.12351
G1 X138.138 Y105.002 E346.14508
G1 X137.858 Y104.835 E346.15864
G1 X137.464 Y104.457 E346.18134
G1 X137.173 Y103.947 E346.20575
G1 X137.055 Y103.416 E346.22837
G1 X137.054 Y103.114 E346.24092
G1 X137.056 Y103.078 E346.24242
G1 X137.173 Y102.561 E346.26446
M204 S5000
M205 X30 Y30
G0 F5400 X137.27 Y102.386
G0 X136.658 Y102.043
G0 X135.828 Y113.906
G0 X136.435 Y114.258
M204 S3000
M205 X20 Y20
G1 F1770 X136.671 Y113.853 E346.28395
G1 X136.854 Y113.67 E346.29471
G1 X137.288 Y113.425 E346.31543
G1 X137.778 Y113.348 E346.33605
G1 X138.223 Y113.428 E346.35485
G1 X138.606 Y113.642 E346.37309
G1 X138.818 Y113.842 E346.3852
G1 X139.08 Y114.31 E346.4075
G1 X139.154 Y114.75 E346.42605
G1 X139.063 Y115.242 E346.44685
G1 X138.933 Y115.497 E346.45875
G1 X138.616 Y115.851 E346.47851
G1 X138.223 Y116.072 E346.49726
G1 X137.778 Y116.152 E346.51605
G1 X137.288 Y116.075 E346.53667
G1 X136.86 Y115.836 E346.55706
G1 X136.555 Y115.482 E346.57648
G1 X136.43 Y115.226 E346.58833
G1 X136.35 Y114.793 E346.60663
G1 X136.435 Y114.258 E346.62915
M204 S5000
M205 X30 Y30
G0 F5400 X136.535 Y114.085
G0 X135.929 Y113.733
G0 X136.378 Y126.593
G0 X137.06 Y126.441
M204 S3000
M205 X20 Y20
G1 F1770 X137.054 Y126.114 E346.64275
G1 X137.06 Y126.059 E346.64505
G1 X137.181 Y125.541 E346.66717
G1 X137.451 Y125.056 E346.69025
G1 X137.832 Y124.685 E346.71236
G1 X138.138 Y124.498 E346.72726
G1 X138.635 Y124.332 E346.74905
G1 X138.974 Y124.301 E346.7632
G1 X139.447 Y124.352 E346.78298
G1 X139.806 Y124.473 E346.79873
G1 X140.257 Y124.755 E346.82085
G1 X140.486 Y124.985 E346.83434
G1 X140.772 Y125.419 E346.85595
G1 X140.934 Y125.969 E346.87979
G1 X140.934 Y126.527 E346.90299
G1 X140.782 Y127.046 E346.92547
G1 X140.487 Y127.515 E346.9485
G1 X140.225 Y127.771 E346.96373
G1 X139.784 Y128.039 E346.98519
G1 X139.476 Y128.143 E346.9987
G1 X138.974 Y128.199 E347.0197
G1 X138.631 Y128.169 E347.03402
G1 X138.098 Y127.982 E347.0575
G1 X137.826 Y127.809 E347.0709
G1 X137.433 Y127.413 E347.0941
G1 X137.191 Y126.979 E347.11476
G1 X137.06 Y126.441 E347.13778
M204 S5000
M205 X30 Y30
G0 F5400 X137.057 Y126.241
G0 X136.354 Y126.241
G0 X82.953 Y112.817
G0 X81.547 Y112.817
G0 X80.712 Y113.409
G0 X80.92 Y114.31
M204 S3000
M205 X20 Y20
G1 F1770 X81.142 Y113.894 E347.15738
G1 X81.342 Y113.682 E347.1695
G1 X81.777 Y113.428 E347.19044
G1 X82.222 Y113.348 E347.20924
G1 X82.712 Y113.425 E347.22986
G1 X83.146 Y113.67 E347.25058
G1 X83.329 Y113.853 E347.26134
G1 X83.565 Y114.258 E347.28083
G1 X83.653 Y114.728 E347.30071
G1 X83.57 Y115.226 E347.3217
G1 X83.443 Y115.485 E347.33369
G1 X83.154 Y115.825 E347.35225
G1 X82.712 Y116.075 E347.37336
G1 X82.222 Y116.152 E347.39398
G1 X81.777 Y116.072 E347.41278
G1 X81.384 Y115.851 E347.43152
G1 X81.067 Y115.497 E347.45128
G1 X80.937 Y115.242 E347.46318
G1 X80.85 Y114.793 E347.48219
G1 X80.92 Y114.31 E347.50248
M204 S5000
M205 X30 Y30
G0 F5400 X81.014 Y114.134
G0 X80.402 Y113.779
G0 X78.398 Y103.744
G0 X79.068 Y103.543
M204 S3000
M205 X20 Y20
G1 F1770 X79.065 Y103.001 E347.52502
G1 X79.075 Y102.928 E347.52808
G1 X79.248 Y102.389 E347.55162
G1 X79.513 Y101.985 E347.5717
G1 X79.761 Y101.737 E347.58628
G1 X80.232 Y101.454 E347.60913
G1 X80.541 Y101.353 E347.62265
G1 X81.052 Y101.299 E347.64401
G1 X81.371 Y101.333 E347.65735
G1 X81.863 Y101.499 E347.67893
G1 X82.154 Y101.674 E347.69305
G1 X82.55 Y102.061 E347.71607
G1 X82.826 Y102.55 E347.73942
G1 X82.946 Y103.096 E347.76266
G1 X82.945 Y103.416 E347.77596
G1 X82.823 Y103.95 E347.79874
G1 X82.55 Y104.444 E347.8222
G1 X82.167 Y104.815 E347.84437
G1 X81.862 Y105.002 E347.85924
G1 X81.37 Y105.167 E347.88082
G1 X81.025 Y105.199 E347.89522
G1 X80.469 Y105.128 E347.91853
G1 X80.014 Y104.934 E347.93909
G1 X79.571 Y104.577 E347.96275
G1 X79.229 Y104.083 E347.98773
G1 X79.068 Y103.543 E348.01115
M204 S5000
M205 X30 Y30
G0 F5400 X79.067 Y103.343
G0 X78.365 Y103.343
G0 X80.234 Y95.17
G0 X80.924 Y95.291
M204 S3000
M205 X20 Y20
G1 F1770 X81.142 Y94.894 E348.02998
G1 X81.359 Y94.666 E348.04307
G1 X81.778 Y94.428 E348.0631
G1 X82.206 Y94.35 E348.08119
G1 X82.709 Y94.424 E348.10233
G1 X83.106 Y94.642 E348.12116
G1 X83.318 Y94.842 E348.13328
G1 X83.58 Y95.31 E348.15557
G1 X83.653 Y95.768 E348.17486
G1 X83.573 Y96.218 E348.19386
G1 X83.451 Y96.474 E348.20565
G1 X83.176 Y96.803 E348.22348
G1 X82.746 Y97.063 E348.24437
G1 X82.233 Y97.153 E348.26602
G1 X81.746 Y97.059 E348.28664
G1 X81.348 Y96.827 E348.30579
G1 X81.041 Y96.46 E348.32569
G1 X80.929 Y96.223 E348.33658
G1 X80.848 Y95.781 E348.35527
G1 X80.924 Y95.291 E348.37588
M204 S5000
M205 X30 Y30
G0 F5400 X81.02 Y95.116
G0 X80.411 Y94.763
G0 X81.354 Y92.523
G0 X80.836 Y92.053
M204 S3000
M205 X20 Y20
G1 F1770 X80.473 Y92.453 E348.39834
G1 X80.029 Y92.751 E348.42057
G1 X79.171 Y93.103 E348.45913
G1 X78.409 Y93.578 E348.49646
G1 X77.829 Y94.069 E348.52805
G1 X77.323 Y94.641 E348.5598
G1 X77.109 Y94.944 E348.57523
G1 X76.739 Y95.613 E348.60701
G1 X76.465 Y96.34 E348.63931
G1 X76.375 Y96.688 E348.65426
G1 X76.251 Y97.54 E348.69005
G1 X76.25 Y125.514 E349.85307
G1 X76.308 Y126.027 E349.87454
G1 X76.486 Y126.803 E349.90764
G1 X76.612 Y127.161 E349.92342
G1 X76.956 Y127.875 E349.95637
G1 X77.399 Y128.525 E349.98907
G1 X77.647 Y128.816 E350.00497
G1 X78.226 Y129.352 E350.03777
G1 X78.875 Y129.794 E350.07042
G1 X79.589 Y130.138 E350.10337
G1 X79.947 Y130.264 E350.11914
G1 X80.722 Y130.442 E350.1522
G1 X81.238 Y130.5 E350.17379
G1 X138.762 Y130.5 E352.56536
G1 X139.278 Y130.442 E352.58695
G1 X140.053 Y130.264 E352.62001
G1 X140.411 Y130.138 E352.63579
G1 X141.125 Y129.794 E352.66874
G1 X141.777 Y129.349 E352.70156
G1 X142.068 Y129.101 E352.71745
G1 X142.604 Y128.522 E352.75026
G1 X143.044 Y127.875 E352.78279
G1 X143.388 Y127.16 E352.81577
G1 X143.514 Y126.803 E352.83151
G1 X143.692 Y126.028 E352.86457
G1 X143.75 Y125.513 E352.88612
G1 X143.75 Y97.536 E354.04927
G1 X143.625 Y96.686 E354.08499
G1 X143.535 Y96.34 E354.09985
G1 X143.261 Y95.613 E354.13215
G1 X142.889 Y94.942 E354.16405
G1 X142.675 Y94.639 E354.17947
G1 X142.169 Y94.067 E354.21122
G1 X141.591 Y93.578 E354.2427
G1 X140.826 Y93.102 E354.28016
G1 X139.97 Y92.751 E354.31862
G1 X139.545 Y92.465 E354.33992
G1 X139.154 Y92.043 E354.36384
G1 X138.9 Y91.56 E354.38653
G1 X138.75 Y90.953 E354.41252
G1 X138.75 Y89.5 E354.47293
G1 X81.25 Y89.5 E356.8635
G1 X81.25 Y90.949 E356.92374
G1 X81.099 Y91.562 E356.94999
G1 X80.836 Y92.053 E356.97315
M204 S5000
M205 X30 Y30
G0 F5400 X80.702 Y92.201
G0 X81.22 Y92.671
G0 X80.317 Y95.047
G0 X78.426 Y102.872
G0 X78.365 Y125.969
G0 X79.066 Y125.969
M204 S3000
M205 X20 Y20
G1 F1770 X79.228 Y125.419 E356.99699
G1 X79.513 Y124.985 E357.01857
G1 X79.743 Y124.755 E357.0321
G1 X80.194 Y124.473 E357.05421
G1 X80.553 Y124.352 E357.06996
G1 X81.04 Y124.3 E357.09032
G1 X81.37 Y124.333 E357.10411
G1 X81.862 Y124.498 E357.12569
G1 X82.168 Y124.685 E357.1406
G1 X82.55 Y125.057 E357.16276
G1 X82.819 Y125.541 E357.18579
G1 X82.94 Y126.059 E357.2079
G1 X82.946 Y126.386 E357.2215
G1 X82.826 Y126.948 E357.24539
G1 X82.567 Y127.413 E357.26752
G1 X82.174 Y127.809 E357.29071
G1 X81.881 Y127.995 E357.30514
G1 X81.36 Y128.169 E357.32798
G1 X81.069 Y128.2 E357.34015
G1 X80.519 Y128.142 E357.36314
G1 X80.216 Y128.039 E357.37645
G1 X79.776 Y127.771 E357.39786
G1 X79.513 Y127.515 E357.41312
G1 X79.218 Y127.046 E357.43616
G1 X79.066 Y126.527 E357.45864
G1 X79.065 Y126.001 E357.48051
G1 X79.066 Y125.969 E357.48184
M204 S5000
M205 X30 Y30
G0 F5400 X79.122 Y125.778
G0 X78.453 Y125.576
G0 X78.091 Y126.743
M204 S3000
M205 X20 Y20
;TYPE:SKIN
G1 F1459.1 X78.089 Y125.865 E357.51937
G1 F1500 X78.099 Y125.791 E357.52247
G1 X78.295 Y125.145 E357.55054
G1 X78.439 Y124.843 E357.56445
G1 X78.856 Y124.252 E357.59452
G1 X79.286 Y123.884 E357.61805
G1 X79.892 Y123.544 E357.64694
G1 X80.402 Y123.39 E357.66909
G1 X81.005 Y123.324 E357.69431
G1 X81.559 Y123.375 E357.71744
G1 X82.295 Y123.619 E357.74968
G1 X82.803 Y123.944 E357.77475
G1 X83.333 Y124.457 E357.80541
G1 X83.737 Y125.182 E357.83992
G1 X83.928 Y125.987 E357.87432
G1 X83.891 Y126.657 E357.90221
G1 X83.768 Y127.185 E357.92475
G1 X83.4 Y127.918 E357.95885
G1 X83.201 Y128.172 E357.97227
G1 X82.822 Y128.535 E357.99409
G1 X82.312 Y128.883 E358.01976
G1 F1572.3 X81.556 Y129.1 E358.05095
G1 F1736.1 X81.055 Y129.136 E358.069
G1 F1913.3 X80.297 Y129.028 E358.09395
G1 F2054.8 X79.843 Y128.862 E358.10862
G1 F2083.3 X79.262 Y128.521 E358.12879
G1 F1994.7 X78.886 Y128.19 E358.14445
G1 F1875 X78.479 Y127.674 E358.16631
G1 F1696.8 X78.296 Y127.319 E358.18099
G1 F1500 X78.091 Y126.743 E358.20641
M204 S5000
M205 X30 Y30
G0 F5400 X79.954 Y115.337
M204 S3000
M205 X20 Y20
G1 F1500 X79.874 Y114.791 E358.22935
G1 X79.874 Y114.717 E358.23242
G1 X79.957 Y114.148 E358.25633
G1 X80.111 Y113.73 E358.27485
G1 X80.486 Y113.152 E358.3035
G1 X80.916 Y112.792 E358.32681
G1 X81.496 Y112.494 E358.35392
G1 X82.127 Y112.377 E358.3806
G1 X82.375 Y112.378 E358.39091
G1 X83.084 Y112.504 E358.42085
G1 X83.728 Y112.886 E358.45198
G1 X84.12 Y113.273 E358.47488
G1 X84.461 Y113.869 E358.50343
G1 X84.535 Y114.104 E358.51368
G1 X84.629 Y114.814 E358.54345
G1 X84.531 Y115.408 E358.56848
G1 X84.306 Y115.944 E358.59265
G1 X83.808 Y116.572 E358.62597
G1 X83.094 Y116.994 E358.66045
G1 X82.375 Y117.122 E358.69082
G1 X82.122 Y117.122 E358.70133
G1 X81.507 Y117.013 E358.7273
G1 X80.881 Y116.688 E358.75663
G1 X80.595 Y116.45 E358.7721
G1 X80.293 Y116.087 E358.79173
G1 X80.043 Y115.627 E358.81349
G1 X79.954 Y115.337 E358.82611
M204 S5000
M205 X30 Y30
G0 F5400 X78.011 Y103.71
M204 S3000
M205 X20 Y20
G1 F1173.7 X77.999 Y103.013 E358.86314
G1 F1080.7 X78.032 Y102.664 E358.88337
G1 F1098.1 X78.066 Y102.619 E358.88658
G1 F1293.1 X78.439 Y101.843 E358.9281
G1 F1500 X78.856 Y101.252 E358.95817
G1 X79.283 Y100.886 E358.98155
G1 X79.884 Y100.544 E359.0103
G1 X80.28 Y100.411 E359.02767
G1 X81.022 Y100.318 E359.05876
G1 X81.651 Y100.395 E359.08511
G1 X82.317 Y100.624 E359.11439
G1 X82.775 Y100.921 E359.13708
G1 X83.3 Y101.423 E359.16728
G1 X83.737 Y102.178 E359.20355
G1 X83.917 Y102.955 E359.23671
G1 X83.919 Y103.523 E359.26032
G1 X83.748 Y104.301 E359.29344
G1 X83.321 Y105.052 E359.32936
G1 X82.759 Y105.601 E359.36202
G1 X82.279 Y105.889 E359.38529
G1 X81.591 Y106.117 E359.41543
G1 X81.063 Y106.176 E359.43751
G1 X80.395 Y106.109 E359.46543
G1 X80.087 Y106.025 E359.4787
G1 X79.634 Y105.833 E359.49915
G1 X79.327 Y105.643 E359.51416
G1 X78.948 Y105.328 E359.53465
G1 X78.729 Y105.091 E359.54807
G1 X78.421 Y104.624 E359.57133
G1 F1431.3 X78.216 Y104.167 E359.59315
G1 F1311.2 X78.011 Y103.71 E359.61697
M204 S5000
M205 X30 Y30
G0 F5400 X80.088 Y94.773
M204 S3000
M205 X20 Y20
G1 F1509.1 X80.463 Y94.192 E359.64555
G1 F1602.6 X80.756 Y93.936 E359.66069
G1 F1670.4 X81.414 Y93.522 E359.68972
G1 F1569 X82.187 Y93.363 E359.72108
G1 F1500 X82.932 Y93.474 E359.7524
G1 X83.226 Y93.588 E359.76551
G1 X83.847 Y93.985 E359.79615
G1 X84.208 Y94.415 E359.81949
G1 X84.515 Y95.005 E359.84714
G1 X84.637 Y95.764 E359.87911
G1 X84.498 Y96.529 E359.91143
G1 X84.279 Y96.99 E359.93265
G1 X83.909 Y97.448 E359.95713
G1 X83.629 Y97.682 E359.9723
G1 X83.064 Y97.994 E359.99913
G1 X82.42 Y98.116 E360.02638
G1 X82.128 Y98.123 E360.03853
G1 X81.431 Y98.002 E360.06794
G1 X80.828 Y97.656 E360.09684
G1 X80.627 Y97.488 E360.10773
G1 X80.19 Y96.94 E360.13687
G1 X79.98 Y96.491 E360.15748
G1 X79.876 Y95.847 E360.1846
G1 X79.875 Y95.772 E360.18772
G1 X79.978 Y95.046 E360.21821
G1 X80.088 Y94.773 E360.23044
M204 S5000
M205 X30 Y30
G0 F5400 X81.547 Y93.817
G0 X135.367 Y95.803
M204 S3000
M205 X20 Y20
G1 F1500 X135.367 Y95.721 E360.23385
G1 X135.484 Y95.008 E360.26389
G1 X135.812 Y94.383 E360.29324
G1 X135.975 Y94.168 E360.30446
G1 X136.39 Y93.806 E360.32735
G1 X136.959 Y93.505 E360.35411
G1 X137.754 Y93.349 E360.3878
G1 F1559.3 X138.504 Y93.502 E360.41841
G1 F1666.7 X139.147 Y93.863 E360.446
G1 F1606 X139.54 Y94.194 E360.46595
G1 F1506 X139.89 Y94.732 E360.49253
G1 F1500 X140.022 Y95.048 E360.50677
G1 X140.131 Y95.803 E360.53848
G1 X140.027 Y96.455 E360.56593
G1 X139.808 Y96.94 E360.58806
G1 X139.391 Y97.469 E360.61606
G1 X139.087 Y97.707 E360.63211
G1 X138.447 Y98.022 E360.66177
G1 X137.736 Y98.145 E360.69177
G1 X136.941 Y97.997 E360.72539
G1 X136.362 Y97.673 E360.75297
G1 X136.116 Y97.473 E360.76616
G1 X135.713 Y96.98 E360.79263
G1 X135.483 Y96.465 E360.81608
G1 X135.367 Y95.803 E360.84402
M204 S5000
M205 X30 Y30
G0 F5400 X136 Y94.725
G0 X137.962 Y91.842
M204 S3000
M205 X20 Y20
G1 F1500 X137.775 Y91.072 E360.87696
G1 X137.775 Y90.475 E360.90178
G1 X82.225 Y90.475 E363.21128
G1 X82.225 Y91.07 E363.23602
G1 X82.027 Y91.881 E363.27073
G1 X81.656 Y92.602 E363.30444
G1 F1565.8 X81.097 Y93.183 E363.33655
G1 F1606 X80.367 Y93.664 E363.3705
G1 F1540 X79.615 Y93.975 E363.40345
G1 F1500 X78.984 Y94.369 E363.43438
G1 X78.512 Y94.769 E363.4601
G1 X78 Y95.348 E363.49224
G1 X77.626 Y96.024 E363.52436
G1 X77.351 Y96.753 E363.55675
G1 X77.227 Y97.612 E363.59283
G1 X77.226 Y102.021 E363.77614
G1 F1243.8 X77.33 Y102.614 E363.80632
G1 F1080.7 X77.317 Y103.02 E363.82977
G1 F1090.1 X77.323 Y103.79 E363.87382
G1 F1256.3 X77.226 Y104.471 E363.90796
G1 F1500 X77.225 Y125.46 E364.78058
G1 X77.271 Y125.862 E364.79741
G1 F1482.2 X77.46 Y126.664 E364.83207
G1 F1494 X77.79 Y127.371 E364.86464
G1 F1569 X78.183 Y128.019 E364.89476
G1 F1712.3 X78.753 Y128.6 E364.92441
G1 F1918.2 X79.331 Y129.002 E364.9473
G1 F1963.4 X80.106 Y129.37 E364.97455
G1 F1879.7 X80.88 Y129.526 E365.00074
G1 F1785.7 X81.291 Y129.558 E365.01514
G1 F1663 X81.835 Y129.541 E365.03555
G1 F1552.8 X82.379 Y129.524 E365.05741
G1 F1500 X137.755 Y129.524 E367.35968
G1 F1602.6 X138.708 Y129.557 E367.39678
G1 F1781.5 X139.112 Y129.527 E367.41096
G1 F1933 X139.783 Y129.39 E367.43306
G1 F2021.6 X140.088 Y129.283 E367.44303
G1 F1963.4 X140.76 Y128.957 E367.46675
G1 F1851.9 X141.365 Y128.511 E367.49207
G1 F1756.4 X141.864 Y127.931 E367.51923
G1 F1641.1 X142.205 Y127.392 E367.54347
G1 F1536.9 X142.543 Y126.665 E367.576
G1 F1500 X142.729 Y125.862 E367.61027
G1 X142.775 Y125.457 E367.62722
G1 X142.775 Y104.474 E368.49959
G1 F1256.3 X142.678 Y103.789 E368.53393
G1 F1090.1 X142.684 Y103.005 E368.57878
G1 F1126.1 X142.7 Y102.471 E368.60837
G1 F1304.3 X142.775 Y101.702 E368.64531
G1 F1500 X142.775 Y97.605 E368.81564
G1 X142.65 Y96.766 E368.85091
G1 X142.373 Y96.023 E368.88388
G1 X141.996 Y95.343 E368.9162
G1 X141.484 Y94.765 E368.9483
G1 X141.017 Y94.37 E368.97373
G1 X140.381 Y93.975 E369.00486
G1 F1533.7 X139.622 Y93.662 E369.03824
G1 F1637.6 X139.391 Y93.498 E369.04903
G1 F1644.7 X138.871 Y93.163 E369.07248
G1 F1540 X138.331 Y92.579 E369.10469
G1 F1500 X137.962 Y91.842 E369.13896
M204 S5000
M205 X30 Y30
G0 F5400 X136.15 Y94.471
G0 X135.718 Y95.616
G0 X136.081 Y103.031
M204 S3000
M205 X20 Y20
G1 F1500 X136.25 Y102.214 E369.17365
G1 X136.673 Y101.446 E369.2101
G1 X137.23 Y100.916 E369.24206
G1 X137.769 Y100.594 E369.26817
G1 X138.429 Y100.378 E369.29704
G1 X138.975 Y100.326 E369.31984
G1 X139.651 Y100.398 E369.34811
G1 X140.128 Y100.547 E369.36888
G1 X140.851 Y100.963 E369.40356
G1 X141.276 Y101.417 E369.42942
G1 X141.567 Y101.853 E369.45121
G1 F1304.3 X141.924 Y102.605 E369.49101
G1 F1104.6 X141.967 Y102.662 E369.49504
G1 F1076 X142 Y102.953 E369.51201
G1 F1170 X141.989 Y103.71 E369.55237
G1 F1368.6 X141.58 Y104.621 E369.59787
G1 F1500 X141.271 Y105.09 E369.62122
G1 X141.052 Y105.328 E369.63467
G1 X140.673 Y105.643 E369.65516
G1 X140.4 Y105.815 E369.66857
G1 X139.591 Y106.115 E369.70444
G1 X138.82 Y106.17 E369.73658
G1 X138.425 Y106.12 E369.75313
G1 X137.727 Y105.891 E369.78367
G1 X137.243 Y105.603 E369.80709
G1 X136.672 Y105.045 E369.84028
G1 X136.249 Y104.296 E369.87604
G1 X136.085 Y103.55 E369.9078
G1 X136.081 Y103.031 E369.92938
M204 S5000
M205 X30 Y30
G0 F5400 X135.36 Y114.712
M204 S3000
M205 X20 Y20
G1 F1500 X135.493 Y113.969 E369.96076
G1 X135.841 Y113.334 E369.99086
G1 X136.225 Y112.923 E370.01425
G1 X136.801 Y112.571 E370.04231
G1 X137.054 Y112.477 E370.05353
G1 X137.641 Y112.377 E370.07829
G1 X137.885 Y112.378 E370.08844
G1 X138.492 Y112.486 E370.11407
G1 X139.117 Y112.812 E370.14337
G1 X139.332 Y112.975 E370.15459
G1 X139.678 Y113.371 E370.17645
G1 X139.895 Y113.741 E370.19429
G1 X140.042 Y114.145 E370.21216
G1 X140.132 Y114.744 E370.23734
G1 X140.046 Y115.343 E370.2625
G1 X139.957 Y115.628 E370.27492
G1 X139.68 Y116.125 E370.29857
G1 X139.437 Y116.417 E370.31437
G1 X139.119 Y116.688 E370.33174
G1 X138.504 Y117.006 E370.36052
G1 X137.875 Y117.123 E370.38712
G1 X137.145 Y117.041 E370.41766
G1 X136.812 Y116.935 E370.43219
G1 X136.209 Y116.58 E370.46128
G1 X135.716 Y115.993 E370.49315
G1 X135.488 Y115.485 E370.5163
G1 X135.363 Y114.779 E370.54611
G1 X135.36 Y114.712 E370.5489
M204 S5000
M205 X30 Y30
G0 F5400 X136.083 Y126.434
M204 S3000
M205 X20 Y20
G1 F1500 X136.079 Y126.375 E370.55136
G1 X136.11 Y125.84 E370.57364
G1 X136.268 Y125.175 E370.60205
G1 X136.675 Y124.449 E370.63666
G1 X137.254 Y123.898 E370.66989
G1 X137.719 Y123.613 E370.69256
G1 X138.414 Y123.377 E370.72308
G1 X138.914 Y123.326 E370.74397
G1 X139.712 Y123.397 E370.77728
G1 X140.281 Y123.624 E370.80275
G1 X140.927 Y124.044 E370.83478
G1 X141.302 Y124.45 E370.85776
G1 X141.567 Y124.853 E370.87782
G1 X141.713 Y125.169 E370.89229
G1 X141.914 Y125.821 E370.92065
G1 X141.905 Y126.647 E370.955
G1 F1552.8 X141.703 Y127.314 E370.98299
G1 F1652 X141.555 Y127.605 E370.99531
G1 F1807.2 X141.146 Y128.164 E371.01921
G1 F1994.7 X140.735 Y128.524 E371.03629
G1 F2095 X140.176 Y128.854 E371.05562
G1 F2066.1 X139.692 Y129.03 E371.07116
G1 F1933 X139.071 Y129.123 E371.09142
G1 F1748.3 X138.501 Y129.108 E371.11176
G1 F1575.6 X137.844 Y128.932 E371.13868
G1 F1500 X137.351 Y128.672 E371.16185
G1 X136.775 Y128.145 E371.19431
G1 X136.574 Y127.876 E371.20827
G1 X136.218 Y127.156 E371.24167
G1 X136.083 Y126.434 E371.2722
M204 S5000
M205 X30 Y30
G0 F5400 X136.941 Y127.839
G0 X137.85 Y128.578
G0 X138.948 Y128.845
G0 X140.053 Y128.624
G0 X142.154 Y126.545
M204 S3000
M205 X20 Y20
G1 F1500 X142.36 Y126.34 E371.28429
M204 S5000
M205 X30 Y30
G0 F5400 X142.16 Y125.833
M204 S3000
M205 X20 Y20
G1 F1500 X142.52 Y125.473 E371.30545
M204 S5000
M205 X30 Y30
G0 F5400 X142.007 Y125.278
M204 S3000
M205 X20 Y20
G1 F1500 X142.523 Y124.762 E371.33579
M204 S5000
M205 X30 Y30
G0 F5400 X142.523 Y124.055
M204 S3000
M205 X20 Y20
G1 F1500 X141.803 Y124.775 E371.37812
M204 S5000
M205 X30 Y30
G0 F5400 X141.529 Y124.342
M204 S3000
M205 X20 Y20
G1 F1500 X142.523 Y123.348 E371.43657
M204 S5000
M205 X30 Y30
G0 F5400 X142.523 Y122.641
M204 S3000
M205 X20 Y20
G1 F1500 X141.196 Y123.968 E371.51459
M204 S5000
M205 X30 Y30
G0 F5400 X140.797 Y123.66
M204 S3000
M205 X20 Y20
G1 F1500 X142.523 Y121.934 E371.61607
M204 S5000
M205 X30 Y30
G0 F5400 X142.523 Y121.227
M204 S3000
M205 X20 Y20
G1 F1500 X140.362 Y123.388 E371.74313
M204 S5000
M205 X30 Y30
G0 F5400 X139.856 Y123.187
M204 S3000
M205 X20 Y20
G1 F1500 X142.523 Y120.519 E371.89997
M204 S5000
M205 X30 Y30
G0 F5400 X142.523 Y119.812
M204 S3000
M205 X20 Y20
G1 F1500 X139.234 Y123.101 E372.09335
M204 S5000
M205 X30 Y30
G0 F5400 X138.51 Y123.118
M204 S3000
M205 X20 Y20
G1 F1500 X142.523 Y119.105 E372.3293
M204 S5000
M205 X30 Y30
G0 F5400 X142.523 Y118.398
M204 S3000
M205 X20 Y20
G1 F1500 X137.411 Y123.511 E372.62989
G1 X137.323 Y123.599
M204 S5000
M205 X30 Y30
G0 F5400 X136.275 Y124.646
M204 S3000
M205 X20 Y20
G1 F1500 X131.647 Y129.274 E372.902
M204 S5000
M205 X30 Y30
G0 F5400 X132.354 Y129.274
M204 S3000
M205 X20 Y20
G1 F1500 X135.869 Y125.759 E373.10867
M204 S5000
M205 X30 Y30
G0 F5400 X135.838 Y126.497
M204 S3000
M205 X20 Y20
G1 F1500 X133.061 Y129.274 E373.27195
M204 S5000
M205 X30 Y30
G0 F5400 X133.769 Y129.274
M204 S3000
M205 X20 Y20
G1 F1500 X135.95 Y127.093 E373.40018
M204 S5000
M205 X30 Y30
G0 F5400 X136.155 Y127.595
M204 S3000
M205 X20 Y20
G1 F1500 X134.476 Y129.274 E373.4989
M204 S5000
M205 X30 Y30
G0 F5400 X135.183 Y129.274
M204 S3000
M205 X20 Y20
G1 F1500 X136.4 Y128.057 E373.57046
M204 S5000
M205 X30 Y30
G0 F5400 X136.724 Y128.44
M204 S3000
M205 X20 Y20
G1 F1500 X135.89 Y129.274 E373.61949
M204 S5000
M205 X30 Y30
G0 F5400 X136.597 Y129.274
M204 S3000
M205 X20 Y20
G1 F1500 X137.095 Y128.776 E373.64877
M204 S5000
M205 X30 Y30
G0 F5400 X137.532 Y129.046
M204 S3000
M205 X20 Y20
G1 F1500 X137.304 Y129.274 E373.66218
M204 S5000
M205 X30 Y30
G0 F5400 X130.94 Y129.274
M204 S3000
M205 X20 Y20
G1 F1500 X142.523 Y117.691 E374.34322
M204 S5000
M205 X30 Y30
G0 F5400 X142.523 Y116.984
M204 S3000
M205 X20 Y20
G1 F1500 X130.233 Y129.274 E375.06582
M204 S5000
M205 X30 Y30
G0 F5400 X129.526 Y129.274
M204 S3000
M205 X20 Y20
G1 F1500 X142.523 Y116.277 E375.82999
M204 S5000
M205 X30 Y30
G0 F5400 X142.523 Y115.57
M204 S3000
M205 X20 Y20
G1 F1500 X128.819 Y129.274 E376.63574
M204 S5000
M205 X30 Y30
G0 F5400 X128.112 Y129.274
M204 S3000
M205 X20 Y20
G1 F1500 X142.523 Y114.863 E377.48305
M204 S5000
M205 X30 Y30
G0 F5400 X142.523 Y114.156
M204 S3000
M205 X20 Y20
G1 F1500 X127.405 Y129.274 E378.37193
M204 S5000
M205 X30 Y30
G0 F5400 X126.697 Y129.274
M204 S3000
M205 X20 Y20
G1 F1500 X138.877 Y117.095 E379.08804
G1 X138.965 Y117.007
M204 S5000
M205 X30 Y30
G0 F5400 X137.892 Y117.373
M204 S3000
M205 X20 Y20
G1 F1500 X125.99 Y129.274 E379.7878
M204 S5000
M205 X30 Y30
G0 F5400 X125.283 Y129.274
M204 S3000
M205 X20 Y20
G1 F1500 X137.255 Y117.302 E380.49171
M204 S5000
M205 X30 Y30
G0 F5400 X136.698 Y117.152
M204 S3000
M205 X20 Y20
G1 F1500 X124.576 Y129.274 E381.20443
M204 S5000
M205 X30 Y30
G0 F5400 X123.869 Y129.274
M204 S3000
M205 X20 Y20
G1 F1500 X136.25 Y116.893 E381.93239
M204 S5000
M205 X30 Y30
G0 F5400 X135.87 Y116.566
M204 S3000
M205 X20 Y20
G1 F1500 X123.162 Y129.274 E382.67957
M204 S5000
M205 X30 Y30
G0 F5400 X122.455 Y129.274
M204 S3000
M205 X20 Y20
G1 F1500 X135.545 Y116.184 E383.44921
M204 S5000
M205 X30 Y30
G0 F5400 X135.314 Y115.708
M204 S3000
M205 X20 Y20
G1 F1500 X121.748 Y129.274 E384.24684
M204 S5000
M205 X30 Y30
G0 F5400 X121.041 Y129.274
M204 S3000
M205 X20 Y20
G1 F1500 X135.174 Y115.141 E385.07781
M204 S5000
M205 X30 Y30
G0 F5400 X135.152 Y114.456
M204 S3000
M205 X20 Y20
G1 F1500 X120.334 Y129.274 E385.94905
M204 S5000
M205 X30 Y30
G0 F5400 X119.626 Y129.274
M204 S3000
M205 X20 Y20
G1 F1500 X135.54 Y113.361 E386.8847
G1 X135.628 Y113.273
M204 S5000
M205 X30 Y30
G0 F5400 X136.341 Y112.56
M204 S3000
M205 X20 Y20
G1 F1500 X142.523 Y106.377 E387.24821
M204 S5000
M205 X30 Y30
G0 F5400 X142.523 Y107.084
M204 S3000
M205 X20 Y20
G1 F1500 X137.455 Y112.153 E387.54622
M204 S5000
M205 X30 Y30
G0 F5400 X138.143 Y112.171
M204 S3000
M205 X20 Y20
G1 F1500 X142.523 Y107.792 E387.80372
M204 S5000
M205 X30 Y30
G0 F5400 X142.523 Y108.499
M204 S3000
M205 X20 Y20
G1 F1500 X138.708 Y112.314 E388.02802
M204 S5000
M205 X30 Y30
G0 F5400 X139.173 Y112.556
M204 S3000
M205 X20 Y20
G1 F1500 X142.523 Y109.206 E388.22499
M204 S5000
M205 X30 Y30
G0 F5400 X142.523 Y109.913
M204 S3000
M205 X20 Y20
G1 F1500 X139.566 Y112.87 E388.39885
M204 S5000
M205 X30 Y30
G0 F5400 X139.892 Y113.251
M204 S3000
M205 X20 Y20
G1 F1500 X142.523 Y110.62 E388.55354
M204 S5000
M205 X30 Y30
G0 F5400 X142.523 Y111.327
M204 S3000
M205 X20 Y20
G1 F1500 X140.145 Y113.705 E388.69336
M204 S5000
M205 X30 Y30
G0 F5400 X140.309 Y114.248
M204 S3000
M205 X20 Y20
G1 F1500 X142.523 Y112.034 E388.82354
M204 S5000
M205 X30 Y30
G0 F5400 X142.523 Y112.741
M204 S3000
M205 X20 Y20
G1 F1500 X140.356 Y114.909 E388.95098
M204 S5000
M205 X30 Y30
G0 F5400 X140.108 Y115.864
M204 S3000
M205 X20 Y20
G1 F1500 X142.523 Y113.448 E389.093
G1 X142.611 Y113.36
M204 S5000
M205 X30 Y30
G0 F5400 X139.752 Y106.32
M204 S3000
M205 X20 Y20
G1 F1500 X116.798 Y129.274 E390.44261
M204 S5000
M205 X30 Y30
G0 F5400 X117.505 Y129.274
M204 S3000
M205 X20 Y20
G1 F1500 X142.477 Y104.302 E391.91086
M204 S5000
M205 X30 Y30
G0 F5400 X142.523 Y104.963
M204 S3000
M205 X20 Y20
G1 F1500 X118.212 Y129.274 E393.34026
M204 S5000
M205 X30 Y30
G0 F5400 X118.919 Y129.274
M204 S3000
M205 X20 Y20
G1 F1500 X142.523 Y105.67 E394.72808
G1 X142.611 Y105.582
M204 S5000
M205 X30 Y30
G0 F5400 X142.204 Y102.454
M204 S3000
M205 X20 Y20
G1 F1500 X142.419 Y102.239 E394.74072
M204 S5000
M205 X30 Y30
G0 F5400 X141.941 Y102.01
M204 S3000
M205 X20 Y20
G1 F1500 X142.524 Y101.427 E394.775
M204 S5000
M205 X30 Y30
G0 F5400 X142.524 Y100.72
M204 S3000
M205 X20 Y20
G1 F1500 X141.677 Y101.567 E394.8248
M204 S5000
M205 X30 Y30
G0 F5400 X141.377 Y101.16
M204 S3000
M205 X20 Y20
G1 F1500 X142.524 Y100.013 E394.89224
M204 S5000
M205 X30 Y30
G0 F5400 X142.524 Y99.306
M204 S3000
M205 X20 Y20
G1 F1500 X141.035 Y100.794 E394.97976
M204 S5000
M205 X30 Y30
G0 F5400 X140.594 Y100.528
M204 S3000
M205 X20 Y20
G1 F1500 X142.524 Y98.598 E395.09324
M204 S5000
M205 X30 Y30
G0 F5400 X142.524 Y97.891
M204 S3000
M205 X20 Y20
G1 F1500 X140.129 Y100.286 E395.23405
M204 S5000
M205 X30 Y30
G0 F5400 X139.575 Y100.134
M204 S3000
M205 X20 Y20
G1 F1500 X142.467 Y97.242 E395.40409
M204 S5000
M205 X30 Y30
G0 F5400 X142.342 Y96.659
M204 S3000
M205 X20 Y20
G1 F1500 X138.928 Y100.073 E395.60482
M204 S5000
M205 X30 Y30
G0 F5400 X138.06 Y100.234
M204 S3000
M205 X20 Y20
G1 F1500 X142.149 Y96.145 E395.84524
M204 S5000
M205 X30 Y30
G0 F5400 X141.9 Y95.687
M204 S3000
M205 X20 Y20
G1 F1500 X108.313 Y129.273 E397.82
M204 S5000
M205 X30 Y30
G0 F5400 X107.606 Y129.273
M204 S3000
M205 X20 Y20
G1 F1500 X138.714 Y98.166 E399.649
M204 S5000
M205 X30 Y30
G0 F5400 X137.781 Y98.391
M204 S3000
M205 X20 Y20
G1 F1500 X106.899 Y129.273 E401.46474
M204 S5000
M205 X30 Y30
G0 F5400 X106.192 Y129.273
M204 S3000
M205 X20 Y20
G1 F1500 X137.173 Y98.293 E403.28628
M204 S5000
M205 X30 Y30
G0 F5400 X136.639 Y98.12
M204 S3000
M205 X20 Y20
G1 F1500 X105.485 Y129.273 E405.11798
M204 S5000
M205 X30 Y30
G0 F5400 X104.778 Y129.273
M204 S3000
M205 X20 Y20
G1 F1500 X136.193 Y97.858 E406.96506
M204 S5000
M205 X30 Y30
G0 F5400 X135.827 Y97.517
M204 S3000
M205 X20 Y20
G1 F1500 X104.071 Y129.273 E408.83219
M204 S5000
M205 X30 Y30
G0 F5400 X103.364 Y129.273
M204 S3000
M205 X20 Y20
G1 F1500 X135.509 Y97.128 E410.7222
M204 S5000
M205 X30 Y30
G0 F5400 X135.29 Y96.64
M204 S3000
M205 X20 Y20
G1 F1500 X102.657 Y129.273 E412.64089
M204 S5000
M205 X30 Y30
G0 F5400 X101.949 Y129.273
M204 S3000
M205 X20 Y20
G1 F1500 X135.156 Y96.067 E414.59331
M204 S5000
M205 X30 Y30
G0 F5400 X135.172 Y95.344
M204 S3000
M205 X20 Y20
G1 F1500 X101.242 Y129.273 E416.58823
M204 S5000
M205 X30 Y30
G0 F5400 X100.535 Y129.273
M204 S3000
M205 X20 Y20
G1 F1500 X135.729 Y94.08 E418.65747
M204 S5000
M205 X30 Y30
G0 F5400 X135.931 Y93.878
M204 S3000
M205 X20 Y20
G1 F1500 X137.779 Y92.029 E418.76616
M204 S5000
M205 X30 Y30
G0 F5400 X138.014 Y92.502
M204 S3000
M205 X20 Y20
G1 F1500 X137.342 Y93.174 E418.80567
M204 S5000
M205 X30 Y30
G0 F5400 X138.062 Y93.161
M204 S3000
M205 X20 Y20
G1 F1500 X138.303 Y92.92 E418.81984
M204 S5000
M205 X30 Y30
G0 F5400 X137.617 Y91.484
M204 S3000
M205 X20 Y20
G1 F1500 X99.828 Y129.273 E421.04169
M204 S5000
M205 X30 Y30
G0 F5400 X99.121 Y129.273
M204 S3000
M205 X20 Y20
G1 F1500 X137.528 Y90.866 E423.29987
M204 S5000
M205 X30 Y30
G0 F5400 X136.963 Y90.724
M204 S3000
M205 X20 Y20
G1 F1500 X98.414 Y129.273 E425.56641
M204 S5000
M205 X30 Y30
G0 F5400 X97.707 Y129.273
M204 S3000
M205 X20 Y20
G1 F1500 X136.256 Y90.724 E427.83294
M204 S5000
M205 X30 Y30
G0 F5400 X135.549 Y90.724
M204 S3000
M205 X20 Y20
G1 F1500 X97 Y129.273 E430.09947
M204 S5000
M205 X30 Y30
G0 F5400 X96.293 Y129.273
M204 S3000
M205 X20 Y20
G1 F1500 X134.842 Y90.724 E432.36601
M204 S5000
M205 X30 Y30
G0 F5400 X134.135 Y90.724
M204 S3000
M205 X20 Y20
G1 F1500 X95.585 Y129.273 E434.63257
M204 S5000
M205 X30 Y30
G0 F5400 X94.878 Y129.273
M204 S3000
M205 X20 Y20
G1 F1500 X133.428 Y90.724 E436.89913
M204 S5000
M205 X30 Y30
G0 F5400 X132.721 Y90.724
M204 S3000
M205 X20 Y20
G1 F1500 X94.171 Y129.273 E439.1657
M204 S5000
M205 X30 Y30
G0 F5400 X93.464 Y129.273
M204 S3000
M205 X20 Y20
G1 F1500 X132.014 Y90.724 E441.43226
M204 S5000
M205 X30 Y30
G0 F5400 X131.306 Y90.724
M204 S3000
M205 X20 Y20
G1 F1500 X92.757 Y129.273 E443.69879
M204 S5000
M205 X30 Y30
G0 F5400 X92.05 Y129.273
M204 S3000
M205 X20 Y20
G1 F1500 X130.599 Y90.724 E445.96533
M204 S5000
M205 X30 Y30
G0 F5400 X129.892 Y90.724
M204 S3000
M205 X20 Y20
G1 F1500 X91.343 Y129.273 E448.23186
M204 S5000
M205 X30 Y30
G0 F5400 X90.636 Y129.273
M204 S3000
M205 X20 Y20
G1 F1500 X129.185 Y90.724 E450.49839
M204 S5000
M205 X30 Y30
G0 F5400 X128.478 Y90.724
M204 S3000
M205 X20 Y20
G1 F1500 X89.929 Y129.273 E452.76493
M204 S5000
M205 X30 Y30
G0 F5400 X89.222 Y129.273
M204 S3000
M205 X20 Y20
G1 F1500 X127.771 Y90.724 E455.03146
M204 S5000
M205 X30 Y30
G0 F5400 X127.064 Y90.724
M204 S3000
M205 X20 Y20
G1 F1500 X88.514 Y129.273 E457.29802
M204 S5000
M205 X30 Y30
G0 F5400 X87.807 Y129.273
M204 S3000
M205 X20 Y20
G1 F1500 X126.357 Y90.724 E459.56459
M204 S5000
M205 X30 Y30
G0 F5400 X125.65 Y90.724
M204 S3000
M205 X20 Y20
G1 F1500 X87.1 Y129.273 E461.83115
M204 S5000
M205 X30 Y30
G0 F5400 X86.393 Y129.273
M204 S3000
M205 X20 Y20
G1 F1500 X124.942 Y90.724 E464.09768
M204 S5000
M205 X30 Y30
G0 F5400 X124.235 Y90.724
M204 S3000
M205 X20 Y20
G1 F1500 X85.686 Y129.273 E466.36422
M204 S5000
M205 X30 Y30
G0 F5400 X84.979 Y129.273
M204 S3000
M205 X20 Y20
G1 F1500 X123.528 Y90.724 E468.63075
M204 S5000
M205 X30 Y30
G0 F5400 X122.821 Y90.724
M204 S3000
M205 X20 Y20
G1 F1500 X84.272 Y129.273 E470.89728
M204 S5000
M205 X30 Y30
G0 F5400 X83.565 Y129.273
M204 S3000
M205 X20 Y20
G1 F1500 X122.114 Y90.724 E473.16382
M204 S5000
M205 X30 Y30
G0 F5400 X121.407 Y90.724
M204 S3000
M205 X20 Y20
G1 F1500 X82.858 Y129.273 E475.43035
M204 S5000
M205 X30 Y30
G0 F5400 X82.274 Y129.15
M204 S3000
M205 X20 Y20
G1 F1500 X82.136 Y129.288 E475.43846
M204 S5000
M205 X30 Y30
G0 F5400 X83.857 Y127.567
M204 S3000
M205 X20 Y20
G1 F1500 X120.7 Y90.724 E477.60469
M204 S5000
M205 X30 Y30
G0 F5400 X119.993 Y90.724
M204 S3000
M205 X20 Y20
G1 F1500 X84.149 Y126.568 E479.71218
M204 S5000
M205 X30 Y30
G0 F5400 X84.154 Y125.856
M204 S3000
M205 X20 Y20
G1 F1500 X119.286 Y90.724 E481.77781
M204 S5000
M205 X30 Y30
G0 F5400 X118.578 Y90.724
M204 S3000
M205 X20 Y20
G1 F1500 X84.019 Y125.284 E483.80977
M204 S5000
M205 X30 Y30
G0 F5400 X83.804 Y124.792
M204 S3000
M205 X20 Y20
G1 F1500 X117.871 Y90.724 E485.81281
M204 S5000
M205 X30 Y30
G0 F5400 X117.164 Y90.724
M204 S3000
M205 X20 Y20
G1 F1500 X83.553 Y124.336 E487.78904
M204 S5000
M205 X30 Y30
G0 F5400 X83.199 Y123.982
M204 S3000
M205 X20 Y20
G1 F1500 X116.457 Y90.724 E489.74448
M204 S5000
M205 X30 Y30
G0 F5400 X115.75 Y90.724
M204 S3000
M205 X20 Y20
G1 F1500 X82.817 Y123.657 E491.68082
M204 S5000
M205 X30 Y30
G0 F5400 X82.384 Y123.383
M204 S3000
M205 X20 Y20
G1 F1500 X115.043 Y90.724 E493.60104
M204 S5000
M205 X30 Y30
G0 F5400 X114.336 Y90.724
M204 S3000
M205 X20 Y20
G1 F1500 X81.851 Y123.209 E495.51103
M204 S5000
M205 X30 Y30
G0 F5400 X81.257 Y123.096
M204 S3000
M205 X20 Y20
G1 F1500 X113.629 Y90.724 E497.41438
M204 S5000
M205 X30 Y30
G0 F5400 X112.922 Y90.724
M204 S3000
M205 X20 Y20
G1 F1500 X80.525 Y123.121 E499.3192
G1 X80.437 Y123.209
M204 S5000
M205 X30 Y30
G0 F5400 X79.415 Y123.524
M204 S3000
M205 X20 Y20
G1 F1500 X112.215 Y90.724 E501.24772
M204 S5000
M205 X30 Y30
G0 F5400 X111.507 Y90.724
M204 S3000
M205 X20 Y20
G1 F1500 X77.475 Y124.756 E503.24867
M204 S5000
M205 X30 Y30
G0 F5400 X77.476 Y125.462
M204 S3000
M205 X20 Y20
G1 F1500 X78.219 Y124.72 E503.29232
G1 X78.307 Y124.632
M204 S5000
M205 X30 Y30
G0 F5400 X77.475 Y124.049
M204 S3000
M205 X20 Y20
G1 F1500 X110.8 Y90.724 E505.25171
M204 S5000
M205 X30 Y30
G0 F5400 X110.093 Y90.724
M204 S3000
M205 X20 Y20
G1 F1500 X77.475 Y123.342 E507.16952
M204 S5000
M205 X30 Y30
G0 F5400 X77.475 Y122.635
M204 S3000
M205 X20 Y20
G1 F1500 X82.816 Y117.294 E507.48355
M204 S5000
M205 X30 Y30
G0 F5400 X82.044 Y117.359
M204 S3000
M205 X20 Y20
G1 F1500 X77.475 Y121.928 E507.75219
M204 S5000
M205 X30 Y30
G0 F5400 X77.475 Y121.221
M204 S3000
M205 X20 Y20
G1 F1500 X81.442 Y117.254 E507.98543
M204 S5000
M205 X30 Y30
G0 F5400 X80.972 Y117.016
M204 S3000
M205 X20 Y20
G1 F1500 X77.475 Y120.514 E508.19107
M204 S5000
M205 X30 Y30
G0 F5400 X77.475 Y119.807
M204 S3000
M205 X20 Y20
G1 F1500 X80.547 Y116.734 E508.37172
M204 S5000
M205 X30 Y30
G0 F5400 X80.202 Y116.372
M204 S3000
M205 X20 Y20
G1 F1500 X77.475 Y119.1 E508.53209
M204 S5000
M205 X30 Y30
G0 F5400 X77.475 Y118.393
M204 S3000
M205 X20 Y20
G1 F1500 X79.928 Y115.94 E508.67632
M204 S5000
M205 X30 Y30
G0 F5400 X79.724 Y115.436
M204 S3000
M205 X20 Y20
G1 F1500 X77.475 Y117.685 E508.80855
M204 S5000
M205 X30 Y30
G0 F5400 X77.475 Y116.978
M204 S3000
M205 X20 Y20
G1 F1500 X79.63 Y114.823 E508.93526
M204 S5000
M205 X30 Y30
G0 F5400 X79.746 Y114
M204 S3000
M205 X20 Y20
G1 F1500 X77.475 Y116.271 E509.06878
M204 S5000
M205 X30 Y30
G0 F5400 X77.475 Y115.564
M204 S3000
M205 X20 Y20
G1 F1500 X102.316 Y90.723 E510.52934
M204 S5000
M205 X30 Y30
G0 F5400 X103.023 Y90.723
M204 S3000
M205 X20 Y20
G1 F1500 X81.508 Y112.239 E511.79437
M204 S5000
M205 X30 Y30
G0 F5400 X82.325 Y112.128
M204 S3000
M205 X20 Y20
G1 F1500 X103.73 Y90.723 E513.0529
M204 S5000
M205 X30 Y30
G0 F5400 X104.437 Y90.723
M204 S3000
M205 X20 Y20
G1 F1500 X82.937 Y112.223 E514.31702
M204 S5000
M205 X30 Y30
G0 F5400 X83.444 Y112.424
M204 S3000
M205 X20 Y20
G1 F1500 X105.144 Y90.723 E515.59292
M204 S5000
M205 X30 Y30
G0 F5400 X105.851 Y90.723
M204 S3000
M205 X20 Y20
G1 F1500 X83.885 Y112.69 E516.88447
M204 S5000
M205 X30 Y30
G0 F5400 X84.241 Y113.04
M204 S3000
M205 X20 Y20
G1 F1500 X106.558 Y90.723 E518.19662
M204 S5000
M205 X30 Y30
G0 F5400 X107.265 Y90.723
M204 S3000
M205 X20 Y20
G1 F1500 X84.521 Y113.468 E519.53391
M204 S5000
M205 X30 Y30
G0 F5400 X84.749 Y113.947
M204 S3000
M205 X20 Y20
G1 F1500 X107.973 Y90.723 E520.89939
M204 S5000
M205 X30 Y30
G0 F5400 X108.68 Y90.723
M204 S3000
M205 X20 Y20
G1 F1500 X84.846 Y114.557 E522.30074
M204 S5000
M205 X30 Y30
G0 F5400 X84.8 Y115.31
M204 S3000
M205 X20 Y20
G1 F1500 X109.387 Y90.723 E523.74636
G1 X109.475 Y90.635
M204 S5000
M205 X30 Y30
G0 F5400 X101.609 Y90.723
M204 S3000
M205 X20 Y20
G1 F1500 X77.475 Y114.857 E525.16535
M204 S5000
M205 X30 Y30
G0 F5400 X77.475 Y114.15
M204 S3000
M205 X20 Y20
G1 F1500 X100.902 Y90.723 E526.54277
M204 S5000
M205 X30 Y30
G0 F5400 X100.194 Y90.723
M204 S3000
M205 X20 Y20
G1 F1500 X77.475 Y113.443 E527.87859
M204 S5000
M205 X30 Y30
G0 F5400 X77.475 Y112.736
M204 S3000
M205 X20 Y20
G1 F1500 X99.487 Y90.723 E529.17284
M204 S5000
M205 X30 Y30
G0 F5400 X98.78 Y90.723
M204 S3000
M205 X20 Y20
G1 F1500 X77.475 Y112.029 E530.42552
M204 S5000
M205 X30 Y30
G0 F5400 X77.475 Y111.321
M204 S3000
M205 X20 Y20
G1 F1500 X98.073 Y90.723 E531.6366
M204 S5000
M205 X30 Y30
G0 F5400 X97.366 Y90.723
M204 S3000
M205 X20 Y20
G1 F1500 X84.065 Y104.024 E532.41865
M204 S5000
M205 X30 Y30
G0 F5400 X84.169 Y103.214
M204 S3000
M205 X20 Y20
G1 F1500 X96.659 Y90.723 E533.15305
M204 S5000
M205 X30 Y30
G0 F5400 X95.952 Y90.723
M204 S3000
M205 X20 Y20
G1 F1500 X84.089 Y102.586 E533.85054
M204 S5000
M205 X30 Y30
G0 F5400 X83.939 Y102.029
M204 S3000
M205 X20 Y20
G1 F1500 X95.245 Y90.723 E534.51529
M204 S5000
M205 X30 Y30
G0 F5400 X94.538 Y90.723
M204 S3000
M205 X20 Y20
G1 F1500 X83.682 Y101.579 E535.15359
M204 S5000
M205 X30 Y30
G0 F5400 X83.39 Y101.164
M204 S3000
M205 X20 Y20
G1 F1500 X93.83 Y90.723 E535.76745
M204 S5000
M205 X30 Y30
G0 F5400 X93.123 Y90.723
M204 S3000
M205 X20 Y20
G1 F1500 X83.029 Y100.818 E536.36096
M204 S5000
M205 X30 Y30
G0 F5400 X82.618 Y100.522
M204 S3000
M205 X20 Y20
G1 F1500 X92.416 Y90.723 E536.93708
M204 S5000
M205 X30 Y30
G0 F5400 X91.709 Y90.723
M204 S3000
M205 X20 Y20
G1 F1500 X82.136 Y100.296 E537.49993
M204 S5000
M205 X30 Y30
G0 F5400 X81.587 Y100.139
M204 S3000
M205 X20 Y20
G1 F1500 X91.002 Y90.723 E538.05353
M204 S5000
M205 X30 Y30
G0 F5400 X90.295 Y90.723
M204 S3000
M205 X20 Y20
G1 F1500 X84.811 Y96.207 E538.37597
M204 S5000
M205 X30 Y30
G0 F5400 X84.847 Y95.465
M204 S3000
M205 X20 Y20
G1 F1500 X89.588 Y90.723 E538.65475
M204 S5000
M205 X30 Y30
G0 F5400 X88.881 Y90.723
M204 S3000
M205 X20 Y20
G1 F1500 X84.733 Y94.871 E538.89864
M204 S5000
M205 X30 Y30
G0 F5400 X84.488 Y94.409
M204 S3000
M205 X20 Y20
G1 F1500 X88.174 Y90.723 E539.11536
M204 S5000
M205 X30 Y30
G0 F5400 X87.466 Y90.723
M204 S3000
M205 X20 Y20
G1 F1500 X84.188 Y94.002 E539.30812
M204 S5000
M205 X30 Y30
G0 F5400 X83.816 Y93.666
M204 S3000
M205 X20 Y20
G1 F1500 X86.759 Y90.723 E539.48116
M204 S5000
M205 X30 Y30
G0 F5400 X86.052 Y90.723
M204 S3000
M205 X20 Y20
G1 F1500 X83.384 Y93.391 E539.63803
M204 S5000
M205 X30 Y30
G0 F5400 X82.86 Y93.209
M204 S3000
M205 X20 Y20
G1 F1500 X85.345 Y90.723 E539.78417
M204 S5000
M205 X30 Y30
G0 F5400 X84.638 Y90.723
M204 S3000
M205 X20 Y20
G1 F1500 X82.249 Y93.113 E539.92466
M204 S5000
M205 X30 Y30
G0 F5400 X81.364 Y93.29
M204 S3000
M205 X20 Y20
G1 F1500 X83.931 Y90.723 E540.07559
M204 S5000
M205 X30 Y30
G0 F5400 X83.224 Y90.723
M204 S3000
M205 X20 Y20
G1 F1500 X82.353 Y91.595 E540.12683
G1 X82.265 Y91.683
M204 S5000
M205 X30 Y30
G0 F5400 X79.764 Y94.183
M204 S3000
M205 X20 Y20
G1 F1500 X77.896 Y96.051 E540.23666
G1 X77.808 Y96.139
M204 S5000
M205 X30 Y30
G0 F5400 X77.554 Y97.101
M204 S3000
M205 X20 Y20
G1 F1500 X79.775 Y94.879 E540.36728
M204 S5000
M205 X30 Y30
G0 F5400 X79.626 Y95.735
M204 S3000
M205 X20 Y20
G1 F1500 X77.476 Y97.885 E540.49369
M204 S5000
M205 X30 Y30
G0 F5400 X77.476 Y98.592
M204 S3000
M205 X20 Y20
G1 F1500 X79.705 Y96.363 E540.62474
M204 S5000
M205 X30 Y30
G0 F5400 X79.889 Y96.887
M204 S3000
M205 X20 Y20
G1 F1500 X77.476 Y99.299 E540.76659
M204 S5000
M205 X30 Y30
G0 F5400 X77.476 Y100.006
M204 S3000
M205 X20 Y20
G1 F1500 X80.168 Y97.315 E540.92484
M204 S5000
M205 X30 Y30
G0 F5400 X80.491 Y97.699
M204 S3000
M205 X20 Y20
G1 F1500 X77.476 Y100.713 E541.10208
M204 S5000
M205 X30 Y30
G0 F5400 X77.476 Y101.421
M204 S3000
M205 X20 Y20
G1 F1500 X80.908 Y97.989 E541.30387
M204 S5000
M205 X30 Y30
G0 F5400 X81.362 Y98.242
M204 S3000
M205 X20 Y20
G1 F1500 X77.503 Y102.101 E541.53076
G1 X77.415 Y102.189
M204 S5000
M205 X30 Y30
G0 F5400 X77.771 Y103.955
M204 S3000
M205 X20 Y20
G1 F1500 X77.557 Y104.168 E541.54332
M204 S5000
M205 X30 Y30
G0 F5400 X78.041 Y104.391
M204 S3000
M205 X20 Y20
G1 F1500 X77.475 Y104.957 E541.5766
M204 S5000
M205 X30 Y30
G0 F5400 X77.475 Y105.665
M204 S3000
M205 X20 Y20
G1 F1500 X78.279 Y104.861 E541.62387
M204 S5000
M205 X30 Y30
G0 F5400 X78.565 Y105.281
M204 S3000
M205 X20 Y20
G1 F1500 X77.475 Y106.372 E541.68799
M204 S5000
M205 X30 Y30
G0 F5400 X77.475 Y107.079
M204 S3000
M205 X20 Y20
G1 F1500 X78.923 Y105.631 E541.77312
M204 S5000
M205 X30 Y30
G0 F5400 X79.326 Y105.935
M204 S3000
M205 X20 Y20
G1 F1500 X77.475 Y107.786 E541.88195
M204 S5000
M205 X30 Y30
G0 F5400 X77.475 Y108.493
M204 S3000
M205 X20 Y20
G1 F1500 X79.798 Y106.17 E542.01854
M204 S5000
M205 X30 Y30
G0 F5400 X80.327 Y106.348
M204 S3000
M205 X20 Y20
G1 F1500 X77.475 Y109.2 E542.18622
M204 S5000
M205 X30 Y30
G0 F5400 X77.475 Y109.907
M204 S3000
M205 X20 Y20
G1 F1500 X80.967 Y106.416 E542.39151
M204 S5000
M205 X30 Y30
G0 F5400 X81.775 Y106.314
M204 S3000
M205 X20 Y20
G1 F1500 X77.475 Y110.614 E542.64433
G1 X77.387 Y110.702
M204 S5000
M205 X30 Y30
G0 F5400 X78.426 Y102.872
G0 X80.099 Y100.212
M204 S3000
M205 X20 Y20
G1 F1500 X81.963 Y98.348 E542.75393
M204 S5000
M205 X30 Y30
G0 F5400 X82.702 Y98.316
M204 S3000
M205 X20 Y20
G1 F1500 X80.943 Y100.076 E542.85738
G1 X80.855 Y100.164
M204 S5000
M205 X30 Y30
G0 F5400 X79.371 Y101.228
G0 X78.644 Y102.148
G0 X77.841 Y125.805
M204 S3000
M205 X20 Y20
G1 F1500 X77.579 Y126.067 E542.87279
M204 S5000
M205 X30 Y30
G0 F5400 X77.829 Y126.524
M204 S3000
M205 X20 Y20
G1 F1500 X77.729 Y126.624 E542.87867
M204 S5000
M205 X30 Y30
G0 F5400 X79.371 Y128.272
G0 X80.387 Y128.773
G0 X109.021 Y129.273
M204 S3000
M205 X20 Y20
G1 F1500 X135.967 Y102.327 E544.46299
M204 S5000
M205 X30 Y30
G0 F5400 X135.832 Y103.169
M204 S3000
M205 X20 Y20
G1 F1500 X109.728 Y129.273 E545.9978
M204 S5000
M205 X30 Y30
G0 F5400 X110.434 Y129.274
M204 S3000
M205 X20 Y20
G1 F1500 X135.888 Y103.82 E547.4944
M204 S5000
M205 X30 Y30
G0 F5400 X136.018 Y104.397
M204 S3000
M205 X20 Y20
G1 F1500 X111.141 Y129.274 E548.95707
M204 S5000
M205 X30 Y30
G0 F5400 X111.848 Y129.274
M204 S3000
M205 X20 Y20
G1 F1500 X136.272 Y104.85 E550.39311
M204 S5000
M205 X30 Y30
G0 F5400 X136.551 Y105.279
M204 S3000
M205 X20 Y20
G1 F1500 X112.555 Y129.274 E551.80395
M204 S5000
M205 X30 Y30
G0 F5400 X113.262 Y129.274
M204 S3000
M205 X20 Y20
G1 F1500 X136.909 Y105.628 E553.19428
M204 S5000
M205 X30 Y30
G0 F5400 X137.31 Y105.934
M204 S3000
M205 X20 Y20
G1 F1500 X113.97 Y129.274 E554.56658
M204 S5000
M205 X30 Y30
G0 F5400 X114.677 Y129.274
M204 S3000
M205 X20 Y20
G1 F1500 X137.783 Y106.168 E555.92512
M204 S5000
M205 X30 Y30
G0 F5400 X138.313 Y106.345
M204 S3000
M205 X20 Y20
G1 F1500 X115.384 Y129.274 E557.27326
M204 S5000
M205 X30 Y30
G0 F5400 X116.091 Y129.274
M204 S3000
M205 X20 Y20
G1 F1500 X138.951 Y106.414 E558.61734
G1 X139.039 Y106.326
M204 S5000
M205 X30 Y30
G0 F5400 X140.354 Y105.472
G0 X141.356 Y104.353
G0 X141.574 Y103.016
G0 X140.21 Y96.67
M204 S3000
M205 X20 Y20
G1 F1500 X141.603 Y95.276 E558.69927
M204 S5000
M205 X30 Y30
G0 F5400 X141.266 Y94.907
M204 S3000
M205 X20 Y20
G1 F1500 X140.382 Y95.791 E558.75125
M204 S5000
M205 X30 Y30
G0 F5400 X140.292 Y95.174
M204 S3000
M205 X20 Y20
G1 F1500 X140.882 Y94.584 E558.78594
M204 S5000
M205 X30 Y30
G0 F5400 X140.447 Y94.311
M204 S3000
M205 X20 Y20
G1 F1500 X140.125 Y94.634 E558.8049
M204 S5000
M205 X30 Y30
G0 F5400 X139.845 Y94.207
M204 S3000
M205 X20 Y20
G1 F1500 X139.975 Y94.077 E558.81255
M204 S5000
M205 X30 Y30
;MESH:NONMESH
G0 F600 X139.975 Y94.077 Z0.7
G0 F5400 X137.973 Y93.732
G0 X80.955 Y92.964
G0 X80.808 Y92.83
;TIME_ELAPSED:466.798982
;LAYER:2
M204 S3000
M205 X20 Y20
;TYPE:WALL-INNER
;MESH:Pi Holder.stl
G1 F4020 X80.27 Y93.194 E558.83955
G1 X79.398 Y93.551 E558.87873
G1 X78.704 Y93.983 E558.91271
G1 X78.18 Y94.427 E558.94127
G1 X77.61 Y95.07 E558.97699
G1 X77.194 Y95.823 E559.01276
G1 X76.888 Y96.633 E559.04876
G1 X76.751 Y97.576 E559.08837
G1 X76.75 Y125.486 E560.24874
G1 X76.802 Y125.943 E560.26786
G1 X77.002 Y126.817 E560.30513
G1 X77.39 Y127.625 E560.3424
G1 X77.893 Y128.361 E560.37946
G1 X78.538 Y128.96 E560.41606
G1 X79.125 Y129.36 E560.44559
G1 X79.928 Y129.746 E560.48263
G1 X80.806 Y129.948 E560.52009
G1 X81.266 Y130 E560.53933
G1 X138.734 Y130 E562.92858
G1 X139.194 Y129.948 E562.94782
G1 X140.072 Y129.746 E562.98528
G1 X140.875 Y129.36 E563.02232
G1 X141.616 Y128.853 E563.05965
G1 X142.212 Y128.21 E563.0961
G1 X142.61 Y127.625 E563.12552
G1 X142.996 Y126.821 E563.1626
G1 X143.198 Y125.944 E563.20001
G1 X143.25 Y125.485 E563.21922
G1 X143.25 Y97.572 E564.3797
G1 X143.112 Y96.634 E564.41912
G1 X142.806 Y95.823 E564.45516
G1 X142.387 Y95.068 E564.49106
G1 X141.819 Y94.426 E564.5267
G1 X141.296 Y93.984 E564.55517
G1 X140.599 Y93.55 E564.5893
G1 X139.745 Y93.201 E564.62766
G1 X139.191 Y92.829 E564.6554
G1 X138.735 Y92.32 E564.68381
G1 X138.42 Y91.716 E564.71213
G1 X138.25 Y91.013 E564.7422
G1 X138.25 Y90 E564.78432
G1 X81.75 Y90 E567.13332
G1 X81.75 Y91.008 E567.17522
G1 X81.579 Y91.718 E567.20559
G1 X81.262 Y92.322 E567.23395
G1 X80.808 Y92.83 E567.26227
M204 S5000
M205 X30 Y30
G0 F7200 X80.918 Y92.995
G0 X80.241 Y95.13
G0 X80.44 Y95.165
M204 S3000
M205 X20 Y20
G1 F4020 X80.708 Y94.645 E567.28659
G1 X81.098 Y94.237 E567.31006
G1 X81.631 Y93.95 E567.33523
G1 X82.255 Y93.847 E567.36152
G1 X82.834 Y93.94 E567.3859
G1 X83.354 Y94.208 E567.41022
G1 X83.738 Y94.546 E567.43149
G1 X84.041 Y95.105 E567.45793
G1 X84.16 Y95.755 E567.4854
G1 X84.062 Y96.327 E567.50953
G1 X83.846 Y96.781 E567.53043
G1 X83.48 Y97.204 E567.55369
G1 X82.928 Y97.54 E567.58055
G1 X82.262 Y97.663 E567.60871
G1 X81.598 Y97.55 E567.63671
G1 X81.017 Y97.213 E567.66464
G1 X80.606 Y96.707 E567.69174
G1 X80.461 Y96.399 E567.70589
G1 X80.357 Y95.879 E567.72794
G1 X80.358 Y95.619 E567.73875
G1 X80.44 Y95.165 E567.75793
M204 S5000
M205 X30 Y30
G0 F7200 X80.241 Y95.13
G0 X78.365 Y103.001
G0 X78.565 Y103.001
M204 S3000
M205 X20 Y20
G1 F4020 X78.596 Y102.784 E567.76704
G1 X78.83 Y102.115 E567.79651
G1 X79.202 Y101.582 E567.82353
G1 X79.526 Y101.295 E567.84153
G1 X80.048 Y100.989 E567.86668
G1 X80.426 Y100.863 E567.88325
G1 X81.05 Y100.799 E567.90933
G1 X81.481 Y100.841 E567.92733
G1 X82.045 Y101.033 E567.9521
G1 X82.463 Y101.281 E567.97231
G1 X82.952 Y101.749 E568.00045
G1 X83.301 Y102.382 E568.0305
G1 X83.439 Y103.007 E568.05711
G1 X83.446 Y103.472 E568.07645
G1 X83.3 Y104.119 E568.10402
G1 X82.957 Y104.743 E568.13363
G1 X82.461 Y105.221 E568.16226
G1 X82.081 Y105.455 E568.18082
G1 X81.478 Y105.655 E568.20723
G1 X81.014 Y105.7 E568.22661
G1 X80.374 Y105.631 E568.25337
G1 X79.706 Y105.346 E568.28357
G1 X79.107 Y104.801 E568.31724
G1 X78.739 Y104.19 E568.34689
G1 X78.576 Y103.629 E568.37118
G1 X78.565 Y103.001 E568.39729
M204 S5000
M205 X30 Y30
G0 F7200 X78.365 Y103.001
G0 X80.231 Y114.188
G0 X80.428 Y114.223
M204 S3000
M205 X20 Y20
G1 F4020 X80.516 Y113.98 E568.40804
G1 X80.708 Y113.645 E568.42409
G1 X81.047 Y113.261 E568.44539
G1 X81.624 Y112.952 E568.4726
G1 X82.253 Y112.835 E568.4992
G1 X82.905 Y112.962 E568.52681
G1 X83.438 Y113.255 E568.5521
G1 X83.765 Y113.601 E568.57189
G1 X84.067 Y114.196 E568.59964
G1 X84.162 Y114.773 E568.62395
G1 X84.036 Y115.406 E568.65078
G1 X83.889 Y115.715 E568.66501
G1 X83.542 Y116.144 E568.68795
G1 X82.983 Y116.504 E568.71559
G1 X82.777 Y116.572 E568.72461
G1 X82.168 Y116.649 E568.75013
G1 X81.624 Y116.548 E568.77313
G1 X81.134 Y116.284 E568.79627
G1 X80.934 Y116.117 E568.80711
G1 X80.684 Y115.819 E568.82328
G1 X80.485 Y115.456 E568.84049
G1 X80.357 Y114.879 E568.86506
G1 X80.347 Y114.75 E568.87044
G1 X80.428 Y114.223 E568.89261
M204 S5000
M205 X30 Y30
G0 F7200 X80.231 Y114.188
G0 X78.365 Y126.001
G0 X78.565 Y126.001
M204 S3000
M205 X20 Y20
G1 F4020 X78.57 Y125.906 E568.89656
G1 X78.739 Y125.31 E568.92232
G1 X78.83 Y125.115 E568.93127
G1 X79.202 Y124.582 E568.95829
G1 X79.526 Y124.295 E568.97628
G1 X80.085 Y123.976 E569.00304
G1 X80.499 Y123.855 E569.02097
G1 X81.015 Y123.8 E569.04255
G1 X81.49 Y123.844 E569.06238
G1 X82.081 Y124.045 E569.08833
G1 X82.468 Y124.279 E569.10714
G1 X82.963 Y124.769 E569.13609
G1 X83.277 Y125.339 E569.16315
G1 X83.428 Y125.949 E569.18928
G1 X83.446 Y126.386 E569.20746
G1 X83.322 Y127.022 E569.2344
G1 X83.004 Y127.657 E569.26392
G1 X82.522 Y128.168 E569.29313
G1 X82.099 Y128.451 E569.31429
G1 X81.446 Y128.661 E569.34281
G1 X81.042 Y128.705 E569.3597
G1 X80.412 Y128.631 E569.38607
G1 X79.999 Y128.49 E569.40422
G1 X79.494 Y128.185 E569.42875
G1 X79.202 Y127.918 E569.4452
G1 X78.83 Y127.385 E569.47222
G1 X78.739 Y127.19 E569.48117
G1 X78.569 Y126.583 E569.50737
G1 X78.565 Y126.001 E569.53157
M204 S5000
M205 X30 Y30
G0 F7200 X78.365 Y126.001
G0 X79.038 Y124.55
G0 X79.947 Y123.876
G0 X136.379 Y125.906
G0 X136.572 Y125.949
M204 S3000
M205 X20 Y20
G1 F4020 X136.723 Y125.339 E569.5577
G1 X137.038 Y124.767 E569.58484
G1 X137.533 Y124.279 E569.61374
G1 X137.92 Y124.044 E569.63257
G1 X138.522 Y123.845 E569.65893
G1 X138.985 Y123.8 E569.67827
G1 X139.501 Y123.855 E569.69984
G1 X140.066 Y124.046 E569.72464
G1 X140.604 Y124.395 E569.7513
G1 X140.904 Y124.711 E569.76941
G1 X141.26 Y125.31 E569.79838
G1 X141.436 Y125.936 E569.82542
G1 X141.432 Y126.583 E569.85232
G1 X141.232 Y127.291 E569.88291
G1 X140.834 Y127.88 E569.91246
G1 X140.507 Y128.185 E569.93105
G1 X140.001 Y128.49 E569.95561
G1 X139.588 Y128.631 E569.97376
G1 X139.024 Y128.697 E569.99737
G1 X138.604 Y128.669 E570.01487
G1 X137.988 Y128.479 E570.04167
G1 X137.61 Y128.27 E570.05963
G1 X137.13 Y127.831 E570.08667
G1 X136.754 Y127.223 E570.11639
G1 X136.572 Y126.551 E570.14534
G1 X136.554 Y126.114 E570.16352
G1 X136.572 Y125.949 E570.17042
M204 S5000
M205 X30 Y30
G0 F7200 X136.379 Y125.906
G0 X135.928 Y115.8
G0 X136.111 Y115.715
M204 S3000
M205 X20 Y20
G1 F4020 X135.934 Y115.31 E570.1888
G1 X135.858 Y114.879 E570.20699
G1 X135.847 Y114.719 E570.21366
G1 X135.948 Y114.106 E570.23949
G1 X136.235 Y113.601 E570.26364
G1 X136.562 Y113.255 E570.28343
G1 X137.095 Y112.962 E570.30872
G1 X137.747 Y112.835 E570.33633
G1 X138.376 Y112.952 E570.36293
G1 X138.953 Y113.261 E570.39014
G1 X139.292 Y113.645 E570.41144
G1 X139.484 Y113.981 E570.42753
G1 X139.572 Y114.223 E570.43824
G1 X139.654 Y114.75 E570.46041
G1 X139.559 Y115.375 E570.48669
G1 X139.316 Y115.819 E570.50774
G1 X139.066 Y116.117 E570.52391
G1 X138.866 Y116.284 E570.53474
G1 X138.376 Y116.548 E570.55788
G1 X137.832 Y116.649 E570.58088
G1 X137.223 Y116.572 E570.6064
G1 X137.017 Y116.504 E570.61542
G1 X136.458 Y116.144 E570.64307
G1 X136.111 Y115.715 E570.66601
M204 S5000
M205 X30 Y30
G0 F7200 X135.928 Y115.8
G0 X136.366 Y102.963
G0 X136.561 Y103.007
M204 S3000
M205 X20 Y20
G1 F4020 X136.7 Y102.38 E570.69271
G1 X137.048 Y101.749 E570.72267
G1 X137.537 Y101.281 E570.75081
G1 X137.955 Y101.033 E570.77101
G1 X138.52 Y100.845 E570.79577
G1 X138.95 Y100.8 E570.81374
G1 X139.574 Y100.863 E570.83982
G1 X139.952 Y100.989 E570.85639
G1 X140.553 Y101.341 E570.88534
G1 X140.904 Y101.711 E570.90655
G1 X141.17 Y102.115 E570.92666
G1 X141.403 Y102.784 E570.95611
G1 X141.436 Y103.001 E570.96523
G1 X141.425 Y103.629 E570.99135
G1 X141.26 Y104.19 E571.01566
G1 X140.893 Y104.801 E571.04529
G1 X140.368 Y105.279 E571.07481
G1 X140.182 Y105.394 E571.0839
G1 X139.514 Y105.643 E571.11354
G1 X138.986 Y105.7 E571.13562
G1 X138.522 Y105.655 E571.155
G1 X137.92 Y105.456 E571.18136
G1 X137.535 Y105.222 E571.20009
G1 X137.044 Y104.743 E571.22861
G1 X136.708 Y104.138 E571.25738
G1 X136.564 Y103.514 E571.28401
G1 X136.554 Y103.114 E571.30064
G1 X136.561 Y103.007 E571.3051
M204 S5000
M205 X30 Y30
G0 F7200 X136.366 Y102.963
G0 X135.74 Y96.361
G0 X135.938 Y96.327
M204 S3000
M205 X20 Y20
G1 F4020 X135.848 Y95.803 E571.3272
G1 X135.847 Y95.715 E571.33086
G1 X135.959 Y95.105 E571.35665
G1 X136.208 Y94.646 E571.37836
G1 X136.547 Y94.262 E571.39965
G1 X137.118 Y93.954 E571.42663
G1 X137.619 Y93.857 E571.44784
G1 X137.881 Y93.858 E571.45874
G1 X138.368 Y93.95 E571.47934
G1 X138.903 Y94.236 E571.50456
G1 X139.172 Y94.488 E571.51989
G1 X139.485 Y94.98 E571.54413
G1 X139.56 Y95.166 E571.55247
G1 X139.652 Y95.79 E571.57869
G1 X139.539 Y96.4 E571.60448
G1 X139.394 Y96.706 E571.61856
G1 X138.983 Y97.213 E571.6457
G1 X138.402 Y97.55 E571.67362
G1 X137.801 Y97.652 E571.69897
G1 X137.114 Y97.557 E571.7278
G1 X136.52 Y97.204 E571.75653
G1 X136.154 Y96.781 E571.77978
G1 X135.938 Y96.327 E571.80068
M204 S5000
M205 X30 Y30
G0 F7200 X135.74 Y96.361
G0 X135.731 Y95.189
G0 X136.42 Y95.31
M204 S3000
M205 X20 Y20
;TYPE:WALL-OUTER
G1 F2040 X136.642 Y94.894 E571.82029
G1 X136.842 Y94.682 E571.83241
G1 X137.275 Y94.429 E571.85326
G1 X137.706 Y94.35 E571.87147
G1 X138.22 Y94.428 E571.89309
G1 X138.641 Y94.665 E571.91317
G1 X138.858 Y94.894 E571.92629
G1 X139.076 Y95.291 E571.94512
G1 X139.153 Y95.764 E571.96504
G1 X139.071 Y96.224 E571.98447
G1 X138.959 Y96.46 E571.99533
G1 X138.652 Y96.827 E572.01522
G1 X138.254 Y97.059 E572.03438
G1 X137.767 Y97.153 E572.055
G1 X137.281 Y97.073 E572.07547
G1 X136.88 Y96.849 E572.09457
G1 X136.549 Y96.474 E572.11537
G1 X136.427 Y96.218 E572.12716
G1 X136.347 Y95.768 E572.14616
G1 X136.42 Y95.31 E572.16544
M204 S5000
M205 X30 Y30
G0 F7200 X136.514 Y95.134
G0 X135.902 Y94.779
G0 X136.49 Y102.408
G0 X137.173 Y102.561
M204 S3000
M205 X20 Y20
G1 F2040 X137.45 Y102.061 E572.1892
G1 X137.846 Y101.674 E572.21222
G1 X138.102 Y101.516 E572.22473
G1 X138.629 Y101.333 E572.24793
G1 X138.974 Y101.301 E572.26233
G1 X139.459 Y101.353 E572.28261
G1 X139.768 Y101.454 E572.29613
G1 X140.239 Y101.737 E572.31897
G1 X140.486 Y101.985 E572.33352
G1 X140.752 Y102.389 E572.35363
G1 X140.936 Y102.963 E572.37869
G1 X140.932 Y103.543 E572.40281
G1 X140.771 Y104.083 E572.42623
G1 X140.429 Y104.577 E572.45121
G1 X139.986 Y104.934 E572.47487
G1 X139.46 Y105.146 E572.49845
G1 X138.96 Y105.2 E572.51935
G1 X138.63 Y105.167 E572.53314
G1 X138.138 Y105.002 E572.55472
G1 X137.858 Y104.835 E572.56827
G1 X137.464 Y104.457 E572.59097
G1 X137.173 Y103.947 E572.61538
G1 X137.055 Y103.416 E572.638
G1 X137.054 Y103.114 E572.65055
G1 X137.056 Y103.078 E572.65205
G1 X137.173 Y102.561 E572.67409
M204 S5000
M205 X30 Y30
G0 F7200 X137.27 Y102.386
G0 X136.658 Y102.043
G0 X135.828 Y113.906
G0 X136.435 Y114.258
M204 S3000
M205 X20 Y20
G1 F2040 X136.671 Y113.853 E572.69358
G1 X136.854 Y113.67 E572.70434
G1 X137.288 Y113.425 E572.72506
G1 X137.778 Y113.348 E572.74568
G1 X138.223 Y113.428 E572.76448
G1 X138.606 Y113.642 E572.78272
G1 X138.818 Y113.842 E572.79484
G1 X139.08 Y114.31 E572.81713
G1 X139.154 Y114.75 E572.83568
G1 X139.063 Y115.242 E572.85649
G1 X138.933 Y115.497 E572.86839
G1 X138.616 Y115.851 E572.88814
G1 X138.223 Y116.072 E572.90689
G1 X137.778 Y116.152 E572.92569
G1 X137.288 Y116.075 E572.94631
G1 X136.86 Y115.836 E572.96669
G1 X136.555 Y115.482 E572.98611
G1 X136.43 Y115.226 E572.99796
G1 X136.35 Y114.793 E573.01627
G1 X136.435 Y114.258 E573.03879
M204 S5000
M205 X30 Y30
G0 F7200 X136.535 Y114.085
G0 X135.929 Y113.733
G0 X136.378 Y126.593
G0 X137.06 Y126.441
M204 S3000
M205 X20 Y20
G1 F2040 X137.054 Y126.114 E573.05238
G1 X137.06 Y126.059 E573.05468
G1 X137.181 Y125.541 E573.0768
G1 X137.451 Y125.056 E573.09988
G1 X137.832 Y124.685 E573.12199
G1 X138.138 Y124.498 E573.1369
G1 X138.635 Y124.332 E573.15868
G1 X138.974 Y124.301 E573.17283
G1 X139.447 Y124.352 E573.19261
G1 X139.806 Y124.473 E573.20836
G1 X140.257 Y124.755 E573.23048
G1 X140.486 Y124.985 E573.24397
G1 X140.772 Y125.419 E573.26558
G1 X140.934 Y125.969 E573.28942
G1 X140.934 Y126.527 E573.31262
G1 X140.782 Y127.046 E573.3351
G1 X140.487 Y127.515 E573.35814
G1 X140.225 Y127.771 E573.37337
G1 X139.784 Y128.039 E573.39482
G1 X139.476 Y128.143 E573.40834
G1 X138.974 Y128.199 E573.42934
G1 X138.631 Y128.169 E573.44365
G1 X138.098 Y127.982 E573.46714
G1 X137.826 Y127.809 E573.48054
G1 X137.433 Y127.413 E573.50373
G1 X137.191 Y126.979 E573.52439
G1 X137.06 Y126.441 E573.54741
M204 S5000
M205 X30 Y30
G0 F7200 X137.057 Y126.241
G0 X136.354 Y126.241
G0 X82.953 Y112.817
G0 X81.547 Y112.817
G0 X80.712 Y113.409
G0 X80.92 Y114.31
M204 S3000
M205 X20 Y20
G1 F2040 X81.142 Y113.894 E573.56702
G1 X81.342 Y113.682 E573.57913
G1 X81.777 Y113.428 E573.60008
G1 X82.222 Y113.348 E573.61887
G1 X82.712 Y113.425 E573.6395
G1 X83.146 Y113.67 E573.66022
G1 X83.329 Y113.853 E573.67098
G1 X83.565 Y114.258 E573.69046
G1 X83.653 Y114.728 E573.71034
G1 X83.57 Y115.226 E573.73133
G1 X83.443 Y115.485 E573.74333
G1 X83.154 Y115.825 E573.76188
G1 X82.712 Y116.075 E573.78299
G1 X82.222 Y116.152 E573.80361
G1 X81.777 Y116.072 E573.82241
G1 X81.384 Y115.851 E573.84116
G1 X81.067 Y115.497 E573.86091
G1 X80.937 Y115.242 E573.87281
G1 X80.85 Y114.793 E573.89183
G1 X80.92 Y114.31 E573.91212
M204 S5000
M205 X30 Y30
G0 F7200 X81.014 Y114.134
G0 X80.402 Y113.779
G0 X78.398 Y103.744
G0 X79.068 Y103.543
M204 S3000
M205 X20 Y20
G1 F2040 X79.065 Y103.001 E573.93465
G1 X79.075 Y102.928 E573.93771
G1 X79.248 Y102.389 E573.96125
G1 X79.513 Y101.985 E573.98134
G1 X79.761 Y101.737 E573.99592
G1 X80.232 Y101.454 E574.01876
G1 X80.541 Y101.353 E574.03228
G1 X81.052 Y101.299 E574.05364
G1 X81.371 Y101.333 E574.06698
G1 X81.863 Y101.499 E574.08857
G1 X82.154 Y101.674 E574.10268
G1 X82.55 Y102.061 E574.1257
G1 X82.826 Y102.55 E574.14905
G1 X82.946 Y103.096 E574.17229
G1 X82.945 Y103.416 E574.1856
G1 X82.823 Y103.95 E574.20837
G1 X82.55 Y104.444 E574.23183
G1 X82.167 Y104.815 E574.254
G1 X81.862 Y105.002 E574.26888
G1 X81.37 Y105.167 E574.29045
G1 X81.025 Y105.199 E574.30486
G1 X80.469 Y105.128 E574.32816
G1 X80.014 Y104.934 E574.34872
G1 X79.571 Y104.577 E574.37238
G1 X79.229 Y104.083 E574.39736
G1 X79.068 Y103.543 E574.42079
M204 S5000
M205 X30 Y30
G0 F7200 X79.067 Y103.343
G0 X78.365 Y103.343
G0 X80.161 Y95.914
G0 X80.85 Y95.793
M204 S3000
M205 X20 Y20
G1 F2040 X80.924 Y95.291 E574.44188
G1 X81.142 Y94.894 E574.46071
G1 X81.378 Y94.651 E574.47479
G1 X81.779 Y94.428 E574.49387
G1 X82.206 Y94.35 E574.51192
G1 X82.709 Y94.424 E574.53305
G1 X83.106 Y94.642 E574.55188
G1 X83.318 Y94.842 E574.564
G1 X83.58 Y95.31 E574.5863
G1 X83.653 Y95.768 E574.60558
G1 X83.573 Y96.218 E574.62458
G1 X83.451 Y96.474 E574.63637
G1 X83.176 Y96.803 E574.6542
G1 X82.746 Y97.063 E574.67509
G1 X82.233 Y97.153 E574.69675
G1 X81.746 Y97.059 E574.71737
G1 X81.348 Y96.827 E574.73652
G1 X81.041 Y96.46 E574.75641
G1 X80.929 Y96.223 E574.76731
G1 X80.85 Y95.793 E574.78549
M204 S5000
M205 X30 Y30
G0 F7200 X80.879 Y95.595
G0 X80.181 Y95.472
G0 X81.717 Y91.889
G0 X81.1 Y91.561
M204 S3000
M205 X20 Y20
G1 F2040 X80.836 Y92.05 E574.80859
G1 X80.478 Y92.45 E574.83091
G1 X80.051 Y92.739 E574.85235
G1 X79.17 Y93.104 E574.89199
G1 X78.409 Y93.578 E574.92927
G1 X77.829 Y94.069 E574.96086
G1 X77.323 Y94.641 E574.99261
G1 X77.109 Y94.944 E575.00803
G1 X76.739 Y95.613 E575.03982
G1 X76.465 Y96.34 E575.07212
G1 X76.375 Y96.688 E575.08706
G1 X76.251 Y97.54 E575.12286
G1 X76.25 Y125.514 E576.28588
G1 X76.308 Y126.027 E576.30735
G1 X76.486 Y126.803 E576.34045
G1 X76.612 Y127.161 E576.35623
G1 X76.956 Y127.875 E576.38918
G1 X77.399 Y128.525 E576.42188
G1 X77.647 Y128.816 E576.43777
G1 X78.226 Y129.352 E576.47058
G1 X78.875 Y129.794 E576.50322
G1 X79.589 Y130.138 E576.53617
G1 X79.947 Y130.264 E576.55195
G1 X80.722 Y130.442 E576.58501
G1 X81.238 Y130.5 E576.6066
G1 X138.762 Y130.5 E578.99817
G1 X139.278 Y130.442 E579.01976
G1 X140.053 Y130.264 E579.05282
G1 X140.411 Y130.138 E579.0686
G1 X141.125 Y129.794 E579.10155
G1 X141.777 Y129.349 E579.13437
G1 X142.068 Y129.101 E579.15026
G1 X142.604 Y128.522 E579.18306
G1 X143.044 Y127.875 E579.21559
G1 X143.388 Y127.16 E579.24858
G1 X143.514 Y126.803 E579.26432
G1 X143.692 Y126.028 E579.29738
G1 X143.75 Y125.513 E579.31893
G1 X143.75 Y97.536 E580.48208
G1 X143.625 Y96.686 E580.5178
G1 X143.535 Y96.34 E580.53266
G1 X143.261 Y95.613 E580.56496
G1 X142.889 Y94.942 E580.59686
G1 X142.675 Y94.639 E580.61228
G1 X142.169 Y94.067 E580.64403
G1 X141.591 Y93.578 E580.67551
G1 X140.827 Y93.103 E580.71291
G1 X139.986 Y92.759 E580.75069
G1 X139.546 Y92.466 E580.77266
G1 X139.154 Y92.042 E580.79667
G1 X138.899 Y91.559 E580.81938
G1 X138.75 Y90.954 E580.84528
G1 X138.75 Y89.5 E580.90573
G1 X81.25 Y89.5 E583.29631
G1 X81.25 Y90.95 E583.35659
G1 X81.1 Y91.561 E583.38275
M204 S5000
M205 X30 Y30
G0 F7200 X81.005 Y91.737
G0 X81.624 Y92.066
G0 X80.317 Y95.047
G0 X78.426 Y102.872
G0 X78.365 Y125.969
G0 X79.066 Y125.969
M204 S3000
M205 X20 Y20
G1 F2040 X79.228 Y125.419 E583.40658
G1 X79.513 Y124.985 E583.42817
G1 X79.743 Y124.755 E583.44169
G1 X80.194 Y124.473 E583.46381
G1 X80.553 Y124.352 E583.47956
G1 X81.04 Y124.3 E583.49992
G1 X81.37 Y124.333 E583.51371
G1 X81.862 Y124.498 E583.53528
G1 X82.168 Y124.685 E583.55019
G1 X82.55 Y125.057 E583.57236
G1 X82.819 Y125.541 E583.59538
G1 X82.94 Y126.059 E583.6175
G1 X82.946 Y126.386 E583.63109
G1 X82.826 Y126.948 E583.65499
G1 X82.567 Y127.413 E583.67712
G1 X82.174 Y127.809 E583.70031
G1 X81.881 Y127.995 E583.71474
G1 X81.36 Y128.169 E583.73758
G1 X81.069 Y128.2 E583.74974
G1 X80.519 Y128.142 E583.77274
G1 X80.216 Y128.039 E583.78604
G1 X79.776 Y127.771 E583.80746
G1 X79.513 Y127.515 E583.82272
G1 X79.218 Y127.046 E583.84576
G1 X79.066 Y126.527 E583.86824
G1 X79.065 Y126.001 E583.89011
G1 X79.066 Y125.969 E583.89144
M204 S5000
M205 X30 Y30
G0 F7200 X79.122 Y125.778
G0 X78.453 Y125.576
G0 X78.091 Y126.743
M204 S3000
M205 X20 Y20
;TYPE:SKIN
G1 F1459.1 X78.089 Y125.865 E583.92896
G1 F1500 X78.099 Y125.791 E583.93207
G1 X78.295 Y125.145 E583.96013
G1 X78.439 Y124.843 E583.97404
G1 X78.856 Y124.252 E584.00412
G1 X79.286 Y123.884 E584.02765
G1 X79.892 Y123.544 E584.05654
G1 X80.402 Y123.39 E584.07868
G1 X81.005 Y123.324 E584.1039
G1 X81.559 Y123.375 E584.12703
G1 X82.295 Y123.619 E584.15927
G1 X82.803 Y123.944 E584.18434
G1 X83.333 Y124.457 E584.21501
G1 X83.737 Y125.182 E584.24952
G1 X83.928 Y125.987 E584.28391
G1 X83.891 Y126.657 E584.31181
G1 X83.768 Y127.185 E584.33435
G1 X83.4 Y127.918 E584.36845
G1 X83.201 Y128.172 E584.38187
G1 X82.822 Y128.535 E584.40368
G1 X82.312 Y128.883 E584.42935
G1 F1572.3 X81.556 Y129.1 E584.46055
G1 F1736.1 X81.055 Y129.136 E584.47859
G1 F1913.3 X80.297 Y129.028 E584.50355
G1 F2054.8 X79.843 Y128.862 E584.51822
G1 F2083.3 X79.262 Y128.521 E584.53839
G1 F1994.7 X78.886 Y128.19 E584.55405
G1 F1875 X78.479 Y127.674 E584.5759
G1 F1696.8 X78.296 Y127.319 E584.59058
G1 F1500 X78.091 Y126.743 E584.616
M204 S5000
M205 X30 Y30
G0 F7200 X79.954 Y115.337
M204 S3000
M205 X20 Y20
G1 F1500 X79.874 Y114.791 E584.63894
G1 X79.874 Y114.717 E584.64202
G1 X79.957 Y114.148 E584.66593
G1 X80.111 Y113.73 E584.68445
G1 X80.486 Y113.152 E584.71309
G1 X80.916 Y112.792 E584.73641
G1 X81.496 Y112.494 E584.76352
G1 X82.127 Y112.377 E584.7902
G1 X82.375 Y112.378 E584.80051
G1 X83.084 Y112.504 E584.83045
G1 X83.728 Y112.886 E584.86158
G1 X84.12 Y113.273 E584.88448
G1 X84.461 Y113.869 E584.91303
G1 X84.535 Y114.104 E584.92327
G1 X84.629 Y114.814 E584.95305
G1 X84.531 Y115.408 E584.97808
G1 X84.306 Y115.944 E585.00225
G1 X83.808 Y116.572 E585.03557
G1 X83.094 Y116.994 E585.07005
G1 X82.375 Y117.122 E585.10041
G1 X82.122 Y117.122 E585.11093
G1 X81.507 Y117.013 E585.1369
G1 X80.881 Y116.688 E585.16622
G1 X80.595 Y116.45 E585.18169
G1 X80.293 Y116.087 E585.20132
G1 X80.043 Y115.627 E585.22309
G1 X79.954 Y115.337 E585.2357
M204 S5000
M205 X30 Y30
G0 F7200 X78.011 Y103.71
M204 S3000
M205 X20 Y20
G1 F1166.4 X78.01 Y103.678 E585.23741
G1 F1091.7 X78 Y102.957 E585.2786
G1 F1114.4 X78.066 Y102.619 E585.29788
G1 F1293.1 X78.439 Y101.843 E585.3394
G1 F1500 X78.856 Y101.252 E585.36947
G1 X79.283 Y100.886 E585.39285
G1 X79.884 Y100.544 E585.4216
G1 X80.28 Y100.411 E585.43897
G1 X81.022 Y100.318 E585.47006
G1 X81.651 Y100.395 E585.4964
G1 X82.317 Y100.624 E585.52568
G1 X82.775 Y100.921 E585.54838
G1 X83.3 Y101.423 E585.57858
G1 X83.737 Y102.178 E585.61485
G1 X83.917 Y102.955 E585.64801
G1 X83.919 Y103.523 E585.67162
G1 X83.748 Y104.301 E585.70474
G1 X83.321 Y105.052 E585.74066
G1 X82.759 Y105.601 E585.77332
G1 X82.279 Y105.889 E585.79659
G1 X81.591 Y106.117 E585.82673
G1 X81.063 Y106.176 E585.84881
G1 X80.395 Y106.109 E585.87673
G1 X80.087 Y106.025 E585.89
G1 X79.634 Y105.833 E585.91045
G1 X79.327 Y105.643 E585.92546
G1 X78.948 Y105.328 E585.94595
G1 X78.729 Y105.091 E585.95937
G1 X78.421 Y104.624 E585.98263
G1 F1431.3 X78.216 Y104.167 E586.00445
G1 F1311.2 X78.011 Y103.71 E586.02827
M204 S5000
M205 X30 Y30
G0 F7200 X80.088 Y94.773
M204 S3000
M205 X20 Y20
G1 F1509.1 X80.46 Y94.196 E586.05664
G1 F1602.6 X80.832 Y93.878 E586.07569
G1 F1655.6 X81.495 Y93.5 E586.10443
G1 F1556 X82.189 Y93.363 E586.13279
G1 F1500 X82.93 Y93.474 E586.16394
G1 X83.268 Y93.61 E586.17908
G1 X83.846 Y93.983 E586.20768
G1 X84.208 Y94.415 E586.23112
G1 X84.515 Y95.005 E586.25877
G1 X84.637 Y95.764 E586.29073
G1 X84.498 Y96.529 E586.32305
G1 X84.279 Y96.99 E586.34427
G1 X83.909 Y97.448 E586.36875
G1 X83.629 Y97.682 E586.38392
G1 X83.064 Y97.994 E586.41076
G1 X82.42 Y98.116 E586.43801
G1 X82.128 Y98.123 E586.45015
G1 X81.431 Y98.002 E586.47956
G1 X80.828 Y97.656 E586.50847
G1 X80.627 Y97.488 E586.51936
G1 X80.19 Y96.94 E586.5485
G1 X79.98 Y96.491 E586.56911
G1 X79.876 Y95.847 E586.59623
G1 X79.875 Y95.772 E586.59935
G1 X79.978 Y95.046 E586.62983
G1 X80.088 Y94.773 E586.64207
M204 S5000
M205 X30 Y30
G0 F7200 X82.032 Y91.873
M204 S3000
M205 X20 Y20
G1 F1500 X81.657 Y92.592 E586.67578
G1 F1540 X81.136 Y93.159 E586.70696
G1 F1637.6 X80.588 Y93.511 E586.73177
G1 F1630.4 X80.373 Y93.66 E586.74177
G1 F1533.7 X79.614 Y93.977 E586.77522
G1 F1500 X78.984 Y94.369 E586.80607
G1 X78.512 Y94.769 E586.83179
G1 X78 Y95.348 E586.86392
G1 X77.626 Y96.024 E586.89604
G1 X77.351 Y96.753 E586.92843
G1 X77.227 Y97.612 E586.96452
G1 X77.226 Y102.021 E587.14782
G1 F1243.8 X77.33 Y102.614 E587.17801
G1 F1080.7 X77.317 Y103.02 E587.20145
G1 F1090.1 X77.323 Y103.79 E587.2455
G1 F1256.3 X77.226 Y104.471 E587.27965
G1 F1500 X77.225 Y125.46 E588.15227
G1 X77.271 Y125.862 E588.16909
G1 F1482.2 X77.46 Y126.664 E588.20376
G1 F1494 X77.79 Y127.371 E588.23633
G1 F1569 X78.183 Y128.019 E588.26645
G1 F1712.3 X78.753 Y128.6 E588.29609
G1 F1918.2 X79.331 Y129.002 E588.31898
G1 F1963.4 X80.106 Y129.37 E588.34623
G1 F1879.7 X80.88 Y129.526 E588.37243
G1 F1785.7 X81.291 Y129.558 E588.38682
G1 F1663 X81.835 Y129.541 E588.40723
G1 F1552.8 X82.379 Y129.524 E588.42909
G1 F1500 X137.755 Y129.524 E590.73136
G1 F1602.6 X138.708 Y129.557 E590.76847
G1 F1781.5 X139.112 Y129.527 E590.78265
G1 F1933 X139.783 Y129.39 E590.80474
G1 F2021.6 X140.088 Y129.283 E590.81471
G1 F1963.4 X140.76 Y128.957 E590.83844
G1 F1851.9 X141.365 Y128.511 E590.86375
G1 F1756.4 X141.864 Y127.931 E590.89092
G1 F1641.1 X142.205 Y127.392 E590.91515
G1 F1536.9 X142.543 Y126.665 E590.94768
G1 F1500 X142.729 Y125.862 E590.98195
G1 X142.775 Y125.457 E590.9989
G1 X142.775 Y104.474 E591.87127
G1 F1256.3 X142.678 Y103.789 E591.90561
G1 F1090.1 X142.684 Y103.005 E591.95047
G1 F1126.1 X142.7 Y102.471 E591.98005
G1 F1304.3 X142.775 Y101.702 E592.01699
G1 F1500 X142.775 Y97.605 E592.18733
G1 X142.65 Y96.766 E592.22259
G1 X142.373 Y96.023 E592.25556
G1 X141.995 Y95.342 E592.28794
G1 X141.485 Y94.767 E592.3199
G1 X141.015 Y94.37 E592.34547
G1 X140.381 Y93.976 E592.37651
G1 F1530.6 X139.632 Y93.67 E592.40947
G1 F1634 X139.393 Y93.499 E592.42069
G1 F1681.6 X138.885 Y93.18 E592.44294
G1 F1592.4 X138.338 Y92.592 E592.47439
G1 F1521.3 X137.96 Y91.837 E592.509
G1 F1500 X137.775 Y91.075 E592.5416
G1 X137.775 Y90.475 E592.56655
G1 X82.225 Y90.475 E594.87605
G1 X82.225 Y91.057 E594.90024
G1 X82.032 Y91.873 E594.9351
M204 S5000
M205 X30 Y30
G0 F7200 X135.367 Y95.803
M204 S3000
M205 X20 Y20
G1 F1500 X135.367 Y95.721 E594.93851
G1 X135.484 Y95.008 E594.96855
G1 X135.812 Y94.383 E594.9979
G1 X135.975 Y94.168 E595.00912
G1 X136.391 Y93.805 E595.03207
G1 X136.952 Y93.504 E595.05854
G1 X137.741 Y93.349 E595.09197
G1 F1559.3 X138.502 Y93.5 E595.123
G1 F1670.4 X139.15 Y93.864 E595.15075
G1 F1602.6 X139.541 Y94.193 E595.17063
G1 F1500 X139.913 Y94.774 E595.19931
G1 X140.02 Y95.043 E595.21135
G1 X140.13 Y95.8 E595.24315
G1 X140.027 Y96.455 E595.27072
G1 X139.808 Y96.94 E595.29284
G1 X139.391 Y97.469 E595.32085
G1 X139.087 Y97.707 E595.3369
G1 X138.447 Y98.022 E595.36656
G1 X137.736 Y98.145 E595.39655
G1 X136.941 Y97.997 E595.43018
G1 X136.362 Y97.673 E595.45776
G1 X136.116 Y97.473 E595.47094
G1 X135.713 Y96.98 E595.49741
G1 X135.483 Y96.465 E595.52086
G1 X135.367 Y95.803 E595.54881
M204 S5000
M205 X30 Y30
G0 F7200 X136.081 Y103.031
M204 S3000
M205 X20 Y20
G1 F1500 X136.25 Y102.214 E595.58349
G1 X136.673 Y101.446 E595.61994
G1 X137.23 Y100.916 E595.65191
G1 X137.769 Y100.594 E595.67801
G1 X138.429 Y100.378 E595.70688
G1 X138.975 Y100.326 E595.72969
G1 X139.651 Y100.398 E595.75795
G1 X140.128 Y100.547 E595.77873
G1 X140.851 Y100.963 E595.81341
G1 X141.276 Y101.417 E595.83926
G1 X141.567 Y101.853 E595.86106
G1 F1304.3 X141.924 Y102.605 E595.90086
G1 F1104.6 X141.967 Y102.662 E595.90489
G1 F1076 X142 Y102.953 E595.92186
G1 F1170 X141.989 Y103.71 E595.96221
G1 F1368.6 X141.58 Y104.621 E596.00771
G1 F1500 X141.271 Y105.09 E596.03106
G1 X141.052 Y105.328 E596.04451
G1 X140.673 Y105.643 E596.065
G1 X140.4 Y105.815 E596.07841
G1 X139.591 Y106.115 E596.11429
G1 X138.82 Y106.17 E596.14642
G1 X138.425 Y106.12 E596.16298
G1 X137.727 Y105.891 E596.19352
G1 X137.243 Y105.603 E596.21693
G1 X136.672 Y105.045 E596.25013
G1 X136.249 Y104.296 E596.28589
G1 X136.085 Y103.55 E596.31764
G1 X136.081 Y103.031 E596.33922
M204 S5000
M205 X30 Y30
G0 F7200 X135.36 Y114.712
M204 S3000
M205 X20 Y20
G1 F1500 X135.493 Y113.969 E596.3706
G1 X135.841 Y113.334 E596.40071
G1 X136.225 Y112.923 E596.42409
G1 X136.801 Y112.571 E596.45216
G1 X137.054 Y112.477 E596.46338
G1 X137.641 Y112.377 E596.48814
G1 X137.885 Y112.378 E596.49828
G1 X138.492 Y112.486 E596.52391
G1 X139.117 Y112.812 E596.55322
G1 X139.332 Y112.975 E596.56444
G1 X139.678 Y113.371 E596.5863
G1 X139.895 Y113.741 E596.60413
G1 X140.042 Y114.145 E596.62201
G1 X140.132 Y114.744 E596.64719
G1 X140.046 Y115.343 E596.67235
G1 X139.957 Y115.628 E596.68476
G1 X139.68 Y116.125 E596.70842
G1 X139.437 Y116.417 E596.72421
G1 X139.119 Y116.688 E596.74158
G1 X138.504 Y117.006 E596.77037
G1 X137.875 Y117.123 E596.79697
G1 X137.145 Y117.041 E596.82751
G1 X136.812 Y116.935 E596.84203
G1 X136.209 Y116.58 E596.87113
G1 X135.716 Y115.993 E596.903
G1 X135.488 Y115.485 E596.92615
G1 X135.363 Y114.779 E596.95595
G1 X135.36 Y114.712 E596.95874
M204 S5000
M205 X30 Y30
G0 F7200 X136.083 Y126.434
M204 S3000
M205 X20 Y20
G1 F1500 X136.079 Y126.375 E596.9612
G1 X136.11 Y125.84 E596.98348
G1 X136.268 Y125.175 E597.0119
G1 X136.675 Y124.449 E597.0465
G1 X137.254 Y123.898 E597.07973
G1 X137.719 Y123.613 E597.10241
G1 X138.414 Y123.377 E597.13292
G1 X138.914 Y123.326 E597.15382
G1 X139.712 Y123.397 E597.18713
G1 X140.281 Y123.624 E597.21259
G1 X140.927 Y124.044 E597.24463
G1 X141.302 Y124.45 E597.26761
G1 X141.567 Y124.853 E597.28766
G1 X141.713 Y125.169 E597.30213
G1 X141.914 Y125.821 E597.3305
G1 X141.905 Y126.647 E597.36484
G1 F1552.8 X141.703 Y127.314 E597.39283
G1 F1652 X141.555 Y127.605 E597.40516
G1 F1807.2 X141.146 Y128.164 E597.42906
G1 F1994.7 X140.735 Y128.524 E597.44614
G1 F2095 X140.176 Y128.854 E597.46546
G1 F2066.1 X139.692 Y129.03 E597.48101
G1 F1933 X139.071 Y129.123 E597.50127
G1 F1748.3 X138.501 Y129.108 E597.52161
G1 F1575.6 X137.844 Y128.932 E597.54853
G1 F1500 X137.351 Y128.672 E597.5717
G1 X136.775 Y128.145 E597.60416
G1 X136.574 Y127.876 E597.61812
G1 X136.218 Y127.156 E597.65151
G1 X136.083 Y126.434 E597.68205
M204 S5000
M205 X30 Y30
G0 F7200 X135.693 Y114.751
G0 X135.693 Y95.751
G0 X137.394 Y90.725
M204 S3000
M205 X20 Y20
G1 F1500 X137.528 Y90.859 E597.68993
M204 S5000
M205 X30 Y30
G0 F7200 X136.687 Y90.725
M204 S3000
M205 X20 Y20
G1 F1500 X137.672 Y91.71 E597.74784
G1 X137.76 Y91.798
M204 S5000
M205 X30 Y30
G0 F7200 X137.658 Y93.11
M204 S3000
M205 X20 Y20
G1 F1500 X135.273 Y90.725 E597.88807
M204 S5000
M205 X30 Y30
G0 F7200 X135.98 Y90.725
M204 S3000
M205 X20 Y20
G1 F1500 X138.507 Y93.252 E598.03665
G1 X138.595 Y93.34
M204 S5000
M205 X30 Y30
G0 F7200 X137.066 Y93.226
M204 S3000
M205 X20 Y20
G1 F1500 X134.565 Y90.725 E598.1837
M204 S5000
M205 X30 Y30
G0 F7200 X133.858 Y90.725
M204 S3000
M205 X20 Y20
G1 F1500 X136.562 Y93.428 E598.34265
M204 S5000
M205 X30 Y30
G0 F7200 X136.128 Y93.702
M204 S3000
M205 X20 Y20
G1 F1500 X133.151 Y90.725 E598.51769
M204 S5000
M205 X30 Y30
G0 F7200 X132.444 Y90.725
M204 S3000
M205 X20 Y20
G1 F1500 X135.759 Y94.04 E598.7126
M204 S5000
M205 X30 Y30
G0 F7200 X135.48 Y94.468
M204 S3000
M205 X20 Y20
G1 F1500 X131.737 Y90.725 E598.93267
M204 S5000
M205 X30 Y30
G0 F7200 X131.03 Y90.725
M204 S3000
M205 X20 Y20
G1 F1500 X135.239 Y94.934 E599.18014
M204 S5000
M205 X30 Y30
G0 F7200 X135.14 Y95.542
M204 S3000
M205 X20 Y20
G1 F1500 X130.323 Y90.725 E599.46337
M204 S5000
M205 X30 Y30
G0 F7200 X129.616 Y90.725
M204 S3000
M205 X20 Y20
G1 F1500 X135.199 Y96.308 E599.79162
G1 X135.287 Y96.396
M204 S5000
M205 X30 Y30
G0 F7200 X137.187 Y98.297
M204 S3000
M205 X20 Y20
G1 F1500 X138.964 Y100.073 E599.89608
M204 S5000
M205 X30 Y30
G0 F7200 X138.328 Y100.144
M204 S3000
M205 X20 Y20
G1 F1500 X128.909 Y90.725 E600.44988
M204 S5000
M205 X30 Y30
G0 F7200 X128.201 Y90.725
M204 S3000
M205 X20 Y20
G1 F1500 X137.797 Y100.32 E601.01406
M204 S5000
M205 X30 Y30
G0 F7200 X137.331 Y100.561
M204 S3000
M205 X20 Y20
G1 F1500 X127.494 Y90.725 E601.5924
M204 S5000
M205 X30 Y30
G0 F7200 X126.787 Y90.725
M204 S3000
M205 X20 Y20
G1 F1500 X136.925 Y100.863 E602.18848
M204 S5000
M205 X30 Y30
G0 F7200 X136.562 Y101.207
M204 S3000
M205 X20 Y20
G1 F1500 X126.08 Y90.725 E602.80478
M204 S5000
M205 X30 Y30
G0 F7200 X125.373 Y90.725
M204 S3000
M205 X20 Y20
G1 F1500 X136.283 Y101.635 E603.44625
M204 S5000
M205 X30 Y30
G0 F7200 X136.033 Y102.092
M204 S3000
M205 X20 Y20
G1 F1500 X124.666 Y90.725 E604.11458
M204 S5000
M205 X30 Y30
G0 F7200 X123.959 Y90.725
M204 S3000
M205 X20 Y20
G1 F1500 X135.899 Y102.665 E604.81661
M204 S5000
M205 X30 Y30
G0 F7200 X135.831 Y103.304
M204 S3000
M205 X20 Y20
G1 F1500 X123.252 Y90.725 E605.55621
M204 S5000
M205 X30 Y30
G0 F7200 X122.545 Y90.725
M204 S3000
M205 X20 Y20
G1 F1500 X135.958 Y104.139 E606.34487
G1 X136.046 Y104.227
M204 S5000
M205 X30 Y30
G0 F7200 X138.091 Y106.271
M204 S3000
M205 X20 Y20
G1 F1500 X142.524 Y110.704 E606.60551
M204 S5000
M205 X30 Y30
G0 F7200 X142.524 Y111.411
M204 S3000
M205 X20 Y20
G1 F1500 X121.838 Y90.725 E607.82177
M204 S5000
M205 X30 Y30
G0 F7200 X121.13 Y90.725
M204 S3000
M205 X20 Y20
G1 F1500 X142.524 Y112.118 E609.07963
M204 S5000
M205 X30 Y30
G0 F7200 X142.524 Y112.825
M204 S3000
M205 X20 Y20
G1 F1500 X120.423 Y90.725 E610.37905
M204 S5000
M205 X30 Y30
G0 F7200 X119.716 Y90.725
M204 S3000
M205 X20 Y20
G1 F1500 X142.524 Y113.533 E611.72007
M204 S5000
M205 X30 Y30
G0 F7200 X142.524 Y114.24
M204 S3000
M205 X20 Y20
G1 F1500 X119.009 Y90.725 E613.10267
M204 S5000
M205 X30 Y30
G0 F7200 X118.302 Y90.725
M204 S3000
M205 X20 Y20
G1 F1500 X142.524 Y114.947 E614.52683
M204 S5000
M205 X30 Y30
G0 F7200 X142.524 Y115.654
M204 S3000
M205 X20 Y20
G1 F1500 X117.595 Y90.725 E615.99256
M204 S5000
M205 X30 Y30
G0 F7200 X116.888 Y90.725
M204 S3000
M205 X20 Y20
G1 F1500 X138.372 Y112.209 E617.25573
M204 S5000
M205 X30 Y30
G0 F7200 X137.589 Y112.133
M204 S3000
M205 X20 Y20
G1 F1500 X116.181 Y90.725 E618.51444
M204 S5000
M205 X30 Y30
G0 F7200 X115.474 Y90.725
M204 S3000
M205 X20 Y20
G1 F1500 X136.984 Y112.236 E619.77918
M204 S5000
M205 X30 Y30
G0 F7200 X136.502 Y112.461
M204 S3000
M205 X20 Y20
G1 F1500 X114.766 Y90.725 E621.05717
M204 S5000
M205 X30 Y30
G0 F7200 X114.059 Y90.725
M204 S3000
M205 X20 Y20
G1 F1500 X136.063 Y112.729 E622.35092
M204 S5000
M205 X30 Y30
G0 F7200 X135.723 Y113.096
M204 S3000
M205 X20 Y20
G1 F1500 X113.352 Y90.725 E623.66625
M204 S5000
M205 X30 Y30
G0 F7200 X112.645 Y90.725
M204 S3000
M205 X20 Y20
G1 F1500 X135.447 Y113.527 E625.00692
M204 S5000
M205 X30 Y30
G0 F7200 X135.231 Y114.018
M204 S3000
M205 X20 Y20
G1 F1500 X111.938 Y90.725 E626.37646
M204 S5000
M205 X30 Y30
G0 F7200 X111.231 Y90.725
M204 S3000
M205 X20 Y20
G1 F1500 X135.123 Y114.617 E627.78122
M204 S5000
M205 X30 Y30
G0 F7200 X135.224 Y115.425
M204 S3000
M205 X20 Y20
G1 F1500 X110.524 Y90.725 E629.23348
M204 S5000
M205 X30 Y30
G0 F7200 X109.816 Y90.724
M204 S3000
M205 X20 Y20
G1 F1500 X142.524 Y123.432 E631.15659
M204 S5000
M205 X30 Y30
G0 F7200 X142.524 Y124.139
M204 S3000
M205 X20 Y20
G1 F1500 X109.109 Y90.724 E633.12126
M204 S5000
M205 X30 Y30
G0 F7200 X108.402 Y90.724
M204 S3000
M205 X20 Y20
G1 F1500 X142.524 Y124.846 E635.1275
M204 S5000
M205 X30 Y30
G0 F7200 X141.851 Y124.88
M204 S3000
M205 X20 Y20
G1 F1500 X142.513 Y125.542 E635.16643
M204 S5000
M205 X30 Y30
G0 F7200 X142.158 Y125.895
M204 S3000
M205 X20 Y20
G1 F1500 X142.407 Y126.143 E635.18104
M204 S5000
M205 X30 Y30
G0 F7200 X142.153 Y126.596
M204 S3000
M205 X20 Y20
G1 F1500 X142.25 Y126.694 E635.18677
M204 S5000
M205 X30 Y30
G0 F7200 X140.355 Y123.385
M204 S3000
M205 X20 Y20
G1 F1500 X107.695 Y90.724 E637.10708
M204 S5000
M205 X30 Y30
G0 F7200 X106.988 Y90.724
M204 S3000
M205 X20 Y20
G1 F1500 X139.377 Y123.114 E639.01146
M204 S5000
M205 X30 Y30
G0 F7200 X138.659 Y123.103
M204 S3000
M205 X20 Y20
G1 F1500 X106.28 Y90.724 E640.91522
M204 S5000
M205 X30 Y30
G0 F7200 X105.573 Y90.724
M204 S3000
M205 X20 Y20
G1 F1500 X138.077 Y123.228 E642.82633
M204 S5000
M205 X30 Y30
G0 F7200 X137.56 Y123.418
M204 S3000
M205 X20 Y20
G1 F1500 X104.866 Y90.724 E644.74862
M204 S5000
M205 X30 Y30
G0 F7200 X104.159 Y90.724
M204 S3000
M205 X20 Y20
G1 F1500 X137.122 Y123.687 E646.68671
M204 S5000
M205 X30 Y30
G0 F7200 X136.755 Y124.027
M204 S3000
M205 X20 Y20
G1 F1500 X103.452 Y90.724 E648.6448
M204 S5000
M205 X30 Y30
G0 F7200 X102.745 Y90.724
M204 S3000
M205 X20 Y20
G1 F1500 X136.417 Y124.397 E650.62462
M204 S5000
M205 X30 Y30
G0 F7200 X136.161 Y124.848
M204 S3000
M205 X20 Y20
G1 F1500 X102.038 Y90.724 E652.63095
M204 S5000
M205 X30 Y30
G0 F7200 X101.331 Y90.724
M204 S3000
M205 X20 Y20
G1 F1500 X135.964 Y125.358 E654.66726
M204 S5000
M205 X30 Y30
G0 F7200 X135.854 Y125.954
M204 S3000
M205 X20 Y20
G1 F1500 X100.624 Y90.724 E656.73865
M204 S5000
M205 X30 Y30
G0 F7200 X99.917 Y90.724
M204 S3000
M205 X20 Y20
G1 F1500 X135.873 Y126.681 E658.85276
G1 X135.961 Y126.769
M204 S5000
M205 X30 Y30
G0 F7200 X136.229 Y127.743
M204 S3000
M205 X20 Y20
G1 F1500 X99.209 Y90.724 E661.02936
M204 S5000
M205 X30 Y30
G0 F7200 X98.502 Y90.724
M204 S3000
M205 X20 Y20
G1 F1500 X137.052 Y129.273 E663.29593
M204 S5000
M205 X30 Y30
G0 F7200 X137.534 Y129.049
M204 S3000
M205 X20 Y20
G1 F1500 X137.759 Y129.274 E663.30915
M204 S5000
M205 X30 Y30
G0 F7200 X136.345 Y129.273
M204 S3000
M205 X20 Y20
G1 F1500 X97.795 Y90.724 E665.57572
M204 S5000
M205 X30 Y30
G0 F7200 X97.088 Y90.724
M204 S3000
M205 X20 Y20
G1 F1500 X135.637 Y129.273 E667.84225
M204 S5000
M205 X30 Y30
G0 F7200 X134.93 Y129.273
M204 S3000
M205 X20 Y20
G1 F1500 X96.381 Y90.724 E670.10878
M204 S5000
M205 X30 Y30
G0 F7200 X95.674 Y90.724
M204 S3000
M205 X20 Y20
G1 F1500 X134.223 Y129.273 E672.37532
M204 S5000
M205 X30 Y30
G0 F7200 X133.516 Y129.273
M204 S3000
M205 X20 Y20
G1 F1500 X94.967 Y90.724 E674.64185
M204 S5000
M205 X30 Y30
G0 F7200 X94.26 Y90.724
M204 S3000
M205 X20 Y20
G1 F1500 X132.809 Y129.273 E676.90838
M204 S5000
M205 X30 Y30
G0 F7200 X132.102 Y129.273
M204 S3000
M205 X20 Y20
G1 F1500 X93.553 Y90.724 E679.17492
M204 S5000
M205 X30 Y30
G0 F7200 X92.845 Y90.724
M204 S3000
M205 X20 Y20
G1 F1500 X131.395 Y129.273 E681.44148
M204 S5000
M205 X30 Y30
G0 F7200 X130.688 Y129.273
M204 S3000
M205 X20 Y20
G1 F1500 X92.138 Y90.724 E683.70804
M204 S5000
M205 X30 Y30
G0 F7200 X91.431 Y90.724
M204 S3000
M205 X20 Y20
G1 F1500 X129.981 Y129.273 E685.97461
M204 S5000
M205 X30 Y30
G0 F7200 X129.273 Y129.273
M204 S3000
M205 X20 Y20
G1 F1500 X90.724 Y90.724 E688.24114
M204 S5000
M205 X30 Y30
G0 F7200 X90.017 Y90.724
M204 S3000
M205 X20 Y20
G1 F1500 X128.566 Y129.273 E690.50767
M204 S5000
M205 X30 Y30
G0 F7200 X127.859 Y129.273
M204 S3000
M205 X20 Y20
G1 F1500 X89.31 Y90.724 E692.77421
M204 S5000
M205 X30 Y30
G0 F7200 X88.603 Y90.724
M204 S3000
M205 X20 Y20
G1 F1500 X127.152 Y129.273 E695.04074
M204 S5000
M205 X30 Y30
G0 F7200 X126.445 Y129.273
M204 S3000
M205 X20 Y20
G1 F1500 X87.896 Y90.724 E697.30727
M204 S5000
M205 X30 Y30
G0 F7200 X87.189 Y90.724
M204 S3000
M205 X20 Y20
G1 F1500 X125.738 Y129.273 E699.57381
M204 S5000
M205 X30 Y30
G0 F7200 X125.031 Y129.273
M204 S3000
M205 X20 Y20
G1 F1500 X86.481 Y90.724 E701.84037
M204 S5000
M205 X30 Y30
G0 F7200 X85.774 Y90.724
M204 S3000
M205 X20 Y20
G1 F1500 X124.324 Y129.273 E704.10693
M204 S5000
M205 X30 Y30
G0 F7200 X123.617 Y129.273
M204 S3000
M205 X20 Y20
G1 F1500 X85.067 Y90.724 E706.3735
M204 S5000
M205 X30 Y30
G0 F7200 X84.36 Y90.724
M204 S3000
M205 X20 Y20
G1 F1500 X122.91 Y129.273 E708.64006
M204 S5000
M205 X30 Y30
G0 F7200 X122.202 Y129.273
M204 S3000
M205 X20 Y20
G1 F1500 X83.653 Y90.724 E710.90659
M204 S5000
M205 X30 Y30
G0 F7200 X82.946 Y90.724
M204 S3000
M205 X20 Y20
G1 F1500 X121.495 Y129.273 E713.17313
M204 S5000
M205 X30 Y30
G0 F7200 X120.788 Y129.273
M204 S3000
M205 X20 Y20
G1 F1500 X82.467 Y90.953 E715.42622
M204 S5000
M205 X30 Y30
G0 F7200 X82.36 Y91.553
M204 S3000
M205 X20 Y20
G1 F1500 X120.081 Y129.273 E717.64405
M204 S5000
M205 X30 Y30
G0 F7200 X119.374 Y129.273
M204 S3000
M205 X20 Y20
G1 F1500 X84.463 Y94.363 E719.69665
G1 X84.375 Y94.275
M204 S5000
M205 X30 Y30
G0 F7200 X83.674 Y93.573
M204 S3000
M205 X20 Y20
G1 F1500 X82.194 Y92.094 E719.78364
M204 S5000
M205 X30 Y30
G0 F7200 X81.952 Y92.559
M204 S3000
M205 X20 Y20
G1 F1500 X82.554 Y93.16 E719.819
M204 S5000
M205 X30 Y30
G0 F7200 X81.858 Y93.172
M204 S3000
M205 X20 Y20
G1 F1500 X81.65 Y92.964 E719.83123
M204 S5000
M205 X30 Y30
G0 F7200 X80.12 Y94.262
M204 S3000
M205 X20 Y20
G1 F1500 X79.961 Y94.103 E719.84058
M204 S5000
M205 X30 Y30
G0 F7200 X79.496 Y94.345
M204 S3000
M205 X20 Y20
G1 F1500 X79.849 Y94.698 E719.86134
M204 S5000
M205 X30 Y30
G0 F7200 X79.696 Y95.252
M204 S3000
M205 X20 Y20
G1 F1500 X79.068 Y94.625 E719.89823
M204 S5000
M205 X30 Y30
G0 F7200 X78.685 Y94.948
M204 S3000
M205 X20 Y20
G1 F1500 X79.63 Y95.894 E719.95382
M204 S5000
M205 X30 Y30
G0 F7200 X79.866 Y96.836
M204 S3000
M205 X20 Y20
G1 F1500 X78.353 Y95.324 E720.04275
M204 S5000
M205 X30 Y30
G0 F7200 X78.066 Y95.743
M204 S3000
M205 X20 Y20
G1 F1500 X111.596 Y129.273 E722.01419
M204 S5000
M205 X30 Y30
G0 F7200 X110.889 Y129.273
M204 S3000
M205 X20 Y20
G1 F1500 X84.055 Y102.44 E723.59189
M204 S5000
M205 X30 Y30
G0 F7200 X84.169 Y103.26
M204 S3000
M205 X20 Y20
G1 F1500 X110.182 Y129.273 E725.12136
M204 S5000
M205 X30 Y30
G0 F7200 X109.474 Y129.273
M204 S3000
M205 X20 Y20
G1 F1500 X84.094 Y103.893 E726.61361
M204 S5000
M205 X30 Y30
G0 F7200 X83.947 Y104.453
M204 S3000
M205 X20 Y20
G1 F1500 X108.767 Y129.273 E728.07293
M204 S5000
M205 X30 Y30
G0 F7200 X108.06 Y129.273
M204 S3000
M205 X20 Y20
G1 F1500 X83.691 Y104.904 E729.50573
M204 S5000
M205 X30 Y30
G0 F7200 X83.4 Y105.32
M204 S3000
M205 X20 Y20
G1 F1500 X107.352 Y129.273 E730.91405
M204 S5000
M205 X30 Y30
G0 F7200 X106.645 Y129.273
M204 S3000
M205 X20 Y20
G1 F1500 X83.044 Y105.671 E732.30172
M204 S5000
M205 X30 Y30
G0 F7200 X82.631 Y105.965
M204 S3000
M205 X20 Y20
G1 F1500 X105.938 Y129.273 E733.67212
M204 S5000
M205 X30 Y30
G0 F7200 X105.231 Y129.273
M204 S3000
M205 X20 Y20
G1 F1500 X82.152 Y106.194 E735.02907
M204 S5000
M205 X30 Y30
G0 F7200 X81.617 Y106.365
M204 S3000
M205 X20 Y20
G1 F1500 X104.524 Y129.273 E736.37595
M204 S5000
M205 X30 Y30
G0 F7200 X103.817 Y129.273
M204 S3000
M205 X20 Y20
G1 F1500 X80.96 Y106.416 E737.71985
M204 S5000
M205 X30 Y30
G0 F7200 X80.131 Y106.294
M204 S3000
M205 X20 Y20
G1 F1500 X103.11 Y129.273 E739.07093
M204 S5000
M205 X30 Y30
G0 F7200 X102.403 Y129.273
M204 S3000
M205 X20 Y20
G1 F1500 X77.501 Y104.371 E740.53507
M204 S5000
M205 X30 Y30
G0 F7200 X77.737 Y103.9
M204 S3000
M205 X20 Y20
G1 F1500 X77.653 Y103.816 E740.54001
M204 S5000
M205 X30 Y30
G0 F7200 X77.474 Y105.052
M204 S3000
M205 X20 Y20
G1 F1500 X101.696 Y129.273 E741.96414
M204 S5000
M205 X30 Y30
G0 F7200 X100.988 Y129.273
M204 S3000
M205 X20 Y20
G1 F1500 X77.474 Y105.759 E743.34667
M204 S5000
M205 X30 Y30
G0 F7200 X77.474 Y106.466
M204 S3000
M205 X20 Y20
G1 F1500 X83.416 Y112.408 E743.69604
G1 X83.504 Y112.496
M204 S5000
M205 X30 Y30
G0 F7200 X82.436 Y112.135
M204 S3000
M205 X20 Y20
G1 F1500 X77.474 Y107.173 E743.98779
M204 S5000
M205 X30 Y30
G0 F7200 X77.474 Y107.88
M204 S3000
M205 X20 Y20
G1 F1500 X81.781 Y112.186 E744.24099
M204 S5000
M205 X30 Y30
G0 F7200 X81.231 Y112.344
M204 S3000
M205 X20 Y20
G1 F1500 X77.474 Y108.587 E744.46189
M204 S5000
M205 X30 Y30
G0 F7200 X77.474 Y109.294
M204 S3000
M205 X20 Y20
G1 F1500 X80.772 Y112.591 E744.65577
M204 S5000
M205 X30 Y30
G0 F7200 X80.383 Y112.91
M204 S3000
M205 X20 Y20
G1 F1500 X77.474 Y110.001 E744.82681
M204 S5000
M205 X30 Y30
G0 F7200 X77.474 Y110.708
M204 S3000
M205 X20 Y20
G1 F1500 X80.081 Y113.315 E744.98009
M204 S5000
M205 X30 Y30
G0 F7200 X79.826 Y113.767
M204 S3000
M205 X20 Y20
G1 F1500 X77.474 Y111.415 E745.11838
M204 S5000
M205 X30 Y30
G0 F7200 X77.474 Y112.123
M204 S3000
M205 X20 Y20
G1 F1500 X79.68 Y114.328 E745.24805
M204 S5000
M205 X30 Y30
G0 F7200 X79.657 Y115.013
M204 S3000
M205 X20 Y20
G1 F1500 X77.474 Y112.83 E745.3764
M204 S5000
M205 X30 Y30
G0 F7200 X77.474 Y113.537
M204 S3000
M205 X20 Y20
G1 F1500 X79.998 Y116.06 E745.52478
G1 X80.086 Y116.148
M204 S5000
M205 X30 Y30
G0 F7200 X80.936 Y116.998
M204 S3000
M205 X20 Y20
G1 F1500 X93.21 Y129.273 E746.24647
M204 S5000
M205 X30 Y30
G0 F7200 X92.503 Y129.273
M204 S3000
M205 X20 Y20
G1 F1500 X77.474 Y114.244 E747.13012
M204 S5000
M205 X30 Y30
G0 F7200 X77.474 Y114.951
M204 S3000
M205 X20 Y20
G1 F1500 X91.796 Y129.273 E747.9722
M204 S5000
M205 X30 Y30
G0 F7200 X91.089 Y129.273
M204 S3000
M205 X20 Y20
G1 F1500 X77.474 Y115.658 E748.77271
M204 S5000
M205 X30 Y30
G0 F7200 X77.474 Y116.365
M204 S3000
M205 X20 Y20
G1 F1500 X90.382 Y129.273 E749.53165
M204 S5000
M205 X30 Y30
G0 F7200 X89.675 Y129.273
M204 S3000
M205 X20 Y20
G1 F1500 X77.474 Y117.072 E750.24902
M204 S5000
M205 X30 Y30
G0 F7200 X77.474 Y117.779
M204 S3000
M205 X20 Y20
G1 F1500 X88.968 Y129.273 E750.92482
M204 S5000
M205 X30 Y30
G0 F7200 X88.261 Y129.273
M204 S3000
M205 X20 Y20
G1 F1500 X83.833 Y124.845 E751.18517
G1 X83.745 Y124.757
M204 S5000
M205 X30 Y30
G0 F7200 X84.159 Y125.878
M204 S3000
M205 X20 Y20
G1 F1500 X87.553 Y129.273 E751.38476
M204 S5000
M205 X30 Y30
G0 F7200 X86.846 Y129.273
M204 S3000
M205 X20 Y20
G1 F1500 X84.147 Y126.574 E751.54345
M204 S5000
M205 X30 Y30
G0 F7200 X84.033 Y127.167
M204 S3000
M205 X20 Y20
G1 F1500 X86.139 Y129.273 E751.66727
M204 S5000
M205 X30 Y30
G0 F7200 X85.432 Y129.273
M204 S3000
M205 X20 Y20
G1 F1500 X83.814 Y127.654 E751.76243
M204 S5000
M205 X30 Y30
G0 F7200 X83.56 Y128.107
M204 S3000
M205 X20 Y20
G1 F1500 X84.725 Y129.273 E751.83096
M204 S5000
M205 X30 Y30
G0 F7200 X84.018 Y129.273
M204 S3000
M205 X20 Y20
G1 F1500 X83.232 Y128.486 E751.8772
M204 S5000
M205 X30 Y30
G0 F7200 X82.853 Y128.815
M204 S3000
M205 X20 Y20
G1 F1500 X83.311 Y129.273 E751.90413
M204 S5000
M205 X30 Y30
G0 F7200 X82.604 Y129.273
M204 S3000
M205 X20 Y20
G1 F1500 X82.433 Y129.102 E751.91419
M204 S5000
M205 X30 Y30
G0 F7200 X80.387 Y128.773
G0 X79.429 Y128.308
G0 X77.828 Y126.618
M204 S3000
M205 X20 Y20
G1 F1500 X77.675 Y126.466 E751.92315
M204 S5000
M205 X30 Y30
G0 F7200 X77.839 Y125.922
M204 S3000
M205 X20 Y20
G1 F1500 X77.489 Y125.572 E751.94373
M204 S5000
M205 X30 Y30
G0 F7200 X77.971 Y125.347
M204 S3000
M205 X20 Y20
G1 F1500 X77.474 Y124.851 E751.97292
M204 S5000
M205 X30 Y30
G0 F7200 X78.164 Y124.833
M204 S3000
M205 X20 Y20
G1 F1500 X77.474 Y124.143 E752.01349
M204 S5000
M205 X30 Y30
G0 F7200 X77.474 Y123.436
M204 S3000
M205 X20 Y20
G1 F1500 X78.442 Y124.404 E752.07041
M204 S5000
M205 X30 Y30
G0 F7200 X78.755 Y124.01
M204 S3000
M205 X20 Y20
G1 F1500 X77.474 Y122.729 E752.14572
M204 S5000
M205 X30 Y30
G0 F7200 X77.474 Y122.022
M204 S3000
M205 X20 Y20
G1 F1500 X79.138 Y123.686 E752.24356
M204 S5000
M205 X30 Y30
G0 F7200 X79.586 Y123.427
M204 S3000
M205 X20 Y20
G1 F1500 X77.474 Y121.315 E752.36774
M204 S5000
M205 X30 Y30
G0 F7200 X77.474 Y120.608
M204 S3000
M205 X20 Y20
G1 F1500 X80.089 Y123.222 E752.52146
M204 S5000
M205 X30 Y30
G0 F7200 X80.678 Y123.105
M204 S3000
M205 X20 Y20
G1 F1500 X77.474 Y119.901 E752.70984
M204 S5000
M205 X30 Y30
G0 F7200 X77.474 Y119.194
M204 S3000
M205 X20 Y20
G1 F1500 X81.388 Y123.107 E752.93994
G1 X81.476 Y123.195
M204 S5000
M205 X30 Y30
G0 F7200 X82.363 Y123.375
M204 S3000
M205 X20 Y20
G1 F1500 X77.474 Y118.487 E753.22737
G1 X77.386 Y118.399
M204 S5000
M205 X30 Y30
G0 F7200 X81.996 Y117.352
M204 S3000
M205 X20 Y20
G1 F1500 X93.917 Y129.273 E753.92828
M204 S5000
M205 X30 Y30
G0 F7200 X94.625 Y129.273
M204 S3000
M205 X20 Y20
G1 F1500 X82.672 Y117.321 E754.63104
M204 S5000
M205 X30 Y30
G0 F7200 X83.25 Y117.191
M204 S3000
M205 X20 Y20
G1 F1500 X95.332 Y129.273 E755.34141
M204 S5000
M205 X30 Y30
G0 F7200 X96.039 Y129.273
M204 S3000
M205 X20 Y20
G1 F1500 X83.693 Y116.927 E756.06731
M204 S5000
M205 X30 Y30
G0 F7200 X84.09 Y116.617
M204 S3000
M205 X20 Y20
G1 F1500 X96.746 Y129.273 E756.81144
M204 S5000
M205 X30 Y30
G0 F7200 X97.453 Y129.273
M204 S3000
M205 X20 Y20
G1 F1500 X84.405 Y116.225 E757.57861
M204 S5000
M205 X30 Y30
G0 F7200 X84.653 Y115.766
M204 S3000
M205 X20 Y20
G1 F1500 X98.16 Y129.273 E758.37277
M204 S5000
M205 X30 Y30
G0 F7200 X98.867 Y129.273
M204 S3000
M205 X20 Y20
G1 F1500 X84.814 Y115.22 E759.19903
M204 S5000
M205 X30 Y30
G0 F7200 X84.843 Y114.542
M204 S3000
M205 X20 Y20
G1 F1500 X99.574 Y129.273 E760.06516
M204 S5000
M205 X30 Y30
G0 F7200 X100.281 Y129.273
M204 S3000
M205 X20 Y20
G1 F1500 X84.577 Y113.569 E760.98849
G1 X84.489 Y113.481
M204 S5000
M205 X30 Y30
G0 F7200 X78.644 Y104.353
G0 X77.758 Y102.507
M204 S3000
M205 X20 Y20
G1 F1500 X77.577 Y102.326 E760.99913
M204 S5000
M205 X30 Y30
G0 F7200 X78.049 Y102.09
M204 S3000
M205 X20 Y20
G1 F1500 X77.476 Y101.517 E761.03282
M204 S5000
M205 X30 Y30
G0 F7200 X77.476 Y100.81
M204 S3000
M205 X20 Y20
G1 F1500 X78.288 Y101.623 E761.0806
M204 S5000
M205 X30 Y30
G0 F7200 X78.581 Y101.208
M204 S3000
M205 X20 Y20
G1 F1500 X77.476 Y100.103 E761.14557
M204 S5000
M205 X30 Y30
G0 F7200 X77.476 Y99.396
M204 S3000
M205 X20 Y20
G1 F1500 X78.932 Y100.852 E761.23117
M204 S5000
M205 X30 Y30
G0 F7200 X79.346 Y100.559
M204 S3000
M205 X20 Y20
G1 F1500 X77.476 Y98.689 E761.34112
M204 S5000
M205 X30 Y30
G0 F7200 X77.476 Y97.982
M204 S3000
M205 X20 Y20
G1 F1500 X79.8 Y100.306 E761.47776
M204 S5000
M205 X30 Y30
G0 F7200 X80.347 Y100.146
M204 S3000
M205 X20 Y20
G1 F1500 X77.521 Y97.32 E761.64392
M204 S5000
M205 X30 Y30
G0 F7200 X77.629 Y96.721
M204 S3000
M205 X20 Y20
G1 F1500 X80.979 Y100.071 E761.84089
M204 S5000
M205 X30 Y30
G0 F7200 X81.791 Y100.176
M204 S3000
M205 X20 Y20
G1 F1500 X77.823 Y96.208 E762.07419
G1 X77.735 Y96.12
M204 S5000
M205 X30 Y30
G0 F7200 X81.167 Y98.137
M204 S3000
M205 X20 Y20
G1 F1500 X112.303 Y129.273 E763.90487
M204 S5000
M205 X30 Y30
G0 F7200 X113.01 Y129.273
M204 S3000
M205 X20 Y20
G1 F1500 X82.107 Y98.37 E765.72185
M204 S5000
M205 X30 Y30
G0 F7200 X82.751 Y98.308
M204 S3000
M205 X20 Y20
G1 F1500 X113.717 Y129.273 E767.5425
M204 S5000
M205 X30 Y30
G0 F7200 X114.424 Y129.273
M204 S3000
M205 X20 Y20
G1 F1500 X83.302 Y98.151 E769.37235
M204 S5000
M205 X30 Y30
G0 F7200 X83.754 Y97.896
M204 S3000
M205 X20 Y20
G1 F1500 X115.131 Y129.273 E771.2172
M204 S5000
M205 X30 Y30
G0 F7200 X115.838 Y129.273
M204 S3000
M205 X20 Y20
G1 F1500 X84.13 Y97.565 E773.08151
M204 S5000
M205 X30 Y30
G0 F7200 X84.449 Y97.177
M204 S3000
M205 X20 Y20
G1 F1500 X116.546 Y129.273 E774.96866
M204 S5000
M205 X30 Y30
G0 F7200 X117.253 Y129.273
M204 S3000
M205 X20 Y20
G1 F1500 X84.69 Y96.71 E776.88324
M204 S5000
M205 X30 Y30
G0 F7200 X84.824 Y96.138
M204 S3000
M205 X20 Y20
G1 F1500 X117.96 Y129.273 E778.83148
M204 S5000
M205 X30 Y30
G0 F7200 X118.667 Y129.273
M204 S3000
M205 X20 Y20
G1 F1500 X84.844 Y95.45 E780.82015
G1 X84.756 Y95.362
M204 S5000
M205 X30 Y30
G0 F7200 X137.959 Y98.361
M204 S3000
M205 X20 Y20
G1 F1500 X139.771 Y100.173 E780.92668
G1 X139.859 Y100.261
M204 S5000
M205 X30 Y30
G0 F7200 X138.551 Y98.246
M204 S3000
M205 X20 Y20
G1 F1500 X142.44 Y102.135 E781.15534
M204 S5000
M205 X30 Y30
G0 F7200 X142.524 Y101.512
M204 S3000
M205 X20 Y20
G1 F1500 X139.027 Y98.014 E781.36098
M204 S5000
M205 X30 Y30
G0 F7200 X139.454 Y97.734
M204 S3000
M205 X20 Y20
G1 F1500 X142.524 Y100.805 E781.54152
M204 S5000
M205 X30 Y30
G0 F7200 X142.524 Y100.098
M204 S3000
M205 X20 Y20
G1 F1500 X139.79 Y97.364 E781.70226
M204 S5000
M205 X30 Y30
G0 F7200 X140.074 Y96.94
M204 S3000
M205 X20 Y20
G1 F1500 X142.524 Y99.39 E781.84631
M204 S5000
M205 X30 Y30
G0 F7200 X142.524 Y98.683
M204 S3000
M205 X20 Y20
G1 F1500 X140.28 Y96.44 E781.97822
M204 S5000
M205 X30 Y30
G0 F7200 X140.377 Y95.829
M204 S3000
M205 X20 Y20
G1 F1500 X142.524 Y97.976 E782.10446
M204 S5000
M205 X30 Y30
G0 F7200 X142.462 Y97.208
M204 S3000
M205 X20 Y20
G1 F1500 X140.266 Y95.011 E782.23361
M204 S5000
M205 X30 Y30
G0 F7200 X140.089 Y94.127
M204 S3000
M205 X20 Y20
G1 F1500 X142.176 Y96.214 E782.35631
G1 X142.264 Y96.302
M204 S5000
M205 X30 Y30
G0 F7200 X142.192 Y104.009
M204 S3000
M205 X20 Y20
G1 F1500 X142.475 Y104.291 E782.37292
M204 S5000
M205 X30 Y30
G0 F7200 X141.928 Y104.451
M204 S3000
M205 X20 Y20
G1 F1500 X142.524 Y105.047 E782.40797
M204 S5000
M205 X30 Y30
G0 F7200 X142.524 Y105.754
M204 S3000
M205 X20 Y20
G1 F1500 X141.684 Y104.914 E782.45735
M204 S5000
M205 X30 Y30
G0 F7200 X141.389 Y105.327
M204 S3000
M205 X20 Y20
G1 F1500 X142.524 Y106.461 E782.52406
M204 S5000
M205 X30 Y30
G0 F7200 X142.524 Y107.169
M204 S3000
M205 X20 Y20
G1 F1500 X141.028 Y105.672 E782.61205
M204 S5000
M205 X30 Y30
G0 F7200 X140.619 Y105.971
M204 S3000
M205 X20 Y20
G1 F1500 X142.524 Y107.876 E782.72405
M204 S5000
M205 X30 Y30
G0 F7200 X142.524 Y108.583
M204 S3000
M205 X20 Y20
G1 F1500 X140.126 Y106.185 E782.86505
M204 S5000
M205 X30 Y30
G0 F7200 X139.598 Y106.364
M204 S3000
M205 X20 Y20
G1 F1500 X142.524 Y109.29 E783.03708
M204 S5000
M205 X30 Y30
G0 F7200 X142.524 Y109.997
M204 S3000
M205 X20 Y20
G1 F1500 X138.942 Y106.416 E783.24766
G1 X138.854 Y106.328
M204 S5000
M205 X30 Y30
G0 F7200 X140.29 Y114.127
M204 S3000
M205 X20 Y20
G1 F1500 X142.524 Y116.361 E783.37901
M204 S5000
M205 X30 Y30
G0 F7200 X142.524 Y117.068
M204 S3000
M205 X20 Y20
G1 F1500 X140.357 Y114.901 E783.50642
M204 S5000
M205 X30 Y30
G0 F7200 X140.253 Y115.504
M204 S3000
M205 X20 Y20
G1 F1500 X142.524 Y117.775 E783.63995
M204 S5000
M205 X30 Y30
G0 F7200 X142.524 Y118.482
M204 S3000
M205 X20 Y20
G1 F1500 X140.037 Y115.995 E783.78618
M204 S5000
M205 X30 Y30
G0 F7200 X139.753 Y116.419
M204 S3000
M205 X20 Y20
G1 F1500 X142.524 Y119.189 E783.94907
M204 S5000
M205 X30 Y30
G0 F7200 X142.524 Y119.897
M204 S3000
M205 X20 Y20
G1 F1500 X139.401 Y116.773 E784.13272
M204 S5000
M205 X30 Y30
G0 F7200 X138.968 Y117.048
M204 S3000
M205 X20 Y20
G1 F1500 X142.524 Y120.604 E784.3418
M204 S5000
M205 X30 Y30
G0 F7200 X142.524 Y121.311
M204 S3000
M205 X20 Y20
G1 F1500 X138.476 Y117.263 E784.57981
M204 S5000
M205 X30 Y30
G0 F7200 X137.882 Y117.376
M204 S3000
M205 X20 Y20
G1 F1500 X142.524 Y122.018 E784.85274
M204 S5000
M205 X30 Y30
G0 F7200 X142.524 Y122.725
M204 S3000
M205 X20 Y20
G1 F1500 X137.08 Y117.281 E785.17283
G1 X136.992 Y117.193
M204 S5000
M205 X30 Y30
;MESH:NONMESH
G0 F600 X136.992 Y117.193 Z0.9
G0 F7200 X80.957 Y92.962
G0 X80.81 Y92.829
;TIME_ELAPSED:684.500118
;LAYER:3
M204 S3000
M205 X20 Y20
;TYPE:WALL-INNER
;MESH:Pi Holder.stl
G1 F4020 X80.223 Y93.214 E785.20201
G1 X79.398 Y93.551 E785.23906
G1 X78.704 Y93.983 E785.27305
G1 X78.18 Y94.427 E785.3016
G1 X77.61 Y95.07 E785.33733
G1 X77.194 Y95.823 E785.37309
G1 X76.888 Y96.633 E785.40909
G1 X76.751 Y97.576 E785.44871
G1 X76.75 Y125.486 E786.60907
G1 X76.802 Y125.943 E786.62819
G1 X77.002 Y126.817 E786.66547
G1 X77.39 Y127.625 E786.70274
G1 X77.893 Y128.361 E786.7398
G1 X78.538 Y128.96 E786.77639
G1 X79.125 Y129.36 E786.80593
G1 X79.928 Y129.746 E786.84297
G1 X80.806 Y129.948 E786.88042
G1 X81.266 Y130 E786.89967
G1 X138.734 Y130 E789.28891
G1 X139.194 Y129.948 E789.30816
G1 X140.072 Y129.746 E789.34562
G1 X140.875 Y129.36 E789.38266
G1 X141.616 Y128.853 E789.41999
G1 X142.212 Y128.21 E789.45644
G1 X142.61 Y127.625 E789.48585
G1 X142.996 Y126.821 E789.52293
G1 X143.198 Y125.944 E789.56035
G1 X143.25 Y125.485 E789.57955
G1 X143.25 Y97.572 E790.74004
G1 X143.112 Y96.634 E790.77946
G1 X142.806 Y95.823 E790.8155
G1 X142.387 Y95.068 E790.85139
G1 X141.819 Y94.426 E790.88703
G1 X141.296 Y93.984 E790.9155
G1 X140.6 Y93.55 E790.9496
G1 X139.736 Y93.196 E790.98842
G1 X139.185 Y92.824 E791.01606
G1 X138.734 Y92.318 E791.04424
G1 X138.419 Y91.713 E791.0726
G1 X138.25 Y91.011 E791.10262
G1 X138.25 Y90 E791.14465
G1 X81.75 Y90 E793.49365
G1 X81.75 Y91.005 E793.53543
G1 X81.58 Y91.718 E793.56591
G1 X81.267 Y92.316 E793.59397
G1 X80.81 Y92.829 E793.62253
M204 S5000
M205 X30 Y30
G0 F7200 X80.921 Y92.993
G0 X80.241 Y95.13
G0 X80.44 Y95.165
M204 S3000
M205 X20 Y20
G1 F4020 X80.708 Y94.645 E793.64685
G1 X81.095 Y94.239 E793.67017
G1 X81.635 Y93.949 E793.69566
G1 X82.258 Y93.847 E793.7219
G1 X82.835 Y93.941 E793.74621
G1 X83.354 Y94.208 E793.77047
G1 X83.738 Y94.546 E793.79174
G1 X84.041 Y95.105 E793.81818
G1 X84.16 Y95.755 E793.84565
G1 X84.062 Y96.327 E793.86978
G1 X83.846 Y96.781 E793.89068
G1 X83.48 Y97.204 E793.91393
G1 X82.928 Y97.54 E793.9408
G1 X82.262 Y97.663 E793.96896
G1 X81.598 Y97.55 E793.99696
G1 X81.017 Y97.213 E794.02489
G1 X80.606 Y96.707 E794.05199
G1 X80.461 Y96.399 E794.06614
G1 X80.357 Y95.879 E794.08819
G1 X80.358 Y95.619 E794.099
G1 X80.44 Y95.165 E794.11818
M204 S5000
M205 X30 Y30
G0 F7200 X80.241 Y95.13
G0 X78.365 Y103.001
G0 X78.565 Y103.001
M204 S3000
M205 X20 Y20
G1 F4020 X78.596 Y102.784 E794.12729
G1 X78.83 Y102.115 E794.15676
G1 X79.202 Y101.582 E794.18378
G1 X79.526 Y101.295 E794.20178
G1 X80.048 Y100.989 E794.22693
G1 X80.426 Y100.863 E794.2435
G1 X81.05 Y100.799 E794.26958
G1 X81.481 Y100.841 E794.28758
G1 X82.045 Y101.033 E794.31235
G1 X82.463 Y101.281 E794.33256
G1 X82.952 Y101.749 E794.3607
G1 X83.301 Y102.382 E794.39075
G1 X83.439 Y103.007 E794.41736
G1 X83.446 Y103.472 E794.4367
G1 X83.3 Y104.119 E794.46427
G1 X82.957 Y104.743 E794.49387
G1 X82.461 Y105.221 E794.52251
G1 X82.081 Y105.455 E794.54107
G1 X81.478 Y105.655 E794.56748
G1 X81.014 Y105.7 E794.58686
G1 X80.374 Y105.631 E794.61362
G1 X79.706 Y105.346 E794.64382
G1 X79.107 Y104.801 E794.67749
G1 X78.739 Y104.19 E794.70714
G1 X78.576 Y103.629 E794.73143
G1 X78.565 Y103.001 E794.75754
M204 S5000
M205 X30 Y30
G0 F7200 X78.365 Y103.001
G0 X80.231 Y114.188
G0 X80.428 Y114.223
M204 S3000
M205 X20 Y20
G1 F4020 X80.516 Y113.98 E794.76829
G1 X80.708 Y113.645 E794.78434
G1 X81.047 Y113.261 E794.80564
G1 X81.624 Y112.952 E794.83285
G1 X82.253 Y112.835 E794.85945
G1 X82.905 Y112.962 E794.88706
G1 X83.438 Y113.255 E794.91235
G1 X83.765 Y113.601 E794.93214
G1 X84.067 Y114.196 E794.95989
G1 X84.162 Y114.773 E794.9842
G1 X84.036 Y115.406 E795.01103
G1 X83.889 Y115.715 E795.02526
G1 X83.542 Y116.144 E795.0482
G1 X82.983 Y116.504 E795.07584
G1 X82.777 Y116.572 E795.08486
G1 X82.168 Y116.649 E795.11038
G1 X81.624 Y116.548 E795.13338
G1 X81.134 Y116.284 E795.15652
G1 X80.934 Y116.117 E795.16736
G1 X80.684 Y115.819 E795.18353
G1 X80.442 Y115.378 E795.20444
G1 X80.347 Y114.75 E795.23085
G1 X80.428 Y114.223 E795.25302
M204 S5000
M205 X30 Y30
G0 F7200 X80.231 Y114.188
G0 X78.365 Y126.001
G0 X78.565 Y126.001
M204 S3000
M205 X20 Y20
G1 F4020 X78.57 Y125.906 E795.25697
G1 X78.739 Y125.31 E795.28273
G1 X78.83 Y125.115 E795.29167
G1 X79.202 Y124.582 E795.3187
G1 X79.526 Y124.295 E795.33669
G1 X80.085 Y123.976 E795.36345
G1 X80.499 Y123.855 E795.38138
G1 X81.015 Y123.8 E795.40296
G1 X81.49 Y123.844 E795.42279
G1 X82.081 Y124.045 E795.44874
G1 X82.468 Y124.279 E795.46754
G1 X82.963 Y124.769 E795.4965
G1 X83.277 Y125.339 E795.52356
G1 X83.428 Y125.949 E795.54968
G1 X83.446 Y126.386 E795.56787
G1 X83.322 Y127.022 E795.59481
G1 X83.004 Y127.657 E795.62433
G1 X82.522 Y128.168 E795.65354
G1 X82.099 Y128.451 E795.6747
G1 X81.446 Y128.661 E795.70321
G1 X81.042 Y128.705 E795.72011
G1 X80.412 Y128.631 E795.74648
G1 X79.999 Y128.49 E795.76463
G1 X79.494 Y128.185 E795.78915
G1 X79.202 Y127.918 E795.8056
G1 X78.83 Y127.385 E795.83263
G1 X78.739 Y127.19 E795.84157
G1 X78.569 Y126.583 E795.86778
G1 X78.565 Y126.001 E795.89198
M204 S5000
M205 X30 Y30
G0 F7200 X78.365 Y126.001
G0 X79.038 Y124.55
G0 X79.947 Y123.876
G0 X136.379 Y125.906
G0 X136.572 Y125.949
M204 S3000
M205 X20 Y20
G1 F4020 X136.723 Y125.339 E795.9181
G1 X137.038 Y124.767 E795.94525
G1 X137.533 Y124.279 E795.97415
G1 X137.92 Y124.044 E795.99298
G1 X138.522 Y123.845 E796.01934
G1 X138.985 Y123.8 E796.03868
G1 X139.501 Y123.855 E796.06025
G1 X140.066 Y124.046 E796.08505
G1 X140.604 Y124.395 E796.11171
G1 X140.904 Y124.711 E796.12982
G1 X141.26 Y125.31 E796.15879
G1 X141.436 Y125.936 E796.18583
G1 X141.432 Y126.583 E796.21273
G1 X141.232 Y127.291 E796.24331
G1 X140.834 Y127.88 E796.27287
G1 X140.507 Y128.185 E796.29146
G1 X140.001 Y128.49 E796.31602
G1 X139.588 Y128.631 E796.33417
G1 X139.024 Y128.697 E796.35777
G1 X138.604 Y128.669 E796.37527
G1 X137.988 Y128.479 E796.40208
G1 X137.61 Y128.27 E796.42003
G1 X137.13 Y127.831 E796.44708
G1 X136.754 Y127.223 E796.4768
G1 X136.572 Y126.551 E796.50574
G1 X136.554 Y126.114 E796.52393
G1 X136.572 Y125.949 E796.53083
M204 S5000
M205 X30 Y30
G0 F7200 X136.379 Y125.906
G0 X135.928 Y115.8
G0 X136.111 Y115.715
M204 S3000
M205 X20 Y20
G1 F4020 X135.934 Y115.31 E796.5492
G1 X135.858 Y114.879 E796.5674
G1 X135.847 Y114.719 E796.57407
G1 X135.948 Y114.106 E796.5999
G1 X136.235 Y113.601 E796.62404
G1 X136.562 Y113.255 E796.64384
G1 X137.095 Y112.962 E796.66912
G1 X137.747 Y112.835 E796.69674
G1 X138.376 Y112.952 E796.72334
G1 X138.953 Y113.261 E796.75055
G1 X139.292 Y113.645 E796.77185
G1 X139.484 Y113.981 E796.78794
G1 X139.572 Y114.223 E796.79864
G1 X139.654 Y114.75 E796.82082
G1 X139.559 Y115.375 E796.8471
G1 X139.316 Y115.819 E796.86814
G1 X139.066 Y116.117 E796.88431
G1 X138.866 Y116.284 E796.89515
G1 X138.376 Y116.548 E796.91829
G1 X137.832 Y116.649 E796.94129
G1 X137.223 Y116.572 E796.96681
G1 X137.017 Y116.504 E796.97583
G1 X136.458 Y116.144 E797.00347
G1 X136.111 Y115.715 E797.02641
M204 S5000
M205 X30 Y30
G0 F7200 X135.928 Y115.8
G0 X136.366 Y102.963
G0 X136.561 Y103.007
M204 S3000
M205 X20 Y20
G1 F4020 X136.7 Y102.38 E797.05311
G1 X137.048 Y101.749 E797.08307
G1 X137.537 Y101.281 E797.11121
G1 X137.955 Y101.033 E797.13142
G1 X138.52 Y100.845 E797.15618
G1 X138.95 Y100.8 E797.17415
G1 X139.574 Y100.863 E797.20023
G1 X139.952 Y100.989 E797.21679
G1 X140.553 Y101.341 E797.24575
G1 X140.904 Y101.711 E797.26695
G1 X141.17 Y102.115 E797.28706
G1 X141.403 Y102.784 E797.31652
G1 X141.436 Y103.001 E797.32564
G1 X141.425 Y103.629 E797.35175
G1 X141.26 Y104.19 E797.37607
G1 X140.893 Y104.801 E797.4057
G1 X140.368 Y105.279 E797.43522
G1 X140.182 Y105.394 E797.44431
G1 X139.514 Y105.643 E797.47395
G1 X138.986 Y105.7 E797.49603
G1 X138.522 Y105.655 E797.51541
G1 X137.92 Y105.456 E797.54177
G1 X137.535 Y105.222 E797.5605
G1 X137.044 Y104.743 E797.58902
G1 X136.708 Y104.138 E797.61779
G1 X136.564 Y103.514 E797.64441
G1 X136.554 Y103.114 E797.66105
G1 X136.561 Y103.007 E797.66551
M204 S5000
M205 X30 Y30
G0 F7200 X136.366 Y102.963
G0 X135.74 Y96.361
G0 X135.938 Y96.327
M204 S3000
M205 X20 Y20
G1 F4020 X135.858 Y95.879 E797.68443
G1 X135.847 Y95.715 E797.69126
G1 X135.959 Y95.105 E797.71705
G1 X136.208 Y94.646 E797.73876
G1 X136.547 Y94.262 E797.76005
G1 X137.116 Y93.955 E797.78693
G1 X137.693 Y93.844 E797.81136
G1 X138.365 Y93.949 E797.83964
G1 X138.906 Y94.238 E797.86514
G1 X139.172 Y94.488 E797.88032
G1 X139.485 Y94.98 E797.90456
G1 X139.559 Y95.166 E797.91288
G1 X139.652 Y95.79 E797.93911
G1 X139.539 Y96.4 E797.9649
G1 X139.394 Y96.706 E797.97898
G1 X138.983 Y97.213 E798.00612
G1 X138.402 Y97.55 E798.03404
G1 X137.801 Y97.652 E798.05938
G1 X137.114 Y97.557 E798.08822
G1 X136.52 Y97.204 E798.11695
G1 X136.154 Y96.781 E798.1402
G1 X135.938 Y96.327 E798.1611
M204 S5000
M205 X30 Y30
G0 F7200 X135.74 Y96.361
G0 X135.731 Y95.189
G0 X136.42 Y95.31
M204 S3000
M205 X20 Y20
;TYPE:WALL-OUTER
G1 F2040 X136.642 Y94.894 E798.18071
G1 X136.842 Y94.682 E798.19282
G1 X137.274 Y94.429 E798.21364
G1 X137.706 Y94.35 E798.2319
G1 X138.219 Y94.427 E798.25346
G1 X138.64 Y94.665 E798.27357
G1 X138.858 Y94.894 E798.28672
G1 X139.08 Y95.31 E798.30632
G1 X139.153 Y95.764 E798.32544
G1 X139.071 Y96.224 E798.34486
G1 X138.959 Y96.46 E798.35572
G1 X138.652 Y96.827 E798.37562
G1 X138.254 Y97.059 E798.39477
G1 X137.767 Y97.153 E798.41539
G1 X137.281 Y97.073 E798.43587
G1 X136.88 Y96.849 E798.45496
G1 X136.549 Y96.474 E798.47576
G1 X136.427 Y96.218 E798.48755
G1 X136.35 Y95.793 E798.50551
G1 X136.42 Y95.31 E798.5258
M204 S5000
M205 X30 Y30
G0 F7200 X136.514 Y95.134
G0 X135.902 Y94.779
G0 X136.49 Y102.408
G0 X137.173 Y102.561
M204 S3000
M205 X20 Y20
G1 F2040 X137.45 Y102.061 E798.54956
G1 X137.846 Y101.674 E798.57258
G1 X138.102 Y101.516 E798.58509
G1 X138.629 Y101.333 E798.60828
G1 X138.974 Y101.301 E798.62269
G1 X139.459 Y101.353 E798.64297
G1 X139.768 Y101.454 E798.65648
G1 X140.239 Y101.737 E798.67933
G1 X140.486 Y101.985 E798.69388
G1 X140.752 Y102.389 E798.71399
G1 X140.936 Y102.963 E798.73905
G1 X140.932 Y103.543 E798.76316
G1 X140.771 Y104.083 E798.78659
G1 X140.429 Y104.577 E798.81157
G1 X139.986 Y104.934 E798.83522
G1 X139.46 Y105.146 E798.8588
G1 X138.96 Y105.2 E798.87971
G1 X138.63 Y105.167 E798.8935
G1 X138.138 Y105.002 E798.91507
G1 X137.858 Y104.835 E798.92863
G1 X137.464 Y104.457 E798.95133
G1 X137.173 Y103.947 E798.97574
G1 X137.055 Y103.416 E798.99836
G1 X137.054 Y103.114 E799.01091
G1 X137.056 Y103.078 E799.01241
G1 X137.173 Y102.561 E799.03445
M204 S5000
M205 X30 Y30
G0 F7200 X137.27 Y102.386
G0 X136.658 Y102.043
G0 X135.828 Y113.906
G0 X136.435 Y114.258
M204 S3000
M205 X20 Y20
G1 F2040 X136.671 Y113.853 E799.05394
G1 X136.854 Y113.67 E799.0647
G1 X137.288 Y113.425 E799.08542
G1 X137.778 Y113.348 E799.10604
G1 X138.223 Y113.428 E799.12484
G1 X138.606 Y113.642 E799.14308
G1 X138.818 Y113.842 E799.15519
G1 X139.08 Y114.31 E799.17749
G1 X139.154 Y114.75 E799.19604
G1 X139.063 Y115.242 E799.21684
G1 X138.933 Y115.497 E799.22874
G1 X138.616 Y115.851 E799.2485
G1 X138.223 Y116.072 E799.26724
G1 X137.778 Y116.152 E799.28604
G1 X137.288 Y116.075 E799.30666
G1 X136.86 Y115.836 E799.32704
G1 X136.555 Y115.482 E799.34647
G1 X136.43 Y115.226 E799.35832
G1 X136.35 Y114.793 E799.37662
G1 X136.435 Y114.258 E799.39914
M204 S5000
M205 X30 Y30
G0 F7200 X136.535 Y114.085
G0 X135.929 Y113.733
G0 X136.378 Y126.593
G0 X137.06 Y126.441
M204 S3000
M205 X20 Y20
G1 F2040 X137.054 Y126.114 E799.41274
G1 X137.06 Y126.059 E799.41504
G1 X137.181 Y125.541 E799.43716
G1 X137.451 Y125.056 E799.46024
G1 X137.832 Y124.685 E799.48234
G1 X138.138 Y124.498 E799.49725
G1 X138.635 Y124.332 E799.51904
G1 X138.974 Y124.301 E799.53319
G1 X139.447 Y124.352 E799.55297
G1 X139.806 Y124.473 E799.56872
G1 X140.257 Y124.755 E799.59084
G1 X140.486 Y124.985 E799.60433
G1 X140.772 Y125.419 E799.62594
G1 X140.934 Y125.969 E799.64978
G1 X140.934 Y126.527 E799.67298
G1 X140.782 Y127.046 E799.69546
G1 X140.487 Y127.515 E799.71849
G1 X140.225 Y127.771 E799.73372
G1 X139.784 Y128.039 E799.75518
G1 X139.476 Y128.143 E799.76869
G1 X138.974 Y128.199 E799.78969
G1 X138.631 Y128.169 E799.80401
G1 X138.098 Y127.982 E799.82749
G1 X137.826 Y127.809 E799.84089
G1 X137.433 Y127.413 E799.86409
G1 X137.191 Y126.979 E799.88475
G1 X137.06 Y126.441 E799.90777
M204 S5000
M205 X30 Y30
G0 F7200 X137.057 Y126.241
G0 X136.354 Y126.241
G0 X82.953 Y112.817
G0 X81.547 Y112.817
G0 X80.712 Y113.409
G0 X80.92 Y114.31
M204 S3000
M205 X20 Y20
G1 F2040 X81.142 Y113.894 E799.92737
G1 X81.342 Y113.682 E799.93949
G1 X81.777 Y113.428 E799.96043
G1 X82.222 Y113.348 E799.97923
G1 X82.712 Y113.425 E799.99985
G1 X83.146 Y113.67 E800.02057
G1 X83.329 Y113.853 E800.03133
G1 X83.565 Y114.258 E800.05082
G1 X83.653 Y114.728 E800.0707
G1 X83.57 Y115.226 E800.09169
G1 X83.443 Y115.485 E800.10368
G1 X83.154 Y115.825 E800.12224
G1 X82.712 Y116.075 E800.14335
G1 X82.222 Y116.152 E800.16397
G1 X81.777 Y116.072 E800.18277
G1 X81.384 Y115.851 E800.20151
G1 X81.067 Y115.497 E800.22127
G1 X80.937 Y115.242 E800.23317
G1 X80.847 Y114.75 E800.25396
G1 X80.92 Y114.31 E800.27251
M204 S5000
M205 X30 Y30
G0 F7200 X81.014 Y114.134
G0 X80.402 Y113.779
G0 X78.398 Y103.744
G0 X79.068 Y103.543
M204 S3000
M205 X20 Y20
G1 F2040 X79.065 Y103.001 E800.29504
G1 X79.075 Y102.928 E800.2981
G1 X79.248 Y102.389 E800.32164
G1 X79.513 Y101.985 E800.34173
G1 X79.761 Y101.737 E800.35631
G1 X80.232 Y101.454 E800.37915
G1 X80.541 Y101.353 E800.39267
G1 X81.052 Y101.299 E800.41403
G1 X81.371 Y101.333 E800.42737
G1 X81.863 Y101.499 E800.44896
G1 X82.154 Y101.674 E800.46307
G1 X82.55 Y102.061 E800.48609
G1 X82.826 Y102.55 E800.50944
G1 X82.946 Y103.096 E800.53268
G1 X82.945 Y103.416 E800.54598
G1 X82.823 Y103.95 E800.56876
G1 X82.55 Y104.444 E800.59222
G1 X82.167 Y104.815 E800.61439
G1 X81.862 Y105.002 E800.62927
G1 X81.37 Y105.167 E800.65084
G1 X81.025 Y105.199 E800.66525
G1 X80.469 Y105.128 E800.68855
G1 X80.014 Y104.934 E800.70911
G1 X79.571 Y104.577 E800.73277
G1 X79.229 Y104.083 E800.75775
G1 X79.068 Y103.543 E800.78117
M204 S5000
M205 X30 Y30
G0 F7200 X79.067 Y103.343
G0 X78.365 Y103.343
G0 X80.234 Y95.17
G0 X80.924 Y95.291
M204 S3000
M205 X20 Y20
G1 F2040 X81.142 Y94.894 E800.80001
G1 X81.377 Y94.652 E800.81403
G1 X81.781 Y94.427 E800.83326
G1 X82.294 Y94.35 E800.85482
G1 X82.726 Y94.429 E800.87308
G1 X83.106 Y94.642 E800.89119
G1 X83.318 Y94.842 E800.90331
G1 X83.58 Y95.31 E800.92561
G1 X83.653 Y95.768 E800.94489
G1 X83.573 Y96.218 E800.96389
G1 X83.451 Y96.474 E800.97568
G1 X83.176 Y96.803 E800.99351
G1 X82.746 Y97.063 E801.0144
G1 X82.233 Y97.153 E801.03605
G1 X81.746 Y97.059 E801.05667
G1 X81.348 Y96.827 E801.07583
G1 X81.041 Y96.46 E801.09572
G1 X80.929 Y96.223 E801.10662
G1 X80.85 Y95.793 E801.12479
G1 X80.924 Y95.291 E801.14589
M204 S5000
M205 X30 Y30
G0 F7200 X81.02 Y95.116
G0 X80.411 Y94.763
G0 X81.718 Y91.889
G0 X81.101 Y91.56
M204 S3000
M205 X20 Y20
G1 F2040 X80.838 Y92.047 E801.1689
G1 X80.481 Y92.447 E801.19119
G1 X80.038 Y92.749 E801.21348
G1 X79.17 Y93.104 E801.25247
G1 X78.409 Y93.578 E801.28975
G1 X77.829 Y94.069 E801.32134
G1 X77.323 Y94.641 E801.35309
G1 X77.109 Y94.944 E801.36851
G1 X76.739 Y95.613 E801.4003
G1 X76.465 Y96.34 E801.4326
G1 X76.375 Y96.688 E801.44754
G1 X76.251 Y97.54 E801.48334
G1 X76.25 Y125.514 E802.64636
G1 X76.308 Y126.027 E802.66782
G1 X76.486 Y126.803 E802.70092
G1 X76.612 Y127.161 E802.7167
G1 X76.956 Y127.875 E802.74965
G1 X77.399 Y128.525 E802.78236
G1 X77.647 Y128.816 E802.79825
G1 X78.226 Y129.352 E802.83106
G1 X78.875 Y129.794 E802.8637
G1 X79.589 Y130.138 E802.89665
G1 X79.947 Y130.264 E802.91243
G1 X80.722 Y130.442 E802.94549
G1 X81.238 Y130.5 E802.96708
G1 X138.762 Y130.5 E805.35865
G1 X139.278 Y130.442 E805.38024
G1 X140.053 Y130.264 E805.4133
G1 X140.411 Y130.138 E805.42907
G1 X141.125 Y129.794 E805.46202
G1 X141.777 Y129.349 E805.49484
G1 X142.068 Y129.101 E805.51074
G1 X142.604 Y128.522 E805.54354
G1 X143.044 Y127.875 E805.57607
G1 X143.388 Y127.16 E805.60906
G1 X143.514 Y126.803 E805.6248
G1 X143.692 Y126.028 E805.65786
G1 X143.75 Y125.513 E805.67941
G1 X143.75 Y97.536 E806.84256
G1 X143.625 Y96.686 E806.87827
G1 X143.535 Y96.34 E806.89314
G1 X143.261 Y95.613 E806.92544
G1 X142.889 Y94.942 E806.95734
G1 X142.675 Y94.639 E806.97276
G1 X142.169 Y94.067 E807.00451
G1 X141.591 Y93.578 E807.03599
G1 X140.828 Y93.103 E807.07335
G1 X139.98 Y92.756 E807.11144
G1 X139.519 Y92.447 E807.13452
G1 X139.161 Y92.047 E807.15684
G1 X138.899 Y91.557 E807.17994
G1 X138.75 Y90.953 E807.2058
G1 X138.75 Y89.5 E807.26621
G1 X81.25 Y89.5 E809.65678
G1 X81.25 Y90.948 E809.71698
G1 X81.101 Y91.56 E809.74317
M204 S5000
M205 X30 Y30
G0 F7200 X81.006 Y91.736
G0 X81.624 Y92.066
G0 X80.317 Y95.047
G0 X78.426 Y102.872
G0 X78.365 Y125.969
G0 X79.066 Y125.969
M204 S3000
M205 X20 Y20
G1 F2040 X79.228 Y125.419 E809.76701
G1 X79.513 Y124.985 E809.78859
G1 X79.743 Y124.755 E809.80212
G1 X80.194 Y124.473 E809.82423
G1 X80.553 Y124.352 E809.83998
G1 X81.04 Y124.3 E809.86034
G1 X81.37 Y124.333 E809.87413
G1 X81.862 Y124.498 E809.89571
G1 X82.168 Y124.685 E809.91062
G1 X82.55 Y125.057 E809.93278
G1 X82.819 Y125.541 E809.95581
G1 X82.94 Y126.059 E809.97792
G1 X82.946 Y126.386 E809.99152
G1 X82.826 Y126.948 E810.01541
G1 X82.567 Y127.413 E810.03754
G1 X82.174 Y127.809 E810.06074
G1 X81.881 Y127.995 E810.07516
G1 X81.36 Y128.169 E810.098
G1 X81.069 Y128.2 E810.11017
G1 X80.519 Y128.142 E810.13316
G1 X80.216 Y128.039 E810.14647
G1 X79.776 Y127.771 E810.16789
G1 X79.513 Y127.515 E810.18314
G1 X79.218 Y127.046 E810.20618
G1 X79.066 Y126.527 E810.22866
G1 X79.065 Y126.001 E810.25053
G1 X79.066 Y125.969 E810.25186
M204 S5000
M205 X30 Y30
G0 F7200 X79.122 Y125.778
G0 X78.453 Y125.576
G0 X78.091 Y126.743
M204 S3000
M205 X20 Y20
;TYPE:SKIN
G1 F1459.1 X78.089 Y125.865 E810.28939
G1 F1500 X78.099 Y125.791 E810.29249
G1 X78.295 Y125.145 E810.32056
G1 X78.439 Y124.843 E810.33447
G1 X78.856 Y124.252 E810.36454
G1 X79.286 Y123.884 E810.38807
G1 X79.892 Y123.544 E810.41696
G1 X80.402 Y123.39 E810.43911
G1 X81.005 Y123.324 E810.46433
G1 X81.559 Y123.375 E810.48746
G1 X82.295 Y123.619 E810.5197
G1 X82.803 Y123.944 E810.54477
G1 X83.333 Y124.457 E810.57543
G1 X83.737 Y125.182 E810.60994
G1 X83.928 Y125.987 E810.64434
G1 X83.891 Y126.657 E810.67224
G1 X83.768 Y127.185 E810.69478
G1 X83.4 Y127.918 E810.72887
G1 X83.201 Y128.172 E810.74229
G1 X82.822 Y128.535 E810.76411
G1 X82.312 Y128.883 E810.78978
G1 F1572.3 X81.556 Y129.1 E810.82097
G1 F1736.1 X81.055 Y129.136 E810.83902
G1 F1913.3 X80.297 Y129.028 E810.86397
G1 F2054.8 X79.843 Y128.862 E810.87864
G1 F2083.3 X79.262 Y128.521 E810.89881
G1 F1994.7 X78.886 Y128.19 E810.91447
G1 F1875 X78.479 Y127.674 E810.93633
G1 F1696.8 X78.296 Y127.319 E810.95101
G1 F1500 X78.091 Y126.743 E810.97643
M204 S5000
M205 X30 Y30
G0 F7200 X79.954 Y115.337
M204 S3000
M205 X20 Y20
G1 F1500 X79.874 Y114.791 E810.99937
G1 X79.874 Y114.717 E811.00245
G1 X79.957 Y114.148 E811.02635
G1 X80.111 Y113.73 E811.04487
G1 X80.486 Y113.152 E811.07352
G1 X80.916 Y112.792 E811.09683
G1 X81.496 Y112.494 E811.12394
G1 X82.127 Y112.377 E811.15062
G1 X82.375 Y112.378 E811.16094
G1 X83.084 Y112.504 E811.19087
G1 X83.728 Y112.886 E811.222
G1 X84.12 Y113.273 E811.24491
G1 X84.461 Y113.869 E811.27345
G1 X84.535 Y114.104 E811.2837
G1 X84.629 Y114.814 E811.31347
G1 X84.531 Y115.408 E811.3385
G1 X84.306 Y115.944 E811.36267
G1 X83.808 Y116.572 E811.39599
G1 X83.094 Y116.994 E811.43047
G1 X82.375 Y117.122 E811.46084
G1 X82.122 Y117.122 E811.47136
G1 X81.507 Y117.013 E811.49732
G1 X80.881 Y116.688 E811.52665
G1 X80.595 Y116.45 E811.54212
G1 X80.293 Y116.087 E811.56175
G1 X80.043 Y115.627 E811.58351
G1 X79.954 Y115.337 E811.59613
M204 S5000
M205 X30 Y30
G0 F7200 X78.011 Y103.71
M204 S3000
M205 X20 Y20
G1 F1173.7 X77.999 Y103.013 E811.63317
G1 F1080.7 X78.032 Y102.664 E811.65339
G1 F1098.1 X78.066 Y102.619 E811.6566
G1 F1293.1 X78.439 Y101.843 E811.69812
G1 F1500 X78.856 Y101.252 E811.72819
G1 X79.283 Y100.886 E811.75157
G1 X79.884 Y100.544 E811.78032
G1 X80.28 Y100.411 E811.79769
G1 X81.022 Y100.318 E811.82878
G1 X81.651 Y100.395 E811.85513
G1 X82.317 Y100.624 E811.88441
G1 X82.775 Y100.921 E811.9071
G1 X83.3 Y101.423 E811.9373
G1 X83.737 Y102.178 E811.97357
G1 X83.917 Y102.955 E812.00673
G1 X83.919 Y103.523 E812.03034
G1 X83.748 Y104.301 E812.06346
G1 X83.321 Y105.052 E812.09938
G1 X82.759 Y105.601 E812.13204
G1 X82.279 Y105.889 E812.15531
G1 X81.591 Y106.117 E812.18545
G1 X81.063 Y106.176 E812.20754
G1 X80.395 Y106.109 E812.23545
G1 X80.087 Y106.025 E812.24872
G1 X79.634 Y105.833 E812.26918
G1 X79.327 Y105.643 E812.28419
G1 X78.948 Y105.328 E812.30467
G1 X78.729 Y105.091 E812.31809
G1 X78.421 Y104.624 E812.34135
G1 F1431.3 X78.216 Y104.167 E812.36317
G1 F1311.2 X78.011 Y103.71 E812.38699
M204 S5000
M205 X30 Y30
G0 F7200 X80.088 Y94.773
M204 S3000
M205 X20 Y20
G1 F1506 X80.459 Y94.196 E812.4154
G1 F1602.6 X80.843 Y93.87 E812.435
G1 F1663 X81.502 Y93.499 E812.46336
G1 F1559.3 X82.193 Y93.363 E812.49153
G1 F1500 X82.968 Y93.484 E812.52414
G1 X83.268 Y93.61 E812.53767
G1 X83.848 Y93.985 E812.56638
G1 X84.209 Y94.417 E812.58979
G1 X84.515 Y95.005 E812.61735
G1 X84.637 Y95.764 E812.64931
G1 X84.498 Y96.529 E812.68163
G1 X84.279 Y96.99 E812.70285
G1 X83.909 Y97.448 E812.72733
G1 X83.629 Y97.682 E812.7425
G1 X83.064 Y97.994 E812.76934
G1 X82.42 Y98.116 E812.79659
G1 X82.128 Y98.123 E812.80873
G1 X81.431 Y98.002 E812.83814
G1 X80.828 Y97.656 E812.86704
G1 X80.627 Y97.488 E812.87794
G1 X80.19 Y96.94 E812.90708
G1 X79.98 Y96.491 E812.92768
G1 X79.876 Y95.847 E812.95481
G1 X79.875 Y95.772 E812.95792
G1 X79.978 Y95.046 E812.98841
G1 X80.088 Y94.773 E813.00065
M204 S5000
M205 X30 Y30
G0 F7200 X82.033 Y91.874
M204 S3000
M205 X20 Y20
G1 F1500 X81.66 Y92.588 E813.03414
G1 F1569 X81.129 Y93.169 E813.06542
G1 F1674.1 X80.598 Y93.507 E813.08887
G1 F1637.6 X80.381 Y93.659 E813.09896
G1 F1536.9 X79.614 Y93.977 E813.13265
G1 F1500 X78.984 Y94.369 E813.1635
G1 X78.512 Y94.769 E813.18922
G1 X78 Y95.348 E813.22136
G1 X77.626 Y96.024 E813.25348
G1 X77.351 Y96.753 E813.28587
G1 X77.227 Y97.612 E813.32195
G1 X77.226 Y102.021 E813.50526
G1 F1243.8 X77.33 Y102.614 E813.53544
G1 F1080.7 X77.317 Y103.02 E813.55888
G1 F1090.1 X77.323 Y103.79 E813.60294
G1 F1256.3 X77.226 Y104.471 E813.63708
G1 F1500 X77.225 Y125.46 E814.5097
G1 X77.271 Y125.862 E814.52653
G1 F1482.2 X77.46 Y126.664 E814.56119
G1 F1494 X77.79 Y127.371 E814.59376
G1 F1569 X78.183 Y128.019 E814.62388
G1 F1712.3 X78.753 Y128.6 E814.65353
G1 F1918.2 X79.331 Y129.002 E814.67642
G1 F1963.4 X80.106 Y129.37 E814.70367
G1 F1879.7 X80.88 Y129.526 E814.72986
G1 F1785.7 X81.291 Y129.558 E814.74426
G1 F1663 X81.835 Y129.541 E814.76467
G1 F1552.8 X82.379 Y129.524 E814.78653
G1 F1500 X137.755 Y129.524 E817.08879
G1 F1602.6 X138.708 Y129.557 E817.1259
G1 F1781.5 X139.112 Y129.527 E817.14008
G1 F1933 X139.783 Y129.39 E817.16218
G1 F2021.6 X140.088 Y129.283 E817.17215
G1 F1963.4 X140.76 Y128.957 E817.19587
G1 F1851.9 X141.365 Y128.511 E817.22118
G1 F1756.4 X141.864 Y127.931 E817.24835
G1 F1641.1 X142.205 Y127.392 E817.27259
G1 F1536.9 X142.543 Y126.665 E817.30512
G1 F1500 X142.729 Y125.862 E817.33939
G1 X142.775 Y125.457 E817.35633
G1 X142.775 Y104.474 E818.22871
G1 F1256.3 X142.678 Y103.789 E818.26305
G1 F1090.1 X142.684 Y103.005 E818.3079
G1 F1126.1 X142.7 Y102.471 E818.33749
G1 F1304.3 X142.775 Y101.702 E818.37443
G1 F1500 X142.775 Y97.605 E818.54476
G1 X142.65 Y96.766 E818.58003
G1 X142.373 Y96.023 E818.61299
G1 X141.996 Y95.343 E818.64532
G1 X141.484 Y94.765 E818.67742
G1 X141.016 Y94.369 E818.70291
G1 X140.38 Y93.974 E818.73404
G1 F1536.9 X139.62 Y93.662 E818.76737
G1 F1641.1 X139.395 Y93.502 E818.77786
G1 F1626.9 X138.87 Y93.168 E818.80172
G1 F1524.4 X138.329 Y92.575 E818.83455
G1 F1500 X137.961 Y91.835 E818.86891
G1 X137.775 Y91.074 E818.90148
G1 X137.775 Y90.475 E818.92639
G1 X82.225 Y90.475 E821.23589
G1 X82.225 Y91.052 E821.25988
G1 X82.033 Y91.874 E821.29497
M204 S5000
M205 X30 Y30
G0 F7200 X135.367 Y95.803
M204 S3000
M205 X20 Y20
G1 F1500 X135.367 Y95.721 E821.29838
G1 X135.484 Y95.008 E821.32842
G1 X135.812 Y94.383 E821.35777
G1 X135.975 Y94.168 E821.36898
G1 X136.39 Y93.805 E821.39191
G1 X136.976 Y93.499 E821.41939
G1 X137.751 Y93.349 E821.45221
G1 F1559.3 X138.493 Y93.497 E821.48247
G1 F1666.7 X139.149 Y93.865 E821.51062
G1 F1606 X139.531 Y94.185 E821.52997
G1 F1506 X139.891 Y94.733 E821.55712
G1 F1500 X140.022 Y95.048 E821.5713
G1 X140.131 Y95.803 E821.60301
G1 X140.027 Y96.455 E821.63046
G1 X139.808 Y96.94 E821.65259
G1 X139.391 Y97.469 E821.68059
G1 X139.087 Y97.707 E821.69664
G1 X138.447 Y98.022 E821.7263
G1 X137.736 Y98.145 E821.7563
G1 X136.941 Y97.997 E821.78992
G1 X136.362 Y97.673 E821.8175
G1 X136.116 Y97.473 E821.83069
G1 X135.713 Y96.98 E821.85716
G1 X135.483 Y96.465 E821.88061
G1 X135.367 Y95.803 E821.90855
M204 S5000
M205 X30 Y30
G0 F7200 X136.081 Y103.031
M204 S3000
M205 X20 Y20
G1 F1500 X136.25 Y102.214 E821.94324
G1 X136.673 Y101.446 E821.97969
G1 X137.23 Y100.916 E822.01165
G1 X137.769 Y100.594 E822.03776
G1 X138.429 Y100.378 E822.06663
G1 X138.975 Y100.326 E822.08943
G1 X139.651 Y100.398 E822.1177
G1 X140.128 Y100.547 E822.13847
G1 X140.851 Y100.963 E822.17315
G1 X141.276 Y101.417 E822.19901
G1 X141.567 Y101.853 E822.2208
G1 F1304.3 X141.924 Y102.605 E822.2606
G1 F1104.6 X141.967 Y102.662 E822.26463
G1 F1076 X142 Y102.953 E822.28161
G1 F1170 X141.989 Y103.71 E822.32196
G1 F1368.6 X141.58 Y104.621 E822.36746
G1 F1500 X141.271 Y105.09 E822.39081
G1 X141.052 Y105.328 E822.40426
G1 X140.673 Y105.643 E822.42475
G1 X140.4 Y105.815 E822.43816
G1 X139.591 Y106.115 E822.47403
G1 X138.82 Y106.17 E822.50617
G1 X138.425 Y106.12 E822.52272
G1 X137.727 Y105.891 E822.55326
G1 X137.243 Y105.603 E822.57668
G1 X136.672 Y105.045 E822.60987
G1 X136.249 Y104.296 E822.64563
G1 X136.085 Y103.55 E822.67739
G1 X136.081 Y103.031 E822.69897
M204 S5000
M205 X30 Y30
G0 F7200 X135.36 Y114.712
M204 S3000
M205 X20 Y20
G1 F1500 X135.493 Y113.969 E822.73035
G1 X135.841 Y113.334 E822.76045
G1 X136.225 Y112.923 E822.78384
G1 X136.801 Y112.571 E822.8119
G1 X137.054 Y112.477 E822.82312
G1 X137.641 Y112.377 E822.84788
G1 X137.885 Y112.378 E822.85803
G1 X138.492 Y112.486 E822.88366
G1 X139.117 Y112.812 E822.91296
G1 X139.332 Y112.975 E822.92418
G1 X139.678 Y113.371 E822.94604
G1 X139.895 Y113.741 E822.96388
G1 X140.042 Y114.145 E822.98175
G1 X140.132 Y114.744 E823.00693
G1 X140.046 Y115.343 E823.03209
G1 X139.957 Y115.628 E823.04451
G1 X139.68 Y116.125 E823.06816
G1 X139.437 Y116.417 E823.08396
G1 X139.119 Y116.688 E823.10133
G1 X138.504 Y117.006 E823.13011
G1 X137.875 Y117.123 E823.15671
G1 X137.145 Y117.041 E823.18725
G1 X136.812 Y116.935 E823.20178
G1 X136.209 Y116.58 E823.23087
G1 X135.716 Y115.993 E823.26274
G1 X135.488 Y115.485 E823.28589
G1 X135.363 Y114.779 E823.3157
G1 X135.36 Y114.712 E823.31849
M204 S5000
M205 X30 Y30
G0 F7200 X136.083 Y126.434
M204 S3000
M205 X20 Y20
G1 F1500 X136.079 Y126.375 E823.32095
G1 X136.11 Y125.84 E823.34323
G1 X136.268 Y125.175 E823.37164
G1 X136.675 Y124.449 E823.40625
G1 X137.254 Y123.898 E823.43948
G1 X137.719 Y123.613 E823.46215
G1 X138.414 Y123.377 E823.49267
G1 X138.914 Y123.326 E823.51356
G1 X139.712 Y123.397 E823.54687
G1 X140.281 Y123.624 E823.57234
G1 X140.927 Y124.044 E823.60437
G1 X141.302 Y124.45 E823.62735
G1 X141.567 Y124.853 E823.64741
G1 X141.713 Y125.169 E823.66188
G1 X141.914 Y125.821 E823.69024
G1 X141.905 Y126.647 E823.72459
G1 F1552.8 X141.703 Y127.314 E823.75258
G1 F1652 X141.555 Y127.605 E823.7649
G1 F1807.2 X141.146 Y128.164 E823.7888
G1 F1994.7 X140.735 Y128.524 E823.80588
G1 F2095 X140.176 Y128.854 E823.82521
G1 F2066.1 X139.692 Y129.03 E823.84075
G1 F1933 X139.071 Y129.123 E823.86101
G1 F1748.3 X138.501 Y129.108 E823.88135
G1 F1575.6 X137.844 Y128.932 E823.90827
G1 F1500 X137.351 Y128.672 E823.93144
G1 X136.775 Y128.145 E823.9639
G1 X136.574 Y127.876 E823.97786
G1 X136.218 Y127.156 E824.01126
G1 X136.083 Y126.434 E824.04179
M204 S5000
M205 X30 Y30
G0 F7200 X136.941 Y127.839
G0 X137.85 Y128.578
G0 X138.948 Y128.845
G0 X140.053 Y128.624
G0 X142.154 Y126.545
M204 S3000
M205 X20 Y20
G1 F1500 X142.36 Y126.34 E824.05388
M204 S5000
M205 X30 Y30
G0 F7200 X142.16 Y125.833
M204 S3000
M205 X20 Y20
G1 F1500 X142.52 Y125.473 E824.07504
M204 S5000
M205 X30 Y30
G0 F7200 X142.007 Y125.278
M204 S3000
M205 X20 Y20
G1 F1500 X142.523 Y124.762 E824.10538
M204 S5000
M205 X30 Y30
G0 F7200 X142.523 Y124.055
M204 S3000
M205 X20 Y20
G1 F1500 X141.803 Y124.775 E824.14771
M204 S5000
M205 X30 Y30
G0 F7200 X141.529 Y124.342
M204 S3000
M205 X20 Y20
G1 F1500 X142.523 Y123.348 E824.20616
M204 S5000
M205 X30 Y30
G0 F7200 X142.523 Y122.641
M204 S3000
M205 X20 Y20
G1 F1500 X141.196 Y123.968 E824.28418
M204 S5000
M205 X30 Y30
G0 F7200 X140.797 Y123.66
M204 S3000
M205 X20 Y20
G1 F1500 X142.523 Y121.934 E824.38566
M204 S5000
M205 X30 Y30
G0 F7200 X142.523 Y121.227
M204 S3000
M205 X20 Y20
G1 F1500 X140.362 Y123.388 E824.51272
M204 S5000
M205 X30 Y30
G0 F7200 X139.856 Y123.187
M204 S3000
M205 X20 Y20
G1 F1500 X142.523 Y120.519 E824.66956
M204 S5000
M205 X30 Y30
G0 F7200 X142.523 Y119.812
M204 S3000
M205 X20 Y20
G1 F1500 X139.234 Y123.101 E824.86294
M204 S5000
M205 X30 Y30
G0 F7200 X138.51 Y123.118
M204 S3000
M205 X20 Y20
G1 F1500 X142.523 Y119.105 E825.09889
M204 S5000
M205 X30 Y30
G0 F7200 X142.523 Y118.398
M204 S3000
M205 X20 Y20
G1 F1500 X137.411 Y123.511 E825.39948
G1 X137.323 Y123.599
M204 S5000
M205 X30 Y30
G0 F7200 X136.275 Y124.646
M204 S3000
M205 X20 Y20
G1 F1500 X131.647 Y129.274 E825.67159
M204 S5000
M205 X30 Y30
G0 F7200 X132.354 Y129.274
M204 S3000
M205 X20 Y20
G1 F1500 X135.869 Y125.759 E825.87826
M204 S5000
M205 X30 Y30
G0 F7200 X135.838 Y126.497
M204 S3000
M205 X20 Y20
G1 F1500 X133.061 Y129.274 E826.04154
M204 S5000
M205 X30 Y30
G0 F7200 X133.769 Y129.274
M204 S3000
M205 X20 Y20
G1 F1500 X135.95 Y127.093 E826.16977
M204 S5000
M205 X30 Y30
G0 F7200 X136.155 Y127.595
M204 S3000
M205 X20 Y20
G1 F1500 X134.476 Y129.274 E826.26849
M204 S5000
M205 X30 Y30
G0 F7200 X135.183 Y129.274
M204 S3000
M205 X20 Y20
G1 F1500 X136.4 Y128.057 E826.34005
M204 S5000
M205 X30 Y30
G0 F7200 X136.724 Y128.44
M204 S3000
M205 X20 Y20
G1 F1500 X135.89 Y129.274 E826.38908
M204 S5000
M205 X30 Y30
G0 F7200 X136.597 Y129.274
M204 S3000
M205 X20 Y20
G1 F1500 X137.095 Y128.776 E826.41836
M204 S5000
M205 X30 Y30
G0 F7200 X137.532 Y129.046
M204 S3000
M205 X20 Y20
G1 F1500 X137.304 Y129.274 E826.43177
M204 S5000
M205 X30 Y30
G0 F7200 X130.94 Y129.274
M204 S3000
M205 X20 Y20
G1 F1500 X142.523 Y117.691 E827.11281
M204 S5000
M205 X30 Y30
G0 F7200 X142.523 Y116.984
M204 S3000
M205 X20 Y20
G1 F1500 X130.233 Y129.274 E827.83541
M204 S5000
M205 X30 Y30
G0 F7200 X129.526 Y129.274
M204 S3000
M205 X20 Y20
G1 F1500 X142.523 Y116.277 E828.59958
M204 S5000
M205 X30 Y30
G0 F7200 X142.523 Y115.57
M204 S3000
M205 X20 Y20
G1 F1500 X128.819 Y129.274 E829.40533
M204 S5000
M205 X30 Y30
G0 F7200 X128.112 Y129.274
M204 S3000
M205 X20 Y20
G1 F1500 X142.523 Y114.863 E830.25264
M204 S5000
M205 X30 Y30
G0 F7200 X142.523 Y114.156
M204 S3000
M205 X20 Y20
G1 F1500 X127.405 Y129.274 E831.14152
M204 S5000
M205 X30 Y30
G0 F7200 X126.697 Y129.274
M204 S3000
M205 X20 Y20
G1 F1500 X138.877 Y117.095 E831.85763
G1 X138.965 Y117.007
M204 S5000
M205 X30 Y30
G0 F7200 X137.892 Y117.373
M204 S3000
M205 X20 Y20
G1 F1500 X125.99 Y129.274 E832.55739
M204 S5000
M205 X30 Y30
G0 F7200 X125.283 Y129.274
M204 S3000
M205 X20 Y20
G1 F1500 X137.255 Y117.302 E833.2613
M204 S5000
M205 X30 Y30
G0 F7200 X136.698 Y117.152
M204 S3000
M205 X20 Y20
G1 F1500 X124.576 Y129.274 E833.97402
M204 S5000
M205 X30 Y30
G0 F7200 X123.869 Y129.274
M204 S3000
M205 X20 Y20
G1 F1500 X136.25 Y116.893 E834.70198
M204 S5000
M205 X30 Y30
G0 F7200 X135.87 Y116.566
M204 S3000
M205 X20 Y20
G1 F1500 X123.162 Y129.274 E835.44916
M204 S5000
M205 X30 Y30
G0 F7200 X122.455 Y129.274
M204 S3000
M205 X20 Y20
G1 F1500 X135.545 Y116.184 E836.2188
M204 S5000
M205 X30 Y30
G0 F7200 X135.314 Y115.708
M204 S3000
M205 X20 Y20
G1 F1500 X121.748 Y129.274 E837.01643
M204 S5000
M205 X30 Y30
G0 F7200 X121.041 Y129.274
M204 S3000
M205 X20 Y20
G1 F1500 X135.174 Y115.141 E837.8474
M204 S5000
M205 X30 Y30
G0 F7200 X135.152 Y114.456
M204 S3000
M205 X20 Y20
G1 F1500 X120.334 Y129.274 E838.71864
M204 S5000
M205 X30 Y30
G0 F7200 X119.626 Y129.274
M204 S3000
M205 X20 Y20
G1 F1500 X135.54 Y113.361 E839.65429
G1 X135.628 Y113.273
M204 S5000
M205 X30 Y30
G0 F7200 X136.341 Y112.56
M204 S3000
M205 X20 Y20
G1 F1500 X142.523 Y106.377 E840.0178
M204 S5000
M205 X30 Y30
G0 F7200 X142.523 Y107.084
M204 S3000
M205 X20 Y20
G1 F1500 X137.455 Y112.153 E840.31581
M204 S5000
M205 X30 Y30
G0 F7200 X138.143 Y112.171
M204 S3000
M205 X20 Y20
G1 F1500 X142.523 Y107.792 E840.57331
M204 S5000
M205 X30 Y30
G0 F7200 X142.523 Y108.499
M204 S3000
M205 X20 Y20
G1 F1500 X138.708 Y112.314 E840.79761
M204 S5000
M205 X30 Y30
G0 F7200 X139.173 Y112.556
M204 S3000
M205 X20 Y20
G1 F1500 X142.523 Y109.206 E840.99458
M204 S5000
M205 X30 Y30
G0 F7200 X142.523 Y109.913
M204 S3000
M205 X20 Y20
G1 F1500 X139.566 Y112.87 E841.16844
M204 S5000
M205 X30 Y30
G0 F7200 X139.892 Y113.251
M204 S3000
M205 X20 Y20
G1 F1500 X142.523 Y110.62 E841.32313
M204 S5000
M205 X30 Y30
G0 F7200 X142.523 Y111.327
M204 S3000
M205 X20 Y20
G1 F1500 X140.145 Y113.705 E841.46295
M204 S5000
M205 X30 Y30
G0 F7200 X140.309 Y114.248
M204 S3000
M205 X20 Y20
G1 F1500 X142.523 Y112.034 E841.59313
M204 S5000
M205 X30 Y30
G0 F7200 X142.523 Y112.741
M204 S3000
M205 X20 Y20
G1 F1500 X140.356 Y114.909 E841.72057
M204 S5000
M205 X30 Y30
G0 F7200 X140.108 Y115.864
M204 S3000
M205 X20 Y20
G1 F1500 X142.523 Y113.448 E841.86259
G1 X142.611 Y113.36
M204 S5000
M205 X30 Y30
G0 F7200 X139.752 Y106.32
M204 S3000
M205 X20 Y20
G1 F1500 X116.798 Y129.274 E843.2122
M204 S5000
M205 X30 Y30
G0 F7200 X117.505 Y129.274
M204 S3000
M205 X20 Y20
G1 F1500 X142.477 Y104.302 E844.68045
M204 S5000
M205 X30 Y30
G0 F7200 X142.523 Y104.963
M204 S3000
M205 X20 Y20
G1 F1500 X118.212 Y129.274 E846.10985
M204 S5000
M205 X30 Y30
G0 F7200 X118.919 Y129.274
M204 S3000
M205 X20 Y20
G1 F1500 X142.523 Y105.67 E847.49767
G1 X142.611 Y105.582
M204 S5000
M205 X30 Y30
G0 F7200 X142.204 Y102.454
M204 S3000
M205 X20 Y20
G1 F1500 X142.419 Y102.239 E847.51031
M204 S5000
M205 X30 Y30
G0 F7200 X141.941 Y102.01
M204 S3000
M205 X20 Y20
G1 F1500 X142.524 Y101.427 E847.54459
M204 S5000
M205 X30 Y30
G0 F7200 X142.524 Y100.72
M204 S3000
M205 X20 Y20
G1 F1500 X141.677 Y101.567 E847.59439
M204 S5000
M205 X30 Y30
G0 F7200 X141.377 Y101.16
M204 S3000
M205 X20 Y20
G1 F1500 X142.524 Y100.013 E847.66183
M204 S5000
M205 X30 Y30
G0 F7200 X142.524 Y99.306
M204 S3000
M205 X20 Y20
G1 F1500 X141.035 Y100.794 E847.74935
M204 S5000
M205 X30 Y30
G0 F7200 X140.594 Y100.528
M204 S3000
M205 X20 Y20
G1 F1500 X142.524 Y98.598 E847.86283
M204 S5000
M205 X30 Y30
G0 F7200 X142.524 Y97.891
M204 S3000
M205 X20 Y20
G1 F1500 X140.129 Y100.286 E848.00364
M204 S5000
M205 X30 Y30
G0 F7200 X139.575 Y100.134
M204 S3000
M205 X20 Y20
G1 F1500 X142.467 Y97.242 E848.17368
M204 S5000
M205 X30 Y30
G0 F7200 X142.342 Y96.659
M204 S3000
M205 X20 Y20
G1 F1500 X138.928 Y100.073 E848.37441
M204 S5000
M205 X30 Y30
G0 F7200 X138.06 Y100.234
M204 S3000
M205 X20 Y20
G1 F1500 X142.149 Y96.145 E848.61483
M204 S5000
M205 X30 Y30
G0 F7200 X141.9 Y95.687
M204 S3000
M205 X20 Y20
G1 F1500 X108.313 Y129.273 E850.58959
M204 S5000
M205 X30 Y30
G0 F7200 X107.606 Y129.273
M204 S3000
M205 X20 Y20
G1 F1500 X138.714 Y98.166 E852.41859
M204 S5000
M205 X30 Y30
G0 F7200 X137.781 Y98.391
M204 S3000
M205 X20 Y20
G1 F1500 X106.899 Y129.273 E854.23433
M204 S5000
M205 X30 Y30
G0 F7200 X106.192 Y129.273
M204 S3000
M205 X20 Y20
G1 F1500 X137.173 Y98.293 E856.05587
M204 S5000
M205 X30 Y30
G0 F7200 X136.639 Y98.12
M204 S3000
M205 X20 Y20
G1 F1500 X105.485 Y129.273 E857.88757
M204 S5000
M205 X30 Y30
G0 F7200 X104.778 Y129.273
M204 S3000
M205 X20 Y20
G1 F1500 X136.193 Y97.858 E859.73465
M204 S5000
M205 X30 Y30
G0 F7200 X135.827 Y97.517
M204 S3000
M205 X20 Y20
G1 F1500 X104.071 Y129.273 E861.60178
M204 S5000
M205 X30 Y30
G0 F7200 X103.364 Y129.273
M204 S3000
M205 X20 Y20
G1 F1500 X135.509 Y97.128 E863.49179
M204 S5000
M205 X30 Y30
G0 F7200 X135.29 Y96.64
M204 S3000
M205 X20 Y20
G1 F1500 X102.657 Y129.273 E865.41048
M204 S5000
M205 X30 Y30
G0 F7200 X101.949 Y129.273
M204 S3000
M205 X20 Y20
G1 F1500 X135.156 Y96.067 E867.3629
M204 S5000
M205 X30 Y30
G0 F7200 X135.172 Y95.344
M204 S3000
M205 X20 Y20
G1 F1500 X101.242 Y129.273 E869.35782
M204 S5000
M205 X30 Y30
G0 F7200 X100.535 Y129.273
M204 S3000
M205 X20 Y20
G1 F1500 X135.729 Y94.08 E871.42707
M204 S5000
M205 X30 Y30
G0 F7200 X135.932 Y93.877
M204 S3000
M205 X20 Y20
G1 F1500 X137.779 Y92.029 E871.53569
M204 S5000
M205 X30 Y30
G0 F7200 X138.013 Y92.503
M204 S3000
M205 X20 Y20
G1 F1500 X137.343 Y93.173 E871.57508
M204 S5000
M205 X30 Y30
G0 F7200 X138.063 Y93.16
M204 S3000
M205 X20 Y20
G1 F1500 X138.303 Y92.92 E871.5892
M204 S5000
M205 X30 Y30
G0 F7200 X137.617 Y91.484
M204 S3000
M205 X20 Y20
G1 F1500 X99.828 Y129.273 E873.81104
M204 S5000
M205 X30 Y30
G0 F7200 X99.121 Y129.273
M204 S3000
M205 X20 Y20
G1 F1500 X137.528 Y90.866 E876.06923
M204 S5000
M205 X30 Y30
G0 F7200 X136.963 Y90.724
M204 S3000
M205 X20 Y20
G1 F1500 X98.414 Y129.273 E878.33576
M204 S5000
M205 X30 Y30
G0 F7200 X97.707 Y129.273
M204 S3000
M205 X20 Y20
G1 F1500 X136.256 Y90.724 E880.6023
M204 S5000
M205 X30 Y30
G0 F7200 X135.549 Y90.724
M204 S3000
M205 X20 Y20
G1 F1500 X97 Y129.273 E882.86883
M204 S5000
M205 X30 Y30
G0 F7200 X96.293 Y129.273
M204 S3000
M205 X20 Y20
G1 F1500 X134.842 Y90.724 E885.13536
M204 S5000
M205 X30 Y30
G0 F7200 X134.135 Y90.724
M204 S3000
M205 X20 Y20
G1 F1500 X95.585 Y129.273 E887.40193
M204 S5000
M205 X30 Y30
G0 F7200 X94.878 Y129.273
M204 S3000
M205 X20 Y20
G1 F1500 X133.428 Y90.724 E889.66849
M204 S5000
M205 X30 Y30
G0 F7200 X132.721 Y90.724
M204 S3000
M205 X20 Y20
G1 F1500 X94.171 Y129.273 E891.93505
M204 S5000
M205 X30 Y30
G0 F7200 X93.464 Y129.273
M204 S3000
M205 X20 Y20
G1 F1500 X132.014 Y90.724 E894.20161
M204 S5000
M205 X30 Y30
G0 F7200 X131.306 Y90.724
M204 S3000
M205 X20 Y20
G1 F1500 X92.757 Y129.273 E896.46815
M204 S5000
M205 X30 Y30
G0 F7200 X92.05 Y129.273
M204 S3000
M205 X20 Y20
G1 F1500 X130.599 Y90.724 E898.73468
M204 S5000
M205 X30 Y30
G0 F7200 X129.892 Y90.724
M204 S3000
M205 X20 Y20
G1 F1500 X91.343 Y129.273 E901.00121
M204 S5000
M205 X30 Y30
G0 F7200 X90.636 Y129.273
M204 S3000
M205 X20 Y20
G1 F1500 X129.185 Y90.724 E903.26775
M204 S5000
M205 X30 Y30
G0 F7200 X128.478 Y90.724
M204 S3000
M205 X20 Y20
G1 F1500 X89.929 Y129.273 E905.53428
M204 S5000
M205 X30 Y30
G0 F7200 X89.222 Y129.273
M204 S3000
M205 X20 Y20
G1 F1500 X127.771 Y90.724 E907.80081
M204 S5000
M205 X30 Y30
G0 F7200 X127.064 Y90.724
M204 S3000
M205 X20 Y20
G1 F1500 X88.514 Y129.273 E910.06738
M204 S5000
M205 X30 Y30
G0 F7200 X87.807 Y129.273
M204 S3000
M205 X20 Y20
G1 F1500 X126.357 Y90.724 E912.33394
M204 S5000
M205 X30 Y30
G0 F7200 X125.65 Y90.724
M204 S3000
M205 X20 Y20
G1 F1500 X87.1 Y129.273 E914.6005
M204 S5000
M205 X30 Y30
G0 F7200 X86.393 Y129.273
M204 S3000
M205 X20 Y20
G1 F1500 X124.942 Y90.724 E916.86704
M204 S5000
M205 X30 Y30
G0 F7200 X124.235 Y90.724
M204 S3000
M205 X20 Y20
G1 F1500 X85.686 Y129.273 E919.13357
M204 S5000
M205 X30 Y30
G0 F7200 X84.979 Y129.273
M204 S3000
M205 X20 Y20
G1 F1500 X123.528 Y90.724 E921.4001
M204 S5000
M205 X30 Y30
G0 F7200 X122.821 Y90.724
M204 S3000
M205 X20 Y20
G1 F1500 X84.272 Y129.273 E923.66664
M204 S5000
M205 X30 Y30
G0 F7200 X83.565 Y129.273
M204 S3000
M205 X20 Y20
G1 F1500 X122.114 Y90.724 E925.93317
M204 S5000
M205 X30 Y30
G0 F7200 X121.407 Y90.724
M204 S3000
M205 X20 Y20
G1 F1500 X82.858 Y129.273 E928.1997
M204 S5000
M205 X30 Y30
G0 F7200 X82.274 Y129.15
M204 S3000
M205 X20 Y20
G1 F1500 X82.136 Y129.288 E928.20782
M204 S5000
M205 X30 Y30
G0 F7200 X83.857 Y127.567
M204 S3000
M205 X20 Y20
G1 F1500 X120.7 Y90.724 E930.37404
M204 S5000
M205 X30 Y30
G0 F7200 X119.993 Y90.724
M204 S3000
M205 X20 Y20
G1 F1500 X84.149 Y126.568 E932.48153
M204 S5000
M205 X30 Y30
G0 F7200 X84.154 Y125.856
M204 S3000
M205 X20 Y20
G1 F1500 X119.286 Y90.724 E934.54716
M204 S5000
M205 X30 Y30
G0 F7200 X118.578 Y90.724
M204 S3000
M205 X20 Y20
G1 F1500 X84.019 Y125.284 E936.57913
M204 S5000
M205 X30 Y30
G0 F7200 X83.804 Y124.792
M204 S3000
M205 X20 Y20
G1 F1500 X117.871 Y90.724 E938.58217
M204 S5000
M205 X30 Y30
G0 F7200 X117.164 Y90.724
M204 S3000
M205 X20 Y20
G1 F1500 X83.553 Y124.336 E940.55839
M204 S5000
M205 X30 Y30
G0 F7200 X83.199 Y123.982
M204 S3000
M205 X20 Y20
G1 F1500 X116.457 Y90.724 E942.51384
M204 S5000
M205 X30 Y30
G0 F7200 X115.75 Y90.724
M204 S3000
M205 X20 Y20
G1 F1500 X82.817 Y123.657 E944.45017
M204 S5000
M205 X30 Y30
G0 F7200 X82.384 Y123.383
M204 S3000
M205 X20 Y20
G1 F1500 X115.043 Y90.724 E946.37039
M204 S5000
M205 X30 Y30
G0 F7200 X114.336 Y90.724
M204 S3000
M205 X20 Y20
G1 F1500 X81.851 Y123.209 E948.28039
M204 S5000
M205 X30 Y30
G0 F7200 X81.257 Y123.096
M204 S3000
M205 X20 Y20
G1 F1500 X113.629 Y90.724 E950.18374
M204 S5000
M205 X30 Y30
G0 F7200 X112.922 Y90.724
M204 S3000
M205 X20 Y20
G1 F1500 X80.525 Y123.121 E952.08856
G1 X80.437 Y123.209
M204 S5000
M205 X30 Y30
G0 F7200 X79.415 Y123.524
M204 S3000
M205 X20 Y20
G1 F1500 X112.215 Y90.724 E954.01707
M204 S5000
M205 X30 Y30
G0 F7200 X111.507 Y90.724
M204 S3000
M205 X20 Y20
G1 F1500 X77.475 Y124.756 E956.01802
M204 S5000
M205 X30 Y30
G0 F7200 X77.476 Y125.462
M204 S3000
M205 X20 Y20
G1 F1500 X78.219 Y124.72 E956.06168
G1 X78.307 Y124.632
M204 S5000
M205 X30 Y30
G0 F7200 X77.475 Y124.049
M204 S3000
M205 X20 Y20
G1 F1500 X110.8 Y90.724 E958.02106
M204 S5000
M205 X30 Y30
G0 F7200 X110.093 Y90.724
M204 S3000
M205 X20 Y20
G1 F1500 X77.475 Y123.342 E959.93887
M204 S5000
M205 X30 Y30
G0 F7200 X77.475 Y122.635
M204 S3000
M205 X20 Y20
G1 F1500 X82.816 Y117.294 E960.2529
M204 S5000
M205 X30 Y30
G0 F7200 X82.044 Y117.359
M204 S3000
M205 X20 Y20
G1 F1500 X77.475 Y121.928 E960.52154
M204 S5000
M205 X30 Y30
G0 F7200 X77.475 Y121.221
M204 S3000
M205 X20 Y20
G1 F1500 X81.442 Y117.254 E960.75479
M204 S5000
M205 X30 Y30
G0 F7200 X80.972 Y117.016
M204 S3000
M205 X20 Y20
G1 F1500 X77.475 Y120.514 E960.96043
M204 S5000
M205 X30 Y30
G0 F7200 X77.475 Y119.807
M204 S3000
M205 X20 Y20
G1 F1500 X80.547 Y116.734 E961.14108
M204 S5000
M205 X30 Y30
G0 F7200 X80.202 Y116.372
M204 S3000
M205 X20 Y20
G1 F1500 X77.475 Y119.1 E961.30145
M204 S5000
M205 X30 Y30
G0 F7200 X77.475 Y118.393
M204 S3000
M205 X20 Y20
G1 F1500 X79.928 Y115.94 E961.44567
M204 S5000
M205 X30 Y30
G0 F7200 X79.724 Y115.436
M204 S3000
M205 X20 Y20
G1 F1500 X77.475 Y117.685 E961.57791
M204 S5000
M205 X30 Y30
G0 F7200 X77.475 Y116.978
M204 S3000
M205 X20 Y20
G1 F1500 X79.63 Y114.823 E961.70461
M204 S5000
M205 X30 Y30
G0 F7200 X79.746 Y114
M204 S3000
M205 X20 Y20
G1 F1500 X77.475 Y116.271 E961.83814
M204 S5000
M205 X30 Y30
G0 F7200 X77.475 Y115.564
M204 S3000
M205 X20 Y20
G1 F1500 X102.316 Y90.723 E963.29869
M204 S5000
M205 X30 Y30
G0 F7200 X103.023 Y90.723
M204 S3000
M205 X20 Y20
G1 F1500 X81.508 Y112.239 E964.56372
M204 S5000
M205 X30 Y30
G0 F7200 X82.325 Y112.128
M204 S3000
M205 X20 Y20
G1 F1500 X103.73 Y90.723 E965.82225
M204 S5000
M205 X30 Y30
G0 F7200 X104.437 Y90.723
M204 S3000
M205 X20 Y20
G1 F1500 X82.937 Y112.223 E967.08637
M204 S5000
M205 X30 Y30
G0 F7200 X83.444 Y112.424
M204 S3000
M205 X20 Y20
G1 F1500 X105.144 Y90.723 E968.36228
M204 S5000
M205 X30 Y30
G0 F7200 X105.851 Y90.723
M204 S3000
M205 X20 Y20
G1 F1500 X83.885 Y112.69 E969.65382
M204 S5000
M205 X30 Y30
G0 F7200 X84.241 Y113.04
M204 S3000
M205 X20 Y20
G1 F1500 X106.558 Y90.723 E970.96598
M204 S5000
M205 X30 Y30
G0 F7200 X107.265 Y90.723
M204 S3000
M205 X20 Y20
G1 F1500 X84.521 Y113.468 E972.30327
M204 S5000
M205 X30 Y30
G0 F7200 X84.749 Y113.947
M204 S3000
M205 X20 Y20
G1 F1500 X107.973 Y90.723 E973.66875
M204 S5000
M205 X30 Y30
G0 F7200 X108.68 Y90.723
M204 S3000
M205 X20 Y20
G1 F1500 X84.846 Y114.557 E975.0701
M204 S5000
M205 X30 Y30
G0 F7200 X84.8 Y115.31
M204 S3000
M205 X20 Y20
G1 F1500 X109.387 Y90.723 E976.51572
G1 X109.475 Y90.635
M204 S5000
M205 X30 Y30
G0 F7200 X101.609 Y90.723
M204 S3000
M205 X20 Y20
G1 F1500 X77.475 Y114.857 E977.93471
M204 S5000
M205 X30 Y30
G0 F7200 X77.475 Y114.15
M204 S3000
M205 X20 Y20
G1 F1500 X100.902 Y90.723 E979.31212
M204 S5000
M205 X30 Y30
G0 F7200 X100.194 Y90.723
M204 S3000
M205 X20 Y20
G1 F1500 X77.475 Y113.443 E980.64794
M204 S5000
M205 X30 Y30
G0 F7200 X77.475 Y112.736
M204 S3000
M205 X20 Y20
G1 F1500 X99.487 Y90.723 E981.94219
M204 S5000
M205 X30 Y30
G0 F7200 X98.78 Y90.723
M204 S3000
M205 X20 Y20
G1 F1500 X77.475 Y112.029 E983.19488
M204 S5000
M205 X30 Y30
G0 F7200 X77.475 Y111.321
M204 S3000
M205 X20 Y20
G1 F1500 X98.073 Y90.723 E984.40596
M204 S5000
M205 X30 Y30
G0 F7200 X97.366 Y90.723
M204 S3000
M205 X20 Y20
G1 F1500 X84.065 Y104.024 E985.18801
M204 S5000
M205 X30 Y30
G0 F7200 X84.169 Y103.214
M204 S3000
M205 X20 Y20
G1 F1500 X96.659 Y90.723 E985.9224
M204 S5000
M205 X30 Y30
G0 F7200 X95.952 Y90.723
M204 S3000
M205 X20 Y20
G1 F1500 X84.089 Y102.586 E986.6199
M204 S5000
M205 X30 Y30
G0 F7200 X83.939 Y102.029
M204 S3000
M205 X20 Y20
G1 F1500 X95.245 Y90.723 E987.28465
M204 S5000
M205 X30 Y30
G0 F7200 X94.538 Y90.723
M204 S3000
M205 X20 Y20
G1 F1500 X83.682 Y101.579 E987.92294
M204 S5000
M205 X30 Y30
G0 F7200 X83.39 Y101.164
M204 S3000
M205 X20 Y20
G1 F1500 X93.83 Y90.723 E988.5368
M204 S5000
M205 X30 Y30
G0 F7200 X93.123 Y90.723
M204 S3000
M205 X20 Y20
G1 F1500 X83.029 Y100.818 E989.13032
M204 S5000
M205 X30 Y30
G0 F7200 X82.618 Y100.522
M204 S3000
M205 X20 Y20
G1 F1500 X92.416 Y90.723 E989.70643
M204 S5000
M205 X30 Y30
G0 F7200 X91.709 Y90.723
M204 S3000
M205 X20 Y20
G1 F1500 X82.136 Y100.296 E990.26929
M204 S5000
M205 X30 Y30
G0 F7200 X81.587 Y100.139
M204 S3000
M205 X20 Y20
G1 F1500 X91.002 Y90.723 E990.82288
M204 S5000
M205 X30 Y30
G0 F7200 X90.295 Y90.723
M204 S3000
M205 X20 Y20
G1 F1500 X84.811 Y96.207 E991.14532
M204 S5000
M205 X30 Y30
G0 F7200 X84.847 Y95.465
M204 S3000
M205 X20 Y20
G1 F1500 X89.588 Y90.723 E991.4241
M204 S5000
M205 X30 Y30
G0 F7200 X88.881 Y90.723
M204 S3000
M205 X20 Y20
G1 F1500 X84.733 Y94.871 E991.66799
M204 S5000
M205 X30 Y30
G0 F7200 X84.488 Y94.409
M204 S3000
M205 X20 Y20
G1 F1500 X88.174 Y90.723 E991.88471
M204 S5000
M205 X30 Y30
G0 F7200 X87.466 Y90.723
M204 S3000
M205 X20 Y20
G1 F1500 X84.188 Y94.002 E992.07748
M204 S5000
M205 X30 Y30
G0 F7200 X83.816 Y93.666
M204 S3000
M205 X20 Y20
G1 F1500 X86.759 Y90.723 E992.25051
M204 S5000
M205 X30 Y30
G0 F7200 X86.052 Y90.723
M204 S3000
M205 X20 Y20
G1 F1500 X83.384 Y93.391 E992.40738
M204 S5000
M205 X30 Y30
G0 F7200 X82.86 Y93.209
M204 S3000
M205 X20 Y20
G1 F1500 X85.345 Y90.723 E992.55352
M204 S5000
M205 X30 Y30
G0 F7200 X84.638 Y90.723
M204 S3000
M205 X20 Y20
G1 F1500 X82.249 Y93.113 E992.69401
M204 S5000
M205 X30 Y30
G0 F7200 X81.318 Y93.336
M204 S3000
M205 X20 Y20
G1 F1500 X83.931 Y90.723 E992.84765
M204 S5000
M205 X30 Y30
G0 F7200 X83.224 Y90.723
M204 S3000
M205 X20 Y20
G1 F1500 X82.351 Y91.597 E992.89901
G1 X82.263 Y91.685
M204 S5000
M205 X30 Y30
G0 F7200 X79.76 Y94.187
M204 S3000
M205 X20 Y20
G1 F1500 X77.896 Y96.051 E993.0086
G1 X77.808 Y96.139
M204 S5000
M205 X30 Y30
G0 F7200 X77.554 Y97.101
M204 S3000
M205 X20 Y20
G1 F1500 X79.775 Y94.879 E993.13922
M204 S5000
M205 X30 Y30
G0 F7200 X79.626 Y95.735
M204 S3000
M205 X20 Y20
G1 F1500 X77.476 Y97.885 E993.26563
M204 S5000
M205 X30 Y30
G0 F7200 X77.476 Y98.592
M204 S3000
M205 X20 Y20
G1 F1500 X79.705 Y96.363 E993.39669
M204 S5000
M205 X30 Y30
G0 F7200 X79.889 Y96.887
M204 S3000
M205 X20 Y20
G1 F1500 X77.476 Y99.299 E993.53853
M204 S5000
M205 X30 Y30
G0 F7200 X77.476 Y100.006
M204 S3000
M205 X20 Y20
G1 F1500 X80.168 Y97.315 E993.69678
M204 S5000
M205 X30 Y30
G0 F7200 X80.491 Y97.699
M204 S3000
M205 X20 Y20
G1 F1500 X77.476 Y100.713 E993.87402
M204 S5000
M205 X30 Y30
G0 F7200 X77.476 Y101.421
M204 S3000
M205 X20 Y20
G1 F1500 X80.908 Y97.989 E994.07581
M204 S5000
M205 X30 Y30
G0 F7200 X81.362 Y98.242
M204 S3000
M205 X20 Y20
G1 F1500 X77.503 Y102.101 E994.30271
G1 X77.415 Y102.189
M204 S5000
M205 X30 Y30
G0 F7200 X77.771 Y103.955
M204 S3000
M205 X20 Y20
G1 F1500 X77.557 Y104.168 E994.31526
M204 S5000
M205 X30 Y30
G0 F7200 X78.041 Y104.391
M204 S3000
M205 X20 Y20
G1 F1500 X77.475 Y104.957 E994.34854
M204 S5000
M205 X30 Y30
G0 F7200 X77.475 Y105.665
M204 S3000
M205 X20 Y20
G1 F1500 X78.279 Y104.861 E994.39581
M204 S5000
M205 X30 Y30
G0 F7200 X78.565 Y105.281
M204 S3000
M205 X20 Y20
G1 F1500 X77.475 Y106.372 E994.45993
M204 S5000
M205 X30 Y30
G0 F7200 X77.475 Y107.079
M204 S3000
M205 X20 Y20
G1 F1500 X78.923 Y105.631 E994.54506
M204 S5000
M205 X30 Y30
G0 F7200 X79.326 Y105.935
M204 S3000
M205 X20 Y20
G1 F1500 X77.475 Y107.786 E994.6539
M204 S5000
M205 X30 Y30
G0 F7200 X77.475 Y108.493
M204 S3000
M205 X20 Y20
G1 F1500 X79.798 Y106.17 E994.79048
M204 S5000
M205 X30 Y30
G0 F7200 X80.327 Y106.348
M204 S3000
M205 X20 Y20
G1 F1500 X77.475 Y109.2 E994.95817
M204 S5000
M205 X30 Y30
G0 F7200 X77.475 Y109.907
M204 S3000
M205 X20 Y20
G1 F1500 X80.967 Y106.416 E995.16345
M204 S5000
M205 X30 Y30
G0 F7200 X81.775 Y106.314
M204 S3000
M205 X20 Y20
G1 F1500 X77.475 Y110.614 E995.41628
G1 X77.387 Y110.702
M204 S5000
M205 X30 Y30
G0 F7200 X78.426 Y102.872
G0 X80.099 Y100.212
M204 S3000
M205 X20 Y20
G1 F1500 X81.963 Y98.348 E995.52587
M204 S5000
M205 X30 Y30
G0 F7200 X82.702 Y98.316
M204 S3000
M205 X20 Y20
G1 F1500 X80.943 Y100.076 E995.62932
G1 X80.855 Y100.164
M204 S5000
M205 X30 Y30
G0 F7200 X79.371 Y101.228
G0 X78.644 Y102.148
G0 X77.841 Y125.805
M204 S3000
M205 X20 Y20
G1 F1500 X77.579 Y126.067 E995.64473
M204 S5000
M205 X30 Y30
G0 F7200 X77.829 Y126.524
M204 S3000
M205 X20 Y20
G1 F1500 X77.729 Y126.624 E995.65061
M204 S5000
M205 X30 Y30
G0 F7200 X79.371 Y128.272
G0 X80.387 Y128.773
G0 X109.021 Y129.273
M204 S3000
M205 X20 Y20
G1 F1500 X135.967 Y102.327 E997.23493
M204 S5000
M205 X30 Y30
G0 F7200 X135.832 Y103.169
M204 S3000
M205 X20 Y20
G1 F1500 X109.728 Y129.273 E998.76975
M204 S5000
M205 X30 Y30
G0 F7200 X110.434 Y129.274
M204 S3000
M205 X20 Y20
G1 F1500 X135.888 Y103.82 E1000.26634
M204 S5000
M205 X30 Y30
G0 F7200 X136.018 Y104.397
M204 S3000
M205 X20 Y20
G1 F1500 X111.141 Y129.274 E1001.72902
M204 S5000
M205 X30 Y30
G0 F7200 X111.848 Y129.274
M204 S3000
M205 X20 Y20
G1 F1500 X136.272 Y104.85 E1003.16505
M204 S5000
M205 X30 Y30
G0 F7200 X136.551 Y105.279
M204 S3000
M205 X20 Y20
G1 F1500 X112.555 Y129.274 E1004.5759
M204 S5000
M205 X30 Y30
G0 F7200 X113.262 Y129.274
M204 S3000
M205 X20 Y20
G1 F1500 X136.909 Y105.628 E1005.96622
M204 S5000
M205 X30 Y30
G0 F7200 X137.31 Y105.934
M204 S3000
M205 X20 Y20
G1 F1500 X113.97 Y129.274 E1007.33852
M204 S5000
M205 X30 Y30
G0 F7200 X114.677 Y129.274
M204 S3000
M205 X20 Y20
G1 F1500 X137.783 Y106.168 E1008.69707
M204 S5000
M205 X30 Y30
G0 F7200 X138.313 Y106.345
M204 S3000
M205 X20 Y20
G1 F1500 X115.384 Y129.274 E1010.0452
M204 S5000
M205 X30 Y30
G0 F7200 X116.091 Y129.274
M204 S3000
M205 X20 Y20
G1 F1500 X138.951 Y106.414 E1011.38928
G1 X139.039 Y106.326
M204 S5000
M205 X30 Y30
G0 F7200 X140.354 Y105.472
G0 X141.356 Y104.353
G0 X141.574 Y103.016
G0 X140.21 Y96.67
M204 S3000
M205 X20 Y20
G1 F1500 X141.603 Y95.276 E1011.47122
M204 S5000
M205 X30 Y30
G0 F7200 X141.266 Y94.907
M204 S3000
M205 X20 Y20
G1 F1500 X140.382 Y95.791 E1011.52319
M204 S5000
M205 X30 Y30
G0 F7200 X140.292 Y95.174
M204 S3000
M205 X20 Y20
G1 F1500 X140.882 Y94.584 E1011.55788
M204 S5000
M205 X30 Y30
G0 F7200 X140.448 Y94.311
M204 S3000
M205 X20 Y20
G1 F1500 X140.118 Y94.64 E1011.57726
M204 S5000
M205 X30 Y30
G0 F7200 X139.843 Y94.208
M204 S3000
M205 X20 Y20
G1 F1500 X139.974 Y94.077 E1011.58496
M204 S5000
M205 X30 Y30
;MESH:NONMESH
G0 F600 X139.974 Y94.077 Z1.1
G0 F7200 X137.973 Y93.732
G0 X81.838 Y91.491
G0 X81.66 Y91.448
;TIME_ELAPSED:901.977870
;LAYER:4
M204 S3000
M205 X20 Y20
;TYPE:WALL-INNER
;MESH:Pi Holder.stl
G1 F4020 X81.442 Y92.015 E1011.61021
G1 X81.229 Y92.361 E1011.62711
G1 X80.813 Y92.828 E1011.65311
G1 X80.181 Y93.234 E1011.68434
G1 X79.406 Y93.546 E1011.71907
G1 X78.704 Y93.983 E1011.75345
G1 X78.18 Y94.427 E1011.782
G1 X77.61 Y95.07 E1011.81773
G1 X77.194 Y95.823 E1011.85349
G1 X76.888 Y96.633 E1011.88949
G1 X76.751 Y97.576 E1011.92911
G1 X76.75 Y125.486 E1013.08947
G1 X76.802 Y125.943 E1013.1086
G1 X77.002 Y126.817 E1013.14587
G1 X77.39 Y127.625 E1013.18314
G1 X77.893 Y128.361 E1013.2202
G1 X78.538 Y128.96 E1013.2568
G1 X79.125 Y129.36 E1013.28633
G1 X79.928 Y129.746 E1013.32337
G1 X80.806 Y129.948 E1013.36083
G1 X81.266 Y130 E1013.38007
G1 X138.734 Y130 E1015.76931
G1 X139.194 Y129.948 E1015.78856
G1 X140.072 Y129.746 E1015.82602
G1 X140.875 Y129.36 E1015.86306
G1 X141.616 Y128.853 E1015.90039
G1 X142.212 Y128.21 E1015.93684
G1 X142.61 Y127.625 E1015.96625
G1 X142.996 Y126.821 E1016.00333
G1 X143.198 Y125.944 E1016.04075
G1 X143.25 Y125.485 E1016.05995
G1 X143.25 Y97.572 E1017.22044
G1 X143.112 Y96.634 E1017.25986
G1 X142.806 Y95.823 E1017.2959
G1 X142.387 Y95.068 E1017.3318
G1 X141.819 Y94.426 E1017.36743
G1 X141.296 Y93.984 E1017.3959
G1 X140.601 Y93.552 E1017.42993
G1 X139.729 Y93.192 E1017.46915
G1 X139.179 Y92.82 E1017.49675
G1 X138.77 Y92.359 E1017.52237
G1 X138.557 Y92.014 E1017.53923
G1 X138.339 Y91.448 E1017.56445
G1 X138.25 Y90.993 E1017.58372
G1 X138.25 Y90 E1017.62501
G1 X81.75 Y90 E1019.974
G1 X81.75 Y90.91 E1020.01184
G1 X81.66 Y91.448 E1020.03452
M204 S5000
M205 X30 Y30
G0 F7200 X81.847 Y91.52
G0 X80.241 Y95.13
G0 X80.44 Y95.165
M204 S3000
M205 X20 Y20
G1 F4020 X80.708 Y94.645 E1020.05884
G1 X81.036 Y94.284 E1020.07912
G1 X81.575 Y93.959 E1020.10528
G1 X82.26 Y93.839 E1020.1342
G1 X82.907 Y93.963 E1020.16158
G1 X83.354 Y94.208 E1020.18278
G1 X83.738 Y94.546 E1020.20405
G1 X84.041 Y95.105 E1020.23048
G1 X84.16 Y95.755 E1020.25795
G1 X84.062 Y96.327 E1020.28208
G1 X83.846 Y96.781 E1020.30298
G1 X83.48 Y97.204 E1020.32624
G1 X82.928 Y97.54 E1020.35311
G1 X82.262 Y97.663 E1020.38126
G1 X81.598 Y97.55 E1020.40927
G1 X81.017 Y97.213 E1020.43719
G1 X80.606 Y96.707 E1020.46429
G1 X80.461 Y96.399 E1020.47845
G1 X80.357 Y95.879 E1020.50049
G1 X80.358 Y95.619 E1020.5113
G1 X80.44 Y95.165 E1020.53048
M204 S5000
M205 X30 Y30
G0 F7200 X80.241 Y95.13
G0 X78.365 Y103.001
G0 X78.565 Y103.001
M204 S3000
M205 X20 Y20
G1 F4020 X78.596 Y102.784 E1020.5396
G1 X78.83 Y102.115 E1020.56906
G1 X79.202 Y101.582 E1020.59609
G1 X79.526 Y101.295 E1020.61408
G1 X80.048 Y100.989 E1020.63924
G1 X80.426 Y100.863 E1020.6558
G1 X81.05 Y100.799 E1020.68188
G1 X81.481 Y100.841 E1020.69989
G1 X82.045 Y101.033 E1020.72466
G1 X82.463 Y101.281 E1020.74486
G1 X82.952 Y101.749 E1020.773
G1 X83.301 Y102.382 E1020.80306
G1 X83.439 Y103.007 E1020.82967
G1 X83.446 Y103.472 E1020.849
G1 X83.3 Y104.119 E1020.87658
G1 X82.957 Y104.743 E1020.90618
G1 X82.461 Y105.221 E1020.93482
G1 X82.081 Y105.455 E1020.95337
G1 X81.478 Y105.655 E1020.97978
G1 X81.014 Y105.7 E1020.99917
G1 X80.374 Y105.631 E1021.02593
G1 X79.706 Y105.346 E1021.05612
G1 X79.107 Y104.801 E1021.08979
G1 X78.739 Y104.19 E1021.11945
G1 X78.576 Y103.629 E1021.14373
G1 X78.565 Y103.001 E1021.16985
M204 S5000
M205 X30 Y30
G0 F7200 X78.365 Y103.001
G0 X80.231 Y114.188
G0 X80.428 Y114.223
M204 S3000
M205 X20 Y20
G1 F4020 X80.516 Y113.98 E1021.18059
G1 X80.708 Y113.645 E1021.19664
G1 X81.047 Y113.261 E1021.21794
G1 X81.624 Y112.952 E1021.24515
G1 X82.253 Y112.835 E1021.27175
G1 X82.905 Y112.962 E1021.29937
G1 X83.438 Y113.255 E1021.32466
G1 X83.765 Y113.601 E1021.34445
G1 X84.067 Y114.196 E1021.37219
G1 X84.162 Y114.773 E1021.3965
G1 X84.036 Y115.406 E1021.42334
G1 X83.889 Y115.715 E1021.43756
G1 X83.542 Y116.144 E1021.4605
G1 X82.983 Y116.504 E1021.48814
G1 X82.777 Y116.572 E1021.49716
G1 X82.168 Y116.649 E1021.52268
G1 X81.624 Y116.548 E1021.54569
G1 X81.134 Y116.284 E1021.56883
G1 X80.934 Y116.117 E1021.57966
G1 X80.684 Y115.819 E1021.59583
G1 X80.485 Y115.456 E1021.61304
G1 X80.357 Y114.879 E1021.63762
G1 X80.347 Y114.75 E1021.64299
G1 X80.428 Y114.223 E1021.66516
M204 S5000
M205 X30 Y30
G0 F7200 X80.231 Y114.188
G0 X78.365 Y125.906
G0 X78.57 Y125.906
M204 S3000
M205 X20 Y20
G1 F4020 X78.739 Y125.31 E1021.69092
G1 X78.83 Y125.115 E1021.69986
G1 X79.202 Y124.582 E1021.72689
G1 X79.526 Y124.295 E1021.74488
G1 X80.085 Y123.976 E1021.77164
G1 X80.499 Y123.855 E1021.78957
G1 X81.015 Y123.8 E1021.81115
G1 X81.49 Y123.844 E1021.83098
G1 X82.081 Y124.045 E1021.85693
G1 X82.468 Y124.279 E1021.87574
G1 X82.963 Y124.769 E1021.90469
G1 X83.277 Y125.339 E1021.93175
G1 X83.428 Y125.949 E1021.95787
G1 X83.446 Y126.386 E1021.97606
G1 X83.322 Y127.022 E1022.003
G1 X83.004 Y127.657 E1022.03252
G1 X82.522 Y128.168 E1022.06173
G1 X82.099 Y128.451 E1022.08289
G1 X81.446 Y128.661 E1022.11141
G1 X81.042 Y128.705 E1022.1283
G1 X80.412 Y128.631 E1022.15467
G1 X79.999 Y128.49 E1022.17282
G1 X79.494 Y128.185 E1022.19735
G1 X79.202 Y127.918 E1022.2138
G1 X78.83 Y127.385 E1022.24082
G1 X78.739 Y127.19 E1022.24976
G1 X78.569 Y126.583 E1022.27597
G1 X78.57 Y125.906 E1022.30412
M204 S5000
M205 X30 Y30
G0 F7200 X78.365 Y125.906
G0 X79.038 Y124.55
G0 X79.947 Y123.876
G0 X136.379 Y125.906
G0 X136.572 Y125.949
M204 S3000
M205 X20 Y20
G1 F4020 X136.723 Y125.339 E1022.33024
G1 X137.038 Y124.767 E1022.35739
G1 X137.533 Y124.279 E1022.38629
G1 X137.92 Y124.044 E1022.40512
G1 X138.522 Y123.845 E1022.43148
G1 X138.985 Y123.8 E1022.45082
G1 X139.501 Y123.855 E1022.47239
G1 X140.066 Y124.046 E1022.49719
G1 X140.604 Y124.395 E1022.52385
G1 X140.904 Y124.711 E1022.54196
G1 X141.26 Y125.31 E1022.57093
G1 X141.436 Y125.936 E1022.59797
G1 X141.432 Y126.583 E1022.62487
G1 X141.232 Y127.291 E1022.65545
G1 X140.834 Y127.88 E1022.68501
G1 X140.507 Y128.185 E1022.7036
G1 X140.001 Y128.49 E1022.72816
G1 X139.588 Y128.631 E1022.74631
G1 X139.024 Y128.697 E1022.76992
G1 X138.604 Y128.669 E1022.78742
G1 X137.988 Y128.479 E1022.81422
G1 X137.61 Y128.27 E1022.83217
G1 X137.13 Y127.831 E1022.85922
G1 X136.754 Y127.223 E1022.88894
G1 X136.572 Y126.551 E1022.91788
G1 X136.554 Y126.114 E1022.93607
G1 X136.572 Y125.949 E1022.94297
M204 S5000
M205 X30 Y30
G0 F7200 X136.379 Y125.906
G0 X135.928 Y115.8
G0 X136.111 Y115.715
M204 S3000
M205 X20 Y20
G1 F4020 X135.934 Y115.31 E1022.96134
G1 X135.858 Y114.879 E1022.97954
G1 X135.847 Y114.719 E1022.98621
G1 X135.948 Y114.106 E1023.01204
G1 X136.235 Y113.601 E1023.03619
G1 X136.562 Y113.255 E1023.05598
G1 X137.095 Y112.962 E1023.08126
G1 X137.747 Y112.835 E1023.10888
G1 X138.376 Y112.952 E1023.13548
G1 X138.953 Y113.261 E1023.16269
G1 X139.292 Y113.645 E1023.18399
G1 X139.484 Y113.981 E1023.20008
G1 X139.572 Y114.223 E1023.21078
G1 X139.654 Y114.75 E1023.23296
G1 X139.559 Y115.375 E1023.25924
G1 X139.316 Y115.819 E1023.28028
G1 X139.066 Y116.117 E1023.29646
G1 X138.866 Y116.284 E1023.30729
G1 X138.376 Y116.548 E1023.33043
G1 X137.832 Y116.649 E1023.35343
G1 X137.223 Y116.572 E1023.37895
G1 X137.017 Y116.504 E1023.38797
G1 X136.458 Y116.144 E1023.41561
G1 X136.111 Y115.715 E1023.43855
M204 S5000
M205 X30 Y30
G0 F7200 X135.928 Y115.8
G0 X136.366 Y102.963
G0 X136.561 Y103.007
M204 S3000
M205 X20 Y20
G1 F4020 X136.7 Y102.38 E1023.46526
G1 X137.048 Y101.749 E1023.49521
G1 X137.537 Y101.281 E1023.52336
G1 X137.955 Y101.033 E1023.54356
G1 X138.52 Y100.845 E1023.56832
G1 X138.95 Y100.8 E1023.58629
G1 X139.574 Y100.863 E1023.61237
G1 X139.952 Y100.989 E1023.62893
G1 X140.553 Y101.341 E1023.65789
G1 X140.904 Y101.711 E1023.67909
G1 X141.17 Y102.115 E1023.6992
G1 X141.403 Y102.784 E1023.72866
G1 X141.436 Y103.001 E1023.73778
G1 X141.425 Y103.629 E1023.7639
G1 X141.26 Y104.19 E1023.78821
G1 X140.893 Y104.801 E1023.81784
G1 X140.368 Y105.279 E1023.84736
G1 X140.182 Y105.394 E1023.85645
G1 X139.514 Y105.643 E1023.88609
G1 X138.986 Y105.7 E1023.90817
G1 X138.522 Y105.655 E1023.92755
G1 X137.92 Y105.456 E1023.95391
G1 X137.535 Y105.222 E1023.97264
G1 X137.044 Y104.743 E1024.00116
G1 X136.708 Y104.138 E1024.02993
G1 X136.564 Y103.514 E1024.05656
G1 X136.554 Y103.114 E1024.07319
G1 X136.561 Y103.007 E1024.07765
M204 S5000
M205 X30 Y30
G0 F7200 X136.366 Y102.963
G0 X135.74 Y96.361
G0 X135.938 Y96.327
M204 S3000
M205 X20 Y20
G1 F4020 X135.858 Y95.879 E1024.09657
G1 X135.847 Y95.715 E1024.1034
G1 X135.959 Y95.105 E1024.12919
G1 X136.208 Y94.646 E1024.1509
G1 X136.545 Y94.263 E1024.17211
G1 X137.093 Y93.963 E1024.19808
G1 X137.736 Y93.839 E1024.22531
G1 X138.362 Y93.947 E1024.25172
G1 X138.904 Y94.238 E1024.27729
G1 X139.173 Y94.487 E1024.29253
G1 X139.484 Y94.981 E1024.3168
G1 X139.56 Y95.166 E1024.32512
G1 X139.652 Y95.79 E1024.35134
G1 X139.539 Y96.4 E1024.37713
G1 X139.394 Y96.706 E1024.39121
G1 X138.983 Y97.213 E1024.41835
G1 X138.402 Y97.55 E1024.44627
G1 X137.801 Y97.652 E1024.47161
G1 X137.114 Y97.557 E1024.50045
G1 X136.52 Y97.204 E1024.52918
G1 X136.154 Y96.781 E1024.55243
G1 X135.938 Y96.327 E1024.57333
M204 S5000
M205 X30 Y30
G0 F7200 X135.74 Y96.361
G0 X135.731 Y95.189
G0 X136.42 Y95.31
M204 S3000
M205 X20 Y20
;TYPE:WALL-OUTER
G1 F2040 X136.642 Y94.894 E1024.59294
G1 X136.842 Y94.682 E1024.60505
G1 X137.267 Y94.432 E1024.62555
G1 X137.728 Y94.347 E1024.64504
G1 X138.218 Y94.427 E1024.66568
G1 X138.64 Y94.665 E1024.68583
G1 X138.819 Y94.841 E1024.69626
G1 X139.076 Y95.291 E1024.71781
G1 X139.153 Y95.764 E1024.73773
G1 X139.071 Y96.224 E1024.75716
G1 X138.959 Y96.46 E1024.76802
G1 X138.652 Y96.827 E1024.78791
G1 X138.254 Y97.059 E1024.80707
G1 X137.767 Y97.153 E1024.82769
G1 X137.281 Y97.073 E1024.84816
G1 X136.88 Y96.849 E1024.86726
G1 X136.549 Y96.474 E1024.88806
G1 X136.427 Y96.218 E1024.89985
G1 X136.35 Y95.793 E1024.9178
G1 X136.42 Y95.31 E1024.93809
M204 S5000
M205 X30 Y30
G0 F7200 X136.514 Y95.134
G0 X135.902 Y94.779
G0 X138.419 Y92.175
G0 X139.016 Y91.813
M204 S3000
M205 X20 Y20
G1 F2040 X138.817 Y91.302 E1024.96089
G1 X138.753 Y90.959 E1024.9754
G1 X138.75 Y89.5 E1025.03606
G1 X81.25 Y89.5 E1027.42663
G1 X81.25 Y90.91 E1027.48525
G1 X81.182 Y91.302 E1027.50179
G1 X81.001 Y91.776 E1027.52289
G1 X80.838 Y92.049 E1027.5361
G1 X80.455 Y92.464 E1027.55958
G1 X79.947 Y92.792 E1027.58472
G1 X79.18 Y93.098 E1027.61906
G1 X78.409 Y93.578 E1027.65681
G1 X77.829 Y94.069 E1027.68841
G1 X77.323 Y94.641 E1027.72016
G1 X77.109 Y94.944 E1027.73558
G1 X76.739 Y95.613 E1027.76737
G1 X76.465 Y96.34 E1027.79967
G1 X76.375 Y96.688 E1027.81461
G1 X76.251 Y97.54 E1027.85041
G1 X76.25 Y125.514 E1029.01343
G1 X76.308 Y126.027 E1029.03489
G1 X76.486 Y126.803 E1029.06799
G1 X76.612 Y127.161 E1029.08377
G1 X76.956 Y127.875 E1029.11672
G1 X77.399 Y128.525 E1029.14943
G1 X77.647 Y128.816 E1029.16532
G1 X78.226 Y129.352 E1029.19812
G1 X78.875 Y129.794 E1029.23077
G1 X79.589 Y130.138 E1029.26372
G1 X79.947 Y130.264 E1029.2795
G1 X80.722 Y130.442 E1029.31256
G1 X81.238 Y130.5 E1029.33415
G1 X138.762 Y130.5 E1031.72572
G1 X139.278 Y130.442 E1031.7473
G1 X140.053 Y130.264 E1031.78036
G1 X140.411 Y130.138 E1031.79614
G1 X141.125 Y129.794 E1031.82909
G1 X141.777 Y129.349 E1031.86191
G1 X142.068 Y129.101 E1031.87781
G1 X142.604 Y128.522 E1031.91061
G1 X143.044 Y127.875 E1031.94314
G1 X143.388 Y127.16 E1031.97613
G1 X143.514 Y126.803 E1031.99187
G1 X143.692 Y126.028 E1032.02493
G1 X143.75 Y125.513 E1032.04648
G1 X143.75 Y97.536 E1033.20962
G1 X143.625 Y96.686 E1033.24534
G1 X143.535 Y96.34 E1033.26021
G1 X143.261 Y95.613 E1033.29251
G1 X142.889 Y94.942 E1033.3244
G1 X142.675 Y94.639 E1033.33983
G1 X142.169 Y94.067 E1033.37158
G1 X141.591 Y93.578 E1033.40305
G1 X140.83 Y93.105 E1033.44031
G1 X139.975 Y92.753 E1033.47875
G1 X139.536 Y92.457 E1033.50076
G1 X139.16 Y92.047 E1033.52389
G1 X139.016 Y91.813 E1033.53531
M204 S5000
M205 X30 Y30
G0 F7200 X138.944 Y91.627
G0 X138.288 Y91.877
G0 X136.15 Y94.471
G0 X135.706 Y95.68
G0 X136.49 Y102.408
G0 X137.173 Y102.561
M204 S3000
M205 X20 Y20
G1 F2040 X137.45 Y102.061 E1033.55908
G1 X137.846 Y101.674 E1033.5821
G1 X138.102 Y101.516 E1033.5946
G1 X138.629 Y101.333 E1033.6178
G1 X138.974 Y101.301 E1033.6322
G1 X139.459 Y101.353 E1033.65248
G1 X139.768 Y101.454 E1033.666
G1 X140.239 Y101.737 E1033.68884
G1 X140.486 Y101.985 E1033.70339
G1 X140.752 Y102.389 E1033.7235
G1 X140.936 Y102.963 E1033.74856
G1 X140.932 Y103.543 E1033.77268
G1 X140.771 Y104.083 E1033.79611
G1 X140.429 Y104.577 E1033.82109
G1 X139.986 Y104.934 E1033.84474
G1 X139.46 Y105.146 E1033.86832
G1 X138.96 Y105.2 E1033.88923
G1 X138.63 Y105.167 E1033.90301
G1 X138.138 Y105.002 E1033.92459
G1 X137.858 Y104.835 E1033.93814
G1 X137.464 Y104.457 E1033.96084
G1 X137.173 Y103.947 E1033.98526
G1 X137.055 Y103.416 E1034.00787
G1 X137.054 Y103.114 E1034.02043
G1 X137.056 Y103.078 E1034.02193
G1 X137.173 Y102.561 E1034.04396
M204 S5000
M205 X30 Y30
G0 F7200 X137.27 Y102.386
G0 X136.658 Y102.043
G0 X135.828 Y113.906
G0 X136.435 Y114.258
M204 S3000
M205 X20 Y20
G1 F2040 X136.671 Y113.853 E1034.06345
G1 X136.854 Y113.67 E1034.07421
G1 X137.288 Y113.425 E1034.09493
G1 X137.778 Y113.348 E1034.11555
G1 X138.223 Y113.428 E1034.13435
G1 X138.606 Y113.642 E1034.15259
G1 X138.818 Y113.842 E1034.16471
G1 X139.08 Y114.31 E1034.18701
G1 X139.154 Y114.75 E1034.20556
G1 X139.063 Y115.242 E1034.22636
G1 X138.933 Y115.497 E1034.23826
G1 X138.616 Y115.851 E1034.25801
G1 X138.223 Y116.072 E1034.27676
G1 X137.778 Y116.152 E1034.29556
G1 X137.288 Y116.075 E1034.31618
G1 X136.86 Y115.836 E1034.33656
G1 X136.555 Y115.482 E1034.35599
G1 X136.43 Y115.226 E1034.36783
G1 X136.35 Y114.793 E1034.38614
G1 X136.435 Y114.258 E1034.40866
M204 S5000
M205 X30 Y30
G0 F7200 X136.535 Y114.085
G0 X135.929 Y113.733
G0 X136.378 Y126.593
G0 X137.06 Y126.441
M204 S3000
M205 X20 Y20
G1 F2040 X137.054 Y126.114 E1034.42226
G1 X137.06 Y126.059 E1034.42456
G1 X137.181 Y125.541 E1034.44667
G1 X137.451 Y125.056 E1034.46975
G1 X137.832 Y124.685 E1034.49186
G1 X138.138 Y124.498 E1034.50677
G1 X138.635 Y124.332 E1034.52855
G1 X138.974 Y124.301 E1034.54271
G1 X139.447 Y124.352 E1034.56249
G1 X139.806 Y124.473 E1034.57824
G1 X140.257 Y124.755 E1034.60035
G1 X140.486 Y124.985 E1034.61384
G1 X140.772 Y125.419 E1034.63545
G1 X140.934 Y125.969 E1034.65929
G1 X140.934 Y126.527 E1034.68249
G1 X140.782 Y127.046 E1034.70497
G1 X140.487 Y127.515 E1034.72801
G1 X140.225 Y127.771 E1034.74324
G1 X139.784 Y128.039 E1034.76469
G1 X139.476 Y128.143 E1034.77821
G1 X138.974 Y128.199 E1034.79921
G1 X138.631 Y128.169 E1034.81352
G1 X138.098 Y127.982 E1034.83701
G1 X137.826 Y127.809 E1034.85041
G1 X137.433 Y127.413 E1034.8736
G1 X137.191 Y126.979 E1034.89426
G1 X137.06 Y126.441 E1034.91728
M204 S5000
M205 X30 Y30
G0 F7200 X137.057 Y126.241
G0 X136.354 Y126.241
G0 X82.953 Y112.817
G0 X81.547 Y112.817
G0 X80.712 Y113.409
G0 X80.92 Y114.31
M204 S3000
M205 X20 Y20
G1 F2040 X81.142 Y113.894 E1034.93689
G1 X81.342 Y113.682 E1034.94901
G1 X81.777 Y113.428 E1034.96995
G1 X82.222 Y113.348 E1034.98875
G1 X82.712 Y113.425 E1035.00937
G1 X83.146 Y113.67 E1035.03009
G1 X83.329 Y113.853 E1035.04085
G1 X83.565 Y114.258 E1035.06034
G1 X83.653 Y114.728 E1035.08022
G1 X83.57 Y115.226 E1035.10121
G1 X83.443 Y115.485 E1035.1132
G1 X83.154 Y115.825 E1035.13175
G1 X82.712 Y116.075 E1035.15286
G1 X82.222 Y116.152 E1035.17348
G1 X81.777 Y116.072 E1035.19228
G1 X81.384 Y115.851 E1035.21103
G1 X81.067 Y115.497 E1035.23078
G1 X80.937 Y115.242 E1035.24268
G1 X80.85 Y114.793 E1035.2617
G1 X80.92 Y114.31 E1035.28199
M204 S5000
M205 X30 Y30
G0 F7200 X81.014 Y114.134
G0 X80.402 Y113.779
G0 X78.398 Y103.744
G0 X79.068 Y103.543
M204 S3000
M205 X20 Y20
G1 F2040 X79.065 Y103.001 E1035.30452
G1 X79.075 Y102.928 E1035.30759
G1 X79.248 Y102.389 E1035.33112
G1 X79.513 Y101.985 E1035.35121
G1 X79.761 Y101.737 E1035.36579
G1 X80.232 Y101.454 E1035.38863
G1 X80.541 Y101.353 E1035.40215
G1 X81.052 Y101.299 E1035.42351
G1 X81.371 Y101.333 E1035.43685
G1 X81.863 Y101.499 E1035.45844
G1 X82.154 Y101.674 E1035.47256
G1 X82.55 Y102.061 E1035.49558
G1 X82.826 Y102.55 E1035.51892
G1 X82.946 Y103.096 E1035.54216
G1 X82.945 Y103.416 E1035.55547
G1 X82.823 Y103.95 E1035.57824
G1 X82.55 Y104.444 E1035.60171
G1 X82.167 Y104.815 E1035.62387
G1 X81.862 Y105.002 E1035.63875
G1 X81.37 Y105.167 E1035.66032
G1 X81.025 Y105.199 E1035.67473
G1 X80.469 Y105.128 E1035.69803
G1 X80.014 Y104.934 E1035.7186
G1 X79.571 Y104.577 E1035.74225
G1 X79.229 Y104.083 E1035.76723
G1 X79.068 Y103.543 E1035.79066
M204 S5000
M205 X30 Y30
G0 F7200 X79.067 Y103.343
G0 X78.365 Y103.343
G0 X80.161 Y95.914
G0 X80.85 Y95.793
M204 S3000
M205 X20 Y20
G1 F2040 X80.924 Y95.291 E1035.81175
G1 X81.142 Y94.894 E1035.83058
G1 X81.383 Y94.648 E1035.8449
G1 X81.781 Y94.427 E1035.86383
G1 X82.271 Y94.347 E1035.88447
G1 X82.733 Y94.432 E1035.904
G1 X83.106 Y94.642 E1035.9218
G1 X83.318 Y94.842 E1035.93391
G1 X83.58 Y95.31 E1035.95621
G1 X83.653 Y95.768 E1035.97549
G1 X83.573 Y96.218 E1035.9945
G1 X83.451 Y96.474 E1036.00629
G1 X83.176 Y96.803 E1036.02411
G1 X82.746 Y97.063 E1036.045
G1 X82.233 Y97.153 E1036.06666
G1 X81.746 Y97.059 E1036.08728
G1 X81.348 Y96.827 E1036.10643
G1 X81.041 Y96.46 E1036.12632
G1 X80.929 Y96.223 E1036.13722
G1 X80.85 Y95.793 E1036.1554
M204 S5000
M205 X30 Y30
G0 F7200 X80.879 Y95.595
G0 X80.181 Y95.472
G0 X78.426 Y102.872
G0 X78.365 Y125.969
G0 X79.066 Y125.969
M204 S3000
M205 X20 Y20
G1 F2040 X79.228 Y125.419 E1036.17924
G1 X79.513 Y124.985 E1036.20082
G1 X79.743 Y124.755 E1036.21435
G1 X80.194 Y124.473 E1036.23646
G1 X80.553 Y124.352 E1036.25221
G1 X81.04 Y124.3 E1036.27257
G1 X81.37 Y124.333 E1036.28636
G1 X81.862 Y124.498 E1036.30794
G1 X82.168 Y124.685 E1036.32285
G1 X82.55 Y125.057 E1036.34501
G1 X82.819 Y125.541 E1036.36804
G1 X82.94 Y126.059 E1036.39015
G1 X82.946 Y126.386 E1036.40375
G1 X82.826 Y126.948 E1036.42764
G1 X82.567 Y127.413 E1036.44977
G1 X82.174 Y127.809 E1036.47296
G1 X81.881 Y127.995 E1036.48739
G1 X81.36 Y128.169 E1036.51023
G1 X81.069 Y128.2 E1036.5224
G1 X80.519 Y128.142 E1036.54539
G1 X80.216 Y128.039 E1036.55869
G1 X79.776 Y127.771 E1036.58011
G1 X79.513 Y127.515 E1036.59537
G1 X79.218 Y127.046 E1036.61841
G1 X79.066 Y126.527 E1036.64089
G1 X79.066 Y125.969 E1036.66409
M204 S5000
M205 X30 Y30
G0 F7200 X79.122 Y125.778
G0 X78.453 Y125.576
G0 X78.091 Y126.743
M204 S3000
M205 X20 Y20
;TYPE:SKIN
G1 F1459.1 X78.089 Y125.865 E1036.70162
G1 F1500 X78.099 Y125.791 E1036.70472
G1 X78.295 Y125.145 E1036.73279
G1 X78.439 Y124.843 E1036.7467
G1 X78.856 Y124.252 E1036.77677
G1 X79.286 Y123.884 E1036.8003
G1 X79.892 Y123.544 E1036.82919
G1 X80.402 Y123.39 E1036.85134
G1 X81.005 Y123.324 E1036.87656
G1 X81.559 Y123.375 E1036.89969
G1 X82.295 Y123.619 E1036.93192
G1 X82.803 Y123.944 E1036.957
G1 X83.333 Y124.457 E1036.98766
G1 X83.737 Y125.182 E1037.02217
G1 X83.928 Y125.987 E1037.05657
G1 X83.891 Y126.657 E1037.08446
G1 X83.768 Y127.185 E1037.107
G1 X83.4 Y127.918 E1037.1411
G1 X83.201 Y128.172 E1037.15452
G1 X82.822 Y128.535 E1037.17634
G1 X82.312 Y128.883 E1037.20201
G1 F1572.3 X81.556 Y129.1 E1037.2332
G1 F1736.1 X81.055 Y129.136 E1037.25124
G1 F1913.3 X80.297 Y129.028 E1037.2762
G1 F2054.8 X79.843 Y128.862 E1037.29087
G1 F2083.3 X79.262 Y128.521 E1037.31104
G1 F1994.7 X78.886 Y128.19 E1037.3267
G1 F1875 X78.479 Y127.674 E1037.34856
G1 F1696.8 X78.296 Y127.319 E1037.36324
G1 F1500 X78.091 Y126.743 E1037.38865
M204 S5000
M205 X30 Y30
G0 F7200 X79.954 Y115.337
M204 S3000
M205 X20 Y20
G1 F1500 X79.874 Y114.791 E1037.4116
G1 X79.874 Y114.717 E1037.41467
G1 X79.957 Y114.148 E1037.43858
G1 X80.111 Y113.73 E1037.4571
G1 X80.486 Y113.152 E1037.48575
G1 X80.916 Y112.792 E1037.50906
G1 X81.496 Y112.494 E1037.53617
G1 X82.127 Y112.377 E1037.56285
G1 X82.375 Y112.378 E1037.57316
G1 X83.084 Y112.504 E1037.6031
G1 X83.728 Y112.886 E1037.63423
G1 X84.12 Y113.273 E1037.65713
G1 X84.461 Y113.869 E1037.68568
G1 X84.535 Y114.104 E1037.69592
G1 X84.629 Y114.814 E1037.7257
G1 X84.531 Y115.408 E1037.75073
G1 X84.306 Y115.944 E1037.7749
G1 X83.808 Y116.572 E1037.80822
G1 X83.094 Y116.994 E1037.8427
G1 X82.375 Y117.122 E1037.87306
G1 X82.122 Y117.122 E1037.88358
G1 X81.507 Y117.013 E1037.90955
G1 X80.881 Y116.688 E1037.93888
G1 X80.595 Y116.45 E1037.95434
G1 X80.293 Y116.087 E1037.97398
G1 X80.043 Y115.627 E1037.99574
G1 X79.954 Y115.337 E1038.00835
M204 S5000
M205 X30 Y30
G0 F7200 X78.011 Y103.71
M204 S3000
M205 X20 Y20
G1 F1173.7 X77.999 Y103.013 E1038.04539
G1 F1080.7 X78.032 Y102.664 E1038.06562
G1 F1098.1 X78.066 Y102.619 E1038.06883
G1 F1293.1 X78.439 Y101.843 E1038.11035
G1 F1500 X78.856 Y101.252 E1038.14042
G1 X79.283 Y100.886 E1038.1638
G1 X79.884 Y100.544 E1038.19255
G1 X80.28 Y100.411 E1038.20992
G1 X81.022 Y100.318 E1038.24101
G1 X81.651 Y100.395 E1038.26735
G1 X82.317 Y100.624 E1038.29663
G1 X82.775 Y100.921 E1038.31933
G1 X83.3 Y101.423 E1038.34953
G1 X83.737 Y102.178 E1038.3858
G1 X83.917 Y102.955 E1038.41896
G1 X83.919 Y103.523 E1038.44257
G1 X83.748 Y104.301 E1038.47569
G1 X83.321 Y105.052 E1038.51161
G1 X82.759 Y105.601 E1038.54427
G1 X82.279 Y105.889 E1038.56754
G1 X81.591 Y106.117 E1038.59768
G1 X81.063 Y106.176 E1038.61976
G1 X80.395 Y106.109 E1038.64768
G1 X80.087 Y106.025 E1038.66095
G1 X79.634 Y105.833 E1038.6814
G1 X79.327 Y105.643 E1038.69641
G1 X78.948 Y105.328 E1038.7169
G1 X78.729 Y105.091 E1038.73032
G1 X78.421 Y104.624 E1038.75358
G1 F1431.3 X78.216 Y104.167 E1038.7754
G1 F1311.2 X78.011 Y103.71 E1038.79922
M204 S5000
M205 X30 Y30
G0 F7200 X79.98 Y96.491
M204 S3000
M205 X20 Y20
G1 F1500 X79.876 Y95.847 E1038.82634
G1 X79.875 Y95.772 E1038.82946
G1 X79.981 Y95.027 E1038.86075
G1 X80.305 Y94.389 E1038.8905
G1 F1569 X80.735 Y93.942 E1038.91515
G1 F1641.1 X81.274 Y93.612 E1038.93917
G1 F1582.3 X81.575 Y93.472 E1038.95225
G1 F1512.1 X82.268 Y93.358 E1038.98121
G1 F1500 X83.072 Y93.515 E1039.01527
G1 X83.617 Y93.812 E1039.04108
G1 X83.832 Y93.975 E1039.05229
G1 X84.196 Y94.392 E1039.07531
G1 X84.515 Y95.005 E1039.10404
G1 X84.637 Y95.764 E1039.136
G1 X84.498 Y96.529 E1039.16832
G1 X84.279 Y96.99 E1039.18954
G1 X83.909 Y97.448 E1039.21402
G1 X83.629 Y97.682 E1039.22919
G1 X83.064 Y97.994 E1039.25602
G1 X82.42 Y98.116 E1039.28328
G1 X82.128 Y98.123 E1039.29542
G1 X81.431 Y98.002 E1039.32483
G1 X80.828 Y97.656 E1039.35373
G1 X80.627 Y97.488 E1039.36463
G1 X80.19 Y96.94 E1039.39377
G1 X79.98 Y96.491 E1039.41437
M204 S5000
M205 X30 Y30
G0 F7200 X80.927 Y97.323
G0 X82.115 Y97.782
G0 X135.367 Y95.803
M204 S3000
M205 X20 Y20
G1 F1500 X135.367 Y95.721 E1039.41778
G1 X135.484 Y95.008 E1039.44782
G1 X135.812 Y94.383 E1039.47717
G1 X135.975 Y94.168 E1039.48838
G1 X136.39 Y93.806 E1039.51128
G1 X136.945 Y93.511 E1039.53741
G1 X137.763 Y93.35 E1039.57207
G1 F1565.8 X138.58 Y93.52 E1039.60531
G1 F1659.3 X139.264 Y93.95 E1039.63567
G1 F1599.1 X139.54 Y94.196 E1039.65009
G1 F1512.1 X139.912 Y94.773 E1039.67841
G1 F1500 X140.02 Y95.043 E1039.6905
G1 X140.13 Y95.8 E1039.7223
G1 X140.027 Y96.455 E1039.74987
G1 X139.808 Y96.94 E1039.77199
G1 X139.391 Y97.469 E1039.8
G1 X139.087 Y97.707 E1039.81605
G1 X138.447 Y98.022 E1039.8457
G1 X137.736 Y98.145 E1039.8757
G1 X136.941 Y97.997 E1039.90932
G1 X136.362 Y97.673 E1039.93691
G1 X136.116 Y97.473 E1039.95009
G1 X135.713 Y96.98 E1039.97656
G1 X135.483 Y96.465 E1040.00001
G1 X135.367 Y95.803 E1040.02795
M204 S5000
M205 X30 Y30
G0 F7200 X136.15 Y94.471
G0 X138.859 Y93.149
M204 S3000
M205 X20 Y20
G1 F1556 X138.38 Y92.634 E1040.05614
G1 F1500 X138.141 Y92.244 E1040.07516
G1 X137.883 Y91.586 E1040.10454
G1 X137.779 Y91.058 E1040.12692
G1 X137.775 Y90.475 E1040.15115
G1 X82.225 Y90.475 E1042.46066
G1 X82.221 Y91.051 E1042.4846
G1 X82.115 Y91.594 E1042.5076
G1 X81.855 Y92.262 E1042.53741
G1 X81.587 Y92.678 E1042.55798
G1 F1549.6 X81.129 Y93.161 E1042.58477
G1 F1606 X80.371 Y93.65 E1042.6198
G1 F1552.8 X79.622 Y93.973 E1042.65255
G1 F1500 X78.984 Y94.369 E1042.68377
G1 X78.512 Y94.769 E1042.7095
G1 X78 Y95.348 E1042.74163
G1 X77.626 Y96.024 E1042.77375
G1 X77.351 Y96.753 E1042.80614
G1 X77.227 Y97.612 E1042.84222
G1 X77.226 Y102.021 E1043.02553
G1 F1243.8 X77.33 Y102.614 E1043.05572
G1 F1080.7 X77.317 Y103.02 E1043.07916
G1 F1090.1 X77.323 Y103.79 E1043.12321
G1 F1256.3 X77.226 Y104.471 E1043.15735
G1 F1500 X77.225 Y125.46 E1044.02998
G1 X77.271 Y125.862 E1044.0468
G1 F1482.2 X77.46 Y126.664 E1044.08147
G1 F1494 X77.79 Y127.371 E1044.11403
G1 F1569 X78.183 Y128.019 E1044.14416
G1 F1712.3 X78.753 Y128.6 E1044.1738
G1 F1918.2 X79.331 Y129.002 E1044.19669
G1 F1963.4 X80.106 Y129.37 E1044.22394
G1 F1879.7 X80.88 Y129.526 E1044.25013
G1 F1785.7 X81.291 Y129.558 E1044.26453
G1 F1663 X81.835 Y129.541 E1044.28494
G1 F1552.8 X82.379 Y129.524 E1044.3068
G1 F1500 X137.755 Y129.524 E1046.60907
G1 F1602.6 X138.708 Y129.557 E1046.64617
G1 F1781.5 X139.112 Y129.527 E1046.66036
G1 F1933 X139.783 Y129.39 E1046.68245
G1 F2021.6 X140.088 Y129.283 E1046.69242
G1 F1963.4 X140.76 Y128.957 E1046.71615
G1 F1851.9 X141.365 Y128.511 E1046.74146
G1 F1756.4 X141.864 Y127.931 E1046.76862
G1 F1641.1 X142.205 Y127.392 E1046.79286
G1 F1536.9 X142.543 Y126.665 E1046.82539
G1 F1500 X142.729 Y125.862 E1046.85966
G1 X142.775 Y125.457 E1046.87661
G1 X142.775 Y104.474 E1047.74898
G1 F1256.3 X142.678 Y103.789 E1047.78332
G1 F1090.1 X142.684 Y103.005 E1047.82817
G1 F1126.1 X142.7 Y102.471 E1047.85776
G1 F1304.3 X142.775 Y101.702 E1047.8947
G1 F1500 X142.775 Y97.605 E1048.06503
G1 X142.65 Y96.766 E1048.1003
G1 X142.373 Y96.023 E1048.13327
G1 X141.995 Y95.342 E1048.16565
G1 X141.485 Y94.767 E1048.1976
G1 X141.015 Y94.37 E1048.22318
G1 X140.385 Y93.977 E1048.25405
G1 F1540 X139.636 Y93.666 E1048.28689
G1 F1595.7 X138.859 Y93.149 E1048.32337
M204 S5000
M205 X30 Y30
G0 F7200 X139.683 Y95.047
G0 X139.691 Y96.405
G0 X136.081 Y103.031
M204 S3000
M205 X20 Y20
G1 F1500 X136.25 Y102.214 E1048.35805
G1 X136.673 Y101.446 E1048.39451
G1 X137.23 Y100.916 E1048.42647
G1 X137.769 Y100.594 E1048.45257
G1 X138.429 Y100.378 E1048.48145
G1 X138.975 Y100.326 E1048.50425
G1 X139.651 Y100.398 E1048.53251
G1 X140.128 Y100.547 E1048.55329
G1 X140.851 Y100.963 E1048.58797
G1 X141.276 Y101.417 E1048.61382
G1 X141.567 Y101.853 E1048.63562
G1 F1304.3 X141.924 Y102.605 E1048.67542
G1 F1104.6 X141.967 Y102.662 E1048.67945
G1 F1076 X142 Y102.953 E1048.69642
G1 F1170 X141.989 Y103.71 E1048.73677
G1 F1368.6 X141.58 Y104.621 E1048.78228
G1 F1500 X141.271 Y105.09 E1048.80563
G1 X141.052 Y105.328 E1048.81907
G1 X140.673 Y105.643 E1048.83956
G1 X140.4 Y105.815 E1048.85298
G1 X139.591 Y106.115 E1048.88885
G1 X138.82 Y106.17 E1048.92098
G1 X138.425 Y106.12 E1048.93754
G1 X137.727 Y105.891 E1048.96808
G1 X137.243 Y105.603 E1048.99149
G1 X136.672 Y105.045 E1049.02469
G1 X136.249 Y104.296 E1049.06045
G1 X136.085 Y103.55 E1049.09221
G1 X136.081 Y103.031 E1049.11378
M204 S5000
M205 X30 Y30
G0 F7200 X135.36 Y114.712
M204 S3000
M205 X20 Y20
G1 F1500 X135.493 Y113.969 E1049.14516
G1 X135.841 Y113.334 E1049.17527
G1 X136.225 Y112.923 E1049.19865
G1 X136.801 Y112.571 E1049.22672
G1 X137.054 Y112.477 E1049.23794
G1 X137.641 Y112.377 E1049.2627
G1 X137.885 Y112.378 E1049.27284
G1 X138.492 Y112.486 E1049.29847
G1 X139.117 Y112.812 E1049.32778
G1 X139.332 Y112.975 E1049.339
G1 X139.678 Y113.371 E1049.36086
G1 X139.895 Y113.741 E1049.37869
G1 X140.042 Y114.145 E1049.39657
G1 X140.132 Y114.744 E1049.42175
G1 X140.046 Y115.343 E1049.44691
G1 X139.957 Y115.628 E1049.45932
G1 X139.68 Y116.125 E1049.48298
G1 X139.437 Y116.417 E1049.49877
G1 X139.119 Y116.688 E1049.51614
G1 X138.504 Y117.006 E1049.54493
G1 X137.875 Y117.123 E1049.57153
G1 X137.145 Y117.041 E1049.60207
G1 X136.812 Y116.935 E1049.6166
G1 X136.209 Y116.58 E1049.64569
G1 X135.716 Y115.993 E1049.67756
G1 X135.488 Y115.485 E1049.70071
G1 X135.363 Y114.779 E1049.73052
G1 X135.36 Y114.712 E1049.7333
M204 S5000
M205 X30 Y30
G0 F7200 X136.083 Y126.434
M204 S3000
M205 X20 Y20
G1 F1500 X136.079 Y126.375 E1049.73576
G1 X136.11 Y125.84 E1049.75804
G1 X136.268 Y125.175 E1049.78646
G1 X136.675 Y124.449 E1049.82106
G1 X137.254 Y123.898 E1049.85429
G1 X137.719 Y123.613 E1049.87697
G1 X138.414 Y123.377 E1049.90748
G1 X138.914 Y123.326 E1049.92838
G1 X139.712 Y123.397 E1049.96169
G1 X140.281 Y123.624 E1049.98716
G1 X140.927 Y124.044 E1050.01919
G1 X141.302 Y124.45 E1050.04217
G1 X141.567 Y124.853 E1050.06222
G1 X141.713 Y125.169 E1050.07669
G1 X141.914 Y125.821 E1050.10506
G1 X141.905 Y126.647 E1050.1394
G1 F1552.8 X141.703 Y127.314 E1050.16739
G1 F1652 X141.555 Y127.605 E1050.17972
G1 F1807.2 X141.146 Y128.164 E1050.20362
G1 F1994.7 X140.735 Y128.524 E1050.2207
G1 F2095 X140.176 Y128.854 E1050.24002
G1 F2066.1 X139.692 Y129.03 E1050.25557
G1 F1933 X139.071 Y129.123 E1050.27583
G1 F1748.3 X138.501 Y129.108 E1050.29617
G1 F1575.6 X137.844 Y128.932 E1050.32309
G1 F1500 X137.351 Y128.672 E1050.34626
G1 X136.775 Y128.145 E1050.37872
G1 X136.574 Y127.876 E1050.39268
G1 X136.218 Y127.156 E1050.42607
G1 X136.083 Y126.434 E1050.45661
M204 S5000
M205 X30 Y30
G0 F7200 X135.693 Y114.751
G0 X135.693 Y95.751
G0 X137.394 Y90.725
M204 S3000
M205 X20 Y20
G1 F1500 X137.527 Y90.858 E1050.46443
M204 S5000
M205 X30 Y30
G0 F7200 X137.657 Y91.695
M204 S3000
M205 X20 Y20
G1 F1500 X136.687 Y90.725 E1050.52146
M204 S5000
M205 X30 Y30
G0 F7200 X135.98 Y90.725
M204 S3000
M205 X20 Y20
G1 F1500 X138.517 Y93.263 E1050.67066
M204 S5000
M205 X30 Y30
G0 F7200 X137.662 Y93.114
M204 S3000
M205 X20 Y20
G1 F1500 X135.273 Y90.725 E1050.81112
M204 S5000
M205 X30 Y30
G0 F7200 X134.565 Y90.725
M204 S3000
M205 X20 Y20
G1 F1500 X137.07 Y93.229 E1050.95838
M204 S5000
M205 X30 Y30
G0 F7200 X136.562 Y93.429
M204 S3000
M205 X20 Y20
G1 F1500 X133.858 Y90.725 E1051.11736
M204 S5000
M205 X30 Y30
G0 F7200 X133.151 Y90.725
M204 S3000
M205 X20 Y20
G1 F1500 X136.128 Y93.702 E1051.2924
M204 S5000
M205 X30 Y30
G0 F7200 X135.759 Y94.04
M204 S3000
M205 X20 Y20
G1 F1500 X132.444 Y90.725 E1051.48731
M204 S5000
M205 X30 Y30
G0 F7200 X131.737 Y90.725
M204 S3000
M205 X20 Y20
G1 F1500 X135.48 Y94.468 E1051.70738
M204 S5000
M205 X30 Y30
G0 F7200 X135.239 Y94.934
M204 S3000
M205 X20 Y20
G1 F1500 X131.03 Y90.725 E1051.95485
M204 S5000
M205 X30 Y30
G0 F7200 X130.323 Y90.725
M204 S3000
M205 X20 Y20
G1 F1500 X135.14 Y95.542 E1052.23807
M204 S5000
M205 X30 Y30
G0 F7200 X135.199 Y96.308
M204 S3000
M205 X20 Y20
G1 F1500 X129.616 Y90.725 E1052.56633
M204 S5000
M205 X30 Y30
G0 F7200 X128.909 Y90.725
M204 S3000
M205 X20 Y20
G1 F1500 X138.328 Y100.144 E1053.12013
M204 S5000
M205 X30 Y30
G0 F7200 X137.797 Y100.32
M204 S3000
M205 X20 Y20
G1 F1500 X128.201 Y90.725 E1053.68431
M204 S5000
M205 X30 Y30
G0 F7200 X127.494 Y90.725
M204 S3000
M205 X20 Y20
G1 F1500 X137.331 Y100.561 E1054.26266
M204 S5000
M205 X30 Y30
G0 F7200 X136.925 Y100.863
M204 S3000
M205 X20 Y20
G1 F1500 X126.787 Y90.725 E1054.85874
M204 S5000
M205 X30 Y30
G0 F7200 X126.08 Y90.725
M204 S3000
M205 X20 Y20
G1 F1500 X136.562 Y101.207 E1055.47504
M204 S5000
M205 X30 Y30
G0 F7200 X136.283 Y101.635
M204 S3000
M205 X20 Y20
G1 F1500 X125.373 Y90.725 E1056.1165
M204 S5000
M205 X30 Y30
G0 F7200 X124.666 Y90.725
M204 S3000
M205 X20 Y20
G1 F1500 X136.033 Y102.092 E1056.78484
M204 S5000
M205 X30 Y30
G0 F7200 X135.899 Y102.665
M204 S3000
M205 X20 Y20
G1 F1500 X123.959 Y90.725 E1057.48687
M204 S5000
M205 X30 Y30
G0 F7200 X123.252 Y90.725
M204 S3000
M205 X20 Y20
G1 F1500 X135.831 Y103.304 E1058.22646
M204 S5000
M205 X30 Y30
G0 F7200 X135.958 Y104.139
M204 S3000
M205 X20 Y20
G1 F1500 X122.545 Y90.725 E1059.01513
M204 S5000
M205 X30 Y30
G0 F7200 X121.838 Y90.725
M204 S3000
M205 X20 Y20
G1 F1500 X142.524 Y111.411 E1060.23138
M204 S5000
M205 X30 Y30
G0 F7200 X142.524 Y112.118
M204 S3000
M205 X20 Y20
G1 F1500 X121.13 Y90.725 E1061.48924
M204 S5000
M205 X30 Y30
G0 F7200 X120.423 Y90.725
M204 S3000
M205 X20 Y20
G1 F1500 X142.524 Y112.825 E1062.78866
M204 S5000
M205 X30 Y30
G0 F7200 X142.524 Y113.533
M204 S3000
M205 X20 Y20
G1 F1500 X119.716 Y90.725 E1064.12969
M204 S5000
M205 X30 Y30
G0 F7200 X119.009 Y90.725
M204 S3000
M205 X20 Y20
G1 F1500 X142.524 Y114.24 E1065.51228
M204 S5000
M205 X30 Y30
G0 F7200 X142.524 Y114.947
M204 S3000
M205 X20 Y20
G1 F1500 X118.302 Y90.725 E1066.93644
M204 S5000
M205 X30 Y30
G0 F7200 X117.595 Y90.725
M204 S3000
M205 X20 Y20
G1 F1500 X142.524 Y115.654 E1068.40217
M204 S5000
M205 X30 Y30
G0 F7200 X142.524 Y116.361
M204 S3000
M205 X20 Y20
G1 F1500 X140.29 Y114.127 E1068.53352
M204 S5000
M205 X30 Y30
G0 F7200 X140.357 Y114.901
M204 S3000
M205 X20 Y20
G1 F1500 X142.524 Y117.068 E1068.66093
M204 S5000
M205 X30 Y30
G0 F7200 X142.524 Y117.775
M204 S3000
M205 X20 Y20
G1 F1500 X140.253 Y115.504 E1068.79446
M204 S5000
M205 X30 Y30
G0 F7200 X140.037 Y115.995
M204 S3000
M205 X20 Y20
G1 F1500 X142.524 Y118.482 E1068.94068
M204 S5000
M205 X30 Y30
G0 F7200 X142.524 Y119.189
M204 S3000
M205 X20 Y20
G1 F1500 X139.753 Y116.419 E1069.10358
M204 S5000
M205 X30 Y30
G0 F7200 X139.401 Y116.773
M204 S3000
M205 X20 Y20
G1 F1500 X142.524 Y119.897 E1069.28723
M204 S5000
M205 X30 Y30
G0 F7200 X142.524 Y120.604
M204 S3000
M205 X20 Y20
G1 F1500 X138.968 Y117.048 E1069.49631
M204 S5000
M205 X30 Y30
G0 F7200 X138.476 Y117.263
M204 S3000
M205 X20 Y20
G1 F1500 X142.524 Y121.311 E1069.73431
M204 S5000
M205 X30 Y30
G0 F7200 X142.524 Y122.018
M204 S3000
M205 X20 Y20
G1 F1500 X137.882 Y117.376 E1070.00725
M204 S5000
M205 X30 Y30
G0 F7200 X137.08 Y117.281
M204 S3000
M205 X20 Y20
G1 F1500 X142.524 Y122.725 E1070.32733
M204 S5000
M205 X30 Y30
G0 F7200 X142.524 Y123.432
M204 S3000
M205 X20 Y20
G1 F1500 X109.816 Y90.724 E1072.25044
M204 S5000
M205 X30 Y30
G0 F7200 X109.109 Y90.724
M204 S3000
M205 X20 Y20
G1 F1500 X142.524 Y124.139 E1074.21511
M204 S5000
M205 X30 Y30
G0 F7200 X142.524 Y124.846
M204 S3000
M205 X20 Y20
G1 F1500 X108.402 Y90.724 E1076.22135
M204 S5000
M205 X30 Y30
G0 F7200 X107.695 Y90.724
M204 S3000
M205 X20 Y20
G1 F1500 X140.355 Y123.385 E1078.14167
G1 X140.443 Y123.473
M204 S5000
M205 X30 Y30
G0 F7200 X139.377 Y123.114
M204 S3000
M205 X20 Y20
G1 F1500 X106.988 Y90.724 E1080.04604
M204 S5000
M205 X30 Y30
G0 F7200 X106.28 Y90.724
M204 S3000
M205 X20 Y20
G1 F1500 X138.659 Y123.103 E1081.94981
M204 S5000
M205 X30 Y30
G0 F7200 X138.077 Y123.228
M204 S3000
M205 X20 Y20
G1 F1500 X105.573 Y90.724 E1083.86092
M204 S5000
M205 X30 Y30
G0 F7200 X104.866 Y90.724
M204 S3000
M205 X20 Y20
G1 F1500 X137.56 Y123.418 E1085.7832
M204 S5000
M205 X30 Y30
G0 F7200 X137.122 Y123.687
M204 S3000
M205 X20 Y20
G1 F1500 X104.159 Y90.724 E1087.7213
M204 S5000
M205 X30 Y30
G0 F7200 X103.452 Y90.724
M204 S3000
M205 X20 Y20
G1 F1500 X136.755 Y124.027 E1089.67939
M204 S5000
M205 X30 Y30
G0 F7200 X136.417 Y124.397
M204 S3000
M205 X20 Y20
G1 F1500 X102.745 Y90.724 E1091.6592
M204 S5000
M205 X30 Y30
G0 F7200 X102.038 Y90.724
M204 S3000
M205 X20 Y20
G1 F1500 X136.161 Y124.848 E1093.66553
M204 S5000
M205 X30 Y30
G0 F7200 X135.964 Y125.358
M204 S3000
M205 X20 Y20
G1 F1500 X101.331 Y90.724 E1095.70185
M204 S5000
M205 X30 Y30
G0 F7200 X100.624 Y90.724
M204 S3000
M205 X20 Y20
G1 F1500 X135.854 Y125.954 E1097.77324
M204 S5000
M205 X30 Y30
G0 F7200 X135.873 Y126.681
M204 S3000
M205 X20 Y20
G1 F1500 X99.917 Y90.724 E1099.88734
M204 S5000
M205 X30 Y30
G0 F7200 X99.209 Y90.724
M204 S3000
M205 X20 Y20
G1 F1500 X136.229 Y127.743 E1102.06395
G1 X136.317 Y127.831
M204 S5000
M205 X30 Y30
G0 F7200 X136.345 Y129.273
M204 S3000
M205 X20 Y20
G1 F1500 X97.795 Y90.724 E1104.33051
M204 S5000
M205 X30 Y30
G0 F7200 X97.088 Y90.724
M204 S3000
M205 X20 Y20
G1 F1500 X135.637 Y129.273 E1106.59704
M204 S5000
M205 X30 Y30
G0 F7200 X134.93 Y129.273
M204 S3000
M205 X20 Y20
G1 F1500 X96.381 Y90.724 E1108.86358
M204 S5000
M205 X30 Y30
G0 F7200 X95.674 Y90.724
M204 S3000
M205 X20 Y20
G1 F1500 X134.223 Y129.273 E1111.13011
M204 S5000
M205 X30 Y30
G0 F7200 X133.516 Y129.273
M204 S3000
M205 X20 Y20
G1 F1500 X94.967 Y90.724 E1113.39664
M204 S5000
M205 X30 Y30
G0 F7200 X94.26 Y90.724
M204 S3000
M205 X20 Y20
G1 F1500 X132.809 Y129.273 E1115.66318
M204 S5000
M205 X30 Y30
G0 F7200 X132.102 Y129.273
M204 S3000
M205 X20 Y20
G1 F1500 X93.553 Y90.724 E1117.92971
M204 S5000
M205 X30 Y30
G0 F7200 X92.845 Y90.724
M204 S3000
M205 X20 Y20
G1 F1500 X131.395 Y129.273 E1120.19627
M204 S5000
M205 X30 Y30
G0 F7200 X130.688 Y129.273
M204 S3000
M205 X20 Y20
G1 F1500 X92.138 Y90.724 E1122.46283
M204 S5000
M205 X30 Y30
G0 F7200 X91.431 Y90.724
M204 S3000
M205 X20 Y20
G1 F1500 X129.981 Y129.273 E1124.7294
M204 S5000
M205 X30 Y30
G0 F7200 X129.273 Y129.273
M204 S3000
M205 X20 Y20
G1 F1500 X90.724 Y90.724 E1126.99593
M204 S5000
M205 X30 Y30
G0 F7200 X90.017 Y90.724
M204 S3000
M205 X20 Y20
G1 F1500 X128.566 Y129.273 E1129.26246
M204 S5000
M205 X30 Y30
G0 F7200 X127.859 Y129.273
M204 S3000
M205 X20 Y20
G1 F1500 X89.31 Y90.724 E1131.529
M204 S5000
M205 X30 Y30
G0 F7200 X88.603 Y90.724
M204 S3000
M205 X20 Y20
G1 F1500 X127.152 Y129.273 E1133.79553
M204 S5000
M205 X30 Y30
G0 F7200 X126.445 Y129.273
M204 S3000
M205 X20 Y20
G1 F1500 X87.896 Y90.724 E1136.06207
M204 S5000
M205 X30 Y30
G0 F7200 X87.189 Y90.724
M204 S3000
M205 X20 Y20
G1 F1500 X125.738 Y129.273 E1138.3286
M204 S5000
M205 X30 Y30
G0 F7200 X125.031 Y129.273
M204 S3000
M205 X20 Y20
G1 F1500 X86.481 Y90.724 E1140.59516
M204 S5000
M205 X30 Y30
G0 F7200 X85.774 Y90.724
M204 S3000
M205 X20 Y20
G1 F1500 X124.324 Y129.273 E1142.86172
M204 S5000
M205 X30 Y30
G0 F7200 X123.617 Y129.273
M204 S3000
M205 X20 Y20
G1 F1500 X85.067 Y90.724 E1145.12829
M204 S5000
M205 X30 Y30
G0 F7200 X84.36 Y90.724
M204 S3000
M205 X20 Y20
G1 F1500 X122.91 Y129.273 E1147.39485
M204 S5000
M205 X30 Y30
G0 F7200 X122.202 Y129.273
M204 S3000
M205 X20 Y20
G1 F1500 X83.653 Y90.724 E1149.66138
M204 S5000
M205 X30 Y30
G0 F7200 X82.946 Y90.724
M204 S3000
M205 X20 Y20
G1 F1500 X121.495 Y129.273 E1151.92792
M204 S5000
M205 X30 Y30
G0 F7200 X120.788 Y129.273
M204 S3000
M205 X20 Y20
G1 F1500 X82.469 Y90.954 E1154.18093
M204 S5000
M205 X30 Y30
G0 F7200 X82.375 Y91.568
M204 S3000
M205 X20 Y20
G1 F1500 X120.081 Y129.273 E1156.39787
M204 S5000
M205 X30 Y30
G0 F7200 X119.374 Y129.273
M204 S3000
M205 X20 Y20
G1 F1500 X84.462 Y94.361 E1158.45056
G1 X84.374 Y94.273
M204 S5000
M205 X30 Y30
G0 F7200 X84.844 Y95.45
M204 S3000
M205 X20 Y20
G1 F1500 X118.667 Y129.273 E1160.43922
M204 S5000
M205 X30 Y30
G0 F7200 X117.96 Y129.273
M204 S3000
M205 X20 Y20
G1 F1500 X84.824 Y96.138 E1162.38746
M204 S5000
M205 X30 Y30
G0 F7200 X84.69 Y96.71
M204 S3000
M205 X20 Y20
G1 F1500 X117.253 Y129.273 E1164.30204
M204 S5000
M205 X30 Y30
G0 F7200 X116.546 Y129.273
M204 S3000
M205 X20 Y20
G1 F1500 X84.449 Y97.177 E1166.18919
M204 S5000
M205 X30 Y30
G0 F7200 X84.13 Y97.565
M204 S3000
M205 X20 Y20
G1 F1500 X115.838 Y129.273 E1168.0535
M204 S5000
M205 X30 Y30
G0 F7200 X115.131 Y129.273
M204 S3000
M205 X20 Y20
G1 F1500 X83.754 Y97.896 E1169.89835
M204 S5000
M205 X30 Y30
G0 F7200 X83.302 Y98.151
M204 S3000
M205 X20 Y20
G1 F1500 X114.424 Y129.273 E1171.7282
M204 S5000
M205 X30 Y30
G0 F7200 X113.717 Y129.273
M204 S3000
M205 X20 Y20
G1 F1500 X82.751 Y98.308 E1173.54886
M204 S5000
M205 X30 Y30
G0 F7200 X82.107 Y98.37
M204 S3000
M205 X20 Y20
G1 F1500 X113.01 Y129.273 E1175.36583
M204 S5000
M205 X30 Y30
G0 F7200 X112.303 Y129.273
M204 S3000
M205 X20 Y20
G1 F1500 X81.167 Y98.137 E1177.19651
G1 X81.079 Y98.049
M204 S5000
M205 X30 Y30
G0 F7200 X79.866 Y96.836
M204 S3000
M205 X20 Y20
G1 F1500 X78.353 Y95.324 E1177.28544
M204 S5000
M205 X30 Y30
G0 F7200 X78.685 Y94.948
M204 S3000
M205 X20 Y20
G1 F1500 X79.63 Y95.894 E1177.34103
M204 S5000
M205 X30 Y30
G0 F7200 X79.697 Y95.253
M204 S3000
M205 X20 Y20
G1 F1500 X79.068 Y94.625 E1177.37799
M204 S5000
M205 X30 Y30
G0 F7200 X79.496 Y94.345
M204 S3000
M205 X20 Y20
G1 F1500 X79.861 Y94.71 E1177.39945
M204 S5000
M205 X30 Y30
G0 F7200 X80.099 Y94.241
M204 S3000
M205 X20 Y20
G1 F1500 X79.961 Y94.103 E1177.40756
M204 S5000
M205 X30 Y30
G0 F7200 X81.649 Y92.963
M204 S3000
M205 X20 Y20
G1 F1500 X81.858 Y93.172 E1177.41985
M204 S5000
M205 X30 Y30
G0 F7200 X81.955 Y92.562
M204 S3000
M205 X20 Y20
G1 F1500 X82.55 Y93.157 E1177.45483
M204 S5000
M205 X30 Y30
G0 F7200 X82.192 Y92.092
M204 S3000
M205 X20 Y20
G1 F1500 X83.633 Y93.533 E1177.53956
G1 X83.721 Y93.621
M204 S5000
M205 X30 Y30
G0 F7200 X82.25 Y93.693
G0 X78.066 Y95.743
M204 S3000
M205 X20 Y20
G1 F1500 X111.596 Y129.273 E1179.51099
M204 S5000
M205 X30 Y30
G0 F7200 X110.889 Y129.273
M204 S3000
M205 X20 Y20
G1 F1500 X84.055 Y102.44 E1181.0887
M204 S5000
M205 X30 Y30
G0 F7200 X84.169 Y103.26
M204 S3000
M205 X20 Y20
G1 F1500 X110.182 Y129.273 E1182.61816
M204 S5000
M205 X30 Y30
G0 F7200 X109.474 Y129.273
M204 S3000
M205 X20 Y20
G1 F1500 X84.094 Y103.893 E1184.11041
M204 S5000
M205 X30 Y30
G0 F7200 X83.947 Y104.453
M204 S3000
M205 X20 Y20
G1 F1500 X108.767 Y129.273 E1185.56973
M204 S5000
M205 X30 Y30
G0 F7200 X108.06 Y129.273
M204 S3000
M205 X20 Y20
G1 F1500 X83.691 Y104.904 E1187.00254
M204 S5000
M205 X30 Y30
G0 F7200 X83.4 Y105.32
M204 S3000
M205 X20 Y20
G1 F1500 X107.352 Y129.273 E1188.41085
M204 S5000
M205 X30 Y30
G0 F7200 X106.645 Y129.273
M204 S3000
M205 X20 Y20
G1 F1500 X83.044 Y105.671 E1189.79853
M204 S5000
M205 X30 Y30
G0 F7200 X82.631 Y105.965
M204 S3000
M205 X20 Y20
G1 F1500 X105.938 Y129.273 E1191.16892
M204 S5000
M205 X30 Y30
G0 F7200 X105.231 Y129.273
M204 S3000
M205 X20 Y20
G1 F1500 X82.152 Y106.194 E1192.52588
M204 S5000
M205 X30 Y30
G0 F7200 X81.617 Y106.365
M204 S3000
M205 X20 Y20
G1 F1500 X104.524 Y129.273 E1193.87275
M204 S5000
M205 X30 Y30
G0 F7200 X103.817 Y129.273
M204 S3000
M205 X20 Y20
G1 F1500 X80.96 Y106.416 E1195.21665
M204 S5000
M205 X30 Y30
G0 F7200 X80.131 Y106.294
M204 S3000
M205 X20 Y20
G1 F1500 X103.11 Y129.273 E1196.56773
M204 S5000
M205 X30 Y30
G0 F7200 X102.403 Y129.273
M204 S3000
M205 X20 Y20
G1 F1500 X77.501 Y104.371 E1198.03187
M204 S5000
M205 X30 Y30
G0 F7200 X77.737 Y103.9
M204 S3000
M205 X20 Y20
G1 F1500 X77.653 Y103.816 E1198.03681
M204 S5000
M205 X30 Y30
G0 F7200 X77.474 Y105.052
M204 S3000
M205 X20 Y20
G1 F1500 X101.696 Y129.273 E1199.46094
M204 S5000
M205 X30 Y30
G0 F7200 X100.988 Y129.273
M204 S3000
M205 X20 Y20
G1 F1500 X77.474 Y105.759 E1200.84348
M204 S5000
M205 X30 Y30
G0 F7200 X77.474 Y106.466
M204 S3000
M205 X20 Y20
G1 F1500 X83.416 Y112.408 E1201.19284
G1 X83.504 Y112.496
M204 S5000
M205 X30 Y30
G0 F7200 X82.436 Y112.135
M204 S3000
M205 X20 Y20
G1 F1500 X77.474 Y107.173 E1201.48459
M204 S5000
M205 X30 Y30
G0 F7200 X77.474 Y107.88
M204 S3000
M205 X20 Y20
G1 F1500 X81.781 Y112.186 E1201.7378
M204 S5000
M205 X30 Y30
G0 F7200 X81.231 Y112.344
M204 S3000
M205 X20 Y20
G1 F1500 X77.474 Y108.587 E1201.95869
M204 S5000
M205 X30 Y30
G0 F7200 X77.474 Y109.294
M204 S3000
M205 X20 Y20
G1 F1500 X80.772 Y112.591 E1202.15257
M204 S5000
M205 X30 Y30
G0 F7200 X80.383 Y112.91
M204 S3000
M205 X20 Y20
G1 F1500 X77.474 Y110.001 E1202.32361
M204 S5000
M205 X30 Y30
G0 F7200 X77.474 Y110.708
M204 S3000
M205 X20 Y20
G1 F1500 X80.081 Y113.315 E1202.47689
M204 S5000
M205 X30 Y30
G0 F7200 X79.826 Y113.767
M204 S3000
M205 X20 Y20
G1 F1500 X77.474 Y111.415 E1202.61518
M204 S5000
M205 X30 Y30
G0 F7200 X77.474 Y112.123
M204 S3000
M205 X20 Y20
G1 F1500 X79.68 Y114.328 E1202.74486
M204 S5000
M205 X30 Y30
G0 F7200 X79.657 Y115.013
M204 S3000
M205 X20 Y20
G1 F1500 X77.474 Y112.83 E1202.87321
M204 S5000
M205 X30 Y30
G0 F7200 X77.474 Y113.537
M204 S3000
M205 X20 Y20
G1 F1500 X79.998 Y116.06 E1203.02158
G1 X80.086 Y116.148
M204 S5000
M205 X30 Y30
G0 F7200 X80.936 Y116.998
M204 S3000
M205 X20 Y20
G1 F1500 X93.21 Y129.273 E1203.74327
M204 S5000
M205 X30 Y30
G0 F7200 X92.503 Y129.273
M204 S3000
M205 X20 Y20
G1 F1500 X77.474 Y114.244 E1204.62692
M204 S5000
M205 X30 Y30
G0 F7200 X77.474 Y114.951
M204 S3000
M205 X20 Y20
G1 F1500 X91.796 Y129.273 E1205.469
M204 S5000
M205 X30 Y30
G0 F7200 X91.089 Y129.273
M204 S3000
M205 X20 Y20
G1 F1500 X77.474 Y115.658 E1206.26951
M204 S5000
M205 X30 Y30
G0 F7200 X77.474 Y116.365
M204 S3000
M205 X20 Y20
G1 F1500 X90.382 Y129.273 E1207.02845
M204 S5000
M205 X30 Y30
G0 F7200 X89.675 Y129.273
M204 S3000
M205 X20 Y20
G1 F1500 X77.474 Y117.072 E1207.74582
M204 S5000
M205 X30 Y30
G0 F7200 X77.474 Y117.779
M204 S3000
M205 X20 Y20
G1 F1500 X88.968 Y129.273 E1208.42163
M204 S5000
M205 X30 Y30
G0 F7200 X88.261 Y129.273
M204 S3000
M205 X20 Y20
G1 F1500 X83.833 Y124.845 E1208.68198
G1 X83.745 Y124.757
M204 S5000
M205 X30 Y30
G0 F7200 X84.159 Y125.878
M204 S3000
M205 X20 Y20
G1 F1500 X87.553 Y129.273 E1208.88156
M204 S5000
M205 X30 Y30
G0 F7200 X86.846 Y129.273
M204 S3000
M205 X20 Y20
G1 F1500 X84.147 Y126.574 E1209.04025
M204 S5000
M205 X30 Y30
G0 F7200 X84.033 Y127.167
M204 S3000
M205 X20 Y20
G1 F1500 X86.139 Y129.273 E1209.16408
M204 S5000
M205 X30 Y30
G0 F7200 X85.432 Y129.273
M204 S3000
M205 X20 Y20
G1 F1500 X83.814 Y127.654 E1209.25924
M204 S5000
M205 X30 Y30
G0 F7200 X83.56 Y128.107
M204 S3000
M205 X20 Y20
G1 F1500 X84.725 Y129.273 E1209.32776
M204 S5000
M205 X30 Y30
G0 F7200 X84.018 Y129.273
M204 S3000
M205 X20 Y20
G1 F1500 X83.232 Y128.486 E1209.37401
M204 S5000
M205 X30 Y30
G0 F7200 X82.853 Y128.815
M204 S3000
M205 X20 Y20
G1 F1500 X83.311 Y129.273 E1209.40094
M204 S5000
M205 X30 Y30
G0 F7200 X82.604 Y129.273
M204 S3000
M205 X20 Y20
G1 F1500 X82.433 Y129.102 E1209.41099
M204 S5000
M205 X30 Y30
G0 F7200 X80.387 Y128.773
G0 X79.429 Y128.308
G0 X77.828 Y126.618
M204 S3000
M205 X20 Y20
G1 F1500 X77.675 Y126.466 E1209.41996
M204 S5000
M205 X30 Y30
G0 F7200 X77.839 Y125.922
M204 S3000
M205 X20 Y20
G1 F1500 X77.489 Y125.572 E1209.44053
M204 S5000
M205 X30 Y30
G0 F7200 X77.971 Y125.347
M204 S3000
M205 X20 Y20
G1 F1500 X77.474 Y124.851 E1209.46973
M204 S5000
M205 X30 Y30
G0 F7200 X78.164 Y124.833
M204 S3000
M205 X20 Y20
G1 F1500 X77.474 Y124.143 E1209.5103
M204 S5000
M205 X30 Y30
G0 F7200 X77.474 Y123.436
M204 S3000
M205 X20 Y20
G1 F1500 X78.442 Y124.404 E1209.56721
M204 S5000
M205 X30 Y30
G0 F7200 X78.755 Y124.01
M204 S3000
M205 X20 Y20
G1 F1500 X77.474 Y122.729 E1209.64253
M204 S5000
M205 X30 Y30
G0 F7200 X77.474 Y122.022
M204 S3000
M205 X20 Y20
G1 F1500 X79.138 Y123.686 E1209.74037
M204 S5000
M205 X30 Y30
G0 F7200 X79.586 Y123.427
M204 S3000
M205 X20 Y20
G1 F1500 X77.474 Y121.315 E1209.86454
M204 S5000
M205 X30 Y30
G0 F7200 X77.474 Y120.608
M204 S3000
M205 X20 Y20
G1 F1500 X80.089 Y123.222 E1210.01827
M204 S5000
M205 X30 Y30
G0 F7200 X80.678 Y123.105
M204 S3000
M205 X20 Y20
G1 F1500 X77.474 Y119.901 E1210.20665
M204 S5000
M205 X30 Y30
G0 F7200 X77.474 Y119.194
M204 S3000
M205 X20 Y20
G1 F1500 X81.388 Y123.107 E1210.43675
G1 X81.476 Y123.195
M204 S5000
M205 X30 Y30
G0 F7200 X82.363 Y123.375
M204 S3000
M205 X20 Y20
G1 F1500 X77.474 Y118.487 E1210.72417
G1 X77.386 Y118.399
M204 S5000
M205 X30 Y30
G0 F7200 X81.996 Y117.352
M204 S3000
M205 X20 Y20
G1 F1500 X93.917 Y129.273 E1211.42508
M204 S5000
M205 X30 Y30
G0 F7200 X94.625 Y129.273
M204 S3000
M205 X20 Y20
G1 F1500 X82.672 Y117.321 E1212.12784
M204 S5000
M205 X30 Y30
G0 F7200 X83.25 Y117.191
M204 S3000
M205 X20 Y20
G1 F1500 X95.332 Y129.273 E1212.83822
M204 S5000
M205 X30 Y30
G0 F7200 X96.039 Y129.273
M204 S3000
M205 X20 Y20
G1 F1500 X83.693 Y116.927 E1213.56412
M204 S5000
M205 X30 Y30
G0 F7200 X84.09 Y116.617
M204 S3000
M205 X20 Y20
G1 F1500 X96.746 Y129.273 E1214.30824
M204 S5000
M205 X30 Y30
G0 F7200 X97.453 Y129.273
M204 S3000
M205 X20 Y20
G1 F1500 X84.405 Y116.225 E1215.07541
M204 S5000
M205 X30 Y30
G0 F7200 X84.653 Y115.766
M204 S3000
M205 X20 Y20
G1 F1500 X98.16 Y129.273 E1215.86957
M204 S5000
M205 X30 Y30
G0 F7200 X98.867 Y129.273
M204 S3000
M205 X20 Y20
G1 F1500 X84.814 Y115.22 E1216.69583
M204 S5000
M205 X30 Y30
G0 F7200 X84.843 Y114.542
M204 S3000
M205 X20 Y20
G1 F1500 X99.574 Y129.273 E1217.56196
M204 S5000
M205 X30 Y30
G0 F7200 X100.281 Y129.273
M204 S3000
M205 X20 Y20
G1 F1500 X84.577 Y113.569 E1218.4853
G1 X84.489 Y113.481
M204 S5000
M205 X30 Y30
G0 F7200 X78.644 Y104.353
G0 X77.758 Y102.507
M204 S3000
M205 X20 Y20
G1 F1500 X77.577 Y102.326 E1218.49594
M204 S5000
M205 X30 Y30
G0 F7200 X78.049 Y102.09
M204 S3000
M205 X20 Y20
G1 F1500 X77.476 Y101.517 E1218.52963
M204 S5000
M205 X30 Y30
G0 F7200 X77.476 Y100.81
M204 S3000
M205 X20 Y20
G1 F1500 X78.288 Y101.623 E1218.5774
M204 S5000
M205 X30 Y30
G0 F7200 X78.581 Y101.208
M204 S3000
M205 X20 Y20
G1 F1500 X77.476 Y100.103 E1218.64237
M204 S5000
M205 X30 Y30
G0 F7200 X77.476 Y99.396
M204 S3000
M205 X20 Y20
G1 F1500 X78.932 Y100.852 E1218.72798
M204 S5000
M205 X30 Y30
G0 F7200 X79.346 Y100.559
M204 S3000
M205 X20 Y20
G1 F1500 X77.476 Y98.689 E1218.83793
M204 S5000
M205 X30 Y30
G0 F7200 X77.476 Y97.982
M204 S3000
M205 X20 Y20
G1 F1500 X79.8 Y100.306 E1218.97457
M204 S5000
M205 X30 Y30
G0 F7200 X80.347 Y100.146
M204 S3000
M205 X20 Y20
G1 F1500 X77.521 Y97.32 E1219.14073
M204 S5000
M205 X30 Y30
G0 F7200 X77.629 Y96.721
M204 S3000
M205 X20 Y20
G1 F1500 X80.979 Y100.071 E1219.33769
M204 S5000
M205 X30 Y30
G0 F7200 X81.791 Y100.176
M204 S3000
M205 X20 Y20
G1 F1500 X77.823 Y96.208 E1219.571
G1 X77.735 Y96.12
M204 S5000
M205 X30 Y30
G0 F7200 X81.547 Y93.817
G0 X98.502 Y90.724
M204 S3000
M205 X20 Y20
G1 F1500 X137.052 Y129.273 E1221.83756
M204 S5000
M205 X30 Y30
G0 F7200 X137.534 Y129.049
M204 S3000
M205 X20 Y20
G1 F1500 X137.759 Y129.274 E1221.85079
M204 S5000
M205 X30 Y30
G0 F7200 X140.053 Y128.624
G0 X142.153 Y126.596
M204 S3000
M205 X20 Y20
G1 F1500 X142.25 Y126.694 E1221.85652
M204 S5000
M205 X30 Y30
G0 F7200 X142.407 Y126.143
M204 S3000
M205 X20 Y20
G1 F1500 X142.158 Y125.895 E1221.87113
M204 S5000
M205 X30 Y30
G0 F7200 X142.513 Y125.542
M204 S3000
M205 X20 Y20
G1 F1500 X141.851 Y124.88 E1221.91006
M204 S5000
M205 X30 Y30
G0 F7200 X135.224 Y115.425
M204 S3000
M205 X20 Y20
G1 F1500 X110.524 Y90.725 E1223.36232
M204 S5000
M205 X30 Y30
G0 F7200 X111.231 Y90.725
M204 S3000
M205 X20 Y20
G1 F1500 X135.123 Y114.617 E1224.76708
M204 S5000
M205 X30 Y30
G0 F7200 X135.231 Y114.018
M204 S3000
M205 X20 Y20
G1 F1500 X111.938 Y90.725 E1226.13662
M204 S5000
M205 X30 Y30
G0 F7200 X112.645 Y90.725
M204 S3000
M205 X20 Y20
G1 F1500 X135.447 Y113.527 E1227.47729
M204 S5000
M205 X30 Y30
G0 F7200 X135.723 Y113.096
M204 S3000
M205 X20 Y20
G1 F1500 X113.352 Y90.725 E1228.79262
M204 S5000
M205 X30 Y30
G0 F7200 X114.059 Y90.725
M204 S3000
M205 X20 Y20
G1 F1500 X136.063 Y112.729 E1230.08637
M204 S5000
M205 X30 Y30
G0 F7200 X136.502 Y112.461
M204 S3000
M205 X20 Y20
G1 F1500 X114.766 Y90.725 E1231.36436
M204 S5000
M205 X30 Y30
G0 F7200 X115.474 Y90.725
M204 S3000
M205 X20 Y20
G1 F1500 X136.984 Y112.236 E1232.6291
M204 S5000
M205 X30 Y30
G0 F7200 X137.589 Y112.133
M204 S3000
M205 X20 Y20
G1 F1500 X116.181 Y90.725 E1233.88781
M204 S5000
M205 X30 Y30
G0 F7200 X116.888 Y90.725
M204 S3000
M205 X20 Y20
G1 F1500 X138.372 Y112.209 E1235.15098
G1 X138.46 Y112.297
M204 S5000
M205 X30 Y30
G0 F7200 X142.524 Y110.704
M204 S3000
M205 X20 Y20
G1 F1500 X138.091 Y106.271 E1235.41163
M204 S5000
M205 X30 Y30
G0 F7200 X138.942 Y106.416
M204 S3000
M205 X20 Y20
G1 F1500 X142.524 Y109.997 E1235.6222
M204 S5000
M205 X30 Y30
G0 F7200 X142.524 Y109.29
M204 S3000
M205 X20 Y20
G1 F1500 X139.598 Y106.364 E1235.79424
M204 S5000
M205 X30 Y30
G0 F7200 X140.126 Y106.185
M204 S3000
M205 X20 Y20
G1 F1500 X142.524 Y108.583 E1235.93523
M204 S5000
M205 X30 Y30
G0 F7200 X142.524 Y107.876
M204 S3000
M205 X20 Y20
G1 F1500 X140.619 Y105.971 E1236.04724
M204 S5000
M205 X30 Y30
G0 F7200 X141.028 Y105.672
M204 S3000
M205 X20 Y20
G1 F1500 X142.524 Y107.169 E1236.13523
M204 S5000
M205 X30 Y30
G0 F7200 X142.524 Y106.461
M204 S3000
M205 X20 Y20
G1 F1500 X141.389 Y105.327 E1236.20193
M204 S5000
M205 X30 Y30
G0 F7200 X141.684 Y104.914
M204 S3000
M205 X20 Y20
G1 F1500 X142.524 Y105.754 E1236.25132
M204 S5000
M205 X30 Y30
G0 F7200 X142.524 Y105.047
M204 S3000
M205 X20 Y20
G1 F1500 X141.928 Y104.451 E1236.28637
M204 S5000
M205 X30 Y30
G0 F7200 X142.192 Y104.009
M204 S3000
M205 X20 Y20
G1 F1500 X142.475 Y104.291 E1236.30298
M204 S5000
M205 X30 Y30
G0 F7200 X142.44 Y102.135
M204 S3000
M205 X20 Y20
G1 F1500 X138.551 Y98.246 E1236.53163
M204 S5000
M205 X30 Y30
G0 F7200 X139.027 Y98.014
M204 S3000
M205 X20 Y20
G1 F1500 X142.524 Y101.512 E1236.73727
M204 S5000
M205 X30 Y30
G0 F7200 X142.524 Y100.805
M204 S3000
M205 X20 Y20
G1 F1500 X139.454 Y97.734 E1236.91781
M204 S5000
M205 X30 Y30
G0 F7200 X139.79 Y97.364
M204 S3000
M205 X20 Y20
G1 F1500 X142.524 Y100.098 E1237.07856
M204 S5000
M205 X30 Y30
G0 F7200 X142.524 Y99.39
M204 S3000
M205 X20 Y20
G1 F1500 X140.074 Y96.94 E1237.22261
M204 S5000
M205 X30 Y30
G0 F7200 X140.28 Y96.44
M204 S3000
M205 X20 Y20
G1 F1500 X142.524 Y98.683 E1237.35452
M204 S5000
M205 X30 Y30
G0 F7200 X142.524 Y97.976
M204 S3000
M205 X20 Y20
G1 F1500 X140.377 Y95.829 E1237.48075
M204 S5000
M205 X30 Y30
G0 F7200 X140.263 Y95.008
M204 S3000
M205 X20 Y20
G1 F1500 X142.462 Y97.208 E1237.61007
G1 X142.55 Y97.296
M204 S5000
M205 X30 Y30
G0 F7200 X142.176 Y96.214
M204 S3000
M205 X20 Y20
G1 F1500 X140.083 Y94.121 E1237.73313
G1 X139.995 Y94.033
M204 S5000
M205 X30 Y30
G0 F7200 X139.691 Y96.405
G0 X137.959 Y98.361
M204 S3000
M205 X20 Y20
G1 F1500 X139.771 Y100.173 E1237.83967
M204 S5000
M205 X30 Y30
G0 F7200 X138.964 Y100.073
M204 S3000
M205 X20 Y20
G1 F1500 X137.187 Y98.297 E1237.94412
G1 X137.099 Y98.209
M204 S5000
M205 X30 Y30
;MESH:NONMESH
G0 F600 X137.099 Y98.209 Z1.3
G0 F7200 X81.631 Y92.084
G0 X81.444 Y92.012
;TIME_ELAPSED:1119.484878
;LAYER:5
M204 S3000
M205 X20 Y20
;TYPE:WALL-INNER
;MESH:Pi Holder.stl
G1 F4020 X81.066 Y92.572 E1237.97221
G1 X80.748 Y92.867 E1237.99025
G1 X80.297 Y93.176 E1238.01298
G1 X79.395 Y93.552 E1238.0536
G1 X78.704 Y93.983 E1238.08746
G1 X78.18 Y94.427 E1238.11602
G1 X77.61 Y95.07 E1238.15174
G1 X77.194 Y95.823 E1238.18751
G1 X76.888 Y96.633 E1238.22351
G1 X76.751 Y97.576 E1238.26312
G1 X76.75 Y125.486 E1239.42349
G1 X76.802 Y125.943 E1239.44261
G1 X77.002 Y126.817 E1239.47988
G1 X77.39 Y127.625 E1239.51715
G1 X77.893 Y128.361 E1239.55421
G1 X78.538 Y128.96 E1239.59081
G1 X79.125 Y129.36 E1239.62034
G1 X79.928 Y129.746 E1239.65738
G1 X80.806 Y129.948 E1239.69484
G1 X81.266 Y130 E1239.71409
G1 X138.734 Y130 E1242.10333
G1 X139.194 Y129.948 E1242.12257
G1 X140.072 Y129.746 E1242.16003
G1 X140.875 Y129.36 E1242.19707
G1 X141.616 Y128.853 E1242.2344
G1 X142.212 Y128.21 E1242.27085
G1 X142.61 Y127.625 E1242.30027
G1 X142.996 Y126.821 E1242.33735
G1 X143.198 Y125.944 E1242.37476
G1 X143.25 Y125.485 E1242.39397
G1 X143.25 Y97.572 E1243.55446
G1 X143.112 Y96.634 E1243.59387
G1 X142.806 Y95.823 E1243.62991
G1 X142.387 Y95.068 E1243.66581
G1 X141.819 Y94.426 E1243.70145
G1 X141.296 Y93.983 E1243.72994
G1 X140.594 Y93.546 E1243.76432
G1 X139.906 Y93.273 E1243.7951
G1 X139.472 Y93.041 E1243.81556
G1 X138.933 Y92.572 E1243.84526
G1 X138.555 Y92.01 E1243.87342
G1 X138.338 Y91.446 E1243.89854
G1 X138.25 Y90.987 E1243.91797
G1 X138.25 Y90 E1243.95901
G1 X81.75 Y90 E1246.308
G1 X81.75 Y90.981 E1246.34879
G1 X81.661 Y91.447 E1246.36851
G1 X81.444 Y92.012 E1246.39368
M204 S5000
M205 X30 Y30
G0 F7200 X81.632 Y92.084
G0 X80.241 Y95.13
G0 X80.44 Y95.165
M204 S3000
M205 X20 Y20
G1 F4020 X80.708 Y94.646 E1246.41796
G1 X81.101 Y94.235 E1246.4416
G1 X81.6 Y93.96 E1246.46529
G1 X82.217 Y93.839 E1246.49143
G1 X82.87 Y93.943 E1246.51892
G1 X83.354 Y94.208 E1246.54186
G1 X83.738 Y94.546 E1246.56313
G1 X84.041 Y95.105 E1246.58957
G1 X84.16 Y95.755 E1246.61704
G1 X84.062 Y96.327 E1246.64117
G1 X83.846 Y96.781 E1246.66207
G1 X83.48 Y97.204 E1246.68533
G1 X82.928 Y97.54 E1246.71219
G1 X82.262 Y97.663 E1246.74035
G1 X81.598 Y97.55 E1246.76835
G1 X81.017 Y97.213 E1246.79628
G1 X80.606 Y96.707 E1246.82338
G1 X80.461 Y96.399 E1246.83753
G1 X80.357 Y95.879 E1246.85958
G1 X80.358 Y95.619 E1246.87039
G1 X80.44 Y95.165 E1246.88957
M204 S5000
M205 X30 Y30
G0 F7200 X80.241 Y95.13
G0 X78.365 Y103.001
G0 X78.565 Y103.001
M204 S3000
M205 X20 Y20
G1 F4020 X78.596 Y102.784 E1246.89868
G1 X78.83 Y102.115 E1246.92815
G1 X79.202 Y101.582 E1246.95517
G1 X79.526 Y101.295 E1246.97317
G1 X80.048 Y100.989 E1246.99832
G1 X80.426 Y100.863 E1247.01489
G1 X81.05 Y100.799 E1247.04097
G1 X81.481 Y100.841 E1247.05897
G1 X82.045 Y101.033 E1247.08374
G1 X82.463 Y101.281 E1247.10395
G1 X82.952 Y101.749 E1247.13209
G1 X83.301 Y102.382 E1247.16214
G1 X83.439 Y103.007 E1247.18875
G1 X83.446 Y103.472 E1247.20809
G1 X83.3 Y104.119 E1247.23566
G1 X82.957 Y104.743 E1247.26527
G1 X82.461 Y105.221 E1247.2939
G1 X82.081 Y105.455 E1247.31246
G1 X81.478 Y105.655 E1247.33887
G1 X81.014 Y105.7 E1247.35825
G1 X80.374 Y105.631 E1247.38502
G1 X79.706 Y105.346 E1247.41521
G1 X79.107 Y104.801 E1247.44888
G1 X78.739 Y104.19 E1247.47853
G1 X78.576 Y103.629 E1247.50282
G1 X78.565 Y103.001 E1247.52893
M204 S5000
M205 X30 Y30
G0 F7200 X78.365 Y103.001
G0 X80.231 Y114.188
G0 X80.428 Y114.223
M204 S3000
M205 X20 Y20
G1 F4020 X80.516 Y113.98 E1247.53968
G1 X80.708 Y113.645 E1247.55573
G1 X81.047 Y113.261 E1247.57703
G1 X81.624 Y112.952 E1247.60424
G1 X82.253 Y112.835 E1247.63084
G1 X82.905 Y112.962 E1247.65846
G1 X83.438 Y113.255 E1247.68374
G1 X83.765 Y113.601 E1247.70354
G1 X84.067 Y114.196 E1247.73128
G1 X84.162 Y114.773 E1247.75559
G1 X84.036 Y115.406 E1247.78242
G1 X83.889 Y115.715 E1247.79665
G1 X83.542 Y116.144 E1247.81959
G1 X82.983 Y116.504 E1247.84723
G1 X82.777 Y116.572 E1247.85625
G1 X82.168 Y116.649 E1247.88177
G1 X81.624 Y116.548 E1247.90477
G1 X81.134 Y116.284 E1247.92791
G1 X80.934 Y116.117 E1247.93875
G1 X80.684 Y115.819 E1247.95492
G1 X80.485 Y115.456 E1247.97213
G1 X80.357 Y114.879 E1247.9967
G1 X80.347 Y114.75 E1248.00208
G1 X80.428 Y114.223 E1248.02425
M204 S5000
M205 X30 Y30
G0 F7200 X80.231 Y114.188
G0 X78.365 Y126.001
G0 X78.565 Y126.001
M204 S3000
M205 X20 Y20
G1 F4020 X78.57 Y125.906 E1248.0282
G1 X78.739 Y125.31 E1248.05396
G1 X78.83 Y125.115 E1248.06291
G1 X79.202 Y124.582 E1248.08993
G1 X79.526 Y124.295 E1248.10792
G1 X80.085 Y123.976 E1248.13468
G1 X80.499 Y123.855 E1248.15261
G1 X81.015 Y123.8 E1248.17419
G1 X81.49 Y123.844 E1248.19402
G1 X82.081 Y124.045 E1248.21998
G1 X82.468 Y124.279 E1248.23878
G1 X82.963 Y124.769 E1248.26773
G1 X83.277 Y125.339 E1248.29479
G1 X83.428 Y125.949 E1248.32092
G1 X83.446 Y126.386 E1248.3391
G1 X83.322 Y127.022 E1248.36604
G1 X83.004 Y127.657 E1248.39557
G1 X82.522 Y128.168 E1248.42477
G1 X82.099 Y128.451 E1248.44593
G1 X81.446 Y128.661 E1248.47445
G1 X81.042 Y128.705 E1248.49134
G1 X80.412 Y128.631 E1248.51772
G1 X79.999 Y128.49 E1248.53586
G1 X79.494 Y128.185 E1248.56039
G1 X79.202 Y127.918 E1248.57684
G1 X78.83 Y127.385 E1248.60386
G1 X78.739 Y127.19 E1248.61281
G1 X78.569 Y126.583 E1248.63901
G1 X78.565 Y126.001 E1248.66321
M204 S5000
M205 X30 Y30
G0 F7200 X78.365 Y126.001
G0 X79.038 Y124.55
G0 X79.947 Y123.876
G0 X136.379 Y125.906
G0 X136.572 Y125.949
M204 S3000
M205 X20 Y20
G1 F4020 X136.723 Y125.339 E1248.68934
G1 X137.038 Y124.767 E1248.71649
G1 X137.533 Y124.279 E1248.74538
G1 X137.92 Y124.044 E1248.76421
G1 X138.522 Y123.845 E1248.79057
G1 X138.985 Y123.8 E1248.80991
G1 X139.501 Y123.855 E1248.83148
G1 X140.066 Y124.046 E1248.85628
G1 X140.604 Y124.395 E1248.88294
G1 X140.904 Y124.711 E1248.90106
G1 X141.26 Y125.31 E1248.93003
G1 X141.436 Y125.936 E1248.95706
G1 X141.432 Y126.583 E1248.98396
G1 X141.232 Y127.291 E1249.01455
G1 X140.834 Y127.88 E1249.0441
G1 X140.507 Y128.185 E1249.06269
G1 X140.001 Y128.49 E1249.08726
G1 X139.588 Y128.631 E1249.1054
G1 X139.024 Y128.697 E1249.12901
G1 X138.604 Y128.669 E1249.14651
G1 X137.988 Y128.479 E1249.17331
G1 X137.61 Y128.27 E1249.19127
G1 X137.13 Y127.831 E1249.21831
G1 X136.754 Y127.223 E1249.24803
G1 X136.572 Y126.551 E1249.27698
G1 X136.554 Y126.114 E1249.29516
G1 X136.572 Y125.949 E1249.30206
M204 S5000
M205 X30 Y30
G0 F7200 X136.379 Y125.906
G0 X135.928 Y115.8
G0 X136.111 Y115.715
M204 S3000
M205 X20 Y20
G1 F4020 X135.934 Y115.31 E1249.32044
G1 X135.858 Y114.879 E1249.33863
G1 X135.847 Y114.719 E1249.3453
G1 X135.948 Y114.106 E1249.37113
G1 X136.235 Y113.601 E1249.39528
G1 X136.562 Y113.255 E1249.41507
G1 X137.095 Y112.962 E1249.44036
G1 X137.747 Y112.835 E1249.46797
G1 X138.376 Y112.952 E1249.49457
G1 X138.953 Y113.261 E1249.52179
G1 X139.292 Y113.645 E1249.54308
G1 X139.484 Y113.981 E1249.55917
G1 X139.572 Y114.223 E1249.56988
G1 X139.654 Y114.75 E1249.59205
G1 X139.559 Y115.375 E1249.61833
G1 X139.316 Y115.819 E1249.63938
G1 X139.066 Y116.117 E1249.65555
G1 X138.866 Y116.284 E1249.66638
G1 X138.376 Y116.548 E1249.68952
G1 X137.832 Y116.649 E1249.71252
G1 X137.223 Y116.572 E1249.73805
G1 X137.017 Y116.504 E1249.74706
G1 X136.458 Y116.144 E1249.77471
G1 X136.111 Y115.715 E1249.79765
M204 S5000
M205 X30 Y30
G0 F7200 X135.928 Y115.8
G0 X136.366 Y102.963
G0 X136.561 Y103.007
M204 S3000
M205 X20 Y20
G1 F4020 X136.7 Y102.38 E1249.82435
G1 X137.048 Y101.749 E1249.85431
G1 X137.537 Y101.281 E1249.88245
G1 X137.955 Y101.033 E1249.90265
G1 X138.52 Y100.845 E1249.92741
G1 X138.95 Y100.8 E1249.94539
G1 X139.574 Y100.863 E1249.97146
G1 X139.952 Y100.989 E1249.98803
G1 X140.553 Y101.341 E1250.01698
G1 X140.904 Y101.711 E1250.03819
G1 X141.17 Y102.115 E1250.0583
G1 X141.403 Y102.784 E1250.08775
G1 X141.436 Y103.001 E1250.09687
G1 X141.425 Y103.629 E1250.12299
G1 X141.26 Y104.19 E1250.1473
G1 X140.893 Y104.801 E1250.17693
G1 X140.368 Y105.279 E1250.20645
G1 X140.182 Y105.394 E1250.21554
G1 X139.514 Y105.643 E1250.24518
G1 X138.986 Y105.7 E1250.26726
G1 X138.522 Y105.655 E1250.28664
G1 X137.92 Y105.456 E1250.313
G1 X137.535 Y105.222 E1250.33173
G1 X137.044 Y104.743 E1250.36025
G1 X136.708 Y104.138 E1250.38902
G1 X136.564 Y103.514 E1250.41565
G1 X136.554 Y103.114 E1250.43228
G1 X136.561 Y103.007 E1250.43674
M204 S5000
M205 X30 Y30
G0 F7200 X136.366 Y102.963
G0 X135.74 Y96.361
G0 X135.938 Y96.327
M204 S3000
M205 X20 Y20
G1 F4020 X135.858 Y95.879 E1250.45566
G1 X135.847 Y95.715 E1250.4625
G1 X135.959 Y95.105 E1250.48828
G1 X136.208 Y94.646 E1250.50999
G1 X136.545 Y94.264 E1250.53117
G1 X137.129 Y93.943 E1250.55887
G1 X137.73 Y93.846 E1250.58418
G1 X138.335 Y93.94 E1250.60964
G1 X138.95 Y94.271 E1250.63868
G1 X139.293 Y94.645 E1250.65977
G1 X139.56 Y95.165 E1250.68408
G1 X139.652 Y95.79 E1250.71034
G1 X139.539 Y96.4 E1250.73613
G1 X139.394 Y96.706 E1250.75021
G1 X138.983 Y97.213 E1250.77735
G1 X138.402 Y97.55 E1250.80527
G1 X137.801 Y97.652 E1250.83061
G1 X137.114 Y97.557 E1250.85945
G1 X136.52 Y97.204 E1250.88818
G1 X136.154 Y96.781 E1250.91143
G1 X135.938 Y96.327 E1250.93233
M204 S5000
M205 X30 Y30
G0 F7200 X135.74 Y96.361
G0 X135.731 Y95.189
G0 X136.42 Y95.31
M204 S3000
M205 X20 Y20
;TYPE:WALL-OUTER
G1 F2040 X136.642 Y94.894 E1250.95194
G1 X136.842 Y94.682 E1250.96406
G1 X137.267 Y94.432 E1250.98455
G1 X137.743 Y94.346 E1251.00466
G1 X138.209 Y94.424 E1251.02431
G1 X138.638 Y94.663 E1251.04473
G1 X138.859 Y94.894 E1251.05802
G1 X139.076 Y95.291 E1251.07683
G1 X139.153 Y95.764 E1251.09675
G1 X139.071 Y96.224 E1251.11618
G1 X138.959 Y96.46 E1251.12704
G1 X138.652 Y96.827 E1251.14693
G1 X138.254 Y97.059 E1251.16608
G1 X137.767 Y97.153 E1251.1867
G1 X137.281 Y97.073 E1251.20718
G1 X136.88 Y96.849 E1251.22628
G1 X136.549 Y96.474 E1251.24707
G1 X136.427 Y96.218 E1251.25886
G1 X136.35 Y95.793 E1251.27682
G1 X136.42 Y95.31 E1251.29711
M204 S5000
M205 X30 Y30
G0 F7200 X136.514 Y95.134
G0 X135.902 Y94.779
G0 X136.49 Y102.408
G0 X137.173 Y102.561
M204 S3000
M205 X20 Y20
G1 F2040 X137.45 Y102.061 E1251.32088
G1 X137.846 Y101.674 E1251.3439
G1 X138.102 Y101.516 E1251.3564
G1 X138.629 Y101.333 E1251.3796
G1 X138.974 Y101.301 E1251.394
G1 X139.459 Y101.353 E1251.41428
G1 X139.768 Y101.454 E1251.4278
G1 X140.239 Y101.737 E1251.45064
G1 X140.486 Y101.985 E1251.46519
G1 X140.752 Y102.389 E1251.4853
G1 X140.936 Y102.963 E1251.51036
G1 X140.932 Y103.543 E1251.53448
G1 X140.771 Y104.083 E1251.5579
G1 X140.429 Y104.577 E1251.58288
G1 X139.986 Y104.934 E1251.60654
G1 X139.46 Y105.146 E1251.63012
G1 X138.96 Y105.2 E1251.65102
G1 X138.63 Y105.167 E1251.66481
G1 X138.138 Y105.002 E1251.68639
G1 X137.858 Y104.835 E1251.69994
G1 X137.464 Y104.457 E1251.72264
G1 X137.173 Y103.947 E1251.74705
G1 X137.055 Y103.416 E1251.76967
G1 X137.054 Y103.114 E1251.78223
G1 X137.056 Y103.078 E1251.78372
G1 X137.173 Y102.561 E1251.80576
M204 S5000
M205 X30 Y30
G0 F7200 X137.27 Y102.386
G0 X136.658 Y102.043
G0 X135.828 Y113.906
G0 X136.435 Y114.258
M204 S3000
M205 X20 Y20
G1 F2040 X136.671 Y113.853 E1251.82525
G1 X136.854 Y113.67 E1251.83601
G1 X137.288 Y113.425 E1251.85673
G1 X137.778 Y113.348 E1251.87735
G1 X138.223 Y113.428 E1251.89615
G1 X138.606 Y113.642 E1251.91439
G1 X138.818 Y113.842 E1251.92651
G1 X139.08 Y114.31 E1251.94881
G1 X139.154 Y114.75 E1251.96736
G1 X139.063 Y115.242 E1251.98816
G1 X138.933 Y115.497 E1252.00006
G1 X138.616 Y115.851 E1252.01981
G1 X138.223 Y116.072 E1252.03856
G1 X137.778 Y116.152 E1252.05736
G1 X137.288 Y116.075 E1252.07798
G1 X136.86 Y115.836 E1252.09836
G1 X136.555 Y115.482 E1252.11779
G1 X136.43 Y115.226 E1252.12963
G1 X136.35 Y114.793 E1252.14794
G1 X136.435 Y114.258 E1252.17046
M204 S5000
M205 X30 Y30
G0 F7200 X136.535 Y114.085
G0 X135.929 Y113.733
G0 X136.378 Y126.593
G0 X137.06 Y126.441
M204 S3000
M205 X20 Y20
G1 F2040 X137.054 Y126.114 E1252.18406
G1 X137.06 Y126.059 E1252.18636
G1 X137.181 Y125.541 E1252.20847
G1 X137.451 Y125.056 E1252.23155
G1 X137.832 Y124.685 E1252.25366
G1 X138.138 Y124.498 E1252.26857
G1 X138.635 Y124.332 E1252.29035
G1 X138.974 Y124.301 E1252.30451
G1 X139.447 Y124.352 E1252.32428
G1 X139.806 Y124.473 E1252.34004
G1 X140.257 Y124.755 E1252.36215
G1 X140.486 Y124.985 E1252.37564
G1 X140.772 Y125.419 E1252.39725
G1 X140.934 Y125.969 E1252.42109
G1 X140.934 Y126.527 E1252.44429
G1 X140.782 Y127.046 E1252.46677
G1 X140.487 Y127.515 E1252.48981
G1 X140.225 Y127.771 E1252.50504
G1 X139.784 Y128.039 E1252.52649
G1 X139.476 Y128.143 E1252.54001
G1 X138.974 Y128.199 E1252.56101
G1 X138.631 Y128.169 E1252.57532
G1 X138.098 Y127.982 E1252.59881
G1 X137.826 Y127.809 E1252.61221
G1 X137.433 Y127.413 E1252.6354
G1 X137.191 Y126.979 E1252.65606
G1 X137.06 Y126.441 E1252.67908
M204 S5000
M205 X30 Y30
G0 F7200 X137.057 Y126.241
G0 X136.354 Y126.241
G0 X82.953 Y112.817
G0 X81.547 Y112.817
G0 X80.712 Y113.409
G0 X80.92 Y114.31
M204 S3000
M205 X20 Y20
G1 F2040 X81.142 Y113.894 E1252.69869
G1 X81.342 Y113.682 E1252.7108
G1 X81.777 Y113.428 E1252.73175
G1 X82.222 Y113.348 E1252.75054
G1 X82.712 Y113.425 E1252.77117
G1 X83.146 Y113.67 E1252.79189
G1 X83.329 Y113.853 E1252.80265
G1 X83.565 Y114.258 E1252.82213
G1 X83.653 Y114.728 E1252.84201
G1 X83.57 Y115.226 E1252.863
G1 X83.443 Y115.485 E1252.875
G1 X83.154 Y115.825 E1252.89355
G1 X82.712 Y116.075 E1252.91466
G1 X82.222 Y116.152 E1252.93528
G1 X81.777 Y116.072 E1252.95408
G1 X81.384 Y115.851 E1252.97283
G1 X81.067 Y115.497 E1252.99258
G1 X80.937 Y115.242 E1253.00448
G1 X80.85 Y114.793 E1253.0235
G1 X80.92 Y114.31 E1253.04379
M204 S5000
M205 X30 Y30
G0 F7200 X81.014 Y114.134
G0 X80.402 Y113.779
G0 X78.398 Y103.744
G0 X79.068 Y103.543
M204 S3000
M205 X20 Y20
G1 F2040 X79.065 Y103.001 E1253.06632
G1 X79.075 Y102.928 E1253.06938
G1 X79.248 Y102.389 E1253.09292
G1 X79.513 Y101.985 E1253.11301
G1 X79.761 Y101.737 E1253.12759
G1 X80.232 Y101.454 E1253.15043
G1 X80.541 Y101.353 E1253.16395
G1 X81.052 Y101.299 E1253.18531
G1 X81.371 Y101.333 E1253.19865
G1 X81.863 Y101.499 E1253.22024
G1 X82.154 Y101.674 E1253.23435
G1 X82.55 Y102.061 E1253.25737
G1 X82.826 Y102.55 E1253.28072
G1 X82.946 Y103.096 E1253.30396
G1 X82.945 Y103.416 E1253.31727
G1 X82.823 Y103.95 E1253.34004
G1 X82.55 Y104.444 E1253.3635
G1 X82.167 Y104.815 E1253.38567
G1 X81.862 Y105.002 E1253.40055
G1 X81.37 Y105.167 E1253.42212
G1 X81.025 Y105.199 E1253.43653
G1 X80.469 Y105.128 E1253.45983
G1 X80.014 Y104.934 E1253.4804
G1 X79.571 Y104.577 E1253.50405
G1 X79.229 Y104.083 E1253.52903
G1 X79.068 Y103.543 E1253.55246
M204 S5000
M205 X30 Y30
G0 F7200 X79.067 Y103.343
G0 X78.365 Y103.343
G0 X80.161 Y95.914
G0 X80.85 Y95.793
M204 S3000
M205 X20 Y20
G1 F2040 X80.924 Y95.291 E1253.57355
G1 X81.142 Y94.894 E1253.59238
G1 X81.379 Y94.651 E1253.60649
G1 X81.729 Y94.449 E1253.6233
G1 X82.206 Y94.35 E1253.64355
G1 X82.733 Y94.432 E1253.66572
G1 X83.106 Y94.642 E1253.68352
G1 X83.318 Y94.842 E1253.69564
G1 X83.58 Y95.31 E1253.71794
G1 X83.653 Y95.768 E1253.73722
G1 X83.573 Y96.218 E1253.75622
G1 X83.451 Y96.474 E1253.76801
G1 X83.176 Y96.803 E1253.78584
G1 X82.746 Y97.063 E1253.80673
G1 X82.233 Y97.153 E1253.82838
G1 X81.746 Y97.059 E1253.849
G1 X81.348 Y96.827 E1253.86816
G1 X81.041 Y96.46 E1253.88805
G1 X80.929 Y96.223 E1253.89895
G1 X80.85 Y95.793 E1253.91712
M204 S5000
M205 X30 Y30
G0 F7200 X80.879 Y95.595
G0 X80.181 Y95.472
G0 X81.835 Y91.549
G0 X81.183 Y91.301
M204 S3000
M205 X20 Y20
G1 F2040 X80.995 Y91.792 E1253.93898
G1 X80.673 Y92.254 E1253.96239
G1 X80.464 Y92.456 E1253.97448
G1 X80.052 Y92.74 E1253.99528
G1 X79.166 Y93.106 E1254.03514
G1 X78.409 Y93.578 E1254.07223
G1 X77.829 Y94.069 E1254.10382
G1 X77.323 Y94.641 E1254.13557
G1 X77.109 Y94.944 E1254.15099
G1 X76.739 Y95.613 E1254.18278
G1 X76.465 Y96.34 E1254.21508
G1 X76.375 Y96.688 E1254.23002
G1 X76.251 Y97.54 E1254.26582
G1 X76.25 Y125.514 E1255.42884
G1 X76.308 Y126.027 E1255.45031
G1 X76.486 Y126.803 E1255.48341
G1 X76.612 Y127.161 E1255.49918
G1 X76.956 Y127.875 E1255.53213
G1 X77.399 Y128.525 E1255.56484
G1 X77.647 Y128.816 E1255.58073
G1 X78.226 Y129.352 E1255.61354
G1 X78.875 Y129.794 E1255.64618
G1 X79.589 Y130.138 E1255.67913
G1 X79.947 Y130.264 E1255.69491
G1 X80.722 Y130.442 E1255.72797
G1 X81.238 Y130.5 E1255.74956
G1 X138.762 Y130.5 E1258.14113
G1 X139.278 Y130.442 E1258.16272
G1 X140.053 Y130.264 E1258.19578
G1 X140.411 Y130.138 E1258.21156
G1 X141.125 Y129.794 E1258.24451
G1 X141.777 Y129.349 E1258.27732
G1 X142.068 Y129.101 E1258.29322
G1 X142.604 Y128.522 E1258.32602
G1 X143.044 Y127.875 E1258.35855
G1 X143.388 Y127.16 E1258.39154
G1 X143.514 Y126.803 E1258.40728
G1 X143.692 Y126.028 E1258.44034
G1 X143.75 Y125.513 E1258.46189
G1 X143.75 Y97.536 E1259.62504
G1 X143.625 Y96.686 E1259.66076
G1 X143.535 Y96.34 E1259.67562
G1 X143.261 Y95.613 E1259.70792
G1 X142.889 Y94.942 E1259.73982
G1 X142.675 Y94.639 E1259.75524
G1 X142.169 Y94.067 E1259.78699
G1 X141.591 Y93.578 E1259.81847
G1 X140.82 Y93.098 E1259.85623
G1 X140.091 Y92.808 E1259.88884
G1 X139.74 Y92.612 E1259.90556
G1 X139.327 Y92.253 E1259.92831
G1 X139.003 Y91.789 E1259.95184
G1 X138.816 Y91.3 E1259.9736
G1 X138.753 Y90.956 E1259.98814
G1 X138.75 Y89.5 E1260.04868
G1 X81.25 Y89.5 E1262.43925
G1 X81.247 Y90.951 E1262.49957
G1 X81.183 Y91.301 E1262.51437
M204 S5000
M205 X30 Y30
G0 F7200 X81.112 Y91.488
G0 X81.764 Y91.736
G0 X80.317 Y95.047
G0 X78.426 Y102.872
G0 X78.365 Y125.969
G0 X79.066 Y125.969
M204 S3000
M205 X20 Y20
G1 F2040 X79.228 Y125.419 E1262.5382
G1 X79.513 Y124.985 E1262.55979
G1 X79.743 Y124.755 E1262.57331
G1 X80.194 Y124.473 E1262.59543
G1 X80.553 Y124.352 E1262.61118
G1 X81.04 Y124.3 E1262.63154
G1 X81.37 Y124.333 E1262.64533
G1 X81.862 Y124.498 E1262.6669
G1 X82.168 Y124.685 E1262.68181
G1 X82.55 Y125.057 E1262.70398
G1 X82.819 Y125.541 E1262.727
G1 X82.94 Y126.059 E1262.74912
G1 X82.946 Y126.386 E1262.76272
G1 X82.826 Y126.948 E1262.78661
G1 X82.567 Y127.413 E1262.80874
G1 X82.174 Y127.809 E1262.83193
G1 X81.881 Y127.995 E1262.84636
G1 X81.36 Y128.169 E1262.8692
G1 X81.069 Y128.2 E1262.88136
G1 X80.519 Y128.142 E1262.90436
G1 X80.216 Y128.039 E1262.91766
G1 X79.776 Y127.771 E1262.93908
G1 X79.513 Y127.515 E1262.95434
G1 X79.218 Y127.046 E1262.97738
G1 X79.066 Y126.527 E1262.99986
G1 X79.065 Y126.001 E1263.02173
G1 X79.066 Y125.969 E1263.02306
M204 S5000
M205 X30 Y30
G0 F7200 X79.122 Y125.778
G0 X78.453 Y125.576
G0 X78.091 Y126.743
M204 S3000
M205 X20 Y20
;TYPE:SKIN
G1 F1459.1 X78.089 Y125.865 E1263.06058
G1 F1500 X78.099 Y125.791 E1263.06369
G1 X78.295 Y125.145 E1263.09176
G1 X78.439 Y124.843 E1263.10567
G1 X78.856 Y124.252 E1263.13574
G1 X79.286 Y123.884 E1263.15927
G1 X79.892 Y123.544 E1263.18816
G1 X80.402 Y123.39 E1263.21031
G1 X81.005 Y123.324 E1263.23552
G1 X81.559 Y123.375 E1263.25865
G1 X82.295 Y123.619 E1263.29089
G1 X82.803 Y123.944 E1263.31596
G1 X83.333 Y124.457 E1263.34663
G1 X83.737 Y125.182 E1263.38114
G1 X83.928 Y125.987 E1263.41553
G1 X83.891 Y126.657 E1263.44343
G1 X83.768 Y127.185 E1263.46597
G1 X83.4 Y127.918 E1263.50007
G1 X83.201 Y128.172 E1263.51349
G1 X82.822 Y128.535 E1263.5353
G1 X82.312 Y128.883 E1263.56097
G1 F1572.3 X81.556 Y129.1 E1263.59217
G1 F1736.1 X81.055 Y129.136 E1263.61021
G1 F1913.3 X80.297 Y129.028 E1263.63517
G1 F2054.8 X79.843 Y128.862 E1263.64984
G1 F2083.3 X79.262 Y128.521 E1263.67001
G1 F1994.7 X78.886 Y128.19 E1263.68567
G1 F1875 X78.479 Y127.674 E1263.70753
G1 F1696.8 X78.296 Y127.319 E1263.7222
G1 F1500 X78.091 Y126.743 E1263.74762
M204 S5000
M205 X30 Y30
G0 F7200 X79.954 Y115.337
M204 S3000
M205 X20 Y20
G1 F1500 X79.874 Y114.791 E1263.77057
G1 X79.874 Y114.717 E1263.77364
G1 X79.957 Y114.148 E1263.79755
G1 X80.111 Y113.73 E1263.81607
G1 X80.486 Y113.152 E1263.84471
G1 X80.916 Y112.792 E1263.86803
G1 X81.496 Y112.494 E1263.89514
G1 X82.127 Y112.377 E1263.92182
G1 X82.375 Y112.378 E1263.93213
G1 X83.084 Y112.504 E1263.96207
G1 X83.728 Y112.886 E1263.9932
G1 X84.12 Y113.273 E1264.0161
G1 X84.461 Y113.869 E1264.04465
G1 X84.535 Y114.104 E1264.05489
G1 X84.629 Y114.814 E1264.08467
G1 X84.531 Y115.408 E1264.1097
G1 X84.306 Y115.944 E1264.13387
G1 X83.808 Y116.572 E1264.16719
G1 X83.094 Y116.994 E1264.20167
G1 X82.375 Y117.122 E1264.23203
G1 X82.122 Y117.122 E1264.24255
G1 X81.507 Y117.013 E1264.26852
G1 X80.881 Y116.688 E1264.29784
G1 X80.595 Y116.45 E1264.31331
G1 X80.293 Y116.087 E1264.33294
G1 X80.043 Y115.627 E1264.35471
G1 X79.954 Y115.337 E1264.36732
M204 S5000
M205 X30 Y30
G0 F7200 X78.011 Y103.71
M204 S3000
M205 X20 Y20
G1 F1173.7 X77.999 Y103.013 E1264.40436
G1 F1080.7 X78.032 Y102.664 E1264.42459
G1 F1098.1 X78.066 Y102.619 E1264.42779
G1 F1293.1 X78.439 Y101.843 E1264.46932
G1 F1500 X78.856 Y101.252 E1264.49939
G1 X79.283 Y100.886 E1264.52277
G1 X79.884 Y100.544 E1264.55152
G1 X80.28 Y100.411 E1264.56889
G1 X81.022 Y100.318 E1264.59998
G1 X81.651 Y100.395 E1264.62632
G1 X82.317 Y100.624 E1264.6556
G1 X82.775 Y100.921 E1264.6783
G1 X83.3 Y101.423 E1264.7085
G1 X83.737 Y102.178 E1264.74477
G1 X83.917 Y102.955 E1264.77792
G1 X83.919 Y103.523 E1264.80154
G1 X83.748 Y104.301 E1264.83466
G1 X83.321 Y105.052 E1264.87057
G1 X82.759 Y105.601 E1264.90324
G1 X82.279 Y105.889 E1264.92651
G1 X81.591 Y106.117 E1264.95664
G1 X81.063 Y106.176 E1264.97873
G1 X80.395 Y106.109 E1265.00664
G1 X80.087 Y106.025 E1265.01992
G1 X79.634 Y105.833 E1265.04037
G1 X79.327 Y105.643 E1265.05538
G1 X78.948 Y105.328 E1265.07587
G1 X78.729 Y105.091 E1265.08929
G1 X78.421 Y104.624 E1265.11254
G1 F1431.3 X78.216 Y104.167 E1265.13437
G1 F1311.2 X78.011 Y103.71 E1265.15819
M204 S5000
M205 X30 Y30
G0 F7200 X80.109 Y94.733
M204 S3000
M205 X20 Y20
G1 F1506 X80.466 Y94.185 E1265.18527
G1 F1602.6 X80.85 Y93.867 E1265.20467
G1 F1663 X81.452 Y93.514 E1265.23085
G1 F1559.3 X82.199 Y93.356 E1265.26138
G1 F1500 X83.011 Y93.487 E1265.29558
G1 X83.617 Y93.812 E1265.32417
G1 X83.832 Y93.975 E1265.33538
G1 X84.196 Y94.392 E1265.3584
G1 X84.515 Y95.005 E1265.38713
G1 X84.637 Y95.764 E1265.41909
G1 X84.498 Y96.529 E1265.45141
G1 X84.279 Y96.99 E1265.47263
G1 X83.909 Y97.448 E1265.49711
G1 X83.629 Y97.682 E1265.51228
G1 X83.064 Y97.994 E1265.53912
G1 X82.42 Y98.116 E1265.56637
G1 X82.128 Y98.123 E1265.57851
G1 X81.431 Y98.002 E1265.60792
G1 X80.828 Y97.656 E1265.63682
G1 X80.627 Y97.488 E1265.64772
G1 X80.19 Y96.94 E1265.67686
G1 X79.98 Y96.491 E1265.69746
G1 X79.876 Y95.847 E1265.72459
G1 X79.875 Y95.772 E1265.7277
G1 X79.978 Y95.045 E1265.75823
G1 X80.109 Y94.733 E1265.7723
M204 S5000
M205 X30 Y30
G0 F7200 X81.447 Y92.861
M204 S3000
M205 X20 Y20
G1 F1552.8 X81.037 Y93.223 E1265.79427
G1 F1592.4 X80.384 Y93.656 E1265.82495
G1 F1536.9 X79.61 Y93.977 E1265.85895
G1 F1500 X78.984 Y94.369 E1265.88966
G1 X78.512 Y94.769 E1265.91538
G1 X78 Y95.348 E1265.94752
G1 X77.626 Y96.024 E1265.97964
G1 X77.351 Y96.753 E1266.01203
G1 X77.227 Y97.612 E1266.04811
G1 X77.226 Y102.021 E1266.23142
G1 F1243.8 X77.33 Y102.614 E1266.2616
G1 F1080.7 X77.317 Y103.02 E1266.28504
G1 F1090.1 X77.323 Y103.79 E1266.32909
G1 F1256.3 X77.226 Y104.471 E1266.36324
G1 F1500 X77.225 Y125.46 E1267.23586
G1 X77.271 Y125.862 E1267.25268
G1 F1482.2 X77.46 Y126.664 E1267.28735
G1 F1494 X77.79 Y127.371 E1267.31992
G1 F1569 X78.183 Y128.019 E1267.35004
G1 F1712.3 X78.753 Y128.6 E1267.37968
G1 F1918.2 X79.331 Y129.002 E1267.40257
G1 F1963.4 X80.106 Y129.37 E1267.42983
G1 F1879.7 X80.88 Y129.526 E1267.45602
G1 F1785.7 X81.291 Y129.558 E1267.47042
G1 F1663 X81.835 Y129.541 E1267.49083
G1 F1552.8 X82.379 Y129.524 E1267.51269
G1 F1500 X137.755 Y129.524 E1269.81495
G1 F1602.6 X138.708 Y129.557 E1269.85206
G1 F1781.5 X139.112 Y129.527 E1269.86624
G1 F1933 X139.783 Y129.39 E1269.88834
G1 F2021.6 X140.088 Y129.283 E1269.89831
G1 F1963.4 X140.76 Y128.957 E1269.92203
G1 F1851.9 X141.365 Y128.511 E1269.94734
G1 F1756.4 X141.864 Y127.931 E1269.97451
G1 F1641.1 X142.205 Y127.392 E1269.99875
G1 F1536.9 X142.543 Y126.665 E1270.03128
G1 F1500 X142.729 Y125.862 E1270.06555
G1 X142.775 Y125.457 E1270.08249
G1 X142.775 Y104.474 E1270.95487
G1 F1256.3 X142.678 Y103.789 E1270.98921
G1 F1090.1 X142.684 Y103.005 E1271.03406
G1 F1126.1 X142.7 Y102.471 E1271.06365
G1 F1304.3 X142.775 Y101.702 E1271.10059
G1 F1500 X142.775 Y97.605 E1271.27092
G1 X142.65 Y96.766 E1271.30619
G1 X142.373 Y96.023 E1271.33915
G1 X141.995 Y95.343 E1271.3715
G1 X141.483 Y94.765 E1271.4036
G1 X141.016 Y94.369 E1271.42906
G1 X140.377 Y93.973 E1271.46031
G1 F1527.5 X139.734 Y93.707 E1271.48872
G1 F1616.4 X139.149 Y93.352 E1271.51512
G1 F1585.6 X138.625 Y92.936 E1271.54144
G1 F1500 X138.163 Y92.3 E1271.57412
G1 X137.883 Y91.591 E1271.60581
G1 X137.779 Y91.05 E1271.62872
G1 X137.775 Y90.475 E1271.65262
G1 X82.225 Y90.475 E1273.96212
G1 X82.221 Y91.049 E1273.98599
G1 X82.109 Y91.612 E1274.00985
G1 X81.87 Y92.228 E1274.03732
G1 X81.447 Y92.861 E1274.06897
M204 S5000
M205 X30 Y30
G0 F7200 X135.367 Y95.803
M204 S3000
M205 X20 Y20
G1 F1500 X135.367 Y95.721 E1274.07238
G1 X135.484 Y95.008 E1274.10242
G1 X135.812 Y94.383 E1274.13177
G1 X135.975 Y94.168 E1274.14299
G1 X136.39 Y93.806 E1274.16588
G1 X136.988 Y93.487 E1274.19406
G1 X137.722 Y93.367 E1274.22498
G1 X138.43 Y93.473 E1274.25474
G1 F1549.6 X138.721 Y93.604 E1274.26759
G1 F1637.6 X139.237 Y93.919 E1274.29061
G1 F1582.3 X139.696 Y94.387 E1274.31645
G1 F1500 X140.02 Y95.042 E1274.34683
G1 X140.13 Y95.8 E1274.37867
G1 X140.027 Y96.455 E1274.40624
G1 X139.808 Y96.94 E1274.42836
G1 X139.391 Y97.469 E1274.45637
G1 X139.087 Y97.707 E1274.47242
G1 X138.447 Y98.022 E1274.50208
G1 X137.736 Y98.145 E1274.53207
G1 X136.941 Y97.997 E1274.56569
G1 X136.362 Y97.673 E1274.59328
G1 X136.116 Y97.473 E1274.60646
G1 X135.713 Y96.98 E1274.63293
G1 X135.483 Y96.465 E1274.65638
G1 X135.367 Y95.803 E1274.68432
M204 S5000
M205 X30 Y30
G0 F7200 X136.081 Y103.031
M204 S3000
M205 X20 Y20
G1 F1500 X136.25 Y102.214 E1274.71901
G1 X136.673 Y101.446 E1274.75546
G1 X137.23 Y100.916 E1274.78743
G1 X137.769 Y100.594 E1274.81353
G1 X138.429 Y100.378 E1274.8424
G1 X138.975 Y100.326 E1274.86521
G1 X139.651 Y100.398 E1274.89347
G1 X140.128 Y100.547 E1274.91425
G1 X140.851 Y100.963 E1274.94893
G1 X141.276 Y101.417 E1274.97478
G1 X141.567 Y101.853 E1274.99657
G1 F1304.3 X141.924 Y102.605 E1275.03637
G1 F1104.6 X141.967 Y102.662 E1275.04041
G1 F1076 X142 Y102.953 E1275.05738
G1 F1170 X141.989 Y103.71 E1275.09773
G1 F1368.6 X141.58 Y104.621 E1275.14323
G1 F1500 X141.271 Y105.09 E1275.16658
G1 X141.052 Y105.328 E1275.18003
G1 X140.673 Y105.643 E1275.20052
G1 X140.4 Y105.815 E1275.21393
G1 X139.591 Y106.115 E1275.24981
G1 X138.82 Y106.17 E1275.28194
G1 X138.425 Y106.12 E1275.2985
G1 X137.727 Y105.891 E1275.32904
G1 X137.243 Y105.603 E1275.35245
G1 X136.672 Y105.045 E1275.38565
G1 X136.249 Y104.296 E1275.42141
G1 X136.085 Y103.55 E1275.45316
G1 X136.081 Y103.031 E1275.47474
M204 S5000
M205 X30 Y30
G0 F7200 X135.36 Y114.712
M204 S3000
M205 X20 Y20
G1 F1500 X135.493 Y113.969 E1275.50612
G1 X135.841 Y113.334 E1275.53623
G1 X136.225 Y112.923 E1275.55961
G1 X136.801 Y112.571 E1275.58768
G1 X137.054 Y112.477 E1275.5989
G1 X137.641 Y112.377 E1275.62365
G1 X137.885 Y112.378 E1275.6338
G1 X138.492 Y112.486 E1275.65943
G1 X139.117 Y112.812 E1275.68874
G1 X139.332 Y112.975 E1275.69996
G1 X139.678 Y113.371 E1275.72182
G1 X139.895 Y113.741 E1275.73965
G1 X140.042 Y114.145 E1275.75753
G1 X140.132 Y114.744 E1275.78271
G1 X140.046 Y115.343 E1275.80787
G1 X139.957 Y115.628 E1275.82028
G1 X139.68 Y116.125 E1275.84394
G1 X139.437 Y116.417 E1275.85973
G1 X139.119 Y116.688 E1275.8771
G1 X138.504 Y117.006 E1275.90589
G1 X137.875 Y117.123 E1275.93248
G1 X137.145 Y117.041 E1275.96303
G1 X136.812 Y116.935 E1275.97755
G1 X136.209 Y116.58 E1276.00665
G1 X135.716 Y115.993 E1276.03852
G1 X135.488 Y115.485 E1276.06167
G1 X135.363 Y114.779 E1276.09147
G1 X135.36 Y114.712 E1276.09426
M204 S5000
M205 X30 Y30
G0 F7200 X136.083 Y126.434
M204 S3000
M205 X20 Y20
G1 F1500 X136.079 Y126.375 E1276.09672
G1 X136.11 Y125.84 E1276.119
G1 X136.268 Y125.175 E1276.14742
G1 X136.675 Y124.449 E1276.18202
G1 X137.254 Y123.898 E1276.21525
G1 X137.719 Y123.613 E1276.23793
G1 X138.414 Y123.377 E1276.26844
G1 X138.914 Y123.326 E1276.28934
G1 X139.712 Y123.397 E1276.32264
G1 X140.281 Y123.624 E1276.34811
G1 X140.927 Y124.044 E1276.38015
G1 X141.302 Y124.45 E1276.40313
G1 X141.567 Y124.853 E1276.42318
G1 X141.713 Y125.169 E1276.43765
G1 X141.914 Y125.821 E1276.46602
G1 X141.905 Y126.647 E1276.50036
G1 F1552.8 X141.703 Y127.314 E1276.52835
G1 F1652 X141.555 Y127.605 E1276.54067
G1 F1807.2 X141.146 Y128.164 E1276.56458
G1 F1994.7 X140.735 Y128.524 E1276.58166
G1 F2095 X140.176 Y128.854 E1276.60098
G1 F2066.1 X139.692 Y129.03 E1276.61653
G1 F1933 X139.071 Y129.123 E1276.63678
G1 F1748.3 X138.501 Y129.108 E1276.65712
G1 F1575.6 X137.844 Y128.932 E1276.68405
G1 F1500 X137.351 Y128.672 E1276.70722
G1 X136.775 Y128.145 E1276.73968
G1 X136.574 Y127.876 E1276.75364
G1 X136.218 Y127.156 E1276.78703
G1 X136.083 Y126.434 E1276.81757
M204 S5000
M205 X30 Y30
G0 F7200 X136.941 Y127.839
G0 X137.85 Y128.578
G0 X138.948 Y128.845
G0 X140.053 Y128.624
G0 X142.154 Y126.545
M204 S3000
M205 X20 Y20
G1 F1500 X142.36 Y126.34 E1276.82965
M204 S5000
M205 X30 Y30
G0 F7200 X142.16 Y125.833
M204 S3000
M205 X20 Y20
G1 F1500 X142.52 Y125.473 E1276.85082
M204 S5000
M205 X30 Y30
G0 F7200 X142.007 Y125.278
M204 S3000
M205 X20 Y20
G1 F1500 X142.523 Y124.762 E1276.88116
M204 S5000
M205 X30 Y30
G0 F7200 X142.523 Y124.055
M204 S3000
M205 X20 Y20
G1 F1500 X141.803 Y124.775 E1276.92349
M204 S5000
M205 X30 Y30
G0 F7200 X141.529 Y124.342
M204 S3000
M205 X20 Y20
G1 F1500 X142.523 Y123.348 E1276.98193
M204 S5000
M205 X30 Y30
G0 F7200 X142.523 Y122.641
M204 S3000
M205 X20 Y20
G1 F1500 X141.196 Y123.968 E1277.05995
M204 S5000
M205 X30 Y30
G0 F7200 X140.797 Y123.66
M204 S3000
M205 X20 Y20
G1 F1500 X142.523 Y121.934 E1277.16144
M204 S5000
M205 X30 Y30
G0 F7200 X142.523 Y121.227
M204 S3000
M205 X20 Y20
G1 F1500 X140.362 Y123.388 E1277.2885
M204 S5000
M205 X30 Y30
G0 F7200 X139.856 Y123.187
M204 S3000
M205 X20 Y20
G1 F1500 X142.523 Y120.519 E1277.44533
M204 S5000
M205 X30 Y30
G0 F7200 X142.523 Y119.812
M204 S3000
M205 X20 Y20
G1 F1500 X139.234 Y123.101 E1277.63871
M204 S5000
M205 X30 Y30
G0 F7200 X138.51 Y123.118
M204 S3000
M205 X20 Y20
G1 F1500 X142.523 Y119.105 E1277.87466
M204 S5000
M205 X30 Y30
G0 F7200 X142.523 Y118.398
M204 S3000
M205 X20 Y20
G1 F1500 X137.411 Y123.511 E1278.17526
G1 X137.323 Y123.599
M204 S5000
M205 X30 Y30
G0 F7200 X136.275 Y124.646
M204 S3000
M205 X20 Y20
G1 F1500 X131.647 Y129.274 E1278.44737
M204 S5000
M205 X30 Y30
G0 F7200 X132.354 Y129.274
M204 S3000
M205 X20 Y20
G1 F1500 X135.869 Y125.759 E1278.65404
M204 S5000
M205 X30 Y30
G0 F7200 X135.838 Y126.497
M204 S3000
M205 X20 Y20
G1 F1500 X133.061 Y129.274 E1278.81731
M204 S5000
M205 X30 Y30
G0 F7200 X133.769 Y129.274
M204 S3000
M205 X20 Y20
G1 F1500 X135.95 Y127.093 E1278.94555
M204 S5000
M205 X30 Y30
G0 F7200 X136.155 Y127.595
M204 S3000
M205 X20 Y20
G1 F1500 X134.476 Y129.274 E1279.04427
M204 S5000
M205 X30 Y30
G0 F7200 X135.183 Y129.274
M204 S3000
M205 X20 Y20
G1 F1500 X136.4 Y128.057 E1279.11582
M204 S5000
M205 X30 Y30
G0 F7200 X136.724 Y128.44
M204 S3000
M205 X20 Y20
G1 F1500 X135.89 Y129.274 E1279.16486
M204 S5000
M205 X30 Y30
G0 F7200 X136.597 Y129.274
M204 S3000
M205 X20 Y20
G1 F1500 X137.095 Y128.776 E1279.19414
M204 S5000
M205 X30 Y30
G0 F7200 X137.532 Y129.046
M204 S3000
M205 X20 Y20
G1 F1500 X137.304 Y129.274 E1279.20754
M204 S5000
M205 X30 Y30
G0 F7200 X130.94 Y129.274
M204 S3000
M205 X20 Y20
G1 F1500 X142.523 Y117.691 E1279.88858
M204 S5000
M205 X30 Y30
G0 F7200 X142.523 Y116.984
M204 S3000
M205 X20 Y20
G1 F1500 X130.233 Y129.274 E1280.61118
M204 S5000
M205 X30 Y30
G0 F7200 X129.526 Y129.274
M204 S3000
M205 X20 Y20
G1 F1500 X142.523 Y116.277 E1281.37536
M204 S5000
M205 X30 Y30
G0 F7200 X142.523 Y115.57
M204 S3000
M205 X20 Y20
G1 F1500 X128.819 Y129.274 E1282.1811
M204 S5000
M205 X30 Y30
G0 F7200 X128.112 Y129.274
M204 S3000
M205 X20 Y20
G1 F1500 X142.523 Y114.863 E1283.02841
M204 S5000
M205 X30 Y30
G0 F7200 X142.523 Y114.156
M204 S3000
M205 X20 Y20
G1 F1500 X127.405 Y129.274 E1283.91729
M204 S5000
M205 X30 Y30
G0 F7200 X126.697 Y129.274
M204 S3000
M205 X20 Y20
G1 F1500 X138.877 Y117.095 E1284.6334
G1 X138.965 Y117.007
M204 S5000
M205 X30 Y30
G0 F7200 X137.892 Y117.373
M204 S3000
M205 X20 Y20
G1 F1500 X125.99 Y129.274 E1285.33316
M204 S5000
M205 X30 Y30
G0 F7200 X125.283 Y129.274
M204 S3000
M205 X20 Y20
G1 F1500 X137.255 Y117.302 E1286.03707
M204 S5000
M205 X30 Y30
G0 F7200 X136.698 Y117.152
M204 S3000
M205 X20 Y20
G1 F1500 X124.576 Y129.274 E1286.7498
M204 S5000
M205 X30 Y30
G0 F7200 X123.869 Y129.274
M204 S3000
M205 X20 Y20
G1 F1500 X136.25 Y116.893 E1287.47775
M204 S5000
M205 X30 Y30
G0 F7200 X135.87 Y116.566
M204 S3000
M205 X20 Y20
G1 F1500 X123.162 Y129.274 E1288.22494
M204 S5000
M205 X30 Y30
G0 F7200 X122.455 Y129.274
M204 S3000
M205 X20 Y20
G1 F1500 X135.545 Y116.184 E1288.99458
M204 S5000
M205 X30 Y30
G0 F7200 X135.314 Y115.708
M204 S3000
M205 X20 Y20
G1 F1500 X121.748 Y129.274 E1289.79221
M204 S5000
M205 X30 Y30
G0 F7200 X121.041 Y129.274
M204 S3000
M205 X20 Y20
G1 F1500 X135.174 Y115.141 E1290.62317
M204 S5000
M205 X30 Y30
G0 F7200 X135.152 Y114.456
M204 S3000
M205 X20 Y20
G1 F1500 X120.334 Y129.274 E1291.49441
M204 S5000
M205 X30 Y30
G0 F7200 X119.626 Y129.274
M204 S3000
M205 X20 Y20
G1 F1500 X135.54 Y113.361 E1292.43007
G1 X135.628 Y113.273
M204 S5000
M205 X30 Y30
G0 F7200 X136.341 Y112.56
M204 S3000
M205 X20 Y20
G1 F1500 X142.523 Y106.377 E1292.79357
M204 S5000
M205 X30 Y30
G0 F7200 X142.523 Y107.084
M204 S3000
M205 X20 Y20
G1 F1500 X137.455 Y112.153 E1293.09158
M204 S5000
M205 X30 Y30
G0 F7200 X138.143 Y112.171
M204 S3000
M205 X20 Y20
G1 F1500 X142.523 Y107.792 E1293.34908
M204 S5000
M205 X30 Y30
G0 F7200 X142.523 Y108.499
M204 S3000
M205 X20 Y20
G1 F1500 X138.708 Y112.314 E1293.57339
M204 S5000
M205 X30 Y30
G0 F7200 X139.173 Y112.556
M204 S3000
M205 X20 Y20
G1 F1500 X142.523 Y109.206 E1293.77035
M204 S5000
M205 X30 Y30
G0 F7200 X142.523 Y109.913
M204 S3000
M205 X20 Y20
G1 F1500 X139.566 Y112.87 E1293.94421
M204 S5000
M205 X30 Y30
G0 F7200 X139.892 Y113.251
M204 S3000
M205 X20 Y20
G1 F1500 X142.523 Y110.62 E1294.09891
M204 S5000
M205 X30 Y30
G0 F7200 X142.523 Y111.327
M204 S3000
M205 X20 Y20
G1 F1500 X140.145 Y113.705 E1294.23872
M204 S5000
M205 X30 Y30
G0 F7200 X140.309 Y114.248
M204 S3000
M205 X20 Y20
G1 F1500 X142.523 Y112.034 E1294.3689
M204 S5000
M205 X30 Y30
G0 F7200 X142.523 Y112.741
M204 S3000
M205 X20 Y20
G1 F1500 X140.356 Y114.909 E1294.49634
M204 S5000
M205 X30 Y30
G0 F7200 X140.108 Y115.864
M204 S3000
M205 X20 Y20
G1 F1500 X142.523 Y113.448 E1294.63836
G1 X142.611 Y113.36
M204 S5000
M205 X30 Y30
G0 F7200 X139.752 Y106.32
M204 S3000
M205 X20 Y20
G1 F1500 X116.798 Y129.274 E1295.98797
M204 S5000
M205 X30 Y30
G0 F7200 X117.505 Y129.274
M204 S3000
M205 X20 Y20
G1 F1500 X142.477 Y104.302 E1297.45623
M204 S5000
M205 X30 Y30
G0 F7200 X142.523 Y104.963
M204 S3000
M205 X20 Y20
G1 F1500 X118.212 Y129.274 E1298.88562
M204 S5000
M205 X30 Y30
G0 F7200 X118.919 Y129.274
M204 S3000
M205 X20 Y20
G1 F1500 X142.523 Y105.67 E1300.27345
G1 X142.611 Y105.582
M204 S5000
M205 X30 Y30
G0 F7200 X142.204 Y102.454
M204 S3000
M205 X20 Y20
G1 F1500 X142.419 Y102.239 E1300.28609
M204 S5000
M205 X30 Y30
G0 F7200 X141.941 Y102.01
M204 S3000
M205 X20 Y20
G1 F1500 X142.524 Y101.427 E1300.32037
M204 S5000
M205 X30 Y30
G0 F7200 X142.524 Y100.72
M204 S3000
M205 X20 Y20
G1 F1500 X141.677 Y101.567 E1300.37017
M204 S5000
M205 X30 Y30
G0 F7200 X141.377 Y101.16
M204 S3000
M205 X20 Y20
G1 F1500 X142.524 Y100.013 E1300.4376
M204 S5000
M205 X30 Y30
G0 F7200 X142.524 Y99.306
M204 S3000
M205 X20 Y20
G1 F1500 X141.035 Y100.794 E1300.52512
M204 S5000
M205 X30 Y30
G0 F7200 X140.594 Y100.528
M204 S3000
M205 X20 Y20
G1 F1500 X142.524 Y98.598 E1300.6386
M204 S5000
M205 X30 Y30
G0 F7200 X142.524 Y97.891
M204 S3000
M205 X20 Y20
G1 F1500 X140.129 Y100.286 E1300.77942
M204 S5000
M205 X30 Y30
G0 F7200 X139.575 Y100.134
M204 S3000
M205 X20 Y20
G1 F1500 X142.467 Y97.242 E1300.94945
M204 S5000
M205 X30 Y30
G0 F7200 X142.342 Y96.659
M204 S3000
M205 X20 Y20
G1 F1500 X138.928 Y100.073 E1301.15018
M204 S5000
M205 X30 Y30
G0 F7200 X138.06 Y100.234
M204 S3000
M205 X20 Y20
G1 F1500 X142.149 Y96.145 E1301.3906
M204 S5000
M205 X30 Y30
G0 F7200 X141.899 Y95.688
M204 S3000
M205 X20 Y20
G1 F1500 X108.313 Y129.273 E1303.3653
M204 S5000
M205 X30 Y30
G0 F7200 X107.606 Y129.273
M204 S3000
M205 X20 Y20
G1 F1500 X138.714 Y98.166 E1305.1943
M204 S5000
M205 X30 Y30
G0 F7200 X137.781 Y98.391
M204 S3000
M205 X20 Y20
G1 F1500 X106.899 Y129.273 E1307.01005
M204 S5000
M205 X30 Y30
G0 F7200 X106.192 Y129.273
M204 S3000
M205 X20 Y20
G1 F1500 X137.173 Y98.293 E1308.83158
M204 S5000
M205 X30 Y30
G0 F7200 X136.639 Y98.12
M204 S3000
M205 X20 Y20
G1 F1500 X105.485 Y129.273 E1310.66329
M204 S5000
M205 X30 Y30
G0 F7200 X104.778 Y129.273
M204 S3000
M205 X20 Y20
G1 F1500 X136.193 Y97.858 E1312.51037
M204 S5000
M205 X30 Y30
G0 F7200 X135.827 Y97.517
M204 S3000
M205 X20 Y20
G1 F1500 X104.071 Y129.273 E1314.3775
M204 S5000
M205 X30 Y30
G0 F7200 X103.364 Y129.273
M204 S3000
M205 X20 Y20
G1 F1500 X135.509 Y97.128 E1316.2675
M204 S5000
M205 X30 Y30
G0 F7200 X135.29 Y96.64
M204 S3000
M205 X20 Y20
G1 F1500 X102.657 Y129.273 E1318.1862
M204 S5000
M205 X30 Y30
G0 F7200 X101.949 Y129.273
M204 S3000
M205 X20 Y20
G1 F1500 X135.156 Y96.067 E1320.13861
M204 S5000
M205 X30 Y30
G0 F7200 X135.172 Y95.344
M204 S3000
M205 X20 Y20
G1 F1500 X101.242 Y129.273 E1322.13354
M204 S5000
M205 X30 Y30
G0 F7200 X100.535 Y129.273
M204 S3000
M205 X20 Y20
G1 F1500 X135.729 Y94.08 E1324.20278
M204 S5000
M205 X30 Y30
G0 F7200 X135.931 Y93.878
M204 S3000
M205 X20 Y20
G1 F1500 X137.782 Y92.027 E1324.31161
M204 S5000
M205 X30 Y30
G0 F7200 X138.006 Y92.51
M204 S3000
M205 X20 Y20
G1 F1500 X137.339 Y93.177 E1324.35083
M204 S5000
M205 X30 Y30
G0 F7200 X138.059 Y93.164
M204 S3000
M205 X20 Y20
G1 F1500 X138.303 Y92.92 E1324.36518
M204 S5000
M205 X30 Y30
G0 F7200 X137.607 Y91.494
M204 S3000
M205 X20 Y20
G1 F1500 X99.828 Y129.273 E1326.58644
M204 S5000
M205 X30 Y30
G0 F7200 X99.121 Y129.273
M204 S3000
M205 X20 Y20
G1 F1500 X137.527 Y90.868 E1328.84453
M204 S5000
M205 X30 Y30
G0 F7200 X136.963 Y90.724
M204 S3000
M205 X20 Y20
G1 F1500 X98.414 Y129.273 E1331.11107
M204 S5000
M205 X30 Y30
G0 F7200 X97.707 Y129.273
M204 S3000
M205 X20 Y20
G1 F1500 X136.256 Y90.724 E1333.3776
M204 S5000
M205 X30 Y30
G0 F7200 X135.549 Y90.724
M204 S3000
M205 X20 Y20
G1 F1500 X97 Y129.273 E1335.64413
M204 S5000
M205 X30 Y30
G0 F7200 X96.293 Y129.273
M204 S3000
M205 X20 Y20
G1 F1500 X134.842 Y90.724 E1337.91067
M204 S5000
M205 X30 Y30
G0 F7200 X134.135 Y90.724
M204 S3000
M205 X20 Y20
G1 F1500 X95.585 Y129.273 E1340.17723
M204 S5000
M205 X30 Y30
G0 F7200 X94.878 Y129.273
M204 S3000
M205 X20 Y20
G1 F1500 X133.428 Y90.724 E1342.44379
M204 S5000
M205 X30 Y30
G0 F7200 X132.721 Y90.724
M204 S3000
M205 X20 Y20
G1 F1500 X94.171 Y129.273 E1344.71035
M204 S5000
M205 X30 Y30
G0 F7200 X93.464 Y129.273
M204 S3000
M205 X20 Y20
G1 F1500 X132.014 Y90.724 E1346.97692
M204 S5000
M205 X30 Y30
G0 F7200 X131.306 Y90.724
M204 S3000
M205 X20 Y20
G1 F1500 X92.757 Y129.273 E1349.24345
M204 S5000
M205 X30 Y30
G0 F7200 X92.05 Y129.273
M204 S3000
M205 X20 Y20
G1 F1500 X130.599 Y90.724 E1351.50998
M204 S5000
M205 X30 Y30
G0 F7200 X129.892 Y90.724
M204 S3000
M205 X20 Y20
G1 F1500 X91.343 Y129.273 E1353.77652
M204 S5000
M205 X30 Y30
G0 F7200 X90.636 Y129.273
M204 S3000
M205 X20 Y20
G1 F1500 X129.185 Y90.724 E1356.04305
M204 S5000
M205 X30 Y30
G0 F7200 X128.478 Y90.724
M204 S3000
M205 X20 Y20
G1 F1500 X89.929 Y129.273 E1358.30958
M204 S5000
M205 X30 Y30
G0 F7200 X89.222 Y129.273
M204 S3000
M205 X20 Y20
G1 F1500 X127.771 Y90.724 E1360.57612
M204 S5000
M205 X30 Y30
G0 F7200 X127.064 Y90.724
M204 S3000
M205 X20 Y20
G1 F1500 X88.514 Y129.273 E1362.84268
M204 S5000
M205 X30 Y30
G0 F7200 X87.807 Y129.273
M204 S3000
M205 X20 Y20
G1 F1500 X126.357 Y90.724 E1365.10924
M204 S5000
M205 X30 Y30
G0 F7200 X125.65 Y90.724
M204 S3000
M205 X20 Y20
G1 F1500 X87.1 Y129.273 E1367.37581
M204 S5000
M205 X30 Y30
G0 F7200 X86.393 Y129.273
M204 S3000
M205 X20 Y20
G1 F1500 X124.942 Y90.724 E1369.64234
M204 S5000
M205 X30 Y30
G0 F7200 X124.235 Y90.724
M204 S3000
M205 X20 Y20
G1 F1500 X85.686 Y129.273 E1371.90887
M204 S5000
M205 X30 Y30
G0 F7200 X84.979 Y129.273
M204 S3000
M205 X20 Y20
G1 F1500 X123.528 Y90.724 E1374.17541
M204 S5000
M205 X30 Y30
G0 F7200 X122.821 Y90.724
M204 S3000
M205 X20 Y20
G1 F1500 X84.272 Y129.273 E1376.44194
M204 S5000
M205 X30 Y30
G0 F7200 X83.565 Y129.273
M204 S3000
M205 X20 Y20
G1 F1500 X122.114 Y90.724 E1378.70847
M204 S5000
M205 X30 Y30
G0 F7200 X121.407 Y90.724
M204 S3000
M205 X20 Y20
G1 F1500 X82.858 Y129.273 E1380.97501
M204 S5000
M205 X30 Y30
G0 F7200 X82.274 Y129.15
M204 S3000
M205 X20 Y20
G1 F1500 X82.136 Y129.288 E1380.98312
M204 S5000
M205 X30 Y30
G0 F7200 X83.857 Y127.567
M204 S3000
M205 X20 Y20
G1 F1500 X120.7 Y90.724 E1383.14935
M204 S5000
M205 X30 Y30
G0 F7200 X119.993 Y90.724
M204 S3000
M205 X20 Y20
G1 F1500 X84.149 Y126.568 E1385.25684
M204 S5000
M205 X30 Y30
G0 F7200 X84.154 Y125.856
M204 S3000
M205 X20 Y20
G1 F1500 X119.286 Y90.724 E1387.32247
M204 S5000
M205 X30 Y30
G0 F7200 X118.578 Y90.724
M204 S3000
M205 X20 Y20
G1 F1500 X84.019 Y125.284 E1389.35443
M204 S5000
M205 X30 Y30
G0 F7200 X83.804 Y124.792
M204 S3000
M205 X20 Y20
G1 F1500 X117.871 Y90.724 E1391.35747
M204 S5000
M205 X30 Y30
G0 F7200 X117.164 Y90.724
M204 S3000
M205 X20 Y20
G1 F1500 X83.553 Y124.336 E1393.3337
M204 S5000
M205 X30 Y30
G0 F7200 X83.199 Y123.982
M204 S3000
M205 X20 Y20
G1 F1500 X116.457 Y90.724 E1395.28914
M204 S5000
M205 X30 Y30
G0 F7200 X115.75 Y90.724
M204 S3000
M205 X20 Y20
G1 F1500 X82.817 Y123.657 E1397.22547
M204 S5000
M205 X30 Y30
G0 F7200 X82.384 Y123.383
M204 S3000
M205 X20 Y20
G1 F1500 X115.043 Y90.724 E1399.1457
M204 S5000
M205 X30 Y30
G0 F7200 X114.336 Y90.724
M204 S3000
M205 X20 Y20
G1 F1500 X81.851 Y123.209 E1401.05569
M204 S5000
M205 X30 Y30
G0 F7200 X81.257 Y123.096
M204 S3000
M205 X20 Y20
G1 F1500 X113.629 Y90.724 E1402.95904
M204 S5000
M205 X30 Y30
G0 F7200 X112.922 Y90.724
M204 S3000
M205 X20 Y20
G1 F1500 X80.525 Y123.121 E1404.86386
G1 X80.437 Y123.209
M204 S5000
M205 X30 Y30
G0 F7200 X79.415 Y123.524
M204 S3000
M205 X20 Y20
G1 F1500 X112.215 Y90.724 E1406.79238
M204 S5000
M205 X30 Y30
G0 F7200 X111.507 Y90.724
M204 S3000
M205 X20 Y20
G1 F1500 X77.475 Y124.756 E1408.79333
M204 S5000
M205 X30 Y30
G0 F7200 X77.476 Y125.462
M204 S3000
M205 X20 Y20
G1 F1500 X78.219 Y124.72 E1408.83698
G1 X78.307 Y124.632
M204 S5000
M205 X30 Y30
G0 F7200 X77.475 Y124.049
M204 S3000
M205 X20 Y20
G1 F1500 X110.8 Y90.724 E1410.79636
M204 S5000
M205 X30 Y30
G0 F7200 X110.093 Y90.724
M204 S3000
M205 X20 Y20
G1 F1500 X77.475 Y123.342 E1412.71418
M204 S5000
M205 X30 Y30
G0 F7200 X77.475 Y122.635
M204 S3000
M205 X20 Y20
G1 F1500 X82.816 Y117.294 E1413.02821
M204 S5000
M205 X30 Y30
G0 F7200 X82.044 Y117.359
M204 S3000
M205 X20 Y20
G1 F1500 X77.475 Y121.928 E1413.29685
M204 S5000
M205 X30 Y30
G0 F7200 X77.475 Y121.221
M204 S3000
M205 X20 Y20
G1 F1500 X81.442 Y117.254 E1413.53009
M204 S5000
M205 X30 Y30
G0 F7200 X80.972 Y117.016
M204 S3000
M205 X20 Y20
G1 F1500 X77.475 Y120.514 E1413.73573
M204 S5000
M205 X30 Y30
G0 F7200 X77.475 Y119.807
M204 S3000
M205 X20 Y20
G1 F1500 X80.547 Y116.734 E1413.91638
M204 S5000
M205 X30 Y30
G0 F7200 X80.202 Y116.372
M204 S3000
M205 X20 Y20
G1 F1500 X77.475 Y119.1 E1414.07675
M204 S5000
M205 X30 Y30
G0 F7200 X77.475 Y118.393
M204 S3000
M205 X20 Y20
G1 F1500 X79.928 Y115.94 E1414.22098
M204 S5000
M205 X30 Y30
G0 F7200 X79.724 Y115.436
M204 S3000
M205 X20 Y20
G1 F1500 X77.475 Y117.685 E1414.35321
M204 S5000
M205 X30 Y30
G0 F7200 X77.475 Y116.978
M204 S3000
M205 X20 Y20
G1 F1500 X79.63 Y114.823 E1414.47992
M204 S5000
M205 X30 Y30
G0 F7200 X79.746 Y114
M204 S3000
M205 X20 Y20
G1 F1500 X77.475 Y116.271 E1414.61344
M204 S5000
M205 X30 Y30
G0 F7200 X77.475 Y115.564
M204 S3000
M205 X20 Y20
G1 F1500 X102.316 Y90.723 E1416.074
M204 S5000
M205 X30 Y30
G0 F7200 X103.023 Y90.723
M204 S3000
M205 X20 Y20
G1 F1500 X81.508 Y112.239 E1417.33903
M204 S5000
M205 X30 Y30
G0 F7200 X82.325 Y112.128
M204 S3000
M205 X20 Y20
G1 F1500 X103.73 Y90.723 E1418.59756
M204 S5000
M205 X30 Y30
G0 F7200 X104.437 Y90.723
M204 S3000
M205 X20 Y20
G1 F1500 X82.937 Y112.223 E1419.86168
M204 S5000
M205 X30 Y30
G0 F7200 X83.444 Y112.424
M204 S3000
M205 X20 Y20
G1 F1500 X105.144 Y90.723 E1421.13758
M204 S5000
M205 X30 Y30
G0 F7200 X105.851 Y90.723
M204 S3000
M205 X20 Y20
G1 F1500 X83.885 Y112.69 E1422.42913
M204 S5000
M205 X30 Y30
G0 F7200 X84.241 Y113.04
M204 S3000
M205 X20 Y20
G1 F1500 X106.558 Y90.723 E1423.74128
M204 S5000
M205 X30 Y30
G0 F7200 X107.265 Y90.723
M204 S3000
M205 X20 Y20
G1 F1500 X84.521 Y113.468 E1425.07857
M204 S5000
M205 X30 Y30
G0 F7200 X84.749 Y113.947
M204 S3000
M205 X20 Y20
G1 F1500 X107.973 Y90.723 E1426.44405
M204 S5000
M205 X30 Y30
G0 F7200 X108.68 Y90.723
M204 S3000
M205 X20 Y20
G1 F1500 X84.846 Y114.557 E1427.8454
M204 S5000
M205 X30 Y30
G0 F7200 X84.8 Y115.31
M204 S3000
M205 X20 Y20
G1 F1500 X109.387 Y90.723 E1429.29102
G1 X109.475 Y90.635
M204 S5000
M205 X30 Y30
G0 F7200 X101.609 Y90.723
M204 S3000
M205 X20 Y20
G1 F1500 X77.475 Y114.857 E1430.71001
M204 S5000
M205 X30 Y30
G0 F7200 X77.475 Y114.15
M204 S3000
M205 X20 Y20
G1 F1500 X100.902 Y90.723 E1432.08743
M204 S5000
M205 X30 Y30
G0 F7200 X100.194 Y90.723
M204 S3000
M205 X20 Y20
G1 F1500 X77.475 Y113.443 E1433.42325
M204 S5000
M205 X30 Y30
G0 F7200 X77.475 Y112.736
M204 S3000
M205 X20 Y20
G1 F1500 X99.487 Y90.723 E1434.7175
M204 S5000
M205 X30 Y30
G0 F7200 X98.78 Y90.723
M204 S3000
M205 X20 Y20
G1 F1500 X77.475 Y112.029 E1435.97018
M204 S5000
M205 X30 Y30
G0 F7200 X77.475 Y111.321
M204 S3000
M205 X20 Y20
G1 F1500 X98.073 Y90.723 E1437.18126
M204 S5000
M205 X30 Y30
G0 F7200 X97.366 Y90.723
M204 S3000
M205 X20 Y20
G1 F1500 X84.065 Y104.024 E1437.96331
M204 S5000
M205 X30 Y30
G0 F7200 X84.169 Y103.214
M204 S3000
M205 X20 Y20
G1 F1500 X96.659 Y90.723 E1438.6977
M204 S5000
M205 X30 Y30
G0 F7200 X95.952 Y90.723
M204 S3000
M205 X20 Y20
G1 F1500 X84.089 Y102.586 E1439.3952
M204 S5000
M205 X30 Y30
G0 F7200 X83.939 Y102.029
M204 S3000
M205 X20 Y20
G1 F1500 X95.245 Y90.723 E1440.05995
M204 S5000
M205 X30 Y30
G0 F7200 X94.538 Y90.723
M204 S3000
M205 X20 Y20
G1 F1500 X83.682 Y101.579 E1440.69824
M204 S5000
M205 X30 Y30
G0 F7200 X83.39 Y101.164
M204 S3000
M205 X20 Y20
G1 F1500 X93.83 Y90.723 E1441.31211
M204 S5000
M205 X30 Y30
G0 F7200 X93.123 Y90.723
M204 S3000
M205 X20 Y20
G1 F1500 X83.029 Y100.818 E1441.90562
M204 S5000
M205 X30 Y30
G0 F7200 X82.618 Y100.522
M204 S3000
M205 X20 Y20
G1 F1500 X92.416 Y90.723 E1442.48174
M204 S5000
M205 X30 Y30
G0 F7200 X91.709 Y90.723
M204 S3000
M205 X20 Y20
G1 F1500 X82.136 Y100.296 E1443.04459
M204 S5000
M205 X30 Y30
G0 F7200 X81.587 Y100.139
M204 S3000
M205 X20 Y20
G1 F1500 X91.002 Y90.723 E1443.59819
M204 S5000
M205 X30 Y30
G0 F7200 X90.295 Y90.723
M204 S3000
M205 X20 Y20
G1 F1500 X84.811 Y96.207 E1443.92063
M204 S5000
M205 X30 Y30
G0 F7200 X84.847 Y95.465
M204 S3000
M205 X20 Y20
G1 F1500 X89.588 Y90.723 E1444.19941
M204 S5000
M205 X30 Y30
G0 F7200 X88.881 Y90.723
M204 S3000
M205 X20 Y20
G1 F1500 X84.733 Y94.871 E1444.4433
M204 S5000
M205 X30 Y30
G0 F7200 X84.488 Y94.409
M204 S3000
M205 X20 Y20
G1 F1500 X88.174 Y90.723 E1444.66002
M204 S5000
M205 X30 Y30
G0 F7200 X87.466 Y90.723
M204 S3000
M205 X20 Y20
G1 F1500 X84.186 Y94.004 E1444.8529
M204 S5000
M205 X30 Y30
G0 F7200 X83.824 Y93.659
M204 S3000
M205 X20 Y20
G1 F1500 X86.759 Y90.723 E1445.02549
M204 S5000
M205 X30 Y30
G0 F7200 X86.052 Y90.723
M204 S3000
M205 X20 Y20
G1 F1500 X83.379 Y93.396 E1445.18266
M204 S5000
M205 X30 Y30
G0 F7200 X82.858 Y93.21
M204 S3000
M205 X20 Y20
G1 F1500 X85.345 Y90.723 E1445.32888
M204 S5000
M205 X30 Y30
G0 F7200 X84.638 Y90.723
M204 S3000
M205 X20 Y20
G1 F1500 X82.245 Y93.116 E1445.46958
M204 S5000
M205 X30 Y30
G0 F7200 X81.653 Y93.001
M204 S3000
M205 X20 Y20
G1 F1500 X83.931 Y90.723 E1445.60352
M204 S5000
M205 X30 Y30
G0 F7200 X83.224 Y90.723
M204 S3000
M205 X20 Y20
G1 F1500 X82.372 Y91.575 E1445.65361
G1 X82.284 Y91.663
M204 S5000
M205 X30 Y30
G0 F7200 X81.525 Y93.13
M204 S3000
M205 X20 Y20
G1 F1500 X81.334 Y93.32 E1445.66481
M204 S5000
M205 X30 Y30
G0 F7200 X79.766 Y94.181
M204 S3000
M205 X20 Y20
G1 F1500 X77.896 Y96.051 E1445.77476
G1 X77.808 Y96.139
M204 S5000
M205 X30 Y30
G0 F7200 X77.554 Y97.101
M204 S3000
M205 X20 Y20
G1 F1500 X79.781 Y94.873 E1445.90573
M204 S5000
M205 X30 Y30
G0 F7200 X79.627 Y95.735
M204 S3000
M205 X20 Y20
G1 F1500 X77.476 Y97.885 E1446.03217
M204 S5000
M205 X30 Y30
G0 F7200 X77.476 Y98.592
M204 S3000
M205 X20 Y20
G1 F1500 X79.705 Y96.363 E1446.16323
M204 S5000
M205 X30 Y30
G0 F7200 X79.889 Y96.887
M204 S3000
M205 X20 Y20
G1 F1500 X77.476 Y99.299 E1446.30508
M204 S5000
M205 X30 Y30
G0 F7200 X77.476 Y100.006
M204 S3000
M205 X20 Y20
G1 F1500 X80.168 Y97.315 E1446.46333
M204 S5000
M205 X30 Y30
G0 F7200 X80.491 Y97.699
M204 S3000
M205 X20 Y20
G1 F1500 X77.476 Y100.713 E1446.64057
M204 S5000
M205 X30 Y30
G0 F7200 X77.476 Y101.421
M204 S3000
M205 X20 Y20
G1 F1500 X80.908 Y97.989 E1446.84236
M204 S5000
M205 X30 Y30
G0 F7200 X81.362 Y98.242
M204 S3000
M205 X20 Y20
G1 F1500 X77.503 Y102.101 E1447.06925
G1 X77.415 Y102.189
M204 S5000
M205 X30 Y30
G0 F7200 X77.771 Y103.955
M204 S3000
M205 X20 Y20
G1 F1500 X77.557 Y104.168 E1447.0818
M204 S5000
M205 X30 Y30
G0 F7200 X78.041 Y104.391
M204 S3000
M205 X20 Y20
G1 F1500 X77.475 Y104.957 E1447.11508
M204 S5000
M205 X30 Y30
G0 F7200 X77.475 Y105.665
M204 S3000
M205 X20 Y20
G1 F1500 X78.279 Y104.861 E1447.16235
M204 S5000
M205 X30 Y30
G0 F7200 X78.565 Y105.281
M204 S3000
M205 X20 Y20
G1 F1500 X77.475 Y106.372 E1447.22647
M204 S5000
M205 X30 Y30
G0 F7200 X77.475 Y107.079
M204 S3000
M205 X20 Y20
G1 F1500 X78.923 Y105.631 E1447.31161
M204 S5000
M205 X30 Y30
G0 F7200 X79.326 Y105.935
M204 S3000
M205 X20 Y20
G1 F1500 X77.475 Y107.786 E1447.42044
M204 S5000
M205 X30 Y30
G0 F7200 X77.475 Y108.493
M204 S3000
M205 X20 Y20
G1 F1500 X79.798 Y106.17 E1447.55702
M204 S5000
M205 X30 Y30
G0 F7200 X80.327 Y106.348
M204 S3000
M205 X20 Y20
G1 F1500 X77.475 Y109.2 E1447.72471
M204 S5000
M205 X30 Y30
G0 F7200 X77.475 Y109.907
M204 S3000
M205 X20 Y20
G1 F1500 X80.967 Y106.416 E1447.93
M204 S5000
M205 X30 Y30
G0 F7200 X81.775 Y106.314
M204 S3000
M205 X20 Y20
G1 F1500 X77.475 Y110.614 E1448.18282
G1 X77.387 Y110.702
M204 S5000
M205 X30 Y30
G0 F7200 X78.426 Y102.872
G0 X80.099 Y100.212
M204 S3000
M205 X20 Y20
G1 F1500 X81.963 Y98.348 E1448.29242
M204 S5000
M205 X30 Y30
G0 F7200 X82.702 Y98.316
M204 S3000
M205 X20 Y20
G1 F1500 X80.943 Y100.076 E1448.39587
G1 X80.855 Y100.164
M204 S5000
M205 X30 Y30
G0 F7200 X79.371 Y101.228
G0 X78.644 Y102.148
G0 X77.841 Y125.805
M204 S3000
M205 X20 Y20
G1 F1500 X77.579 Y126.067 E1448.41127
M204 S5000
M205 X30 Y30
G0 F7200 X77.829 Y126.524
M204 S3000
M205 X20 Y20
G1 F1500 X77.729 Y126.624 E1448.41715
M204 S5000
M205 X30 Y30
G0 F7200 X79.371 Y128.272
G0 X80.387 Y128.773
G0 X109.021 Y129.273
M204 S3000
M205 X20 Y20
G1 F1500 X135.967 Y102.327 E1450.00147
M204 S5000
M205 X30 Y30
G0 F7200 X135.832 Y103.169
M204 S3000
M205 X20 Y20
G1 F1500 X109.728 Y129.273 E1451.53629
M204 S5000
M205 X30 Y30
G0 F7200 X110.434 Y129.274
M204 S3000
M205 X20 Y20
G1 F1500 X135.888 Y103.82 E1453.03289
M204 S5000
M205 X30 Y30
G0 F7200 X136.018 Y104.397
M204 S3000
M205 X20 Y20
G1 F1500 X111.141 Y129.274 E1454.49556
M204 S5000
M205 X30 Y30
G0 F7200 X111.848 Y129.274
M204 S3000
M205 X20 Y20
G1 F1500 X136.272 Y104.85 E1455.9316
M204 S5000
M205 X30 Y30
G0 F7200 X136.551 Y105.279
M204 S3000
M205 X20 Y20
G1 F1500 X112.555 Y129.274 E1457.34244
M204 S5000
M205 X30 Y30
G0 F7200 X113.262 Y129.274
M204 S3000
M205 X20 Y20
G1 F1500 X136.909 Y105.628 E1458.73276
M204 S5000
M205 X30 Y30
G0 F7200 X137.31 Y105.934
M204 S3000
M205 X20 Y20
G1 F1500 X113.97 Y129.274 E1460.10507
M204 S5000
M205 X30 Y30
G0 F7200 X114.677 Y129.274
M204 S3000
M205 X20 Y20
G1 F1500 X137.783 Y106.168 E1461.46361
M204 S5000
M205 X30 Y30
G0 F7200 X138.313 Y106.345
M204 S3000
M205 X20 Y20
G1 F1500 X115.384 Y129.274 E1462.81175
M204 S5000
M205 X30 Y30
G0 F7200 X116.091 Y129.274
M204 S3000
M205 X20 Y20
G1 F1500 X138.951 Y106.414 E1464.15583
G1 X139.039 Y106.326
M204 S5000
M205 X30 Y30
G0 F7200 X140.354 Y105.472
G0 X141.356 Y104.353
G0 X141.574 Y103.016
G0 X140.21 Y96.67
M204 S3000
M205 X20 Y20
G1 F1500 X141.602 Y95.278 E1464.23767
M204 S5000
M205 X30 Y30
G0 F7200 X141.265 Y94.907
M204 S3000
M205 X20 Y20
G1 F1500 X140.381 Y95.792 E1464.28968
M204 S5000
M205 X30 Y30
G0 F7200 X140.291 Y95.175
M204 S3000
M205 X20 Y20
G1 F1500 X140.882 Y94.584 E1464.32443
M204 S5000
M205 X30 Y30
G0 F7200 X140.448 Y94.311
M204 S3000
M205 X20 Y20
G1 F1500 X140.108 Y94.651 E1464.34442
M204 S5000
M205 X30 Y30
G0 F7200 X139.856 Y94.195
M204 S3000
M205 X20 Y20
G1 F1500 X139.978 Y94.074 E1464.35156
M204 S5000
M205 X30 Y30
;MESH:NONMESH
G0 F600 X139.978 Y94.074 Z1.5
G0 F7200 X137.973 Y93.732
G0 X80.96 Y92.955
G0 X80.823 Y92.818
;TIME_ELAPSED:1336.993160
;LAYER:6
M204 S3000
M205 X20 Y20
;TYPE:WALL-INNER
;MESH:Pi Holder.stl
G1 F4020 X80.19 Y93.235 E1464.38307
G1 X79.406 Y93.546 E1464.41814
G1 X78.704 Y93.983 E1464.45252
G1 X78.18 Y94.427 E1464.48107
G1 X77.61 Y95.07 E1464.5168
G1 X77.194 Y95.823 E1464.55256
G1 X76.888 Y96.633 E1464.58856
G1 X76.751 Y97.576 E1464.62818
G1 X76.75 Y125.486 E1465.78854
G1 X76.802 Y125.943 E1465.80766
G1 X77.002 Y126.817 E1465.84494
G1 X77.39 Y127.625 E1465.88221
G1 X77.893 Y128.361 E1465.91927
G1 X78.538 Y128.96 E1465.95586
G1 X79.125 Y129.36 E1465.9854
G1 X79.928 Y129.746 E1466.02244
G1 X80.806 Y129.948 E1466.0599
G1 X81.266 Y130 E1466.07914
G1 X138.734 Y130 E1468.46838
G1 X139.194 Y129.948 E1468.48763
G1 X140.072 Y129.746 E1468.52509
G1 X140.875 Y129.36 E1468.56213
G1 X141.616 Y128.853 E1468.59946
G1 X142.212 Y128.21 E1468.63591
G1 X142.61 Y127.625 E1468.66532
G1 X142.996 Y126.821 E1468.7024
G1 X143.198 Y125.944 E1468.73982
G1 X143.25 Y125.485 E1468.75902
G1 X143.25 Y97.572 E1469.91951
G1 X143.112 Y96.634 E1469.95893
G1 X142.806 Y95.823 E1469.99497
G1 X142.387 Y95.068 E1470.03087
G1 X141.819 Y94.426 E1470.0665
G1 X141.296 Y93.983 E1470.095
G1 X140.594 Y93.546 E1470.12938
G1 X139.814 Y93.237 E1470.16426
G1 X139.178 Y92.819 E1470.1959
G1 X138.72 Y92.301 E1470.22465
G1 X138.413 Y91.682 E1470.25337
G1 X138.25 Y91.006 E1470.28228
G1 X138.25 Y90 E1470.32411
G1 X81.75 Y90 E1472.6731
G1 X81.75 Y90.998 E1472.7146
G1 X81.583 Y91.709 E1472.74496
G1 X81.274 Y92.307 E1472.77295
G1 X80.823 Y92.818 E1472.80128
M204 S5000
M205 X30 Y30
G0 F7200 X80.972 Y92.951
G0 X80.241 Y95.13
G0 X80.44 Y95.165
M204 S3000
M205 X20 Y20
G1 F4020 X80.708 Y94.645 E1472.8256
G1 X81.044 Y94.277 E1472.84632
G1 X81.579 Y93.956 E1472.87226
G1 X82.308 Y93.844 E1472.90292
G1 X82.888 Y93.956 E1472.92748
G1 X83.354 Y94.208 E1472.94951
G1 X83.738 Y94.546 E1472.97078
G1 X84.041 Y95.105 E1472.99721
G1 X84.16 Y95.755 E1473.02469
G1 X84.062 Y96.327 E1473.04881
G1 X83.846 Y96.781 E1473.06972
G1 X83.48 Y97.204 E1473.09297
G1 X82.928 Y97.54 E1473.11984
G1 X82.262 Y97.663 E1473.14799
G1 X81.598 Y97.55 E1473.176
G1 X81.017 Y97.213 E1473.20392
G1 X80.606 Y96.707 E1473.23102
G1 X80.461 Y96.399 E1473.24518
G1 X80.357 Y95.879 E1473.26722
G1 X80.358 Y95.619 E1473.27803
G1 X80.44 Y95.165 E1473.29722
M204 S5000
M205 X30 Y30
G0 F7200 X80.241 Y95.13
G0 X78.365 Y103.001
G0 X78.565 Y103.001
M204 S3000
M205 X20 Y20
G1 F4020 X78.596 Y102.784 E1473.30633
G1 X78.83 Y102.115 E1473.33579
G1 X79.202 Y101.582 E1473.36282
G1 X79.526 Y101.295 E1473.38081
G1 X80.048 Y100.989 E1473.40597
G1 X80.426 Y100.863 E1473.42253
G1 X81.05 Y100.799 E1473.44861
G1 X81.481 Y100.841 E1473.46662
G1 X82.045 Y101.033 E1473.49139
G1 X82.463 Y101.281 E1473.51159
G1 X82.952 Y101.749 E1473.53973
G1 X83.301 Y102.382 E1473.56979
G1 X83.439 Y103.007 E1473.5964
G1 X83.446 Y103.472 E1473.61573
G1 X83.3 Y104.119 E1473.64331
G1 X82.957 Y104.743 E1473.67291
G1 X82.461 Y105.221 E1473.70155
G1 X82.081 Y105.455 E1473.7201
G1 X81.478 Y105.655 E1473.74652
G1 X81.014 Y105.7 E1473.7659
G1 X80.374 Y105.631 E1473.79266
G1 X79.706 Y105.346 E1473.82285
G1 X79.107 Y104.801 E1473.85652
G1 X78.739 Y104.19 E1473.88618
G1 X78.576 Y103.629 E1473.91047
G1 X78.565 Y103.001 E1473.93658
M204 S5000
M205 X30 Y30
G0 F7200 X78.365 Y103.001
G0 X80.231 Y114.188
G0 X80.428 Y114.223
M204 S3000
M205 X20 Y20
G1 F4020 X80.516 Y113.98 E1473.94732
G1 X80.708 Y113.645 E1473.96338
G1 X81.047 Y113.261 E1473.98467
G1 X81.624 Y112.952 E1474.01188
G1 X82.253 Y112.835 E1474.03848
G1 X82.905 Y112.962 E1474.0661
G1 X83.438 Y113.255 E1474.09139
G1 X83.765 Y113.601 E1474.11118
G1 X84.067 Y114.196 E1474.13892
G1 X84.162 Y114.773 E1474.16323
G1 X84.036 Y115.406 E1474.19007
G1 X83.889 Y115.715 E1474.20429
G1 X83.542 Y116.144 E1474.22723
G1 X82.983 Y116.504 E1474.25488
G1 X82.777 Y116.572 E1474.26389
G1 X82.168 Y116.649 E1474.28942
G1 X81.624 Y116.548 E1474.31242
G1 X81.134 Y116.284 E1474.33556
G1 X80.934 Y116.117 E1474.34639
G1 X80.684 Y115.819 E1474.36256
G1 X80.485 Y115.456 E1474.37977
G1 X80.357 Y114.879 E1474.40435
G1 X80.347 Y114.75 E1474.40973
G1 X80.428 Y114.223 E1474.43189
M204 S5000
M205 X30 Y30
G0 F7200 X80.231 Y114.188
G0 X78.365 Y126.001
G0 X78.565 Y126.001
M204 S3000
M205 X20 Y20
G1 F4020 X78.57 Y125.906 E1474.43585
G1 X78.739 Y125.31 E1474.4616
G1 X78.83 Y125.115 E1474.47055
G1 X79.202 Y124.582 E1474.49757
G1 X79.526 Y124.295 E1474.51557
G1 X80.085 Y123.976 E1474.54233
G1 X80.499 Y123.855 E1474.56026
G1 X81.015 Y123.8 E1474.58183
G1 X81.49 Y123.844 E1474.60167
G1 X82.081 Y124.045 E1474.62762
G1 X82.468 Y124.279 E1474.64642
G1 X82.963 Y124.769 E1474.67538
G1 X83.277 Y125.339 E1474.70244
G1 X83.428 Y125.949 E1474.72856
G1 X83.446 Y126.386 E1474.74675
G1 X83.322 Y127.022 E1474.77368
G1 X83.004 Y127.657 E1474.80321
G1 X82.522 Y128.168 E1474.83242
G1 X82.099 Y128.451 E1474.85357
G1 X81.446 Y128.661 E1474.88209
G1 X81.042 Y128.705 E1474.89899
G1 X80.412 Y128.631 E1474.92536
G1 X79.999 Y128.49 E1474.9435
G1 X79.494 Y128.185 E1474.96803
G1 X79.202 Y127.918 E1474.98448
G1 X78.83 Y127.385 E1475.0115
G1 X78.739 Y127.19 E1475.02045
G1 X78.569 Y126.583 E1475.04666
G1 X78.565 Y126.001 E1475.07086
M204 S5000
M205 X30 Y30
G0 F7200 X78.365 Y126.001
G0 X79.038 Y124.55
G0 X79.947 Y123.876
G0 X136.379 Y125.906
G0 X136.572 Y125.949
M204 S3000
M205 X20 Y20
G1 F4020 X136.723 Y125.339 E1475.09698
G1 X137.038 Y124.767 E1475.12413
G1 X137.533 Y124.279 E1475.15303
G1 X137.92 Y124.044 E1475.17185
G1 X138.522 Y123.845 E1475.19821
G1 X138.985 Y123.8 E1475.21755
G1 X139.501 Y123.855 E1475.23913
G1 X140.066 Y124.046 E1475.26392
G1 X140.604 Y124.395 E1475.29059
G1 X140.904 Y124.711 E1475.3087
G1 X141.26 Y125.31 E1475.33767
G1 X141.436 Y125.936 E1475.36471
G1 X141.432 Y126.583 E1475.39161
G1 X141.232 Y127.291 E1475.42219
G1 X140.834 Y127.88 E1475.45175
G1 X140.507 Y128.185 E1475.47034
G1 X140.001 Y128.49 E1475.4949
G1 X139.588 Y128.631 E1475.51304
G1 X139.024 Y128.697 E1475.53665
G1 X138.604 Y128.669 E1475.55415
G1 X137.988 Y128.479 E1475.58095
G1 X137.61 Y128.27 E1475.59891
G1 X137.13 Y127.831 E1475.62596
G1 X136.754 Y127.223 E1475.65568
G1 X136.572 Y126.551 E1475.68462
G1 X136.554 Y126.114 E1475.7028
G1 X136.572 Y125.949 E1475.70971
M204 S5000
M205 X30 Y30
G0 F7200 X136.379 Y125.906
G0 X135.928 Y115.8
G0 X136.111 Y115.715
M204 S3000
M205 X20 Y20
G1 F4020 X135.934 Y115.31 E1475.72808
G1 X135.858 Y114.879 E1475.74628
G1 X135.847 Y114.719 E1475.75294
G1 X135.948 Y114.106 E1475.77877
G1 X136.235 Y113.601 E1475.80292
G1 X136.562 Y113.255 E1475.82272
G1 X137.095 Y112.962 E1475.848
G1 X137.747 Y112.835 E1475.87562
G1 X138.376 Y112.952 E1475.90222
G1 X138.953 Y113.261 E1475.92943
G1 X139.292 Y113.645 E1475.95073
G1 X139.484 Y113.981 E1475.96682
G1 X139.572 Y114.223 E1475.97752
G1 X139.654 Y114.75 E1475.9997
G1 X139.559 Y115.375 E1476.02598
G1 X139.316 Y115.819 E1476.04702
G1 X139.066 Y116.117 E1476.06319
G1 X138.866 Y116.284 E1476.07403
G1 X138.376 Y116.548 E1476.09717
G1 X137.832 Y116.649 E1476.12017
G1 X137.223 Y116.572 E1476.14569
G1 X137.017 Y116.504 E1476.15471
G1 X136.458 Y116.144 E1476.18235
G1 X136.111 Y115.715 E1476.20529
M204 S5000
M205 X30 Y30
G0 F7200 X135.928 Y115.8
G0 X136.366 Y102.963
G0 X136.561 Y103.007
M204 S3000
M205 X20 Y20
G1 F4020 X136.7 Y102.38 E1476.23199
G1 X137.048 Y101.749 E1476.26195
G1 X137.537 Y101.281 E1476.29009
G1 X137.955 Y101.033 E1476.3103
G1 X138.52 Y100.845 E1476.33506
G1 X138.95 Y100.8 E1476.35303
G1 X139.574 Y100.863 E1476.37911
G1 X139.952 Y100.989 E1476.39567
G1 X140.553 Y101.341 E1476.42463
G1 X140.904 Y101.711 E1476.44583
G1 X141.17 Y102.115 E1476.46594
G1 X141.403 Y102.784 E1476.49539
G1 X141.436 Y103.001 E1476.50452
G1 X141.425 Y103.629 E1476.53063
G1 X141.26 Y104.19 E1476.55494
G1 X140.893 Y104.801 E1476.58458
G1 X140.368 Y105.279 E1476.6141
G1 X140.182 Y105.394 E1476.62319
G1 X139.514 Y105.643 E1476.65283
G1 X138.986 Y105.7 E1476.67491
G1 X138.522 Y105.655 E1476.69429
G1 X137.92 Y105.456 E1476.72065
G1 X137.535 Y105.222 E1476.73938
G1 X137.044 Y104.743 E1476.7679
G1 X136.708 Y104.138 E1476.79667
G1 X136.564 Y103.514 E1476.82329
G1 X136.554 Y103.114 E1476.83993
G1 X136.561 Y103.007 E1476.84439
M204 S5000
M205 X30 Y30
G0 F7200 X136.366 Y102.963
G0 X135.74 Y96.361
G0 X135.938 Y96.327
M204 S3000
M205 X20 Y20
G1 F4020 X135.858 Y95.879 E1476.86331
G1 X135.847 Y95.715 E1476.87014
G1 X135.959 Y95.105 E1476.89592
G1 X136.208 Y94.646 E1476.91763
G1 X136.488 Y94.328 E1476.93525
G1 X136.98 Y94.016 E1476.95947
G1 X137.163 Y93.941 E1476.96769
G1 X137.732 Y93.846 E1476.99168
G1 X138.352 Y93.945 E1477.01778
G1 X138.894 Y94.231 E1477.04326
G1 X139.293 Y94.645 E1477.06716
G1 X139.56 Y95.165 E1477.09147
G1 X139.652 Y95.79 E1477.11773
G1 X139.539 Y96.4 E1477.14352
G1 X139.394 Y96.706 E1477.1576
G1 X138.983 Y97.213 E1477.18474
G1 X138.402 Y97.55 E1477.21266
G1 X137.801 Y97.652 E1477.238
G1 X137.114 Y97.557 E1477.26684
G1 X136.52 Y97.204 E1477.29557
G1 X136.154 Y96.781 E1477.31882
G1 X135.938 Y96.327 E1477.33972
M204 S5000
M205 X30 Y30
G0 F7200 X135.74 Y96.361
G0 X135.731 Y95.189
G0 X136.42 Y95.31
M204 S3000
M205 X20 Y20
;TYPE:WALL-OUTER
G1 F2040 X136.642 Y94.894 E1477.35933
G1 X136.842 Y94.682 E1477.37144
G1 X137.273 Y94.43 E1477.3922
G1 X137.744 Y94.346 E1477.41209
G1 X138.215 Y94.426 E1477.43195
G1 X138.619 Y94.649 E1477.45114
G1 X138.859 Y94.894 E1477.4654
G1 X139.076 Y95.291 E1477.48421
G1 X139.153 Y95.764 E1477.50413
G1 X139.071 Y96.224 E1477.52356
G1 X138.959 Y96.46 E1477.53442
G1 X138.652 Y96.827 E1477.55431
G1 X138.254 Y97.059 E1477.57347
G1 X137.767 Y97.153 E1477.59409
G1 X137.281 Y97.073 E1477.61456
G1 X136.88 Y96.849 E1477.63366
G1 X136.549 Y96.474 E1477.65446
G1 X136.427 Y96.218 E1477.66625
G1 X136.35 Y95.793 E1477.6842
G1 X136.42 Y95.31 E1477.70449
M204 S5000
M205 X30 Y30
G0 F7200 X136.514 Y95.134
G0 X135.902 Y94.779
G0 X138.277 Y91.876
G0 X138.897 Y91.552
M204 S3000
M205 X20 Y20
G1 F2040 X138.75 Y90.948 E1477.73034
G1 X138.75 Y89.5 E1477.79054
G1 X81.25 Y89.5 E1480.18111
G1 X81.25 Y90.943 E1480.2411
G1 X81.109 Y91.535 E1480.2664
G1 X80.843 Y92.041 E1480.29017
G1 X80.492 Y92.438 E1480.3122
G1 X79.977 Y92.776 E1480.33781
G1 X79.18 Y93.098 E1480.37355
G1 X78.409 Y93.578 E1480.41131
G1 X77.829 Y94.069 E1480.4429
G1 X77.323 Y94.641 E1480.47465
G1 X77.109 Y94.944 E1480.49008
G1 X76.739 Y95.613 E1480.52186
G1 X76.465 Y96.34 E1480.55416
G1 X76.375 Y96.688 E1480.56911
G1 X76.251 Y97.54 E1480.6049
G1 X76.25 Y125.514 E1481.76792
G1 X76.308 Y126.027 E1481.78939
G1 X76.486 Y126.803 E1481.82249
G1 X76.612 Y127.161 E1481.83827
G1 X76.956 Y127.875 E1481.87122
G1 X77.399 Y128.525 E1481.90392
G1 X77.647 Y128.816 E1481.91982
G1 X78.226 Y129.352 E1481.95262
G1 X78.875 Y129.794 E1481.98527
G1 X79.589 Y130.138 E1482.01822
G1 X79.947 Y130.264 E1482.03399
G1 X80.722 Y130.442 E1482.06705
G1 X81.238 Y130.5 E1482.08864
G1 X138.762 Y130.5 E1484.48021
G1 X139.278 Y130.442 E1484.5018
G1 X140.053 Y130.264 E1484.53486
G1 X140.411 Y130.138 E1484.55064
G1 X141.125 Y129.794 E1484.58359
G1 X141.777 Y129.349 E1484.61641
G1 X142.068 Y129.101 E1484.6323
G1 X142.604 Y128.522 E1484.66511
G1 X143.044 Y127.875 E1484.69764
G1 X143.388 Y127.16 E1484.73062
G1 X143.514 Y126.803 E1484.74636
G1 X143.692 Y126.028 E1484.77942
G1 X143.75 Y125.513 E1484.80097
G1 X143.75 Y97.536 E1485.96412
G1 X143.625 Y96.686 E1485.99984
G1 X143.535 Y96.34 E1486.0147
G1 X143.261 Y95.613 E1486.047
G1 X142.889 Y94.942 E1486.0789
G1 X142.675 Y94.639 E1486.09432
G1 X142.169 Y94.067 E1486.12607
G1 X141.591 Y93.578 E1486.15755
G1 X140.82 Y93.098 E1486.19531
G1 X140.023 Y92.776 E1486.23105
G1 X139.529 Y92.451 E1486.25563
G1 X139.156 Y92.04 E1486.27871
G1 X138.897 Y91.552 E1486.30167
M204 S5000
M205 X30 Y30
G0 F7200 X138.85 Y91.358
G0 X138.168 Y91.519
G0 X136.15 Y94.471
G0 X135.706 Y95.68
G0 X136.49 Y102.408
G0 X137.173 Y102.561
M204 S3000
M205 X20 Y20
G1 F2040 X137.45 Y102.061 E1486.32544
G1 X137.846 Y101.674 E1486.34846
G1 X138.102 Y101.516 E1486.36097
G1 X138.629 Y101.333 E1486.38416
G1 X138.974 Y101.301 E1486.39856
G1 X139.459 Y101.353 E1486.41884
G1 X139.768 Y101.454 E1486.43236
G1 X140.239 Y101.737 E1486.4552
G1 X140.486 Y101.985 E1486.46976
G1 X140.752 Y102.389 E1486.48987
G1 X140.936 Y102.963 E1486.51493
G1 X140.932 Y103.543 E1486.53904
G1 X140.771 Y104.083 E1486.56247
G1 X140.429 Y104.577 E1486.58745
G1 X139.986 Y104.934 E1486.6111
G1 X139.46 Y105.146 E1486.63468
G1 X138.96 Y105.2 E1486.65559
G1 X138.63 Y105.167 E1486.66938
G1 X138.138 Y105.002 E1486.69095
G1 X137.858 Y104.835 E1486.70451
G1 X137.464 Y104.457 E1486.72721
G1 X137.173 Y103.947 E1486.75162
G1 X137.055 Y103.416 E1486.77423
G1 X137.054 Y103.114 E1486.78679
G1 X137.056 Y103.078 E1486.78829
G1 X137.173 Y102.561 E1486.81033
M204 S5000
M205 X30 Y30
G0 F7200 X137.27 Y102.386
G0 X136.658 Y102.043
G0 X135.828 Y113.906
G0 X136.435 Y114.258
M204 S3000
M205 X20 Y20
G1 F2040 X136.671 Y113.853 E1486.82981
G1 X136.854 Y113.67 E1486.84057
G1 X137.288 Y113.425 E1486.86129
G1 X137.778 Y113.348 E1486.88192
G1 X138.223 Y113.428 E1486.90071
G1 X138.606 Y113.642 E1486.91895
G1 X138.818 Y113.842 E1486.93107
G1 X139.08 Y114.31 E1486.95337
G1 X139.154 Y114.75 E1486.97192
G1 X139.063 Y115.242 E1486.99272
G1 X138.933 Y115.497 E1487.00462
G1 X138.616 Y115.851 E1487.02438
G1 X138.223 Y116.072 E1487.04312
G1 X137.778 Y116.152 E1487.06192
G1 X137.288 Y116.075 E1487.08254
G1 X136.86 Y115.836 E1487.10292
G1 X136.555 Y115.482 E1487.12235
G1 X136.43 Y115.226 E1487.13419
G1 X136.35 Y114.793 E1487.1525
G1 X136.435 Y114.258 E1487.17502
M204 S5000
M205 X30 Y30
G0 F7200 X136.535 Y114.085
G0 X135.929 Y113.733
G0 X136.378 Y126.593
G0 X137.06 Y126.441
M204 S3000
M205 X20 Y20
G1 F2040 X137.054 Y126.114 E1487.18862
G1 X137.06 Y126.059 E1487.19092
G1 X137.181 Y125.541 E1487.21303
G1 X137.451 Y125.056 E1487.23611
G1 X137.832 Y124.685 E1487.25822
G1 X138.138 Y124.498 E1487.27313
G1 X138.635 Y124.332 E1487.29492
G1 X138.974 Y124.301 E1487.30907
G1 X139.447 Y124.352 E1487.32885
G1 X139.806 Y124.473 E1487.3446
G1 X140.257 Y124.755 E1487.36671
G1 X140.486 Y124.985 E1487.38021
G1 X140.772 Y125.419 E1487.40182
G1 X140.934 Y125.969 E1487.42565
G1 X140.934 Y126.527 E1487.44885
G1 X140.782 Y127.046 E1487.47134
G1 X140.487 Y127.515 E1487.49437
G1 X140.225 Y127.771 E1487.5096
G1 X139.784 Y128.039 E1487.53106
G1 X139.476 Y128.143 E1487.54457
G1 X138.974 Y128.199 E1487.56557
G1 X138.631 Y128.169 E1487.57989
G1 X138.098 Y127.982 E1487.60337
G1 X137.826 Y127.809 E1487.61677
G1 X137.433 Y127.413 E1487.63997
G1 X137.191 Y126.979 E1487.66063
G1 X137.06 Y126.441 E1487.68365
M204 S5000
M205 X30 Y30
G0 F7200 X137.057 Y126.241
G0 X136.354 Y126.241
G0 X82.953 Y112.817
G0 X81.547 Y112.817
G0 X80.712 Y113.409
G0 X80.92 Y114.31
M204 S3000
M205 X20 Y20
G1 F2040 X81.142 Y113.894 E1487.70325
G1 X81.342 Y113.682 E1487.71537
G1 X81.777 Y113.428 E1487.73631
G1 X82.222 Y113.348 E1487.75511
G1 X82.712 Y113.425 E1487.77573
G1 X83.146 Y113.67 E1487.79645
G1 X83.329 Y113.853 E1487.80721
G1 X83.565 Y114.258 E1487.8267
G1 X83.653 Y114.728 E1487.84658
G1 X83.57 Y115.226 E1487.86757
G1 X83.443 Y115.485 E1487.87956
G1 X83.154 Y115.825 E1487.89811
G1 X82.712 Y116.075 E1487.91923
G1 X82.222 Y116.152 E1487.93985
G1 X81.777 Y116.072 E1487.95864
G1 X81.384 Y115.851 E1487.97739
G1 X81.067 Y115.497 E1487.99715
G1 X80.937 Y115.242 E1488.00905
G1 X80.85 Y114.793 E1488.02806
G1 X80.92 Y114.31 E1488.04835
M204 S5000
M205 X30 Y30
G0 F7200 X81.014 Y114.134
G0 X80.402 Y113.779
G0 X78.398 Y103.744
G0 X79.068 Y103.543
M204 S3000
M205 X20 Y20
G1 F2040 X79.065 Y103.001 E1488.07088
G1 X79.075 Y102.928 E1488.07395
G1 X79.248 Y102.389 E1488.09748
G1 X79.513 Y101.985 E1488.11757
G1 X79.761 Y101.737 E1488.13215
G1 X80.232 Y101.454 E1488.155
G1 X80.541 Y101.353 E1488.16851
G1 X81.052 Y101.299 E1488.18988
G1 X81.371 Y101.333 E1488.20321
G1 X81.863 Y101.499 E1488.2248
G1 X82.154 Y101.674 E1488.23892
G1 X82.55 Y102.061 E1488.26194
G1 X82.826 Y102.55 E1488.28528
G1 X82.946 Y103.096 E1488.30853
G1 X82.945 Y103.416 E1488.32183
G1 X82.823 Y103.95 E1488.3446
G1 X82.55 Y104.444 E1488.36807
G1 X82.167 Y104.815 E1488.39024
G1 X81.862 Y105.002 E1488.40511
G1 X81.37 Y105.167 E1488.42669
G1 X81.025 Y105.199 E1488.44109
G1 X80.469 Y105.128 E1488.46439
G1 X80.014 Y104.934 E1488.48496
G1 X79.571 Y104.577 E1488.50861
G1 X79.229 Y104.083 E1488.53359
G1 X79.068 Y103.543 E1488.55702
M204 S5000
M205 X30 Y30
G0 F7200 X79.067 Y103.343
G0 X78.365 Y103.343
G0 X80.234 Y95.17
G0 X80.924 Y95.291
M204 S3000
M205 X20 Y20
G1 F2040 X81.142 Y94.894 E1488.57585
G1 X81.36 Y94.665 E1488.58899
G1 X81.784 Y94.426 E1488.60923
G1 X82.206 Y94.35 E1488.62706
G1 X82.69 Y94.42 E1488.64739
G1 X83.106 Y94.642 E1488.66699
G1 X83.318 Y94.842 E1488.67911
G1 X83.58 Y95.31 E1488.70141
G1 X83.653 Y95.768 E1488.72069
G1 X83.573 Y96.218 E1488.73969
G1 X83.451 Y96.474 E1488.75148
G1 X83.176 Y96.803 E1488.76931
G1 X82.746 Y97.063 E1488.7902
G1 X82.233 Y97.153 E1488.81186
G1 X81.746 Y97.059 E1488.83248
G1 X81.348 Y96.827 E1488.85163
G1 X81.041 Y96.46 E1488.87152
G1 X80.929 Y96.223 E1488.88242
G1 X80.85 Y95.793 E1488.9006
G1 X80.924 Y95.291 E1488.92169
M204 S5000
M205 X30 Y30
G0 F7200 X81.02 Y95.116
G0 X80.411 Y94.763
G0 X78.426 Y102.872
G0 X78.365 Y125.969
G0 X79.066 Y125.969
M204 S3000
M205 X20 Y20
G1 F2040 X79.228 Y125.419 E1488.94553
G1 X79.513 Y124.985 E1488.96712
G1 X79.743 Y124.755 E1488.98064
G1 X80.194 Y124.473 E1489.00275
G1 X80.553 Y124.352 E1489.0185
G1 X81.04 Y124.3 E1489.03887
G1 X81.37 Y124.333 E1489.05265
G1 X81.862 Y124.498 E1489.07423
G1 X82.168 Y124.685 E1489.08914
G1 X82.55 Y125.057 E1489.11131
G1 X82.819 Y125.541 E1489.13433
G1 X82.94 Y126.059 E1489.15644
G1 X82.946 Y126.386 E1489.17004
G1 X82.826 Y126.948 E1489.19393
G1 X82.567 Y127.413 E1489.21606
G1 X82.174 Y127.809 E1489.23926
G1 X81.881 Y127.995 E1489.25369
G1 X81.36 Y128.169 E1489.27652
G1 X81.069 Y128.2 E1489.28869
G1 X80.519 Y128.142 E1489.31168
G1 X80.216 Y128.039 E1489.32499
G1 X79.776 Y127.771 E1489.34641
G1 X79.513 Y127.515 E1489.36167
G1 X79.218 Y127.046 E1489.3847
G1 X79.066 Y126.527 E1489.40719
G1 X79.065 Y126.001 E1489.42905
G1 X79.066 Y125.969 E1489.43039
M204 S5000
M205 X30 Y30
G0 F7200 X79.122 Y125.778
G0 X78.453 Y125.576
G0 X78.091 Y126.743
M204 S3000
M205 X20 Y20
;TYPE:SKIN
G1 F1459.1 X78.09 Y125.836 E1489.46915
G1 F1500 X78.295 Y125.145 E1489.49912
G1 X78.439 Y124.843 E1489.51303
G1 X78.856 Y124.252 E1489.5431
G1 X79.286 Y123.884 E1489.56663
G1 X79.892 Y123.544 E1489.59552
G1 X80.402 Y123.39 E1489.61767
G1 X81.005 Y123.324 E1489.64289
G1 X81.559 Y123.375 E1489.66602
G1 X82.295 Y123.619 E1489.69825
G1 X82.803 Y123.944 E1489.72332
G1 X83.333 Y124.457 E1489.75399
G1 X83.737 Y125.182 E1489.7885
G1 X83.928 Y125.987 E1489.82289
G1 X83.891 Y126.657 E1489.85079
G1 X83.768 Y127.185 E1489.87333
G1 X83.4 Y127.918 E1489.90743
G1 X83.201 Y128.172 E1489.92085
G1 X82.822 Y128.535 E1489.94266
G1 X82.312 Y128.883 E1489.96833
G1 F1572.3 X81.556 Y129.1 E1489.99953
G1 F1736.1 X81.055 Y129.136 E1490.01757
G1 F1913.3 X80.297 Y129.028 E1490.04253
G1 F2054.8 X79.843 Y128.862 E1490.0572
G1 F2083.3 X79.262 Y128.521 E1490.07737
G1 F1994.7 X78.886 Y128.19 E1490.09303
G1 F1875 X78.479 Y127.674 E1490.11489
G1 F1696.8 X78.296 Y127.319 E1490.12956
G1 F1500 X78.091 Y126.743 E1490.15498
M204 S5000
M205 X30 Y30
G0 F7200 X79.954 Y115.337
M204 S3000
M205 X20 Y20
G1 F1500 X79.874 Y114.791 E1490.17793
G1 X79.874 Y114.717 E1490.181
G1 X79.957 Y114.148 E1490.20491
G1 X80.111 Y113.73 E1490.22343
G1 X80.486 Y113.152 E1490.25207
G1 X80.916 Y112.792 E1490.27539
G1 X81.496 Y112.494 E1490.3025
G1 X82.127 Y112.377 E1490.32918
G1 X82.375 Y112.378 E1490.33949
G1 X83.084 Y112.504 E1490.36943
G1 X83.728 Y112.886 E1490.40056
G1 X84.12 Y113.273 E1490.42346
G1 X84.461 Y113.869 E1490.45201
G1 X84.535 Y114.104 E1490.46225
G1 X84.629 Y114.814 E1490.49203
G1 X84.531 Y115.408 E1490.51706
G1 X84.306 Y115.944 E1490.54123
G1 X83.808 Y116.572 E1490.57455
G1 X83.094 Y116.994 E1490.60903
G1 X82.375 Y117.122 E1490.63939
G1 X82.122 Y117.122 E1490.64991
G1 X81.507 Y117.013 E1490.67588
G1 X80.881 Y116.688 E1490.7052
G1 X80.595 Y116.45 E1490.72067
G1 X80.293 Y116.087 E1490.7403
G1 X80.043 Y115.627 E1490.76207
G1 X79.954 Y115.337 E1490.77468
M204 S5000
M205 X30 Y30
G0 F7200 X78.011 Y103.71
M204 S3000
M205 X20 Y20
G1 F1173.7 X77.999 Y103.013 E1490.81172
G1 F1080.7 X78.032 Y102.664 E1490.83195
G1 F1098.1 X78.066 Y102.619 E1490.83515
G1 F1293.1 X78.439 Y101.843 E1490.87668
G1 F1500 X78.856 Y101.252 E1490.90675
G1 X79.283 Y100.886 E1490.93013
G1 X79.884 Y100.544 E1490.95888
G1 X80.28 Y100.411 E1490.97625
G1 X81.022 Y100.318 E1491.00734
G1 X81.651 Y100.395 E1491.03368
G1 X82.317 Y100.624 E1491.06296
G1 X82.775 Y100.921 E1491.08566
G1 X83.3 Y101.423 E1491.11586
G1 X83.737 Y102.178 E1491.15213
G1 X83.917 Y102.955 E1491.18528
G1 X83.919 Y103.523 E1491.2089
G1 X83.748 Y104.301 E1491.24202
G1 X83.321 Y105.052 E1491.27793
G1 X82.759 Y105.601 E1491.3106
G1 X82.279 Y105.889 E1491.33387
G1 X81.591 Y106.117 E1491.364
G1 X81.063 Y106.176 E1491.38609
G1 X80.395 Y106.109 E1491.414
G1 X80.087 Y106.025 E1491.42728
G1 X79.634 Y105.833 E1491.44773
G1 X79.327 Y105.643 E1491.46274
G1 X78.948 Y105.328 E1491.48323
G1 X78.729 Y105.091 E1491.49665
G1 X78.421 Y104.624 E1491.5199
G1 F1431.3 X78.216 Y104.167 E1491.54173
G1 F1311.2 X78.011 Y103.71 E1491.56555
M204 S5000
M205 X30 Y30
G0 F7200 X80.109 Y94.733
M204 S3000
M205 X20 Y20
G1 F1512.1 X80.461 Y94.196 E1491.59203
G1 F1592.4 X80.747 Y93.94 E1491.60706
G1 F1648.4 X81.428 Y93.517 E1491.6374
G1 F1562.5 X82.216 Y93.359 E1491.66947
G1 F1500 X82.977 Y93.483 E1491.70153
G1 X83.579 Y93.788 E1491.72958
G1 X83.832 Y93.975 E1491.74266
G1 X84.196 Y94.392 E1491.76568
G1 X84.515 Y95.005 E1491.79441
G1 X84.637 Y95.764 E1491.82637
G1 X84.498 Y96.529 E1491.85869
G1 X84.279 Y96.99 E1491.87991
G1 X83.909 Y97.448 E1491.90439
G1 X83.629 Y97.682 E1491.91956
G1 X83.064 Y97.994 E1491.9464
G1 X82.42 Y98.116 E1491.97365
G1 X82.128 Y98.123 E1491.98579
G1 X81.431 Y98.002 E1492.0152
G1 X80.828 Y97.656 E1492.04411
G1 X80.627 Y97.488 E1492.055
G1 X80.19 Y96.94 E1492.08414
G1 X79.98 Y96.491 E1492.10474
G1 X79.876 Y95.847 E1492.13187
G1 X79.875 Y95.772 E1492.13498
G1 X79.978 Y95.046 E1492.16547
G1 X80.109 Y94.733 E1492.17958
M204 S5000
M205 X30 Y30
G0 F7200 X82.011 Y91.909
M204 S3000
M205 X20 Y20
G1 F1500 X81.664 Y92.583 E1492.21109
G1 F1552.8 X81.15 Y93.142 E1492.24159
G1 F1585.6 X80.344 Y93.674 E1492.27958
G1 F1530.6 X79.621 Y93.972 E1492.31144
G1 F1500 X78.984 Y94.369 E1492.34264
G1 X78.512 Y94.769 E1492.36837
G1 X78 Y95.348 E1492.4005
G1 X77.626 Y96.024 E1492.43262
G1 X77.351 Y96.753 E1492.46501
G1 X77.227 Y97.612 E1492.50109
G1 X77.226 Y102.021 E1492.6844
G1 F1243.8 X77.33 Y102.614 E1492.71459
G1 F1080.7 X77.317 Y103.02 E1492.73803
G1 F1090.1 X77.323 Y103.79 E1492.78208
G1 F1256.3 X77.226 Y104.471 E1492.81622
G1 F1500 X77.225 Y125.46 E1493.68885
G1 X77.271 Y125.862 E1493.70567
G1 F1482.2 X77.46 Y126.664 E1493.74034
G1 F1494 X77.79 Y127.371 E1493.7729
G1 F1569 X78.183 Y128.019 E1493.80303
G1 F1712.3 X78.753 Y128.6 E1493.83267
G1 F1918.2 X79.331 Y129.002 E1493.85556
G1 F1963.4 X80.106 Y129.37 E1493.88281
G1 F1879.7 X80.88 Y129.526 E1493.909
G1 F1785.7 X81.291 Y129.558 E1493.9234
G1 F1663 X81.835 Y129.541 E1493.94381
G1 F1552.8 X82.379 Y129.524 E1493.96567
G1 F1500 X137.755 Y129.524 E1496.26794
G1 F1602.6 X138.708 Y129.557 E1496.30504
G1 F1781.5 X139.112 Y129.527 E1496.31923
G1 F1933 X139.783 Y129.39 E1496.34132
G1 F2021.6 X140.088 Y129.283 E1496.35129
G1 F1963.4 X140.76 Y128.957 E1496.37502
G1 F1851.9 X141.365 Y128.511 E1496.40033
G1 F1756.4 X141.864 Y127.931 E1496.42749
G1 F1641.1 X142.205 Y127.392 E1496.45173
G1 F1536.9 X142.543 Y126.665 E1496.48426
G1 F1500 X142.729 Y125.862 E1496.51853
G1 X142.775 Y125.457 E1496.53548
G1 X142.775 Y104.474 E1497.40785
G1 F1256.3 X142.678 Y103.789 E1497.44219
G1 F1090.1 X142.684 Y103.005 E1497.48704
G1 F1126.1 X142.7 Y102.471 E1497.51663
G1 F1304.3 X142.775 Y101.702 E1497.55357
G1 F1500 X142.775 Y97.605 E1497.7239
G1 X142.65 Y96.766 E1497.75917
G1 X142.373 Y96.023 E1497.79214
G1 X141.995 Y95.343 E1497.82448
G1 X141.483 Y94.765 E1497.85659
G1 X141.016 Y94.369 E1497.88204
G1 X140.377 Y93.972 E1497.91332
G1 X140.084 Y93.854 E1497.92645
G1 F1549.6 X139.623 Y93.65 E1497.94674
G1 F1648.4 X139.379 Y93.482 E1497.95795
G1 F1663 X138.868 Y93.17 E1497.9804
G1 F1595.7 X138.321 Y92.57 E1498.01213
G1 F1530.6 X137.964 Y91.847 E1498.04498
G1 F1500 X137.775 Y91.072 E1498.07815
G1 X137.775 Y90.475 E1498.10297
G1 X82.225 Y90.475 E1500.41247
G1 X82.225 Y91.073 E1500.43733
G1 X82.011 Y91.909 E1500.47321
M204 S5000
M205 X30 Y30
G0 F7200 X135.367 Y95.803
M204 S3000
M205 X20 Y20
G1 F1500 X135.367 Y95.721 E1500.47662
G1 X135.484 Y95.008 E1500.50666
G1 X135.812 Y94.383 E1500.536
G1 X135.975 Y94.168 E1500.54722
G1 X136.39 Y93.805 E1500.57014
G1 X137.002 Y93.485 E1500.59885
G1 X137.724 Y93.367 E1500.62927
G1 F1552.8 X138.473 Y93.49 E1500.65975
G1 F1652 X139.139 Y93.855 E1500.68842
G1 F1612.9 X139.521 Y94.18 E1500.70782
G1 F1521.3 X139.687 Y94.38 E1500.71847
G1 F1500 X140.018 Y95.025 E1500.74861
G1 X140.13 Y95.8 E1500.78117
G1 X140.027 Y96.455 E1500.80873
G1 X139.808 Y96.94 E1500.83086
G1 X139.391 Y97.469 E1500.85886
G1 X139.087 Y97.707 E1500.87491
G1 X138.447 Y98.022 E1500.90457
G1 X137.736 Y98.145 E1500.93457
G1 X136.941 Y97.997 E1500.96819
G1 X136.362 Y97.673 E1500.99577
G1 X136.116 Y97.473 E1501.00895
G1 X135.713 Y96.98 E1501.03543
G1 X135.483 Y96.465 E1501.05888
G1 X135.367 Y95.803 E1501.08682
M204 S5000
M205 X30 Y30
G0 F7200 X136.081 Y103.031
M204 S3000
M205 X20 Y20
G1 F1500 X136.25 Y102.214 E1501.12151
G1 X136.673 Y101.446 E1501.15796
G1 X137.23 Y100.916 E1501.18992
G1 X137.769 Y100.594 E1501.21603
G1 X138.429 Y100.378 E1501.2449
G1 X138.975 Y100.326 E1501.2677
G1 X139.651 Y100.398 E1501.29597
G1 X140.128 Y100.547 E1501.31674
G1 X140.851 Y100.963 E1501.35142
G1 X141.276 Y101.417 E1501.37728
G1 X141.567 Y101.853 E1501.39907
G1 F1304.3 X141.924 Y102.605 E1501.43887
G1 F1104.6 X141.967 Y102.662 E1501.4429
G1 F1076 X142 Y102.953 E1501.45987
G1 F1170 X141.989 Y103.71 E1501.50023
G1 F1368.6 X141.58 Y104.621 E1501.54573
G1 F1500 X141.271 Y105.09 E1501.56908
G1 X141.052 Y105.328 E1501.58253
G1 X140.673 Y105.643 E1501.60301
G1 X140.4 Y105.815 E1501.61643
G1 X139.591 Y106.115 E1501.6523
G1 X138.82 Y106.17 E1501.68444
G1 X138.425 Y106.12 E1501.70099
G1 X137.727 Y105.891 E1501.73153
G1 X137.243 Y105.603 E1501.75495
G1 X136.672 Y105.045 E1501.78814
G1 X136.249 Y104.296 E1501.8239
G1 X136.085 Y103.55 E1501.85566
G1 X136.081 Y103.031 E1501.87724
M204 S5000
M205 X30 Y30
G0 F7200 X135.36 Y114.712
M204 S3000
M205 X20 Y20
G1 F1500 X135.493 Y113.969 E1501.90862
G1 X135.841 Y113.334 E1501.93872
G1 X136.225 Y112.923 E1501.96211
G1 X136.801 Y112.571 E1501.99017
G1 X137.054 Y112.477 E1502.00139
G1 X137.641 Y112.377 E1502.02615
G1 X137.885 Y112.378 E1502.03629
G1 X138.492 Y112.486 E1502.06193
G1 X139.117 Y112.812 E1502.09123
G1 X139.332 Y112.975 E1502.10245
G1 X139.678 Y113.371 E1502.12431
G1 X139.895 Y113.741 E1502.14215
G1 X140.042 Y114.145 E1502.16002
G1 X140.132 Y114.744 E1502.1852
G1 X140.046 Y115.343 E1502.21036
G1 X139.957 Y115.628 E1502.22278
G1 X139.68 Y116.125 E1502.24643
G1 X139.437 Y116.417 E1502.26222
G1 X139.119 Y116.688 E1502.2796
G1 X138.504 Y117.006 E1502.30838
G1 X137.875 Y117.123 E1502.33498
G1 X137.145 Y117.041 E1502.36552
G1 X136.812 Y116.935 E1502.38005
G1 X136.209 Y116.58 E1502.40914
G1 X135.716 Y115.993 E1502.44101
G1 X135.488 Y115.485 E1502.46416
G1 X135.363 Y114.779 E1502.49397
G1 X135.36 Y114.712 E1502.49676
M204 S5000
M205 X30 Y30
G0 F7200 X136.083 Y126.434
M204 S3000
M205 X20 Y20
G1 F1500 X136.079 Y126.375 E1502.49922
G1 X136.11 Y125.84 E1502.5215
G1 X136.268 Y125.175 E1502.54991
G1 X136.675 Y124.449 E1502.58452
G1 X137.254 Y123.898 E1502.61775
G1 X137.719 Y123.613 E1502.64042
G1 X138.414 Y123.377 E1502.67094
G1 X138.914 Y123.326 E1502.69183
G1 X139.712 Y123.397 E1502.72514
G1 X140.281 Y123.624 E1502.75061
G1 X140.927 Y124.044 E1502.78264
G1 X141.302 Y124.45 E1502.80562
G1 X141.567 Y124.853 E1502.82567
G1 X141.713 Y125.169 E1502.84015
G1 X141.914 Y125.821 E1502.86851
G1 X141.905 Y126.647 E1502.90286
G1 F1552.8 X141.703 Y127.314 E1502.93084
G1 F1652 X141.555 Y127.605 E1502.94317
G1 F1807.2 X141.146 Y128.164 E1502.96707
G1 F1994.7 X140.735 Y128.524 E1502.98415
G1 F2095 X140.176 Y128.854 E1503.00348
G1 F2066.1 X139.692 Y129.03 E1503.01902
G1 F1933 X139.071 Y129.123 E1503.03928
G1 F1748.3 X138.501 Y129.108 E1503.05962
G1 F1575.6 X137.844 Y128.932 E1503.08654
G1 F1500 X137.351 Y128.672 E1503.10971
G1 X136.775 Y128.145 E1503.14217
G1 X136.574 Y127.876 E1503.15613
G1 X136.218 Y127.156 E1503.18952
G1 X136.083 Y126.434 E1503.22006
M204 S5000
M205 X30 Y30
G0 F7200 X135.693 Y114.751
G0 X135.693 Y95.751
G0 X137.394 Y90.725
M204 S3000
M205 X20 Y20
G1 F1500 X137.528 Y90.859 E1503.22794
M204 S5000
M205 X30 Y30
G0 F7200 X136.687 Y90.725
M204 S3000
M205 X20 Y20
G1 F1500 X137.675 Y91.713 E1503.28603
G1 X137.763 Y91.801
M204 S5000
M205 X30 Y30
G0 F7200 X137.669 Y93.121
M204 S3000
M205 X20 Y20
G1 F1500 X135.273 Y90.725 E1503.42691
M204 S5000
M205 X30 Y30
G0 F7200 X135.98 Y90.725
M204 S3000
M205 X20 Y20
G1 F1500 X138.51 Y93.255 E1503.57566
G1 X138.598 Y93.343
M204 S5000
M205 X30 Y30
G0 F7200 X137.063 Y93.222
M204 S3000
M205 X20 Y20
G1 F1500 X134.565 Y90.725 E1503.7225
M204 S5000
M205 X30 Y30
G0 F7200 X133.858 Y90.725
M204 S3000
M205 X20 Y20
G1 F1500 X136.562 Y93.428 E1503.88146
M204 S5000
M205 X30 Y30
G0 F7200 X136.128 Y93.702
M204 S3000
M205 X20 Y20
G1 F1500 X133.151 Y90.725 E1504.0565
M204 S5000
M205 X30 Y30
G0 F7200 X132.444 Y90.725
M204 S3000
M205 X20 Y20
G1 F1500 X135.759 Y94.04 E1504.25141
M204 S5000
M205 X30 Y30
G0 F7200 X135.48 Y94.468
M204 S3000
M205 X20 Y20
G1 F1500 X131.737 Y90.725 E1504.47148
M204 S5000
M205 X30 Y30
G0 F7200 X131.03 Y90.725
M204 S3000
M205 X20 Y20
G1 F1500 X135.239 Y94.934 E1504.71895
M204 S5000
M205 X30 Y30
G0 F7200 X135.14 Y95.542
M204 S3000
M205 X20 Y20
G1 F1500 X130.323 Y90.725 E1505.00217
M204 S5000
M205 X30 Y30
G0 F7200 X129.616 Y90.725
M204 S3000
M205 X20 Y20
G1 F1500 X135.199 Y96.308 E1505.33043
G1 X135.287 Y96.396
M204 S5000
M205 X30 Y30
G0 F7200 X137.187 Y98.297
M204 S3000
M205 X20 Y20
G1 F1500 X138.964 Y100.073 E1505.43488
M204 S5000
M205 X30 Y30
G0 F7200 X138.328 Y100.144
M204 S3000
M205 X20 Y20
G1 F1500 X128.909 Y90.725 E1505.98869
M204 S5000
M205 X30 Y30
G0 F7200 X128.201 Y90.725
M204 S3000
M205 X20 Y20
G1 F1500 X137.797 Y100.32 E1506.55286
M204 S5000
M205 X30 Y30
G0 F7200 X137.331 Y100.561
M204 S3000
M205 X20 Y20
G1 F1500 X127.494 Y90.725 E1507.13121
M204 S5000
M205 X30 Y30
G0 F7200 X126.787 Y90.725
M204 S3000
M205 X20 Y20
G1 F1500 X136.925 Y100.863 E1507.72729
M204 S5000
M205 X30 Y30
G0 F7200 X136.562 Y101.207
M204 S3000
M205 X20 Y20
G1 F1500 X126.08 Y90.725 E1508.34359
M204 S5000
M205 X30 Y30
G0 F7200 X125.373 Y90.725
M204 S3000
M205 X20 Y20
G1 F1500 X136.283 Y101.635 E1508.98506
M204 S5000
M205 X30 Y30
G0 F7200 X136.033 Y102.092
M204 S3000
M205 X20 Y20
G1 F1500 X124.666 Y90.725 E1509.65339
M204 S5000
M205 X30 Y30
G0 F7200 X123.959 Y90.725
M204 S3000
M205 X20 Y20
G1 F1500 X135.899 Y102.665 E1510.35542
M204 S5000
M205 X30 Y30
G0 F7200 X135.831 Y103.304
M204 S3000
M205 X20 Y20
G1 F1500 X123.252 Y90.725 E1511.09501
M204 S5000
M205 X30 Y30
G0 F7200 X122.545 Y90.725
M204 S3000
M205 X20 Y20
G1 F1500 X135.958 Y104.139 E1511.88368
G1 X136.046 Y104.227
M204 S5000
M205 X30 Y30
G0 F7200 X138.091 Y106.271
M204 S3000
M205 X20 Y20
G1 F1500 X142.524 Y110.704 E1512.14432
M204 S5000
M205 X30 Y30
G0 F7200 X142.524 Y111.411
M204 S3000
M205 X20 Y20
G1 F1500 X121.838 Y90.725 E1513.36058
M204 S5000
M205 X30 Y30
G0 F7200 X121.13 Y90.725
M204 S3000
M205 X20 Y20
G1 F1500 X142.524 Y112.118 E1514.61843
M204 S5000
M205 X30 Y30
G0 F7200 X142.524 Y112.825
M204 S3000
M205 X20 Y20
G1 F1500 X120.423 Y90.725 E1515.91786
M204 S5000
M205 X30 Y30
G0 F7200 X119.716 Y90.725
M204 S3000
M205 X20 Y20
G1 F1500 X142.524 Y113.533 E1517.25888
M204 S5000
M205 X30 Y30
G0 F7200 X142.524 Y114.24
M204 S3000
M205 X20 Y20
G1 F1500 X119.009 Y90.725 E1518.64147
M204 S5000
M205 X30 Y30
G0 F7200 X118.302 Y90.725
M204 S3000
M205 X20 Y20
G1 F1500 X142.524 Y114.947 E1520.06563
M204 S5000
M205 X30 Y30
G0 F7200 X142.524 Y115.654
M204 S3000
M205 X20 Y20
G1 F1500 X117.595 Y90.725 E1521.53136
M204 S5000
M205 X30 Y30
G0 F7200 X116.888 Y90.725
M204 S3000
M205 X20 Y20
G1 F1500 X138.372 Y112.209 E1522.79454
M204 S5000
M205 X30 Y30
G0 F7200 X137.589 Y112.133
M204 S3000
M205 X20 Y20
G1 F1500 X116.181 Y90.725 E1524.05325
M204 S5000
M205 X30 Y30
G0 F7200 X115.474 Y90.725
M204 S3000
M205 X20 Y20
G1 F1500 X136.984 Y112.236 E1525.31798
M204 S5000
M205 X30 Y30
G0 F7200 X136.502 Y112.461
M204 S3000
M205 X20 Y20
G1 F1500 X114.766 Y90.725 E1526.59598
M204 S5000
M205 X30 Y30
G0 F7200 X114.059 Y90.725
M204 S3000
M205 X20 Y20
G1 F1500 X136.063 Y112.729 E1527.88973
M204 S5000
M205 X30 Y30
G0 F7200 X135.723 Y113.096
M204 S3000
M205 X20 Y20
G1 F1500 X113.352 Y90.725 E1529.20506
M204 S5000
M205 X30 Y30
G0 F7200 X112.645 Y90.725
M204 S3000
M205 X20 Y20
G1 F1500 X135.447 Y113.527 E1530.54573
M204 S5000
M205 X30 Y30
G0 F7200 X135.231 Y114.018
M204 S3000
M205 X20 Y20
G1 F1500 X111.938 Y90.725 E1531.91527
M204 S5000
M205 X30 Y30
G0 F7200 X111.231 Y90.725
M204 S3000
M205 X20 Y20
G1 F1500 X135.123 Y114.617 E1533.32003
M204 S5000
M205 X30 Y30
G0 F7200 X135.224 Y115.425
M204 S3000
M205 X20 Y20
G1 F1500 X110.524 Y90.725 E1534.77229
M204 S5000
M205 X30 Y30
G0 F7200 X109.816 Y90.724
M204 S3000
M205 X20 Y20
G1 F1500 X142.524 Y123.432 E1536.6954
M204 S5000
M205 X30 Y30
G0 F7200 X142.524 Y124.139
M204 S3000
M205 X20 Y20
G1 F1500 X109.109 Y90.724 E1538.66007
M204 S5000
M205 X30 Y30
G0 F7200 X108.402 Y90.724
M204 S3000
M205 X20 Y20
G1 F1500 X142.524 Y124.846 E1540.66631
M204 S5000
M205 X30 Y30
G0 F7200 X141.851 Y124.88
M204 S3000
M205 X20 Y20
G1 F1500 X142.513 Y125.542 E1540.70524
M204 S5000
M205 X30 Y30
G0 F7200 X142.158 Y125.895
M204 S3000
M205 X20 Y20
G1 F1500 X142.407 Y126.143 E1540.71985
M204 S5000
M205 X30 Y30
G0 F7200 X142.153 Y126.596
M204 S3000
M205 X20 Y20
G1 F1500 X142.25 Y126.694 E1540.72558
M204 S5000
M205 X30 Y30
G0 F7200 X140.355 Y123.385
M204 S3000
M205 X20 Y20
G1 F1500 X107.695 Y90.724 E1542.64589
M204 S5000
M205 X30 Y30
G0 F7200 X106.988 Y90.724
M204 S3000
M205 X20 Y20
G1 F1500 X139.377 Y123.114 E1544.55027
M204 S5000
M205 X30 Y30
G0 F7200 X138.659 Y123.103
M204 S3000
M205 X20 Y20
G1 F1500 X106.28 Y90.724 E1546.45403
M204 S5000
M205 X30 Y30
G0 F7200 X105.573 Y90.724
M204 S3000
M205 X20 Y20
G1 F1500 X138.077 Y123.228 E1548.36514
M204 S5000
M205 X30 Y30
G0 F7200 X137.56 Y123.418
M204 S3000
M205 X20 Y20
G1 F1500 X104.866 Y90.724 E1550.28742
M204 S5000
M205 X30 Y30
G0 F7200 X104.159 Y90.724
M204 S3000
M205 X20 Y20
G1 F1500 X137.122 Y123.687 E1552.22552
M204 S5000
M205 X30 Y30
G0 F7200 X136.755 Y124.027
M204 S3000
M205 X20 Y20
G1 F1500 X103.452 Y90.724 E1554.18361
M204 S5000
M205 X30 Y30
G0 F7200 X102.745 Y90.724
M204 S3000
M205 X20 Y20
G1 F1500 X136.417 Y124.397 E1556.16342
M204 S5000
M205 X30 Y30
G0 F7200 X136.161 Y124.848
M204 S3000
M205 X20 Y20
G1 F1500 X102.038 Y90.724 E1558.16976
M204 S5000
M205 X30 Y30
G0 F7200 X101.331 Y90.724
M204 S3000
M205 X20 Y20
G1 F1500 X135.964 Y125.358 E1560.20607
M204 S5000
M205 X30 Y30
G0 F7200 X135.854 Y125.954
M204 S3000
M205 X20 Y20
G1 F1500 X100.624 Y90.724 E1562.27746
M204 S5000
M205 X30 Y30
G0 F7200 X99.917 Y90.724
M204 S3000
M205 X20 Y20
G1 F1500 X135.873 Y126.681 E1564.39157
G1 X135.961 Y126.769
M204 S5000
M205 X30 Y30
G0 F7200 X136.229 Y127.743
M204 S3000
M205 X20 Y20
G1 F1500 X99.209 Y90.724 E1566.56817
M204 S5000
M205 X30 Y30
G0 F7200 X98.502 Y90.724
M204 S3000
M205 X20 Y20
G1 F1500 X137.052 Y129.273 E1568.83473
M204 S5000
M205 X30 Y30
G0 F7200 X137.534 Y129.049
M204 S3000
M205 X20 Y20
G1 F1500 X137.759 Y129.274 E1568.84796
M204 S5000
M205 X30 Y30
G0 F7200 X136.345 Y129.273
M204 S3000
M205 X20 Y20
G1 F1500 X97.795 Y90.724 E1571.11453
M204 S5000
M205 X30 Y30
G0 F7200 X97.088 Y90.724
M204 S3000
M205 X20 Y20
G1 F1500 X135.637 Y129.273 E1573.38106
M204 S5000
M205 X30 Y30
G0 F7200 X134.93 Y129.273
M204 S3000
M205 X20 Y20
G1 F1500 X96.381 Y90.724 E1575.64759
M204 S5000
M205 X30 Y30
G0 F7200 X95.674 Y90.724
M204 S3000
M205 X20 Y20
G1 F1500 X134.223 Y129.273 E1577.91413
M204 S5000
M205 X30 Y30
G0 F7200 X133.516 Y129.273
M204 S3000
M205 X20 Y20
G1 F1500 X94.967 Y90.724 E1580.18066
M204 S5000
M205 X30 Y30
G0 F7200 X94.26 Y90.724
M204 S3000
M205 X20 Y20
G1 F1500 X132.809 Y129.273 E1582.44719
M204 S5000
M205 X30 Y30
G0 F7200 X132.102 Y129.273
M204 S3000
M205 X20 Y20
G1 F1500 X93.553 Y90.724 E1584.71373
M204 S5000
M205 X30 Y30
G0 F7200 X92.845 Y90.724
M204 S3000
M205 X20 Y20
G1 F1500 X131.395 Y129.273 E1586.98029
M204 S5000
M205 X30 Y30
G0 F7200 X130.688 Y129.273
M204 S3000
M205 X20 Y20
G1 F1500 X92.138 Y90.724 E1589.24685
M204 S5000
M205 X30 Y30
G0 F7200 X91.431 Y90.724
M204 S3000
M205 X20 Y20
G1 F1500 X129.981 Y129.273 E1591.51341
M204 S5000
M205 X30 Y30
G0 F7200 X129.273 Y129.273
M204 S3000
M205 X20 Y20
G1 F1500 X90.724 Y90.724 E1593.77995
M204 S5000
M205 X30 Y30
G0 F7200 X90.017 Y90.724
M204 S3000
M205 X20 Y20
G1 F1500 X128.566 Y129.273 E1596.04648
M204 S5000
M205 X30 Y30
G0 F7200 X127.859 Y129.273
M204 S3000
M205 X20 Y20
G1 F1500 X89.31 Y90.724 E1598.31301
M204 S5000
M205 X30 Y30
G0 F7200 X88.603 Y90.724
M204 S3000
M205 X20 Y20
G1 F1500 X127.152 Y129.273 E1600.57955
M204 S5000
M205 X30 Y30
G0 F7200 X126.445 Y129.273
M204 S3000
M205 X20 Y20
G1 F1500 X87.896 Y90.724 E1602.84608
M204 S5000
M205 X30 Y30
G0 F7200 X87.189 Y90.724
M204 S3000
M205 X20 Y20
G1 F1500 X125.738 Y129.273 E1605.11262
M204 S5000
M205 X30 Y30
G0 F7200 X125.031 Y129.273
M204 S3000
M205 X20 Y20
G1 F1500 X86.481 Y90.724 E1607.37918
M204 S5000
M205 X30 Y30
G0 F7200 X85.774 Y90.724
M204 S3000
M205 X20 Y20
G1 F1500 X124.324 Y129.273 E1609.64574
M204 S5000
M205 X30 Y30
G0 F7200 X123.617 Y129.273
M204 S3000
M205 X20 Y20
G1 F1500 X85.067 Y90.724 E1611.9123
M204 S5000
M205 X30 Y30
G0 F7200 X84.36 Y90.724
M204 S3000
M205 X20 Y20
G1 F1500 X122.91 Y129.273 E1614.17887
M204 S5000
M205 X30 Y30
G0 F7200 X122.202 Y129.273
M204 S3000
M205 X20 Y20
G1 F1500 X83.653 Y90.724 E1616.4454
M204 S5000
M205 X30 Y30
G0 F7200 X82.946 Y90.724
M204 S3000
M205 X20 Y20
G1 F1500 X121.495 Y129.273 E1618.71193
M204 S5000
M205 X30 Y30
G0 F7200 X120.788 Y129.273
M204 S3000
M205 X20 Y20
G1 F1500 X82.467 Y90.952 E1620.96506
M204 S5000
M205 X30 Y30
G0 F7200 X82.359 Y91.551
M204 S3000
M205 X20 Y20
G1 F1500 X120.081 Y129.273 E1623.18297
M204 S5000
M205 X30 Y30
G0 F7200 X119.374 Y129.273
M204 S3000
M205 X20 Y20
G1 F1500 X84.462 Y94.361 E1625.23566
G1 X84.374 Y94.273
M204 S5000
M205 X30 Y30
G0 F7200 X84.844 Y95.45
M204 S3000
M205 X20 Y20
G1 F1500 X118.667 Y129.273 E1627.22433
M204 S5000
M205 X30 Y30
G0 F7200 X117.96 Y129.273
M204 S3000
M205 X20 Y20
G1 F1500 X84.824 Y96.138 E1629.17257
M204 S5000
M205 X30 Y30
G0 F7200 X84.69 Y96.71
M204 S3000
M205 X20 Y20
G1 F1500 X117.253 Y129.273 E1631.08715
M204 S5000
M205 X30 Y30
G0 F7200 X116.546 Y129.273
M204 S3000
M205 X20 Y20
G1 F1500 X84.449 Y97.177 E1632.9743
M204 S5000
M205 X30 Y30
G0 F7200 X84.13 Y97.565
M204 S3000
M205 X20 Y20
G1 F1500 X115.838 Y129.273 E1634.83861
M204 S5000
M205 X30 Y30
G0 F7200 X115.131 Y129.273
M204 S3000
M205 X20 Y20
G1 F1500 X83.754 Y97.896 E1636.68345
M204 S5000
M205 X30 Y30
G0 F7200 X83.302 Y98.151
M204 S3000
M205 X20 Y20
G1 F1500 X114.424 Y129.273 E1638.51331
M204 S5000
M205 X30 Y30
G0 F7200 X113.717 Y129.273
M204 S3000
M205 X20 Y20
G1 F1500 X82.751 Y98.308 E1640.33396
M204 S5000
M205 X30 Y30
G0 F7200 X82.107 Y98.37
M204 S3000
M205 X20 Y20
G1 F1500 X113.01 Y129.273 E1642.15094
M204 S5000
M205 X30 Y30
G0 F7200 X112.303 Y129.273
M204 S3000
M205 X20 Y20
G1 F1500 X81.167 Y98.137 E1643.98162
G1 X81.079 Y98.049
M204 S5000
M205 X30 Y30
G0 F7200 X79.866 Y96.836
M204 S3000
M205 X20 Y20
G1 F1500 X78.353 Y95.324 E1644.07054
M204 S5000
M205 X30 Y30
G0 F7200 X78.685 Y94.948
M204 S3000
M205 X20 Y20
G1 F1500 X79.63 Y95.894 E1644.12614
M204 S5000
M205 X30 Y30
G0 F7200 X79.696 Y95.252
M204 S3000
M205 X20 Y20
G1 F1500 X79.068 Y94.625 E1644.16303
M204 S5000
M205 X30 Y30
G0 F7200 X79.495 Y94.345
M204 S3000
M205 X20 Y20
G1 F1500 X79.854 Y94.703 E1644.18411
M204 S5000
M205 X30 Y30
G0 F7200 X80.12 Y94.262
M204 S3000
M205 X20 Y20
G1 F1500 X79.958 Y94.101 E1644.1936
M204 S5000
M205 X30 Y30
G0 F7200 X81.646 Y92.959
M204 S3000
M205 X20 Y20
G1 F1500 X81.862 Y93.176 E1644.20633
M204 S5000
M205 X30 Y30
G0 F7200 X81.954 Y92.56
M204 S3000
M205 X20 Y20
G1 F1500 X82.552 Y93.159 E1644.24152
M204 S5000
M205 X30 Y30
G0 F7200 X82.197 Y92.097
M204 S3000
M205 X20 Y20
G1 F1500 X83.637 Y93.536 E1644.32616
G1 X83.725 Y93.624
M204 S5000
M205 X30 Y30
G0 F7200 X82.25 Y93.693
G0 X78.066 Y95.743
M204 S3000
M205 X20 Y20
G1 F1500 X111.596 Y129.273 E1646.2976
M204 S5000
M205 X30 Y30
G0 F7200 X110.889 Y129.273
M204 S3000
M205 X20 Y20
G1 F1500 X84.055 Y102.44 E1647.8753
M204 S5000
M205 X30 Y30
G0 F7200 X84.169 Y103.26
M204 S3000
M205 X20 Y20
G1 F1500 X110.182 Y129.273 E1649.40477
M204 S5000
M205 X30 Y30
G0 F7200 X109.474 Y129.273
M204 S3000
M205 X20 Y20
G1 F1500 X84.094 Y103.893 E1650.89701
M204 S5000
M205 X30 Y30
G0 F7200 X83.947 Y104.453
M204 S3000
M205 X20 Y20
G1 F1500 X108.767 Y129.273 E1652.35634
M204 S5000
M205 X30 Y30
G0 F7200 X108.06 Y129.273
M204 S3000
M205 X20 Y20
G1 F1500 X83.691 Y104.904 E1653.78914
M204 S5000
M205 X30 Y30
G0 F7200 X83.4 Y105.32
M204 S3000
M205 X20 Y20
G1 F1500 X107.352 Y129.273 E1655.19745
M204 S5000
M205 X30 Y30
G0 F7200 X106.645 Y129.273
M204 S3000
M205 X20 Y20
G1 F1500 X83.044 Y105.671 E1656.58513
M204 S5000
M205 X30 Y30
G0 F7200 X82.631 Y105.965
M204 S3000
M205 X20 Y20
G1 F1500 X105.938 Y129.273 E1657.95552
M204 S5000
M205 X30 Y30
G0 F7200 X105.231 Y129.273
M204 S3000
M205 X20 Y20
G1 F1500 X82.152 Y106.194 E1659.31248
M204 S5000
M205 X30 Y30
G0 F7200 X81.617 Y106.365
M204 S3000
M205 X20 Y20
G1 F1500 X104.524 Y129.273 E1660.65935
M204 S5000
M205 X30 Y30
G0 F7200 X103.817 Y129.273
M204 S3000
M205 X20 Y20
G1 F1500 X80.96 Y106.416 E1662.00326
M204 S5000
M205 X30 Y30
G0 F7200 X80.131 Y106.294
M204 S3000
M205 X20 Y20
G1 F1500 X103.11 Y129.273 E1663.35434
M204 S5000
M205 X30 Y30
G0 F7200 X102.403 Y129.273
M204 S3000
M205 X20 Y20
G1 F1500 X77.501 Y104.371 E1664.81848
M204 S5000
M205 X30 Y30
G0 F7200 X77.737 Y103.9
M204 S3000
M205 X20 Y20
G1 F1500 X77.653 Y103.816 E1664.82342
M204 S5000
M205 X30 Y30
G0 F7200 X77.474 Y105.052
M204 S3000
M205 X20 Y20
G1 F1500 X101.696 Y129.273 E1666.24755
M204 S5000
M205 X30 Y30
G0 F7200 X100.988 Y129.273
M204 S3000
M205 X20 Y20
G1 F1500 X77.474 Y105.759 E1667.63008
M204 S5000
M205 X30 Y30
G0 F7200 X77.474 Y106.466
M204 S3000
M205 X20 Y20
G1 F1500 X83.416 Y112.408 E1667.97945
G1 X83.504 Y112.496
M204 S5000
M205 X30 Y30
G0 F7200 X82.436 Y112.135
M204 S3000
M205 X20 Y20
G1 F1500 X77.474 Y107.173 E1668.27119
M204 S5000
M205 X30 Y30
G0 F7200 X77.474 Y107.88
M204 S3000
M205 X20 Y20
G1 F1500 X81.781 Y112.186 E1668.5244
M204 S5000
M205 X30 Y30
G0 F7200 X81.231 Y112.344
M204 S3000
M205 X20 Y20
G1 F1500 X77.474 Y108.587 E1668.7453
M204 S5000
M205 X30 Y30
G0 F7200 X77.474 Y109.294
M204 S3000
M205 X20 Y20
G1 F1500 X80.772 Y112.591 E1668.93918
M204 S5000
M205 X30 Y30
G0 F7200 X80.383 Y112.91
M204 S3000
M205 X20 Y20
G1 F1500 X77.474 Y110.001 E1669.11022
M204 S5000
M205 X30 Y30
G0 F7200 X77.474 Y110.708
M204 S3000
M205 X20 Y20
G1 F1500 X80.081 Y113.315 E1669.2635
M204 S5000
M205 X30 Y30
G0 F7200 X79.826 Y113.767
M204 S3000
M205 X20 Y20
G1 F1500 X77.474 Y111.415 E1669.40179
M204 S5000
M205 X30 Y30
G0 F7200 X77.474 Y112.123
M204 S3000
M205 X20 Y20
G1 F1500 X79.68 Y114.328 E1669.53146
M204 S5000
M205 X30 Y30
G0 F7200 X79.657 Y115.013
M204 S3000
M205 X20 Y20
G1 F1500 X77.474 Y112.83 E1669.65981
M204 S5000
M205 X30 Y30
G0 F7200 X77.474 Y113.537
M204 S3000
M205 X20 Y20
G1 F1500 X79.998 Y116.06 E1669.80818
G1 X80.086 Y116.148
M204 S5000
M205 X30 Y30
G0 F7200 X80.936 Y116.998
M204 S3000
M205 X20 Y20
G1 F1500 X93.21 Y129.273 E1670.52988
M204 S5000
M205 X30 Y30
G0 F7200 X92.503 Y129.273
M204 S3000
M205 X20 Y20
G1 F1500 X77.474 Y114.244 E1671.41353
M204 S5000
M205 X30 Y30
G0 F7200 X77.474 Y114.951
M204 S3000
M205 X20 Y20
G1 F1500 X91.796 Y129.273 E1672.2556
M204 S5000
M205 X30 Y30
G0 F7200 X91.089 Y129.273
M204 S3000
M205 X20 Y20
G1 F1500 X77.474 Y115.658 E1673.05611
M204 S5000
M205 X30 Y30
G0 F7200 X77.474 Y116.365
M204 S3000
M205 X20 Y20
G1 F1500 X90.382 Y129.273 E1673.81506
M204 S5000
M205 X30 Y30
G0 F7200 X89.675 Y129.273
M204 S3000
M205 X20 Y20
G1 F1500 X77.474 Y117.072 E1674.53243
M204 S5000
M205 X30 Y30
G0 F7200 X77.474 Y117.779
M204 S3000
M205 X20 Y20
G1 F1500 X88.968 Y129.273 E1675.20823
M204 S5000
M205 X30 Y30
G0 F7200 X88.261 Y129.273
M204 S3000
M205 X20 Y20
G1 F1500 X83.833 Y124.845 E1675.46858
G1 X83.745 Y124.757
M204 S5000
M205 X30 Y30
G0 F7200 X84.159 Y125.878
M204 S3000
M205 X20 Y20
G1 F1500 X87.553 Y129.273 E1675.66816
M204 S5000
M205 X30 Y30
G0 F7200 X86.846 Y129.273
M204 S3000
M205 X20 Y20
G1 F1500 X84.147 Y126.574 E1675.82685
M204 S5000
M205 X30 Y30
G0 F7200 X84.033 Y127.167
M204 S3000
M205 X20 Y20
G1 F1500 X86.139 Y129.273 E1675.95068
M204 S5000
M205 X30 Y30
G0 F7200 X85.432 Y129.273
M204 S3000
M205 X20 Y20
G1 F1500 X83.814 Y127.654 E1676.04584
M204 S5000
M205 X30 Y30
G0 F7200 X83.56 Y128.107
M204 S3000
M205 X20 Y20
G1 F1500 X84.725 Y129.273 E1676.11437
M204 S5000
M205 X30 Y30
G0 F7200 X84.018 Y129.273
M204 S3000
M205 X20 Y20
G1 F1500 X83.232 Y128.486 E1676.16061
M204 S5000
M205 X30 Y30
G0 F7200 X82.853 Y128.815
M204 S3000
M205 X20 Y20
G1 F1500 X83.311 Y129.273 E1676.18754
M204 S5000
M205 X30 Y30
G0 F7200 X82.604 Y129.273
M204 S3000
M205 X20 Y20
G1 F1500 X82.433 Y129.102 E1676.19759
M204 S5000
M205 X30 Y30
G0 F7200 X80.387 Y128.773
G0 X79.429 Y128.308
G0 X77.828 Y126.618
M204 S3000
M205 X20 Y20
G1 F1500 X77.675 Y126.466 E1676.20656
M204 S5000
M205 X30 Y30
G0 F7200 X77.839 Y125.922
M204 S3000
M205 X20 Y20
G1 F1500 X77.489 Y125.572 E1676.22714
M204 S5000
M205 X30 Y30
G0 F7200 X77.971 Y125.347
M204 S3000
M205 X20 Y20
G1 F1500 X77.474 Y124.851 E1676.25633
M204 S5000
M205 X30 Y30
G0 F7200 X78.164 Y124.833
M204 S3000
M205 X20 Y20
G1 F1500 X77.474 Y124.143 E1676.2969
M204 S5000
M205 X30 Y30
G0 F7200 X77.474 Y123.436
M204 S3000
M205 X20 Y20
G1 F1500 X78.442 Y124.404 E1676.35382
M204 S5000
M205 X30 Y30
G0 F7200 X78.755 Y124.01
M204 S3000
M205 X20 Y20
G1 F1500 X77.474 Y122.729 E1676.42913
M204 S5000
M205 X30 Y30
G0 F7200 X77.474 Y122.022
M204 S3000
M205 X20 Y20
G1 F1500 X79.138 Y123.686 E1676.52697
M204 S5000
M205 X30 Y30
G0 F7200 X79.586 Y123.427
M204 S3000
M205 X20 Y20
G1 F1500 X77.474 Y121.315 E1676.65115
M204 S5000
M205 X30 Y30
G0 F7200 X77.474 Y120.608
M204 S3000
M205 X20 Y20
G1 F1500 X80.089 Y123.222 E1676.80487
M204 S5000
M205 X30 Y30
G0 F7200 X80.678 Y123.105
M204 S3000
M205 X20 Y20
G1 F1500 X77.474 Y119.901 E1676.99325
M204 S5000
M205 X30 Y30
G0 F7200 X77.474 Y119.194
M204 S3000
M205 X20 Y20
G1 F1500 X81.388 Y123.107 E1677.22335
G1 X81.476 Y123.195
M204 S5000
M205 X30 Y30
G0 F7200 X82.363 Y123.375
M204 S3000
M205 X20 Y20
G1 F1500 X77.474 Y118.487 E1677.51078
G1 X77.386 Y118.399
M204 S5000
M205 X30 Y30
G0 F7200 X81.996 Y117.352
M204 S3000
M205 X20 Y20
G1 F1500 X93.917 Y129.273 E1678.21169
M204 S5000
M205 X30 Y30
G0 F7200 X94.625 Y129.273
M204 S3000
M205 X20 Y20
G1 F1500 X82.672 Y117.321 E1678.91445
M204 S5000
M205 X30 Y30
G0 F7200 X83.25 Y117.191
M204 S3000
M205 X20 Y20
G1 F1500 X95.332 Y129.273 E1679.62482
M204 S5000
M205 X30 Y30
G0 F7200 X96.039 Y129.273
M204 S3000
M205 X20 Y20
G1 F1500 X83.693 Y116.927 E1680.35072
M204 S5000
M205 X30 Y30
G0 F7200 X84.09 Y116.617
M204 S3000
M205 X20 Y20
G1 F1500 X96.746 Y129.273 E1681.09484
M204 S5000
M205 X30 Y30
G0 F7200 X97.453 Y129.273
M204 S3000
M205 X20 Y20
G1 F1500 X84.405 Y116.225 E1681.86202
M204 S5000
M205 X30 Y30
G0 F7200 X84.653 Y115.766
M204 S3000
M205 X20 Y20
G1 F1500 X98.16 Y129.273 E1682.65618
M204 S5000
M205 X30 Y30
G0 F7200 X98.867 Y129.273
M204 S3000
M205 X20 Y20
G1 F1500 X84.814 Y115.22 E1683.48244
M204 S5000
M205 X30 Y30
G0 F7200 X84.843 Y114.542
M204 S3000
M205 X20 Y20
G1 F1500 X99.574 Y129.273 E1684.34857
M204 S5000
M205 X30 Y30
G0 F7200 X100.281 Y129.273
M204 S3000
M205 X20 Y20
G1 F1500 X84.577 Y113.569 E1685.2719
G1 X84.489 Y113.481
M204 S5000
M205 X30 Y30
G0 F7200 X78.644 Y104.353
G0 X77.758 Y102.507
M204 S3000
M205 X20 Y20
G1 F1500 X77.577 Y102.326 E1685.28254
M204 S5000
M205 X30 Y30
G0 F7200 X78.049 Y102.09
M204 S3000
M205 X20 Y20
G1 F1500 X77.476 Y101.517 E1685.31623
M204 S5000
M205 X30 Y30
G0 F7200 X77.476 Y100.81
M204 S3000
M205 X20 Y20
G1 F1500 X78.288 Y101.623 E1685.364
M204 S5000
M205 X30 Y30
G0 F7200 X78.581 Y101.208
M204 S3000
M205 X20 Y20
G1 F1500 X77.476 Y100.103 E1685.42897
M204 S5000
M205 X30 Y30
G0 F7200 X77.476 Y99.396
M204 S3000
M205 X20 Y20
G1 F1500 X78.932 Y100.852 E1685.51458
M204 S5000
M205 X30 Y30
G0 F7200 X79.346 Y100.559
M204 S3000
M205 X20 Y20
G1 F1500 X77.476 Y98.689 E1685.62453
M204 S5000
M205 X30 Y30
G0 F7200 X77.476 Y97.982
M204 S3000
M205 X20 Y20
G1 F1500 X79.8 Y100.306 E1685.76117
M204 S5000
M205 X30 Y30
G0 F7200 X80.347 Y100.146
M204 S3000
M205 X20 Y20
G1 F1500 X77.521 Y97.32 E1685.92733
M204 S5000
M205 X30 Y30
G0 F7200 X77.629 Y96.721
M204 S3000
M205 X20 Y20
G1 F1500 X80.979 Y100.071 E1686.1243
M204 S5000
M205 X30 Y30
G0 F7200 X81.791 Y100.176
M204 S3000
M205 X20 Y20
G1 F1500 X77.823 Y96.208 E1686.3576
G1 X77.735 Y96.12
M204 S5000
M205 X30 Y30
G0 F7200 X81.546 Y97.683
G0 X137.959 Y98.361
M204 S3000
M205 X20 Y20
G1 F1500 X139.771 Y100.173 E1686.46414
G1 X139.859 Y100.261
M204 S5000
M205 X30 Y30
G0 F7200 X138.551 Y98.246
M204 S3000
M205 X20 Y20
G1 F1500 X142.44 Y102.135 E1686.6928
M204 S5000
M205 X30 Y30
G0 F7200 X142.524 Y101.512
M204 S3000
M205 X20 Y20
G1 F1500 X139.027 Y98.014 E1686.89844
M204 S5000
M205 X30 Y30
G0 F7200 X139.454 Y97.734
M204 S3000
M205 X20 Y20
G1 F1500 X142.524 Y100.805 E1687.07897
M204 S5000
M205 X30 Y30
G0 F7200 X142.524 Y100.098
M204 S3000
M205 X20 Y20
G1 F1500 X139.79 Y97.364 E1687.23972
M204 S5000
M205 X30 Y30
G0 F7200 X140.074 Y96.94
M204 S3000
M205 X20 Y20
G1 F1500 X142.524 Y99.39 E1687.38377
M204 S5000
M205 X30 Y30
G0 F7200 X142.524 Y98.683
M204 S3000
M205 X20 Y20
G1 F1500 X140.28 Y96.44 E1687.51568
M204 S5000
M205 X30 Y30
G0 F7200 X140.376 Y95.829
M204 S3000
M205 X20 Y20
G1 F1500 X142.524 Y97.976 E1687.64194
M204 S5000
M205 X30 Y30
G0 F7200 X142.462 Y97.208
M204 S3000
M205 X20 Y20
G1 F1500 X140.266 Y95.011 E1687.77109
M204 S5000
M205 X30 Y30
G0 F7200 X140.087 Y94.125
M204 S3000
M205 X20 Y20
G1 F1500 X142.176 Y96.214 E1687.89392
G1 X142.264 Y96.302
M204 S5000
M205 X30 Y30
G0 F7200 X142.192 Y104.009
M204 S3000
M205 X20 Y20
G1 F1500 X142.475 Y104.291 E1687.91053
M204 S5000
M205 X30 Y30
G0 F7200 X141.928 Y104.451
M204 S3000
M205 X20 Y20
G1 F1500 X142.524 Y105.047 E1687.94557
M204 S5000
M205 X30 Y30
G0 F7200 X142.524 Y105.754
M204 S3000
M205 X20 Y20
G1 F1500 X141.684 Y104.914 E1687.99496
M204 S5000
M205 X30 Y30
G0 F7200 X141.389 Y105.327
M204 S3000
M205 X20 Y20
G1 F1500 X142.524 Y106.461 E1688.06166
M204 S5000
M205 X30 Y30
G0 F7200 X142.524 Y107.169
M204 S3000
M205 X20 Y20
G1 F1500 X141.028 Y105.672 E1688.14965
M204 S5000
M205 X30 Y30
G0 F7200 X140.619 Y105.971
M204 S3000
M205 X20 Y20
G1 F1500 X142.524 Y107.876 E1688.26166
M204 S5000
M205 X30 Y30
G0 F7200 X142.524 Y108.583
M204 S3000
M205 X20 Y20
G1 F1500 X140.126 Y106.185 E1688.40265
M204 S5000
M205 X30 Y30
G0 F7200 X139.598 Y106.364
M204 S3000
M205 X20 Y20
G1 F1500 X142.524 Y109.29 E1688.57469
M204 S5000
M205 X30 Y30
G0 F7200 X142.524 Y109.997
M204 S3000
M205 X20 Y20
G1 F1500 X138.942 Y106.416 E1688.78527
G1 X138.854 Y106.328
M204 S5000
M205 X30 Y30
G0 F7200 X140.29 Y114.127
M204 S3000
M205 X20 Y20
G1 F1500 X142.524 Y116.361 E1688.91662
M204 S5000
M205 X30 Y30
G0 F7200 X142.524 Y117.068
M204 S3000
M205 X20 Y20
G1 F1500 X140.357 Y114.901 E1689.04403
M204 S5000
M205 X30 Y30
G0 F7200 X140.253 Y115.504
M204 S3000
M205 X20 Y20
G1 F1500 X142.524 Y117.775 E1689.17755
M204 S5000
M205 X30 Y30
G0 F7200 X142.524 Y118.482
M204 S3000
M205 X20 Y20
G1 F1500 X140.037 Y115.995 E1689.32378
M204 S5000
M205 X30 Y30
G0 F7200 X139.753 Y116.419
M204 S3000
M205 X20 Y20
G1 F1500 X142.524 Y119.189 E1689.48667
M204 S5000
M205 X30 Y30
G0 F7200 X142.524 Y119.897
M204 S3000
M205 X20 Y20
G1 F1500 X139.401 Y116.773 E1689.67032
M204 S5000
M205 X30 Y30
G0 F7200 X138.968 Y117.048
M204 S3000
M205 X20 Y20
G1 F1500 X142.524 Y120.604 E1689.8794
M204 S5000
M205 X30 Y30
G0 F7200 X142.524 Y121.311
M204 S3000
M205 X20 Y20
G1 F1500 X138.476 Y117.263 E1690.11741
M204 S5000
M205 X30 Y30
G0 F7200 X137.882 Y117.376
M204 S3000
M205 X20 Y20
G1 F1500 X142.524 Y122.018 E1690.39034
M204 S5000
M205 X30 Y30
G0 F7200 X142.524 Y122.725
M204 S3000
M205 X20 Y20
G1 F1500 X137.08 Y117.281 E1690.71043
G1 X136.992 Y117.193
M204 S5000
M205 X30 Y30
;MESH:NONMESH
G0 F600 X136.992 Y117.193 Z1.7
G0 F7200 X80.978 Y92.944
G0 X80.83 Y92.812
;TIME_ELAPSED:1554.809841
;LAYER:7
M204 S3000
M205 X20 Y20
;TYPE:WALL-INNER
;MESH:Pi Holder.stl
G1 F4020 X80.226 Y93.21 E1690.7405
G1 X79.393 Y93.554 E1690.77797
G1 X78.704 Y93.983 E1690.81171
G1 X78.18 Y94.427 E1690.84027
G1 X77.61 Y95.07 E1690.87599
G1 X77.194 Y95.823 E1690.91176
G1 X76.888 Y96.633 E1690.94776
G1 X76.751 Y97.576 E1690.98737
G1 X76.75 Y125.486 E1692.14774
G1 X76.802 Y125.943 E1692.16686
G1 X77.002 Y126.817 E1692.20414
G1 X77.39 Y127.625 E1692.2414
G1 X77.893 Y128.361 E1692.27846
G1 X78.538 Y128.96 E1692.31506
G1 X79.125 Y129.36 E1692.34459
G1 X79.928 Y129.746 E1692.38163
G1 X80.806 Y129.948 E1692.41909
G1 X81.266 Y130 E1692.43834
G1 X138.734 Y130 E1694.82758
G1 X139.194 Y129.948 E1694.84683
G1 X140.072 Y129.746 E1694.88428
G1 X140.875 Y129.36 E1694.92132
G1 X141.616 Y128.853 E1694.95865
G1 X142.212 Y128.21 E1694.9951
G1 X142.61 Y127.625 E1695.02452
G1 X142.996 Y126.821 E1695.0616
G1 X143.198 Y125.944 E1695.09901
G1 X143.25 Y125.485 E1695.11822
G1 X143.25 Y97.572 E1696.27871
G1 X143.112 Y96.634 E1696.31812
G1 X142.806 Y95.823 E1696.35416
G1 X142.387 Y95.068 E1696.39006
G1 X141.819 Y94.426 E1696.4257
G1 X141.296 Y93.983 E1696.45419
G1 X140.595 Y93.546 E1696.48854
G1 X139.821 Y93.239 E1696.52316
G1 X139.172 Y92.814 E1696.55541
G1 X138.767 Y92.355 E1696.58086
G1 X138.554 Y92.009 E1696.59775
G1 X138.339 Y91.445 E1696.62285
G1 X138.25 Y90.987 E1696.64224
G1 X138.25 Y90 E1696.68328
G1 X81.75 Y90 E1699.03227
G1 X81.75 Y90.989 E1699.07339
G1 X81.66 Y91.446 E1699.09276
G1 X81.444 Y92.011 E1699.11791
G1 X81.232 Y92.355 E1699.1347
G1 X80.83 Y92.812 E1699.16001
M204 S5000
M205 X30 Y30
G0 F7200 X80.943 Y92.975
G0 X80.241 Y95.13
G0 X80.44 Y95.165
M204 S3000
M205 X20 Y20
G1 F4020 X80.708 Y94.645 E1699.18433
G1 X81.047 Y94.275 E1699.20519
G1 X81.581 Y93.956 E1699.23105
G1 X82.266 Y93.84 E1699.25994
G1 X82.907 Y93.963 E1699.28708
G1 X83.354 Y94.208 E1699.30827
G1 X83.738 Y94.546 E1699.32954
G1 X84.041 Y95.105 E1699.35597
G1 X84.16 Y95.755 E1699.38344
G1 X84.062 Y96.327 E1699.40757
G1 X83.846 Y96.781 E1699.42847
G1 X83.48 Y97.204 E1699.45173
G1 X82.928 Y97.54 E1699.4786
G1 X82.262 Y97.663 E1699.50675
G1 X81.598 Y97.55 E1699.53476
G1 X81.017 Y97.213 E1699.56268
G1 X80.606 Y96.707 E1699.58978
G1 X80.461 Y96.399 E1699.60394
G1 X80.357 Y95.879 E1699.62598
G1 X80.358 Y95.619 E1699.63679
G1 X80.44 Y95.165 E1699.65597
M204 S5000
M205 X30 Y30
G0 F7200 X80.241 Y95.13
G0 X78.365 Y103.001
G0 X78.565 Y103.001
M204 S3000
M205 X20 Y20
G1 F4020 X78.596 Y102.784 E1699.66509
G1 X78.83 Y102.115 E1699.69455
G1 X79.202 Y101.582 E1699.72158
G1 X79.526 Y101.295 E1699.73957
G1 X80.048 Y100.989 E1699.76473
G1 X80.426 Y100.863 E1699.78129
G1 X81.05 Y100.799 E1699.80737
G1 X81.481 Y100.841 E1699.82538
G1 X82.045 Y101.033 E1699.85015
G1 X82.463 Y101.281 E1699.87035
G1 X82.952 Y101.749 E1699.89849
G1 X83.301 Y102.382 E1699.92855
G1 X83.439 Y103.007 E1699.95516
G1 X83.446 Y103.472 E1699.97449
G1 X83.3 Y104.119 E1700.00207
G1 X82.957 Y104.743 E1700.03167
G1 X82.461 Y105.221 E1700.06031
G1 X82.081 Y105.455 E1700.07886
G1 X81.478 Y105.655 E1700.10528
G1 X81.014 Y105.7 E1700.12466
G1 X80.374 Y105.631 E1700.15142
G1 X79.706 Y105.346 E1700.18161
G1 X79.107 Y104.801 E1700.21528
G1 X78.739 Y104.19 E1700.24494
G1 X78.576 Y103.629 E1700.26922
G1 X78.565 Y103.001 E1700.29534
M204 S5000
M205 X30 Y30
G0 F7200 X78.365 Y103.001
G0 X80.231 Y114.188
G0 X80.428 Y114.223
M204 S3000
M205 X20 Y20
G1 F4020 X80.516 Y113.98 E1700.30608
G1 X80.708 Y113.645 E1700.32214
G1 X81.047 Y113.261 E1700.34343
G1 X81.624 Y112.952 E1700.37064
G1 X82.253 Y112.835 E1700.39724
G1 X82.905 Y112.962 E1700.42486
G1 X83.438 Y113.255 E1700.45015
G1 X83.765 Y113.601 E1700.46994
G1 X84.067 Y114.196 E1700.49768
G1 X84.162 Y114.773 E1700.52199
G1 X84.036 Y115.406 E1700.54883
G1 X83.889 Y115.715 E1700.56305
G1 X83.542 Y116.144 E1700.58599
G1 X82.983 Y116.504 E1700.61363
G1 X82.777 Y116.572 E1700.62265
G1 X82.168 Y116.649 E1700.64817
G1 X81.624 Y116.548 E1700.67118
G1 X81.134 Y116.284 E1700.69432
G1 X80.934 Y116.117 E1700.70515
G1 X80.684 Y115.819 E1700.72132
G1 X80.485 Y115.456 E1700.73853
G1 X80.357 Y114.879 E1700.76311
G1 X80.347 Y114.75 E1700.76849
G1 X80.428 Y114.223 E1700.79065
M204 S5000
M205 X30 Y30
G0 F7200 X80.231 Y114.188
G0 X78.365 Y126.001
G0 X78.565 Y126.001
M204 S3000
M205 X20 Y20
G1 F4020 X78.57 Y125.906 E1700.79461
G1 X78.739 Y125.31 E1700.82036
G1 X78.83 Y125.115 E1700.82931
G1 X79.202 Y124.582 E1700.85633
G1 X79.526 Y124.295 E1700.87433
G1 X80.085 Y123.976 E1700.90109
G1 X80.499 Y123.855 E1700.91902
G1 X81.015 Y123.8 E1700.94059
G1 X81.49 Y123.844 E1700.96043
G1 X82.081 Y124.045 E1700.98638
G1 X82.468 Y124.279 E1701.00518
G1 X82.963 Y124.769 E1701.03414
G1 X83.277 Y125.339 E1701.06119
G1 X83.428 Y125.949 E1701.08732
G1 X83.446 Y126.386 E1701.1055
G1 X83.322 Y127.022 E1701.13244
G1 X83.004 Y127.657 E1701.16197
G1 X82.522 Y128.168 E1701.19117
G1 X82.099 Y128.451 E1701.21233
G1 X81.446 Y128.661 E1701.24085
G1 X81.042 Y128.705 E1701.25775
G1 X80.412 Y128.631 E1701.28412
G1 X79.999 Y128.49 E1701.30226
G1 X79.494 Y128.185 E1701.32679
G1 X79.202 Y127.918 E1701.34324
G1 X78.83 Y127.385 E1701.37026
G1 X78.739 Y127.19 E1701.37921
G1 X78.569 Y126.583 E1701.40542
G1 X78.565 Y126.001 E1701.42961
M204 S5000
M205 X30 Y30
G0 F7200 X78.365 Y126.001
G0 X79.038 Y124.55
G0 X79.947 Y123.876
G0 X136.379 Y125.906
G0 X136.572 Y125.949
M204 S3000
M205 X20 Y20
G1 F4020 X136.723 Y125.339 E1701.45574
G1 X137.038 Y124.767 E1701.48289
G1 X137.533 Y124.279 E1701.51179
G1 X137.92 Y124.044 E1701.53061
G1 X138.522 Y123.845 E1701.55697
G1 X138.985 Y123.8 E1701.57631
G1 X139.501 Y123.855 E1701.59789
G1 X140.066 Y124.046 E1701.62268
G1 X140.604 Y124.395 E1701.64934
G1 X140.904 Y124.711 E1701.66746
G1 X141.26 Y125.31 E1701.69643
G1 X141.436 Y125.936 E1701.72346
G1 X141.432 Y126.583 E1701.75036
G1 X141.232 Y127.291 E1701.78095
G1 X140.834 Y127.88 E1701.81051
G1 X140.507 Y128.185 E1701.8291
G1 X140.001 Y128.49 E1701.85366
G1 X139.588 Y128.631 E1701.8718
G1 X139.024 Y128.697 E1701.89541
G1 X138.604 Y128.669 E1701.91291
G1 X137.988 Y128.479 E1701.93971
G1 X137.61 Y128.27 E1701.95767
G1 X137.13 Y127.831 E1701.98471
G1 X136.754 Y127.223 E1702.01443
G1 X136.572 Y126.551 E1702.04338
G1 X136.554 Y126.114 E1702.06156
G1 X136.572 Y125.949 E1702.06846
M204 S5000
M205 X30 Y30
G0 F7200 X136.379 Y125.906
G0 X135.928 Y115.8
G0 X136.111 Y115.715
M204 S3000
M205 X20 Y20
G1 F4020 X135.934 Y115.31 E1702.08684
G1 X135.858 Y114.879 E1702.10504
G1 X135.847 Y114.719 E1702.1117
G1 X135.948 Y114.106 E1702.13753
G1 X136.235 Y113.601 E1702.16168
G1 X136.562 Y113.255 E1702.18147
G1 X137.095 Y112.962 E1702.20676
G1 X137.747 Y112.835 E1702.23438
G1 X138.376 Y112.952 E1702.26098
G1 X138.953 Y113.261 E1702.28819
G1 X139.292 Y113.645 E1702.30949
G1 X139.484 Y113.981 E1702.32557
G1 X139.572 Y114.223 E1702.33628
G1 X139.654 Y114.75 E1702.35845
G1 X139.559 Y115.375 E1702.38474
G1 X139.316 Y115.819 E1702.40578
G1 X139.066 Y116.117 E1702.42195
G1 X138.866 Y116.284 E1702.43278
G1 X138.376 Y116.548 E1702.45593
G1 X137.832 Y116.649 E1702.47893
G1 X137.223 Y116.572 E1702.50445
G1 X137.017 Y116.504 E1702.51347
G1 X136.458 Y116.144 E1702.54111
G1 X136.111 Y115.715 E1702.56405
M204 S5000
M205 X30 Y30
G0 F7200 X135.928 Y115.8
G0 X136.366 Y102.963
G0 X136.561 Y103.007
M204 S3000
M205 X20 Y20
G1 F4020 X136.7 Y102.38 E1702.59075
G1 X137.048 Y101.749 E1702.62071
G1 X137.537 Y101.281 E1702.64885
G1 X137.955 Y101.033 E1702.66906
G1 X138.52 Y100.845 E1702.69381
G1 X138.95 Y100.8 E1702.71179
G1 X139.574 Y100.863 E1702.73786
G1 X139.952 Y100.989 E1702.75443
G1 X140.553 Y101.341 E1702.78339
G1 X140.904 Y101.711 E1702.80459
G1 X141.17 Y102.115 E1702.8247
G1 X141.403 Y102.784 E1702.85415
G1 X141.436 Y103.001 E1702.86328
G1 X141.425 Y103.629 E1702.88939
G1 X141.26 Y104.19 E1702.9137
G1 X140.893 Y104.801 E1702.94334
G1 X140.368 Y105.279 E1702.97285
G1 X140.182 Y105.394 E1702.98195
G1 X139.514 Y105.643 E1703.01158
G1 X138.986 Y105.7 E1703.03366
G1 X138.522 Y105.655 E1703.05305
G1 X137.92 Y105.456 E1703.07941
G1 X137.535 Y105.222 E1703.09814
G1 X137.044 Y104.743 E1703.12666
G1 X136.708 Y104.138 E1703.15543
G1 X136.564 Y103.514 E1703.18205
G1 X136.554 Y103.114 E1703.19869
G1 X136.561 Y103.007 E1703.20314
M204 S5000
M205 X30 Y30
G0 F7200 X136.366 Y102.963
G0 X135.74 Y96.361
G0 X135.938 Y96.327
M204 S3000
M205 X20 Y20
G1 F4020 X135.858 Y95.879 E1703.22207
G1 X135.847 Y95.715 E1703.2289
G1 X135.959 Y95.105 E1703.25468
G1 X136.208 Y94.646 E1703.27639
G1 X136.545 Y94.263 E1703.2976
G1 X137.093 Y93.963 E1703.32358
G1 X137.756 Y93.835 E1703.35165
G1 X138.425 Y93.959 E1703.37994
G1 X138.96 Y94.28 E1703.40588
G1 X139.293 Y94.645 E1703.42642
G1 X139.56 Y95.165 E1703.45072
G1 X139.652 Y95.79 E1703.47699
G1 X139.539 Y96.4 E1703.50278
G1 X139.394 Y96.706 E1703.51686
G1 X138.983 Y97.213 E1703.54399
G1 X138.402 Y97.55 E1703.57192
G1 X137.801 Y97.652 E1703.59726
G1 X137.114 Y97.557 E1703.62609
G1 X136.52 Y97.204 E1703.65482
G1 X136.154 Y96.781 E1703.67808
G1 X135.938 Y96.327 E1703.69898
M204 S5000
M205 X30 Y30
G0 F7200 X135.74 Y96.361
G0 X135.731 Y95.189
G0 X136.42 Y95.31
M204 S3000
M205 X20 Y20
;TYPE:WALL-OUTER
G1 F2040 X136.642 Y94.894 E1703.71858
G1 X136.842 Y94.682 E1703.7307
G1 X137.267 Y94.432 E1703.7512
G1 X137.706 Y94.35 E1703.76977
G1 X138.214 Y94.426 E1703.79112
G1 X138.619 Y94.649 E1703.81034
G1 X138.859 Y94.894 E1703.8246
G1 X139.076 Y95.291 E1703.84341
G1 X139.153 Y95.764 E1703.86334
G1 X139.071 Y96.224 E1703.88276
G1 X138.959 Y96.46 E1703.89362
G1 X138.652 Y96.827 E1703.91352
G1 X138.254 Y97.059 E1703.93267
G1 X137.767 Y97.153 E1703.95329
G1 X137.281 Y97.073 E1703.97377
G1 X136.88 Y96.849 E1703.99286
G1 X136.549 Y96.474 E1704.01366
G1 X136.427 Y96.218 E1704.02545
G1 X136.35 Y95.793 E1704.04341
G1 X136.42 Y95.31 E1704.0637
M204 S5000
M205 X30 Y30
G0 F7200 X136.514 Y95.134
G0 X135.902 Y94.779
G0 X136.49 Y102.408
G0 X137.173 Y102.561
M204 S3000
M205 X20 Y20
G1 F2040 X137.45 Y102.061 E1704.08746
G1 X137.846 Y101.674 E1704.11048
G1 X138.102 Y101.516 E1704.12299
G1 X138.629 Y101.333 E1704.14618
G1 X138.974 Y101.301 E1704.16059
G1 X139.459 Y101.353 E1704.18087
G1 X139.768 Y101.454 E1704.19438
G1 X140.239 Y101.737 E1704.21723
G1 X140.486 Y101.985 E1704.23178
G1 X140.752 Y102.389 E1704.25189
G1 X140.936 Y102.963 E1704.27695
G1 X140.932 Y103.543 E1704.30106
G1 X140.771 Y104.083 E1704.32449
G1 X140.429 Y104.577 E1704.34947
G1 X139.986 Y104.934 E1704.37312
G1 X139.46 Y105.146 E1704.3967
G1 X138.96 Y105.2 E1704.41761
G1 X138.63 Y105.167 E1704.4314
G1 X138.138 Y105.002 E1704.45297
G1 X137.858 Y104.835 E1704.46653
G1 X137.464 Y104.457 E1704.48923
G1 X137.173 Y103.947 E1704.51364
G1 X137.055 Y103.416 E1704.53625
G1 X137.054 Y103.114 E1704.54881
G1 X137.056 Y103.078 E1704.55031
G1 X137.173 Y102.561 E1704.57235
M204 S5000
M205 X30 Y30
G0 F7200 X137.27 Y102.386
G0 X136.658 Y102.043
G0 X135.828 Y113.906
G0 X136.435 Y114.258
M204 S3000
M205 X20 Y20
G1 F2040 X136.671 Y113.853 E1704.59184
G1 X136.854 Y113.67 E1704.6026
G1 X137.288 Y113.425 E1704.62332
G1 X137.778 Y113.348 E1704.64394
G1 X138.223 Y113.428 E1704.66274
G1 X138.606 Y113.642 E1704.68098
G1 X138.818 Y113.842 E1704.69309
G1 X139.08 Y114.31 E1704.71539
G1 X139.154 Y114.75 E1704.73394
G1 X139.063 Y115.242 E1704.75474
G1 X138.933 Y115.497 E1704.76664
G1 X138.616 Y115.851 E1704.7864
G1 X138.223 Y116.072 E1704.80514
G1 X137.778 Y116.152 E1704.82394
G1 X137.288 Y116.075 E1704.84456
G1 X136.86 Y115.836 E1704.86494
G1 X136.555 Y115.482 E1704.88437
G1 X136.43 Y115.226 E1704.89622
G1 X136.35 Y114.793 E1704.91452
G1 X136.435 Y114.258 E1704.93704
M204 S5000
M205 X30 Y30
G0 F7200 X136.535 Y114.085
G0 X135.929 Y113.733
G0 X136.378 Y126.593
G0 X137.06 Y126.441
M204 S3000
M205 X20 Y20
G1 F2040 X137.054 Y126.114 E1704.95064
G1 X137.06 Y126.059 E1704.95294
G1 X137.181 Y125.541 E1704.97506
G1 X137.451 Y125.056 E1704.99813
G1 X137.832 Y124.685 E1705.02024
G1 X138.138 Y124.498 E1705.03515
G1 X138.635 Y124.332 E1705.05694
G1 X138.974 Y124.301 E1705.07109
G1 X139.447 Y124.352 E1705.09087
G1 X139.806 Y124.473 E1705.10662
G1 X140.257 Y124.755 E1705.12874
G1 X140.486 Y124.985 E1705.14223
G1 X140.772 Y125.419 E1705.16384
G1 X140.934 Y125.969 E1705.18768
G1 X140.934 Y126.527 E1705.21087
G1 X140.782 Y127.046 E1705.23336
G1 X140.487 Y127.515 E1705.25639
G1 X140.225 Y127.771 E1705.27162
G1 X139.784 Y128.039 E1705.29308
G1 X139.476 Y128.143 E1705.30659
G1 X138.974 Y128.199 E1705.32759
G1 X138.631 Y128.169 E1705.34191
G1 X138.098 Y127.982 E1705.36539
G1 X137.826 Y127.809 E1705.37879
G1 X137.433 Y127.413 E1705.40199
G1 X137.191 Y126.979 E1705.42265
G1 X137.06 Y126.441 E1705.44567
M204 S5000
M205 X30 Y30
G0 F7200 X137.057 Y126.241
G0 X136.354 Y126.241
G0 X82.953 Y112.817
G0 X81.547 Y112.817
G0 X80.712 Y113.409
G0 X80.92 Y114.31
M204 S3000
M205 X20 Y20
G1 F2040 X81.142 Y113.894 E1705.46527
G1 X81.342 Y113.682 E1705.47739
G1 X81.777 Y113.428 E1705.49833
G1 X82.222 Y113.348 E1705.51713
G1 X82.712 Y113.425 E1705.53775
G1 X83.146 Y113.67 E1705.55847
G1 X83.329 Y113.853 E1705.56923
G1 X83.565 Y114.258 E1705.58872
G1 X83.653 Y114.728 E1705.6086
G1 X83.57 Y115.226 E1705.62959
G1 X83.443 Y115.485 E1705.64158
G1 X83.154 Y115.825 E1705.66014
G1 X82.712 Y116.075 E1705.68125
G1 X82.222 Y116.152 E1705.70187
G1 X81.777 Y116.072 E1705.72067
G1 X81.384 Y115.851 E1705.73941
G1 X81.067 Y115.497 E1705.75917
G1 X80.937 Y115.242 E1705.77107
G1 X80.85 Y114.793 E1705.79008
G1 X80.92 Y114.31 E1705.81037
M204 S5000
M205 X30 Y30
G0 F7200 X81.014 Y114.134
G0 X80.402 Y113.779
G0 X78.398 Y103.744
G0 X79.068 Y103.543
M204 S3000
M205 X20 Y20
G1 F2040 X79.065 Y103.001 E1705.83291
G1 X79.075 Y102.928 E1705.83597
G1 X79.248 Y102.389 E1705.85951
G1 X79.513 Y101.985 E1705.87959
G1 X79.761 Y101.737 E1705.89417
G1 X80.232 Y101.454 E1705.91702
G1 X80.541 Y101.353 E1705.93053
G1 X81.052 Y101.299 E1705.9519
G1 X81.371 Y101.333 E1705.96524
G1 X81.863 Y101.499 E1705.98682
G1 X82.154 Y101.674 E1706.00094
G1 X82.55 Y102.061 E1706.02396
G1 X82.826 Y102.55 E1706.04731
G1 X82.946 Y103.096 E1706.07055
G1 X82.945 Y103.416 E1706.08385
G1 X82.823 Y103.95 E1706.10662
G1 X82.55 Y104.444 E1706.13009
G1 X82.167 Y104.815 E1706.15226
G1 X81.862 Y105.002 E1706.16713
G1 X81.37 Y105.167 E1706.18871
G1 X81.025 Y105.199 E1706.20311
G1 X80.469 Y105.128 E1706.22642
G1 X80.014 Y104.934 E1706.24698
G1 X79.571 Y104.577 E1706.27064
G1 X79.229 Y104.083 E1706.29561
G1 X79.068 Y103.543 E1706.31904
M204 S5000
M205 X30 Y30
G0 F7200 X79.067 Y103.343
G0 X78.365 Y103.343
G0 X80.161 Y95.914
G0 X80.85 Y95.793
M204 S3000
M205 X20 Y20
G1 F2040 X80.924 Y95.291 E1706.34014
G1 X81.142 Y94.894 E1706.35897
G1 X81.361 Y94.664 E1706.37217
G1 X81.786 Y94.426 E1706.39242
G1 X82.24 Y94.347 E1706.41158
G1 X82.733 Y94.432 E1706.43238
G1 X83.106 Y94.642 E1706.45018
G1 X83.318 Y94.842 E1706.46229
G1 X83.58 Y95.31 E1706.48459
G1 X83.653 Y95.768 E1706.50388
G1 X83.573 Y96.218 E1706.52288
G1 X83.451 Y96.474 E1706.53467
G1 X83.176 Y96.803 E1706.55249
G1 X82.746 Y97.063 E1706.57339
G1 X82.233 Y97.153 E1706.59504
G1 X81.746 Y97.059 E1706.61566
G1 X81.348 Y96.827 E1706.63481
G1 X81.041 Y96.46 E1706.65471
G1 X80.929 Y96.223 E1706.6656
G1 X80.85 Y95.793 E1706.68378
M204 S5000
M205 X30 Y30
G0 F7200 X80.879 Y95.595
G0 X80.181 Y95.472
G0 X81.045 Y92.87
G0 X80.52 Y92.407
M204 S3000
M205 X20 Y20
G1 F2040 X80.061 Y92.735 E1706.70724
G1 X79.164 Y93.108 E1706.74762
G1 X78.409 Y93.578 E1706.7846
G1 X77.829 Y94.069 E1706.81619
G1 X77.323 Y94.641 E1706.84794
G1 X77.109 Y94.944 E1706.86337
G1 X76.739 Y95.613 E1706.89515
G1 X76.465 Y96.34 E1706.92745
G1 X76.375 Y96.688 E1706.94239
G1 X76.251 Y97.54 E1706.97819
G1 X76.25 Y125.514 E1708.14121
G1 X76.308 Y126.027 E1708.16268
G1 X76.486 Y126.803 E1708.19578
G1 X76.612 Y127.161 E1708.21156
G1 X76.956 Y127.875 E1708.24451
G1 X77.399 Y128.525 E1708.27721
G1 X77.647 Y128.816 E1708.29311
G1 X78.226 Y129.352 E1708.32591
G1 X78.875 Y129.794 E1708.35855
G1 X79.589 Y130.138 E1708.3915
G1 X79.947 Y130.264 E1708.40728
G1 X80.722 Y130.442 E1708.44034
G1 X81.238 Y130.5 E1708.46193
G1 X138.762 Y130.5 E1710.8535
G1 X139.278 Y130.442 E1710.87509
G1 X140.053 Y130.264 E1710.90815
G1 X140.411 Y130.138 E1710.92393
G1 X141.125 Y129.794 E1710.95688
G1 X141.777 Y129.349 E1710.9897
G1 X142.068 Y129.101 E1711.00559
G1 X142.604 Y128.522 E1711.0384
G1 X143.044 Y127.875 E1711.07093
G1 X143.388 Y127.16 E1711.10391
G1 X143.514 Y126.803 E1711.11965
G1 X143.692 Y126.028 E1711.15271
G1 X143.75 Y125.513 E1711.17426
G1 X143.75 Y97.536 E1712.33741
G1 X143.625 Y96.686 E1712.37313
G1 X143.535 Y96.34 E1712.38799
G1 X143.261 Y95.613 E1712.42029
G1 X142.889 Y94.942 E1712.45219
G1 X142.675 Y94.639 E1712.46761
G1 X142.169 Y94.067 E1712.49936
G1 X141.591 Y93.578 E1712.53084
G1 X140.821 Y93.098 E1712.56856
G1 X140.076 Y92.802 E1712.60189
G1 X139.526 Y92.448 E1712.62908
G1 X139.155 Y92.04 E1712.65201
G1 X139.002 Y91.787 E1712.6643
G1 X138.809 Y91.269 E1712.68729
G1 X138.753 Y90.956 E1712.7005
G1 X138.75 Y89.5 E1712.76104
G1 X81.25 Y89.5 E1715.15161
G1 X81.246 Y90.96 E1715.21231
G1 X81.177 Y91.314 E1715.22731
G1 X80.996 Y91.79 E1715.24848
G1 X80.836 Y92.05 E1715.26117
G1 X80.52 Y92.407 E1715.28099
M204 S5000
M205 X30 Y30
G0 F7200 X80.358 Y92.523
G0 X80.76 Y93.102
G0 X78.426 Y102.872
G0 X78.365 Y125.969
G0 X79.066 Y125.969
M204 S3000
M205 X20 Y20
G1 F2040 X79.228 Y125.419 E1715.30483
G1 X79.513 Y124.985 E1715.32642
G1 X79.743 Y124.755 E1715.33994
G1 X80.194 Y124.473 E1715.36205
G1 X80.553 Y124.352 E1715.3778
G1 X81.04 Y124.3 E1715.39817
G1 X81.37 Y124.333 E1715.41195
G1 X81.862 Y124.498 E1715.43353
G1 X82.168 Y124.685 E1715.44844
G1 X82.55 Y125.057 E1715.47061
G1 X82.819 Y125.541 E1715.49363
G1 X82.94 Y126.059 E1715.51574
G1 X82.946 Y126.386 E1715.52934
G1 X82.826 Y126.948 E1715.55323
G1 X82.567 Y127.413 E1715.57536
G1 X82.174 Y127.809 E1715.59856
G1 X81.881 Y127.995 E1715.61299
G1 X81.36 Y128.169 E1715.63582
G1 X81.069 Y128.2 E1715.64799
G1 X80.519 Y128.142 E1715.67098
G1 X80.216 Y128.039 E1715.68429
G1 X79.776 Y127.771 E1715.70571
G1 X79.513 Y127.515 E1715.72097
G1 X79.218 Y127.046 E1715.744
G1 X79.066 Y126.527 E1715.76648
G1 X79.065 Y126.001 E1715.78835
G1 X79.066 Y125.969 E1715.78968
M204 S5000
M205 X30 Y30
G0 F7200 X79.122 Y125.778
G0 X78.453 Y125.576
G0 X78.091 Y126.743
M204 S3000
M205 X20 Y20
;TYPE:SKIN
G1 F1459.1 X78.089 Y125.865 E1715.82721
G1 F1500 X78.099 Y125.791 E1715.83031
G1 X78.295 Y125.145 E1715.85838
G1 X78.439 Y124.843 E1715.87229
G1 X78.856 Y124.252 E1715.90236
G1 X79.286 Y123.884 E1715.92589
G1 X79.892 Y123.544 E1715.95478
G1 X80.402 Y123.39 E1715.97693
G1 X81.005 Y123.324 E1716.00215
G1 X81.559 Y123.375 E1716.02528
G1 X82.295 Y123.619 E1716.05752
G1 X82.803 Y123.944 E1716.08259
G1 X83.333 Y124.457 E1716.11326
G1 X83.737 Y125.182 E1716.14776
G1 X83.928 Y125.987 E1716.18216
G1 X83.891 Y126.657 E1716.21006
G1 X83.768 Y127.185 E1716.2326
G1 X83.4 Y127.918 E1716.2667
G1 X83.201 Y128.172 E1716.28011
G1 X82.822 Y128.535 E1716.30193
G1 X82.312 Y128.883 E1716.3276
G1 F1572.3 X81.556 Y129.1 E1716.35879
G1 F1736.1 X81.055 Y129.136 E1716.37684
G1 F1913.3 X80.297 Y129.028 E1716.40179
G1 F2054.8 X79.843 Y128.862 E1716.41646
G1 F2083.3 X79.262 Y128.521 E1716.43663
G1 F1994.7 X78.886 Y128.19 E1716.45229
G1 F1875 X78.479 Y127.674 E1716.47415
G1 F1696.8 X78.296 Y127.319 E1716.48883
G1 F1500 X78.091 Y126.743 E1716.51425
M204 S5000
M205 X30 Y30
G0 F7200 X79.954 Y115.337
M204 S3000
M205 X20 Y20
G1 F1500 X79.874 Y114.791 E1716.53719
G1 X79.874 Y114.717 E1716.54027
G1 X79.957 Y114.148 E1716.56417
G1 X80.111 Y113.73 E1716.58269
G1 X80.486 Y113.152 E1716.61134
G1 X80.916 Y112.792 E1716.63465
G1 X81.496 Y112.494 E1716.66176
G1 X82.127 Y112.377 E1716.68845
G1 X82.375 Y112.378 E1716.69876
G1 X83.084 Y112.504 E1716.72869
G1 X83.728 Y112.886 E1716.75983
G1 X84.12 Y113.273 E1716.78273
G1 X84.461 Y113.869 E1716.81127
G1 X84.535 Y114.104 E1716.82152
G1 X84.629 Y114.814 E1716.85129
G1 X84.531 Y115.408 E1716.87632
G1 X84.306 Y115.944 E1716.90049
G1 X83.808 Y116.572 E1716.93381
G1 X83.094 Y116.994 E1716.9683
G1 X82.375 Y117.122 E1716.99866
G1 X82.122 Y117.122 E1717.00918
G1 X81.507 Y117.013 E1717.03514
G1 X80.881 Y116.688 E1717.06447
G1 X80.595 Y116.45 E1717.07994
G1 X80.293 Y116.087 E1717.09957
G1 X80.043 Y115.627 E1717.12134
G1 X79.954 Y115.337 E1717.13395
M204 S5000
M205 X30 Y30
G0 F7200 X78.011 Y103.71
M204 S3000
M205 X20 Y20
G1 F1173.7 X77.999 Y103.013 E1717.17099
G1 F1080.7 X78.032 Y102.664 E1717.19122
G1 F1098.1 X78.066 Y102.619 E1717.19442
G1 F1293.1 X78.439 Y101.843 E1717.23594
G1 F1500 X78.856 Y101.252 E1717.26601
G1 X79.283 Y100.886 E1717.28939
G1 X79.884 Y100.544 E1717.31814
G1 X80.28 Y100.411 E1717.33551
G1 X81.022 Y100.318 E1717.3666
G1 X81.651 Y100.395 E1717.39295
G1 X82.317 Y100.624 E1717.42223
G1 X82.775 Y100.921 E1717.44492
G1 X83.3 Y101.423 E1717.47512
G1 X83.737 Y102.178 E1717.51139
G1 X83.917 Y102.955 E1717.54455
G1 X83.919 Y103.523 E1717.56816
G1 X83.748 Y104.301 E1717.60128
G1 X83.321 Y105.052 E1717.6372
G1 X82.759 Y105.601 E1717.66986
G1 X82.279 Y105.889 E1717.69313
G1 X81.591 Y106.117 E1717.72327
G1 X81.063 Y106.176 E1717.74536
G1 X80.395 Y106.109 E1717.77327
G1 X80.087 Y106.025 E1717.78654
G1 X79.634 Y105.833 E1717.807
G1 X79.327 Y105.643 E1717.82201
G1 X78.948 Y105.328 E1717.8425
G1 X78.729 Y105.091 E1717.85591
G1 X78.421 Y104.624 E1717.87917
G1 F1431.3 X78.216 Y104.167 E1717.90099
G1 F1311.2 X78.011 Y103.71 E1717.92482
M204 S5000
M205 X30 Y30
G0 F7200 X80.088 Y94.773
M204 S3000
M205 X20 Y20
G1 F1509.1 X80.467 Y94.185 E1717.95373
G1 F1606 X80.781 Y93.916 E1717.96978
G1 F1670.4 X81.418 Y93.518 E1717.99782
G1 F1569 X82.239 Y93.35 E1718.03113
G1 F1500 X83.071 Y93.517 E1718.06641
G1 X83.617 Y93.812 E1718.09221
G1 X83.832 Y93.975 E1718.10343
G1 X84.196 Y94.392 E1718.12644
G1 X84.515 Y95.005 E1718.15517
G1 X84.637 Y95.764 E1718.18713
G1 X84.498 Y96.529 E1718.21946
G1 X84.279 Y96.99 E1718.24068
G1 X83.909 Y97.448 E1718.26516
G1 X83.629 Y97.682 E1718.28033
G1 X83.064 Y97.994 E1718.30716
G1 X82.42 Y98.116 E1718.33441
G1 X82.128 Y98.123 E1718.34655
G1 X81.431 Y98.002 E1718.37597
G1 X80.828 Y97.656 E1718.40487
G1 X80.627 Y97.488 E1718.41576
G1 X80.19 Y96.94 E1718.4449
G1 X79.98 Y96.491 E1718.46551
G1 X79.876 Y95.847 E1718.49263
G1 X79.875 Y95.772 E1718.49575
G1 X79.978 Y95.046 E1718.52624
G1 X80.088 Y94.773 E1718.53847
M204 S5000
M205 X30 Y30
G0 F7200 X81.547 Y93.817
G0 X135.367 Y95.803
M204 S3000
M205 X20 Y20
G1 F1500 X135.367 Y95.721 E1718.54188
G1 X135.484 Y95.008 E1718.57192
G1 X135.812 Y94.383 E1718.60127
G1 X135.975 Y94.168 E1718.61248
G1 X136.389 Y93.806 E1718.63535
G1 X137 Y93.477 E1718.6642
G1 X137.791 Y93.368 E1718.69739
G1 F1527.5 X138.564 Y93.512 E1718.7295
G1 F1595.7 X139.255 Y93.936 E1718.76118
G1 F1565.8 X139.695 Y94.387 E1718.78628
G1 F1500 X140.017 Y95.025 E1718.81599
G1 X140.13 Y95.799 E1718.84851
G1 X140.027 Y96.455 E1718.87612
G1 X139.808 Y96.94 E1718.89824
G1 X139.391 Y97.469 E1718.92624
G1 X139.087 Y97.707 E1718.9423
G1 X138.447 Y98.022 E1718.97195
G1 X137.736 Y98.145 E1719.00195
G1 X136.941 Y97.997 E1719.03557
G1 X136.362 Y97.673 E1719.06316
G1 X136.116 Y97.473 E1719.07634
G1 X135.713 Y96.98 E1719.10281
G1 X135.483 Y96.465 E1719.12626
G1 X135.367 Y95.803 E1719.1542
M204 S5000
M205 X30 Y30
G0 F7200 X136.15 Y94.471
G0 X138.882 Y93.169
M204 S3000
M205 X20 Y20
G1 F1565.8 X138.403 Y92.663 E1719.18195
G1 F1500 X138.139 Y92.242 E1719.20261
G1 X137.883 Y91.583 E1719.23201
G1 X137.779 Y91.053 E1719.25446
G1 X137.775 Y90.475 E1719.27849
G1 X82.225 Y90.475 E1721.58799
G1 X82.223 Y90.949 E1721.6077
G1 X82.129 Y91.555 E1721.6332
G1 X81.862 Y92.24 E1721.66376
G1 X81.631 Y92.617 E1721.68214
G1 F1552.8 X81.159 Y93.135 E1721.71029
G1 F1592.4 X80.375 Y93.661 E1721.74726
G1 F1540 X79.609 Y93.98 E1721.78086
G1 F1500 X78.984 Y94.369 E1721.81147
G1 X78.512 Y94.769 E1721.83719
G1 X78 Y95.348 E1721.86933
G1 X77.626 Y96.024 E1721.90145
G1 X77.351 Y96.753 E1721.93384
G1 X77.227 Y97.612 E1721.96992
G1 X77.226 Y102.021 E1722.15323
G1 F1243.8 X77.33 Y102.614 E1722.18341
G1 F1080.7 X77.317 Y103.02 E1722.20685
G1 F1090.1 X77.323 Y103.79 E1722.25091
G1 F1256.3 X77.226 Y104.471 E1722.28505
G1 F1500 X77.228 Y125.487 E1723.1588
G1 X77.271 Y125.862 E1723.17449
G1 F1482.2 X77.46 Y126.664 E1723.20916
G1 F1494 X77.79 Y127.371 E1723.24172
G1 F1569 X78.183 Y128.019 E1723.27185
G1 F1712.3 X78.753 Y128.6 E1723.30149
G1 F1918.2 X79.331 Y129.002 E1723.32438
G1 F1963.4 X80.106 Y129.37 E1723.35163
G1 F1879.7 X80.88 Y129.526 E1723.37782
G1 F1785.7 X81.291 Y129.558 E1723.39222
G1 F1663 X81.835 Y129.541 E1723.41263
G1 F1552.8 X82.379 Y129.524 E1723.43449
G1 F1500 X137.755 Y129.524 E1725.73676
G1 F1602.6 X138.708 Y129.557 E1725.77386
G1 F1781.5 X139.112 Y129.527 E1725.78805
G1 F1933 X139.783 Y129.39 E1725.81014
G1 F2021.6 X140.088 Y129.283 E1725.82011
G1 F1963.4 X140.76 Y128.957 E1725.84384
G1 F1851.9 X141.365 Y128.511 E1725.86915
G1 F1756.4 X141.864 Y127.931 E1725.89631
G1 F1641.1 X142.205 Y127.392 E1725.92055
G1 F1536.9 X142.543 Y126.665 E1725.95308
G1 F1500 X142.729 Y125.862 E1725.98735
G1 X142.775 Y125.457 E1726.0043
G1 X142.775 Y104.474 E1726.87667
G1 F1256.3 X142.678 Y103.789 E1726.91101
G1 F1090.1 X142.684 Y103.005 E1726.95586
G1 F1126.1 X142.7 Y102.471 E1726.98545
G1 F1304.3 X142.775 Y101.702 E1727.02239
G1 F1500 X142.775 Y97.605 E1727.19272
G1 X142.65 Y96.766 E1727.22799
G1 X142.373 Y96.023 E1727.26096
G1 X141.995 Y95.343 E1727.2933
G1 X141.483 Y94.765 E1727.32541
G1 X141.016 Y94.369 E1727.35086
G1 X140.378 Y93.972 E1727.3821
G1 F1552.8 X139.635 Y93.659 E1727.41448
G1 F1644.7 X139.456 Y93.536 E1727.42272
G1 F1655.6 X138.882 Y93.169 E1727.44838
M204 S5000
M205 X30 Y30
G0 F7200 X139.683 Y95.047
G0 X139.691 Y96.405
G0 X136.081 Y103.031
M204 S3000
M205 X20 Y20
G1 F1500 X136.25 Y102.214 E1727.48307
G1 X136.673 Y101.446 E1727.51952
G1 X137.23 Y100.916 E1727.55148
G1 X137.769 Y100.594 E1727.57759
G1 X138.429 Y100.378 E1727.60646
G1 X138.975 Y100.326 E1727.62926
G1 X139.651 Y100.398 E1727.65753
G1 X140.128 Y100.547 E1727.6783
G1 X140.851 Y100.963 E1727.71298
G1 X141.276 Y101.417 E1727.73884
G1 X141.567 Y101.853 E1727.76063
G1 F1304.3 X141.924 Y102.605 E1727.80043
G1 F1104.6 X141.967 Y102.662 E1727.80446
G1 F1076 X142 Y102.953 E1727.82143
G1 F1170 X141.989 Y103.71 E1727.86179
G1 F1368.6 X141.58 Y104.621 E1727.90729
G1 F1500 X141.271 Y105.09 E1727.93064
G1 X141.052 Y105.328 E1727.94409
G1 X140.673 Y105.643 E1727.96457
G1 X140.4 Y105.815 E1727.97799
G1 X139.591 Y106.115 E1728.01386
G1 X138.82 Y106.17 E1728.046
G1 X138.425 Y106.12 E1728.06255
G1 X137.727 Y105.891 E1728.09309
G1 X137.243 Y105.603 E1728.11651
G1 X136.672 Y105.045 E1728.1497
G1 X136.249 Y104.296 E1728.18546
G1 X136.085 Y103.55 E1728.21722
G1 X136.081 Y103.031 E1728.2388
M204 S5000
M205 X30 Y30
G0 F7200 X135.36 Y114.712
M204 S3000
M205 X20 Y20
G1 F1500 X135.493 Y113.969 E1728.27018
G1 X135.841 Y113.334 E1728.30028
G1 X136.225 Y112.923 E1728.32367
G1 X136.801 Y112.571 E1728.35173
G1 X137.054 Y112.477 E1728.36295
G1 X137.641 Y112.377 E1728.38771
G1 X137.885 Y112.378 E1728.39785
G1 X138.492 Y112.486 E1728.42349
G1 X139.117 Y112.812 E1728.45279
G1 X139.332 Y112.975 E1728.46401
G1 X139.678 Y113.371 E1728.48587
G1 X139.895 Y113.741 E1728.50371
G1 X140.042 Y114.145 E1728.52158
G1 X140.132 Y114.744 E1728.54676
G1 X140.046 Y115.343 E1728.57192
G1 X139.957 Y115.628 E1728.58434
G1 X139.68 Y116.125 E1728.60799
G1 X139.437 Y116.417 E1728.62379
G1 X139.119 Y116.688 E1728.64116
G1 X138.504 Y117.006 E1728.66994
G1 X137.875 Y117.123 E1728.69654
G1 X137.145 Y117.041 E1728.72708
G1 X136.812 Y116.935 E1728.74161
G1 X136.209 Y116.58 E1728.7707
G1 X135.716 Y115.993 E1728.80257
G1 X135.488 Y115.485 E1728.82572
G1 X135.363 Y114.779 E1728.85553
G1 X135.36 Y114.712 E1728.85832
M204 S5000
M205 X30 Y30
G0 F7200 X136.083 Y126.434
M204 S3000
M205 X20 Y20
G1 F1500 X136.079 Y126.375 E1728.86078
G1 X136.11 Y125.84 E1728.88306
G1 X136.268 Y125.175 E1728.91147
G1 X136.675 Y124.449 E1728.94608
G1 X137.254 Y123.898 E1728.97931
G1 X137.719 Y123.613 E1729.00198
G1 X138.414 Y123.377 E1729.0325
G1 X138.914 Y123.326 E1729.05339
G1 X139.712 Y123.397 E1729.0867
G1 X140.281 Y123.624 E1729.11217
G1 X140.927 Y124.044 E1729.1442
G1 X141.302 Y124.45 E1729.16718
G1 X141.567 Y124.853 E1729.18723
G1 X141.713 Y125.169 E1729.20171
G1 X141.914 Y125.821 E1729.23007
G1 X141.905 Y126.647 E1729.26442
G1 F1552.8 X141.703 Y127.314 E1729.29241
G1 F1652 X141.555 Y127.605 E1729.30473
G1 F1807.2 X141.146 Y128.164 E1729.32863
G1 F1994.7 X140.735 Y128.524 E1729.34571
G1 F2095 X140.176 Y128.854 E1729.36504
G1 F2066.1 X139.692 Y129.03 E1729.38058
G1 F1933 X139.071 Y129.123 E1729.40084
G1 F1748.3 X138.501 Y129.108 E1729.42118
G1 F1575.6 X137.844 Y128.932 E1729.4481
G1 F1500 X137.351 Y128.672 E1729.47127
G1 X136.775 Y128.145 E1729.50373
G1 X136.574 Y127.876 E1729.51769
G1 X136.218 Y127.156 E1729.55108
G1 X136.083 Y126.434 E1729.58162
M204 S5000
M205 X30 Y30
G0 F7200 X136.941 Y127.839
G0 X137.85 Y128.578
G0 X138.948 Y128.845
G0 X140.053 Y128.624
G0 X142.154 Y126.545
M204 S3000
M205 X20 Y20
G1 F1500 X142.36 Y126.34 E1729.5937
M204 S5000
M205 X30 Y30
G0 F7200 X142.16 Y125.833
M204 S3000
M205 X20 Y20
G1 F1500 X142.52 Y125.473 E1729.61487
M204 S5000
M205 X30 Y30
G0 F7200 X142.007 Y125.278
M204 S3000
M205 X20 Y20
G1 F1500 X142.523 Y124.762 E1729.64521
M204 S5000
M205 X30 Y30
G0 F7200 X142.523 Y124.055
M204 S3000
M205 X20 Y20
G1 F1500 X141.803 Y124.775 E1729.68754
M204 S5000
M205 X30 Y30
G0 F7200 X141.529 Y124.342
M204 S3000
M205 X20 Y20
G1 F1500 X142.523 Y123.348 E1729.74599
M204 S5000
M205 X30 Y30
G0 F7200 X142.523 Y122.641
M204 S3000
M205 X20 Y20
G1 F1500 X141.196 Y123.968 E1729.82401
M204 S5000
M205 X30 Y30
G0 F7200 X140.797 Y123.66
M204 S3000
M205 X20 Y20
G1 F1500 X142.523 Y121.934 E1729.92549
M204 S5000
M205 X30 Y30
G0 F7200 X142.523 Y121.227
M204 S3000
M205 X20 Y20
G1 F1500 X140.362 Y123.388 E1730.05255
M204 S5000
M205 X30 Y30
G0 F7200 X139.856 Y123.187
M204 S3000
M205 X20 Y20
G1 F1500 X142.523 Y120.519 E1730.20939
M204 S5000
M205 X30 Y30
G0 F7200 X142.523 Y119.812
M204 S3000
M205 X20 Y20
G1 F1500 X139.234 Y123.101 E1730.40277
M204 S5000
M205 X30 Y30
G0 F7200 X138.51 Y123.118
M204 S3000
M205 X20 Y20
G1 F1500 X142.523 Y119.105 E1730.63872
M204 S5000
M205 X30 Y30
G0 F7200 X142.523 Y118.398
M204 S3000
M205 X20 Y20
G1 F1500 X137.411 Y123.511 E1730.93931
G1 X137.323 Y123.599
M204 S5000
M205 X30 Y30
G0 F7200 X136.275 Y124.646
M204 S3000
M205 X20 Y20
G1 F1500 X131.647 Y129.274 E1731.21142
M204 S5000
M205 X30 Y30
G0 F7200 X132.354 Y129.274
M204 S3000
M205 X20 Y20
G1 F1500 X135.869 Y125.759 E1731.41809
M204 S5000
M205 X30 Y30
G0 F7200 X135.838 Y126.497
M204 S3000
M205 X20 Y20
G1 F1500 X133.061 Y129.274 E1731.58137
M204 S5000
M205 X30 Y30
G0 F7200 X133.769 Y129.274
M204 S3000
M205 X20 Y20
G1 F1500 X135.95 Y127.093 E1731.7096
M204 S5000
M205 X30 Y30
G0 F7200 X136.155 Y127.595
M204 S3000
M205 X20 Y20
G1 F1500 X134.476 Y129.274 E1731.80832
M204 S5000
M205 X30 Y30
G0 F7200 X135.183 Y129.274
M204 S3000
M205 X20 Y20
G1 F1500 X136.4 Y128.057 E1731.87988
M204 S5000
M205 X30 Y30
G0 F7200 X136.724 Y128.44
M204 S3000
M205 X20 Y20
G1 F1500 X135.89 Y129.274 E1731.92891
M204 S5000
M205 X30 Y30
G0 F7200 X136.597 Y129.274
M204 S3000
M205 X20 Y20
G1 F1500 X137.095 Y128.776 E1731.95819
M204 S5000
M205 X30 Y30
G0 F7200 X137.532 Y129.046
M204 S3000
M205 X20 Y20
G1 F1500 X137.304 Y129.274 E1731.9716
M204 S5000
M205 X30 Y30
G0 F7200 X130.94 Y129.274
M204 S3000
M205 X20 Y20
G1 F1500 X142.523 Y117.691 E1732.65263
M204 S5000
M205 X30 Y30
G0 F7200 X142.523 Y116.984
M204 S3000
M205 X20 Y20
G1 F1500 X130.233 Y129.274 E1733.37524
M204 S5000
M205 X30 Y30
G0 F7200 X129.526 Y129.274
M204 S3000
M205 X20 Y20
G1 F1500 X142.523 Y116.277 E1734.13941
M204 S5000
M205 X30 Y30
G0 F7200 X142.523 Y115.57
M204 S3000
M205 X20 Y20
G1 F1500 X128.819 Y129.274 E1734.94516
M204 S5000
M205 X30 Y30
G0 F7200 X128.112 Y129.274
M204 S3000
M205 X20 Y20
G1 F1500 X142.523 Y114.863 E1735.79247
M204 S5000
M205 X30 Y30
G0 F7200 X142.523 Y114.156
M204 S3000
M205 X20 Y20
G1 F1500 X127.405 Y129.274 E1736.68135
M204 S5000
M205 X30 Y30
G0 F7200 X126.697 Y129.274
M204 S3000
M205 X20 Y20
G1 F1500 X138.877 Y117.095 E1737.39746
G1 X138.965 Y117.007
M204 S5000
M205 X30 Y30
G0 F7200 X137.892 Y117.373
M204 S3000
M205 X20 Y20
G1 F1500 X125.99 Y129.274 E1738.09722
M204 S5000
M205 X30 Y30
G0 F7200 X125.283 Y129.274
M204 S3000
M205 X20 Y20
G1 F1500 X137.255 Y117.302 E1738.80113
M204 S5000
M205 X30 Y30
G0 F7200 X136.698 Y117.152
M204 S3000
M205 X20 Y20
G1 F1500 X124.576 Y129.274 E1739.51385
M204 S5000
M205 X30 Y30
G0 F7200 X123.869 Y129.274
M204 S3000
M205 X20 Y20
G1 F1500 X136.25 Y116.893 E1740.24181
M204 S5000
M205 X30 Y30
G0 F7200 X135.87 Y116.566
M204 S3000
M205 X20 Y20
G1 F1500 X123.162 Y129.274 E1740.98899
M204 S5000
M205 X30 Y30
G0 F7200 X122.455 Y129.274
M204 S3000
M205 X20 Y20
G1 F1500 X135.545 Y116.184 E1741.75863
M204 S5000
M205 X30 Y30
G0 F7200 X135.314 Y115.708
M204 S3000
M205 X20 Y20
G1 F1500 X121.748 Y129.274 E1742.55626
M204 S5000
M205 X30 Y30
G0 F7200 X121.041 Y129.274
M204 S3000
M205 X20 Y20
G1 F1500 X135.174 Y115.141 E1743.38723
M204 S5000
M205 X30 Y30
G0 F7200 X135.152 Y114.456
M204 S3000
M205 X20 Y20
G1 F1500 X120.334 Y129.274 E1744.25847
M204 S5000
M205 X30 Y30
G0 F7200 X119.626 Y129.274
M204 S3000
M205 X20 Y20
G1 F1500 X135.54 Y113.361 E1745.19412
G1 X135.628 Y113.273
M204 S5000
M205 X30 Y30
G0 F7200 X136.341 Y112.56
M204 S3000
M205 X20 Y20
G1 F1500 X142.523 Y106.377 E1745.55763
M204 S5000
M205 X30 Y30
G0 F7200 X142.523 Y107.084
M204 S3000
M205 X20 Y20
G1 F1500 X137.455 Y112.153 E1745.85564
M204 S5000
M205 X30 Y30
G0 F7200 X138.143 Y112.171
M204 S3000
M205 X20 Y20
G1 F1500 X142.523 Y107.792 E1746.11314
M204 S5000
M205 X30 Y30
G0 F7200 X142.523 Y108.499
M204 S3000
M205 X20 Y20
G1 F1500 X138.708 Y112.314 E1746.33744
M204 S5000
M205 X30 Y30
G0 F7200 X139.173 Y112.556
M204 S3000
M205 X20 Y20
G1 F1500 X142.523 Y109.206 E1746.53441
M204 S5000
M205 X30 Y30
G0 F7200 X142.523 Y109.913
M204 S3000
M205 X20 Y20
G1 F1500 X139.566 Y112.87 E1746.70827
M204 S5000
M205 X30 Y30
G0 F7200 X139.892 Y113.251
M204 S3000
M205 X20 Y20
G1 F1500 X142.523 Y110.62 E1746.86296
M204 S5000
M205 X30 Y30
G0 F7200 X142.523 Y111.327
M204 S3000
M205 X20 Y20
G1 F1500 X140.145 Y113.705 E1747.00278
M204 S5000
M205 X30 Y30
G0 F7200 X140.309 Y114.248
M204 S3000
M205 X20 Y20
G1 F1500 X142.523 Y112.034 E1747.13295
M204 S5000
M205 X30 Y30
G0 F7200 X142.523 Y112.741
M204 S3000
M205 X20 Y20
G1 F1500 X140.356 Y114.909 E1747.2604
M204 S5000
M205 X30 Y30
G0 F7200 X140.108 Y115.864
M204 S3000
M205 X20 Y20
G1 F1500 X142.523 Y113.448 E1747.40242
G1 X142.611 Y113.36
M204 S5000
M205 X30 Y30
G0 F7200 X139.752 Y106.32
M204 S3000
M205 X20 Y20
G1 F1500 X116.798 Y129.274 E1748.75202
M204 S5000
M205 X30 Y30
G0 F7200 X117.505 Y129.274
M204 S3000
M205 X20 Y20
G1 F1500 X142.477 Y104.302 E1750.22028
M204 S5000
M205 X30 Y30
G0 F7200 X142.523 Y104.963
M204 S3000
M205 X20 Y20
G1 F1500 X118.212 Y129.274 E1751.64968
M204 S5000
M205 X30 Y30
G0 F7200 X118.919 Y129.274
M204 S3000
M205 X20 Y20
G1 F1500 X142.523 Y105.67 E1753.0375
G1 X142.611 Y105.582
M204 S5000
M205 X30 Y30
G0 F7200 X142.204 Y102.454
M204 S3000
M205 X20 Y20
G1 F1500 X142.419 Y102.239 E1753.05014
M204 S5000
M205 X30 Y30
G0 F7200 X141.941 Y102.01
M204 S3000
M205 X20 Y20
G1 F1500 X142.524 Y101.427 E1753.08442
M204 S5000
M205 X30 Y30
G0 F7200 X142.524 Y100.72
M204 S3000
M205 X20 Y20
G1 F1500 X141.677 Y101.567 E1753.13422
M204 S5000
M205 X30 Y30
G0 F7200 X141.377 Y101.16
M204 S3000
M205 X20 Y20
G1 F1500 X142.524 Y100.013 E1753.20166
M204 S5000
M205 X30 Y30
G0 F7200 X142.524 Y99.306
M204 S3000
M205 X20 Y20
G1 F1500 X141.035 Y100.794 E1753.28918
M204 S5000
M205 X30 Y30
G0 F7200 X140.594 Y100.528
M204 S3000
M205 X20 Y20
G1 F1500 X142.524 Y98.598 E1753.40265
M204 S5000
M205 X30 Y30
G0 F7200 X142.524 Y97.891
M204 S3000
M205 X20 Y20
G1 F1500 X140.129 Y100.286 E1753.54347
M204 S5000
M205 X30 Y30
G0 F7200 X139.575 Y100.134
M204 S3000
M205 X20 Y20
G1 F1500 X142.467 Y97.242 E1753.71351
M204 S5000
M205 X30 Y30
G0 F7200 X142.342 Y96.659
M204 S3000
M205 X20 Y20
G1 F1500 X138.928 Y100.073 E1753.91424
M204 S5000
M205 X30 Y30
G0 F7200 X138.06 Y100.234
M204 S3000
M205 X20 Y20
G1 F1500 X142.149 Y96.145 E1754.15466
M204 S5000
M205 X30 Y30
G0 F7200 X141.899 Y95.688
M204 S3000
M205 X20 Y20
G1 F1500 X108.313 Y129.273 E1756.12936
M204 S5000
M205 X30 Y30
G0 F7200 X107.606 Y129.273
M204 S3000
M205 X20 Y20
G1 F1500 X138.714 Y98.166 E1757.95836
M204 S5000
M205 X30 Y30
G0 F7200 X137.781 Y98.391
M204 S3000
M205 X20 Y20
G1 F1500 X106.899 Y129.273 E1759.7741
M204 S5000
M205 X30 Y30
G0 F7200 X106.192 Y129.273
M204 S3000
M205 X20 Y20
G1 F1500 X137.173 Y98.293 E1761.59564
M204 S5000
M205 X30 Y30
G0 F7200 X136.639 Y98.12
M204 S3000
M205 X20 Y20
G1 F1500 X105.485 Y129.273 E1763.42734
M204 S5000
M205 X30 Y30
G0 F7200 X104.778 Y129.273
M204 S3000
M205 X20 Y20
G1 F1500 X136.193 Y97.858 E1765.27442
M204 S5000
M205 X30 Y30
G0 F7200 X135.827 Y97.517
M204 S3000
M205 X20 Y20
G1 F1500 X104.071 Y129.273 E1767.14155
M204 S5000
M205 X30 Y30
G0 F7200 X103.364 Y129.273
M204 S3000
M205 X20 Y20
G1 F1500 X135.509 Y97.128 E1769.03156
M204 S5000
M205 X30 Y30
G0 F7200 X135.29 Y96.64
M204 S3000
M205 X20 Y20
G1 F1500 X102.657 Y129.273 E1770.95025
M204 S5000
M205 X30 Y30
G0 F7200 X101.949 Y129.273
M204 S3000
M205 X20 Y20
G1 F1500 X135.156 Y96.067 E1772.90267
M204 S5000
M205 X30 Y30
G0 F7200 X135.172 Y95.344
M204 S3000
M205 X20 Y20
G1 F1500 X101.242 Y129.273 E1774.89759
M204 S5000
M205 X30 Y30
G0 F7200 X100.535 Y129.273
M204 S3000
M205 X20 Y20
G1 F1500 X135.729 Y94.08 E1776.96684
M204 S5000
M205 X30 Y30
G0 F7200 X135.931 Y93.878
M204 S3000
M205 X20 Y20
G1 F1500 X137.783 Y92.025 E1777.07576
M204 S5000
M205 X30 Y30
G0 F7200 X138.01 Y92.506
M204 S3000
M205 X20 Y20
G1 F1500 X137.339 Y93.177 E1777.11521
M204 S5000
M205 X30 Y30
G0 F7200 X138.061 Y93.162
M204 S3000
M205 X20 Y20
G1 F1500 X138.303 Y92.92 E1777.12944
M204 S5000
M205 X30 Y30
G0 F7200 X137.61 Y91.492
M204 S3000
M205 X20 Y20
G1 F1500 X99.828 Y129.273 E1779.35084
M204 S5000
M205 X30 Y30
G0 F7200 X99.121 Y129.273
M204 S3000
M205 X20 Y20
G1 F1500 X137.527 Y90.868 E1781.60894
M204 S5000
M205 X30 Y30
G0 F7200 X136.963 Y90.724
M204 S3000
M205 X20 Y20
G1 F1500 X98.414 Y129.273 E1783.87547
M204 S5000
M205 X30 Y30
G0 F7200 X97.707 Y129.273
M204 S3000
M205 X20 Y20
G1 F1500 X136.256 Y90.724 E1786.14201
M204 S5000
M205 X30 Y30
G0 F7200 X135.549 Y90.724
M204 S3000
M205 X20 Y20
G1 F1500 X97 Y129.273 E1788.40854
M204 S5000
M205 X30 Y30
G0 F7200 X96.293 Y129.273
M204 S3000
M205 X20 Y20
G1 F1500 X134.842 Y90.724 E1790.67507
M204 S5000
M205 X30 Y30
G0 F7200 X134.135 Y90.724
M204 S3000
M205 X20 Y20
G1 F1500 X95.585 Y129.273 E1792.94164
M204 S5000
M205 X30 Y30
G0 F7200 X94.878 Y129.273
M204 S3000
M205 X20 Y20
G1 F1500 X133.428 Y90.724 E1795.2082
M204 S5000
M205 X30 Y30
G0 F7200 X132.721 Y90.724
M204 S3000
M205 X20 Y20
G1 F1500 X94.171 Y129.273 E1797.47476
M204 S5000
M205 X30 Y30
G0 F7200 X93.464 Y129.273
M204 S3000
M205 X20 Y20
G1 F1500 X132.014 Y90.724 E1799.74133
M204 S5000
M205 X30 Y30
G0 F7200 X131.306 Y90.724
M204 S3000
M205 X20 Y20
G1 F1500 X92.757 Y129.273 E1802.00786
M204 S5000
M205 X30 Y30
G0 F7200 X92.05 Y129.273
M204 S3000
M205 X20 Y20
G1 F1500 X130.599 Y90.724 E1804.27439
M204 S5000
M205 X30 Y30
G0 F7200 X129.892 Y90.724
M204 S3000
M205 X20 Y20
G1 F1500 X91.343 Y129.273 E1806.54093
M204 S5000
M205 X30 Y30
G0 F7200 X90.636 Y129.273
M204 S3000
M205 X20 Y20
G1 F1500 X129.185 Y90.724 E1808.80746
M204 S5000
M205 X30 Y30
G0 F7200 X128.478 Y90.724
M204 S3000
M205 X20 Y20
G1 F1500 X89.929 Y129.273 E1811.07399
M204 S5000
M205 X30 Y30
G0 F7200 X89.222 Y129.273
M204 S3000
M205 X20 Y20
G1 F1500 X127.771 Y90.724 E1813.34053
M204 S5000
M205 X30 Y30
G0 F7200 X127.064 Y90.724
M204 S3000
M205 X20 Y20
G1 F1500 X88.514 Y129.273 E1815.60709
M204 S5000
M205 X30 Y30
G0 F7200 X87.807 Y129.273
M204 S3000
M205 X20 Y20
G1 F1500 X126.357 Y90.724 E1817.87365
M204 S5000
M205 X30 Y30
G0 F7200 X125.65 Y90.724
M204 S3000
M205 X20 Y20
G1 F1500 X87.1 Y129.273 E1820.14021
M204 S5000
M205 X30 Y30
G0 F7200 X86.393 Y129.273
M204 S3000
M205 X20 Y20
G1 F1500 X124.942 Y90.724 E1822.40675
M204 S5000
M205 X30 Y30
G0 F7200 X124.235 Y90.724
M204 S3000
M205 X20 Y20
G1 F1500 X85.686 Y129.273 E1824.67328
M204 S5000
M205 X30 Y30
G0 F7200 X84.979 Y129.273
M204 S3000
M205 X20 Y20
G1 F1500 X123.528 Y90.724 E1826.93982
M204 S5000
M205 X30 Y30
G0 F7200 X122.821 Y90.724
M204 S3000
M205 X20 Y20
G1 F1500 X84.272 Y129.273 E1829.20635
M204 S5000
M205 X30 Y30
G0 F7200 X83.565 Y129.273
M204 S3000
M205 X20 Y20
G1 F1500 X122.114 Y90.724 E1831.47288
M204 S5000
M205 X30 Y30
G0 F7200 X121.407 Y90.724
M204 S3000
M205 X20 Y20
G1 F1500 X82.858 Y129.273 E1833.73942
M204 S5000
M205 X30 Y30
G0 F7200 X82.274 Y129.15
M204 S3000
M205 X20 Y20
G1 F1500 X82.136 Y129.288 E1833.74753
M204 S5000
M205 X30 Y30
G0 F7200 X83.857 Y127.567
M204 S3000
M205 X20 Y20
G1 F1500 X120.7 Y90.724 E1835.91376
M204 S5000
M205 X30 Y30
G0 F7200 X119.993 Y90.724
M204 S3000
M205 X20 Y20
G1 F1500 X84.149 Y126.568 E1838.02125
M204 S5000
M205 X30 Y30
G0 F7200 X84.154 Y125.856
M204 S3000
M205 X20 Y20
G1 F1500 X119.286 Y90.724 E1840.08687
M204 S5000
M205 X30 Y30
G0 F7200 X118.578 Y90.724
M204 S3000
M205 X20 Y20
G1 F1500 X84.019 Y125.284 E1842.11884
M204 S5000
M205 X30 Y30
G0 F7200 X83.804 Y124.792
M204 S3000
M205 X20 Y20
G1 F1500 X117.871 Y90.724 E1844.12188
M204 S5000
M205 X30 Y30
G0 F7200 X117.164 Y90.724
M204 S3000
M205 X20 Y20
G1 F1500 X83.553 Y124.336 E1846.09811
M204 S5000
M205 X30 Y30
G0 F7200 X83.199 Y123.982
M204 S3000
M205 X20 Y20
G1 F1500 X116.457 Y90.724 E1848.05355
M204 S5000
M205 X30 Y30
G0 F7200 X115.75 Y90.724
M204 S3000
M205 X20 Y20
G1 F1500 X82.817 Y123.657 E1849.98988
M204 S5000
M205 X30 Y30
G0 F7200 X82.384 Y123.383
M204 S3000
M205 X20 Y20
G1 F1500 X115.043 Y90.724 E1851.91011
M204 S5000
M205 X30 Y30
G0 F7200 X114.336 Y90.724
M204 S3000
M205 X20 Y20
G1 F1500 X81.851 Y123.209 E1853.8201
M204 S5000
M205 X30 Y30
G0 F7200 X81.257 Y123.096
M204 S3000
M205 X20 Y20
G1 F1500 X113.629 Y90.724 E1855.72345
M204 S5000
M205 X30 Y30
G0 F7200 X112.922 Y90.724
M204 S3000
M205 X20 Y20
G1 F1500 X80.525 Y123.121 E1857.62827
G1 X80.437 Y123.209
M204 S5000
M205 X30 Y30
G0 F7200 X79.415 Y123.524
M204 S3000
M205 X20 Y20
G1 F1500 X112.215 Y90.724 E1859.55678
M204 S5000
M205 X30 Y30
G0 F7200 X111.507 Y90.724
M204 S3000
M205 X20 Y20
G1 F1500 X77.475 Y124.756 E1861.55773
M204 S5000
M205 X30 Y30
G0 F7200 X77.476 Y125.462
M204 S3000
M205 X20 Y20
G1 F1500 X78.219 Y124.72 E1861.60139
G1 X78.307 Y124.632
M204 S5000
M205 X30 Y30
G0 F7200 X77.475 Y124.049
M204 S3000
M205 X20 Y20
G1 F1500 X110.8 Y90.724 E1863.56077
M204 S5000
M205 X30 Y30
G0 F7200 X110.093 Y90.724
M204 S3000
M205 X20 Y20
G1 F1500 X77.475 Y123.342 E1865.47859
M204 S5000
M205 X30 Y30
G0 F7200 X77.475 Y122.635
M204 S3000
M205 X20 Y20
G1 F1500 X82.816 Y117.294 E1865.79262
M204 S5000
M205 X30 Y30
G0 F7200 X82.044 Y117.359
M204 S3000
M205 X20 Y20
G1 F1500 X77.475 Y121.928 E1866.06126
M204 S5000
M205 X30 Y30
G0 F7200 X77.475 Y121.221
M204 S3000
M205 X20 Y20
G1 F1500 X81.442 Y117.254 E1866.2945
M204 S5000
M205 X30 Y30
G0 F7200 X80.972 Y117.016
M204 S3000
M205 X20 Y20
G1 F1500 X77.475 Y120.514 E1866.50014
M204 S5000
M205 X30 Y30
G0 F7200 X77.475 Y119.807
M204 S3000
M205 X20 Y20
G1 F1500 X80.547 Y116.734 E1866.68079
M204 S5000
M205 X30 Y30
G0 F7200 X80.202 Y116.372
M204 S3000
M205 X20 Y20
G1 F1500 X77.475 Y119.1 E1866.84116
M204 S5000
M205 X30 Y30
G0 F7200 X77.475 Y118.393
M204 S3000
M205 X20 Y20
G1 F1500 X79.928 Y115.94 E1866.98539
M204 S5000
M205 X30 Y30
G0 F7200 X79.724 Y115.436
M204 S3000
M205 X20 Y20
G1 F1500 X77.475 Y117.685 E1867.11762
M204 S5000
M205 X30 Y30
G0 F7200 X77.475 Y116.978
M204 S3000
M205 X20 Y20
G1 F1500 X79.63 Y114.823 E1867.24432
M204 S5000
M205 X30 Y30
G0 F7200 X79.746 Y114
M204 S3000
M205 X20 Y20
G1 F1500 X77.475 Y116.271 E1867.37785
M204 S5000
M205 X30 Y30
G0 F7200 X77.475 Y115.564
M204 S3000
M205 X20 Y20
G1 F1500 X102.316 Y90.723 E1868.83841
M204 S5000
M205 X30 Y30
G0 F7200 X103.023 Y90.723
M204 S3000
M205 X20 Y20
G1 F1500 X81.508 Y112.239 E1870.10343
M204 S5000
M205 X30 Y30
G0 F7200 X82.325 Y112.128
M204 S3000
M205 X20 Y20
G1 F1500 X103.73 Y90.723 E1871.36197
M204 S5000
M205 X30 Y30
G0 F7200 X104.437 Y90.723
M204 S3000
M205 X20 Y20
G1 F1500 X82.937 Y112.223 E1872.62608
M204 S5000
M205 X30 Y30
G0 F7200 X83.444 Y112.424
M204 S3000
M205 X20 Y20
G1 F1500 X105.144 Y90.723 E1873.90199
M204 S5000
M205 X30 Y30
G0 F7200 X105.851 Y90.723
M204 S3000
M205 X20 Y20
G1 F1500 X83.885 Y112.69 E1875.19354
M204 S5000
M205 X30 Y30
G0 F7200 X84.241 Y113.04
M204 S3000
M205 X20 Y20
G1 F1500 X106.558 Y90.723 E1876.50569
M204 S5000
M205 X30 Y30
G0 F7200 X107.265 Y90.723
M204 S3000
M205 X20 Y20
G1 F1500 X84.521 Y113.468 E1877.84298
M204 S5000
M205 X30 Y30
G0 F7200 X84.749 Y113.947
M204 S3000
M205 X20 Y20
G1 F1500 X107.973 Y90.723 E1879.20846
M204 S5000
M205 X30 Y30
G0 F7200 X108.68 Y90.723
M204 S3000
M205 X20 Y20
G1 F1500 X84.846 Y114.557 E1880.60981
M204 S5000
M205 X30 Y30
G0 F7200 X84.8 Y115.31
M204 S3000
M205 X20 Y20
G1 F1500 X109.387 Y90.723 E1882.05543
G1 X109.475 Y90.635
M204 S5000
M205 X30 Y30
G0 F7200 X101.609 Y90.723
M204 S3000
M205 X20 Y20
G1 F1500 X77.475 Y114.857 E1883.47442
M204 S5000
M205 X30 Y30
G0 F7200 X77.475 Y114.15
M204 S3000
M205 X20 Y20
G1 F1500 X100.902 Y90.723 E1884.85184
M204 S5000
M205 X30 Y30
G0 F7200 X100.194 Y90.723
M204 S3000
M205 X20 Y20
G1 F1500 X77.475 Y113.443 E1886.18765
M204 S5000
M205 X30 Y30
G0 F7200 X77.475 Y112.736
M204 S3000
M205 X20 Y20
G1 F1500 X99.487 Y90.723 E1887.48191
M204 S5000
M205 X30 Y30
G0 F7200 X98.78 Y90.723
M204 S3000
M205 X20 Y20
G1 F1500 X77.475 Y112.029 E1888.73459
M204 S5000
M205 X30 Y30
G0 F7200 X77.475 Y111.321
M204 S3000
M205 X20 Y20
G1 F1500 X98.073 Y90.723 E1889.94567
M204 S5000
M205 X30 Y30
G0 F7200 X97.366 Y90.723
M204 S3000
M205 X20 Y20
G1 F1500 X84.065 Y104.024 E1890.72772
M204 S5000
M205 X30 Y30
G0 F7200 X84.169 Y103.214
M204 S3000
M205 X20 Y20
G1 F1500 X96.659 Y90.723 E1891.46211
M204 S5000
M205 X30 Y30
G0 F7200 X95.952 Y90.723
M204 S3000
M205 X20 Y20
G1 F1500 X84.089 Y102.586 E1892.15961
M204 S5000
M205 X30 Y30
G0 F7200 X83.939 Y102.029
M204 S3000
M205 X20 Y20
G1 F1500 X95.245 Y90.723 E1892.82436
M204 S5000
M205 X30 Y30
G0 F7200 X94.538 Y90.723
M204 S3000
M205 X20 Y20
G1 F1500 X83.682 Y101.579 E1893.46265
M204 S5000
M205 X30 Y30
G0 F7200 X83.39 Y101.164
M204 S3000
M205 X20 Y20
G1 F1500 X93.83 Y90.723 E1894.07651
M204 S5000
M205 X30 Y30
G0 F7200 X93.123 Y90.723
M204 S3000
M205 X20 Y20
G1 F1500 X83.029 Y100.818 E1894.67003
M204 S5000
M205 X30 Y30
G0 F7200 X82.618 Y100.522
M204 S3000
M205 X20 Y20
G1 F1500 X92.416 Y90.723 E1895.24615
M204 S5000
M205 X30 Y30
G0 F7200 X91.709 Y90.723
M204 S3000
M205 X20 Y20
G1 F1500 X82.136 Y100.296 E1895.809
M204 S5000
M205 X30 Y30
G0 F7200 X81.587 Y100.139
M204 S3000
M205 X20 Y20
G1 F1500 X91.002 Y90.723 E1896.3626
M204 S5000
M205 X30 Y30
G0 F7200 X90.295 Y90.723
M204 S3000
M205 X20 Y20
G1 F1500 X84.811 Y96.207 E1896.68503
M204 S5000
M205 X30 Y30
G0 F7200 X84.847 Y95.465
M204 S3000
M205 X20 Y20
G1 F1500 X89.588 Y90.723 E1896.96382
M204 S5000
M205 X30 Y30
G0 F7200 X88.881 Y90.723
M204 S3000
M205 X20 Y20
G1 F1500 X84.733 Y94.871 E1897.2077
M204 S5000
M205 X30 Y30
G0 F7200 X84.488 Y94.409
M204 S3000
M205 X20 Y20
G1 F1500 X88.174 Y90.723 E1897.42443
M204 S5000
M205 X30 Y30
G0 F7200 X87.466 Y90.723
M204 S3000
M205 X20 Y20
G1 F1500 X84.186 Y94.004 E1897.61731
M204 S5000
M205 X30 Y30
G0 F7200 X83.824 Y93.659
M204 S3000
M205 X20 Y20
G1 F1500 X86.759 Y90.723 E1897.7899
M204 S5000
M205 X30 Y30
G0 F7200 X86.052 Y90.723
M204 S3000
M205 X20 Y20
G1 F1500 X83.379 Y93.396 E1897.94706
M204 S5000
M205 X30 Y30
G0 F7200 X82.851 Y93.217
M204 S3000
M205 X20 Y20
G1 F1500 X85.345 Y90.723 E1898.0937
M204 S5000
M205 X30 Y30
G0 F7200 X84.638 Y90.723
M204 S3000
M205 X20 Y20
G1 F1500 X82.249 Y93.113 E1898.2342
M204 S5000
M205 X30 Y30
G0 F7200 X81.367 Y93.287
M204 S3000
M205 X20 Y20
G1 F1500 X83.931 Y90.723 E1898.38495
M204 S5000
M205 X30 Y30
G0 F7200 X83.224 Y90.723
M204 S3000
M205 X20 Y20
G1 F1500 X82.384 Y91.563 E1898.43434
G1 X82.296 Y91.651
M204 S5000
M205 X30 Y30
G0 F7200 X79.763 Y94.185
M204 S3000
M205 X20 Y20
G1 F1500 X77.896 Y96.051 E1898.54408
G1 X77.808 Y96.139
M204 S5000
M205 X30 Y30
G0 F7200 X77.554 Y97.101
M204 S3000
M205 X20 Y20
G1 F1500 X79.776 Y94.878 E1898.67476
M204 S5000
M205 X30 Y30
G0 F7200 X79.626 Y95.735
M204 S3000
M205 X20 Y20
G1 F1500 X77.476 Y97.885 E1898.80117
M204 S5000
M205 X30 Y30
G0 F7200 X77.476 Y98.592
M204 S3000
M205 X20 Y20
G1 F1500 X79.705 Y96.363 E1898.93222
M204 S5000
M205 X30 Y30
G0 F7200 X79.889 Y96.887
M204 S3000
M205 X20 Y20
G1 F1500 X77.476 Y99.299 E1899.07407
M204 S5000
M205 X30 Y30
G0 F7200 X77.476 Y100.006
M204 S3000
M205 X20 Y20
G1 F1500 X80.168 Y97.315 E1899.23232
M204 S5000
M205 X30 Y30
G0 F7200 X80.491 Y97.699
M204 S3000
M205 X20 Y20
G1 F1500 X77.476 Y100.713 E1899.40956
M204 S5000
M205 X30 Y30
G0 F7200 X77.476 Y101.421
M204 S3000
M205 X20 Y20
G1 F1500 X80.908 Y97.989 E1899.61135
M204 S5000
M205 X30 Y30
G0 F7200 X81.362 Y98.242
M204 S3000
M205 X20 Y20
G1 F1500 X77.503 Y102.101 E1899.83824
G1 X77.415 Y102.189
M204 S5000
M205 X30 Y30
G0 F7200 X77.771 Y103.955
M204 S3000
M205 X20 Y20
G1 F1500 X77.557 Y104.168 E1899.8508
M204 S5000
M205 X30 Y30
G0 F7200 X78.041 Y104.391
M204 S3000
M205 X20 Y20
G1 F1500 X77.475 Y104.957 E1899.88408
M204 S5000
M205 X30 Y30
G0 F7200 X77.475 Y105.665
M204 S3000
M205 X20 Y20
G1 F1500 X78.279 Y104.861 E1899.93135
M204 S5000
M205 X30 Y30
G0 F7200 X78.565 Y105.281
M204 S3000
M205 X20 Y20
G1 F1500 X77.475 Y106.372 E1899.99546
M204 S5000
M205 X30 Y30
G0 F7200 X77.475 Y107.079
M204 S3000
M205 X20 Y20
G1 F1500 X78.923 Y105.631 E1900.0806
M204 S5000
M205 X30 Y30
G0 F7200 X79.326 Y105.935
M204 S3000
M205 X20 Y20
G1 F1500 X77.475 Y107.786 E1900.18943
M204 S5000
M205 X30 Y30
G0 F7200 X77.475 Y108.493
M204 S3000
M205 X20 Y20
G1 F1500 X79.798 Y106.17 E1900.32602
M204 S5000
M205 X30 Y30
G0 F7200 X80.327 Y106.348
M204 S3000
M205 X20 Y20
G1 F1500 X77.475 Y109.2 E1900.4937
M204 S5000
M205 X30 Y30
G0 F7200 X77.475 Y109.907
M204 S3000
M205 X20 Y20
G1 F1500 X80.967 Y106.416 E1900.69899
M204 S5000
M205 X30 Y30
G0 F7200 X81.775 Y106.314
M204 S3000
M205 X20 Y20
G1 F1500 X77.475 Y110.614 E1900.95181
G1 X77.387 Y110.702
M204 S5000
M205 X30 Y30
G0 F7200 X78.426 Y102.872
G0 X80.099 Y100.212
M204 S3000
M205 X20 Y20
G1 F1500 X81.963 Y98.348 E1901.06141
M204 S5000
M205 X30 Y30
G0 F7200 X82.702 Y98.316
M204 S3000
M205 X20 Y20
G1 F1500 X80.943 Y100.076 E1901.16486
G1 X80.855 Y100.164
M204 S5000
M205 X30 Y30
G0 F7200 X79.371 Y101.228
G0 X78.644 Y102.148
G0 X77.841 Y125.805
M204 S3000
M205 X20 Y20
G1 F1500 X77.579 Y126.067 E1901.18027
M204 S5000
M205 X30 Y30
G0 F7200 X77.829 Y126.524
M204 S3000
M205 X20 Y20
G1 F1500 X77.729 Y126.624 E1901.18615
M204 S5000
M205 X30 Y30
G0 F7200 X79.371 Y128.272
G0 X80.387 Y128.773
G0 X109.021 Y129.273
M204 S3000
M205 X20 Y20
G1 F1500 X135.967 Y102.327 E1902.77047
M204 S5000
M205 X30 Y30
G0 F7200 X135.832 Y103.169
M204 S3000
M205 X20 Y20
G1 F1500 X109.728 Y129.273 E1904.30528
M204 S5000
M205 X30 Y30
G0 F7200 X110.434 Y129.274
M204 S3000
M205 X20 Y20
G1 F1500 X135.888 Y103.82 E1905.80188
M204 S5000
M205 X30 Y30
G0 F7200 X136.018 Y104.397
M204 S3000
M205 X20 Y20
G1 F1500 X111.141 Y129.274 E1907.26455
M204 S5000
M205 X30 Y30
G0 F7200 X111.848 Y129.274
M204 S3000
M205 X20 Y20
G1 F1500 X136.272 Y104.85 E1908.70059
M204 S5000
M205 X30 Y30
G0 F7200 X136.551 Y105.279
M204 S3000
M205 X20 Y20
G1 F1500 X112.555 Y129.274 E1910.11143
M204 S5000
M205 X30 Y30
G0 F7200 X113.262 Y129.274
M204 S3000
M205 X20 Y20
G1 F1500 X136.909 Y105.628 E1911.50176
M204 S5000
M205 X30 Y30
G0 F7200 X137.31 Y105.934
M204 S3000
M205 X20 Y20
G1 F1500 X113.97 Y129.274 E1912.87406
M204 S5000
M205 X30 Y30
G0 F7200 X114.677 Y129.274
M204 S3000
M205 X20 Y20
G1 F1500 X137.783 Y106.168 E1914.2326
M204 S5000
M205 X30 Y30
G0 F7200 X138.313 Y106.345
M204 S3000
M205 X20 Y20
G1 F1500 X115.384 Y129.274 E1915.58074
M204 S5000
M205 X30 Y30
G0 F7200 X116.091 Y129.274
M204 S3000
M205 X20 Y20
G1 F1500 X138.951 Y106.414 E1916.92482
G1 X139.039 Y106.326
M204 S5000
M205 X30 Y30
G0 F7200 X140.354 Y105.472
G0 X141.356 Y104.353
G0 X141.574 Y103.016
G0 X140.21 Y96.67
M204 S3000
M205 X20 Y20
G1 F1500 X141.602 Y95.278 E1917.00667
M204 S5000
M205 X30 Y30
G0 F7200 X141.265 Y94.907
M204 S3000
M205 X20 Y20
G1 F1500 X140.381 Y95.792 E1917.05867
M204 S5000
M205 X30 Y30
G0 F7200 X140.291 Y95.175
M204 S3000
M205 X20 Y20
G1 F1500 X140.882 Y94.584 E1917.09342
M204 S5000
M205 X30 Y30
G0 F7200 X140.449 Y94.31
M204 S3000
M205 X20 Y20
G1 F1500 X140.108 Y94.65 E1917.11344
M204 S5000
M205 X30 Y30
G0 F7200 X139.856 Y94.195
M204 S3000
M205 X20 Y20
G1 F1500 X139.971 Y94.08 E1917.1202
M204 S5000
M205 X30 Y30
;MESH:NONMESH
G0 F600 X139.971 Y94.08 Z1.9
G0 F7200 X137.973 Y93.732
G0 X81.617 Y92.114
G0 X81.445 Y92.01
;TIME_ELAPSED:1772.342865
;LAYER:8
M204 S3000
M205 X20 Y20
;TYPE:WALL-INNER
;MESH:Pi Holder.stl
G1 F4020 X81.234 Y92.353 E1917.13694
G1 X80.904 Y92.729 E1917.15774
G1 X80.48 Y93.069 E1917.18034
G1 X80.048 Y93.294 E1917.20059
G1 X79.409 Y93.543 E1917.2291
G1 X78.704 Y93.983 E1917.26365
G1 X78.18 Y94.427 E1917.29221
G1 X77.61 Y95.07 E1917.32793
G1 X77.194 Y95.823 E1917.3637
G1 X76.888 Y96.633 E1917.39969
G1 X76.751 Y97.576 E1917.43931
G1 X76.751 Y97.725 E1917.44551
G1 X76.75 Y125.486 E1918.59967
G1 X76.802 Y125.943 E1918.6188
G1 X77.002 Y126.817 E1918.65607
G1 X77.39 Y127.625 E1918.69334
G1 X77.893 Y128.361 E1918.7304
G1 X78.538 Y128.96 E1918.767
G1 X79.125 Y129.36 E1918.79653
G1 X79.928 Y129.746 E1918.83357
G1 X80.806 Y129.948 E1918.87103
G1 X81.266 Y130 E1918.89027
G1 X138.734 Y130 E1921.27952
G1 X139.194 Y129.948 E1921.29876
G1 X140.072 Y129.746 E1921.33622
G1 X140.875 Y129.36 E1921.37326
G1 X141.616 Y128.853 E1921.41059
G1 X142.212 Y128.21 E1921.44704
G1 X142.61 Y127.625 E1921.47646
G1 X142.996 Y126.821 E1921.51353
G1 X143.198 Y125.944 E1921.55095
G1 X143.25 Y125.485 E1921.57016
G1 X143.25 Y97.572 E1922.73064
G1 X143.112 Y96.634 E1922.77006
G1 X142.806 Y95.823 E1922.8061
G1 X142.387 Y95.068 E1922.842
G1 X141.819 Y94.426 E1922.87764
G1 X141.296 Y93.984 E1922.9061
G1 X140.593 Y93.546 E1922.94054
G1 X139.823 Y93.235 E1922.97507
G1 X139.173 Y92.814 E1923.00726
G1 X138.766 Y92.352 E1923.03286
G1 X138.554 Y92.008 E1923.04966
G1 X138.339 Y91.444 E1923.07476
G1 X138.25 Y90.986 E1923.09415
G1 X138.25 Y90 E1923.13515
G1 X81.75 Y90 E1925.48414
G1 X81.75 Y90.988 E1925.52522
G1 X81.66 Y91.445 E1925.54458
G1 X81.445 Y92.01 E1925.56972
M204 S5000
M205 X30 Y30
G0 F7200 X81.616 Y92.113
G0 X80.241 Y95.13
G0 X80.44 Y95.165
M204 S3000
M205 X20 Y20
G1 F4020 X80.707 Y94.646 E1925.59398
G1 X81.056 Y94.268 E1925.61537
G1 X81.592 Y93.953 E1925.64122
G1 X82.268 Y93.84 E1925.66971
G1 X82.907 Y93.963 E1925.69677
G1 X83.354 Y94.208 E1925.71796
G1 X83.738 Y94.546 E1925.73923
G1 X84.041 Y95.105 E1925.76566
G1 X84.16 Y95.755 E1925.79314
G1 X84.062 Y96.327 E1925.81727
G1 X83.846 Y96.781 E1925.83817
G1 X83.48 Y97.204 E1925.86142
G1 X82.928 Y97.54 E1925.88829
G1 X82.262 Y97.663 E1925.91645
G1 X81.598 Y97.55 E1925.94445
G1 X81.017 Y97.213 E1925.97237
G1 X80.606 Y96.707 E1925.99948
G1 X80.461 Y96.399 E1926.01363
G1 X80.357 Y95.879 E1926.03568
G1 X80.358 Y95.619 E1926.04649
G1 X80.44 Y95.165 E1926.06567
M204 S5000
M205 X30 Y30
G0 F7200 X80.241 Y95.13
G0 X78.365 Y103.001
G0 X78.565 Y103.001
M204 S3000
M205 X20 Y20
G1 F4020 X78.596 Y102.784 E1926.07478
G1 X78.83 Y102.115 E1926.10425
G1 X79.202 Y101.582 E1926.13127
G1 X79.526 Y101.295 E1926.14927
G1 X80.048 Y100.989 E1926.17442
G1 X80.426 Y100.863 E1926.19099
G1 X81.05 Y100.799 E1926.21707
G1 X81.481 Y100.841 E1926.23507
G1 X82.045 Y101.033 E1926.25984
G1 X82.463 Y101.281 E1926.28005
G1 X82.952 Y101.749 E1926.30819
G1 X83.301 Y102.382 E1926.33824
G1 X83.439 Y103.007 E1926.36485
G1 X83.446 Y103.472 E1926.38418
G1 X83.3 Y104.119 E1926.41176
G1 X82.957 Y104.743 E1926.44136
G1 X82.461 Y105.221 E1926.47
G1 X82.081 Y105.455 E1926.48856
G1 X81.478 Y105.655 E1926.51497
G1 X81.014 Y105.7 E1926.53435
G1 X80.374 Y105.631 E1926.56111
G1 X79.706 Y105.346 E1926.59131
G1 X79.107 Y104.801 E1926.62498
G1 X78.739 Y104.19 E1926.65463
G1 X78.576 Y103.629 E1926.67892
G1 X78.565 Y103.001 E1926.70503
M204 S5000
M205 X30 Y30
G0 F7200 X78.365 Y103.001
G0 X80.231 Y114.188
G0 X80.428 Y114.223
M204 S3000
M205 X20 Y20
G1 F4020 X80.516 Y113.98 E1926.71578
G1 X80.708 Y113.645 E1926.73183
G1 X81.047 Y113.261 E1926.75312
G1 X81.624 Y112.952 E1926.78034
G1 X82.253 Y112.835 E1926.80694
G1 X82.905 Y112.962 E1926.83455
G1 X83.438 Y113.255 E1926.85984
G1 X83.765 Y113.601 E1926.87963
G1 X84.067 Y114.196 E1926.90737
G1 X84.162 Y114.773 E1926.93169
G1 X84.036 Y115.406 E1926.95852
G1 X83.889 Y115.715 E1926.97275
G1 X83.542 Y116.144 E1926.99569
G1 X82.983 Y116.504 E1927.02333
G1 X82.777 Y116.572 E1927.03235
G1 X82.168 Y116.649 E1927.05787
G1 X81.624 Y116.548 E1927.08087
G1 X81.134 Y116.284 E1927.10401
G1 X80.934 Y116.117 E1927.11484
G1 X80.684 Y115.819 E1927.13102
G1 X80.485 Y115.456 E1927.14823
G1 X80.357 Y114.879 E1927.1728
G1 X80.347 Y114.75 E1927.17818
G1 X80.428 Y114.223 E1927.20035
M204 S5000
M205 X30 Y30
G0 F7200 X80.231 Y114.188
G0 X78.365 Y126.001
G0 X78.565 Y126.001
M204 S3000
M205 X20 Y20
G1 F4020 X78.57 Y125.906 E1927.2043
G1 X78.739 Y125.31 E1927.23006
G1 X78.83 Y125.115 E1927.239
G1 X79.202 Y124.582 E1927.26603
G1 X79.526 Y124.295 E1927.28402
G1 X80.085 Y123.976 E1927.31078
G1 X80.499 Y123.855 E1927.32871
G1 X81.015 Y123.8 E1927.35029
G1 X81.49 Y123.844 E1927.37012
G1 X82.081 Y124.045 E1927.39607
G1 X82.468 Y124.279 E1927.41487
G1 X82.963 Y124.769 E1927.44383
G1 X83.277 Y125.339 E1927.47089
G1 X83.428 Y125.949 E1927.49701
G1 X83.446 Y126.386 E1927.5152
G1 X83.322 Y127.022 E1927.54214
G1 X83.004 Y127.657 E1927.57166
G1 X82.522 Y128.168 E1927.60087
G1 X82.099 Y128.451 E1927.62203
G1 X81.446 Y128.661 E1927.65055
G1 X81.042 Y128.705 E1927.66744
G1 X80.412 Y128.631 E1927.69381
G1 X79.999 Y128.49 E1927.71196
G1 X79.494 Y128.185 E1927.73648
G1 X79.202 Y127.918 E1927.75293
G1 X78.83 Y127.385 E1927.77996
G1 X78.739 Y127.19 E1927.7889
G1 X78.569 Y126.583 E1927.81511
G1 X78.565 Y126.001 E1927.83931
M204 S5000
M205 X30 Y30
G0 F7200 X78.365 Y126.001
G0 X79.038 Y124.55
G0 X79.947 Y123.876
G0 X136.379 Y125.906
G0 X136.572 Y125.949
M204 S3000
M205 X20 Y20
G1 F4020 X136.723 Y125.339 E1927.86543
G1 X137.038 Y124.767 E1927.89258
G1 X137.533 Y124.279 E1927.92148
G1 X137.92 Y124.044 E1927.94031
G1 X138.522 Y123.845 E1927.96667
G1 X138.985 Y123.8 E1927.98601
G1 X139.501 Y123.855 E1928.00758
G1 X140.066 Y124.046 E1928.03238
G1 X140.604 Y124.395 E1928.05904
G1 X140.904 Y124.711 E1928.07715
G1 X141.26 Y125.31 E1928.10612
G1 X141.436 Y125.936 E1928.13316
G1 X141.432 Y126.583 E1928.16006
G1 X141.232 Y127.291 E1928.19064
G1 X140.834 Y127.88 E1928.2202
G1 X140.507 Y128.185 E1928.23879
G1 X140.001 Y128.49 E1928.26335
G1 X139.588 Y128.631 E1928.2815
G1 X139.024 Y128.697 E1928.30511
G1 X138.604 Y128.669 E1928.32261
G1 X137.988 Y128.479 E1928.34941
G1 X137.61 Y128.27 E1928.36736
G1 X137.13 Y127.831 E1928.39441
G1 X136.754 Y127.223 E1928.42413
G1 X136.572 Y126.551 E1928.45307
G1 X136.554 Y126.114 E1928.47126
G1 X136.572 Y125.949 E1928.47816
M204 S5000
M205 X30 Y30
G0 F7200 X136.379 Y125.906
G0 X135.928 Y115.8
G0 X136.111 Y115.715
M204 S3000
M205 X20 Y20
G1 F4020 X135.934 Y115.31 E1928.49653
G1 X135.858 Y114.879 E1928.51473
G1 X135.847 Y114.719 E1928.5214
G1 X135.948 Y114.106 E1928.54723
G1 X136.235 Y113.601 E1928.57138
G1 X136.562 Y113.255 E1928.59117
G1 X137.095 Y112.962 E1928.61646
G1 X137.747 Y112.835 E1928.64407
G1 X138.376 Y112.952 E1928.67067
G1 X138.953 Y113.261 E1928.69788
G1 X139.292 Y113.645 E1928.71918
G1 X139.484 Y113.981 E1928.73527
G1 X139.572 Y114.223 E1928.74597
G1 X139.654 Y114.75 E1928.76815
G1 X139.559 Y115.375 E1928.79443
G1 X139.316 Y115.819 E1928.81547
G1 X139.066 Y116.117 E1928.83165
G1 X138.866 Y116.284 E1928.84248
G1 X138.376 Y116.548 E1928.86562
G1 X137.832 Y116.649 E1928.88862
G1 X137.223 Y116.572 E1928.91414
G1 X137.017 Y116.504 E1928.92316
G1 X136.458 Y116.144 E1928.9508
G1 X136.111 Y115.715 E1928.97374
M204 S5000
M205 X30 Y30
G0 F7200 X135.928 Y115.8
G0 X136.366 Y102.963
G0 X136.561 Y103.007
M204 S3000
M205 X20 Y20
G1 F4020 X136.7 Y102.38 E1929.00045
G1 X137.048 Y101.749 E1929.0304
G1 X137.537 Y101.281 E1929.05855
G1 X137.955 Y101.033 E1929.07875
G1 X138.52 Y100.845 E1929.10351
G1 X138.95 Y100.8 E1929.12148
G1 X139.574 Y100.863 E1929.14756
G1 X139.952 Y100.989 E1929.16412
G1 X140.553 Y101.341 E1929.19308
G1 X140.904 Y101.711 E1929.21428
G1 X141.17 Y102.115 E1929.23439
G1 X141.403 Y102.784 E1929.26385
G1 X141.436 Y103.001 E1929.27297
G1 X141.425 Y103.629 E1929.29909
G1 X141.26 Y104.19 E1929.3234
G1 X140.893 Y104.801 E1929.35303
G1 X140.368 Y105.279 E1929.38255
G1 X140.182 Y105.394 E1929.39164
G1 X139.514 Y105.643 E1929.42128
G1 X138.986 Y105.7 E1929.44336
G1 X138.522 Y105.655 E1929.46274
G1 X137.92 Y105.456 E1929.4891
G1 X137.535 Y105.222 E1929.50783
G1 X137.044 Y104.743 E1929.53635
G1 X136.708 Y104.138 E1929.56512
G1 X136.564 Y103.514 E1929.59175
G1 X136.554 Y103.114 E1929.60838
G1 X136.561 Y103.007 E1929.61284
M204 S5000
M205 X30 Y30
G0 F7200 X136.366 Y102.963
G0 X135.74 Y96.361
G0 X135.938 Y96.327
M204 S3000
M205 X20 Y20
G1 F4020 X135.858 Y95.879 E1929.63176
G1 X135.847 Y95.715 E1929.63859
G1 X135.959 Y95.105 E1929.66438
G1 X136.208 Y94.646 E1929.68609
G1 X136.545 Y94.263 E1929.7073
G1 X137.093 Y93.963 E1929.73327
G1 X137.677 Y93.85 E1929.758
G1 X138.419 Y93.954 E1929.78915
G1 X138.963 Y94.283 E1929.81558
G1 X139.293 Y94.646 E1929.83598
G1 X139.559 Y95.166 E1929.86026
G1 X139.652 Y95.79 E1929.88649
G1 X139.539 Y96.4 E1929.91228
G1 X139.394 Y96.706 E1929.92636
G1 X138.983 Y97.213 E1929.9535
G1 X138.402 Y97.55 E1929.98142
G1 X137.801 Y97.652 E1930.00677
G1 X137.114 Y97.557 E1930.0356
G1 X136.52 Y97.204 E1930.06433
G1 X136.154 Y96.781 E1930.08758
G1 X135.938 Y96.327 E1930.10848
M204 S5000
M205 X30 Y30
G0 F7200 X136.549 Y96.474
M204 S3000
M205 X20 Y20
;TYPE:WALL-OUTER
G1 F2040 X136.427 Y96.218 E1930.12027
G1 X136.35 Y95.793 E1930.13823
G1 X136.42 Y95.31 E1930.15852
G1 X136.642 Y94.894 E1930.17813
G1 X136.894 Y94.642 E1930.19294
G1 X137.281 Y94.427 E1930.21135
G1 X137.706 Y94.35 E1930.22931
G1 X138.214 Y94.426 E1930.25066
G1 X138.647 Y94.671 E1930.27135
G1 X138.859 Y94.894 E1930.28414
G1 X139.08 Y95.31 E1930.30372
G1 X139.153 Y95.764 E1930.32284
G1 X139.071 Y96.224 E1930.34227
G1 X138.959 Y96.46 E1930.35313
G1 X138.652 Y96.827 E1930.37302
G1 X138.254 Y97.059 E1930.39217
G1 X137.767 Y97.153 E1930.41279
G1 X137.281 Y97.073 E1930.43327
G1 X136.88 Y96.849 E1930.45237
G1 X136.549 Y96.474 E1930.47316
M204 S5000
M205 X30 Y30
G0 F7200 X136.463 Y96.294
G0 X135.83 Y96.59
G0 X136.49 Y102.408
G0 X137.173 Y102.561
M204 S3000
M205 X20 Y20
G1 F2040 X137.45 Y102.061 E1930.49693
G1 X137.846 Y101.674 E1930.51995
G1 X138.102 Y101.516 E1930.53245
G1 X138.629 Y101.333 E1930.55565
G1 X138.974 Y101.301 E1930.57005
G1 X139.459 Y101.353 E1930.59033
G1 X139.768 Y101.454 E1930.60385
G1 X140.239 Y101.737 E1930.62669
G1 X140.486 Y101.985 E1930.64124
G1 X140.752 Y102.389 E1930.66135
G1 X140.936 Y102.963 E1930.68641
G1 X140.932 Y103.543 E1930.71053
G1 X140.771 Y104.083 E1930.73396
G1 X140.429 Y104.577 E1930.75894
G1 X139.986 Y104.934 E1930.78259
G1 X139.46 Y105.146 E1930.80617
G1 X138.96 Y105.2 E1930.82708
G1 X138.63 Y105.167 E1930.84086
G1 X138.138 Y105.002 E1930.86244
G1 X137.858 Y104.835 E1930.87599
G1 X137.464 Y104.457 E1930.89869
G1 X137.173 Y103.947 E1930.92311
G1 X137.055 Y103.416 E1930.94572
G1 X137.054 Y103.114 E1930.95828
G1 X137.056 Y103.078 E1930.95977
G1 X137.173 Y102.561 E1930.98181
M204 S5000
M205 X30 Y30
G0 F7200 X137.27 Y102.386
G0 X136.658 Y102.043
G0 X135.828 Y113.906
G0 X136.435 Y114.258
M204 S3000
M205 X20 Y20
G1 F2040 X136.671 Y113.853 E1931.0013
G1 X136.854 Y113.67 E1931.01206
G1 X137.288 Y113.425 E1931.03278
G1 X137.778 Y113.348 E1931.0534
G1 X138.223 Y113.428 E1931.0722
G1 X138.606 Y113.642 E1931.09044
G1 X138.818 Y113.842 E1931.10256
G1 X139.08 Y114.31 E1931.12486
G1 X139.154 Y114.75 E1931.14341
G1 X139.063 Y115.242 E1931.16421
G1 X138.933 Y115.497 E1931.17611
G1 X138.616 Y115.851 E1931.19586
G1 X138.223 Y116.072 E1931.21461
G1 X137.778 Y116.152 E1931.23341
G1 X137.288 Y116.075 E1931.25403
G1 X136.86 Y115.836 E1931.27441
G1 X136.555 Y115.482 E1931.29384
G1 X136.43 Y115.226 E1931.30568
G1 X136.35 Y114.793 E1931.32399
G1 X136.435 Y114.258 E1931.34651
M204 S5000
M205 X30 Y30
G0 F7200 X136.535 Y114.085
G0 X135.929 Y113.733
G0 X136.378 Y126.593
G0 X137.06 Y126.441
M204 S3000
M205 X20 Y20
G1 F2040 X137.054 Y126.114 E1931.36011
G1 X137.06 Y126.059 E1931.36241
G1 X137.181 Y125.541 E1931.38452
G1 X137.451 Y125.056 E1931.4076
G1 X137.832 Y124.685 E1931.42971
G1 X138.138 Y124.498 E1931.44462
G1 X138.635 Y124.332 E1931.4664
G1 X138.974 Y124.301 E1931.48056
G1 X139.447 Y124.352 E1931.50034
G1 X139.806 Y124.473 E1931.51609
G1 X140.257 Y124.755 E1931.5382
G1 X140.486 Y124.985 E1931.55169
G1 X140.772 Y125.419 E1931.5733
G1 X140.934 Y125.969 E1931.59714
G1 X140.934 Y126.527 E1931.62034
G1 X140.782 Y127.046 E1931.64282
G1 X140.487 Y127.515 E1931.66586
G1 X140.225 Y127.771 E1931.68109
G1 X139.784 Y128.039 E1931.70254
G1 X139.476 Y128.143 E1931.71606
G1 X138.974 Y128.199 E1931.73706
G1 X138.631 Y128.169 E1931.75137
G1 X138.098 Y127.982 E1931.77486
G1 X137.826 Y127.809 E1931.78826
G1 X137.433 Y127.413 E1931.81145
G1 X137.191 Y126.979 E1931.83211
G1 X137.06 Y126.441 E1931.85513
M204 S5000
M205 X30 Y30
G0 F7200 X137.057 Y126.241
G0 X136.354 Y126.241
G0 X82.953 Y112.817
G0 X81.547 Y112.817
G0 X80.712 Y113.409
G0 X80.92 Y114.31
M204 S3000
M205 X20 Y20
G1 F2040 X81.142 Y113.894 E1931.87474
G1 X81.342 Y113.682 E1931.88686
G1 X81.777 Y113.428 E1931.9078
G1 X82.222 Y113.348 E1931.9266
G1 X82.712 Y113.425 E1931.94722
G1 X83.146 Y113.67 E1931.96794
G1 X83.329 Y113.853 E1931.9787
G1 X83.565 Y114.258 E1931.99819
G1 X83.653 Y114.728 E1932.01807
G1 X83.57 Y115.226 E1932.03906
G1 X83.443 Y115.485 E1932.05105
G1 X83.154 Y115.825 E1932.0696
G1 X82.712 Y116.075 E1932.09071
G1 X82.222 Y116.152 E1932.11133
G1 X81.777 Y116.072 E1932.13013
G1 X81.384 Y115.851 E1932.14888
G1 X81.067 Y115.497 E1932.16863
G1 X80.937 Y115.242 E1932.18053
G1 X80.85 Y114.793 E1932.19955
G1 X80.92 Y114.31 E1932.21984
M204 S5000
M205 X30 Y30
G0 F7200 X81.014 Y114.134
G0 X80.402 Y113.779
G0 X78.398 Y103.744
G0 X79.068 Y103.543
M204 S3000
M205 X20 Y20
G1 F2040 X79.065 Y103.001 E1932.24237
G1 X79.075 Y102.928 E1932.24544
G1 X79.248 Y102.389 E1932.26897
G1 X79.513 Y101.985 E1932.28906
G1 X79.761 Y101.737 E1932.30364
G1 X80.232 Y101.454 E1932.32648
G1 X80.541 Y101.353 E1932.34
G1 X81.052 Y101.299 E1932.36136
G1 X81.371 Y101.333 E1932.3747
G1 X81.863 Y101.499 E1932.39629
G1 X82.154 Y101.674 E1932.41041
G1 X82.55 Y102.061 E1932.43343
G1 X82.826 Y102.55 E1932.45677
G1 X82.946 Y103.096 E1932.48001
G1 X82.945 Y103.416 E1932.49332
G1 X82.823 Y103.95 E1932.51609
G1 X82.55 Y104.444 E1932.53956
G1 X82.167 Y104.815 E1932.56172
G1 X81.862 Y105.002 E1932.5766
G1 X81.37 Y105.167 E1932.59817
G1 X81.025 Y105.199 E1932.61258
G1 X80.469 Y105.128 E1932.63588
G1 X80.014 Y104.934 E1932.65645
G1 X79.571 Y104.577 E1932.6801
G1 X79.229 Y104.083 E1932.70508
G1 X79.068 Y103.543 E1932.72851
M204 S5000
M205 X30 Y30
G0 F7200 X79.067 Y103.343
G0 X78.365 Y103.343
G0 X80.161 Y95.914
G0 X80.85 Y95.793
M204 S3000
M205 X20 Y20
G1 F2040 X80.924 Y95.291 E1932.7496
G1 X81.141 Y94.894 E1932.76841
G1 X81.364 Y94.662 E1932.78179
G1 X81.788 Y94.425 E1932.80199
G1 X82.241 Y94.347 E1932.8211
G1 X82.733 Y94.432 E1932.84186
G1 X83.106 Y94.642 E1932.85965
G1 X83.318 Y94.842 E1932.87177
G1 X83.58 Y95.31 E1932.89407
G1 X83.653 Y95.768 E1932.91335
G1 X83.573 Y96.218 E1932.93235
G1 X83.451 Y96.474 E1932.94414
G1 X83.176 Y96.803 E1932.96197
G1 X82.746 Y97.063 E1932.98286
G1 X82.233 Y97.153 E1933.00451
G1 X81.746 Y97.059 E1933.02514
G1 X81.348 Y96.827 E1933.04429
G1 X81.041 Y96.46 E1933.06418
G1 X80.929 Y96.223 E1933.07508
G1 X80.85 Y95.793 E1933.09326
M204 S5000
M205 X30 Y30
G0 F7200 X80.879 Y95.595
G0 X80.181 Y95.472
G0 X81.83 Y91.56
G0 X81.177 Y91.313
M204 S3000
M205 X20 Y20
G1 F2040 X80.997 Y91.788 E1933.11437
G1 X80.839 Y92.045 E1933.12692
G1 X80.494 Y92.43 E1933.14841
G1 X80.213 Y92.645 E1933.16312
G1 X79.899 Y92.813 E1933.17793
G1 X79.184 Y93.095 E1933.20988
G1 X78.409 Y93.578 E1933.24785
G1 X77.829 Y94.069 E1933.27944
G1 X77.323 Y94.641 E1933.31119
G1 X77.109 Y94.944 E1933.32661
G1 X76.739 Y95.613 E1933.3584
G1 X76.465 Y96.34 E1933.3907
G1 X76.375 Y96.688 E1933.40564
G1 X76.251 Y97.54 E1933.44144
G1 X76.251 Y97.725 E1933.44913
G1 X76.25 Y125.514 E1934.60446
G1 X76.308 Y126.027 E1934.62592
G1 X76.486 Y126.803 E1934.65902
G1 X76.612 Y127.161 E1934.6748
G1 X76.956 Y127.875 E1934.70775
G1 X77.399 Y128.525 E1934.74046
G1 X77.647 Y128.816 E1934.75635
G1 X78.226 Y129.352 E1934.78916
G1 X78.875 Y129.794 E1934.8218
G1 X79.589 Y130.138 E1934.85475
G1 X79.947 Y130.264 E1934.87053
G1 X80.722 Y130.442 E1934.90359
G1 X81.238 Y130.5 E1934.92518
G1 X138.762 Y130.5 E1937.31675
G1 X139.278 Y130.442 E1937.33834
G1 X140.053 Y130.264 E1937.3714
G1 X140.411 Y130.138 E1937.38717
G1 X141.125 Y129.794 E1937.42013
G1 X141.777 Y129.349 E1937.45294
G1 X142.068 Y129.101 E1937.46884
G1 X142.604 Y128.522 E1937.50164
G1 X143.044 Y127.875 E1937.53417
G1 X143.388 Y127.16 E1937.56716
G1 X143.514 Y126.803 E1937.5829
G1 X143.692 Y126.028 E1937.61596
G1 X143.75 Y125.513 E1937.63751
G1 X143.75 Y97.536 E1938.80066
G1 X143.625 Y96.686 E1938.83637
G1 X143.535 Y96.34 E1938.85124
G1 X143.261 Y95.613 E1938.88354
G1 X142.889 Y94.942 E1938.91544
G1 X142.675 Y94.639 E1938.93086
G1 X142.169 Y94.067 E1938.96261
G1 X141.591 Y93.578 E1938.99409
G1 X140.819 Y93.098 E1939.03188
G1 X140.039 Y92.783 E1939.06685
G1 X139.526 Y92.447 E1939.09235
G1 X139.154 Y92.036 E1939.1154
G1 X139.002 Y91.786 E1939.12756
G1 X138.809 Y91.268 E1939.15054
G1 X138.753 Y90.955 E1939.16376
G1 X138.75 Y89.5 E1939.22425
G1 X81.25 Y89.5 E1941.61483
G1 X81.246 Y90.959 E1941.67548
G1 X81.177 Y91.313 E1941.69048
M204 S5000
M205 X30 Y30
G0 F7200 X81.106 Y91.5
G0 X81.76 Y91.747
G0 X80.317 Y95.047
G0 X78.426 Y102.872
G0 X78.365 Y125.969
G0 X79.066 Y125.969
M204 S3000
M205 X20 Y20
G1 F2040 X79.228 Y125.419 E1941.71432
G1 X79.513 Y124.985 E1941.7359
G1 X79.743 Y124.755 E1941.74943
G1 X80.194 Y124.473 E1941.77154
G1 X80.553 Y124.352 E1941.78729
G1 X81.04 Y124.3 E1941.80765
G1 X81.37 Y124.333 E1941.82144
G1 X81.862 Y124.498 E1941.84302
G1 X82.168 Y124.685 E1941.85792
G1 X82.55 Y125.057 E1941.88009
G1 X82.819 Y125.541 E1941.90311
G1 X82.94 Y126.059 E1941.92523
G1 X82.946 Y126.386 E1941.93883
G1 X82.826 Y126.948 E1941.96272
G1 X82.567 Y127.413 E1941.98485
G1 X82.174 Y127.809 E1942.00804
G1 X81.881 Y127.995 E1942.02247
G1 X81.36 Y128.169 E1942.04531
G1 X81.069 Y128.2 E1942.05748
G1 X80.519 Y128.142 E1942.08047
G1 X80.216 Y128.039 E1942.09377
G1 X79.776 Y127.771 E1942.11519
G1 X79.513 Y127.515 E1942.13045
G1 X79.218 Y127.046 E1942.15349
G1 X79.066 Y126.527 E1942.17597
G1 X79.065 Y126.001 E1942.19784
G1 X79.066 Y125.969 E1942.19917
M204 S5000
M205 X30 Y30
G0 F7200 X79.122 Y125.778
G0 X78.453 Y125.576
G0 X78.091 Y126.743
M204 S3000
M205 X20 Y20
;TYPE:SKIN
G1 F1459.1 X78.089 Y125.865 E1942.2367
G1 F1500 X78.099 Y125.791 E1942.2398
G1 X78.295 Y125.145 E1942.26787
G1 X78.439 Y124.843 E1942.28178
G1 X78.856 Y124.252 E1942.31185
G1 X79.286 Y123.884 E1942.33538
G1 X79.892 Y123.544 E1942.36427
G1 X80.402 Y123.39 E1942.38642
G1 X81.005 Y123.324 E1942.41164
G1 X81.559 Y123.375 E1942.43477
G1 X82.295 Y123.619 E1942.467
G1 X82.803 Y123.944 E1942.49208
G1 X83.333 Y124.457 E1942.52274
G1 X83.737 Y125.182 E1942.55725
G1 X83.928 Y125.987 E1942.59165
G1 X83.891 Y126.657 E1942.61954
G1 X83.768 Y127.185 E1942.64208
G1 X83.4 Y127.918 E1942.67618
G1 X83.201 Y128.172 E1942.6896
G1 X82.822 Y128.535 E1942.71142
G1 X82.312 Y128.883 E1942.73709
G1 F1572.3 X81.556 Y129.1 E1942.76828
G1 F1736.1 X81.055 Y129.136 E1942.78632
G1 F1913.3 X80.297 Y129.028 E1942.81128
G1 F2054.8 X79.843 Y128.862 E1942.82595
G1 F2083.3 X79.262 Y128.521 E1942.84612
G1 F1994.7 X78.886 Y128.19 E1942.86178
G1 F1875 X78.479 Y127.674 E1942.88364
G1 F1696.8 X78.296 Y127.319 E1942.89832
G1 F1500 X78.091 Y126.743 E1942.92374
M204 S5000
M205 X30 Y30
G0 F7200 X79.954 Y115.337
M204 S3000
M205 X20 Y20
G1 F1500 X79.874 Y114.791 E1942.94668
G1 X79.874 Y114.717 E1942.94975
G1 X79.957 Y114.148 E1942.97366
G1 X80.111 Y113.73 E1942.99218
G1 X80.486 Y113.152 E1943.02083
G1 X80.916 Y112.792 E1943.04414
G1 X81.496 Y112.494 E1943.07125
G1 X82.127 Y112.377 E1943.09793
G1 X82.375 Y112.378 E1943.10824
G1 X83.084 Y112.504 E1943.13818
G1 X83.728 Y112.886 E1943.16931
G1 X84.12 Y113.273 E1943.19221
G1 X84.461 Y113.869 E1943.22076
G1 X84.535 Y114.104 E1943.231
G1 X84.629 Y114.814 E1943.26078
G1 X84.531 Y115.408 E1943.28581
G1 X84.306 Y115.944 E1943.30998
G1 X83.808 Y116.572 E1943.3433
G1 X83.094 Y116.994 E1943.37778
G1 X82.375 Y117.122 E1943.40814
G1 X82.122 Y117.122 E1943.41866
G1 X81.507 Y117.013 E1943.44463
G1 X80.881 Y116.688 E1943.47396
G1 X80.595 Y116.45 E1943.48942
G1 X80.293 Y116.087 E1943.50906
G1 X80.043 Y115.627 E1943.53082
G1 X79.954 Y115.337 E1943.54343
M204 S5000
M205 X30 Y30
G0 F7200 X78.011 Y103.71
M204 S3000
M205 X20 Y20
G1 F1173.7 X77.999 Y103.013 E1943.58047
G1 F1080.7 X78.032 Y102.664 E1943.6007
G1 F1098.1 X78.066 Y102.619 E1943.60391
G1 F1293.1 X78.439 Y101.843 E1943.64543
G1 F1500 X78.856 Y101.252 E1943.6755
G1 X79.283 Y100.886 E1943.69888
G1 X79.884 Y100.544 E1943.72763
G1 X80.28 Y100.411 E1943.745
G1 X81.022 Y100.318 E1943.77609
G1 X81.651 Y100.395 E1943.80244
G1 X82.317 Y100.624 E1943.83172
G1 X82.775 Y100.921 E1943.85441
G1 X83.3 Y101.423 E1943.88461
G1 X83.737 Y102.178 E1943.92088
G1 X83.917 Y102.955 E1943.95404
G1 X83.919 Y103.523 E1943.97765
G1 X83.748 Y104.301 E1944.01077
G1 X83.321 Y105.052 E1944.04669
G1 X82.759 Y105.601 E1944.07935
G1 X82.279 Y105.889 E1944.10262
G1 X81.591 Y106.117 E1944.13276
G1 X81.063 Y106.176 E1944.15484
G1 X80.395 Y106.109 E1944.18276
G1 X80.087 Y106.025 E1944.19603
G1 X79.634 Y105.833 E1944.21648
G1 X79.327 Y105.643 E1944.23149
G1 X78.948 Y105.328 E1944.25198
G1 X78.729 Y105.091 E1944.2654
G1 X78.421 Y104.624 E1944.28866
G1 F1431.3 X78.216 Y104.167 E1944.31048
G1 F1311.2 X78.011 Y103.71 E1944.3343
M204 S5000
M205 X30 Y30
G0 F7200 X79.98 Y95.029
M204 S3000
M205 X20 Y20
G1 F1500 X80.304 Y94.388 E1944.36416
G1 F1575.6 X80.752 Y93.934 E1944.38941
G1 F1634 X81.435 Y93.513 E1944.42003
G1 F1556 X82.034 Y93.389 E1944.44455
G1 F1500 X82.385 Y93.379 E1944.45914
G1 X83.004 Y93.49 E1944.48529
G1 X83.617 Y93.812 E1944.51408
G1 X83.871 Y94.012 E1944.52752
G1 X84.209 Y94.417 E1944.54945
G1 X84.515 Y95.005 E1944.57701
G1 X84.637 Y95.764 E1944.60897
G1 X84.498 Y96.529 E1944.64129
G1 X84.279 Y96.99 E1944.66251
G1 X83.909 Y97.448 E1944.68699
G1 X83.629 Y97.682 E1944.70216
G1 X83.064 Y97.994 E1944.729
G1 X82.42 Y98.116 E1944.75625
G1 X82.128 Y98.123 E1944.76839
G1 X81.431 Y98.002 E1944.7978
G1 X80.828 Y97.656 E1944.82671
G1 X80.627 Y97.488 E1944.8376
G1 X80.19 Y96.94 E1944.86674
G1 X79.98 Y96.491 E1944.88735
G1 X79.876 Y95.847 E1944.91447
G1 X79.875 Y95.772 E1944.91759
G1 X79.98 Y95.029 E1944.94878
M204 S5000
M205 X30 Y30
G0 F7200 X81.862 Y92.239
M204 S3000
M205 X20 Y20
G1 F1500 X81.606 Y92.649 E1944.96888
G1 F1540 X81.184 Y93.109 E1944.99416
G1 F1648.4 X80.665 Y93.476 E1945.01821
G1 F1619.9 X80.225 Y93.73 E1945.03776
G1 F1515.2 X79.623 Y93.971 E1945.06445
G1 F1500 X78.984 Y94.369 E1945.09575
G1 X78.512 Y94.769 E1945.12148
G1 X78 Y95.348 E1945.15361
G1 X77.626 Y96.024 E1945.18573
G1 X77.351 Y96.753 E1945.21812
G1 X77.227 Y97.612 E1945.2542
G1 X77.226 Y102.021 E1945.43751
G1 F1243.8 X77.33 Y102.614 E1945.4677
G1 F1080.7 X77.317 Y103.02 E1945.49114
G1 F1090.1 X77.323 Y103.79 E1945.53519
G1 F1256.3 X77.226 Y104.471 E1945.56933
G1 F1500 X77.225 Y125.46 E1946.44196
G1 X77.271 Y125.862 E1946.45878
G1 F1482.2 X77.46 Y126.664 E1946.49345
G1 F1494 X77.79 Y127.371 E1946.52601
G1 F1569 X78.183 Y128.019 E1946.55614
G1 F1712.3 X78.753 Y128.6 E1946.58578
G1 F1918.2 X79.331 Y129.002 E1946.60867
G1 F1963.4 X80.106 Y129.37 E1946.63592
G1 F1879.7 X80.88 Y129.526 E1946.66211
G1 F1785.7 X81.291 Y129.558 E1946.67651
G1 F1663 X81.835 Y129.541 E1946.69692
G1 F1552.8 X82.379 Y129.524 E1946.71878
G1 F1500 X137.755 Y129.524 E1949.02105
G1 F1602.6 X138.708 Y129.557 E1949.05815
G1 F1781.5 X139.112 Y129.527 E1949.07234
G1 F1933 X139.783 Y129.39 E1949.09443
G1 F2021.6 X140.088 Y129.283 E1949.1044
G1 F1963.4 X140.76 Y128.957 E1949.12813
G1 F1851.9 X141.365 Y128.511 E1949.15344
G1 F1756.4 X141.864 Y127.931 E1949.1806
G1 F1641.1 X142.205 Y127.392 E1949.20484
G1 F1536.9 X142.543 Y126.665 E1949.23737
G1 F1500 X142.729 Y125.862 E1949.27164
G1 X142.775 Y125.457 E1949.28859
G1 X142.775 Y104.474 E1950.16096
G1 F1256.3 X142.678 Y103.789 E1950.1953
G1 F1090.1 X142.684 Y103.005 E1950.24015
G1 F1126.1 X142.7 Y102.471 E1950.26974
G1 F1304.3 X142.775 Y101.702 E1950.30668
G1 F1500 X142.775 Y97.605 E1950.47701
G1 X142.65 Y96.766 E1950.51228
G1 X142.373 Y96.023 E1950.54525
G1 X141.996 Y95.343 E1950.57757
G1 X141.484 Y94.765 E1950.60968
G1 X141.016 Y94.369 E1950.63516
G1 X140.379 Y93.973 E1950.66635
G1 F1556 X139.636 Y93.659 E1950.69868
G1 F1623.4 X138.962 Y93.219 E1950.7296
G1 F1562.5 X138.406 Y92.662 E1950.76101
G1 F1500 X138.134 Y92.244 E1950.78174
G1 X137.883 Y91.583 E1950.81114
G1 X137.779 Y91.052 E1950.83363
G1 X137.775 Y90.475 E1950.85762
G1 X82.225 Y90.475 E1953.16712
G1 X82.221 Y91.054 E1953.1912
G1 X82.115 Y91.591 E1953.21395
G1 X81.862 Y92.239 E1953.24287
M204 S5000
M205 X30 Y30
G0 F7200 X135.367 Y95.803
M204 S3000
M205 X20 Y20
G1 F1500 X135.367 Y95.721 E1953.24628
G1 X135.484 Y95.008 E1953.27632
G1 X135.812 Y94.383 E1953.30567
G1 X135.975 Y94.168 E1953.31688
G1 X136.39 Y93.806 E1953.33978
G1 X136.943 Y93.512 E1953.36582
G1 X137.639 Y93.374 E1953.39532
G1 X137.953 Y93.387 E1953.40838
G1 F1512.1 X138.452 Y93.483 E1953.42934
G1 F1575.6 X138.721 Y93.607 E1953.44106
G1 F1634 X139.283 Y93.958 E1953.46635
G1 F1565.8 X139.696 Y94.389 E1953.49013
G1 F1500 X140.018 Y95.028 E1953.51988
G1 X140.131 Y95.803 E1953.55244
G1 X140.027 Y96.455 E1953.57989
G1 X139.808 Y96.94 E1953.60201
G1 X139.391 Y97.469 E1953.63002
G1 X139.087 Y97.707 E1953.64607
G1 X138.447 Y98.022 E1953.67573
G1 X137.736 Y98.145 E1953.70573
G1 X136.941 Y97.997 E1953.73935
G1 X136.362 Y97.673 E1953.76693
G1 X136.116 Y97.473 E1953.78011
G1 X135.713 Y96.98 E1953.80658
G1 X135.483 Y96.465 E1953.83003
G1 X135.367 Y95.803 E1953.85798
M204 S5000
M205 X30 Y30
G0 F7200 X136.081 Y103.031
M204 S3000
M205 X20 Y20
G1 F1500 X136.25 Y102.214 E1953.89266
G1 X136.673 Y101.446 E1953.92911
G1 X137.23 Y100.916 E1953.96108
G1 X137.769 Y100.594 E1953.98718
G1 X138.429 Y100.378 E1954.01605
G1 X138.975 Y100.326 E1954.03886
G1 X139.651 Y100.398 E1954.06712
G1 X140.128 Y100.547 E1954.0879
G1 X140.851 Y100.963 E1954.12258
G1 X141.276 Y101.417 E1954.14843
G1 X141.567 Y101.853 E1954.17023
G1 F1304.3 X141.924 Y102.605 E1954.21003
G1 F1104.6 X141.967 Y102.662 E1954.21406
G1 F1076 X142 Y102.953 E1954.23103
G1 F1170 X141.989 Y103.71 E1954.27138
G1 F1368.6 X141.58 Y104.621 E1954.31688
G1 F1500 X141.271 Y105.09 E1954.34023
G1 X141.052 Y105.328 E1954.35368
G1 X140.673 Y105.643 E1954.37417
G1 X140.4 Y105.815 E1954.38759
G1 X139.591 Y106.115 E1954.42346
G1 X138.82 Y106.17 E1954.45559
G1 X138.425 Y106.12 E1954.47215
G1 X137.727 Y105.891 E1954.50269
G1 X137.243 Y105.603 E1954.5261
G1 X136.672 Y105.045 E1954.5593
G1 X136.249 Y104.296 E1954.59506
G1 X136.085 Y103.55 E1954.62681
G1 X136.081 Y103.031 E1954.64839
M204 S5000
M205 X30 Y30
G0 F7200 X135.36 Y114.712
M204 S3000
M205 X20 Y20
G1 F1500 X135.493 Y113.969 E1954.67977
G1 X135.841 Y113.334 E1954.70988
G1 X136.225 Y112.923 E1954.73326
G1 X136.801 Y112.571 E1954.76133
G1 X137.054 Y112.477 E1954.77255
G1 X137.641 Y112.377 E1954.79731
G1 X137.885 Y112.378 E1954.80745
G1 X138.492 Y112.486 E1954.83308
G1 X139.117 Y112.812 E1954.86239
G1 X139.332 Y112.975 E1954.87361
G1 X139.678 Y113.371 E1954.89547
G1 X139.895 Y113.741 E1954.9133
G1 X140.042 Y114.145 E1954.93118
G1 X140.132 Y114.744 E1954.95636
G1 X140.046 Y115.343 E1954.98152
G1 X139.957 Y115.628 E1954.99393
G1 X139.68 Y116.125 E1955.01759
G1 X139.437 Y116.417 E1955.03338
G1 X139.119 Y116.688 E1955.05075
G1 X138.504 Y117.006 E1955.07954
G1 X137.875 Y117.123 E1955.10614
G1 X137.145 Y117.041 E1955.13668
G1 X136.812 Y116.935 E1955.15121
G1 X136.209 Y116.58 E1955.1803
G1 X135.716 Y115.993 E1955.21217
G1 X135.488 Y115.485 E1955.23532
G1 X135.363 Y114.779 E1955.26513
G1 X135.36 Y114.712 E1955.26791
M204 S5000
M205 X30 Y30
G0 F7200 X136.083 Y126.434
M204 S3000
M205 X20 Y20
G1 F1500 X136.079 Y126.375 E1955.27037
G1 X136.11 Y125.84 E1955.29265
G1 X136.268 Y125.175 E1955.32107
G1 X136.675 Y124.449 E1955.35567
G1 X137.254 Y123.898 E1955.3889
G1 X137.719 Y123.613 E1955.41158
G1 X138.414 Y123.377 E1955.44209
G1 X138.914 Y123.326 E1955.46299
G1 X139.712 Y123.397 E1955.4963
G1 X140.281 Y123.624 E1955.52177
G1 X140.927 Y124.044 E1955.5538
G1 X141.302 Y124.45 E1955.57678
G1 X141.567 Y124.853 E1955.59683
G1 X141.713 Y125.169 E1955.6113
G1 X141.914 Y125.821 E1955.63967
G1 X141.905 Y126.647 E1955.67401
G1 F1552.8 X141.703 Y127.314 E1955.702
G1 F1652 X141.555 Y127.605 E1955.71433
G1 F1807.2 X141.146 Y128.164 E1955.73823
G1 F1994.7 X140.735 Y128.524 E1955.75531
G1 F2095 X140.176 Y128.854 E1955.77463
G1 F2066.1 X139.692 Y129.03 E1955.79018
G1 F1933 X139.071 Y129.123 E1955.81044
G1 F1748.3 X138.501 Y129.108 E1955.83078
G1 F1575.6 X137.844 Y128.932 E1955.8577
G1 F1500 X137.351 Y128.672 E1955.88087
G1 X136.775 Y128.145 E1955.91333
G1 X136.574 Y127.876 E1955.92729
G1 X136.218 Y127.156 E1955.96068
G1 X136.083 Y126.434 E1955.99122
M204 S5000
M205 X30 Y30
G0 F7200 X135.693 Y114.751
G0 X135.693 Y95.751
G0 X137.394 Y90.725
M204 S3000
M205 X20 Y20
G1 F1500 X137.527 Y90.858 E1955.99904
M204 S5000
M205 X30 Y30
G0 F7200 X137.658 Y91.696
M204 S3000
M205 X20 Y20
G1 F1500 X136.687 Y90.725 E1956.05613
M204 S5000
M205 X30 Y30
G0 F7200 X135.98 Y90.725
M204 S3000
M205 X20 Y20
G1 F1500 X138.493 Y93.239 E1956.20391
M204 S5000
M205 X30 Y30
G0 F7200 X137.679 Y93.131
M204 S3000
M205 X20 Y20
G1 F1500 X135.273 Y90.725 E1956.34538
M204 S5000
M205 X30 Y30
G0 F7200 X134.565 Y90.725
M204 S3000
M205 X20 Y20
G1 F1500 X137.07 Y93.229 E1956.49263
M204 S5000
M205 X30 Y30
G0 F7200 X136.562 Y93.429
M204 S3000
M205 X20 Y20
G1 F1500 X133.858 Y90.725 E1956.65162
M204 S5000
M205 X30 Y30
G0 F7200 X133.151 Y90.725
M204 S3000
M205 X20 Y20
G1 F1500 X136.128 Y93.702 E1956.82665
M204 S5000
M205 X30 Y30
G0 F7200 X135.759 Y94.04
M204 S3000
M205 X20 Y20
G1 F1500 X132.444 Y90.725 E1957.02156
M204 S5000
M205 X30 Y30
G0 F7200 X131.737 Y90.725
M204 S3000
M205 X20 Y20
G1 F1500 X135.48 Y94.468 E1957.24164
M204 S5000
M205 X30 Y30
G0 F7200 X135.239 Y94.934
M204 S3000
M205 X20 Y20
G1 F1500 X131.03 Y90.725 E1957.48911
M204 S5000
M205 X30 Y30
G0 F7200 X130.323 Y90.725
M204 S3000
M205 X20 Y20
G1 F1500 X135.14 Y95.542 E1957.77233
M204 S5000
M205 X30 Y30
G0 F7200 X135.199 Y96.308
M204 S3000
M205 X20 Y20
G1 F1500 X129.616 Y90.725 E1958.10059
M204 S5000
M205 X30 Y30
G0 F7200 X128.909 Y90.725
M204 S3000
M205 X20 Y20
G1 F1500 X138.328 Y100.144 E1958.65439
M204 S5000
M205 X30 Y30
G0 F7200 X137.797 Y100.32
M204 S3000
M205 X20 Y20
G1 F1500 X128.201 Y90.725 E1959.21857
M204 S5000
M205 X30 Y30
G0 F7200 X127.494 Y90.725
M204 S3000
M205 X20 Y20
G1 F1500 X137.331 Y100.561 E1959.79692
M204 S5000
M205 X30 Y30
G0 F7200 X136.925 Y100.863
M204 S3000
M205 X20 Y20
G1 F1500 X126.787 Y90.725 E1960.39299
M204 S5000
M205 X30 Y30
G0 F7200 X126.08 Y90.725
M204 S3000
M205 X20 Y20
G1 F1500 X136.562 Y101.207 E1961.00929
M204 S5000
M205 X30 Y30
G0 F7200 X136.283 Y101.635
M204 S3000
M205 X20 Y20
G1 F1500 X125.373 Y90.725 E1961.65076
M204 S5000
M205 X30 Y30
G0 F7200 X124.666 Y90.725
M204 S3000
M205 X20 Y20
G1 F1500 X136.033 Y102.092 E1962.3191
M204 S5000
M205 X30 Y30
G0 F7200 X135.899 Y102.665
M204 S3000
M205 X20 Y20
G1 F1500 X123.959 Y90.725 E1963.02112
M204 S5000
M205 X30 Y30
G0 F7200 X123.252 Y90.725
M204 S3000
M205 X20 Y20
G1 F1500 X135.831 Y103.304 E1963.76072
M204 S5000
M205 X30 Y30
G0 F7200 X135.958 Y104.139
M204 S3000
M205 X20 Y20
G1 F1500 X122.545 Y90.725 E1964.54938
M204 S5000
M205 X30 Y30
G0 F7200 X121.838 Y90.725
M204 S3000
M205 X20 Y20
G1 F1500 X142.524 Y111.411 E1965.76564
M204 S5000
M205 X30 Y30
G0 F7200 X142.524 Y112.118
M204 S3000
M205 X20 Y20
G1 F1500 X121.13 Y90.725 E1967.0235
M204 S5000
M205 X30 Y30
G0 F7200 X120.423 Y90.725
M204 S3000
M205 X20 Y20
G1 F1500 X142.524 Y112.825 E1968.32292
M204 S5000
M205 X30 Y30
G0 F7200 X142.524 Y113.533
M204 S3000
M205 X20 Y20
G1 F1500 X119.716 Y90.725 E1969.66394
M204 S5000
M205 X30 Y30
G0 F7200 X119.009 Y90.725
M204 S3000
M205 X20 Y20
G1 F1500 X142.524 Y114.24 E1971.04654
M204 S5000
M205 X30 Y30
G0 F7200 X142.524 Y114.947
M204 S3000
M205 X20 Y20
G1 F1500 X118.302 Y90.725 E1972.4707
M204 S5000
M205 X30 Y30
G0 F7200 X117.595 Y90.725
M204 S3000
M205 X20 Y20
G1 F1500 X142.524 Y115.654 E1973.93643
M204 S5000
M205 X30 Y30
G0 F7200 X142.524 Y116.361
M204 S3000
M205 X20 Y20
G1 F1500 X140.29 Y114.127 E1974.06778
M204 S5000
M205 X30 Y30
G0 F7200 X140.357 Y114.901
M204 S3000
M205 X20 Y20
G1 F1500 X142.524 Y117.068 E1974.19519
M204 S5000
M205 X30 Y30
G0 F7200 X142.524 Y117.775
M204 S3000
M205 X20 Y20
G1 F1500 X140.253 Y115.504 E1974.32871
M204 S5000
M205 X30 Y30
G0 F7200 X140.037 Y115.995
M204 S3000
M205 X20 Y20
G1 F1500 X142.524 Y118.482 E1974.47494
M204 S5000
M205 X30 Y30
G0 F7200 X142.524 Y119.189
M204 S3000
M205 X20 Y20
G1 F1500 X139.753 Y116.419 E1974.63783
M204 S5000
M205 X30 Y30
G0 F7200 X139.401 Y116.773
M204 S3000
M205 X20 Y20
G1 F1500 X142.524 Y119.897 E1974.82148
M204 S5000
M205 X30 Y30
G0 F7200 X142.524 Y120.604
M204 S3000
M205 X20 Y20
G1 F1500 X138.968 Y117.048 E1975.03056
M204 S5000
M205 X30 Y30
G0 F7200 X138.476 Y117.263
M204 S3000
M205 X20 Y20
G1 F1500 X142.524 Y121.311 E1975.26857
M204 S5000
M205 X30 Y30
G0 F7200 X142.524 Y122.018
M204 S3000
M205 X20 Y20
G1 F1500 X137.882 Y117.376 E1975.5415
M204 S5000
M205 X30 Y30
G0 F7200 X137.08 Y117.281
M204 S3000
M205 X20 Y20
G1 F1500 X142.524 Y122.725 E1975.86159
M204 S5000
M205 X30 Y30
G0 F7200 X142.524 Y123.432
M204 S3000
M205 X20 Y20
G1 F1500 X109.816 Y90.724 E1977.78469
M204 S5000
M205 X30 Y30
G0 F7200 X109.109 Y90.724
M204 S3000
M205 X20 Y20
G1 F1500 X142.524 Y124.139 E1979.74937
M204 S5000
M205 X30 Y30
G0 F7200 X142.524 Y124.846
M204 S3000
M205 X20 Y20
G1 F1500 X108.402 Y90.724 E1981.75561
M204 S5000
M205 X30 Y30
G0 F7200 X107.695 Y90.724
M204 S3000
M205 X20 Y20
G1 F1500 X140.355 Y123.385 E1983.67592
G1 X140.443 Y123.473
M204 S5000
M205 X30 Y30
G0 F7200 X139.377 Y123.114
M204 S3000
M205 X20 Y20
G1 F1500 X106.988 Y90.724 E1985.5803
M204 S5000
M205 X30 Y30
G0 F7200 X106.28 Y90.724
M204 S3000
M205 X20 Y20
G1 F1500 X138.659 Y123.103 E1987.48406
M204 S5000
M205 X30 Y30
G0 F7200 X138.077 Y123.228
M204 S3000
M205 X20 Y20
G1 F1500 X105.573 Y90.724 E1989.39517
M204 S5000
M205 X30 Y30
G0 F7200 X104.866 Y90.724
M204 S3000
M205 X20 Y20
G1 F1500 X137.56 Y123.418 E1991.31745
M204 S5000
M205 X30 Y30
G0 F7200 X137.122 Y123.687
M204 S3000
M205 X20 Y20
G1 F1500 X104.159 Y90.724 E1993.25555
M204 S5000
M205 X30 Y30
G0 F7200 X103.452 Y90.724
M204 S3000
M205 X20 Y20
G1 F1500 X136.755 Y124.027 E1995.21364
M204 S5000
M205 X30 Y30
G0 F7200 X136.417 Y124.397
M204 S3000
M205 X20 Y20
G1 F1500 X102.745 Y90.724 E1997.19346
M204 S5000
M205 X30 Y30
G0 F7200 X102.038 Y90.724
M204 S3000
M205 X20 Y20
G1 F1500 X136.161 Y124.848 E1999.19979
M204 S5000
M205 X30 Y30
G0 F7200 X135.964 Y125.358
M204 S3000
M205 X20 Y20
G1 F1500 X101.331 Y90.724 E2001.2361
M204 S5000
M205 X30 Y30
G0 F7200 X100.624 Y90.724
M204 S3000
M205 X20 Y20
G1 F1500 X135.854 Y125.954 E2003.30749
M204 S5000
M205 X30 Y30
G0 F7200 X135.873 Y126.681
M204 S3000
M205 X20 Y20
G1 F1500 X99.917 Y90.724 E2005.4216
M204 S5000
M205 X30 Y30
G0 F7200 X99.209 Y90.724
M204 S3000
M205 X20 Y20
G1 F1500 X136.229 Y127.743 E2007.5982
G1 X136.317 Y127.831
M204 S5000
M205 X30 Y30
G0 F7200 X136.345 Y129.273
M204 S3000
M205 X20 Y20
G1 F1500 X97.795 Y90.724 E2009.86476
M204 S5000
M205 X30 Y30
G0 F7200 X97.088 Y90.724
M204 S3000
M205 X20 Y20
G1 F1500 X135.637 Y129.273 E2012.1313
M204 S5000
M205 X30 Y30
G0 F7200 X134.93 Y129.273
M204 S3000
M205 X20 Y20
G1 F1500 X96.381 Y90.724 E2014.39783
M204 S5000
M205 X30 Y30
G0 F7200 X95.674 Y90.724
M204 S3000
M205 X20 Y20
G1 F1500 X134.223 Y129.273 E2016.66437
M204 S5000
M205 X30 Y30
G0 F7200 X133.516 Y129.273
M204 S3000
M205 X20 Y20
G1 F1500 X94.967 Y90.724 E2018.9309
M204 S5000
M205 X30 Y30
G0 F7200 X94.26 Y90.724
M204 S3000
M205 X20 Y20
G1 F1500 X132.809 Y129.273 E2021.19743
M204 S5000
M205 X30 Y30
G0 F7200 X132.102 Y129.273
M204 S3000
M205 X20 Y20
G1 F1500 X93.553 Y90.724 E2023.46397
M204 S5000
M205 X30 Y30
G0 F7200 X92.845 Y90.724
M204 S3000
M205 X20 Y20
G1 F1500 X131.395 Y129.273 E2025.73053
M204 S5000
M205 X30 Y30
G0 F7200 X130.688 Y129.273
M204 S3000
M205 X20 Y20
G1 F1500 X92.138 Y90.724 E2027.99709
M204 S5000
M205 X30 Y30
G0 F7200 X91.431 Y90.724
M204 S3000
M205 X20 Y20
G1 F1500 X129.981 Y129.273 E2030.26365
M204 S5000
M205 X30 Y30
G0 F7200 X129.273 Y129.273
M204 S3000
M205 X20 Y20
G1 F1500 X90.724 Y90.724 E2032.53019
M204 S5000
M205 X30 Y30
G0 F7200 X90.017 Y90.724
M204 S3000
M205 X20 Y20
G1 F1500 X128.566 Y129.273 E2034.79672
M204 S5000
M205 X30 Y30
G0 F7200 X127.859 Y129.273
M204 S3000
M205 X20 Y20
G1 F1500 X89.31 Y90.724 E2037.06325
M204 S5000
M205 X30 Y30
G0 F7200 X88.603 Y90.724
M204 S3000
M205 X20 Y20
G1 F1500 X127.152 Y129.273 E2039.32979
M204 S5000
M205 X30 Y30
G0 F7200 X126.445 Y129.273
M204 S3000
M205 X20 Y20
G1 F1500 X87.896 Y90.724 E2041.59632
M204 S5000
M205 X30 Y30
G0 F7200 X87.189 Y90.724
M204 S3000
M205 X20 Y20
G1 F1500 X125.738 Y129.273 E2043.86285
M204 S5000
M205 X30 Y30
G0 F7200 X125.031 Y129.273
M204 S3000
M205 X20 Y20
G1 F1500 X86.481 Y90.724 E2046.12942
M204 S5000
M205 X30 Y30
G0 F7200 X85.774 Y90.724
M204 S3000
M205 X20 Y20
G1 F1500 X124.324 Y129.273 E2048.39598
M204 S5000
M205 X30 Y30
G0 F7200 X123.617 Y129.273
M204 S3000
M205 X20 Y20
G1 F1500 X85.067 Y90.724 E2050.66254
M204 S5000
M205 X30 Y30
G0 F7200 X84.36 Y90.724
M204 S3000
M205 X20 Y20
G1 F1500 X122.91 Y129.273 E2052.92911
M204 S5000
M205 X30 Y30
G0 F7200 X122.202 Y129.273
M204 S3000
M205 X20 Y20
G1 F1500 X83.653 Y90.724 E2055.19564
M204 S5000
M205 X30 Y30
G0 F7200 X82.946 Y90.724
M204 S3000
M205 X20 Y20
G1 F1500 X121.495 Y129.273 E2057.46217
M204 S5000
M205 X30 Y30
G0 F7200 X120.788 Y129.273
M204 S3000
M205 X20 Y20
G1 F1500 X82.469 Y90.954 E2059.71518
M204 S5000
M205 X30 Y30
G0 F7200 X82.372 Y91.565
M204 S3000
M205 X20 Y20
G1 F1500 X120.081 Y129.273 E2061.9323
M204 S5000
M205 X30 Y30
G0 F7200 X119.374 Y129.273
M204 S3000
M205 X20 Y20
G1 F1500 X84.463 Y94.362 E2063.98493
G1 X84.375 Y94.274
M204 S5000
M205 X30 Y30
G0 F7200 X84.844 Y95.45
M204 S3000
M205 X20 Y20
G1 F1500 X118.667 Y129.273 E2065.97359
M204 S5000
M205 X30 Y30
G0 F7200 X117.96 Y129.273
M204 S3000
M205 X20 Y20
G1 F1500 X84.824 Y96.138 E2067.92184
M204 S5000
M205 X30 Y30
G0 F7200 X84.69 Y96.71
M204 S3000
M205 X20 Y20
G1 F1500 X117.253 Y129.273 E2069.83641
M204 S5000
M205 X30 Y30
G0 F7200 X116.546 Y129.273
M204 S3000
M205 X20 Y20
G1 F1500 X84.449 Y97.177 E2071.72357
M204 S5000
M205 X30 Y30
G0 F7200 X84.13 Y97.565
M204 S3000
M205 X20 Y20
G1 F1500 X115.838 Y129.273 E2073.58787
M204 S5000
M205 X30 Y30
G0 F7200 X115.131 Y129.273
M204 S3000
M205 X20 Y20
G1 F1500 X83.754 Y97.896 E2075.43272
M204 S5000
M205 X30 Y30
G0 F7200 X83.302 Y98.151
M204 S3000
M205 X20 Y20
G1 F1500 X114.424 Y129.273 E2077.26258
M204 S5000
M205 X30 Y30
G0 F7200 X113.717 Y129.273
M204 S3000
M205 X20 Y20
G1 F1500 X82.751 Y98.308 E2079.08323
M204 S5000
M205 X30 Y30
G0 F7200 X82.107 Y98.37
M204 S3000
M205 X20 Y20
G1 F1500 X113.01 Y129.273 E2080.90021
M204 S5000
M205 X30 Y30
G0 F7200 X112.303 Y129.273
M204 S3000
M205 X20 Y20
G1 F1500 X81.167 Y98.137 E2082.73088
G1 X81.079 Y98.049
M204 S5000
M205 X30 Y30
G0 F7200 X79.866 Y96.836
M204 S3000
M205 X20 Y20
G1 F1500 X78.353 Y95.324 E2082.81981
M204 S5000
M205 X30 Y30
G0 F7200 X78.685 Y94.948
M204 S3000
M205 X20 Y20
G1 F1500 X79.63 Y95.894 E2082.87541
M204 S5000
M205 X30 Y30
G0 F7200 X79.697 Y95.253
M204 S3000
M205 X20 Y20
G1 F1500 X79.068 Y94.625 E2082.91236
M204 S5000
M205 X30 Y30
G0 F7200 X79.495 Y94.345
M204 S3000
M205 X20 Y20
G1 F1500 X79.861 Y94.71 E2082.93385
M204 S5000
M205 X30 Y30
G0 F7200 X80.098 Y94.24
M204 S3000
M205 X20 Y20
G1 F1500 X79.961 Y94.103 E2082.9419
M204 S5000
M205 X30 Y30
G0 F7200 X81.649 Y92.963
M204 S3000
M205 X20 Y20
G1 F1500 X81.858 Y93.172 E2082.95419
M204 S5000
M205 X30 Y30
G0 F7200 X81.953 Y92.56
M204 S3000
M205 X20 Y20
G1 F1500 X82.547 Y93.154 E2082.98912
M204 S5000
M205 X30 Y30
G0 F7200 X82.19 Y92.09
M204 S3000
M205 X20 Y20
G1 F1500 X83.636 Y93.536 E2083.07414
G1 X83.724 Y93.624
M204 S5000
M205 X30 Y30
G0 F7200 X82.25 Y93.693
G0 X78.066 Y95.743
M204 S3000
M205 X20 Y20
G1 F1500 X111.596 Y129.273 E2085.04557
M204 S5000
M205 X30 Y30
G0 F7200 X110.889 Y129.273
M204 S3000
M205 X20 Y20
G1 F1500 X84.055 Y102.44 E2086.62328
M204 S5000
M205 X30 Y30
G0 F7200 X84.169 Y103.26
M204 S3000
M205 X20 Y20
G1 F1500 X110.182 Y129.273 E2088.15274
M204 S5000
M205 X30 Y30
G0 F7200 X109.474 Y129.273
M204 S3000
M205 X20 Y20
G1 F1500 X84.094 Y103.893 E2089.64499
M204 S5000
M205 X30 Y30
G0 F7200 X83.947 Y104.453
M204 S3000
M205 X20 Y20
G1 F1500 X108.767 Y129.273 E2091.10431
M204 S5000
M205 X30 Y30
G0 F7200 X108.06 Y129.273
M204 S3000
M205 X20 Y20
G1 F1500 X83.691 Y104.904 E2092.53712
M204 S5000
M205 X30 Y30
G0 F7200 X83.4 Y105.32
M204 S3000
M205 X20 Y20
G1 F1500 X107.352 Y129.273 E2093.94543
M204 S5000
M205 X30 Y30
G0 F7200 X106.645 Y129.273
M204 S3000
M205 X20 Y20
G1 F1500 X83.044 Y105.671 E2095.33311
M204 S5000
M205 X30 Y30
G0 F7200 X82.631 Y105.965
M204 S3000
M205 X20 Y20
G1 F1500 X105.938 Y129.273 E2096.7035
M204 S5000
M205 X30 Y30
G0 F7200 X105.231 Y129.273
M204 S3000
M205 X20 Y20
G1 F1500 X82.152 Y106.194 E2098.06046
M204 S5000
M205 X30 Y30
G0 F7200 X81.617 Y106.365
M204 S3000
M205 X20 Y20
G1 F1500 X104.524 Y129.273 E2099.40733
M204 S5000
M205 X30 Y30
G0 F7200 X103.817 Y129.273
M204 S3000
M205 X20 Y20
G1 F1500 X80.96 Y106.416 E2100.75123
M204 S5000
M205 X30 Y30
G0 F7200 X80.131 Y106.294
M204 S3000
M205 X20 Y20
G1 F1500 X103.11 Y129.273 E2102.10231
M204 S5000
M205 X30 Y30
G0 F7200 X102.403 Y129.273
M204 S3000
M205 X20 Y20
G1 F1500 X77.501 Y104.371 E2103.56645
M204 S5000
M205 X30 Y30
G0 F7200 X77.737 Y103.9
M204 S3000
M205 X20 Y20
G1 F1500 X77.653 Y103.816 E2103.57139
M204 S5000
M205 X30 Y30
G0 F7200 X77.474 Y105.052
M204 S3000
M205 X20 Y20
G1 F1500 X101.696 Y129.273 E2104.99552
M204 S5000
M205 X30 Y30
G0 F7200 X100.988 Y129.273
M204 S3000
M205 X20 Y20
G1 F1500 X77.474 Y105.759 E2106.37806
M204 S5000
M205 X30 Y30
G0 F7200 X77.474 Y106.466
M204 S3000
M205 X20 Y20
G1 F1500 X83.416 Y112.408 E2106.72742
G1 X83.504 Y112.496
M204 S5000
M205 X30 Y30
G0 F7200 X82.436 Y112.135
M204 S3000
M205 X20 Y20
G1 F1500 X77.474 Y107.173 E2107.01917
M204 S5000
M205 X30 Y30
G0 F7200 X77.474 Y107.88
M204 S3000
M205 X20 Y20
G1 F1500 X81.781 Y112.186 E2107.27238
M204 S5000
M205 X30 Y30
G0 F7200 X81.231 Y112.344
M204 S3000
M205 X20 Y20
G1 F1500 X77.474 Y108.587 E2107.49327
M204 S5000
M205 X30 Y30
G0 F7200 X77.474 Y109.294
M204 S3000
M205 X20 Y20
G1 F1500 X80.772 Y112.591 E2107.68715
M204 S5000
M205 X30 Y30
G0 F7200 X80.383 Y112.91
M204 S3000
M205 X20 Y20
G1 F1500 X77.474 Y110.001 E2107.85819
M204 S5000
M205 X30 Y30
G0 F7200 X77.474 Y110.708
M204 S3000
M205 X20 Y20
G1 F1500 X80.081 Y113.315 E2108.01147
M204 S5000
M205 X30 Y30
G0 F7200 X79.826 Y113.767
M204 S3000
M205 X20 Y20
G1 F1500 X77.474 Y111.415 E2108.14976
M204 S5000
M205 X30 Y30
G0 F7200 X77.474 Y112.123
M204 S3000
M205 X20 Y20
G1 F1500 X79.68 Y114.328 E2108.27944
M204 S5000
M205 X30 Y30
G0 F7200 X79.657 Y115.013
M204 S3000
M205 X20 Y20
G1 F1500 X77.474 Y112.83 E2108.40779
M204 S5000
M205 X30 Y30
G0 F7200 X77.474 Y113.537
M204 S3000
M205 X20 Y20
G1 F1500 X79.998 Y116.06 E2108.55616
G1 X80.086 Y116.148
M204 S5000
M205 X30 Y30
G0 F7200 X80.936 Y116.998
M204 S3000
M205 X20 Y20
G1 F1500 X93.21 Y129.273 E2109.27785
M204 S5000
M205 X30 Y30
G0 F7200 X92.503 Y129.273
M204 S3000
M205 X20 Y20
G1 F1500 X77.474 Y114.244 E2110.1615
M204 S5000
M205 X30 Y30
G0 F7200 X77.474 Y114.951
M204 S3000
M205 X20 Y20
G1 F1500 X91.796 Y129.273 E2111.00358
M204 S5000
M205 X30 Y30
G0 F7200 X91.089 Y129.273
M204 S3000
M205 X20 Y20
G1 F1500 X77.474 Y115.658 E2111.80409
M204 S5000
M205 X30 Y30
G0 F7200 X77.474 Y116.365
M204 S3000
M205 X20 Y20
G1 F1500 X90.382 Y129.273 E2112.56303
M204 S5000
M205 X30 Y30
G0 F7200 X89.675 Y129.273
M204 S3000
M205 X20 Y20
G1 F1500 X77.474 Y117.072 E2113.2804
M204 S5000
M205 X30 Y30
G0 F7200 X77.474 Y117.779
M204 S3000
M205 X20 Y20
G1 F1500 X88.968 Y129.273 E2113.95621
M204 S5000
M205 X30 Y30
G0 F7200 X88.261 Y129.273
M204 S3000
M205 X20 Y20
G1 F1500 X83.833 Y124.845 E2114.21656
G1 X83.745 Y124.757
M204 S5000
M205 X30 Y30
G0 F7200 X84.159 Y125.878
M204 S3000
M205 X20 Y20
G1 F1500 X87.553 Y129.273 E2114.41614
M204 S5000
M205 X30 Y30
G0 F7200 X86.846 Y129.273
M204 S3000
M205 X20 Y20
G1 F1500 X84.147 Y126.574 E2114.57483
M204 S5000
M205 X30 Y30
G0 F7200 X84.033 Y127.167
M204 S3000
M205 X20 Y20
G1 F1500 X86.139 Y129.273 E2114.69866
M204 S5000
M205 X30 Y30
G0 F7200 X85.432 Y129.273
M204 S3000
M205 X20 Y20
G1 F1500 X83.814 Y127.654 E2114.79382
M204 S5000
M205 X30 Y30
G0 F7200 X83.56 Y128.107
M204 S3000
M205 X20 Y20
G1 F1500 X84.725 Y129.273 E2114.86234
M204 S5000
M205 X30 Y30
G0 F7200 X84.018 Y129.273
M204 S3000
M205 X20 Y20
G1 F1500 X83.232 Y128.486 E2114.90859
M204 S5000
M205 X30 Y30
G0 F7200 X82.853 Y128.815
M204 S3000
M205 X20 Y20
G1 F1500 X83.311 Y129.273 E2114.93552
M204 S5000
M205 X30 Y30
G0 F7200 X82.604 Y129.273
M204 S3000
M205 X20 Y20
G1 F1500 X82.433 Y129.102 E2114.94557
M204 S5000
M205 X30 Y30
G0 F7200 X80.387 Y128.773
G0 X79.429 Y128.308
G0 X77.828 Y126.618
M204 S3000
M205 X20 Y20
G1 F1500 X77.675 Y126.466 E2114.95454
M204 S5000
M205 X30 Y30
G0 F7200 X77.839 Y125.922
M204 S3000
M205 X20 Y20
G1 F1500 X77.489 Y125.572 E2114.97511
M204 S5000
M205 X30 Y30
G0 F7200 X77.971 Y125.347
M204 S3000
M205 X20 Y20
G1 F1500 X77.474 Y124.851 E2115.00431
M204 S5000
M205 X30 Y30
G0 F7200 X78.164 Y124.833
M204 S3000
M205 X20 Y20
G1 F1500 X77.474 Y124.143 E2115.04488
M204 S5000
M205 X30 Y30
G0 F7200 X77.474 Y123.436
M204 S3000
M205 X20 Y20
G1 F1500 X78.442 Y124.404 E2115.10179
M204 S5000
M205 X30 Y30
G0 F7200 X78.755 Y124.01
M204 S3000
M205 X20 Y20
G1 F1500 X77.474 Y122.729 E2115.17711
M204 S5000
M205 X30 Y30
G0 F7200 X77.474 Y122.022
M204 S3000
M205 X20 Y20
G1 F1500 X79.138 Y123.686 E2115.27495
M204 S5000
M205 X30 Y30
G0 F7200 X79.586 Y123.427
M204 S3000
M205 X20 Y20
G1 F1500 X77.474 Y121.315 E2115.39912
M204 S5000
M205 X30 Y30
G0 F7200 X77.474 Y120.608
M204 S3000
M205 X20 Y20
G1 F1500 X80.089 Y123.222 E2115.55285
M204 S5000
M205 X30 Y30
G0 F7200 X80.678 Y123.105
M204 S3000
M205 X20 Y20
G1 F1500 X77.474 Y119.901 E2115.74123
M204 S5000
M205 X30 Y30
G0 F7200 X77.474 Y119.194
M204 S3000
M205 X20 Y20
G1 F1500 X81.388 Y123.107 E2115.97133
G1 X81.476 Y123.195
M204 S5000
M205 X30 Y30
G0 F7200 X82.363 Y123.375
M204 S3000
M205 X20 Y20
G1 F1500 X77.474 Y118.487 E2116.25875
G1 X77.386 Y118.399
M204 S5000
M205 X30 Y30
G0 F7200 X81.996 Y117.352
M204 S3000
M205 X20 Y20
G1 F1500 X93.917 Y129.273 E2116.95966
M204 S5000
M205 X30 Y30
G0 F7200 X94.625 Y129.273
M204 S3000
M205 X20 Y20
G1 F1500 X82.672 Y117.321 E2117.66242
M204 S5000
M205 X30 Y30
G0 F7200 X83.25 Y117.191
M204 S3000
M205 X20 Y20
G1 F1500 X95.332 Y129.273 E2118.3728
M204 S5000
M205 X30 Y30
G0 F7200 X96.039 Y129.273
M204 S3000
M205 X20 Y20
G1 F1500 X83.693 Y116.927 E2119.0987
M204 S5000
M205 X30 Y30
G0 F7200 X84.09 Y116.617
M204 S3000
M205 X20 Y20
G1 F1500 X96.746 Y129.273 E2119.84282
M204 S5000
M205 X30 Y30
G0 F7200 X97.453 Y129.273
M204 S3000
M205 X20 Y20
G1 F1500 X84.405 Y116.225 E2120.60999
M204 S5000
M205 X30 Y30
G0 F7200 X84.653 Y115.766
M204 S3000
M205 X20 Y20
G1 F1500 X98.16 Y129.273 E2121.40415
M204 S5000
M205 X30 Y30
G0 F7200 X98.867 Y129.273
M204 S3000
M205 X20 Y20
G1 F1500 X84.814 Y115.22 E2122.23041
M204 S5000
M205 X30 Y30
G0 F7200 X84.843 Y114.542
M204 S3000
M205 X20 Y20
G1 F1500 X99.574 Y129.273 E2123.09654
M204 S5000
M205 X30 Y30
G0 F7200 X100.281 Y129.273
M204 S3000
M205 X20 Y20
G1 F1500 X84.577 Y113.569 E2124.01988
G1 X84.489 Y113.481
M204 S5000
M205 X30 Y30
G0 F7200 X78.644 Y104.353
G0 X77.758 Y102.507
M204 S3000
M205 X20 Y20
G1 F1500 X77.577 Y102.326 E2124.03052
M204 S5000
M205 X30 Y30
G0 F7200 X78.049 Y102.09
M204 S3000
M205 X20 Y20
G1 F1500 X77.476 Y101.517 E2124.06421
M204 S5000
M205 X30 Y30
G0 F7200 X77.476 Y100.81
M204 S3000
M205 X20 Y20
G1 F1500 X78.288 Y101.623 E2124.11198
M204 S5000
M205 X30 Y30
G0 F7200 X78.581 Y101.208
M204 S3000
M205 X20 Y20
G1 F1500 X77.476 Y100.103 E2124.17695
M204 S5000
M205 X30 Y30
G0 F7200 X77.476 Y99.396
M204 S3000
M205 X20 Y20
G1 F1500 X78.932 Y100.852 E2124.26256
M204 S5000
M205 X30 Y30
G0 F7200 X79.346 Y100.559
M204 S3000
M205 X20 Y20
G1 F1500 X77.476 Y98.689 E2124.37251
M204 S5000
M205 X30 Y30
G0 F7200 X77.476 Y97.982
M204 S3000
M205 X20 Y20
G1 F1500 X79.8 Y100.306 E2124.50915
M204 S5000
M205 X30 Y30
G0 F7200 X80.347 Y100.146
M204 S3000
M205 X20 Y20
G1 F1500 X77.521 Y97.32 E2124.67531
M204 S5000
M205 X30 Y30
G0 F7200 X77.629 Y96.721
M204 S3000
M205 X20 Y20
G1 F1500 X80.979 Y100.071 E2124.87227
M204 S5000
M205 X30 Y30
G0 F7200 X81.791 Y100.176
M204 S3000
M205 X20 Y20
G1 F1500 X77.823 Y96.208 E2125.10558
G1 X77.735 Y96.12
M204 S5000
M205 X30 Y30
G0 F7200 X81.547 Y93.817
G0 X98.502 Y90.724
M204 S3000
M205 X20 Y20
G1 F1500 X137.052 Y129.273 E2127.37214
M204 S5000
M205 X30 Y30
G0 F7200 X137.534 Y129.049
M204 S3000
M205 X20 Y20
G1 F1500 X137.759 Y129.274 E2127.38537
M204 S5000
M205 X30 Y30
G0 F7200 X140.053 Y128.624
G0 X142.153 Y126.596
M204 S3000
M205 X20 Y20
G1 F1500 X142.25 Y126.694 E2127.3911
M204 S5000
M205 X30 Y30
G0 F7200 X142.407 Y126.143
M204 S3000
M205 X20 Y20
G1 F1500 X142.158 Y125.895 E2127.40571
M204 S5000
M205 X30 Y30
G0 F7200 X142.513 Y125.542
M204 S3000
M205 X20 Y20
G1 F1500 X141.851 Y124.88 E2127.44464
M204 S5000
M205 X30 Y30
G0 F7200 X135.224 Y115.425
M204 S3000
M205 X20 Y20
G1 F1500 X110.524 Y90.725 E2128.8969
M204 S5000
M205 X30 Y30
G0 F7200 X111.231 Y90.725
M204 S3000
M205 X20 Y20
G1 F1500 X135.123 Y114.617 E2130.30166
M204 S5000
M205 X30 Y30
G0 F7200 X135.231 Y114.018
M204 S3000
M205 X20 Y20
G1 F1500 X111.938 Y90.725 E2131.6712
M204 S5000
M205 X30 Y30
G0 F7200 X112.645 Y90.725
M204 S3000
M205 X20 Y20
G1 F1500 X135.447 Y113.527 E2133.01187
M204 S5000
M205 X30 Y30
G0 F7200 X135.723 Y113.096
M204 S3000
M205 X20 Y20
G1 F1500 X113.352 Y90.725 E2134.3272
M204 S5000
M205 X30 Y30
G0 F7200 X114.059 Y90.725
M204 S3000
M205 X20 Y20
G1 F1500 X136.063 Y112.729 E2135.62095
M204 S5000
M205 X30 Y30
G0 F7200 X136.502 Y112.461
M204 S3000
M205 X20 Y20
G1 F1500 X114.766 Y90.725 E2136.89894
M204 S5000
M205 X30 Y30
G0 F7200 X115.474 Y90.725
M204 S3000
M205 X20 Y20
G1 F1500 X136.984 Y112.236 E2138.16368
M204 S5000
M205 X30 Y30
G0 F7200 X137.589 Y112.133
M204 S3000
M205 X20 Y20
G1 F1500 X116.181 Y90.725 E2139.42238
M204 S5000
M205 X30 Y30
G0 F7200 X116.888 Y90.725
M204 S3000
M205 X20 Y20
G1 F1500 X138.372 Y112.209 E2140.68556
G1 X138.46 Y112.297
M204 S5000
M205 X30 Y30
G0 F7200 X142.524 Y110.704
M204 S3000
M205 X20 Y20
G1 F1500 X138.091 Y106.271 E2140.94621
M204 S5000
M205 X30 Y30
G0 F7200 X138.942 Y106.416
M204 S3000
M205 X20 Y20
G1 F1500 X142.524 Y109.997 E2141.15678
M204 S5000
M205 X30 Y30
G0 F7200 X142.524 Y109.29
M204 S3000
M205 X20 Y20
G1 F1500 X139.598 Y106.364 E2141.32882
M204 S5000
M205 X30 Y30
G0 F7200 X140.126 Y106.185
M204 S3000
M205 X20 Y20
G1 F1500 X142.524 Y108.583 E2141.46981
M204 S5000
M205 X30 Y30
G0 F7200 X142.524 Y107.876
M204 S3000
M205 X20 Y20
G1 F1500 X140.619 Y105.971 E2141.58182
M204 S5000
M205 X30 Y30
G0 F7200 X141.028 Y105.672
M204 S3000
M205 X20 Y20
G1 F1500 X142.524 Y107.169 E2141.66981
M204 S5000
M205 X30 Y30
G0 F7200 X142.524 Y106.461
M204 S3000
M205 X20 Y20
G1 F1500 X141.389 Y105.327 E2141.73651
M204 S5000
M205 X30 Y30
G0 F7200 X141.684 Y104.914
M204 S3000
M205 X20 Y20
G1 F1500 X142.524 Y105.754 E2141.7859
M204 S5000
M205 X30 Y30
G0 F7200 X142.524 Y105.047
M204 S3000
M205 X20 Y20
G1 F1500 X141.928 Y104.451 E2141.82095
M204 S5000
M205 X30 Y30
G0 F7200 X142.192 Y104.009
M204 S3000
M205 X20 Y20
G1 F1500 X142.475 Y104.291 E2141.83756
M204 S5000
M205 X30 Y30
G0 F7200 X142.44 Y102.135
M204 S3000
M205 X20 Y20
G1 F1500 X138.551 Y98.246 E2142.06621
M204 S5000
M205 X30 Y30
G0 F7200 X139.027 Y98.014
M204 S3000
M205 X20 Y20
G1 F1500 X142.524 Y101.512 E2142.27185
M204 S5000
M205 X30 Y30
G0 F7200 X142.524 Y100.805
M204 S3000
M205 X20 Y20
G1 F1500 X139.454 Y97.734 E2142.45239
M204 S5000
M205 X30 Y30
G0 F7200 X139.79 Y97.364
M204 S3000
M205 X20 Y20
G1 F1500 X142.524 Y100.098 E2142.61314
M204 S5000
M205 X30 Y30
G0 F7200 X142.524 Y99.39
M204 S3000
M205 X20 Y20
G1 F1500 X140.074 Y96.94 E2142.75719
M204 S5000
M205 X30 Y30
G0 F7200 X140.28 Y96.44
M204 S3000
M205 X20 Y20
G1 F1500 X142.524 Y98.683 E2142.8891
M204 S5000
M205 X30 Y30
G0 F7200 X142.524 Y97.976
M204 S3000
M205 X20 Y20
G1 F1500 X140.378 Y95.83 E2143.01527
M204 S5000
M205 X30 Y30
G0 F7200 X140.265 Y95.011
M204 S3000
M205 X20 Y20
G1 F1500 X142.462 Y97.208 E2143.14445
G1 X142.55 Y97.296
M204 S5000
M205 X30 Y30
G0 F7200 X142.176 Y96.214
M204 S3000
M205 X20 Y20
G1 F1500 X140.089 Y94.127 E2143.26715
G1 X140.001 Y94.039
M204 S5000
M205 X30 Y30
G0 F7200 X139.691 Y96.405
G0 X137.959 Y98.361
M204 S3000
M205 X20 Y20
G1 F1500 X139.771 Y100.173 E2143.37369
M204 S5000
M205 X30 Y30
G0 F7200 X138.964 Y100.073
M204 S3000
M205 X20 Y20
G1 F1500 X137.187 Y98.297 E2143.47814
G1 X137.099 Y98.209
M204 S5000
M205 X30 Y30
;MESH:NONMESH
G0 F600 X137.099 Y98.209 Z2.1
G0 F7200 X82.25 Y93.693
G0 X80.971 Y94.15
G0 X80.241 Y95.13
G0 X80.44 Y95.165
;TIME_ELAPSED:1989.781974
;LAYER:9
M204 S3000
M205 X20 Y20
;TYPE:WALL-INNER
;MESH:Pi Holder.stl
G1 F4020 X80.707 Y94.646 E2143.50241
G1 X81.051 Y94.272 E2143.52354
G1 X81.675 Y93.938 E2143.55296
G1 X82.277 Y93.847 E2143.57827
G1 X82.871 Y93.943 E2143.60329
G1 X83.354 Y94.208 E2143.6262
G1 X83.738 Y94.546 E2143.64746
G1 X84.041 Y95.105 E2143.6739
G1 X84.16 Y95.755 E2143.70137
G1 X84.062 Y96.327 E2143.7255
G1 X83.846 Y96.781 E2143.7464
G1 X83.48 Y97.204 E2143.76966
G1 X82.928 Y97.54 E2143.79652
G1 X82.262 Y97.663 E2143.82468
G1 X81.598 Y97.55 E2143.85268
G1 X81.017 Y97.213 E2143.88061
G1 X80.606 Y96.707 E2143.90771
G1 X80.461 Y96.399 E2143.92186
G1 X80.357 Y95.879 E2143.94391
G1 X80.358 Y95.619 E2143.95472
G1 X80.44 Y95.165 E2143.9739
M204 S5000
M205 X30 Y30
G1 F1500 E2137.4739
G0 F7200 X80.241 Y95.13
G0 X80.313 Y99.02
G0 X80.011 Y100.757
G0 X79.038 Y101.55
G0 X78.414 Y103.008
G1 F1500 E2143.9739
G0 F7200 X78.565 Y103.001
M204 S3000
M205 X20 Y20
G1 F4020 X78.596 Y102.784 E2143.98301
G1 X78.83 Y102.115 E2144.01248
G1 X79.202 Y101.582 E2144.0395
G1 X79.526 Y101.295 E2144.0575
G1 X80.048 Y100.989 E2144.08266
G1 X80.426 Y100.863 E2144.09922
G1 X81.05 Y100.799 E2144.1253
G1 X81.481 Y100.841 E2144.1433
G1 X82.045 Y101.033 E2144.16807
G1 X82.463 Y101.281 E2144.18828
G1 X82.952 Y101.749 E2144.21642
G1 X83.301 Y102.382 E2144.24647
G1 X83.439 Y103.007 E2144.27308
G1 X83.446 Y103.472 E2144.29242
G1 X83.3 Y104.119 E2144.31999
G1 X82.957 Y104.743 E2144.3496
G1 X82.461 Y105.221 E2144.37824
G1 X82.081 Y105.455 E2144.39679
G1 X81.478 Y105.655 E2144.4232
G1 X81.014 Y105.7 E2144.44258
G1 X80.374 Y105.631 E2144.46935
G1 X79.706 Y105.346 E2144.49954
G1 X79.107 Y104.801 E2144.53321
G1 X78.739 Y104.19 E2144.56286
G1 X78.576 Y103.629 E2144.58715
G1 X78.565 Y103.001 E2144.61326
M204 S5000
M205 X30 Y30
G1 F1500 E2138.11326
G0 F7200 X78.414 Y103.008
G0 X78.602 Y104.214
G0 X79.104 Y105.139
G0 X80.445 Y111.429
G0 X80.231 Y114.188
G1 F1500 E2144.61326
G0 F7200 X80.428 Y114.223
M204 S3000
M205 X20 Y20
G1 F4020 X80.516 Y113.98 E2144.62401
G1 X80.708 Y113.645 E2144.64006
G1 X81.047 Y113.261 E2144.66136
G1 X81.624 Y112.952 E2144.68857
G1 X82.253 Y112.835 E2144.71517
G1 X82.905 Y112.962 E2144.74279
G1 X83.438 Y113.255 E2144.76807
G1 X83.765 Y113.601 E2144.78787
G1 X84.067 Y114.196 E2144.81561
G1 X84.162 Y114.773 E2144.83992
G1 X84.036 Y115.406 E2144.86675
G1 X83.889 Y115.715 E2144.88098
G1 X83.542 Y116.144 E2144.90392
G1 X82.983 Y116.504 E2144.93156
G1 X82.777 Y116.572 E2144.94058
G1 X82.168 Y116.649 E2144.9661
G1 X81.624 Y116.548 E2144.98911
G1 X81.134 Y116.284 E2145.01225
G1 X80.934 Y116.117 E2145.02308
G1 X80.684 Y115.819 E2145.03925
G1 X80.485 Y115.456 E2145.05646
G1 X80.357 Y114.879 E2145.08103
G1 X80.347 Y114.75 E2145.08641
G1 X80.428 Y114.223 E2145.10858
M204 S5000
M205 X30 Y30
G1 F1500 E2138.60858
G0 F7200 X80.231 Y114.188
G0 X80.101 Y117.86
G0 X80.012 Y123.757
G0 X79.038 Y124.55
G0 X78.414 Y126.003
G1 F1500 E2145.10858
G0 F7200 X78.565 Y126.001
M204 S3000
M205 X20 Y20
G1 F4020 X78.57 Y125.906 E2145.11254
G1 X78.739 Y125.31 E2145.13829
G1 X78.83 Y125.115 E2145.14724
G1 X79.202 Y124.582 E2145.17426
G1 X79.526 Y124.295 E2145.19226
G1 X80.085 Y123.976 E2145.21901
G1 X80.499 Y123.855 E2145.23695
G1 X81.015 Y123.8 E2145.25852
G1 X81.49 Y123.844 E2145.27835
G1 X82.081 Y124.045 E2145.30431
G1 X82.468 Y124.279 E2145.32311
G1 X82.963 Y124.769 E2145.35207
G1 X83.277 Y125.339 E2145.37912
G1 X83.428 Y125.949 E2145.40525
G1 X83.446 Y126.386 E2145.42343
G1 X83.322 Y127.022 E2145.45037
G1 X83.004 Y127.657 E2145.4799
G1 X82.522 Y128.168 E2145.5091
G1 X82.099 Y128.451 E2145.53026
G1 X81.446 Y128.661 E2145.55878
G1 X81.042 Y128.705 E2145.57567
G1 X80.412 Y128.631 E2145.60205
G1 X79.999 Y128.49 E2145.62019
G1 X79.494 Y128.185 E2145.64472
G1 X79.202 Y127.918 E2145.66117
G1 X78.83 Y127.385 E2145.68819
G1 X78.739 Y127.19 E2145.69714
G1 X78.569 Y126.583 E2145.72334
G1 X78.565 Y126.001 E2145.74754
M204 S5000
M205 X30 Y30
G1 F1500 E2139.24754
G0 F7200 X78.414 Y126.003
G0 X79.038 Y124.55
G0 X79.947 Y123.876
G0 X81.052 Y123.655
G0 X82.15 Y123.922
G0 X83.059 Y124.661
G0 X83.677 Y126.115
G0 X136.323 Y126.115
G1 F1500 E2145.74754
G0 F7200 X136.572 Y125.949
M204 S3000
M205 X20 Y20
G1 F4020 X136.723 Y125.339 E2145.77367
G1 X137.038 Y124.767 E2145.80082
G1 X137.533 Y124.279 E2145.82972
G1 X137.92 Y124.044 E2145.84854
G1 X138.522 Y123.845 E2145.8749
G1 X138.985 Y123.8 E2145.89424
G1 X139.501 Y123.855 E2145.91581
G1 X140.066 Y124.046 E2145.94061
G1 X140.604 Y124.395 E2145.96727
G1 X140.904 Y124.711 E2145.98539
G1 X141.26 Y125.31 E2146.01436
G1 X141.436 Y125.936 E2146.04139
G1 X141.432 Y126.583 E2146.06829
G1 X141.232 Y127.291 E2146.09888
G1 X140.834 Y127.88 E2146.12843
G1 X140.507 Y128.185 E2146.14702
G1 X140.001 Y128.49 E2146.17159
G1 X139.588 Y128.631 E2146.18973
G1 X139.024 Y128.697 E2146.21334
G1 X138.604 Y128.669 E2146.23084
G1 X137.988 Y128.479 E2146.25764
G1 X137.61 Y128.27 E2146.2756
G1 X137.13 Y127.831 E2146.30264
G1 X136.754 Y127.223 E2146.33236
G1 X136.572 Y126.551 E2146.36131
G1 X136.554 Y126.114 E2146.37949
G1 X136.572 Y125.949 E2146.38639
M204 S5000
M205 X30 Y30
G1 F1500 E2139.88639
G0 F7200 X136.426 Y125.911
G0 X136.78 Y124.948
G0 X137.291 Y118.502
G0 X135.928 Y115.8
G1 F1500 E2146.38639
G0 F7200 X136.111 Y115.715
M204 S3000
M205 X20 Y20
G1 F4020 X135.934 Y115.31 E2146.40477
G1 X135.858 Y114.879 E2146.42296
G1 X135.847 Y114.719 E2146.42963
G1 X135.948 Y114.106 E2146.45546
G1 X136.235 Y113.601 E2146.47961
G1 X136.562 Y113.255 E2146.4994
G1 X137.095 Y112.962 E2146.52469
G1 X137.747 Y112.835 E2146.55231
G1 X138.376 Y112.952 E2146.5789
G1 X138.953 Y113.261 E2146.60612
G1 X139.292 Y113.645 E2146.62741
G1 X139.484 Y113.981 E2146.6435
G1 X139.572 Y114.223 E2146.65421
G1 X139.654 Y114.75 E2146.67638
G1 X139.559 Y115.375 E2146.70266
G1 X139.316 Y115.819 E2146.72371
G1 X139.066 Y116.117 E2146.73988
G1 X138.866 Y116.284 E2146.75071
G1 X138.376 Y116.548 E2146.77385
G1 X137.832 Y116.649 E2146.79686
G1 X137.223 Y116.572 E2146.82238
G1 X137.017 Y116.504 E2146.8314
G1 X136.458 Y116.144 E2146.85904
G1 X136.111 Y115.715 E2146.88198
M204 S5000
M205 X30 Y30
G1 F1500 E2140.38198
G0 F7200 X135.928 Y115.8
G0 X135.693 Y114.751
G0 X137.352 Y110.99
G0 X137.318 Y105.334
G0 X136.571 Y104.179
G0 X136.415 Y102.972
G1 F1500 E2146.88198
G0 F7200 X136.561 Y103.007
M204 S3000
M205 X20 Y20
G1 F4020 X136.7 Y102.38 E2146.90868
G1 X137.048 Y101.749 E2146.93864
G1 X137.537 Y101.281 E2146.96678
G1 X137.955 Y101.033 E2146.98699
G1 X138.52 Y100.845 E2147.01174
G1 X138.95 Y100.8 E2147.02972
G1 X139.574 Y100.863 E2147.05579
G1 X139.952 Y100.989 E2147.07236
G1 X140.553 Y101.341 E2147.10131
G1 X140.904 Y101.711 E2147.12252
G1 X141.17 Y102.115 E2147.14263
G1 X141.403 Y102.784 E2147.17208
G1 X141.436 Y103.001 E2147.18121
G1 X141.425 Y103.629 E2147.20732
G1 X141.26 Y104.19 E2147.23163
G1 X140.893 Y104.801 E2147.26126
G1 X140.368 Y105.279 E2147.29078
G1 X140.182 Y105.394 E2147.29987
G1 X139.514 Y105.643 E2147.32951
G1 X138.986 Y105.7 E2147.35159
G1 X138.522 Y105.655 E2147.37097
G1 X137.92 Y105.456 E2147.39733
G1 X137.535 Y105.222 E2147.41606
G1 X137.044 Y104.743 E2147.44458
G1 X136.708 Y104.138 E2147.47335
G1 X136.564 Y103.514 E2147.49998
G1 X136.554 Y103.114 E2147.51661
G1 X136.561 Y103.007 E2147.52107
M204 S5000
M205 X30 Y30
G1 F1500 E2141.02107
G0 F7200 X136.415 Y102.972
G0 X137.297 Y101.186
G0 X137.081 Y99.49
G0 X135.74 Y96.361
G1 F1500 E2147.52107
G0 F7200 X135.938 Y96.327
M204 S3000
M205 X20 Y20
G1 F4020 X135.858 Y95.879 E2147.53999
G1 X135.847 Y95.715 E2147.54683
G1 X135.959 Y95.105 E2147.57261
G1 X136.208 Y94.646 E2147.59432
G1 X136.545 Y94.264 E2147.6155
G1 X137.129 Y93.943 E2147.64321
G1 X137.723 Y93.847 E2147.66822
G1 X138.405 Y93.949 E2147.69689
G1 X138.951 Y94.27 E2147.72322
G1 X139.172 Y94.488 E2147.73613
G1 X139.485 Y94.98 E2147.76037
G1 X139.56 Y95.165 E2147.76867
G1 X139.652 Y95.79 E2147.79494
G1 X139.539 Y96.4 E2147.82073
G1 X139.394 Y96.706 E2147.83481
G1 X138.983 Y97.213 E2147.86194
G1 X138.402 Y97.55 E2147.88987
G1 X137.801 Y97.652 E2147.91521
G1 X137.114 Y97.557 E2147.94404
G1 X136.52 Y97.204 E2147.97277
G1 X136.154 Y96.781 E2147.99603
G1 X135.938 Y96.327 E2148.01693
M204 S5000
M205 X30 Y30
G0 F7200 X135.74 Y96.361
G0 X135.817 Y95.047
G0 X138.394 Y92.139
G0 X138.556 Y92.029
M204 S3000
M205 X20 Y20
G1 F4020 X138.339 Y91.443 E2148.04291
G1 X138.25 Y90.987 E2148.06223
G1 X138.25 Y90 E2148.10326
G1 X81.75 Y90 E2150.45226
G1 X81.75 Y90.987 E2150.49329
G1 X81.661 Y91.443 E2150.51261
G1 X81.446 Y92.008 E2150.53774
G1 X81.077 Y92.561 E2150.56538
G1 X80.523 Y93.046 E2150.59599
G1 X80.175 Y93.237 E2150.6125
G1 X79.407 Y93.545 E2150.6469
G1 X78.704 Y93.983 E2150.68133
G1 X78.18 Y94.427 E2150.70989
G1 X77.61 Y95.07 E2150.74561
G1 X77.194 Y95.823 E2150.78138
G1 X76.888 Y96.633 E2150.81738
G1 X76.751 Y97.576 E2150.857
G1 X76.75 Y125.486 E2152.01736
G1 X76.802 Y125.943 E2152.03648
G1 X77.002 Y126.817 E2152.07376
G1 X77.39 Y127.625 E2152.11102
G1 X77.893 Y128.361 E2152.14808
G1 X78.538 Y128.96 E2152.18468
G1 X79.125 Y129.36 E2152.21421
G1 X79.928 Y129.746 E2152.25125
G1 X80.806 Y129.948 E2152.28871
G1 X81.266 Y130 E2152.30796
G1 X138.734 Y130 E2154.6972
G1 X139.194 Y129.948 E2154.71645
G1 X140.072 Y129.746 E2154.7539
G1 X140.875 Y129.36 E2154.79094
G1 X141.616 Y128.853 E2154.82827
G1 X142.212 Y128.21 E2154.86472
G1 X142.61 Y127.625 E2154.89414
G1 X142.996 Y126.821 E2154.93122
G1 X143.198 Y125.944 E2154.96863
G1 X143.25 Y125.485 E2154.98784
G1 X143.25 Y97.572 E2156.14833
G1 X143.112 Y96.634 E2156.18774
G1 X142.806 Y95.823 E2156.22378
G1 X142.387 Y95.068 E2156.25968
G1 X141.819 Y94.426 E2156.29532
G1 X141.296 Y93.983 E2156.32381
G1 X140.593 Y93.545 E2156.35825
G1 X139.907 Y93.274 E2156.38892
G1 X139.483 Y93.05 E2156.40885
G1 X138.965 Y92.598 E2156.43744
G1 X138.556 Y92.029 E2156.46657
M204 S5000
M205 X30 Y30
G0 F7200 X138.394 Y92.139
G0 X136.15 Y94.471
G0 X135.693 Y95.751
G0 X136.012 Y96.923
G0 X136.549 Y96.474
M204 S3000
M205 X20 Y20
;TYPE:WALL-OUTER
G1 F2040 X136.427 Y96.218 E2156.47836
G1 X136.35 Y95.793 E2156.49632
G1 X136.42 Y95.31 E2156.51661
G1 X136.642 Y94.894 E2156.53621
G1 X136.894 Y94.642 E2156.55103
G1 X137.281 Y94.427 E2156.56943
G1 X137.706 Y94.35 E2156.58739
G1 X138.206 Y94.423 E2156.6084
G1 X138.638 Y94.662 E2156.62892
G1 X138.858 Y94.894 E2156.64222
G1 X139.076 Y95.291 E2156.66105
G1 X139.153 Y95.764 E2156.68097
G1 X139.071 Y96.224 E2156.7004
G1 X138.959 Y96.46 E2156.71126
G1 X138.652 Y96.827 E2156.73115
G1 X138.254 Y97.059 E2156.7503
G1 X137.767 Y97.153 E2156.77092
G1 X137.281 Y97.073 E2156.7914
G1 X136.88 Y96.849 E2156.8105
G1 X136.549 Y96.474 E2156.83129
M204 S5000
M205 X30 Y30
G0 F7200 X136.463 Y96.294
G1 F1500 E2150.33129
G0 F7200 X135.83 Y96.59
G0 X137.081 Y99.49
G0 X137.297 Y101.186
G0 X136.54 Y102.421
G1 F1500 E2156.83129
G0 F7200 X137.173 Y102.561
M204 S3000
M205 X20 Y20
G1 F2040 X137.45 Y102.061 E2156.85506
G1 X137.846 Y101.674 E2156.87808
G1 X138.102 Y101.516 E2156.89058
G1 X138.629 Y101.333 E2156.91378
G1 X138.974 Y101.301 E2156.92818
G1 X139.459 Y101.353 E2156.94846
G1 X139.768 Y101.454 E2156.96198
G1 X140.239 Y101.737 E2156.98482
G1 X140.486 Y101.985 E2156.99937
G1 X140.752 Y102.389 E2157.01949
G1 X140.936 Y102.963 E2157.04455
G1 X140.932 Y103.543 E2157.06866
G1 X140.771 Y104.083 E2157.09209
G1 X140.429 Y104.577 E2157.11707
G1 X139.986 Y104.934 E2157.14072
G1 X139.46 Y105.146 E2157.1643
G1 X138.96 Y105.2 E2157.18521
G1 X138.63 Y105.167 E2157.199
G1 X138.138 Y105.002 E2157.22057
G1 X137.858 Y104.835 E2157.23412
G1 X137.464 Y104.457 E2157.25682
G1 X137.173 Y103.947 E2157.28124
G1 X137.055 Y103.416 E2157.30385
G1 X137.054 Y103.114 E2157.31641
G1 X137.056 Y103.078 E2157.31791
G1 X137.173 Y102.561 E2157.33994
M204 S5000
M205 X30 Y30
G0 F7200 X137.27 Y102.386
G1 F1500 E2150.83994
G0 F7200 X136.699 Y102.066
G0 X136.415 Y103.482
G0 X136.78 Y104.552
G0 X137.352 Y110.99
G0 X135.828 Y113.906
G1 F1500 E2157.33994
G0 F7200 X136.435 Y114.258
M204 S3000
M205 X20 Y20
G1 F2040 X136.671 Y113.853 E2157.35943
G1 X136.854 Y113.67 E2157.37019
G1 X137.288 Y113.425 E2157.39091
G1 X137.778 Y113.348 E2157.41153
G1 X138.223 Y113.428 E2157.43033
G1 X138.606 Y113.642 E2157.44857
G1 X138.818 Y113.842 E2157.46069
G1 X139.08 Y114.31 E2157.48299
G1 X139.154 Y114.75 E2157.50154
G1 X139.063 Y115.242 E2157.52234
G1 X138.933 Y115.497 E2157.53424
G1 X138.616 Y115.851 E2157.554
G1 X138.223 Y116.072 E2157.57274
G1 X137.778 Y116.152 E2157.59154
G1 X137.288 Y116.075 E2157.61216
G1 X136.86 Y115.836 E2157.63254
G1 X136.555 Y115.482 E2157.65197
G1 X136.43 Y115.226 E2157.66381
G1 X136.35 Y114.793 E2157.68212
G1 X136.435 Y114.258 E2157.70464
M204 S5000
M205 X30 Y30
G0 F7200 X136.535 Y114.085
G1 F1500 E2151.20464
G0 F7200 X135.929 Y113.733
G0 X135.693 Y114.751
G0 X137.291 Y118.502
G0 X137.318 Y124.166
G0 X136.571 Y125.321
G0 X136.427 Y126.589
G1 F1500 E2157.70464
G0 F7200 X137.06 Y126.441
M204 S3000
M205 X20 Y20
G1 F2040 X137.054 Y126.114 E2157.71824
G1 X137.06 Y126.059 E2157.72054
G1 X137.181 Y125.541 E2157.74265
G1 X137.451 Y125.056 E2157.76573
G1 X137.832 Y124.685 E2157.78784
G1 X138.138 Y124.498 E2157.80275
G1 X138.635 Y124.332 E2157.82453
G1 X138.974 Y124.301 E2157.83869
G1 X139.447 Y124.352 E2157.85847
G1 X139.806 Y124.473 E2157.87422
G1 X140.257 Y124.755 E2157.89633
G1 X140.486 Y124.985 E2157.90983
G1 X140.772 Y125.419 E2157.93143
G1 X140.934 Y125.969 E2157.95527
G1 X140.934 Y126.527 E2157.97847
G1 X140.782 Y127.046 E2158.00095
G1 X140.487 Y127.515 E2158.02399
G1 X140.225 Y127.771 E2158.03922
G1 X139.784 Y128.039 E2158.06067
G1 X139.476 Y128.143 E2158.07419
G1 X138.974 Y128.199 E2158.09519
G1 X138.631 Y128.169 E2158.1095
G1 X138.098 Y127.982 E2158.13299
G1 X137.826 Y127.809 E2158.14639
G1 X137.433 Y127.413 E2158.16959
G1 X137.191 Y126.979 E2158.19024
G1 X137.06 Y126.441 E2158.21327
M204 S5000
M205 X30 Y30
G0 F7200 X137.057 Y126.241
G1 F1500 E2151.71327
G0 F7200 X136.404 Y126.241
G0 X85.934 Y115.601
G0 X83.529 Y113.15
G0 X82.25 Y112.693
G0 X80.971 Y113.15
G0 X80.231 Y114.189
G1 F1500 E2158.21327
G0 F7200 X80.92 Y114.31
M204 S3000
M205 X20 Y20
G1 F2040 X81.142 Y113.894 E2158.23287
G1 X81.342 Y113.682 E2158.24499
G1 X81.777 Y113.428 E2158.26593
G1 X82.222 Y113.348 E2158.28473
G1 X82.712 Y113.425 E2158.30535
G1 X83.146 Y113.67 E2158.32607
G1 X83.329 Y113.853 E2158.33683
G1 X83.565 Y114.258 E2158.35632
G1 X83.653 Y114.728 E2158.3762
G1 X83.57 Y115.226 E2158.39719
G1 X83.443 Y115.485 E2158.40918
G1 X83.154 Y115.825 E2158.42773
G1 X82.712 Y116.075 E2158.44884
G1 X82.222 Y116.152 E2158.46947
G1 X81.777 Y116.072 E2158.48826
G1 X81.384 Y115.851 E2158.50701
G1 X81.067 Y115.497 E2158.52676
G1 X80.937 Y115.242 E2158.53866
G1 X80.85 Y114.793 E2158.55768
G1 X80.92 Y114.31 E2158.57797
M204 S5000
M205 X30 Y30
G0 F7200 X81.014 Y114.134
G1 F1500 E2152.07797
G0 F7200 X80.402 Y113.779
G0 X81.017 Y111.177
G0 X80.181 Y105.8
G0 X79.063 Y104.986
G0 X78.447 Y103.733
G1 F1500 E2158.57797
G0 F7200 X79.068 Y103.543
M204 S3000
M205 X20 Y20
G1 F2040 X79.065 Y103.001 E2158.6005
G1 X79.075 Y102.928 E2158.60357
G1 X79.248 Y102.389 E2158.6271
G1 X79.513 Y101.985 E2158.64719
G1 X79.761 Y101.737 E2158.66177
G1 X80.232 Y101.454 E2158.68461
G1 X80.541 Y101.353 E2158.69813
G1 X81.052 Y101.299 E2158.71949
G1 X81.371 Y101.333 E2158.73283
G1 X81.863 Y101.499 E2158.75442
G1 X82.154 Y101.674 E2158.76854
G1 X82.55 Y102.061 E2158.79156
G1 X82.826 Y102.55 E2158.8149
G1 X82.946 Y103.096 E2158.83814
G1 X82.945 Y103.416 E2158.85145
G1 X82.823 Y103.95 E2158.87422
G1 X82.55 Y104.444 E2158.89769
G1 X82.167 Y104.815 E2158.91986
G1 X81.862 Y105.002 E2158.93473
G1 X81.37 Y105.167 E2158.9563
G1 X81.025 Y105.199 E2158.97071
G1 X80.469 Y105.128 E2158.99401
G1 X80.014 Y104.934 E2159.01458
G1 X79.571 Y104.577 E2159.03823
G1 X79.229 Y104.083 E2159.06321
G1 X79.068 Y103.543 E2159.08664
M204 S5000
M205 X30 Y30
G0 F7200 X79.067 Y103.343
G1 F1500 E2152.58664
G0 F7200 X78.415 Y103.343
G0 X78.644 Y102.148
G0 X80.011 Y100.757
G0 X80.737 Y99.22
G0 X80.161 Y95.914
G1 F1500 E2159.08664
G0 F7200 X80.85 Y95.793
M204 S3000
M205 X20 Y20
G1 F2040 X80.924 Y95.291 E2159.10773
G1 X81.141 Y94.894 E2159.12654
G1 X81.342 Y94.681 E2159.13872
G1 X81.794 Y94.424 E2159.16034
G1 X82.294 Y94.35 E2159.18135
G1 X82.733 Y94.432 E2159.19992
G1 X83.106 Y94.642 E2159.21772
G1 X83.318 Y94.842 E2159.22983
G1 X83.58 Y95.31 E2159.25213
G1 X83.653 Y95.768 E2159.27141
G1 X83.573 Y96.218 E2159.29042
G1 X83.451 Y96.474 E2159.30221
G1 X83.176 Y96.803 E2159.32003
G1 X82.746 Y97.063 E2159.34092
G1 X82.233 Y97.153 E2159.36258
G1 X81.746 Y97.059 E2159.3832
G1 X81.348 Y96.827 E2159.40235
G1 X81.041 Y96.46 E2159.42224
G1 X80.929 Y96.223 E2159.43314
G1 X80.85 Y95.793 E2159.45132
M204 S5000
M205 X30 Y30
G0 F7200 X80.879 Y95.595
G0 X80.181 Y95.472
G0 X81.877 Y91.392
G0 X81.191 Y91.267
M204 S3000
M205 X20 Y20
G1 F2040 X80.999 Y91.79 E2159.47448
G1 X80.683 Y92.242 E2159.49741
G1 X80.218 Y92.643 E2159.52294
G1 X79.937 Y92.797 E2159.53626
G1 X79.181 Y93.097 E2159.57008
G1 X78.409 Y93.578 E2159.60789
G1 X77.829 Y94.069 E2159.63949
G1 X77.323 Y94.641 E2159.67124
G1 X77.109 Y94.944 E2159.68666
G1 X76.739 Y95.613 E2159.71844
G1 X76.465 Y96.34 E2159.75074
G1 X76.375 Y96.688 E2159.76569
G1 X76.251 Y97.54 E2159.80148
G1 X76.25 Y125.514 E2160.96451
G1 X76.308 Y126.027 E2160.98597
G1 X76.486 Y126.803 E2161.01907
G1 X76.612 Y127.161 E2161.03485
G1 X76.956 Y127.875 E2161.0678
G1 X77.399 Y128.525 E2161.1005
G1 X77.647 Y128.816 E2161.1164
G1 X78.226 Y129.352 E2161.1492
G1 X78.875 Y129.794 E2161.18185
G1 X79.589 Y130.138 E2161.2148
G1 X79.947 Y130.264 E2161.23058
G1 X80.722 Y130.442 E2161.26364
G1 X81.238 Y130.5 E2161.28522
G1 X138.762 Y130.5 E2163.67679
G1 X139.278 Y130.442 E2163.69838
G1 X140.053 Y130.264 E2163.73144
G1 X140.411 Y130.138 E2163.74722
G1 X141.125 Y129.794 E2163.78017
G1 X141.777 Y129.349 E2163.81299
G1 X142.068 Y129.101 E2163.82889
G1 X142.604 Y128.522 E2163.86169
G1 X143.044 Y127.875 E2163.89422
G1 X143.388 Y127.16 E2163.92721
G1 X143.514 Y126.803 E2163.94295
G1 X143.692 Y126.028 E2163.97601
G1 X143.75 Y125.513 E2163.99755
G1 X143.75 Y97.536 E2165.1607
G1 X143.625 Y96.686 E2165.19642
G1 X143.535 Y96.34 E2165.21128
G1 X143.261 Y95.613 E2165.24358
G1 X142.889 Y94.942 E2165.27548
G1 X142.675 Y94.639 E2165.2909
G1 X142.169 Y94.067 E2165.32265
G1 X141.591 Y93.578 E2165.35413
G1 X140.819 Y93.097 E2165.39195
G1 X140.063 Y92.796 E2165.42578
G1 X139.782 Y92.643 E2165.43908
G1 X139.303 Y92.232 E2165.46532
G1 X138.991 Y91.763 E2165.48874
G1 X138.809 Y91.267 E2165.51071
G1 X138.753 Y90.955 E2165.52388
G1 X138.75 Y89.5 E2165.58438
G1 X81.25 Y89.5 E2167.97495
G1 X81.247 Y90.955 E2168.03544
G1 X81.191 Y91.267 E2168.04862
M204 S5000
M205 X30 Y30
G0 F7200 X81.123 Y91.454
G1 F1500 E2161.54862
G0 F7200 X81.734 Y91.684
G0 X79.107 Y97.813
G0 X78.798 Y94.22
G0 X77.677 Y95.385
G0 X77.06 Y96.92
G0 X76.96 Y112.592
G0 X79.042 Y124.415
G0 X78.416 Y125.972
G1 F1500 E2168.04862
G0 F7200 X79.066 Y125.969
M204 S3000
M205 X20 Y20
G1 F2040 X79.228 Y125.419 E2168.07246
G1 X79.513 Y124.985 E2168.09404
G1 X79.743 Y124.755 E2168.10757
G1 X80.194 Y124.473 E2168.12968
G1 X80.553 Y124.352 E2168.14543
G1 X81.04 Y124.3 E2168.16579
G1 X81.37 Y124.333 E2168.17958
G1 X81.862 Y124.498 E2168.20116
G1 X82.168 Y124.685 E2168.21607
G1 X82.55 Y125.057 E2168.23823
G1 X82.819 Y125.541 E2168.26126
G1 X82.94 Y126.059 E2168.28337
G1 X82.946 Y126.386 E2168.29697
G1 X82.826 Y126.948 E2168.32086
G1 X82.567 Y127.413 E2168.34299
G1 X82.174 Y127.809 E2168.36618
G1 X81.881 Y127.995 E2168.38061
G1 X81.36 Y128.169 E2168.40345
G1 X81.069 Y128.2 E2168.41562
G1 X80.519 Y128.142 E2168.43861
G1 X80.216 Y128.039 E2168.45191
G1 X79.776 Y127.771 E2168.47333
G1 X79.513 Y127.515 E2168.48859
G1 X79.218 Y127.046 E2168.51163
G1 X79.066 Y126.527 E2168.53411
G1 X79.065 Y126.001 E2168.55598
G1 X79.066 Y125.969 E2168.55731
M204 S5000
M205 X30 Y30
G0 F7200 X79.122 Y125.778
G0 X78.453 Y125.576
G0 X78.435 Y126.672
G0 X78.091 Y126.743
M204 S3000
M205 X20 Y20
;TYPE:SKIN
G1 F1459.1 X78.089 Y125.865 E2168.59484
G1 F1500 X78.099 Y125.791 E2168.59794
G1 X78.295 Y125.145 E2168.62601
G1 X78.439 Y124.843 E2168.63992
G1 X78.856 Y124.252 E2168.66999
G1 X79.286 Y123.884 E2168.69352
G1 X79.892 Y123.544 E2168.72241
G1 X80.402 Y123.39 E2168.74456
G1 X81.005 Y123.324 E2168.76978
G1 X81.559 Y123.375 E2168.79291
G1 X82.295 Y123.619 E2168.82514
G1 X82.803 Y123.944 E2168.85022
G1 X83.333 Y124.457 E2168.88088
G1 X83.737 Y125.182 E2168.91539
G1 X83.928 Y125.987 E2168.94979
G1 X83.891 Y126.657 E2168.97768
G1 X83.768 Y127.185 E2169.00022
G1 X83.4 Y127.918 E2169.03432
G1 X83.201 Y128.172 E2169.04774
G1 X82.822 Y128.535 E2169.06956
G1 X82.312 Y128.883 E2169.09523
G1 F1572.3 X81.556 Y129.1 E2169.12642
G1 F1736.1 X81.055 Y129.136 E2169.14446
G1 F1913.3 X80.297 Y129.028 E2169.16942
G1 F2054.8 X79.843 Y128.862 E2169.18409
G1 F2083.3 X79.262 Y128.521 E2169.20426
G1 F1994.7 X78.886 Y128.19 E2169.21992
G1 F1875 X78.479 Y127.674 E2169.24178
G1 F1696.8 X78.296 Y127.319 E2169.25646
G1 F1500 X78.091 Y126.743 E2169.28188
M204 S5000
M205 X30 Y30
G1 F1500 E2162.78188
G0 F7200 X78.436 Y126.673
G0 X78.602 Y125.287
G0 X80.101 Y117.86
G0 X79.954 Y115.337
M204 S3000
M205 X20 Y20
G1 F1500 E2169.28188
G1 X79.874 Y114.791 E2169.30482
G1 X79.874 Y114.717 E2169.30789
G1 X79.957 Y114.148 E2169.3318
G1 X80.111 Y113.73 E2169.35032
G1 X80.486 Y113.152 E2169.37897
G1 X80.916 Y112.792 E2169.40228
G1 X81.496 Y112.494 E2169.42939
G1 X82.127 Y112.377 E2169.45607
G1 X82.375 Y112.378 E2169.46638
G1 X83.084 Y112.504 E2169.49632
G1 X83.728 Y112.886 E2169.52745
G1 X84.12 Y113.273 E2169.55035
G1 X84.461 Y113.869 E2169.5789
G1 X84.535 Y114.104 E2169.58915
G1 X84.629 Y114.814 E2169.61892
G1 X84.531 Y115.408 E2169.64395
G1 X84.306 Y115.944 E2169.66812
G1 X83.808 Y116.572 E2169.70144
G1 X83.094 Y116.994 E2169.73592
G1 X82.375 Y117.122 E2169.76629
G1 X82.122 Y117.122 E2169.7768
G1 X81.507 Y117.013 E2169.80277
G1 X80.881 Y116.688 E2169.8321
G1 X80.595 Y116.45 E2169.84756
G1 X80.293 Y116.087 E2169.8672
G1 X80.043 Y115.627 E2169.88896
G1 X79.954 Y115.337 E2169.90157
M204 S5000
M205 X30 Y30
G1 F1500 E2163.40157
G0 F7200 X80.445 Y111.429
G0 X80.181 Y105.8
G0 X79.063 Y104.986
G0 X78.429 Y103.657
G1 F1500 E2169.90157
G0 F7200 X78.011 Y103.71
M204 S3000
M205 X20 Y20
G1 F1173.7 X77.999 Y103.013 E2169.93861
G1 F1080.7 X78.032 Y102.664 E2169.95884
G1 F1098.1 X78.066 Y102.619 E2169.96205
G1 F1293.1 X78.439 Y101.843 E2170.00357
G1 F1500 X78.856 Y101.252 E2170.03364
G1 X79.283 Y100.886 E2170.05702
G1 X79.884 Y100.544 E2170.08577
G1 X80.28 Y100.411 E2170.10314
G1 X81.022 Y100.318 E2170.13423
G1 X81.651 Y100.395 E2170.16058
G1 X82.317 Y100.624 E2170.18986
G1 X82.775 Y100.921 E2170.21255
G1 X83.3 Y101.423 E2170.24275
G1 X83.737 Y102.178 E2170.27902
G1 X83.917 Y102.955 E2170.31218
G1 X83.919 Y103.523 E2170.33579
G1 X83.748 Y104.301 E2170.36891
G1 X83.321 Y105.052 E2170.40483
G1 X82.759 Y105.601 E2170.43749
G1 X82.279 Y105.889 E2170.46076
G1 X81.591 Y106.117 E2170.4909
G1 X81.063 Y106.176 E2170.51298
G1 X80.395 Y106.109 E2170.5409
G1 X80.087 Y106.025 E2170.55417
G1 X79.634 Y105.833 E2170.57462
G1 X79.327 Y105.643 E2170.58963
G1 X78.948 Y105.328 E2170.61012
G1 X78.729 Y105.091 E2170.62354
G1 X78.421 Y104.624 E2170.6468
G1 F1431.3 X78.216 Y104.167 E2170.66862
G1 F1311.2 X78.011 Y103.71 E2170.69244
M204 S5000
M205 X30 Y30
G1 F1500 E2164.19244
G0 F7200 X78.429 Y103.657
G0 X78.644 Y102.148
G0 X80.011 Y100.757
G0 X80.737 Y99.22
G0 X79.98 Y95.029
M204 S3000
M205 X20 Y20
G1 F1500 E2170.69244
G1 X80.305 Y94.386 E2170.7224
G1 F1569 X80.742 Y93.941 E2170.74719
G1 F1630.4 X81.282 Y93.604 E2170.77153
G1 F1559.3 X81.583 Y93.474 E2170.78465
G1 F1506 X82.286 Y93.368 E2170.81409
G1 F1500 X83.012 Y93.487 E2170.84467
G1 X83.617 Y93.812 E2170.87322
G1 X83.832 Y93.975 E2170.88444
G1 X84.196 Y94.392 E2170.90745
G1 X84.515 Y95.005 E2170.93618
G1 X84.637 Y95.764 E2170.96814
G1 X84.498 Y96.529 E2171.00047
G1 X84.279 Y96.99 E2171.02169
G1 X83.909 Y97.448 E2171.04617
G1 X83.629 Y97.682 E2171.06134
G1 X83.064 Y97.994 E2171.08817
G1 X82.42 Y98.116 E2171.11542
G1 X82.128 Y98.123 E2171.12757
G1 X81.431 Y98.002 E2171.15698
G1 X80.828 Y97.656 E2171.18588
G1 X80.627 Y97.488 E2171.19677
G1 X80.19 Y96.94 E2171.22591
G1 X79.98 Y96.491 E2171.24652
G1 X79.876 Y95.847 E2171.27364
G1 X79.875 Y95.772 E2171.27676
G1 X79.98 Y95.029 E2171.30796
M204 S5000
M205 X30 Y30
G0 F7200 X81.444 Y92.875
M204 S3000
M205 X20 Y20
G1 F1602.6 X80.765 Y93.419 E2171.34182
G1 F1623.4 X80.265 Y93.711 E2171.36406
G1 F1518.2 X79.621 Y93.973 E2171.39262
G1 F1500 X78.984 Y94.369 E2171.4238
G1 X78.512 Y94.769 E2171.44952
G1 X78 Y95.348 E2171.48166
G1 X77.626 Y96.024 E2171.51378
G1 X77.351 Y96.753 E2171.54617
G1 X77.227 Y97.612 E2171.58225
G1 X77.226 Y102.021 E2171.76556
G1 F1243.8 X77.33 Y102.614 E2171.79574
G1 F1080.7 X77.317 Y103.02 E2171.81919
G1 F1090.1 X77.323 Y103.79 E2171.86324
G1 F1256.3 X77.226 Y104.471 E2171.89738
G1 F1500 X77.225 Y125.46 E2172.77
G1 X77.271 Y125.862 E2172.78683
G1 F1482.2 X77.46 Y126.664 E2172.82149
G1 F1494 X77.79 Y127.371 E2172.85406
G1 F1569 X78.183 Y128.019 E2172.88418
G1 F1712.3 X78.753 Y128.6 E2172.91383
G1 F1918.2 X79.331 Y129.002 E2172.93672
G1 F1963.4 X80.106 Y129.37 E2172.96397
G1 F1879.7 X80.88 Y129.526 E2172.99016
G1 F1785.7 X81.291 Y129.558 E2173.00456
G1 F1663 X81.835 Y129.541 E2173.02497
G1 F1552.8 X82.379 Y129.524 E2173.04683
G1 F1500 X137.755 Y129.524 E2175.3491
G1 F1602.6 X138.708 Y129.557 E2175.3862
G1 F1781.5 X139.112 Y129.527 E2175.40038
G1 F1933 X139.783 Y129.39 E2175.42248
G1 F2021.6 X140.088 Y129.283 E2175.43245
G1 F1963.4 X140.76 Y128.957 E2175.45617
G1 F1851.9 X141.365 Y128.511 E2175.48149
G1 F1756.4 X141.864 Y127.931 E2175.50865
G1 F1641.1 X142.205 Y127.392 E2175.53289
G1 F1536.9 X142.543 Y126.665 E2175.56542
G1 F1500 X142.729 Y125.862 E2175.59969
G1 X142.775 Y125.457 E2175.61663
G1 X142.775 Y104.474 E2176.48901
G1 F1256.3 X142.678 Y103.789 E2176.52335
G1 F1090.1 X142.684 Y103.005 E2176.5682
G1 F1126.1 X142.7 Y102.471 E2176.59779
G1 F1304.3 X142.775 Y101.702 E2176.63473
G1 F1500 X142.775 Y97.605 E2176.80506
G1 X142.65 Y96.766 E2176.84033
G1 X142.373 Y96.023 E2176.8733
G1 X141.995 Y95.343 E2176.90564
G1 X141.483 Y94.765 E2176.93774
G1 X141.016 Y94.369 E2176.9632
G1 X140.379 Y93.972 E2176.99441
G1 F1515.2 X139.797 Y93.744 E2177.02013
G1 F1619.9 X139.245 Y93.424 E2177.0447
G1 F1659.3 X138.584 Y92.912 E2177.07612
G1 F1549.6 X138.126 Y92.219 E2177.10955
G1 F1500 X137.883 Y91.582 E2177.1379
G1 X137.779 Y91.052 E2177.16035
G1 X137.775 Y90.475 E2177.18434
G1 X82.225 Y90.475 E2179.49384
G1 X82.221 Y91.053 E2179.51787
G1 X82.115 Y91.59 E2179.54063
G1 X81.859 Y92.243 E2179.56979
G1 X81.444 Y92.875 E2179.60122
M204 S5000
M205 X30 Y30
G0 F7200 X81.961 Y90.909
G0 X138.028 Y90.222
G0 X138.307 Y92.012
G0 X135.864 Y94.118
G0 X135.367 Y95.803
M204 S3000
M205 X20 Y20
G1 F1500 X135.367 Y95.721 E2179.60463
G1 X135.484 Y95.008 E2179.63467
G1 X135.812 Y94.383 E2179.66402
G1 X135.975 Y94.168 E2179.67523
G1 X136.388 Y93.807 E2179.69804
G1 X136.993 Y93.484 E2179.72655
G1 X137.712 Y93.368 E2179.75683
G1 X138.414 Y93.468 E2179.78631
G1 F1536.9 X138.721 Y93.599 E2179.79986
G1 F1634 X139.229 Y93.917 E2179.82273
G1 F1595.7 X139.54 Y94.191 E2179.83893
G1 F1500 X139.895 Y94.738 E2179.86604
G1 X140.02 Y95.042 E2179.87971
G1 X140.13 Y95.8 E2179.91155
G1 X140.027 Y96.455 E2179.93912
G1 X139.808 Y96.94 E2179.96124
G1 X139.391 Y97.469 E2179.98924
G1 X139.087 Y97.707 E2180.0053
G1 X138.447 Y98.022 E2180.03495
G1 X137.736 Y98.145 E2180.06495
G1 X136.941 Y97.997 E2180.09857
G1 X136.362 Y97.673 E2180.12616
G1 X136.116 Y97.473 E2180.13934
G1 X135.713 Y96.98 E2180.16581
G1 X135.483 Y96.465 E2180.18926
G1 X135.367 Y95.803 E2180.2172
M204 S5000
M205 X30 Y30
G1 F1500 E2173.7172
G0 F7200 X136.096 Y99.171
G0 X137.297 Y101.186
G0 X136.642 Y102.195
G1 F1500 E2180.2172
G0 F7200 X136.081 Y103.031
M204 S3000
M205 X20 Y20
G1 F1500 X136.25 Y102.214 E2180.25189
G1 X136.673 Y101.446 E2180.28834
G1 X137.23 Y100.916 E2180.32031
G1 X137.769 Y100.594 E2180.34641
G1 X138.429 Y100.378 E2180.37528
G1 X138.975 Y100.326 E2180.39808
G1 X139.651 Y100.398 E2180.42635
G1 X140.128 Y100.547 E2180.44712
G1 X140.851 Y100.963 E2180.4818
G1 X141.276 Y101.417 E2180.50766
G1 X141.567 Y101.853 E2180.52945
G1 F1304.3 X141.924 Y102.605 E2180.56925
G1 F1104.6 X141.967 Y102.662 E2180.57328
G1 F1076 X142 Y102.953 E2180.59026
G1 F1170 X141.989 Y103.71 E2180.63061
G1 F1368.6 X141.58 Y104.621 E2180.67611
G1 F1500 X141.271 Y105.09 E2180.69946
G1 X141.052 Y105.328 E2180.71291
G1 X140.673 Y105.643 E2180.7334
G1 X140.4 Y105.815 E2180.74681
G1 X139.591 Y106.115 E2180.78268
G1 X138.82 Y106.17 E2180.81482
G1 X138.425 Y106.12 E2180.83137
G1 X137.727 Y105.891 E2180.86191
G1 X137.243 Y105.603 E2180.88533
G1 X136.672 Y105.045 E2180.91852
G1 X136.249 Y104.296 E2180.95429
G1 X136.085 Y103.55 E2180.98604
G1 X136.081 Y103.031 E2181.00762
M204 S5000
M205 X30 Y30
G1 F1500 E2174.50762
G0 F7200 X136.406 Y103.05
G0 X136.571 Y104.179
G0 X137.318 Y105.334
G0 X137.352 Y110.99
G0 X135.36 Y114.712
M204 S3000
M205 X20 Y20
G1 F1500 E2181.00762
G1 X135.493 Y113.969 E2181.039
G1 X135.841 Y113.334 E2181.06911
G1 X136.225 Y112.923 E2181.09249
G1 X136.801 Y112.571 E2181.12056
G1 X137.054 Y112.477 E2181.13178
G1 X137.641 Y112.377 E2181.15653
G1 X137.885 Y112.378 E2181.16668
G1 X138.492 Y112.486 E2181.19231
G1 X139.117 Y112.812 E2181.22162
G1 X139.332 Y112.975 E2181.23283
G1 X139.678 Y113.371 E2181.2547
G1 X139.895 Y113.741 E2181.27253
G1 X140.042 Y114.145 E2181.2904
G1 X140.132 Y114.744 E2181.31559
G1 X140.046 Y115.343 E2181.34074
G1 X139.957 Y115.628 E2181.35316
G1 X139.68 Y116.125 E2181.37681
G1 X139.437 Y116.417 E2181.39261
G1 X139.119 Y116.688 E2181.40998
G1 X138.504 Y117.006 E2181.43876
G1 X137.875 Y117.123 E2181.46536
G1 X137.145 Y117.041 E2181.4959
G1 X136.812 Y116.935 E2181.51043
G1 X136.209 Y116.58 E2181.53952
G1 X135.716 Y115.993 E2181.57139
G1 X135.488 Y115.485 E2181.59454
G1 X135.363 Y114.779 E2181.62435
G1 X135.36 Y114.712 E2181.62714
M204 S5000
M205 X30 Y30
G1 F1500 E2175.12714
G0 F7200 X136.043 Y118.124
G0 X137.318 Y124.166
G0 X136.571 Y125.321
G0 X136.406 Y126.401
G1 F1500 E2181.62714
G0 F7200 X136.083 Y126.434
M204 S3000
M205 X20 Y20
G1 F1500 X136.079 Y126.375 E2181.6296
G1 X136.11 Y125.84 E2181.65188
G1 X136.268 Y125.175 E2181.6803
G1 X136.675 Y124.449 E2181.7149
G1 X137.254 Y123.898 E2181.74813
G1 X137.719 Y123.613 E2181.7708
G1 X138.414 Y123.377 E2181.80132
G1 X138.914 Y123.326 E2181.82221
G1 X139.712 Y123.397 E2181.85552
G1 X140.281 Y123.624 E2181.88099
G1 X140.927 Y124.044 E2181.91303
G1 X141.302 Y124.45 E2181.936
G1 X141.567 Y124.853 E2181.95606
G1 X141.713 Y125.169 E2181.97053
G1 X141.914 Y125.821 E2181.9989
G1 X141.905 Y126.647 E2182.03324
G1 F1552.8 X141.703 Y127.314 E2182.06123
G1 F1652 X141.555 Y127.605 E2182.07355
G1 F1807.2 X141.146 Y128.164 E2182.09745
G1 F1994.7 X140.735 Y128.524 E2182.11454
G1 F2095 X140.176 Y128.854 E2182.13386
G1 F2066.1 X139.692 Y129.03 E2182.1494
G1 F1933 X139.071 Y129.123 E2182.16966
G1 F1748.3 X138.501 Y129.108 E2182.19
G1 F1575.6 X137.844 Y128.932 E2182.21692
G1 F1500 X137.351 Y128.672 E2182.24009
G1 X136.775 Y128.145 E2182.27255
G1 X136.574 Y127.876 E2182.28651
G1 X136.218 Y127.156 E2182.31991
G1 X136.083 Y126.434 E2182.35044
M204 S5000
M205 X30 Y30
G0 F7200 X136.406 Y126.4
G0 X136.941 Y127.839
G0 X137.85 Y128.578
G0 X138.948 Y128.845
G0 X140.053 Y128.624
G0 X140.962 Y127.95
G0 X141.584 Y126.52
G0 X142.154 Y126.545
M204 S3000
M205 X20 Y20
G1 F1500 X142.36 Y126.34 E2182.36253
M204 S5000
M205 X30 Y30
G0 F7200 X142.16 Y125.833
M204 S3000
M205 X20 Y20
G1 F1500 X142.52 Y125.473 E2182.38369
M204 S5000
M205 X30 Y30
G0 F7200 X142.007 Y125.278
M204 S3000
M205 X20 Y20
G1 F1500 X142.523 Y124.762 E2182.41403
M204 S5000
M205 X30 Y30
G0 F7200 X142.523 Y124.055
M204 S3000
M205 X20 Y20
G1 F1500 X141.803 Y124.775 E2182.45637
M204 S5000
M205 X30 Y30
G0 F7200 X141.529 Y124.342
M204 S3000
M205 X20 Y20
G1 F1500 X142.523 Y123.348 E2182.51481
M204 S5000
M205 X30 Y30
G0 F7200 X142.523 Y122.641
M204 S3000
M205 X20 Y20
G1 F1500 X141.196 Y123.968 E2182.59283
M204 S5000
M205 X30 Y30
G0 F7200 X140.797 Y123.66
M204 S3000
M205 X20 Y20
G1 F1500 X142.523 Y121.934 E2182.69431
M204 S5000
M205 X30 Y30
G0 F7200 X142.523 Y121.227
M204 S3000
M205 X20 Y20
G1 F1500 X140.362 Y123.388 E2182.82137
M204 S5000
M205 X30 Y30
G0 F7200 X139.856 Y123.187
M204 S3000
M205 X20 Y20
G1 F1500 X142.523 Y120.519 E2182.97821
M204 S5000
M205 X30 Y30
G0 F7200 X142.523 Y119.812
M204 S3000
M205 X20 Y20
G1 F1500 X139.234 Y123.101 E2183.17159
M204 S5000
M205 X30 Y30
G0 F7200 X138.51 Y123.118
M204 S3000
M205 X20 Y20
G1 F1500 X142.523 Y119.105 E2183.40754
M204 S5000
M205 X30 Y30
G0 F7200 X142.523 Y118.398
M204 S3000
M205 X20 Y20
G1 F1500 X137.411 Y123.511 E2183.70814
G1 X137.323 Y123.599
M204 S5000
M205 X30 Y30
G0 F7200 X137.6 Y124.059
G0 X136.777 Y124.927
G0 X136.275 Y124.646
M204 S3000
M205 X20 Y20
G1 F1500 X131.647 Y129.274 E2183.98025
M204 S5000
M205 X30 Y30
G0 F7200 X132.354 Y129.274
M204 S3000
M205 X20 Y20
G1 F1500 X135.869 Y125.759 E2184.18691
M204 S5000
M205 X30 Y30
G0 F7200 X135.838 Y126.497
M204 S3000
M205 X20 Y20
G1 F1500 X133.061 Y129.274 E2184.35019
M204 S5000
M205 X30 Y30
G0 F7200 X133.769 Y129.274
M204 S3000
M205 X20 Y20
G1 F1500 X135.95 Y127.093 E2184.47842
M204 S5000
M205 X30 Y30
G0 F7200 X136.155 Y127.595
M204 S3000
M205 X20 Y20
G1 F1500 X134.476 Y129.274 E2184.57714
M204 S5000
M205 X30 Y30
G0 F7200 X135.183 Y129.274
M204 S3000
M205 X20 Y20
G1 F1500 X136.4 Y128.057 E2184.6487
M204 S5000
M205 X30 Y30
G0 F7200 X136.724 Y128.44
M204 S3000
M205 X20 Y20
G1 F1500 X135.89 Y129.274 E2184.69773
M204 S5000
M205 X30 Y30
G0 F7200 X136.597 Y129.274
M204 S3000
M205 X20 Y20
G1 F1500 X137.095 Y128.776 E2184.72702
M204 S5000
M205 X30 Y30
G0 F7200 X137.532 Y129.046
M204 S3000
M205 X20 Y20
G1 F1500 X137.304 Y129.274 E2184.74042
M204 S5000
M205 X30 Y30
G0 F7200 X137.302 Y129.848
G0 X130.94 Y129.85
G0 X130.94 Y129.274
M204 S3000
M205 X20 Y20
G1 F1500 X142.523 Y117.691 E2185.42146
M204 S5000
M205 X30 Y30
G0 F7200 X142.523 Y116.984
M204 S3000
M205 X20 Y20
G1 F1500 X130.233 Y129.274 E2186.14406
M204 S5000
M205 X30 Y30
G0 F7200 X129.526 Y129.274
M204 S3000
M205 X20 Y20
G1 F1500 X142.523 Y116.277 E2186.90824
M204 S5000
M205 X30 Y30
G0 F7200 X142.523 Y115.57
M204 S3000
M205 X20 Y20
G1 F1500 X128.819 Y129.274 E2187.71398
M204 S5000
M205 X30 Y30
G0 F7200 X128.112 Y129.274
M204 S3000
M205 X20 Y20
G1 F1500 X142.523 Y114.863 E2188.56129
M204 S5000
M205 X30 Y30
G0 F7200 X142.523 Y114.156
M204 S3000
M205 X20 Y20
G1 F1500 X127.405 Y129.274 E2189.45017
M204 S5000
M205 X30 Y30
G0 F7200 X126.697 Y129.274
M204 S3000
M205 X20 Y20
G1 F1500 X138.877 Y117.095 E2190.16628
G1 X138.965 Y117.007
M204 S5000
M205 X30 Y30
G0 F7200 X137.892 Y117.373
M204 S3000
M205 X20 Y20
G1 F1500 X125.99 Y129.274 E2190.86604
M204 S5000
M205 X30 Y30
G0 F7200 X125.283 Y129.274
M204 S3000
M205 X20 Y20
G1 F1500 X137.255 Y117.302 E2191.56995
M204 S5000
M205 X30 Y30
G0 F7200 X136.698 Y117.152
M204 S3000
M205 X20 Y20
G1 F1500 X124.576 Y129.274 E2192.28268
M204 S5000
M205 X30 Y30
G0 F7200 X123.869 Y129.274
M204 S3000
M205 X20 Y20
G1 F1500 X136.25 Y116.893 E2193.01063
M204 S5000
M205 X30 Y30
G0 F7200 X135.87 Y116.566
M204 S3000
M205 X20 Y20
G1 F1500 X123.162 Y129.274 E2193.75781
M204 S5000
M205 X30 Y30
G0 F7200 X122.455 Y129.274
M204 S3000
M205 X20 Y20
G1 F1500 X135.545 Y116.184 E2194.52745
M204 S5000
M205 X30 Y30
G0 F7200 X135.314 Y115.708
M204 S3000
M205 X20 Y20
G1 F1500 X121.748 Y129.274 E2195.32508
M204 S5000
M205 X30 Y30
G0 F7200 X121.041 Y129.274
M204 S3000
M205 X20 Y20
G1 F1500 X135.174 Y115.141 E2196.15605
M204 S5000
M205 X30 Y30
G0 F7200 X135.152 Y114.456
M204 S3000
M205 X20 Y20
G1 F1500 X120.334 Y129.274 E2197.02729
M204 S5000
M205 X30 Y30
G0 F7200 X119.626 Y129.274
M204 S3000
M205 X20 Y20
G1 F1500 X135.54 Y113.361 E2197.96294
G1 X135.628 Y113.273
M204 S5000
M205 X30 Y30
G0 F7200 X136.341 Y112.56
M204 S3000
M205 X20 Y20
G1 F1500 X142.523 Y106.377 E2198.32645
M204 S5000
M205 X30 Y30
G0 F7200 X142.523 Y107.084
M204 S3000
M205 X20 Y20
G1 F1500 X137.455 Y112.153 E2198.62446
M204 S5000
M205 X30 Y30
G0 F7200 X138.143 Y112.171
M204 S3000
M205 X20 Y20
G1 F1500 X142.523 Y107.792 E2198.88196
M204 S5000
M205 X30 Y30
G0 F7200 X142.523 Y108.499
M204 S3000
M205 X20 Y20
G1 F1500 X138.708 Y112.314 E2199.10626
M204 S5000
M205 X30 Y30
G0 F7200 X139.173 Y112.556
M204 S3000
M205 X20 Y20
G1 F1500 X142.523 Y109.206 E2199.30323
M204 S5000
M205 X30 Y30
G0 F7200 X142.523 Y109.913
M204 S3000
M205 X20 Y20
G1 F1500 X139.566 Y112.87 E2199.47709
M204 S5000
M205 X30 Y30
G0 F7200 X139.892 Y113.251
M204 S3000
M205 X20 Y20
G1 F1500 X142.523 Y110.62 E2199.63178
M204 S5000
M205 X30 Y30
G0 F7200 X142.523 Y111.327
M204 S3000
M205 X20 Y20
G1 F1500 X140.145 Y113.705 E2199.7716
M204 S5000
M205 X30 Y30
G0 F7200 X140.309 Y114.248
M204 S3000
M205 X20 Y20
G1 F1500 X142.523 Y112.034 E2199.90178
M204 S5000
M205 X30 Y30
G0 F7200 X142.523 Y112.741
M204 S3000
M205 X20 Y20
G1 F1500 X140.356 Y114.909 E2200.02922
M204 S5000
M205 X30 Y30
G0 F7200 X140.108 Y115.864
M204 S3000
M205 X20 Y20
G1 F1500 X142.523 Y113.448 E2200.17124
G1 X142.611 Y113.36
M204 S5000
M205 X30 Y30
G1 F1500 E2193.67124
G0 F7200 X143.1 Y113.36
G0 X143 Y105.771
G0 X141.087 Y104.928
G0 X139.609 Y105.771
G1 F1500 E2200.17124
G0 F7200 X139.752 Y106.32
M204 S3000
M205 X20 Y20
G1 F1500 X116.798 Y129.274 E2201.52085
M204 S5000
M205 X30 Y30
G0 F7200 X117.505 Y129.274
M204 S3000
M205 X20 Y20
G1 F1500 X142.477 Y104.302 E2202.9891
M204 S5000
M205 X30 Y30
G0 F7200 X142.523 Y104.963
M204 S3000
M205 X20 Y20
G1 F1500 X118.212 Y129.274 E2204.4185
M204 S5000
M205 X30 Y30
G0 F7200 X118.919 Y129.274
M204 S3000
M205 X20 Y20
G1 F1500 X142.523 Y105.67 E2205.80632
G1 X142.611 Y105.582
M204 S5000
M205 X30 Y30
G1 F1500 E2199.30632
G0 F7200 X143.1 Y105.582
G0 X143 Y102.657
G0 X141.664 Y102.86
G1 F1500 E2205.80632
G0 F7200 X142.204 Y102.454
M204 S3000
M205 X20 Y20
G1 F1500 X142.419 Y102.239 E2205.81896
M204 S5000
M205 X30 Y30
G0 F7200 X141.941 Y102.01
M204 S3000
M205 X20 Y20
G1 F1500 X142.524 Y101.427 E2205.85324
M204 S5000
M205 X30 Y30
G0 F7200 X142.524 Y100.72
M204 S3000
M205 X20 Y20
G1 F1500 X141.677 Y101.567 E2205.90304
M204 S5000
M205 X30 Y30
G0 F7200 X141.377 Y101.16
M204 S3000
M205 X20 Y20
G1 F1500 X142.524 Y100.013 E2205.97048
M204 S5000
M205 X30 Y30
G0 F7200 X142.524 Y99.306
M204 S3000
M205 X20 Y20
G1 F1500 X141.035 Y100.794 E2206.058
M204 S5000
M205 X30 Y30
G0 F7200 X140.594 Y100.528
M204 S3000
M205 X20 Y20
G1 F1500 X142.524 Y98.598 E2206.17148
M204 S5000
M205 X30 Y30
G0 F7200 X142.524 Y97.891
M204 S3000
M205 X20 Y20
G1 F1500 X140.129 Y100.286 E2206.31229
M204 S5000
M205 X30 Y30
G0 F7200 X139.575 Y100.134
M204 S3000
M205 X20 Y20
G1 F1500 X142.467 Y97.242 E2206.48233
M204 S5000
M205 X30 Y30
G0 F7200 X142.342 Y96.659
M204 S3000
M205 X20 Y20
G1 F1500 X138.928 Y100.073 E2206.68306
M204 S5000
M205 X30 Y30
G0 F7200 X138.06 Y100.234
M204 S3000
M205 X20 Y20
G1 F1500 X142.149 Y96.145 E2206.92348
M204 S5000
M205 X30 Y30
G0 F7200 X141.899 Y95.688
M204 S3000
M205 X20 Y20
G1 F1500 X108.313 Y129.273 E2208.89818
M204 S5000
M205 X30 Y30
G0 F7200 X107.606 Y129.273
M204 S3000
M205 X20 Y20
G1 F1500 X138.714 Y98.166 E2210.72718
M204 S5000
M205 X30 Y30
G0 F7200 X137.781 Y98.391
M204 S3000
M205 X20 Y20
G1 F1500 X106.899 Y129.273 E2212.54292
M204 S5000
M205 X30 Y30
G0 F7200 X106.192 Y129.273
M204 S3000
M205 X20 Y20
G1 F1500 X137.173 Y98.293 E2214.36446
M204 S5000
M205 X30 Y30
G0 F7200 X136.639 Y98.12
M204 S3000
M205 X20 Y20
G1 F1500 X105.485 Y129.273 E2216.19616
M204 S5000
M205 X30 Y30
G0 F7200 X104.778 Y129.273
M204 S3000
M205 X20 Y20
G1 F1500 X136.193 Y97.858 E2218.04325
M204 S5000
M205 X30 Y30
G0 F7200 X135.827 Y97.517
M204 S3000
M205 X20 Y20
G1 F1500 X104.071 Y129.273 E2219.91038
M204 S5000
M205 X30 Y30
G0 F7200 X103.364 Y129.273
M204 S3000
M205 X20 Y20
G1 F1500 X135.509 Y97.128 E2221.80038
M204 S5000
M205 X30 Y30
G0 F7200 X135.29 Y96.64
M204 S3000
M205 X20 Y20
G1 F1500 X102.657 Y129.273 E2223.71908
M204 S5000
M205 X30 Y30
G0 F7200 X101.949 Y129.273
M204 S3000
M205 X20 Y20
G1 F1500 X135.156 Y96.067 E2225.67149
M204 S5000
M205 X30 Y30
G0 F7200 X135.172 Y95.344
M204 S3000
M205 X20 Y20
G1 F1500 X101.242 Y129.273 E2227.66641
M204 S5000
M205 X30 Y30
G0 F7200 X100.535 Y129.273
M204 S3000
M205 X20 Y20
G1 F1500 X135.729 Y94.08 E2229.73566
M204 S5000
M205 X30 Y30
G0 F7200 X135.93 Y93.879
M204 S3000
M205 X20 Y20
G1 F1500 X137.783 Y92.025 E2229.84464
M204 S5000
M205 X30 Y30
G0 F7200 X138.013 Y92.503
M204 S3000
M205 X20 Y20
G1 F1500 X137.343 Y93.173 E2229.88403
M204 S5000
M205 X30 Y30
G0 F7200 X138.059 Y93.164
M204 S3000
M205 X20 Y20
G1 F1500 X138.294 Y92.929 E2229.89785
M204 S5000
M205 X30 Y30
G0 F7200 X137.648 Y92.053
G0 X137.61 Y91.491
M204 S3000
M205 X20 Y20
G1 F1500 X99.828 Y129.273 E2232.11928
M204 S5000
M205 X30 Y30
G0 F7200 X99.121 Y129.273
M204 S3000
M205 X20 Y20
G1 F1500 X137.527 Y90.868 E2234.37738
M204 S5000
M205 X30 Y30
G0 F7200 X136.963 Y90.724
M204 S3000
M205 X20 Y20
G1 F1500 X98.414 Y129.273 E2236.64391
M204 S5000
M205 X30 Y30
G0 F7200 X97.707 Y129.273
M204 S3000
M205 X20 Y20
G1 F1500 X136.256 Y90.724 E2238.91045
M204 S5000
M205 X30 Y30
G0 F7200 X135.549 Y90.724
M204 S3000
M205 X20 Y20
G1 F1500 X97 Y129.273 E2241.17698
M204 S5000
M205 X30 Y30
G0 F7200 X96.293 Y129.273
M204 S3000
M205 X20 Y20
G1 F1500 X134.842 Y90.724 E2243.44351
M204 S5000
M205 X30 Y30
G0 F7200 X134.135 Y90.724
M204 S3000
M205 X20 Y20
G1 F1500 X95.585 Y129.273 E2245.71008
M204 S5000
M205 X30 Y30
G0 F7200 X94.878 Y129.273
M204 S3000
M205 X20 Y20
G1 F1500 X133.428 Y90.724 E2247.97664
M204 S5000
M205 X30 Y30
G0 F7200 X132.721 Y90.724
M204 S3000
M205 X20 Y20
G1 F1500 X94.171 Y129.273 E2250.2432
M204 S5000
M205 X30 Y30
G0 F7200 X93.464 Y129.273
M204 S3000
M205 X20 Y20
G1 F1500 X132.014 Y90.724 E2252.50977
M204 S5000
M205 X30 Y30
G0 F7200 X131.306 Y90.724
M204 S3000
M205 X20 Y20
G1 F1500 X92.757 Y129.273 E2254.7763
M204 S5000
M205 X30 Y30
G0 F7200 X92.05 Y129.273
M204 S3000
M205 X20 Y20
G1 F1500 X130.599 Y90.724 E2257.04283
M204 S5000
M205 X30 Y30
G0 F7200 X129.892 Y90.724
M204 S3000
M205 X20 Y20
G1 F1500 X91.343 Y129.273 E2259.30937
M204 S5000
M205 X30 Y30
G0 F7200 X90.636 Y129.273
M204 S3000
M205 X20 Y20
G1 F1500 X129.185 Y90.724 E2261.5759
M204 S5000
M205 X30 Y30
G0 F7200 X128.478 Y90.724
M204 S3000
M205 X20 Y20
G1 F1500 X89.929 Y129.273 E2263.84243
M204 S5000
M205 X30 Y30
G0 F7200 X89.222 Y129.273
M204 S3000
M205 X20 Y20
G1 F1500 X127.771 Y90.724 E2266.10897
M204 S5000
M205 X30 Y30
G0 F7200 X127.064 Y90.724
M204 S3000
M205 X20 Y20
G1 F1500 X88.514 Y129.273 E2268.37553
M204 S5000
M205 X30 Y30
G0 F7200 X87.807 Y129.273
M204 S3000
M205 X20 Y20
G1 F1500 X126.357 Y90.724 E2270.64209
M204 S5000
M205 X30 Y30
G0 F7200 X125.65 Y90.724
M204 S3000
M205 X20 Y20
G1 F1500 X87.1 Y129.273 E2272.90865
M204 S5000
M205 X30 Y30
G0 F7200 X86.393 Y129.273
M204 S3000
M205 X20 Y20
G1 F1500 X124.942 Y90.724 E2275.17519
M204 S5000
M205 X30 Y30
G0 F7200 X124.235 Y90.724
M204 S3000
M205 X20 Y20
G1 F1500 X85.686 Y129.273 E2277.44172
M204 S5000
M205 X30 Y30
G0 F7200 X84.979 Y129.273
M204 S3000
M205 X20 Y20
G1 F1500 X123.528 Y90.724 E2279.70826
M204 S5000
M205 X30 Y30
G0 F7200 X122.821 Y90.724
M204 S3000
M205 X20 Y20
G1 F1500 X84.272 Y129.273 E2281.97479
M204 S5000
M205 X30 Y30
G0 F7200 X83.565 Y129.273
M204 S3000
M205 X20 Y20
G1 F1500 X122.114 Y90.724 E2284.24132
M204 S5000
M205 X30 Y30
G0 F7200 X121.407 Y90.724
M204 S3000
M205 X20 Y20
G1 F1500 X82.858 Y129.273 E2286.50786
M204 S5000
M205 X30 Y30
G0 F7200 X82.274 Y129.15
M204 S3000
M205 X20 Y20
G1 F1500 X82.136 Y129.288 E2286.51597
M204 S5000
M205 X30 Y30
G1 F1500 E2280.01597
G0 F7200 X82.136 Y129.85
G0 X83.263 Y129.75
G0 X82.683 Y128.333
G0 X83.376 Y127.299
G1 F1500 E2286.51597
G0 F7200 X83.857 Y127.567
M204 S3000
M205 X20 Y20
G1 F1500 X120.7 Y90.724 E2288.6822
M204 S5000
M205 X30 Y30
G0 F7200 X119.993 Y90.724
M204 S3000
M205 X20 Y20
G1 F1500 X84.149 Y126.568 E2290.78969
M204 S5000
M205 X30 Y30
G0 F7200 X84.154 Y125.856
M204 S3000
M205 X20 Y20
G1 F1500 X119.286 Y90.724 E2292.85531
M204 S5000
M205 X30 Y30
G0 F7200 X118.578 Y90.724
M204 S3000
M205 X20 Y20
G1 F1500 X84.019 Y125.284 E2294.88728
M204 S5000
M205 X30 Y30
G0 F7200 X83.804 Y124.792
M204 S3000
M205 X20 Y20
G1 F1500 X117.871 Y90.724 E2296.89032
M204 S5000
M205 X30 Y30
G0 F7200 X117.164 Y90.724
M204 S3000
M205 X20 Y20
G1 F1500 X83.553 Y124.336 E2298.86655
M204 S5000
M205 X30 Y30
G0 F7200 X83.199 Y123.982
M204 S3000
M205 X20 Y20
G1 F1500 X116.457 Y90.724 E2300.82199
M204 S5000
M205 X30 Y30
G0 F7200 X115.75 Y90.724
M204 S3000
M205 X20 Y20
G1 F1500 X82.817 Y123.657 E2302.75832
M204 S5000
M205 X30 Y30
G0 F7200 X82.384 Y123.383
M204 S3000
M205 X20 Y20
G1 F1500 X115.043 Y90.724 E2304.67855
M204 S5000
M205 X30 Y30
G0 F7200 X114.336 Y90.724
M204 S3000
M205 X20 Y20
G1 F1500 X81.851 Y123.209 E2306.58854
M204 S5000
M205 X30 Y30
G0 F7200 X81.257 Y123.096
M204 S3000
M205 X20 Y20
G1 F1500 X113.629 Y90.724 E2308.49189
M204 S5000
M205 X30 Y30
G0 F7200 X112.922 Y90.724
M204 S3000
M205 X20 Y20
G1 F1500 X80.525 Y123.121 E2310.39671
G1 X80.437 Y123.209
M204 S5000
M205 X30 Y30
G0 F7200 X80.488 Y123.704
G0 X79.415 Y123.524
M204 S3000
M205 X20 Y20
G1 F1500 X112.215 Y90.724 E2312.32522
M204 S5000
M205 X30 Y30
G0 F7200 X111.507 Y90.724
M204 S3000
M205 X20 Y20
G1 F1500 X77.475 Y124.756 E2314.32617
M204 S5000
M205 X30 Y30
G0 F7200 X77.476 Y125.462
M204 S3000
M205 X20 Y20
G1 F1500 X78.219 Y124.72 E2314.36983
G1 X78.307 Y124.632
M204 S5000
M205 X30 Y30
G1 F1500 E2307.86983
G0 F7200 X78.767 Y124.935
G0 X77 Y124.99
G1 F1500 E2314.36983
G0 F7200 X77.475 Y124.049
M204 S3000
M205 X20 Y20
G1 F1500 X110.8 Y90.724 E2316.32921
M204 S5000
M205 X30 Y30
G0 F7200 X110.093 Y90.724
M204 S3000
M205 X20 Y20
G1 F1500 X77.475 Y123.342 E2318.24703
M204 S5000
M205 X30 Y30
G0 F7200 X77.475 Y122.635
M204 S3000
M205 X20 Y20
G1 F1500 X82.816 Y117.294 E2318.56106
M204 S5000
M205 X30 Y30
G0 F7200 X82.044 Y117.359
M204 S3000
M205 X20 Y20
G1 F1500 X77.475 Y121.928 E2318.8297
M204 S5000
M205 X30 Y30
G0 F7200 X77.475 Y121.221
M204 S3000
M205 X20 Y20
G1 F1500 X81.442 Y117.254 E2319.06294
M204 S5000
M205 X30 Y30
G0 F7200 X80.972 Y117.016
M204 S3000
M205 X20 Y20
G1 F1500 X77.475 Y120.514 E2319.26858
M204 S5000
M205 X30 Y30
G0 F7200 X77.475 Y119.807
M204 S3000
M205 X20 Y20
G1 F1500 X80.547 Y116.734 E2319.44923
M204 S5000
M205 X30 Y30
G0 F7200 X80.202 Y116.372
M204 S3000
M205 X20 Y20
G1 F1500 X77.475 Y119.1 E2319.6096
M204 S5000
M205 X30 Y30
G0 F7200 X77.475 Y118.393
M204 S3000
M205 X20 Y20
G1 F1500 X79.928 Y115.94 E2319.75383
M204 S5000
M205 X30 Y30
G0 F7200 X79.724 Y115.436
M204 S3000
M205 X20 Y20
G1 F1500 X77.475 Y117.685 E2319.88606
M204 S5000
M205 X30 Y30
G0 F7200 X77.475 Y116.978
M204 S3000
M205 X20 Y20
G1 F1500 X79.63 Y114.823 E2320.01276
M204 S5000
M205 X30 Y30
G0 F7200 X79.746 Y114
M204 S3000
M205 X20 Y20
G1 F1500 X77.475 Y116.271 E2320.14629
M204 S5000
M205 X30 Y30
G0 F7200 X77.475 Y115.564
M204 S3000
M205 X20 Y20
G1 F1500 X102.316 Y90.723 E2321.60685
M204 S5000
M205 X30 Y30
G0 F7200 X103.023 Y90.723
M204 S3000
M205 X20 Y20
G1 F1500 X81.508 Y112.239 E2322.87187
M204 S5000
M205 X30 Y30
G0 F7200 X82.325 Y112.128
M204 S3000
M205 X20 Y20
G1 F1500 X103.73 Y90.723 E2324.13041
M204 S5000
M205 X30 Y30
G0 F7200 X104.437 Y90.723
M204 S3000
M205 X20 Y20
G1 F1500 X82.937 Y112.223 E2325.39452
M204 S5000
M205 X30 Y30
G0 F7200 X83.444 Y112.424
M204 S3000
M205 X20 Y20
G1 F1500 X105.144 Y90.723 E2326.67043
M204 S5000
M205 X30 Y30
G0 F7200 X105.851 Y90.723
M204 S3000
M205 X20 Y20
G1 F1500 X83.885 Y112.69 E2327.96198
M204 S5000
M205 X30 Y30
G0 F7200 X84.241 Y113.04
M204 S3000
M205 X20 Y20
G1 F1500 X106.558 Y90.723 E2329.27413
M204 S5000
M205 X30 Y30
G0 F7200 X107.265 Y90.723
M204 S3000
M205 X20 Y20
G1 F1500 X84.521 Y113.468 E2330.61142
M204 S5000
M205 X30 Y30
G0 F7200 X84.749 Y113.947
M204 S3000
M205 X20 Y20
G1 F1500 X107.973 Y90.723 E2331.9769
M204 S5000
M205 X30 Y30
G0 F7200 X108.68 Y90.723
M204 S3000
M205 X20 Y20
G1 F1500 X84.846 Y114.557 E2333.37825
M204 S5000
M205 X30 Y30
G0 F7200 X84.8 Y115.31
M204 S3000
M205 X20 Y20
G1 F1500 X109.387 Y90.723 E2334.82387
G1 X109.475 Y90.635
M204 S5000
M205 X30 Y30
G0 F7200 X109.475 Y90.151
G0 X101.609 Y90.15
G0 X101.609 Y90.723
M204 S3000
M205 X20 Y20
G1 F1500 X77.475 Y114.857 E2336.24286
M204 S5000
M205 X30 Y30
G0 F7200 X77.475 Y114.15
M204 S3000
M205 X20 Y20
G1 F1500 X100.902 Y90.723 E2337.62028
M204 S5000
M205 X30 Y30
G0 F7200 X100.194 Y90.723
M204 S3000
M205 X20 Y20
G1 F1500 X77.475 Y113.443 E2338.95609
M204 S5000
M205 X30 Y30
G0 F7200 X77.475 Y112.736
M204 S3000
M205 X20 Y20
G1 F1500 X99.487 Y90.723 E2340.25035
M204 S5000
M205 X30 Y30
G0 F7200 X98.78 Y90.723
M204 S3000
M205 X20 Y20
G1 F1500 X77.475 Y112.029 E2341.50303
M204 S5000
M205 X30 Y30
G0 F7200 X77.475 Y111.321
M204 S3000
M205 X20 Y20
G1 F1500 X98.073 Y90.723 E2342.71411
M204 S5000
M205 X30 Y30
G0 F7200 X97.366 Y90.723
M204 S3000
M205 X20 Y20
G1 F1500 X84.065 Y104.024 E2343.49616
M204 S5000
M205 X30 Y30
G0 F7200 X84.169 Y103.214
M204 S3000
M205 X20 Y20
G1 F1500 X96.659 Y90.723 E2344.23055
M204 S5000
M205 X30 Y30
G0 F7200 X95.952 Y90.723
M204 S3000
M205 X20 Y20
G1 F1500 X84.089 Y102.586 E2344.92805
M204 S5000
M205 X30 Y30
G0 F7200 X83.939 Y102.029
M204 S3000
M205 X20 Y20
G1 F1500 X95.245 Y90.723 E2345.5928
M204 S5000
M205 X30 Y30
G0 F7200 X94.538 Y90.723
M204 S3000
M205 X20 Y20
G1 F1500 X83.682 Y101.579 E2346.23109
M204 S5000
M205 X30 Y30
G0 F7200 X83.39 Y101.164
M204 S3000
M205 X20 Y20
G1 F1500 X93.83 Y90.723 E2346.84495
M204 S5000
M205 X30 Y30
G0 F7200 X93.123 Y90.723
M204 S3000
M205 X20 Y20
G1 F1500 X83.029 Y100.818 E2347.43847
M204 S5000
M205 X30 Y30
G0 F7200 X82.618 Y100.522
M204 S3000
M205 X20 Y20
G1 F1500 X92.416 Y90.723 E2348.01459
M204 S5000
M205 X30 Y30
G0 F7200 X91.709 Y90.723
M204 S3000
M205 X20 Y20
G1 F1500 X82.136 Y100.296 E2348.57744
M204 S5000
M205 X30 Y30
G0 F7200 X81.587 Y100.139
M204 S3000
M205 X20 Y20
G1 F1500 X91.002 Y90.723 E2349.13104
M204 S5000
M205 X30 Y30
G0 F7200 X90.295 Y90.723
M204 S3000
M205 X20 Y20
G1 F1500 X84.811 Y96.207 E2349.45347
M204 S5000
M205 X30 Y30
G0 F7200 X84.847 Y95.465
M204 S3000
M205 X20 Y20
G1 F1500 X89.588 Y90.723 E2349.73226
M204 S5000
M205 X30 Y30
G0 F7200 X88.881 Y90.723
M204 S3000
M205 X20 Y20
G1 F1500 X84.733 Y94.871 E2349.97614
M204 S5000
M205 X30 Y30
G0 F7200 X84.488 Y94.409
M204 S3000
M205 X20 Y20
G1 F1500 X88.174 Y90.723 E2350.19287
M204 S5000
M205 X30 Y30
G0 F7200 X87.466 Y90.723
M204 S3000
M205 X20 Y20
G1 F1500 X84.188 Y94.002 E2350.38563
M204 S5000
M205 X30 Y30
G0 F7200 X83.824 Y93.659
M204 S3000
M205 X20 Y20
G1 F1500 X86.759 Y90.723 E2350.55823
M204 S5000
M205 X30 Y30
G0 F7200 X86.052 Y90.723
M204 S3000
M205 X20 Y20
G1 F1500 X83.377 Y93.398 E2350.7155
M204 S5000
M205 X30 Y30
G0 F7200 X82.858 Y93.21
M204 S3000
M205 X20 Y20
G1 F1500 X85.345 Y90.723 E2350.86173
M204 S5000
M205 X30 Y30
G0 F7200 X84.638 Y90.723
M204 S3000
M205 X20 Y20
G1 F1500 X82.241 Y93.121 E2351.00269
M204 S5000
M205 X30 Y30
G0 F7200 X81.67 Y92.984
M204 S3000
M205 X20 Y20
G1 F1500 X83.931 Y90.723 E2351.13563
M204 S5000
M205 X30 Y30
G0 F7200 X83.224 Y90.723
M204 S3000
M205 X20 Y20
G1 F1500 X82.37 Y91.577 E2351.18584
G1 X82.282 Y91.665
M204 S5000
M205 X30 Y30
G0 F7200 X82.302 Y92.059
G0 X81.542 Y93.113
M204 S3000
M205 X20 Y20
G1 F1500 X81.321 Y93.333 E2351.19881
M204 S5000
M205 X30 Y30
G0 F7200 X79.763 Y94.184
M204 S3000
M205 X20 Y20
G1 F1500 X77.896 Y96.051 E2351.30858
G1 X77.808 Y96.139
M204 S5000
M205 X30 Y30
G0 F7200 X77.554 Y97.101
M204 S3000
M205 X20 Y20
G1 F1500 X79.773 Y94.881 E2351.43908
M204 S5000
M205 X30 Y30
G0 F7200 X79.626 Y95.735
M204 S3000
M205 X20 Y20
G1 F1500 X77.476 Y97.885 E2351.56549
M204 S5000
M205 X30 Y30
G0 F7200 X77.476 Y98.592
M204 S3000
M205 X20 Y20
G1 F1500 X79.705 Y96.363 E2351.69655
M204 S5000
M205 X30 Y30
G0 F7200 X79.889 Y96.887
M204 S3000
M205 X20 Y20
G1 F1500 X77.476 Y99.299 E2351.83839
M204 S5000
M205 X30 Y30
G0 F7200 X77.476 Y100.006
M204 S3000
M205 X20 Y20
G1 F1500 X80.168 Y97.315 E2351.99664
M204 S5000
M205 X30 Y30
G0 F7200 X80.491 Y97.699
M204 S3000
M205 X20 Y20
G1 F1500 X77.476 Y100.713 E2352.17389
M204 S5000
M205 X30 Y30
G0 F7200 X77.476 Y101.421
M204 S3000
M205 X20 Y20
G1 F1500 X80.908 Y97.989 E2352.37567
M204 S5000
M205 X30 Y30
G0 F7200 X81.362 Y98.242
M204 S3000
M205 X20 Y20
G1 F1500 X77.503 Y102.101 E2352.60257
G1 X77.415 Y102.189
M204 S5000
M205 X30 Y30
G1 F1500 E2346.10257
G0 F7200 X76.901 Y102.189
G0 X77.001 Y103.499
G0 X78.334 Y103.499
G1 F1500 E2352.60257
G0 F7200 X77.771 Y103.955
M204 S3000
M205 X20 Y20
G1 F1500 X77.557 Y104.168 E2352.61512
M204 S5000
M205 X30 Y30
G0 F7200 X78.041 Y104.391
M204 S3000
M205 X20 Y20
G1 F1500 X77.475 Y104.957 E2352.6484
M204 S5000
M205 X30 Y30
G0 F7200 X77.475 Y105.665
M204 S3000
M205 X20 Y20
G1 F1500 X78.279 Y104.861 E2352.69567
M204 S5000
M205 X30 Y30
G0 F7200 X78.565 Y105.281
M204 S3000
M205 X20 Y20
G1 F1500 X77.475 Y106.372 E2352.75979
M204 S5000
M205 X30 Y30
G0 F7200 X77.475 Y107.079
M204 S3000
M205 X20 Y20
G1 F1500 X78.923 Y105.631 E2352.84493
M204 S5000
M205 X30 Y30
G0 F7200 X79.326 Y105.935
M204 S3000
M205 X20 Y20
G1 F1500 X77.475 Y107.786 E2352.95376
M204 S5000
M205 X30 Y30
G0 F7200 X77.475 Y108.493
M204 S3000
M205 X20 Y20
G1 F1500 X79.798 Y106.17 E2353.09034
M204 S5000
M205 X30 Y30
G0 F7200 X80.327 Y106.348
M204 S3000
M205 X20 Y20
G1 F1500 X77.475 Y109.2 E2353.25803
M204 S5000
M205 X30 Y30
G0 F7200 X77.475 Y109.907
M204 S3000
M205 X20 Y20
G1 F1500 X80.967 Y106.416 E2353.46331
M204 S5000
M205 X30 Y30
G0 F7200 X81.775 Y106.314
M204 S3000
M205 X20 Y20
G1 F1500 X77.475 Y110.614 E2353.71614
G1 X77.387 Y110.702
M204 S5000
M205 X30 Y30
G1 F1500 E2347.21614
G0 F7200 X76.9 Y110.702
G0 X76.47 Y100.752
G0 X79.406 Y101.098
G1 F1500 E2353.71614
G0 F7200 X80.099 Y100.212
M204 S3000
M205 X20 Y20
G1 F1500 X81.963 Y98.348 E2353.82573
M204 S5000
M205 X30 Y30
G0 F7200 X82.702 Y98.316
M204 S3000
M205 X20 Y20
G1 F1500 X80.943 Y100.076 E2353.92919
G1 X80.855 Y100.164
M204 S5000
M205 X30 Y30
G1 F1500 E2347.42919
G0 F7200 X80.908 Y100.66
G0 X79.371 Y101.228
G0 X78.644 Y102.148
G0 X78.426 Y103.628
G0 X79.063 Y104.986
G0 X80.601 Y105.889
G0 X79.042 Y124.415
G0 X78.421 Y125.887
G1 F1500 E2353.92919
G0 F7200 X77.841 Y125.805
M204 S3000
M205 X20 Y20
G1 F1500 X77.579 Y126.067 E2353.94459
M204 S5000
M205 X30 Y30
G0 F7200 X77.829 Y126.524
M204 S3000
M205 X20 Y20
G1 F1500 X77.729 Y126.624 E2353.95047
M204 S5000
M205 X30 Y30
G0 F7200 X77.18 Y126.815
G0 X77.98 Y128.111
G0 X78.761 Y128.857
G0 X80.349 Y129.626
G0 X109.021 Y129.849
G0 X109.021 Y129.273
M204 S3000
M205 X20 Y20
G1 F1500 X135.967 Y102.327 E2355.53479
M204 S5000
M205 X30 Y30
G0 F7200 X135.832 Y103.169
M204 S3000
M205 X20 Y20
G1 F1500 X109.728 Y129.273 E2357.06961
M204 S5000
M205 X30 Y30
G0 F7200 X110.434 Y129.274
M204 S3000
M205 X20 Y20
G1 F1500 X135.888 Y103.82 E2358.5662
M204 S5000
M205 X30 Y30
G0 F7200 X136.018 Y104.397
M204 S3000
M205 X20 Y20
G1 F1500 X111.141 Y129.274 E2360.02888
M204 S5000
M205 X30 Y30
G0 F7200 X111.848 Y129.274
M204 S3000
M205 X20 Y20
G1 F1500 X136.272 Y104.85 E2361.46491
M204 S5000
M205 X30 Y30
G0 F7200 X136.551 Y105.279
M204 S3000
M205 X20 Y20
G1 F1500 X112.555 Y129.274 E2362.87576
M204 S5000
M205 X30 Y30
G0 F7200 X113.262 Y129.274
M204 S3000
M205 X20 Y20
G1 F1500 X136.909 Y105.628 E2364.26608
M204 S5000
M205 X30 Y30
G0 F7200 X137.31 Y105.934
M204 S3000
M205 X20 Y20
G1 F1500 X113.97 Y129.274 E2365.63838
M204 S5000
M205 X30 Y30
G0 F7200 X114.677 Y129.274
M204 S3000
M205 X20 Y20
G1 F1500 X137.783 Y106.168 E2366.99693
M204 S5000
M205 X30 Y30
G0 F7200 X138.313 Y106.345
M204 S3000
M205 X20 Y20
G1 F1500 X115.384 Y129.274 E2368.34507
M204 S5000
M205 X30 Y30
G0 F7200 X116.091 Y129.274
M204 S3000
M205 X20 Y20
G1 F1500 X138.951 Y106.414 E2369.68915
G1 X139.039 Y106.326
M204 S5000
M205 X30 Y30
G1 F1500 E2363.18915
G0 F7200 X138.995 Y105.848
G0 X140.354 Y105.472
G0 X141.356 Y104.353
G0 X141.574 Y102.872
G0 X140.962 Y101.55
G0 X139.57 Y100.631
G0 X139.063 Y99.316
G0 X140.21 Y96.67
M204 S3000
M205 X20 Y20
G1 F1500 E2369.68915
G1 X141.602 Y95.278 E2369.77099
M204 S5000
M205 X30 Y30
G0 F7200 X141.265 Y94.907
M204 S3000
M205 X20 Y20
G1 F1500 X140.381 Y95.792 E2369.823
M204 S5000
M205 X30 Y30
G0 F7200 X140.291 Y95.175
M204 S3000
M205 X20 Y20
G1 F1500 X140.882 Y94.584 E2369.85774
M204 S5000
M205 X30 Y30
G0 F7200 X140.449 Y94.31
M204 S3000
M205 X20 Y20
G1 F1500 X140.12 Y94.638 E2369.87706
M204 S5000
M205 X30 Y30
G0 F7200 X139.847 Y94.205
M204 S3000
M205 X20 Y20
G1 F1500 X139.971 Y94.081 E2369.88435
M204 S5000
M205 X30 Y30
;MESH:NONMESH
G0 F600 X139.971 Y94.081 Z2.3
G0 F7200 X138.307 Y92.012
G0 X138.028 Y90.222
G0 X81.972 Y90.222
G0 X81.694 Y92.011
G0 X79.947 Y94.089
;TIME_ELAPSED:2223.565815
;LAYER:10
M204 S3000
M205 X20 Y20
;TYPE:FILL
;MESH:Pi Holder.stl
G1 F5040 X80.491 Y94.633 E2369.91633
M204 S5000
M205 X30 Y30
G0 F7200 X80.488 Y94.63
G0 X80.193 Y95.751
G0 X80.574 Y96.997
G0 X80.575 Y96.997
M204 S3000
M205 X20 Y20
G1 F5040 X80.045 Y97.526 E2369.94747
M204 S5000
M205 X30 Y30
G0 F7200 X82.25 Y97.807
G0 X83.369 Y97.512
G0 X83.37 Y97.512
M204 S3000
M205 X20 Y20
G1 F5040 X83.913 Y98.055 E2369.97939
M204 S5000
M205 X30 Y30
G0 F7200 X84.307 Y95.751
G0 X83.995 Y94.721
G0 X83.505 Y94.067
M204 S3000
M205 X20 Y20
G1 F5040 X84.041 Y93.531 E2370.01091
M204 S5000
M205 X30 Y30
G0 F7200 X84.038 Y93.534
G0 X82.25 Y93.693
G0 X80.971 Y94.15
G0 X80.241 Y95.131
G0 X80.44 Y95.166
M204 S3000
M205 X20 Y20
;TYPE:WALL-INNER
G1 F4020 X80.757 Y94.57 E2370.03897
G1 X81.058 Y94.266 E2370.05676
G1 X81.571 Y93.963 E2370.08153
G1 X82.211 Y93.847 E2370.10857
G1 X82.877 Y93.942 E2370.13654
G1 X83.388 Y94.226 E2370.16085
G1 X83.748 Y94.561 E2370.18129
G1 X84.054 Y95.14 E2370.20852
G1 X84.164 Y95.738 E2370.2338
G1 X84.067 Y96.316 E2370.25816
G1 X83.879 Y96.734 E2370.27722
G1 X83.457 Y97.235 E2370.30445
G1 X82.904 Y97.54 E2370.33071
G1 X82.288 Y97.66 E2370.3568
G1 X81.602 Y97.552 E2370.38567
G1 X81.022 Y97.215 E2370.41356
G1 X80.646 Y96.771 E2370.43775
G1 X80.452 Y96.375 E2370.45608
G1 X80.357 Y95.879 E2370.47708
G1 X80.347 Y95.724 E2370.48354
G1 X80.44 Y95.166 E2370.50706
M204 S5000
M205 X30 Y30
G0 F7200 X80.241 Y95.131
G0 X79.224 Y95.406
M204 S3000
M205 X20 Y20
G1 F4020 X79.207 Y95.92 E2370.52844
G1 X79.23 Y96.16 E2370.53846
G1 X79.396 Y96.852 E2370.56805
G1 X79.703 Y97.417 E2370.59478
G1 X80.133 Y97.962 E2370.62364
G1 X80.697 Y98.371 E2370.65261
G1 X81.333 Y98.674 E2370.6819
G1 X81.957 Y98.782 E2370.70823
G1 X82.509 Y98.786 E2370.73118
G1 X83.062 Y98.685 E2370.75455
G1 X83.534 Y98.513 E2370.77543
G1 X84.008 Y98.24 E2370.79817
G1 X84.434 Y97.873 E2370.82155
G1 X84.841 Y97.378 E2370.84819
G1 X85.126 Y96.748 E2370.87694
G1 X85.261 Y96.205 E2370.90021
G1 X85.294 Y95.65 E2370.92332
G1 X85.239 Y95.16 E2370.94382
G1 X85.042 Y94.494 E2370.97269
G1 X84.702 Y93.944 E2370.99958
G1 X84.241 Y93.422 E2371.02853
G1 X83.656 Y93.047 E2371.05742
G1 X83.144 Y92.84 E2371.08038
G1 X82.509 Y92.7 E2371.10742
G1 X81.681 Y92.741 E2371.14188
G1 X81.021 Y92.964 E2371.17085
G1 X80.606 Y93.185 E2371.19039
G1 X80.186 Y93.511 E2371.2125
G1 X79.847 Y93.879 E2371.2333
G1 X79.545 Y94.347 E2371.25646
G1 X79.338 Y94.856 E2371.2793
G1 X79.224 Y95.406 E2371.30265
M204 S5000
M205 X30 Y30
G0 F7200 X78.726 Y95.346
M204 S3000
M205 X20 Y20
;TYPE:WALL-OUTER
G1 F2040 X78.706 Y95.936 E2371.3272
G1 X78.736 Y96.243 E2371.34002
G1 X78.886 Y96.872 E2371.36691
G1 X79.001 Y97.175 E2371.38038
G1 X79.284 Y97.694 E2371.40496
G1 X79.689 Y98.206 E2371.4321
G1 X79.916 Y98.423 E2371.44515
G1 X80.441 Y98.803 E2371.4721
G1 X81.025 Y99.081 E2371.49899
G1 X81.341 Y99.182 E2371.51278
G1 X81.912 Y99.282 E2371.53688
G1 X82.553 Y99.286 E2371.56353
G1 X83.193 Y99.169 E2371.59058
G1 X83.746 Y98.968 E2371.61504
G1 X84.298 Y98.65 E2371.64153
G1 X84.793 Y98.224 E2371.66868
G1 X85.169 Y97.767 E2371.69328
G1 X85.333 Y97.504 E2371.70617
G1 X85.601 Y96.912 E2371.73319
G1 X85.757 Y96.281 E2371.76021
G1 X85.796 Y95.637 E2371.78703
G1 X85.731 Y95.06 E2371.81118
G1 X85.545 Y94.431 E2371.83845
G1 X85.416 Y94.148 E2371.85138
G1 X85.105 Y93.644 E2371.876
G1 X84.672 Y93.155 E2371.90315
G1 X84.438 Y92.955 E2371.91595
G1 X83.887 Y92.601 E2371.94318
G1 X83.293 Y92.36 E2371.96983
G1 X82.711 Y92.232 E2371.99461
G1 X82.402 Y92.204 E2372.0075
G1 X81.747 Y92.237 E2372.03477
G1 X81.439 Y92.296 E2372.04781
G1 X80.823 Y92.503 E2372.07483
G1 X80.333 Y92.764 E2372.09791
G1 X79.847 Y93.141 E2372.12348
G1 X79.45 Y93.571 E2372.14781
G1 X79.099 Y94.116 E2372.17476
G1 X78.858 Y94.71 E2372.20141
G1 X78.726 Y95.346 E2372.22842
M204 S5000
M205 X30 Y30
G0 F7200 X78.72 Y95.546
G0 X79.418 Y95.57
G0 X80.924 Y95.291
M204 S3000
M205 X20 Y20
G1 F2040 X81.148 Y94.883 E2372.24777
G1 X81.365 Y94.661 E2372.26068
G1 X81.774 Y94.429 E2372.28023
G1 X82.237 Y94.347 E2372.29977
G1 X82.709 Y94.424 E2372.31966
G1 X83.144 Y94.668 E2372.34039
G1 X83.329 Y94.852 E2372.35124
G1 X83.574 Y95.282 E2372.37182
G1 X83.654 Y95.766 E2372.39221
G1 X83.58 Y96.196 E2372.41035
G1 X83.454 Y96.469 E2372.42285
G1 X83.155 Y96.825 E2372.44218
G1 X82.732 Y97.069 E2372.46248
G1 X82.29 Y97.15 E2372.48117
G1 X81.771 Y97.07 E2372.503
G1 X81.362 Y96.837 E2372.52257
G1 X81.054 Y96.481 E2372.54214
G1 X80.926 Y96.215 E2372.55441
G1 X80.85 Y95.793 E2372.57224
G1 X80.924 Y95.291 E2372.59334
M204 S5000
M205 X30 Y30
G0 F7200 X81.02 Y95.116
G0 X80.103 Y94.588
G1 F1500 E2366.09334
G0 F7200 X80.844 Y96.601
G0 X82.536 Y99.067
G0 X82.738 Y100.181
G0 X84.171 Y110.725
G0 X83.756 Y111.781
G0 X84.939 Y113.846
G1 F1500 E2372.59334
G0 F7200 X84.939 Y113.847
M204 S3000
M205 X20 Y20
;TYPE:FILL
G1 F5040 X84.315 Y114.47 E2372.63
M204 S5000
M205 X30 Y30
G0 F7200 X84.319 Y114.47
G0 X83.996 Y115.819
G0 X83.016 Y116.647
G0 X81.97 Y116.818
G0 X81.971 Y116.814
M204 S3000
M205 X20 Y20
G1 F5040 X81.35 Y117.435 E2372.66651
M204 S5000
M205 X30 Y30
G0 F7200 X82.235 Y117.591
M204 S3000
M205 X20 Y20
G1 F5040 X81.178 Y116.534 E2372.72866
G1 X81.09 Y116.446
M204 S5000
M205 X30 Y30
G0 F7200 X80.439 Y115.795
M204 S3000
M205 X20 Y20
G1 F5040 X79.416 Y114.771 E2372.78883
G1 X79.328 Y114.683
M204 S5000
M205 X30 Y30
G0 F7200 X79.217 Y115.03
M204 S3000
M205 X20 Y20
;TYPE:WALL-INNER
G1 F4020 X79.304 Y115.521 E2372.80956
G1 X79.539 Y116.174 E2372.83842
G1 X80.022 Y116.847 E2372.87286
G1 X80.515 Y117.253 E2372.89941
G1 X81 Y117.527 E2372.92257
G1 X81.652 Y117.752 E2372.95124
G1 X82.434 Y117.806 E2372.98383
G1 X83.113 Y117.67 E2373.01262
G1 X83.63 Y117.466 E2373.03573
G1 X84.052 Y117.207 E2373.05632
G1 X84.465 Y116.84 E2373.07929
G1 X84.895 Y116.288 E2373.10838
G1 X85.201 Y115.558 E2373.14129
G1 X85.293 Y114.888 E2373.1694
G1 X85.262 Y114.206 E2373.19779
G1 X85.065 Y113.582 E2373.22499
G1 X84.81 Y113.1 E2373.24766
G1 X84.463 Y112.659 E2373.27099
G1 X84.096 Y112.326 E2373.2916
G1 X83.628 Y112.032 E2373.31457
G1 X83.111 Y111.83 E2373.33765
G1 X82.479 Y111.698 E2373.36449
G1 X81.796 Y111.738 E2373.39294
G1 X81.253 Y111.873 E2373.4162
G1 X80.795 Y112.074 E2373.43699
G1 X80.338 Y112.378 E2373.45981
G1 X79.94 Y112.766 E2373.48292
G1 X79.619 Y113.217 E2373.50594
G1 X79.402 Y113.668 E2373.52675
G1 X79.25 Y114.218 E2373.55047
G1 X79.217 Y114.494 E2373.56203
G1 X79.217 Y115.03 E2373.58431
M204 S5000
M205 X30 Y30
G0 F7200 X79.416 Y115.01
G0 X80.358 Y114.881
M204 S3000
M205 X20 Y20
G1 F4020 X80.347 Y114.752 E2373.58969
G1 X80.444 Y114.152 E2373.61496
G1 X80.747 Y113.584 E2373.64173
G1 X81.052 Y113.271 E2373.6599
G1 X81.602 Y112.951 E2373.68635
G1 X82.26 Y112.838 E2373.71411
G1 X82.922 Y112.967 E2373.74215
G1 X83.442 Y113.256 E2373.76688
G1 X83.732 Y113.553 E2373.78414
G1 X84.04 Y114.072 E2373.80923
G1 X84.164 Y114.772 E2373.83879
G1 X84.031 Y115.426 E2373.86653
G1 X83.871 Y115.756 E2373.88178
G1 X83.458 Y116.235 E2373.90808
G1 X82.88 Y116.556 E2373.93556
G1 X82.294 Y116.653 E2373.96026
G1 X81.723 Y116.573 E2373.98423
G1 X81.503 Y116.497 E2373.99391
G1 X81.032 Y116.214 E2374.01675
G1 X80.649 Y115.775 E2374.04097
G1 X80.458 Y115.391 E2374.0588
G1 X80.358 Y114.881 E2374.08041
M204 S5000
M205 X30 Y30
G0 F7200 X80.85 Y114.794
M204 S3000
M205 X20 Y20
;TYPE:WALL-OUTER
G1 F2040 X80.949 Y114.229 E2374.10426
G1 X81.172 Y113.852 E2374.12247
G1 X81.394 Y113.641 E2374.1352
G1 X81.775 Y113.429 E2374.15333
G1 X82.27 Y113.347 E2374.17419
G1 X82.738 Y113.433 E2374.19397
G1 X83.115 Y113.646 E2374.21197
G1 X83.338 Y113.863 E2374.22491
G1 X83.572 Y114.278 E2374.24472
G1 X83.654 Y114.738 E2374.26414
G1 X83.578 Y115.202 E2374.28369
G1 X83.457 Y115.464 E2374.29569
G1 X83.158 Y115.822 E2374.31508
G1 X82.739 Y116.066 E2374.33524
G1 X82.232 Y116.153 E2374.35663
G1 X81.772 Y116.07 E2374.37606
G1 X81.382 Y115.851 E2374.39466
G1 X81.055 Y115.483 E2374.41512
G1 X80.928 Y115.221 E2374.42723
G1 X80.85 Y114.794 E2374.44528
M204 S5000
M205 X30 Y30
G0 F7200 X80.884 Y114.597
G0 X80.181 Y114.473
G0 X78.717 Y115.074
M204 S3000
M205 X20 Y20
G1 F2040 X78.818 Y115.65 E2374.46959
G1 X79.038 Y116.259 E2374.49651
G1 X79.181 Y116.534 E2374.5094
G1 X79.562 Y117.064 E2374.53653
G1 X79.779 Y117.295 E2374.54971
G1 X80.231 Y117.667 E2374.57405
G1 X80.794 Y117.985 E2374.60093
G1 X81.406 Y118.196 E2374.62784
G1 X81.715 Y118.257 E2374.64094
G1 X82.307 Y118.298 E2374.66561
G1 X82.616 Y118.28 E2374.67848
G1 X83.255 Y118.152 E2374.70557
G1 X83.854 Y117.915 E2374.73235
G1 X84.351 Y117.61 E2374.7566
G1 X84.831 Y117.184 E2374.78328
G1 X85.232 Y116.669 E2374.81042
G1 X85.391 Y116.399 E2374.82344
G1 X85.626 Y115.84 E2374.84865
G1 X85.707 Y115.551 E2374.86113
G1 X85.795 Y114.91 E2374.88803
G1 X85.758 Y114.12 E2374.92091
G1 X85.529 Y113.388 E2374.9528
G1 X85.231 Y112.826 E2374.97925
G1 X84.83 Y112.317 E2375.00619
G1 X84.399 Y111.926 E2375.03038
G1 X83.854 Y111.584 E2375.05713
G1 X83.255 Y111.348 E2375.0839
G1 X82.674 Y111.228 E2375.10856
G1 X82.364 Y111.203 E2375.12149
G1 X81.72 Y111.242 E2375.14832
G1 X81.091 Y111.398 E2375.17526
G1 X80.554 Y111.634 E2375.19965
G1 X80.023 Y111.988 E2375.22618
G1 X79.558 Y112.439 E2375.25311
G1 X79.187 Y112.962 E2375.27977
G1 X78.932 Y113.491 E2375.30418
G1 X78.758 Y114.117 E2375.3312
G1 X78.717 Y114.494 E2375.34696
G1 X78.717 Y115.074 E2375.37108
M204 S5000
M205 X30 Y30
G0 F7200 X78.751 Y115.271
G0 X79.786 Y115.092
G1 F1500 E2368.87108
G0 F7200 X81.685 Y116.301
G0 X82.707 Y116.32
G0 X85.575 Y114.905
G0 X86.708 Y114.852
G0 X133.292 Y114.648
G0 X134.425 Y114.595
G0 X135.056 Y113.843
M204 S3000
M205 X20 Y20
;TYPE:FILL
G1 F1500 E2375.37108
G1 F5040 X135.684 Y114.471 E2375.408
M204 S5000
M205 X30 Y30
G0 F7200 X135.682 Y114.47
G0 X136.004 Y115.819
G0 X136.984 Y116.647
G0 X138.028 Y116.82
G0 X138.028 Y116.815
M204 S3000
M205 X20 Y20
G1 F5040 X138.657 Y117.444 E2375.44498
M204 S5000
M205 X30 Y30
G0 F7200 X137.767 Y117.587
M204 S3000
M205 X20 Y20
G1 F5040 X138.808 Y116.546 E2375.50619
G1 X138.896 Y116.458
M204 S5000
M205 X30 Y30
G0 F7200 X139.563 Y115.79
M204 S3000
M205 X20 Y20
G1 F5040 X140.582 Y114.772 E2375.56607
G1 X140.67 Y114.684
M204 S5000
M205 X30 Y30
G0 F7200 X140.583 Y114.683
G0 X139.073 Y116.323
G0 X137.75 Y116.807
G0 X136.427 Y116.323
G0 X135.746 Y115.396
G0 X135.948 Y115.361
M204 S3000
M205 X20 Y20
;TYPE:WALL-INNER
G1 F4020 X135.857 Y114.879 E2375.58647
G1 X135.849 Y114.685 E2375.59454
G1 X135.951 Y114.105 E2375.61902
G1 X136.266 Y113.558 E2375.64527
G1 X136.605 Y113.232 E2375.66482
G1 X137.118 Y112.946 E2375.68924
G1 X137.757 Y112.84 E2375.71617
G1 X138.438 Y112.964 E2375.74495
G1 X138.96 Y113.277 E2375.77025
G1 X139.252 Y113.58 E2375.78775
G1 X139.54 Y114.098 E2375.81239
G1 X139.66 Y114.711 E2375.83836
G1 X139.561 Y115.337 E2375.86471
G1 X139.355 Y115.772 E2375.88472
G1 X138.973 Y116.223 E2375.90929
G1 X138.4 Y116.55 E2375.93672
G1 X137.746 Y116.661 E2375.9643
G1 X137.115 Y116.553 E2375.99091
G1 X136.532 Y116.223 E2376.01876
G1 X136.141 Y115.763 E2376.04386
G1 X135.948 Y115.361 E2376.0624
M204 S5000
M205 X30 Y30
G0 F7200 X135.746 Y115.396
G0 X134.738 Y115.294
M204 S3000
M205 X20 Y20
G1 F4020 X134.935 Y115.921 E2376.08973
G1 X135.19 Y116.4 E2376.11229
G1 X135.537 Y116.841 E2376.13562
G1 X135.905 Y117.174 E2376.15625
G1 X136.372 Y117.467 E2376.17917
G1 X136.889 Y117.671 E2376.20228
G1 X137.522 Y117.803 E2376.22916
G1 X138.204 Y117.762 E2376.25757
G1 X138.747 Y117.627 E2376.28083
G1 X139.205 Y117.426 E2376.30163
G1 X139.662 Y117.122 E2376.32444
G1 X140.06 Y116.734 E2376.34755
G1 X140.381 Y116.283 E2376.37057
G1 X140.597 Y115.832 E2376.39136
G1 X140.784 Y115.163 E2376.42024
G1 X140.783 Y114.47 E2376.44905
G1 X140.697 Y113.979 E2376.46977
G1 X140.46 Y113.325 E2376.49869
G1 X139.979 Y112.653 E2376.53305
G1 X139.486 Y112.247 E2376.55961
G1 X139 Y111.973 E2376.5828
G1 X138.352 Y111.749 E2376.61131
G1 X137.56 Y111.694 E2376.64431
G1 X136.887 Y111.83 E2376.67286
G1 X136.37 Y112.034 E2376.69597
G1 X135.948 Y112.294 E2376.71657
G1 X135.535 Y112.66 E2376.73952
G1 X135.103 Y113.215 E2376.76876
G1 X134.801 Y113.938 E2376.80133
G1 X134.707 Y114.612 E2376.82962
G1 X134.738 Y115.294 E2376.85801
M204 S5000
M205 X30 Y30
G0 F7200 X134.242 Y115.38
M204 S3000
M205 X20 Y20
;TYPE:WALL-OUTER
G1 F2040 X134.471 Y116.113 E2376.88993
G1 X134.769 Y116.674 E2376.91634
G1 X135.17 Y117.183 E2376.94328
G1 X135.601 Y117.574 E2376.96748
G1 X136.146 Y117.916 E2376.99423
G1 X136.745 Y118.152 E2377.021
G1 X137.326 Y118.273 E2377.04567
G1 X137.636 Y118.297 E2377.0586
G1 X138.28 Y118.258 E2377.08542
G1 X138.909 Y118.102 E2377.11236
G1 X139.446 Y117.866 E2377.13675
G1 X139.977 Y117.512 E2377.16328
G1 X140.442 Y117.061 E2377.19021
G1 X140.813 Y116.538 E2377.21687
G1 X141.067 Y116.009 E2377.24127
G1 X141.242 Y115.383 E2377.26829
G1 X141.284 Y115.077 E2377.28114
G1 X141.283 Y114.426 E2377.3082
G1 X141.182 Y113.85 E2377.33251
G1 X140.962 Y113.241 E2377.35943
G1 X140.817 Y112.964 E2377.37243
G1 X140.438 Y112.436 E2377.39945
G1 X140.221 Y112.205 E2377.41263
G1 X139.77 Y111.833 E2377.43694
G1 X139.206 Y111.515 E2377.46386
G1 X138.594 Y111.304 E2377.49077
G1 X138.285 Y111.243 E2377.50386
G1 X137.693 Y111.202 E2377.52854
G1 X137.383 Y111.22 E2377.54145
G1 X136.745 Y111.348 E2377.5685
G1 X136.146 Y111.585 E2377.59528
G1 X135.649 Y111.89 E2377.61952
G1 X135.169 Y112.316 E2377.64621
G1 X134.768 Y112.832 E2377.67338
G1 X134.609 Y113.101 E2377.68637
G1 X134.374 Y113.66 E2377.71158
G1 X134.293 Y113.949 E2377.72406
G1 X134.205 Y114.59 E2377.75096
G1 X134.242 Y115.38 E2377.78384
M204 S5000
M205 X30 Y30
G0 F7200 X134.301 Y115.571
G0 X134.97 Y115.369
G0 X135.735 Y114.168
G0 X136.425 Y114.289
M204 S3000
M205 X20 Y20
G1 F2040 X136.661 Y113.865 E2377.80401
G1 X136.852 Y113.672 E2377.8153
G1 X137.261 Y113.434 E2377.83497
G1 X137.768 Y113.347 E2377.85636
G1 X138.228 Y113.429 E2377.87579
G1 X138.641 Y113.665 E2377.89556
G1 X138.845 Y113.872 E2377.90764
G1 X139.069 Y114.268 E2377.92656
G1 X139.154 Y114.749 E2377.94687
G1 X139.078 Y115.203 E2377.96601
G1 X138.946 Y115.482 E2377.97884
G1 X138.666 Y115.814 E2377.99689
G1 X138.247 Y116.063 E2378.01716
G1 X137.73 Y116.153 E2378.03898
G1 X137.296 Y116.077 E2378.05729
G1 X136.84 Y115.82 E2378.07906
G1 X136.553 Y115.479 E2378.09759
G1 X136.425 Y115.211 E2378.10993
G1 X136.35 Y114.793 E2378.12759
G1 X136.425 Y114.289 E2378.14877
M204 S5000
M205 X30 Y30
G0 F7200 X136.522 Y114.115
G0 X135.601 Y113.583
G1 F1500 E2371.64877
G0 F7200 X136.247 Y111.78
G0 X135.829 Y110.727
G0 X137.058 Y100.155
G0 X137.154 Y99.026
G0 X136.098 Y98.043
M204 S3000
M205 X20 Y20
;TYPE:FILL
G1 F1500 E2378.14877
G1 F5040 X136.634 Y97.507 E2378.18029
M204 S5000
M205 X30 Y30
G0 F7200 X136.631 Y97.512
G0 X137.75 Y97.807
G0 X138.955 Y97.392
G0 X139.425 Y96.999
M204 S3000
M205 X20 Y20
G1 F5040 X139.956 Y97.529 E2378.21148
M204 S5000
M205 X30 Y30
G0 F7200 X139.807 Y95.751
G0 X139.512 Y94.63
G0 X139.512 Y94.629
M204 S3000
M205 X20 Y20
G1 F5040 X140.053 Y94.088 E2378.24329
M204 S5000
M205 X30 Y30
G0 F7200 X137.75 Y93.693
G0 X136.494 Y94.067
G0 X136.494 Y94.068
M204 S3000
M205 X20 Y20
G1 F5040 X135.968 Y93.541 E2378.27425
M204 S5000
M205 X30 Y30
G0 F7200 X135.693 Y95.751
G0 X135.953 Y96.375
M204 S3000
M205 X20 Y20
;TYPE:WALL-INNER
G1 F4020 X135.857 Y95.879 E2378.29525
G1 X135.852 Y95.657 E2378.30448
G1 X135.958 Y95.086 E2378.32863
G1 X136.283 Y94.537 E2378.35515
G1 X136.617 Y94.224 E2378.37418
G1 X137.109 Y93.95 E2378.39759
G1 X137.745 Y93.84 E2378.42443
G1 X138.411 Y93.949 E2378.45249
G1 X138.946 Y94.266 E2378.47834
G1 X139.28 Y94.623 E2378.49867
G1 X139.553 Y95.138 E2378.5229
G1 X139.664 Y95.736 E2378.54819
G1 X139.567 Y96.316 E2378.57263
G1 X139.383 Y96.729 E2378.59143
G1 X138.992 Y97.209 E2378.61717
G1 X138.41 Y97.548 E2378.64517
G1 X137.751 Y97.664 E2378.67299
G1 X137.089 Y97.536 E2378.70102
G1 X136.528 Y97.227 E2378.72765
G1 X136.136 Y96.755 E2378.75316
G1 X135.953 Y96.375 E2378.7707
M204 S5000
M205 X30 Y30
G0 F7200 X135.769 Y96.461
G0 X134.748 Y96.346
M204 S3000
M205 X20 Y20
G1 F4020 X135.003 Y97.099 E2378.80375
G1 X135.383 Y97.666 E2378.83213
G1 X135.777 Y98.068 E2378.85553
G1 X136.295 Y98.444 E2378.88214
G1 X137.072 Y98.735 E2378.91663
G1 X137.768 Y98.796 E2378.94568
G1 X138.262 Y98.752 E2378.9663
G1 X138.804 Y98.608 E2378.98962
G1 X139.305 Y98.369 E2379.01269
G1 X139.833 Y97.994 E2379.03962
G1 X140.357 Y97.357 E2379.07391
G1 X140.64 Y96.705 E2379.10346
G1 X140.757 Y96.228 E2379.12388
G1 X140.795 Y95.675 E2379.14693
G1 X140.731 Y95.129 E2379.16978
G1 X140.543 Y94.498 E2379.19716
G1 X140.184 Y93.918 E2379.22551
G1 X139.81 Y93.508 E2379.24859
G1 X139.432 Y93.212 E2379.26855
G1 X138.845 Y92.89 E2379.29638
G1 X138.173 Y92.735 E2379.32505
G1 X137.531 Y92.696 E2379.3518
G1 X136.854 Y92.84 E2379.38057
G1 X136.34 Y93.05 E2379.40366
G1 X135.918 Y93.316 E2379.4244
G1 X135.399 Y93.787 E2379.45353
G1 X134.959 Y94.497 E2379.48826
G1 X134.773 Y95.105 E2379.51469
G1 X134.705 Y95.658 E2379.53786
G1 X134.708 Y95.71 E2379.54002
G1 X134.748 Y96.346 E2379.56652
M204 S5000
M205 X30 Y30
G0 F7200 X134.203 Y95.643
M204 S3000
M205 X20 Y20
;TYPE:WALL-OUTER
G1 F2040 X134.208 Y95.741 E2379.5706
G1 X134.243 Y96.288 E2379.59339
G1 X134.305 Y96.598 E2379.60653
G1 X134.496 Y97.162 E2379.63129
G1 X134.633 Y97.446 E2379.6444
G1 X134.993 Y97.982 E2379.67124
G1 X135.449 Y98.448 E2379.69835
G1 X135.924 Y98.792 E2379.72273
G1 X136.201 Y98.943 E2379.73585
G1 X136.813 Y99.172 E2379.76301
G1 X137.121 Y99.242 E2379.77614
G1 X137.768 Y99.298 E2379.80314
G1 X138.349 Y99.246 E2379.8274
G1 X138.978 Y99.079 E2379.85445
G1 X139.559 Y98.801 E2379.88123
G1 X140.043 Y98.458 E2379.90589
G1 X140.273 Y98.246 E2379.9189
G1 X140.69 Y97.74 E2379.94616
G1 X140.853 Y97.474 E2379.95913
G1 X141.116 Y96.865 E2379.98671
G1 X141.253 Y96.306 E2380.01064
G1 X141.297 Y95.663 E2380.03743
G1 X141.223 Y95.027 E2380.06405
G1 X141.002 Y94.288 E2380.09612
G1 X140.585 Y93.616 E2380.129
G1 X140.152 Y93.14 E2380.15575
G1 X139.708 Y92.793 E2380.17918
G1 X139.171 Y92.499 E2380.20463
G1 X138.883 Y92.386 E2380.2175
G1 X138.245 Y92.238 E2380.24473
G1 X137.656 Y92.203 E2380.26926
G1 X137.346 Y92.225 E2380.28218
G1 X136.706 Y92.36 E2380.30937
G1 X136.11 Y92.604 E2380.33615
G1 X135.614 Y92.916 E2380.36051
G1 X135.13 Y93.355 E2380.38767
G1 X134.93 Y93.594 E2380.40063
G1 X134.585 Y94.15 E2380.42784
G1 X134.454 Y94.437 E2380.44095
G1 X134.282 Y95.001 E2380.46547
G1 X134.203 Y95.643 E2380.49236
M204 S5000
M205 X30 Y30
G0 F7200 X134.208 Y95.741
G0 X134.214 Y95.842
G0 X134.912 Y95.799
G0 X135.736 Y95.16
G0 X136.427 Y95.281
M204 S3000
M205 X20 Y20
G1 F2040 X136.646 Y94.886 E2380.51114
G1 X136.85 Y94.673 E2380.5234
G1 X137.291 Y94.424 E2380.54445
G1 X137.732 Y94.347 E2380.56307
G1 X138.238 Y94.433 E2380.5844
G1 X138.636 Y94.661 E2380.60347
G1 X138.826 Y94.85 E2380.61462
G1 X139.063 Y95.255 E2380.63413
G1 X139.153 Y95.768 E2380.65578
G1 X139.08 Y96.196 E2380.67383
G1 X138.955 Y96.467 E2380.68624
G1 X138.637 Y96.839 E2380.70658
G1 X138.211 Y97.076 E2380.72685
G1 X137.728 Y97.153 E2380.74719
G1 X137.265 Y97.068 E2380.76676
G1 X136.862 Y96.837 E2380.78607
G1 X136.551 Y96.476 E2380.80588
G1 X136.437 Y96.242 E2380.8167
G1 X136.35 Y95.793 E2380.83572
G1 X136.427 Y95.281 E2380.85724
M204 S5000
M205 X30 Y30
G0 F7200 X136.524 Y95.106
G0 X135.611 Y94.579
G1 F1500 E2374.35724
;MESH:NONMESH
G0 F600 X135.611 Y94.579 Z2.5
G0 F7200 X134.498 Y95.042
G0 X133.371 Y94.905
G0 X86.703 Y95.518
G0 X85.578 Y95.645
G0 X82.815 Y97.301
G0 X81.793 Y97.32
G0 X79.585 Y96.349
;TIME_ELAPSED:2234.132277
;LAYER:11
M204 S3000
M205 X20 Y20
;TYPE:WALL-INNER
;MESH:Pi Holder.stl
G1 F1500 E2380.85724
G1 F2768.6 X79.748 Y96.854 E2380.88928
G1 F2780.1 X79.999 Y97.298 E2380.91994
G1 F2772.4 X80.258 Y97.618 E2380.94476
G1 X80.725 Y98.035 E2380.9825
G1 F2787.8 X81.32 Y98.321 E2381.02208
G1 F2776.2 X81.954 Y98.467 E2381.06124
G1 F2768.6 X82.478 Y98.475 E2381.09288
G1 F2776.2 X82.99 Y98.381 E2381.12422
G1 F2764.8 X83.588 Y98.132 E2381.16337
G1 F2772.4 X84.02 Y97.835 E2381.19498
G1 F2776.2 X84.38 Y97.457 E2381.2264
G1 F2768.6 X84.724 Y96.914 E2381.26521
G1 F2776.2 X84.939 Y96.304 E2381.30414
G1 F2783.9 X84.983 Y95.644 E2381.34385
G1 F2772.4 X84.935 Y95.25 E2381.36778
G1 X84.763 Y94.64 E2381.40599
G1 F2783.9 X84.413 Y94.076 E2381.44584
G1 F2772.4 X84.046 Y93.673 E2381.4787
G1 F2761 X83.516 Y93.328 E2381.51698
G1 F2772.4 X83.04 Y93.134 E2381.54796
G1 F2783.9 X82.401 Y93.019 E2381.58694
G1 F2768.6 X81.877 Y93.044 E2381.61861
G1 X81.257 Y93.188 E2381.65704
G1 X80.672 Y93.505 E2381.6972
G1 F2772.4 X80.211 Y93.927 E2381.73488
G1 F2761 X79.881 Y94.371 E2381.76837
G1 X79.638 Y94.941 E2381.80587
G1 F2780.1 X79.535 Y95.446 E2381.83686
G1 F2772.4 X79.532 Y96.013 E2381.87104
G1 F2768.6 X79.585 Y96.349 E2381.89157
M204 S5000
M205 X30 Y30
G0 F7200 X80.247 Y95.898
M204 S3000
M205 X20 Y20
G1 F2780.1 X80.248 Y95.599 E2381.90955
G1 F2783.9 X80.333 Y95.137 E2381.93775
G1 F2791.7 X80.674 Y94.498 E2381.98111
G1 F2776.2 X81.073 Y94.118 E2382.01428
G1 X81.587 Y93.848 E2382.04924
G1 X81.991 Y93.765 E2382.07407
G1 F2768.6 X82.35 Y93.74 E2382.09579
G1 F2799.4 X82.968 Y93.87 E2382.13349
G1 F2807.3 X83.524 Y94.177 E2382.17131
G1 F2795.5 X83.871 Y94.56 E2382.2022
G1 F2791.7 X84.148 Y95.054 E2382.23611
G1 X84.274 Y95.735 E2382.27757
G1 F2811.2 X84.147 Y96.421 E2382.31905
G1 F2803.3 X84.007 Y96.733 E2382.33944
G1 F2795.5 X83.608 Y97.233 E2382.37768
G1 F2787.8 X83.067 Y97.586 E2382.41641
G1 F2776.2 X82.822 Y97.677 E2382.43214
G1 F2780.1 X82.401 Y97.753 E2382.45786
G1 X82.1 Y97.752 E2382.47596
G1 F2787.8 X81.621 Y97.662 E2382.50518
G1 F2783.9 X80.989 Y97.334 E2382.54792
G1 F2776.2 X80.586 Y96.877 E2382.58461
G1 F2791.7 X80.348 Y96.402 E2382.61641
G1 F2787.8 X80.247 Y95.898 E2382.64723
M204 S5000
M205 X30 Y30
G0 F7200 X80.85 Y95.793
M204 S3000
M205 X20 Y20
;TYPE:WALL-OUTER
G1 F2040 X80.924 Y95.291 E2382.66832
G1 X81.159 Y94.867 E2382.68848
G1 X81.349 Y94.675 E2382.69971
G1 X81.739 Y94.444 E2382.71855
G1 X82.28 Y94.348 E2382.7414
G1 X82.74 Y94.434 E2382.76085
G1 X83.118 Y94.648 E2382.77891
G1 X83.354 Y94.885 E2382.79282
G1 X83.574 Y95.284 E2382.81176
G1 X83.654 Y95.765 E2382.83203
G1 X83.573 Y96.219 E2382.85121
G1 X83.448 Y96.479 E2382.8632
G1 X83.135 Y96.84 E2382.88307
G1 X82.732 Y97.069 E2382.90234
G1 X82.206 Y97.15 E2382.92446
G1 X81.747 Y97.06 E2382.94391
G1 X81.342 Y96.821 E2382.96346
G1 X81.041 Y96.46 E2382.983
G1 X80.917 Y96.178 E2382.99581
G1 X80.85 Y95.793 E2383.01206
M204 S5000
M205 X30 Y30
G0 F7200 X80.879 Y95.595
G0 X80.181 Y95.472
G0 X78.912 Y96.003
M204 S3000
M205 X20 Y20
G1 F2040 X78.927 Y96.104 E2383.0163
G1 X78.986 Y96.491 E2383.03258
G1 X79.185 Y97.103 E2383.05933
G1 X79.491 Y97.643 E2383.08514
G1 X79.811 Y98.042 E2383.1064
G1 X80.282 Y98.46 E2383.13258
G1 X80.533 Y98.625 E2383.14507
G1 X81.106 Y98.895 E2383.17141
G1 X81.76 Y99.08 E2383.19966
G1 X82.53 Y99.087 E2383.23168
G1 X83.15 Y98.973 E2383.25789
G1 X83.785 Y98.744 E2383.28595
G1 X84.418 Y98.302 E2383.31805
G1 X84.857 Y97.848 E2383.3443
G1 X85.239 Y97.296 E2383.37221
G1 X85.499 Y96.56 E2383.40467
G1 X85.559 Y96.261 E2383.41734
G1 X85.595 Y95.627 E2383.44375
G1 X85.539 Y95.13 E2383.46454
G1 X85.363 Y94.517 E2383.49105
G1 X85.24 Y94.244 E2383.5035
G1 X84.902 Y93.707 E2383.52988
G1 X84.449 Y93.202 E2383.55809
G1 X83.801 Y92.781 E2383.59022
G1 X83.223 Y92.548 E2383.61612
G1 X82.562 Y92.4 E2383.64429
G1 X81.791 Y92.433 E2383.67637
G1 X81.189 Y92.578 E2383.70211
G1 X80.891 Y92.692 E2383.71538
G1 X80.313 Y93 E2383.74261
G1 X79.756 Y93.514 E2383.77412
G1 X79.341 Y94.061 E2383.80267
G1 X79.051 Y94.76 E2383.83413
G1 X78.923 Y95.377 E2383.86033
G1 X78.912 Y96.003 E2383.88636
M204 S5000
M205 X30 Y30
G0 F7200 X78.927 Y96.104
G0 X78.941 Y96.2
G0 X79.783 Y96.079
G1 F1500 E2377.38636
G0 F7200 X80.42 Y98.289
G0 X80.085 Y99.425
G0 X80.961 Y110.693
G0 X81.23 Y111.793
G0 X80.3 Y113.955
G1 F1500 E2383.88636
G0 F7200 X80.38 Y114.002
M204 S3000
M205 X20 Y20
;TYPE:WALL-INNER
G1 F2776.2 X80.671 Y113.497 E2383.92144
G1 X80.999 Y113.172 E2383.94924
G1 F2795.5 X81.567 Y112.845 E2383.98842
G1 F2803.3 X82.28 Y112.726 E2384.03152
G1 F2799.4 X82.943 Y112.851 E2384.0718
G1 X83.501 Y113.159 E2384.10985
G1 F2811.2 X83.816 Y113.487 E2384.13689
G1 X84.136 Y114.02 E2384.17385
G1 F2780.1 X84.232 Y114.473 E2384.20169
G1 F2768.6 X84.26 Y114.848 E2384.22439
G1 F2787.8 X84.141 Y115.445 E2384.26088
G1 F2795.5 X83.952 Y115.822 E2384.2861
G1 F2780.1 X83.686 Y116.15 E2384.31148
G1 F2776.2 X83.441 Y116.372 E2384.33139
G1 F2795.5 X82.891 Y116.657 E2384.36842
G1 X82.4 Y116.752 E2384.39832
G1 F2780.1 X82.099 Y116.753 E2384.41642
G1 X81.703 Y116.682 E2384.4406
G1 X81.425 Y116.582 E2384.45836
G1 F2776.2 X81.063 Y116.373 E2384.48353
G1 X80.866 Y116.209 E2384.49896
G1 F2783.9 X80.51 Y115.762 E2384.53327
G1 F2787.8 X80.332 Y115.357 E2384.55979
G1 F2791.7 X80.249 Y114.898 E2384.58771
G1 F2776.2 X80.284 Y114.376 E2384.61921
G1 F2772.4 X80.38 Y114.002 E2384.64248
M204 S5000
M205 X30 Y30
G0 F7200 X80.3 Y113.955
G0 X79.649 Y115.241
G0 X79.567 Y115.262
M204 S3000
M205 X20 Y20
G1 F2772.4 X79.667 Y115.651 E2384.6667
G1 F2787.8 X79.884 Y116.122 E2384.69779
G1 F2772.4 X80.194 Y116.548 E2384.72955
G1 F2764.8 X80.669 Y116.98 E2384.76836
G1 F2780.1 X81.12 Y117.239 E2384.79963
G1 F2776.2 X81.608 Y117.404 E2384.83064
G1 X82.009 Y117.471 E2384.85511
G1 X82.643 Y117.467 E2384.89328
G1 F2783.9 X83.271 Y117.287 E2384.9325
G1 F2764.8 X83.76 Y117.041 E2384.96559
G1 F2757.2 X84.229 Y116.633 E2385.00327
G1 F2780.1 X84.553 Y116.223 E2385.03469
G1 F2787.8 X84.837 Y115.635 E2385.07384
G1 X84.986 Y114.996 E2385.11317
G1 F2772.4 X84.954 Y114.362 E2385.15144
G1 X84.793 Y113.741 E2385.19012
G1 F2776.2 X84.548 Y113.272 E2385.22197
G1 F2772.4 X84.226 Y112.862 E2385.2534
G1 F2783.9 X83.84 Y112.51 E2385.28476
G1 F2791.7 X83.265 Y112.211 E2385.32356
G1 F2776.2 X82.764 Y112.068 E2385.35493
G1 F2772.4 X82.367 Y112.018 E2385.37905
G1 F2776.2 X81.856 Y112.049 E2385.40987
G1 X81.357 Y112.166 E2385.44072
G1 X80.887 Y112.384 E2385.47191
G1 F2772.4 X80.555 Y112.603 E2385.49589
G1 F2776.2 X80.095 Y113.049 E2385.53446
G1 F2772.4 X79.735 Y113.645 E2385.57643
G1 F2768.6 X79.567 Y114.246 E2385.61411
G1 F2776.2 X79.516 Y114.751 E2385.64466
G1 F2772.4 X79.567 Y115.262 E2385.67562
M204 S5000
M205 X30 Y30
G0 F7200 X78.903 Y114.751
M204 S3000
M205 X20 Y20
;TYPE:WALL-OUTER
G1 F2040 X78.96 Y115.37 E2385.70146
G1 X79.091 Y115.859 E2385.72251
G1 X79.355 Y116.43 E2385.74867
G1 X79.801 Y117.055 E2385.78059
G1 X80.319 Y117.485 E2385.80858
G1 X80.867 Y117.799 E2385.83483
G1 X81.458 Y118.001 E2385.8608
G1 X81.96 Y118.084 E2385.88196
G1 X82.587 Y118.082 E2385.90802
G1 X82.885 Y118.038 E2385.92055
G1 X83.493 Y117.858 E2385.94691
G1 X84.105 Y117.558 E2385.97525
G1 X84.677 Y117.056 E2386.00689
G1 X85.065 Y116.559 E2386.0331
G1 X85.308 Y116.111 E2386.05429
G1 X85.421 Y115.816 E2386.06742
G1 X85.567 Y115.209 E2386.09338
G1 X85.595 Y114.91 E2386.10586
G1 X85.565 Y114.281 E2386.13204
G1 X85.418 Y113.619 E2386.16024
G1 X85.065 Y112.939 E2386.19209
G1 X84.675 Y112.444 E2386.21829
G1 X84.183 Y111.995 E2386.24598
G1 X83.492 Y111.641 E2386.27826
G1 X82.886 Y111.464 E2386.30451
G1 X82.387 Y111.406 E2386.3254
G1 X81.766 Y111.438 E2386.35125
G1 X81.157 Y111.587 E2386.37731
G1 X80.586 Y111.846 E2386.40338
G1 X80.17 Y112.127 E2386.42425
G1 X79.612 Y112.662 E2386.45639
G1 X79.257 Y113.249 E2386.48491
G1 X79.136 Y113.521 E2386.49729
G1 X78.96 Y114.131 E2386.52368
G1 X78.903 Y114.751 E2386.54957
M204 S5000
M205 X30 Y30
G0 F7200 X78.921 Y114.95
G0 X79.617 Y114.886
G0 X80.926 Y114.284
M204 S3000
M205 X20 Y20
G1 F2040 X81.144 Y113.889 E2386.56833
G1 X81.345 Y113.678 E2386.58044
G1 X81.75 Y113.439 E2386.59999
G1 X82.28 Y113.347 E2386.62236
G1 X82.717 Y113.426 E2386.64082
G1 X83.126 Y113.654 E2386.66029
G1 X83.338 Y113.863 E2386.67267
G1 X83.57 Y114.27 E2386.69214
G1 X83.654 Y114.737 E2386.71187
G1 X83.571 Y115.226 E2386.73249
G1 X83.462 Y115.456 E2386.74307
G1 X83.157 Y115.823 E2386.76291
G1 X82.718 Y116.074 E2386.78394
G1 X82.206 Y116.15 E2386.80546
G1 X81.772 Y116.07 E2386.8238
G1 X81.379 Y115.849 E2386.84255
G1 X81.055 Y115.482 E2386.8629
G1 X80.922 Y115.2 E2386.87587
G1 X80.85 Y114.793 E2386.89305
G1 X80.926 Y114.284 E2386.91445
M204 S5000
M205 X30 Y30
G0 F7200 X81.022 Y114.109
G0 X80.279 Y113.685
G1 F1500 E2380.41445
G0 F7200 X81.686 Y113.199
G0 X82.706 Y113.18
G0 X85.348 Y114.315
G0 X86.48 Y114.262
G0 X133.492 Y114.648
G0 X134.624 Y114.595
G1 F1500 E2386.91445
G0 F7200 X135.018 Y114.604
M204 S3000
M205 X20 Y20
;TYPE:WALL-INNER
G1 F2768.6 X135.046 Y115.136 E2386.94661
G1 F2772.4 X135.208 Y115.759 E2386.98541
G1 F2783.9 X135.451 Y116.229 E2387.01718
G1 F2776.2 X135.775 Y116.637 E2387.04854
G1 X136.156 Y116.987 E2387.07969
G1 F2791.7 X136.735 Y117.289 E2387.11878
G1 F2776.2 X137.237 Y117.431 E2387.15019
G1 X137.633 Y117.482 E2387.17422
G1 X138.144 Y117.451 E2387.20504
G1 F2780.1 X138.643 Y117.334 E2387.23586
G1 X139.113 Y117.115 E2387.26703
G1 F2776.2 X139.445 Y116.897 E2387.29094
G1 F2764.8 X139.902 Y116.449 E2387.32962
G1 F2749.7 X140.261 Y115.866 E2387.37124
G1 F2761 X140.434 Y115.254 E2387.40974
G1 F2776.2 X140.484 Y114.749 E2387.44029
G1 X140.433 Y114.239 E2387.47114
G1 X140.331 Y113.845 E2387.49565
G1 X140.112 Y113.38 E2387.52659
G1 F2772.4 X139.808 Y112.949 E2387.55838
G1 F2783.9 X139.331 Y112.52 E2387.5969
G1 F2780.1 X138.88 Y112.261 E2387.62816
G1 F2776.2 X138.392 Y112.096 E2387.65918
G1 F2772.4 X137.991 Y112.029 E2387.68368
G1 F2776.2 X137.357 Y112.033 E2387.72185
G1 F2780.1 X136.729 Y112.213 E2387.76113
G1 F2764.8 X136.24 Y112.459 E2387.79422
G1 F2761 X135.769 Y112.866 E2387.8319
G1 F2776.2 X135.451 Y113.279 E2387.86328
G1 F2780.1 X135.162 Y113.865 E2387.90256
G1 F2772.4 X135.04 Y114.392 E2387.93517
G1 F2768.6 X135.018 Y114.604 E2387.94803
M204 S5000
M205 X30 Y30
G0 F7200 X135.107 Y114.601
G0 X135.742 Y115.374
G0 X135.832 Y115.359
M204 S3000
M205 X20 Y20
G1 F2783.9 X135.749 Y114.897 E2387.97621
G1 X135.74 Y114.651 E2387.99099
G1 X135.849 Y114.084 E2388.02565
G1 F2780.1 X136.07 Y113.658 E2388.05451
G1 X136.25 Y113.41 E2388.07293
G1 F2776.2 X136.589 Y113.108 E2388.10026
G1 F2783.9 X137.11 Y112.844 E2388.13532
G1 F2791.7 X137.6 Y112.748 E2388.16522
G1 F2780.1 X137.901 Y112.747 E2388.18331
G1 X138.297 Y112.818 E2388.2075
G1 F2783.9 X138.558 Y112.91 E2388.22411
G1 F2780.1 X138.935 Y113.126 E2388.25023
G1 F2783.9 X139.251 Y113.409 E2388.2757
G1 F2776.2 X139.48 Y113.743 E2388.30008
G1 X139.65 Y114.081 E2388.32286
G1 F2795.5 X139.774 Y114.749 E2388.36348
G1 F2807.3 X139.662 Y115.375 E2388.40134
G1 X139.435 Y115.877 E2388.43414
G1 F2799.4 X138.973 Y116.348 E2388.47353
G1 X138.431 Y116.656 E2388.51074
G1 X137.723 Y116.773 E2388.55359
G1 F2795.5 X137.052 Y116.647 E2388.5944
G1 F2783.9 X136.516 Y116.341 E2388.63146
G1 X136.051 Y115.828 E2388.67302
G1 X135.832 Y115.359 E2388.7041
M204 S5000
M205 X30 Y30
G0 F7200 X136.553 Y115.479
M204 S3000
M205 X20 Y20
;TYPE:WALL-OUTER
G1 F2040 X136.428 Y115.219 E2388.71609
G1 X136.35 Y114.792 E2388.73414
G1 X136.423 Y114.295 E2388.75502
G1 X136.661 Y113.865 E2388.77546
G1 X136.854 Y113.671 E2388.78683
G1 X137.252 Y113.438 E2388.80601
G1 X137.706 Y113.35 E2388.82523
G1 X138.228 Y113.43 E2388.84719
G1 X138.641 Y113.666 E2388.86696
G1 X138.845 Y113.873 E2388.87905
G1 X139.061 Y114.248 E2388.89704
G1 X139.153 Y114.725 E2388.91724
G1 X139.077 Y115.205 E2388.93744
G1 X138.956 Y115.466 E2388.9494
G1 X138.665 Y115.815 E2388.96829
G1 X138.25 Y116.061 E2388.98835
G1 X137.764 Y116.153 E2389.00892
G1 X137.283 Y116.074 E2389.02918
G1 X136.865 Y115.84 E2389.0491
G1 X136.553 Y115.479 E2389.06893
M204 S5000
M205 X30 Y30
G0 F7200 X136.467 Y115.299
G0 X135.832 Y115.596
G0 X135.123 Y114.408
G0 X134.433 Y114.291
M204 S3000
M205 X20 Y20
G1 F2040 X134.405 Y114.59 E2389.08142
G1 X134.435 Y115.217 E2389.10752
G1 X134.581 Y115.877 E2389.13562
G1 X134.935 Y116.561 E2389.16764
G1 X135.325 Y117.057 E2389.19387
G1 X135.818 Y117.505 E2389.22157
G1 X136.508 Y117.859 E2389.25381
G1 X137.114 Y118.035 E2389.28005
G1 X137.613 Y118.094 E2389.30094
G1 X138.234 Y118.062 E2389.32679
G1 X138.843 Y117.913 E2389.35285
G1 X139.414 Y117.653 E2389.37894
G1 X139.83 Y117.373 E2389.39979
G1 X140.388 Y116.838 E2389.43193
G1 X140.743 Y116.25 E2389.46048
G1 X140.864 Y115.979 E2389.47282
G1 X141.041 Y115.369 E2389.49923
G1 X141.097 Y114.749 E2389.52511
G1 X141.04 Y114.13 E2389.55095
G1 X140.907 Y113.637 E2389.57218
G1 X140.645 Y113.07 E2389.59815
G1 X140.199 Y112.445 E2389.63007
G1 X139.681 Y112.015 E2389.65806
G1 X139.133 Y111.701 E2389.68432
G1 X138.542 Y111.499 E2389.71029
G1 X138.04 Y111.416 E2389.73144
G1 X137.413 Y111.418 E2389.75751
G1 X137.115 Y111.462 E2389.77003
G1 X136.507 Y111.642 E2389.7964
G1 X135.895 Y111.942 E2389.82473
G1 X135.323 Y112.444 E2389.85637
G1 X134.936 Y112.941 E2389.88256
G1 X134.692 Y113.39 E2389.90381
G1 X134.579 Y113.684 E2389.9169
G1 X134.433 Y114.291 E2389.94286
M204 S5000
M205 X30 Y30
G0 F7200 X134.415 Y114.49
G0 X135.262 Y114.546
G1 F1500 E2383.44286
G0 F7200 X136.154 Y112.058
G0 X135.656 Y111.04
G0 X135.562 Y99.408
G0 X136.112 Y98.417
G0 X135.768 Y96.458
G1 F1500 E2389.94286
G0 F7200 X135.851 Y96.42
M204 S3000
M205 X20 Y20
;TYPE:WALL-INNER
G1 F2799.4 X135.74 Y95.803 E2389.98028
G1 F2795.5 X135.738 Y95.692 E2389.98692
G1 F2787.8 X135.857 Y95.038 E2390.02677
G1 F2783.9 X136.148 Y94.531 E2390.06187
G1 X136.425 Y94.236 E2390.08616
G1 F2791.7 X136.998 Y93.883 E2390.12645
G1 F2776.2 X137.342 Y93.791 E2390.14789
G1 X137.804 Y93.738 E2390.17589
G1 F2791.7 X138.445 Y93.852 E2390.21486
G1 F2787.8 X138.973 Y94.15 E2390.25121
G1 X139.308 Y94.473 E2390.27911
G1 F2791.7 X139.646 Y95.029 E2390.31807
G1 F2776.2 X139.745 Y95.546 E2390.34975
G1 F2768.6 X139.756 Y95.872 E2390.36945
G1 F2791.7 X139.649 Y96.42 E2390.40287
G1 F2795.5 X139.418 Y96.871 E2390.43317
G1 F2780.1 X138.96 Y97.357 E2390.47331
G1 F2776.2 X138.577 Y97.58 E2390.49999
G1 F2772.4 X138.279 Y97.687 E2390.51908
G1 F2776.2 X137.9 Y97.752 E2390.54223
G1 F2780.1 X137.599 Y97.753 E2390.56033
G1 F2776.2 X137.2 Y97.682 E2390.58472
G1 F2780.1 X136.923 Y97.58 E2390.60247
G1 F2787.8 X136.453 Y97.291 E2390.63555
G1 X135.981 Y96.709 E2390.68047
G1 X135.851 Y96.42 E2390.69947
M204 S5000
M205 X30 Y30
G0 F7200 X135.768 Y96.458
G0 X135.171 Y95.154
G0 X135.086 Y95.143
M204 S3000
M205 X20 Y20
G1 F2776.2 X135.016 Y95.656 E2390.73064
G1 X135.051 Y96.159 E2390.76099
G1 X135.17 Y96.654 E2390.79164
G1 F2787.8 X135.337 Y97.036 E2390.81664
G1 F2772.4 X135.622 Y97.463 E2390.84758
G1 F2776.2 X135.985 Y97.839 E2390.87905
G1 X136.524 Y98.192 E2390.91783
G1 F2772.4 X137.016 Y98.383 E2390.94965
G1 F2780.1 X137.522 Y98.473 E2390.98055
G1 F2772.4 X138.036 Y98.467 E2391.01154
G1 F2768.6 X138.435 Y98.395 E2391.03601
G1 F2772.4 X138.921 Y98.22 E2391.06715
G1 F2776.2 X139.367 Y97.955 E2391.09838
G1 X139.673 Y97.694 E2391.12259
G1 X140.002 Y97.3 E2391.1535
G1 F2783.9 X140.255 Y96.843 E2391.18486
G1 X140.387 Y96.466 E2391.20884
G1 F2780.1 X140.476 Y95.949 E2391.24037
G1 F2768.6 X140.466 Y95.442 E2391.27099
G1 F2772.4 X140.36 Y94.936 E2391.30215
G1 F2776.2 X140.211 Y94.56 E2391.3265
G1 X139.878 Y94.01 E2391.36521
G1 F2783.9 X139.401 Y93.569 E2391.40421
G1 F2772.4 X139.098 Y93.374 E2391.42593
G1 F2776.2 X138.626 Y93.16 E2391.45713
G1 X138.116 Y93.044 E2391.48861
G1 X137.717 Y93.014 E2391.5127
G1 F2772.4 X137.206 Y93.073 E2391.54371
G1 F2776.2 X136.713 Y93.221 E2391.5747
G1 F2780.1 X136.259 Y93.462 E2391.6056
G1 X135.933 Y93.707 E2391.63011
G1 F2787.8 X135.502 Y94.171 E2391.66808
G1 F2791.7 X135.202 Y94.758 E2391.70755
G1 F2780.1 X135.086 Y95.143 E2391.73172
M204 S5000
M205 X30 Y30
G0 F7200 X134.404 Y95.634
M204 S3000
M205 X20 Y20
;TYPE:WALL-OUTER
G1 F2040 X134.441 Y96.253 E2391.7575
G1 X134.591 Y96.851 E2391.78313
G1 X134.797 Y97.329 E2391.80477
G1 X135.143 Y97.851 E2391.83081
G1 X135.585 Y98.303 E2391.85709
G1 X136.129 Y98.699 E2391.88507
G1 X136.851 Y98.974 E2391.91719
G1 X137.471 Y99.086 E2391.94338
G1 X138.094 Y99.08 E2391.96929
G1 X138.595 Y98.989 E2391.99046
G1 X139.184 Y98.776 E2392.0165
G1 X139.724 Y98.454 E2392.04263
G1 X140.11 Y98.126 E2392.06369
G1 X140.508 Y97.647 E2392.08959
G1 X140.815 Y97.095 E2392.11585
G1 X140.981 Y96.62 E2392.13677
G1 X141.089 Y95.996 E2392.16309
G1 X141.078 Y95.372 E2392.18904
G1 X140.947 Y94.76 E2392.21506
G1 X140.762 Y94.287 E2392.23618
G1 X140.434 Y93.748 E2392.26241
G1 X140.241 Y93.512 E2392.27508
G1 X139.778 Y93.085 E2392.30127
G1 X139.393 Y92.833 E2392.3204
G1 X138.821 Y92.579 E2392.34642
G1 X138.206 Y92.434 E2392.37269
G1 X137.703 Y92.402 E2392.39364
G1 X137.082 Y92.469 E2392.41961
G1 X136.481 Y92.654 E2392.44576
G1 X135.928 Y92.942 E2392.47168
G1 X135.522 Y93.253 E2392.49294
G1 X135.091 Y93.715 E2392.51921
G1 X134.919 Y93.963 E2392.53176
G1 X134.634 Y94.529 E2392.5581
G1 X134.485 Y95.012 E2392.57912
G1 X134.404 Y95.634 E2392.6052
M204 S5000
M205 X30 Y30
G0 F7200 X134.415 Y95.833
G0 X135.114 Y95.793
G0 X136.347 Y95.766
M204 S3000
M205 X20 Y20
G1 F2040 X136.443 Y95.241 E2392.62739
G1 X136.652 Y94.877 E2392.64484
G1 X136.894 Y94.641 E2392.65889
G1 X137.28 Y94.427 E2392.67724
G1 X137.766 Y94.347 E2392.69772
G1 X138.248 Y94.437 E2392.7181
G1 X138.624 Y94.653 E2392.73613
G1 X138.835 Y94.86 E2392.74842
G1 X139.067 Y95.262 E2392.76772
G1 X139.154 Y95.745 E2392.78812
G1 X139.073 Y96.218 E2392.80807
G1 X138.938 Y96.492 E2392.82077
G1 X138.654 Y96.825 E2392.83897
G1 X138.232 Y97.069 E2392.85923
G1 X137.706 Y97.15 E2392.88136
G1 X137.264 Y97.067 E2392.90006
G1 X136.861 Y96.837 E2392.91935
G1 X136.55 Y96.475 E2392.93919
G1 X136.427 Y96.218 E2392.95103
G1 X136.347 Y95.766 E2392.97012
M204 S5000
M205 X30 Y30
G0 F7200 X136.383 Y95.57
G0 X135.541 Y95.41
G1 F1500 E2386.47012
;MESH:NONMESH
G0 F600 X135.541 Y95.41 Z2.7
G0 F7200 X133.493 Y95.708
G0 X86.508 Y95.7
G0 X85.377 Y95.635
G0 X82.814 Y94.199
G0 X81.743 Y94.189
G0 X79.685 Y95.462
;TIME_ELAPSED:2244.346764
;LAYER:12
M204 S3000
M205 X20 Y20
;TYPE:WALL-INNER
;MESH:Pi Holder.stl
G1 F1500 E2392.97012
G1 F3210.9 X79.69 Y96.082 E2393.00239
G1 F3221.2 X79.795 Y96.559 E2393.02773
G1 F3236.7 X79.989 Y97.001 E2393.05266
G1 F3226.3 X80.36 Y97.506 E2393.08512
G1 F3221.2 X80.799 Y97.904 E2393.11587
G1 F3231.5 X81.385 Y98.187 E2393.14952
G1 F3221.2 X81.713 Y98.274 E2393.16713
G1 F3216 X82.336 Y98.348 E2393.19973
G1 F3226.3 X82.944 Y98.236 E2393.23176
G1 F3210.9 X83.517 Y97.998 E2393.26406
G1 F3221.2 X83.916 Y97.726 E2393.28911
G1 F3226.3 X84.257 Y97.37 E2393.31465
G1 F3216 X84.59 Y96.844 E2393.347
G1 F3221.2 X84.752 Y96.388 E2393.37211
G1 F3226.3 X84.829 Y95.901 E2393.39765
G1 F3216 X84.788 Y95.287 E2393.42963
G1 X84.626 Y94.701 E2393.46123
G1 F3241.9 X84.298 Y94.176 E2393.49314
G1 X83.859 Y93.728 E2393.52548
G1 F3221.2 X83.451 Y93.465 E2393.55066
G1 X83.003 Y93.28 E2393.57581
G1 F3241.9 X82.385 Y93.17 E2393.60817
G1 F3226.3 X81.783 Y93.198 E2393.63939
G1 F3216 X81.19 Y93.394 E2393.67185
G1 F3231.5 X80.682 Y93.695 E2393.70239
G1 F3236.7 X80.331 Y94.02 E2393.72709
G1 F3221.2 X79.974 Y94.533 E2393.75952
G1 X79.784 Y94.978 E2393.78462
G1 F3226.3 X79.685 Y95.462 E2393.81021
M204 S5000
M205 X30 Y30
G0 F7200 X79.821 Y95.471
G0 X80.246 Y96.396
G0 X80.388 Y96.372
M204 S3000
M205 X20 Y20
G1 F3241.9 X80.299 Y95.889 E2393.83553
G1 F3231.5 X80.306 Y95.546 E2393.85328
G1 F3236.7 X80.421 Y95.04 E2393.88007
G1 F3268.3 X80.698 Y94.554 E2393.90868
G1 F3252.4 X81.048 Y94.198 E2393.93433
G1 F3247.2 X81.593 Y93.901 E2393.96628
G1 F3252.4 X82.333 Y93.789 E2394.00474
G1 F3241.9 X82.842 Y93.88 E2394.03139
G1 X83.473 Y94.214 E2394.0682
G1 X83.802 Y94.548 E2394.09237
G1 F3252.4 X84.102 Y95.073 E2394.12344
G1 X84.225 Y95.792 E2394.16093
G1 F3263 X84.099 Y96.408 E2394.19313
G1 F3284.3 X83.925 Y96.765 E2394.21334
G1 F3268.3 X83.515 Y97.253 E2394.24593
G1 F3221.2 X83.21 Y97.449 E2394.26475
G1 F3226.3 X82.821 Y97.626 E2394.28688
G1 F3231.5 X82.363 Y97.708 E2394.31095
G1 X82.159 Y97.708 E2394.3215
G1 F3247.2 X81.631 Y97.613 E2394.34911
G1 F3231.5 X81.077 Y97.322 E2394.38148
G1 F3216 X80.833 Y97.095 E2394.3988
G1 F3226.3 X80.537 Y96.705 E2394.42416
G1 F3236.7 X80.388 Y96.372 E2394.443
M204 S5000
M205 X30 Y30
G0 F7200 X80.246 Y96.396
G0 X80.33 Y94.904
G0 X80.936 Y95.256
M204 S3000
M205 X20 Y20
;TYPE:WALL-OUTER
G1 F2040 X81.141 Y94.894 E2394.46029
G1 X81.373 Y94.655 E2394.47414
G1 X81.81 Y94.42 E2394.49477
G1 X82.276 Y94.347 E2394.51438
G1 X82.74 Y94.434 E2394.53401
G1 X83.119 Y94.649 E2394.55212
G1 X83.353 Y94.884 E2394.56591
G1 X83.575 Y95.286 E2394.585
G1 X83.653 Y95.734 E2394.60391
G1 X83.573 Y96.22 E2394.62439
G1 X83.454 Y96.47 E2394.6359
G1 X83.134 Y96.84 E2394.65624
G1 X82.741 Y97.065 E2394.67506
G1 X82.285 Y97.151 E2394.69436
G1 X81.747 Y97.06 E2394.71704
G1 X81.341 Y96.82 E2394.73665
G1 X81.056 Y96.483 E2394.755
G1 X80.924 Y96.208 E2394.76768
G1 X80.85 Y95.793 E2394.78521
G1 X80.936 Y95.256 E2394.80782
M204 S5000
M205 X30 Y30
G0 F7200 X81.034 Y95.082
G0 X80.43 Y94.731
G0 X79.825 Y96.067
G0 X79.127 Y96.147
M204 S3000
M205 X20 Y20
G1 F2040 X79.26 Y96.735 E2394.83288
G1 X79.501 Y97.282 E2394.85773
G1 X79.939 Y97.885 E2394.88872
G1 X80.388 Y98.29 E2394.91386
G1 X80.631 Y98.451 E2394.92597
G1 X81.188 Y98.713 E2394.95157
G1 X81.603 Y98.83 E2394.96949
G1 X82.214 Y98.899 E2394.99506
G1 X82.5 Y98.889 E2395.00695
G1 X83.103 Y98.778 E2395.03244
G1 X83.788 Y98.497 E2395.06323
G1 X84.281 Y98.156 E2395.08815
G1 X84.703 Y97.719 E2395.11341
G1 X85.098 Y97.091 E2395.14425
G1 X85.3 Y96.527 E2395.16916
G1 X85.392 Y95.926 E2395.19443
G1 X85.347 Y95.192 E2395.22501
G1 X85.182 Y94.603 E2395.25044
G1 X85.063 Y94.337 E2395.26255
G1 X84.739 Y93.826 E2395.28771
G1 X84.217 Y93.293 E2395.31873
G1 X83.714 Y92.962 E2395.34376
G1 X83.158 Y92.738 E2395.36868
G1 X82.424 Y92.608 E2395.39967
G1 X81.821 Y92.63 E2395.42476
G1 X81.531 Y92.686 E2395.43704
G1 X80.954 Y92.882 E2395.46237
G1 X80.345 Y93.242 E2395.49179
G1 X79.907 Y93.648 E2395.51662
G1 X79.478 Y94.259 E2395.54765
G1 X79.246 Y94.81 E2395.57251
G1 X79.122 Y95.406 E2395.59782
G1 X79.127 Y96.147 E2395.62863
M204 S5000
M205 X30 Y30
G0 F7200 X79.171 Y96.342
G0 X79.801 Y96.178
G1 F1500 E2389.12863
G0 F7200 X79.849 Y96.168
G0 X80.098 Y97.735
G0 X79.341 Y98.578
G0 X80.663 Y111.016
G0 X81.036 Y112.087
G0 X80.15 Y114.649
G1 F1500 E2395.62863
G0 F7200 X80.29 Y114.674
M204 S3000
M205 X20 Y20
;TYPE:WALL-INNER
G1 F3263 X80.398 Y114.107 E2395.65819
G1 X80.698 Y113.551 E2395.69055
G1 F3247.2 X81.03 Y113.212 E2395.71497
G1 F3236.7 X81.464 Y112.955 E2395.74102
G1 F3231.5 X81.713 Y112.868 E2395.75466
G1 X82.135 Y112.793 E2395.77683
G1 F3226.3 X82.392 Y112.796 E2395.79014
G1 X82.954 Y112.916 E2395.81991
G1 F3263 X83.496 Y113.238 E2395.8522
G1 F3289.7 X83.776 Y113.516 E2395.87225
G1 F3241.9 X83.983 Y113.848 E2395.89242
G1 F3210.9 X84.13 Y114.192 E2395.91189
G1 F3226.3 X84.211 Y114.827 E2395.94505
G1 F3252.4 X84.099 Y115.404 E2395.97526
G1 F3268.3 X83.952 Y115.726 E2395.99336
G1 F3236.7 X83.614 Y116.157 E2396.02164
G1 X83.458 Y116.296 E2396.03243
G1 F3252.4 X83.001 Y116.565 E2396.05968
G1 F3231.5 X82.387 Y116.705 E2396.09225
G1 F3216 X82.067 Y116.697 E2396.10888
G1 F3236.7 X81.591 Y116.598 E2396.13399
G1 F3252.4 X81.074 Y116.319 E2396.16418
G1 F3221.2 X80.773 Y116.026 E2396.18597
G1 F3216 X80.552 Y115.734 E2396.205
G1 F3231.5 X80.389 Y115.378 E2396.22525
G1 F3241.9 X80.299 Y114.889 E2396.25089
G1 F3252.4 X80.29 Y114.674 E2396.26195
M204 S5000
M205 X30 Y30
G0 F7200 X79.666 Y114.75
M204 S3000
M205 X20 Y20
G1 F3216 X79.718 Y115.252 E2396.28817
G1 F3210.9 X79.8 Y115.575 E2396.30552
G1 F3231.5 X80.011 Y116.041 E2396.33198
G1 F3216 X80.297 Y116.436 E2396.35732
G1 F3210.9 X80.76 Y116.86 E2396.39
G1 F3221.2 X81.168 Y117.096 E2396.41445
G1 F3216 X81.653 Y117.261 E2396.44108
G1 F3205.7 X81.986 Y117.319 E2396.4587
G1 F3216 X82.6 Y117.321 E2396.49061
G1 F3231.5 X83.223 Y117.145 E2396.52409
G1 F3216 X83.523 Y116.996 E2396.5415
G1 X84.026 Y116.646 E2396.57335
G1 F3236.7 X84.43 Y116.135 E2396.60698
G1 F3231.5 X84.591 Y115.841 E2396.62432
G1 F3221.2 X84.757 Y115.365 E2396.65047
G1 F3226.3 X84.832 Y114.87 E2396.67641
G1 F3210.9 X84.803 Y114.369 E2396.70253
G1 F3205.7 X84.734 Y114.04 E2396.72006
G1 F3221.2 X84.502 Y113.46 E2396.75247
G1 F3226.3 X84.12 Y112.97 E2396.78465
G1 X83.645 Y112.579 E2396.81652
G1 F3221.2 X83.103 Y112.295 E2396.84827
G1 F3226.3 X82.478 Y112.178 E2396.88121
G1 X82.148 Y112.167 E2396.89832
G1 F3221.2 X81.642 Y112.241 E2396.92485
G1 X81.182 Y112.399 E2396.95009
G1 F3236.7 X80.654 Y112.717 E2396.98191
G1 F3241.9 X80.297 Y113.057 E2397.00733
G1 F3231.5 X79.933 Y113.579 E2397.04024
G1 F3210.9 X79.715 Y114.262 E2397.07756
G1 F3221.2 X79.666 Y114.75 E2397.10301
M204 S5000
M205 X30 Y30
G0 F7200 X79.805 Y114.748
G0 X80.034 Y113.713
G0 X79.387 Y113.437
M204 S3000
M205 X20 Y20
;TYPE:WALL-OUTER
G1 F2040 X79.159 Y114.149 E2397.13409
G1 X79.103 Y114.751 E2397.15923
G1 X79.16 Y115.352 E2397.18433
G1 X79.27 Y115.764 E2397.20206
G1 X79.523 Y116.322 E2397.22753
G1 X79.873 Y116.813 E2397.2526
G1 X80.423 Y117.314 E2397.28353
G1 X80.934 Y117.611 E2397.3081
G1 X81.513 Y117.809 E2397.33354
G1 X81.937 Y117.882 E2397.35143
G1 X82.546 Y117.885 E2397.37675
G1 X82.834 Y117.843 E2397.38885
G1 X83.426 Y117.669 E2397.4145
G1 X83.81 Y117.483 E2397.43224
G1 X84.309 Y117.131 E2397.45763
G1 X84.521 Y116.93 E2397.46977
G1 X84.9 Y116.445 E2397.49536
G1 X85.105 Y116.071 E2397.5131
G1 X85.306 Y115.5 E2397.53826
G1 X85.395 Y114.897 E2397.56361
G1 X85.365 Y114.294 E2397.58871
G1 X85.274 Y113.876 E2397.60649
G1 X85.049 Y113.308 E2397.63189
G1 X84.902 Y113.056 E2397.64402
G1 X84.524 Y112.576 E2397.66942
G1 X83.958 Y112.107 E2397.69998
G1 X83.416 Y111.825 E2397.72538
G1 X83.143 Y111.732 E2397.73737
G1 X82.536 Y111.616 E2397.76307
G1 X82.116 Y111.605 E2397.78053
G1 X81.51 Y111.691 E2397.80598
G1 X80.942 Y111.888 E2397.83098
G1 X80.312 Y112.269 E2397.86159
G1 X79.872 Y112.688 E2397.88685
G1 X79.518 Y113.186 E2397.91225
G1 X79.387 Y113.437 E2397.92402
M204 S5000
M205 X30 Y30
G0 F7200 X79.326 Y113.627
G0 X79.992 Y113.842
G0 X80.928 Y114.277
M204 S3000
M205 X20 Y20
G1 F2040 X81.154 Y113.874 E2397.94323
G1 X81.346 Y113.677 E2397.95467
G1 X81.771 Y113.43 E2397.9751
G1 X82.231 Y113.347 E2397.99454
G1 X82.728 Y113.429 E2398.01548
G1 X83.106 Y113.641 E2398.0335
G1 X83.338 Y113.863 E2398.04685
G1 X83.566 Y114.261 E2398.06592
G1 X83.654 Y114.737 E2398.08604
G1 X83.573 Y115.219 E2398.10636
G1 X83.439 Y115.491 E2398.11897
G1 X83.162 Y115.818 E2398.13679
G1 X82.717 Y116.074 E2398.15813
G1 X82.206 Y116.15 E2398.17961
G1 X81.772 Y116.07 E2398.19796
G1 X81.34 Y115.819 E2398.21873
G1 X81.055 Y115.482 E2398.23708
G1 X80.922 Y115.2 E2398.25004
G1 X80.85 Y114.793 E2398.26722
G1 X80.928 Y114.277 E2398.28892
M204 S5000
M205 X30 Y30
G0 F7200 X81.025 Y114.103
G0 X80.463 Y113.752
G1 F1500 E2391.78892
G0 F7200 X80.429 Y113.732
G0 X81.686 Y113.199
G0 X82.706 Y113.18
G0 X85.148 Y114.327
G0 X86.28 Y114.273
G0 X133.693 Y114.663
G0 X134.824 Y114.609
G1 F1500 E2398.28892
G0 F7200 X135.197 Y115.129
M204 S3000
M205 X20 Y20
;TYPE:WALL-INNER
G1 F3210.9 X135.266 Y115.461 E2398.30657
G1 F3226.3 X135.499 Y116.047 E2398.33924
G1 F3221.2 X135.881 Y116.529 E2398.37115
G1 F3210.9 X136.355 Y116.921 E2398.40317
G1 F3216 X136.892 Y117.202 E2398.43466
G1 F3221.2 X137.525 Y117.324 E2398.46811
G1 F3226.3 X137.852 Y117.333 E2398.48506
G1 F3221.2 X138.358 Y117.259 E2398.51159
G1 X138.818 Y117.101 E2398.53683
G1 F3236.7 X139.346 Y116.783 E2398.56865
G1 F3221.2 X139.7 Y116.441 E2398.59419
G1 F3205.7 X140.065 Y115.933 E2398.62681
G1 X140.284 Y115.238 E2398.6648
G1 F3221.2 X140.334 Y114.75 E2398.69025
G1 F3216 X140.282 Y114.248 E2398.71648
G1 X140.199 Y113.921 E2398.73401
G1 X139.986 Y113.461 E2398.76035
G1 X139.706 Y113.06 E2398.78577
G1 F3231.5 X139.244 Y112.642 E2398.81799
G1 F3221.2 X138.834 Y112.405 E2398.84257
G1 F3210.9 X138.347 Y112.239 E2398.86935
G1 F3205.7 X138.014 Y112.182 E2398.88696
G1 F3216 X137.396 Y112.178 E2398.91908
G1 F3231.5 X136.777 Y112.355 E2398.95238
G1 F3216 X136.477 Y112.504 E2398.96978
G1 F3205.7 X135.967 Y112.859 E2399.00218
G1 F3216 X135.573 Y113.366 E2399.03555
G1 X135.41 Y113.66 E2399.05302
G1 X135.243 Y114.135 E2399.07918
G1 F3226.3 X135.168 Y114.63 E2399.10512
G1 F3216 X135.197 Y115.129 E2399.1311
M204 S5000
M205 X30 Y30
G0 F7200 X135.789 Y114.673
M204 S3000
M205 X20 Y20
G1 F3252.4 X135.904 Y114.085 E2399.16188
G1 F3263 X136.222 Y113.52 E2399.19509
G1 F3247.2 X136.496 Y113.229 E2399.21566
G1 F3226.3 X137 Y112.936 E2399.24586
G1 X137.613 Y112.795 E2399.27845
G1 F3216 X137.933 Y112.803 E2399.29508
G1 F3241.9 X138.409 Y112.902 E2399.32015
G1 F3252.4 X138.89 Y113.155 E2399.34808
G1 X139.301 Y113.549 E2399.37733
G1 F3263 X139.606 Y114.08 E2399.4087
G1 X139.724 Y114.753 E2399.4437
G1 F3279 X139.605 Y115.382 E2399.47633
G1 F3273.6 X139.402 Y115.805 E2399.50028
G1 F3257.7 X139.015 Y116.261 E2399.53096
G1 F3241.9 X138.536 Y116.545 E2399.55967
G1 F3231.5 X138.287 Y116.632 E2399.57331
G1 F3241.9 X137.865 Y116.707 E2399.59541
G1 F3231.5 X137.611 Y116.704 E2399.60855
G1 F3226.3 X137.046 Y116.584 E2399.63847
G1 F3241.9 X136.604 Y116.336 E2399.6646
G1 F3247.2 X136.388 Y116.155 E2399.6791
G1 F3236.7 X136.08 Y115.781 E2399.70412
G1 F3226.3 X135.87 Y115.305 E2399.73107
G1 F3236.7 X135.798 Y114.888 E2399.75292
G1 F3241.9 X135.789 Y114.673 E2399.76402
M204 S5000
M205 X30 Y30
G0 F7200 X136.347 Y114.725
M204 S3000
M205 X20 Y20
;TYPE:WALL-OUTER
G1 F2040 X136.449 Y114.229 E2399.78507
G1 X136.662 Y113.864 E2399.80264
G1 X136.874 Y113.654 E2399.81504
G1 X137.244 Y113.441 E2399.83279
G1 X137.707 Y113.35 E2399.85241
G1 X138.228 Y113.43 E2399.87433
G1 X138.65 Y113.673 E2399.89457
G1 X138.846 Y113.873 E2399.90621
G1 X139.076 Y114.288 E2399.92594
G1 X139.153 Y114.773 E2399.94636
G1 X139.075 Y115.212 E2399.96489
G1 X138.946 Y115.481 E2399.9773
G1 X138.664 Y115.816 E2399.9955
G1 X138.229 Y116.07 E2400.01645
G1 X137.786 Y116.152 E2400.03518
G1 X137.259 Y116.065 E2400.05738
G1 X136.849 Y115.827 E2400.07709
G1 X136.542 Y115.462 E2400.09692
G1 X136.431 Y115.227 E2400.10773
G1 X136.35 Y114.792 E2400.12612
G1 X136.347 Y114.725 E2400.12891
M204 S5000
M205 X30 Y30
G0 F7200 X136.387 Y114.529
G0 X135.693 Y114.407
G0 X134.635 Y115.204
M204 S3000
M205 X20 Y20
G1 F2040 X134.727 Y115.624 E2400.14679
G1 X134.951 Y116.192 E2400.17217
G1 X135.097 Y116.444 E2400.18428
G1 X135.476 Y116.924 E2400.20971
G1 X136.042 Y117.393 E2400.24027
G1 X136.584 Y117.675 E2400.26567
G1 X136.857 Y117.768 E2400.27766
G1 X137.464 Y117.884 E2400.30335
G1 X137.884 Y117.895 E2400.32082
G1 X138.49 Y117.809 E2400.34627
G1 X139.058 Y117.612 E2400.37126
G1 X139.688 Y117.231 E2400.40187
G1 X140.129 Y116.812 E2400.42716
G1 X140.482 Y116.314 E2400.45254
G1 X140.613 Y116.064 E2400.46427
G1 X140.841 Y115.351 E2400.4954
G1 X140.897 Y114.749 E2400.52053
G1 X140.84 Y114.148 E2400.54563
G1 X140.728 Y113.732 E2400.56354
G1 X140.477 Y113.178 E2400.58883
G1 X140.127 Y112.686 E2400.61393
G1 X139.578 Y112.186 E2400.6448
G1 X139.067 Y111.89 E2400.66935
G1 X138.487 Y111.691 E2400.69485
G1 X138.063 Y111.619 E2400.71273
G1 X137.454 Y111.616 E2400.73805
G1 X137.166 Y111.656 E2400.75014
G1 X136.574 Y111.831 E2400.7758
G1 X136.19 Y112.016 E2400.79352
G1 X135.69 Y112.368 E2400.81894
G1 X135.479 Y112.57 E2400.83109
G1 X135.1 Y113.055 E2400.85668
G1 X134.895 Y113.429 E2400.87441
G1 X134.694 Y114 E2400.89958
G1 X134.606 Y114.603 E2400.92491
G1 X134.635 Y115.204 E2400.94993
M204 S5000
M205 X30 Y30
G0 F7200 X134.677 Y115.399
G0 X135.313 Y115.248
G1 F1500 E2394.44993
G0 F7200 X135.358 Y115.24
G0 X136.302 Y112.205
G0 X135.807 Y111.185
G0 X136.025 Y99.423
G0 X136.435 Y98.367
G0 X135.66 Y95.913
G1 F1500 E2400.94993
G0 F7200 X135.796 Y95.89
M204 S3000
M205 X20 Y20
;TYPE:WALL-INNER
G1 F3241.9 X135.789 Y95.715 E2400.95896
G1 F3273.6 X135.909 Y95.077 E2400.9921
G1 F3263 X136.204 Y94.541 E2401.02344
G1 F3236.7 X136.567 Y94.184 E2401.04973
G1 X137.025 Y93.926 E2401.07687
G1 F3221.2 X137.366 Y93.837 E2401.09516
G1 X137.805 Y93.788 E2401.11808
G1 F3236.7 X138.433 Y93.902 E2401.15104
G1 X138.938 Y94.186 E2401.18095
G1 F3231.5 X139.22 Y94.45 E2401.20093
G1 F3216 X139.418 Y94.736 E2401.21901
G1 F3221.2 X139.62 Y95.159 E2401.24333
G1 X139.695 Y95.555 E2401.26424
G1 F3210.9 X139.705 Y95.875 E2401.28091
G1 F3236.7 X139.609 Y96.381 E2401.3075
G1 F3257.7 X139.406 Y96.801 E2401.33143
G1 F3279 X138.983 Y97.274 E2401.36378
G1 F3284.3 X138.426 Y97.605 E2401.39675
G1 F3279 X137.779 Y97.709 E2401.43015
G1 F3257.7 X137.192 Y97.629 E2401.46055
G1 F3231.5 X136.948 Y97.536 E2401.47405
G1 F3236.7 X136.478 Y97.246 E2401.50257
G1 F3247.2 X136.082 Y96.78 E2401.53404
G1 X135.903 Y96.417 E2401.55488
G1 F3231.5 X135.796 Y95.89 E2401.58269
M204 S5000
M205 X30 Y30
G0 F7200 X135.199 Y95.272
M204 S3000
M205 X20 Y20
G1 F3216 X135.17 Y95.915 E2401.61614
G1 F3210.9 X135.194 Y96.119 E2401.62683
G1 F3221.2 X135.319 Y96.624 E2401.65382
G1 F3231.5 X135.458 Y96.943 E2401.67182
G1 F3210.9 X135.735 Y97.364 E2401.69805
G1 F3221.2 X136.077 Y97.719 E2401.72363
G1 F3226.3 X136.593 Y98.057 E2401.75558
G1 F3221.2 X137.046 Y98.235 E2401.78084
G1 F3226.3 X137.532 Y98.323 E2401.80642
G1 F3210.9 X138.146 Y98.299 E2401.83841
G1 F3221.2 X138.625 Y98.183 E2401.86398
G1 X139.061 Y97.972 E2401.88911
G1 F3216 X139.639 Y97.529 E2401.92696
G1 F3231.5 X140.007 Y97.011 E2401.95982
G1 F3241.9 X140.201 Y96.567 E2401.9848
G1 F3236.7 X140.325 Y95.951 E2402.01724
G1 F3210.9 X140.317 Y95.467 E2402.04244
G1 F3221.2 X140.219 Y94.989 E2402.06776
G1 X139.963 Y94.423 E2402.09999
G1 F3216 X139.675 Y94.025 E2402.12552
G1 F3231.5 X139.304 Y93.684 E2402.15158
G1 F3216 X139.047 Y93.518 E2402.16748
G1 F3221.2 X138.584 Y93.304 E2402.19395
G1 X138.084 Y93.191 E2402.22054
G1 X137.755 Y93.164 E2402.23767
G1 X137.251 Y93.219 E2402.26398
G1 X136.779 Y93.356 E2402.28948
G1 F3241.9 X136.13 Y93.719 E2402.32781
G1 F3236.7 X135.706 Y94.167 E2402.35967
G1 F3226.3 X135.449 Y94.583 E2402.385
G1 F3210.9 X135.199 Y95.272 E2402.42315
M204 S5000
M205 X30 Y30
G0 F7200 X134.686 Y95.032
M204 S3000
M205 X20 Y20
;TYPE:WALL-OUTER
G1 F2040 X134.632 Y95.32 E2402.43533
G1 X134.606 Y95.934 E2402.46088
G1 X134.637 Y96.22 E2402.47284
G1 X134.787 Y96.805 E2402.49795
G1 X134.961 Y97.21 E2402.51627
G1 X135.293 Y97.718 E2402.54151
G1 X135.718 Y98.153 E2402.56679
G1 X136.332 Y98.561 E2402.59744
G1 X136.894 Y98.779 E2402.6225
G1 X137.492 Y98.887 E2402.64776
G1 X138.226 Y98.861 E2402.6783
G1 X138.815 Y98.712 E2402.70356
G1 X139.357 Y98.456 E2402.72848
G1 X139.953 Y97.998 E2402.75973
G1 X140.15 Y97.787 E2402.77173
G1 X140.499 Y97.286 E2402.79712
G1 X140.738 Y96.737 E2402.82201
G1 X140.887 Y96.005 E2402.85307
G1 X140.88 Y95.404 E2402.87806
G1 X140.754 Y94.814 E2402.90314
G1 X140.453 Y94.138 E2402.9339
G1 X140.095 Y93.65 E2402.95907
G1 X139.651 Y93.24 E2402.98419
G1 X139.32 Y93.022 E2403.00067
G1 X138.765 Y92.771 E2403.02599
G1 X138.168 Y92.631 E2403.05149
G1 X137.746 Y92.602 E2403.06907
G1 X137.141 Y92.662 E2403.09435
G1 X136.56 Y92.837 E2403.11958
G1 X135.911 Y93.198 E2403.15045
G1 X135.681 Y93.378 E2403.16259
G1 X135.261 Y93.822 E2403.188
G1 X134.94 Y94.334 E2403.21313
G1 X134.686 Y95.032 E2403.24401
M204 S5000
M205 X30 Y30
G0 F7200 X134.65 Y95.228
G0 X135.335 Y95.358
G0 X136.35 Y95.793
M204 S3000
M205 X20 Y20
G1 F2040 X136.42 Y95.31 E2403.2643
G1 X136.656 Y94.871 E2403.28502
G1 X136.879 Y94.651 E2403.29805
G1 X137.281 Y94.427 E2403.31718
G1 X137.767 Y94.347 E2403.33766
G1 X138.25 Y94.438 E2403.35809
G1 X138.622 Y94.651 E2403.37591
G1 X138.843 Y94.87 E2403.38885
G1 X139.063 Y95.251 E2403.40714
G1 X139.154 Y95.746 E2403.42806
G1 X139.067 Y96.235 E2403.44871
G1 X138.947 Y96.48 E2403.46005
G1 X138.644 Y96.833 E2403.4794
G1 X138.254 Y97.06 E2403.49816
G1 X137.759 Y97.153 E2403.5191
G1 X137.263 Y97.067 E2403.54003
G1 X136.87 Y96.843 E2403.55883
G1 X136.549 Y96.474 E2403.57917
G1 X136.421 Y96.198 E2403.59181
G1 X136.35 Y95.793 E2403.60891
M204 S5000
M205 X30 Y30
G0 F7200 X136.378 Y95.596
G0 X135.727 Y95.423
G1 F1500 E2397.10891
;MESH:NONMESH
G0 F600 X135.727 Y95.423 Z2.9
G0 F7200 X135.691 Y95.416
G0 X134.825 Y95.933
G0 X133.691 Y95.888
G0 X86.303 Y95.849
G0 X85.173 Y95.919
G0 X82.815 Y97.301
G0 X81.685 Y97.301
G0 X79.835 Y96.033
;TIME_ELAPSED:2254.033920
;LAYER:13
M204 S3000
M205 X20 Y20
;TYPE:WALL-INNER
;MESH:Pi Holder.stl
G1 F1500 E2403.60891
G1 F3828.6 X79.934 Y96.503 E2403.62988
G1 F3858 X80.125 Y96.938 E2403.65046
G1 X80.524 Y97.485 E2403.67979
G1 F3828.6 X81.001 Y97.835 E2403.70562
G1 F3835.9 X81.494 Y98.062 E2403.72926
G1 F3843.2 X81.965 Y98.165 E2403.75023
G1 F3821.3 X82.555 Y98.177 E2403.77604
G1 F3843.2 X83.164 Y98.007 E2403.80354
G1 F3858 X83.814 Y97.616 E2403.8364
G1 X84.264 Y97.144 E2403.86465
G1 X84.583 Y96.495 E2403.89598
G1 F3850.6 X84.699 Y95.756 E2403.92845
G1 F3843.2 X84.595 Y95.103 E2403.9572
G1 F3821.3 X84.425 Y94.662 E2403.97787
G1 F3835.9 X84.131 Y94.207 E2404.00148
G1 F3865.4 X83.789 Y93.863 E2404.02245
G1 F3835.9 X83.385 Y93.6 E2404.04345
G1 X82.946 Y93.419 E2404.06414
G1 F3858 X82.405 Y93.321 E2404.08796
G1 F3828.6 X81.711 Y93.378 E2404.11836
G1 F3814 X81.221 Y93.546 E2404.14106
G1 X80.993 Y93.668 E2404.15239
G1 F3828.6 X80.598 Y93.964 E2404.17394
G1 F3843.2 X80.267 Y94.339 E2404.19569
G1 F3814 X80.126 Y94.564 E2404.20733
G1 F3828.6 X79.929 Y95.015 E2404.22881
G1 F3843.2 X79.833 Y95.491 E2404.24993
G1 F3821.3 X79.835 Y96.033 E2404.27363
M204 S5000
M205 X30 Y30
G0 F7200 X80.433 Y96.349
M204 S3000
M205 X20 Y20
G1 F3858 X80.348 Y95.881 E2404.29424
G1 F3843.2 X80.355 Y95.562 E2404.30811
G1 X80.431 Y95.159 E2404.32595
G1 X80.71 Y94.618 E2404.35242
G1 F3858 X81.059 Y94.255 E2404.37423
G1 F3865.4 X81.485 Y93.999 E2404.39572
G1 F3814 X81.987 Y93.866 E2404.41848
G1 F3821.3 X82.352 Y93.841 E2404.43448
G1 F3887.8 X82.929 Y93.962 E2404.45983
G1 X83.459 Y94.267 E2404.48611
G1 F3865.4 X83.729 Y94.536 E2404.50259
G1 F3858 X83.994 Y94.975 E2404.52481
G1 F3843.2 X84.084 Y95.217 E2404.53604
G1 F3858 X84.165 Y95.756 E2404.55965
G1 F3872.8 X84.077 Y96.348 E2404.58548
G1 F3865.4 X83.865 Y96.775 E2404.60609
G1 F3872.8 X83.486 Y97.225 E2404.63148
G1 X82.97 Y97.524 E2404.65722
G1 F3850.6 X82.366 Y97.657 E2404.68406
G1 F3828.6 X82.043 Y97.642 E2404.69818
G1 F3843.2 X81.646 Y97.565 E2404.71576
G1 F3835.9 X81.267 Y97.377 E2404.7342
G1 F3821.3 X80.958 Y97.16 E2404.75071
G1 F3850.6 X80.584 Y96.688 E2404.77685
G1 F3858 X80.433 Y96.349 E2404.79293
M204 S5000
M205 X30 Y30
G0 F7200 X80.85 Y95.793
M204 S3000
M205 X20 Y20
;TYPE:WALL-OUTER
G1 F2040 X80.936 Y95.255 E2404.81558
G1 X81.171 Y94.852 E2404.83497
G1 X81.367 Y94.659 E2404.84641
G1 X81.772 Y94.43 E2404.86575
G1 X82.284 Y94.348 E2404.88731
G1 X82.74 Y94.434 E2404.9066
G1 X83.139 Y94.664 E2404.92575
G1 X83.351 Y94.881 E2404.93836
G1 X83.568 Y95.264 E2404.95666
G1 X83.654 Y95.752 E2404.97726
G1 X83.577 Y96.208 E2404.99649
G1 X83.446 Y96.481 E2405.00908
G1 X83.133 Y96.842 E2405.02894
G1 X82.716 Y97.074 E2405.04878
G1 X82.288 Y97.151 E2405.06686
G1 X81.751 Y97.062 E2405.08949
G1 X81.36 Y96.835 E2405.10829
G1 X81.055 Y96.483 E2405.12766
G1 X80.919 Y96.189 E2405.14112
G1 X80.85 Y95.793 E2405.15783
M204 S5000
M205 X30 Y30
G0 F7200 X80.881 Y95.596
G0 X80.181 Y95.473
G0 X79.321 Y96.089
M204 S3000
M205 X20 Y20
G1 F2040 X79.446 Y96.662 E2405.18222
G1 X79.68 Y97.192 E2405.2063
G1 X80.064 Y97.728 E2405.23372
G1 X80.262 Y97.927 E2405.24539
G1 X80.739 Y98.281 E2405.27008
G1 X81.331 Y98.548 E2405.29708
G1 X81.903 Y98.677 E2405.32146
G1 X82.49 Y98.689 E2405.34587
G1 X82.767 Y98.652 E2405.35749
G1 X83.344 Y98.487 E2405.38244
G1 X83.66 Y98.339 E2405.39695
G1 X84.145 Y98.008 E2405.42136
G1 X84.558 Y97.581 E2405.44606
G1 X84.758 Y97.298 E2405.46047
G1 X85.019 Y96.769 E2405.48499
G1 X85.105 Y96.482 E2405.49745
G1 X85.194 Y95.9 E2405.52192
G1 X85.195 Y95.622 E2405.53348
G1 X85.093 Y94.97 E2405.56092
G1 X84.886 Y94.427 E2405.58508
G1 X84.529 Y93.883 E2405.61213
G1 X84.114 Y93.467 E2405.63656
G1 X83.626 Y93.142 E2405.66094
G1 X83.089 Y92.926 E2405.685
G1 X82.442 Y92.808 E2405.71234
G1 X81.858 Y92.828 E2405.73664
G1 X81.579 Y92.88 E2405.74844
G1 X81.016 Y93.074 E2405.7732
G1 X80.716 Y93.233 E2405.78731
G1 X80.249 Y93.587 E2405.81168
G1 X79.857 Y94.029 E2405.83624
G1 X79.669 Y94.323 E2405.85075
G1 X79.439 Y94.861 E2405.87507
G1 X79.32 Y95.439 E2405.89961
G1 X79.321 Y96.089 E2405.92663
M204 S5000
M205 X30 Y30
G0 F7200 X79.363 Y96.284
G1 F1500 E2399.42663
G0 F7200 X80.048 Y96.136
G0 X81.401 Y98.342
G0 X81.154 Y99.448
G0 X80.717 Y111.21
G0 X81.093 Y112.28
G0 X80.239 Y114.143
G1 F1500 E2405.92663
G0 F7200 X80.426 Y114.176
M204 S3000
M205 X20 Y20
;TYPE:WALL-INNER
G1 F3835.9 X80.694 Y113.642 E2405.95266
G1 F3858 X81.058 Y113.256 E2405.97565
G1 F3865.4 X81.48 Y113.002 E2405.99694
G1 F3843.2 X81.721 Y112.917 E2406.00806
G1 F3880.3 X82.309 Y112.841 E2406.03359
G1 F3895.3 X82.923 Y112.947 E2406.06033
G1 F3865.4 X83.469 Y113.274 E2406.08785
G1 F3887.8 X83.736 Y113.548 E2406.10429
G1 F3902.9 X84.071 Y114.132 E2406.13312
G1 F3872.8 X84.172 Y114.776 E2406.16125
G1 F3895.3 X84.046 Y115.402 E2406.18865
G1 F3918.1 X83.882 Y115.744 E2406.20483
G1 F3910.5 X83.481 Y116.215 E2406.23127
G1 F3895.3 X82.954 Y116.528 E2406.25757
G1 F3880.3 X82.316 Y116.659 E2406.28562
G1 F3858 X81.784 Y116.597 E2406.30882
G1 F3828.6 X81.468 Y116.492 E2406.32336
G1 F3835.9 X81.101 Y116.279 E2406.34185
G1 F3828.6 X80.858 Y116.048 E2406.35648
G1 F3843.2 X80.589 Y115.696 E2406.37575
G1 F3858 X80.438 Y115.365 E2406.39151
G1 F3880.3 X80.339 Y114.753 E2406.41821
G1 F3872.8 X80.426 Y114.176 E2406.4434
M204 S5000
M205 X30 Y30
G0 F7200 X80.239 Y114.143
G0 X79.83 Y114.986
M204 S3000
M205 X20 Y20
G1 F3843.2 X79.941 Y115.524 E2406.46728
G1 F3858 X80.132 Y115.95 E2406.48751
G1 F3843.2 X80.461 Y116.393 E2406.51151
G1 F3835.9 X80.812 Y116.715 E2406.53226
G1 X81.227 Y116.958 E2406.55321
G1 F3828.6 X81.679 Y117.113 E2406.57407
G1 F3843.2 X82.221 Y117.184 E2406.59784
G1 F3835.9 X82.694 Y117.139 E2406.61855
G1 X83.158 Y117.007 E2406.63957
G1 F3858 X83.64 Y116.745 E2406.66333
G1 F3835.9 X84.087 Y116.365 E2406.68889
G1 F3843.2 X84.419 Y115.851 E2406.7155
G1 X84.608 Y115.346 E2406.73895
G1 X84.681 Y114.873 E2406.75977
G1 X84.635 Y114.208 E2406.78876
G1 F3828.6 X84.373 Y113.539 E2406.82012
G1 X83.988 Y113.047 E2406.84739
G1 F3843.2 X83.797 Y112.868 E2406.85878
G1 F3850.6 X83.27 Y112.525 E2406.88607
G1 F3835.9 X82.698 Y112.362 E2406.91198
G1 X82.156 Y112.317 E2406.93568
G1 X81.683 Y112.384 E2406.95649
G1 F3814 X81.218 Y112.547 E2406.97809
G1 X80.983 Y112.675 E2406.98981
G1 F3821.3 X80.582 Y112.977 E2407.01177
G1 F3843.2 X80.191 Y113.431 E2407.03782
G1 X79.923 Y114.037 E2407.06664
G1 X79.83 Y114.511 E2407.08765
G1 F3828.6 X79.83 Y114.986 E2407.10838
M204 S5000
M205 X30 Y30
G0 F7200 X79.317 Y115.041
M204 S3000
M205 X20 Y20
;TYPE:WALL-OUTER
G1 F2040 X79.453 Y115.682 E2407.13562
G1 X79.688 Y116.208 E2407.15958
G1 X80.077 Y116.738 E2407.18691
G1 X80.508 Y117.129 E2407.2111
G1 X81.011 Y117.425 E2407.23537
G1 X81.562 Y117.616 E2407.25961
G1 X82.211 Y117.697 E2407.2868
G1 X82.79 Y117.647 E2407.31097
G1 X83.353 Y117.481 E2407.33537
G1 X83.929 Y117.171 E2407.36256
G1 X84.378 Y116.793 E2407.38697
G1 X84.561 Y116.581 E2407.39861
G1 X84.879 Y116.081 E2407.42324
G1 X85.107 Y115.475 E2407.45016
G1 X85.194 Y114.895 E2407.47455
G1 X85.153 Y114.24 E2407.50183
G1 X85.091 Y113.967 E2407.51347
G1 X84.877 Y113.413 E2407.53816
G1 X84.738 Y113.17 E2407.5498
G1 X84.365 Y112.699 E2407.57478
G1 X84.114 Y112.465 E2407.58905
G1 X83.616 Y112.137 E2407.61384
G1 X83.362 Y112.02 E2407.62547
G1 X82.79 Y111.854 E2407.65023
G1 X82.142 Y111.804 E2407.67725
G1 X81.562 Y111.882 E2407.70158
G1 X81.01 Y112.077 E2407.72592
G1 X80.703 Y112.241 E2407.74039
G1 X80.231 Y112.602 E2407.76509
G1 X79.843 Y113.048 E2407.78967
G1 X79.693 Y113.283 E2407.80126
G1 X79.432 Y113.883 E2407.82846
G1 X79.317 Y114.46 E2407.85293
G1 X79.317 Y115.041 E2407.87708
M204 S5000
M205 X30 Y30
G0 F7200 X79.358 Y115.236
G0 X80.043 Y115.092
G0 X80.847 Y114.751
M204 S3000
M205 X20 Y20
G1 F2040 X80.937 Y114.254 E2407.89808
G1 X81.17 Y113.854 E2407.91733
G1 X81.367 Y113.66 E2407.92882
G1 X81.731 Y113.448 E2407.94633
G1 X82.27 Y113.347 E2407.96913
G1 X82.716 Y113.425 E2407.98796
G1 X83.12 Y113.649 E2408.00716
G1 X83.338 Y113.863 E2408.01986
G1 X83.567 Y114.263 E2408.03902
G1 X83.653 Y114.734 E2408.05893
G1 X83.571 Y115.224 E2408.07959
G1 X83.453 Y115.471 E2408.09097
G1 X83.153 Y115.826 E2408.11029
G1 X82.718 Y116.073 E2408.13109
G1 X82.272 Y116.153 E2408.14993
G1 X81.772 Y116.07 E2408.171
G1 X81.34 Y115.82 E2408.19175
G1 X81.057 Y115.485 E2408.20998
G1 X80.925 Y115.211 E2408.22263
G1 X80.847 Y114.751 E2408.24202
M204 S5000
M205 X30 Y30
G0 F7200 X80.882 Y114.555
G1 F1500 E2401.74202
G0 F7200 X80.188 Y114.433
G0 X81.216 Y113.47
G0 X82.25 Y113.099
G0 X84.975 Y114.889
G0 X86.105 Y114.819
G0 X133.895 Y114.681
G0 X135.025 Y114.611
G1 F1500 E2408.24202
G0 F7200 X135.319 Y114.627
M204 S3000
M205 X20 Y20
;TYPE:WALL-INNER
G1 F3843.2 X135.366 Y115.294 E2408.2711
G1 F3835.9 X135.622 Y115.961 E2408.30223
G1 F3828.6 X136.013 Y116.452 E2408.32963
G1 F3835.9 X136.203 Y116.632 E2408.34103
G1 F3850.6 X136.734 Y116.977 E2408.36852
G1 F3828.6 X137.302 Y117.138 E2408.39429
G1 X137.844 Y117.183 E2408.41803
G1 X138.317 Y117.116 E2408.43889
G1 F3814 X138.782 Y116.953 E2408.46048
G1 X139.017 Y116.825 E2408.47221
G1 F3821.3 X139.418 Y116.524 E2408.49414
G1 F3850.6 X139.818 Y116.06 E2408.52073
G1 X140.077 Y115.463 E2408.54897
G1 F3835.9 X140.171 Y114.989 E2408.57003
G1 F3821.3 X140.17 Y114.514 E2408.5908
G1 F3843.2 X140.059 Y113.976 E2408.61469
G1 F3828.6 X139.865 Y113.552 E2408.63505
G1 X139.542 Y113.105 E2408.65912
G1 F3850.6 X139.188 Y112.785 E2408.67983
G1 F3843.2 X138.773 Y112.542 E2408.70075
G1 F3828.6 X138.321 Y112.387 E2408.72161
G1 F3850.6 X137.779 Y112.316 E2408.74533
G1 F3835.9 X137.306 Y112.361 E2408.76603
G1 X136.842 Y112.493 E2408.78705
G1 F3850.6 X136.36 Y112.755 E2408.81086
G1 F3843.2 X135.85 Y113.225 E2408.84102
G1 F3835.9 X135.582 Y113.649 E2408.86288
G1 F3821.3 X135.392 Y114.155 E2408.88652
G1 F3843.2 X135.319 Y114.627 E2408.90729
M204 S5000
M205 X30 Y30
G0 F7200 X135.84 Y114.666
M204 S3000
M205 X20 Y20
G1 F3850.6 X135.918 Y114.213 E2408.92724
G1 F3835.9 X136.048 Y113.898 E2408.94209
G1 X136.264 Y113.543 E2408.96019
G1 F3872.8 X136.529 Y113.279 E2408.97634
G1 F3880.3 X137.046 Y112.971 E2409.00226
G1 X137.684 Y112.841 E2409.0303
G1 F3858 X138.216 Y112.903 E2409.05351
G1 F3843.2 X138.517 Y112.998 E2409.06723
G1 F3887.8 X138.992 Y113.297 E2409.09136
G1 F3918.1 X139.253 Y113.569 E2409.10744
G1 F3910.5 X139.527 Y114.045 E2409.13091
G1 F3865.4 X139.653 Y114.617 E2409.15624
G1 F3828.6 X139.649 Y114.919 E2409.16942
G1 F3843.2 X139.584 Y115.285 E2409.18559
G1 F3865.4 X139.385 Y115.744 E2409.20722
G1 F3872.8 X139.002 Y116.209 E2409.23322
G1 F3902.9 X138.4 Y116.549 E2409.26282
G1 F3887.8 X137.764 Y116.672 E2409.29067
G1 F3865.4 X137.076 Y116.551 E2409.32088
G1 F3858 X136.528 Y116.225 E2409.3485
G1 F3850.6 X136.121 Y115.753 E2409.37555
G1 F3872.8 X135.956 Y115.41 E2409.39198
G1 F3887.8 X135.849 Y114.88 E2409.41522
G1 F3865.4 X135.84 Y114.666 E2409.42448
M204 S5000
M205 X30 Y30
G0 F7200 X136.43 Y115.226
M204 S3000
M205 X20 Y20
;TYPE:WALL-OUTER
G1 F2040 X136.35 Y114.793 E2409.44279
G1 X136.432 Y114.265 E2409.465
G1 X136.669 Y113.855 E2409.48469
G1 X136.857 Y113.667 E2409.49575
G1 X137.282 Y113.427 E2409.51604
G1 X137.728 Y113.347 E2409.53488
G1 X138.229 Y113.43 E2409.55599
G1 X138.609 Y113.642 E2409.57408
G1 X138.844 Y113.87 E2409.58769
G1 X139.062 Y114.252 E2409.60598
G1 X139.154 Y114.749 E2409.62699
G1 X139.079 Y115.197 E2409.64588
G1 X138.953 Y115.471 E2409.65842
G1 X138.644 Y115.833 E2409.6782
G1 X138.23 Y116.07 E2409.69804
G1 X137.73 Y116.153 E2409.71911
G1 X137.284 Y116.074 E2409.73794
G1 X136.838 Y115.818 E2409.75932
G1 X136.562 Y115.492 E2409.77708
G1 X136.43 Y115.226 E2409.78942
M204 S5000
M205 X30 Y30
G0 F7200 X136.394 Y115.03
G0 X135.703 Y115.152
G0 X134.806 Y114.605
M204 S3000
M205 X20 Y20
G1 F2040 X134.847 Y115.258 E2409.81663
G1 X134.909 Y115.534 E2409.82839
G1 X135.123 Y116.087 E2409.85304
G1 X135.262 Y116.33 E2409.86468
G1 X135.635 Y116.801 E2409.88966
G1 X135.886 Y117.035 E2409.90392
G1 X136.384 Y117.363 E2409.92872
G1 X136.638 Y117.481 E2409.94036
G1 X137.209 Y117.646 E2409.96507
G1 X137.858 Y117.696 E2409.99213
G1 X138.438 Y117.618 E2410.01646
G1 X138.99 Y117.423 E2410.0408
G1 X139.297 Y117.259 E2410.05527
G1 X139.769 Y116.898 E2410.07998
G1 X140.157 Y116.452 E2410.10456
G1 X140.307 Y116.217 E2410.11615
G1 X140.568 Y115.617 E2410.14335
G1 X140.684 Y115.04 E2410.16782
G1 X140.683 Y114.459 E2410.19197
G1 X140.547 Y113.818 E2410.21922
G1 X140.312 Y113.292 E2410.24317
G1 X139.923 Y112.762 E2410.2705
G1 X139.492 Y112.371 E2410.29469
G1 X138.989 Y112.075 E2410.31896
G1 X138.438 Y111.884 E2410.3432
G1 X137.789 Y111.803 E2410.3704
G1 X137.21 Y111.853 E2410.39456
G1 X136.647 Y112.019 E2410.41896
G1 X136.071 Y112.329 E2410.44616
G1 X135.622 Y112.707 E2410.47056
G1 X135.439 Y112.919 E2410.4822
G1 X135.12 Y113.419 E2410.50686
G1 X134.893 Y114.025 E2410.53376
G1 X134.806 Y114.605 E2410.55815
M204 S5000
M205 X30 Y30
G0 F7200 X134.818 Y114.804
G1 F1500 E2404.05815
G0 F7200 X135.516 Y114.761
G0 X136.197 Y112.507
G0 X135.661 Y111.509
G0 X135.735 Y99.04
G0 X136.257 Y98.035
G0 X135.732 Y94.761
G1 F1500 E2410.55815
G0 F7200 X135.569 Y94.671
M204 S3000
M205 X20 Y20
;TYPE:WALL-INNER
G1 F3843.2 X135.46 Y94.926 E2410.57021
G1 X135.345 Y95.403 E2410.59154
G1 F3835.9 X135.319 Y95.883 E2410.61249
G1 F3850.6 X135.48 Y96.636 E2410.64591
G1 X135.757 Y97.168 E2410.67195
G1 F3858 X136.193 Y97.624 E2410.69928
G1 F3835.9 X136.413 Y97.782 E2410.71108
G1 F3828.6 X136.956 Y98.067 E2410.73785
G1 F3843.2 X137.573 Y98.177 E2410.7651
G1 X137.833 Y98.184 E2410.77641
G1 F3858 X138.45 Y98.094 E2410.80343
G1 F3835.9 X138.99 Y97.84 E2410.82943
G1 F3828.6 X139.433 Y97.508 E2410.85359
G1 F3843.2 X139.853 Y96.98 E2410.88293
G1 X140.073 Y96.474 E2410.90693
G1 F3828.6 X140.135 Y96.224 E2410.91817
G1 X140.195 Y95.623 E2410.94454
G1 F3850.6 X140.068 Y95.002 E2410.97205
G1 F3835.9 X139.97 Y94.749 E2410.98387
G1 X139.726 Y94.328 E2411.00507
G1 F3843.2 X139.391 Y93.952 E2411.02697
G1 F3850.6 X139.189 Y93.785 E2411.03835
G1 X138.657 Y93.475 E2411.06508
G1 F3835.9 X138.07 Y93.341 E2411.09131
G1 F3821.3 X137.532 Y93.328 E2411.11485
G1 F3843.2 X137.057 Y93.418 E2411.13587
G1 F3828.6 X136.62 Y93.598 E2411.1565
G1 F3835.9 X136.166 Y93.902 E2411.18031
G1 F3865.4 X135.832 Y94.251 E2411.2012
G1 F3835.9 X135.569 Y94.671 E2411.22279
M204 S5000
M205 X30 Y30
G0 F7200 X136.216 Y94.611
M204 S3000
M205 X20 Y20
G1 F3865.4 X136.509 Y94.294 E2411.24145
G1 F3835.9 X136.875 Y94.06 E2411.26038
G1 F3828.6 X137.187 Y93.923 E2411.27526
G1 F3850.6 X137.636 Y93.844 E2411.29504
G1 F3828.6 X137.991 Y93.863 E2411.31056
G1 X138.526 Y94.004 E2411.33472
G1 F3858 X138.965 Y94.269 E2411.35693
G1 F3865.4 X139.301 Y94.635 E2411.37841
G1 F3858 X139.579 Y95.195 E2411.4055
G1 F3880.3 X139.661 Y95.821 E2411.43269
G1 F3872.8 X139.574 Y96.325 E2411.45476
G1 F3850.6 X139.388 Y96.741 E2411.47454
G1 X139.068 Y97.133 E2411.4965
G1 F3828.6 X138.722 Y97.384 E2411.51516
G1 F3835.9 X138.368 Y97.562 E2411.53243
G1 F3858 X137.728 Y97.676 E2411.56059
G1 F3850.6 X137.068 Y97.539 E2411.58985
G1 X136.555 Y97.246 E2411.61549
G1 F3843.2 X136.147 Y96.791 E2411.64207
G1 X135.963 Y96.435 E2411.6595
G1 F3850.6 X135.847 Y95.881 E2411.68406
G1 F3872.8 X135.839 Y95.714 E2411.69128
G1 F3880.3 X135.951 Y95.096 E2411.71833
G1 F3865.4 X136.216 Y94.611 E2411.74223
M204 S5000
M205 X30 Y30
G0 F7200 X136.424 Y95.293
M204 S3000
M205 X20 Y20
;TYPE:WALL-OUTER
G1 F2040 X136.657 Y94.87 E2411.7623
G1 X136.851 Y94.673 E2411.7738
G1 X137.299 Y94.422 E2411.79515
G1 X137.712 Y94.349 E2411.81259
G1 X138.237 Y94.432 E2411.83468
G1 X138.641 Y94.664 E2411.85405
G1 X138.829 Y94.852 E2411.86511
G1 X139.068 Y95.265 E2411.88494
G1 X139.153 Y95.774 E2411.9064
G1 X139.079 Y96.198 E2411.92429
G1 X138.954 Y96.469 E2411.9367
G1 X138.643 Y96.834 E2411.95664
G1 X138.219 Y97.073 E2411.97687
G1 X137.767 Y97.153 E2411.99596
G1 X137.238 Y97.056 E2412.01832
G1 X136.851 Y96.829 E2412.03697
G1 X136.558 Y96.486 E2412.05573
G1 X136.425 Y96.21 E2412.06846
G1 X136.35 Y95.793 E2412.08608
G1 X136.424 Y95.293 E2412.10709
M204 S5000
M205 X30 Y30
G0 F7200 X136.52 Y95.118
G0 X135.91 Y94.764
G0 X135.579 Y96.328
G0 X134.895 Y96.479
M204 S3000
M205 X20 Y20
G1 F2040 X135.006 Y96.831 E2412.12244
G1 X135.275 Y97.353 E2412.14685
G1 X135.44 Y97.581 E2412.15855
G1 X135.857 Y98.009 E2412.1834
G1 X136.14 Y98.219 E2412.19805
G1 X136.668 Y98.493 E2412.22278
G1 X136.93 Y98.582 E2412.23428
G1 X137.522 Y98.689 E2412.25929
G1 X137.864 Y98.695 E2412.27351
G1 X138.458 Y98.613 E2412.29844
G1 X138.729 Y98.53 E2412.31023
G1 X139.257 Y98.282 E2412.33448
G1 X139.784 Y97.883 E2412.36196
G1 X140.17 Y97.437 E2412.38648
G1 X140.318 Y97.2 E2412.3981
G1 X140.558 Y96.64 E2412.42343
G1 X140.643 Y96.314 E2412.43744
G1 X140.699 Y95.72 E2412.46224
G1 X140.683 Y95.443 E2412.47378
G1 X140.559 Y94.858 E2412.49864
G1 X140.434 Y94.528 E2412.51331
G1 X140.143 Y94.027 E2412.5374
G1 X139.747 Y93.582 E2412.56217
G1 X139.482 Y93.364 E2412.57643
G1 X138.976 Y93.068 E2412.6008
G1 X138.702 Y92.962 E2412.61302
G1 X138.136 Y92.829 E2412.63719
G1 X137.489 Y92.814 E2412.6641
G1 X136.912 Y92.925 E2412.68853
G1 X136.376 Y93.142 E2412.71257
G1 X135.835 Y93.51 E2412.73977
G1 X135.428 Y93.934 E2412.7642
G1 X135.112 Y94.433 E2412.78876
G1 X134.974 Y94.765 E2412.80371
G1 X134.834 Y95.328 E2412.82783
G1 X134.806 Y95.912 E2412.85214
G1 X134.895 Y96.479 E2412.876
M204 S5000
M205 X30 Y30
G0 F7200 X134.955 Y96.669
G1 F1500 E2406.376
;MESH:NONMESH
G0 F600 X134.955 Y96.669 Z3.1
G0 F7200 X135.621 Y96.456
G0 X133.893 Y95.847
G0 X86 Y94.851
G0 X84.88 Y95.026
G0 X82.814 Y94.199
G0 X81.794 Y94.18
G0 X80.202 Y94.852
G1 F1500 E2412.876
G0 F7200 X80.157 Y94.832
;TIME_ELAPSED:2263.372929
;LAYER:14
M204 S3000
M205 X20 Y20
;TYPE:WALL-INNER
;MESH:Pi Holder.stl
G1 F4718.3 X80.017 Y95.28 E2412.89262
G1 F4729.4 X79.964 Y95.752 E2412.90941
G1 X80.017 Y96.22 E2412.92605
G1 F4707.3 X80.157 Y96.668 E2412.94272
G1 F4729.4 X80.391 Y97.074 E2412.95928
G1 F4740.6 X80.862 Y97.568 E2412.98334
G1 X81.282 Y97.817 E2413.00056
G1 F4718.3 X81.724 Y97.97 E2413.01712
G1 F4740.6 X82.19 Y98.035 E2413.03371
G1 F4729.4 X82.656 Y97.994 E2413.05024
G1 F4718.3 X83.13 Y97.859 E2413.0677
G1 F4763 X83.712 Y97.506 E2413.09159
G1 X84.169 Y96.99 E2413.11577
G1 X84.389 Y96.554 E2413.13291
G1 F4729.4 X84.504 Y96.098 E2413.14953
G1 X84.532 Y95.63 E2413.1661
G1 F4763 X84.395 Y94.953 E2413.19033
G1 X84.066 Y94.361 E2413.2141
G1 F4785.7 X83.712 Y93.994 E2413.23191
G1 F4774.3 X83.13 Y93.64 E2413.25575
G1 F4729.4 X82.656 Y93.507 E2413.27315
G1 F4740.6 X82.19 Y93.465 E2413.28965
G1 X81.724 Y93.53 E2413.30623
G1 F4718.3 X81.282 Y93.683 E2413.3228
G1 F4740.6 X80.862 Y93.932 E2413.34002
G1 F4751.8 X80.39 Y94.426 E2413.36405
G1 F4740.6 X80.157 Y94.832 E2413.38055
M204 S5000
M205 X30 Y30
G0 F7200 X80.373 Y94.936
G0 X80.266 Y96.455
G0 X80.488 Y96.352
M204 S3000
M205 X20 Y20
G1 F4808.6 X80.398 Y95.872 E2413.39752
G1 F4740.6 X80.439 Y95.36 E2413.41563
G1 F4718.3 X80.538 Y95.017 E2413.42828
G1 F4740.6 X80.75 Y94.648 E2413.44328
G1 X81.107 Y94.278 E2413.46141
G1 X81.506 Y94.045 E2413.4777
G1 F4718.3 X81.809 Y93.949 E2413.48896
G1 F4740.6 X82.207 Y93.887 E2413.50316
G1 X82.581 Y93.929 E2413.51643
G1 F4729.4 X82.962 Y94.029 E2413.53035
G1 F4774.3 X83.441 Y94.316 E2413.5499
G1 F4785.7 X83.722 Y94.605 E2413.56397
G1 F4774.3 X84.014 Y95.145 E2413.58546
G1 F4785.7 X84.123 Y95.73 E2413.60624
G1 F4820.1 X84.016 Y96.361 E2413.62844
G1 F4785.7 X83.816 Y96.756 E2413.6439
G1 X83.501 Y97.13 E2413.66097
G1 X82.962 Y97.472 E2413.68327
G1 F4718.3 X82.581 Y97.571 E2413.69721
G1 F4729.4 X82.207 Y97.613 E2413.71051
G1 F4797.1 X81.62 Y97.502 E2413.73132
G1 F4785.7 X81.052 Y97.181 E2413.75411
G1 F4740.6 X80.71 Y96.792 E2413.77237
G1 F4763 X80.488 Y96.352 E2413.78966
M204 S5000
M205 X30 Y30
G0 F7200 X80.85 Y95.793
M204 S3000
M205 X20 Y20
;TYPE:WALL-OUTER
G1 F2040 X80.928 Y95.278 E2413.81132
G1 X81.17 Y94.854 E2413.83162
G1 X81.374 Y94.654 E2413.84349
G1 X81.771 Y94.43 E2413.86245
G1 X82.27 Y94.347 E2413.88348
G1 X82.717 Y94.425 E2413.90234
G1 X83.121 Y94.65 E2413.92157
G1 X83.346 Y94.873 E2413.93474
G1 X83.573 Y95.28 E2413.95411
G1 X83.654 Y95.764 E2413.97451
G1 X83.579 Y96.199 E2413.99287
G1 X83.466 Y96.449 E2414.00427
G1 X83.131 Y96.843 E2414.02577
G1 X82.717 Y97.074 E2414.04548
G1 X82.27 Y97.153 E2414.06436
G1 X81.771 Y97.07 E2414.08539
G1 X81.332 Y96.812 E2414.10656
G1 X81.041 Y96.461 E2414.12551
G1 X80.925 Y96.212 E2414.13693
G1 X80.85 Y95.793 E2414.15463
M204 S5000
M205 X30 Y30
G0 F7200 X80.88 Y95.595
G0 X80.181 Y95.472
G0 X79.502 Y95.752
M204 S3000
M205 X20 Y20
G1 F2040 X79.56 Y96.315 E2414.17816
G1 X79.731 Y96.855 E2414.20171
G1 X80.012 Y97.344 E2414.22516
G1 X80.387 Y97.772 E2414.24882
G1 X80.594 Y97.945 E2414.26003
G1 X81.084 Y98.239 E2414.28379
G1 X81.616 Y98.424 E2414.30721
G1 X82.179 Y98.497 E2414.33081
G1 X82.74 Y98.453 E2414.35421
G1 X83.293 Y98.293 E2414.37814
G1 X83.537 Y98.178 E2414.38935
G1 X84.009 Y97.862 E2414.41297
G1 X84.41 Y97.449 E2414.4369
G1 X84.566 Y97.229 E2414.44811
G1 X84.822 Y96.717 E2414.47191
G1 X84.965 Y96.17 E2414.49542
G1 X84.995 Y95.606 E2414.5189
G1 X84.908 Y95.056 E2414.54205
G1 X84.824 Y94.78 E2414.55405
G1 X84.565 Y94.269 E2414.57786
G1 X84.41 Y94.051 E2414.58898
G1 X84.008 Y93.639 E2414.61292
G1 X83.537 Y93.322 E2414.63652
G1 X83.293 Y93.207 E2414.64774
G1 X82.74 Y93.047 E2414.67167
G1 X82.179 Y93.003 E2414.69506
G1 X81.616 Y93.076 E2414.71867
G1 X81.084 Y93.261 E2414.74208
G1 X80.594 Y93.555 E2414.76584
G1 X80.387 Y93.728 E2414.77706
G1 X80.012 Y94.156 E2414.80072
G1 X79.732 Y94.645 E2414.82414
G1 X79.56 Y95.185 E2414.8477
G1 X79.502 Y95.752 E2414.8714
M204 S5000
M205 X30 Y30
G0 F7200 X79.522 Y95.951
G1 F1500 E2408.3714
G0 F7200 X80.219 Y95.881
G0 X81.177 Y98.039
G0 X80.804 Y99.11
G0 X80.803 Y111.391
G0 X81.177 Y112.461
G0 X80.373 Y113.936
G1 F1500 E2414.8714
G0 F7200 X80.157 Y113.832
M204 S3000
M205 X20 Y20
;TYPE:WALL-INNER
G1 F4718.3 X80.017 Y114.28 E2414.88803
G1 F4729.4 X79.964 Y114.753 E2414.90485
G1 X80.017 Y115.22 E2414.92146
G1 F4707.3 X80.157 Y115.668 E2414.93812
G1 F4729.4 X80.391 Y116.074 E2414.95468
G1 F4740.6 X80.862 Y116.568 E2414.97874
G1 X81.282 Y116.817 E2414.99596
G1 F4718.3 X81.724 Y116.97 E2415.01253
G1 F4740.6 X82.19 Y117.035 E2415.02912
G1 F4729.4 X82.656 Y116.994 E2415.04565
G1 F4718.3 X83.13 Y116.859 E2415.0631
G1 F4763 X83.712 Y116.506 E2415.08699
G1 X84.169 Y115.99 E2415.11118
G1 X84.389 Y115.554 E2415.12831
G1 F4729.4 X84.504 Y115.098 E2415.14493
G1 X84.532 Y114.63 E2415.1615
G1 F4763 X84.395 Y113.953 E2415.18574
G1 X84.066 Y113.361 E2415.2095
G1 F4785.7 X83.712 Y112.994 E2415.22731
G1 F4774.3 X83.13 Y112.64 E2415.25116
G1 F4729.4 X82.656 Y112.507 E2415.26855
G1 F4740.6 X82.19 Y112.465 E2415.28505
G1 X81.724 Y112.53 E2415.30164
G1 F4718.3 X81.282 Y112.683 E2415.31821
G1 F4740.6 X80.862 Y112.932 E2415.33542
G1 F4751.8 X80.39 Y113.426 E2415.35945
G1 F4740.6 X80.157 Y113.832 E2415.37595
M204 S5000
M205 X30 Y30
G0 F7200 X80.373 Y113.936
G0 X80.266 Y115.455
G0 X80.488 Y115.352
M204 S3000
M205 X20 Y20
G1 F4797.1 X80.39 Y114.825 E2415.39463
G1 F4740.6 X80.439 Y114.361 E2415.41108
G1 F4718.3 X80.538 Y114.017 E2415.42376
G1 F4740.6 X80.75 Y113.648 E2415.43876
G1 X81.107 Y113.278 E2415.45689
G1 X81.506 Y113.045 E2415.47318
G1 F4718.3 X81.809 Y112.949 E2415.48444
G1 F4740.6 X82.207 Y112.887 E2415.49864
G1 X82.581 Y112.929 E2415.51191
G1 F4729.4 X82.962 Y113.029 E2415.52583
G1 F4774.3 X83.441 Y113.316 E2415.54538
G1 F4785.7 X83.722 Y113.605 E2415.55945
G1 F4774.3 X84.014 Y114.145 E2415.58094
G1 F4785.7 X84.123 Y114.73 E2415.60172
G1 F4820.1 X84.016 Y115.361 E2415.62392
G1 F4785.7 X83.816 Y115.756 E2415.63938
G1 X83.501 Y116.13 E2415.65645
G1 X82.962 Y116.472 E2415.67875
G1 F4718.3 X82.581 Y116.571 E2415.69269
G1 F4729.4 X82.207 Y116.613 E2415.70599
G1 F4797.1 X81.62 Y116.502 E2415.7268
G1 F4785.7 X81.052 Y116.181 E2415.74959
G1 F4740.6 X80.71 Y115.792 E2415.76785
G1 F4763 X80.488 Y115.352 E2415.78514
M204 S5000
M205 X30 Y30
G0 F7200 X80.266 Y115.455
G0 X79.501 Y114.753
M204 S3000
M205 X20 Y20
;TYPE:WALL-OUTER
G1 F2040 X79.56 Y115.315 E2415.80864
G1 X79.731 Y115.855 E2415.83219
G1 X80.012 Y116.344 E2415.85563
G1 X80.387 Y116.772 E2415.87929
G1 X80.594 Y116.945 E2415.89051
G1 X81.084 Y117.239 E2415.91427
G1 X81.616 Y117.424 E2415.93768
G1 X82.179 Y117.497 E2415.96129
G1 X82.74 Y117.453 E2415.98468
G1 X83.293 Y117.293 E2416.00862
G1 X83.537 Y117.178 E2416.01983
G1 X84.009 Y116.862 E2416.04345
G1 X84.41 Y116.449 E2416.06738
G1 X84.566 Y116.229 E2416.07859
G1 X84.822 Y115.717 E2416.10239
G1 X84.965 Y115.17 E2416.1259
G1 X84.995 Y114.606 E2416.14938
G1 X84.908 Y114.056 E2416.17253
G1 X84.824 Y113.78 E2416.18452
G1 X84.565 Y113.269 E2416.20834
G1 X84.41 Y113.051 E2416.21946
G1 X84.008 Y112.639 E2416.24339
G1 X83.537 Y112.322 E2416.267
G1 X83.293 Y112.207 E2416.27821
G1 X82.74 Y112.047 E2416.30215
G1 X82.179 Y112.003 E2416.32554
G1 X81.616 Y112.076 E2416.34914
G1 X81.084 Y112.261 E2416.37256
G1 X80.594 Y112.555 E2416.39632
G1 X80.387 Y112.728 E2416.40753
G1 X80.012 Y113.156 E2416.43119
G1 X79.732 Y113.645 E2416.45462
G1 X79.56 Y114.185 E2416.47818
G1 X79.501 Y114.753 E2416.50192
M204 S5000
M205 X30 Y30
G0 F7200 X79.521 Y114.951
G0 X80.217 Y114.879
G0 X80.928 Y114.278
M204 S3000
M205 X20 Y20
G1 F2040 X81.17 Y113.854 E2416.52222
G1 X81.374 Y113.654 E2416.5341
G1 X81.771 Y113.43 E2416.55305
G1 X82.27 Y113.347 E2416.57408
G1 X82.717 Y113.425 E2416.59294
G1 X83.121 Y113.65 E2416.61217
G1 X83.346 Y113.873 E2416.62534
G1 X83.573 Y114.28 E2416.64472
G1 X83.654 Y114.764 E2416.66512
G1 X83.579 Y115.199 E2416.68347
G1 X83.466 Y115.449 E2416.69488
G1 X83.131 Y115.843 E2416.71638
G1 X82.717 Y116.074 E2416.73609
G1 X82.27 Y116.153 E2416.75496
G1 X81.771 Y116.07 E2416.77599
G1 X81.332 Y115.812 E2416.79716
G1 X81.041 Y115.461 E2416.81612
G1 X80.925 Y115.212 E2416.82754
G1 X80.848 Y114.777 E2416.8459
G1 X80.928 Y114.278 E2416.86691
M204 S5000
M205 X30 Y30
G0 F7200 X81.027 Y114.105
G1 F1500 E2410.36691
G0 F7200 X80.418 Y113.751
G0 X81.686 Y113.199
G0 X82.706 Y113.18
G0 X84.692 Y114.093
G0 X85.812 Y113.916
G0 X134.092 Y114.817
G0 X135.224 Y114.877
G1 F1500 E2416.86691
G0 F7200 X135.468 Y114.871
M204 S3000
M205 X20 Y20
;TYPE:WALL-INNER
G1 F4751.8 X135.606 Y115.547 E2416.89118
G1 X135.83 Y115.989 E2416.90861
G1 F4763 X136.288 Y116.506 E2416.93285
G1 F4774.3 X136.87 Y116.86 E2416.95669
G1 F4718.3 X137.344 Y116.994 E2416.97414
G1 F4729.4 X137.81 Y117.035 E2416.99067
G1 X138.276 Y116.971 E2417.00729
G1 F4707.3 X138.718 Y116.817 E2417.02391
G1 F4740.6 X139.138 Y116.568 E2417.04113
G1 X139.609 Y116.074 E2417.06519
G1 F4729.4 X139.843 Y115.668 E2417.08175
G1 F4718.3 X139.983 Y115.22 E2417.09838
G1 F4740.6 X140.036 Y114.747 E2417.11516
G1 X139.983 Y114.28 E2417.13173
G1 F4718.3 X139.843 Y113.832 E2417.14835
G1 F4740.6 X139.61 Y113.426 E2417.16486
G1 F4751.8 X139.138 Y112.932 E2417.18889
G1 F4740.6 X138.718 Y112.682 E2417.20612
G1 F4718.3 X138.276 Y112.53 E2417.22268
G1 F4740.6 X137.81 Y112.466 E2417.23926
G1 F4729.4 X137.344 Y112.506 E2417.25579
G1 F4718.3 X136.87 Y112.64 E2417.27324
G1 F4763 X136.288 Y112.994 E2417.29714
G1 X135.944 Y113.347 E2417.31444
G1 X135.612 Y113.946 E2417.33847
G1 F4740.6 X135.497 Y114.402 E2417.35505
G1 F4729.4 X135.468 Y114.871 E2417.37165
M204 S5000
M205 X30 Y30
G0 F7200 X135.706 Y114.855
G0 X136 Y115.908
G0 X136.182 Y115.756
M204 S3000
M205 X20 Y20
G1 F4751.8 X136 Y115.392 E2417.38597
G1 F4763 X135.896 Y114.872 E2417.40457
G1 F4785.7 X135.888 Y114.711 E2417.4102
G1 F4797.1 X136.004 Y114.096 E2417.43201
G1 F4763 X136.278 Y113.605 E2417.45174
G1 X136.559 Y113.317 E2417.46586
G1 F4785.7 X137.09 Y112.998 E2417.48749
G1 F4808.6 X137.694 Y112.89 E2417.50882
G1 F4763 X138.19 Y112.949 E2417.52634
G1 F4740.6 X138.494 Y113.043 E2417.53756
G1 F4785.7 X138.937 Y113.312 E2417.55566
G1 F4774.3 X139.251 Y113.648 E2417.57176
G1 F4808.6 X139.51 Y114.138 E2417.59102
G1 F4843.4 X139.624 Y114.749 E2417.61247
G1 X139.513 Y115.351 E2417.6336
G1 F4831.7 X139.333 Y115.742 E2417.64848
G1 F4808.6 X138.948 Y116.182 E2417.66881
G1 F4751.8 X138.522 Y116.44 E2417.68632
G1 F4740.6 X138.27 Y116.534 E2417.69581
G1 F4774.3 X137.793 Y116.613 E2417.71273
G1 F4729.4 X137.419 Y116.571 E2417.72603
G1 F4718.3 X137.038 Y116.471 E2417.73998
G1 F4774.3 X136.556 Y116.182 E2417.75966
G1 F4763 X136.182 Y115.756 E2417.77955
M204 S5000
M205 X30 Y30
G0 F7200 X136.43 Y115.226
M204 S3000
M205 X20 Y20
;TYPE:WALL-OUTER
G1 F2040 X136.35 Y114.793 E2417.79786
G1 X136.424 Y114.29 E2417.81899
G1 X136.655 Y113.873 E2417.83881
G1 X136.857 Y113.668 E2417.85078
G1 X137.283 Y113.426 E2417.87115
G1 X137.73 Y113.347 E2417.89002
G1 X138.229 Y113.43 E2417.91105
G1 X138.611 Y113.643 E2417.92923
G1 X138.83 Y113.853 E2417.94185
G1 X139.073 Y114.277 E2417.96217
G1 X139.153 Y114.723 E2417.981
G1 X139.076 Y115.212 E2418.00158
G1 X138.959 Y115.461 E2418.01302
G1 X138.652 Y115.827 E2418.03288
G1 X138.229 Y116.07 E2418.05317
G1 X137.73 Y116.153 E2418.0742
G1 X137.284 Y116.074 E2418.09303
G1 X136.829 Y115.809 E2418.11492
G1 X136.556 Y115.484 E2418.13256
G1 X136.43 Y115.226 E2418.1445
M204 S5000
M205 X30 Y30
G0 F7200 X136.394 Y115.03
G0 X135.703 Y115.152
G0 X135.005 Y114.894
M204 S3000
M205 X20 Y20
G1 F2040 X135.092 Y115.445 E2418.16769
G1 X135.176 Y115.72 E2418.17965
G1 X135.433 Y116.229 E2418.20335
G1 X135.59 Y116.449 E2418.21459
G1 X135.992 Y116.861 E2418.23852
G1 X136.463 Y117.178 E2418.26213
G1 X136.707 Y117.293 E2418.27334
G1 X137.26 Y117.453 E2418.29728
G1 X137.821 Y117.497 E2418.32067
G1 X138.384 Y117.425 E2418.34427
G1 X138.916 Y117.239 E2418.3677
G1 X139.406 Y116.945 E2418.39146
G1 X139.613 Y116.772 E2418.40267
G1 X139.988 Y116.344 E2418.42633
G1 X140.268 Y115.855 E2418.44976
G1 X140.44 Y115.315 E2418.47332
G1 X140.499 Y114.747 E2418.49706
G1 X140.44 Y114.185 E2418.52056
G1 X140.268 Y113.645 E2418.54412
G1 X139.988 Y113.156 E2418.56754
G1 X139.611 Y112.726 E2418.59132
G1 X139.406 Y112.555 E2418.60242
G1 X138.916 Y112.261 E2418.62618
G1 X138.384 Y112.075 E2418.64961
G1 X137.821 Y112.003 E2418.6732
G1 X137.26 Y112.047 E2418.6966
G1 X136.707 Y112.207 E2418.72053
G1 X136.463 Y112.322 E2418.73175
G1 X135.991 Y112.638 E2418.75536
G1 X135.589 Y113.051 E2418.77933
G1 X135.434 Y113.27 E2418.79048
G1 X135.178 Y113.783 E2418.81432
G1 X135.035 Y114.33 E2418.83782
G1 X135.005 Y114.894 E2418.8613
M204 S5000
M205 X30 Y30
G0 F7200 X135.036 Y115.091
G1 F1500 E2412.3613
G0 F7200 X135.727 Y114.983
G0 X136.13 Y112.809
G0 X135.496 Y111.868
G0 X135.497 Y98.633
G0 X136.13 Y97.691
G0 X135.703 Y95.83
G1 F1500 E2418.8613
G0 F7200 X135.465 Y95.85
M204 S3000
M205 X20 Y20
;TYPE:WALL-INNER
G1 F4751.8 X135.606 Y96.547 E2418.88632
G1 X135.83 Y96.989 E2418.90374
G1 F4763 X136.288 Y97.506 E2418.92798
G1 F4774.3 X136.87 Y97.86 E2418.95183
G1 F4718.3 X137.344 Y97.994 E2418.96927
G1 F4729.4 X137.811 Y98.035 E2418.98584
G1 X138.275 Y97.971 E2419.00239
G1 F4707.3 X138.718 Y97.817 E2419.01905
G1 F4740.6 X139.138 Y97.568 E2419.03626
G1 X139.609 Y97.074 E2419.06032
G1 F4729.4 X139.843 Y96.668 E2419.07688
G1 F4718.3 X139.983 Y96.22 E2419.09351
G1 F4740.6 X140.035 Y95.748 E2419.11025
G1 X139.983 Y95.28 E2419.12685
G1 F4718.3 X139.843 Y94.832 E2419.14348
G1 F4740.6 X139.61 Y94.426 E2419.15998
G1 F4751.8 X139.138 Y93.932 E2419.18401
G1 F4740.6 X138.718 Y93.682 E2419.20125
G1 F4718.3 X138.276 Y93.53 E2419.2178
G1 F4740.6 X137.81 Y93.466 E2419.23439
G1 F4729.4 X137.344 Y93.506 E2419.25091
G1 F4718.3 X136.87 Y93.64 E2419.26836
G1 F4763 X136.288 Y93.994 E2419.29226
G1 X135.944 Y94.347 E2419.30956
G1 F4751.8 X135.606 Y94.953 E2419.33397
G1 F4763 X135.465 Y95.653 E2419.35902
G1 F4751.8 X135.465 Y95.85 E2419.36595
M204 S5000
M205 X30 Y30
G0 F7200 X135.703 Y95.83
G0 X136.072 Y94.485
G0 X136.278 Y94.605
M204 S3000
M205 X20 Y20
G1 F4763 X136.559 Y94.317 E2419.38007
G1 F4785.7 X137.09 Y93.998 E2419.4017
G1 F4808.6 X137.694 Y93.89 E2419.42303
G1 F4763 X138.19 Y93.949 E2419.44056
G1 F4740.6 X138.494 Y94.043 E2419.45178
G1 F4785.7 X138.937 Y94.312 E2419.46987
G1 F4774.3 X139.251 Y94.648 E2419.48597
G1 F4751.8 X139.462 Y95.017 E2419.50092
G1 F4718.3 X139.561 Y95.361 E2419.5136
G1 F4740.6 X139.614 Y95.748 E2419.52738
G1 F4820.1 X139.513 Y96.351 E2419.54857
G1 F4831.7 X139.333 Y96.742 E2419.56346
G1 F4808.6 X138.948 Y97.182 E2419.58379
G1 F4820.1 X138.381 Y97.503 E2419.60638
G1 F4843.4 X137.766 Y97.624 E2419.62801
G1 F4808.6 X137.092 Y97.504 E2419.6518
G1 F4785.7 X136.556 Y97.182 E2419.67364
G1 F4763 X136.182 Y96.756 E2419.69353
G1 F4751.8 X136 Y96.392 E2419.70784
G1 F4763 X135.896 Y95.871 E2419.72649
G1 X135.888 Y95.687 E2419.73295
G1 X135.999 Y95.105 E2419.75374
G1 F4751.8 X136.278 Y94.605 E2419.77388
M204 S5000
M205 X30 Y30
G0 F7200 X136.427 Y95.28
M204 S3000
M205 X20 Y20
;TYPE:WALL-OUTER
G1 F2040 X136.655 Y94.873 E2419.79327
G1 X136.857 Y94.668 E2419.80524
G1 X137.283 Y94.426 E2419.82561
G1 X137.73 Y94.347 E2419.84448
G1 X138.229 Y94.43 E2419.86551
G1 X138.611 Y94.643 E2419.88369
G1 X138.83 Y94.853 E2419.89631
G1 X139.073 Y95.277 E2419.91663
G1 X139.153 Y95.775 E2419.9376
G1 X139.076 Y96.212 E2419.95604
G1 X138.959 Y96.461 E2419.96748
G1 X138.652 Y96.827 E2419.98734
G1 X138.229 Y97.07 E2420.00762
G1 X137.73 Y97.153 E2420.02866
G1 X137.284 Y97.074 E2420.04749
G1 X136.829 Y96.809 E2420.06938
G1 X136.556 Y96.484 E2420.08702
G1 X136.43 Y96.226 E2420.09896
G1 X136.35 Y95.792 E2420.11731
G1 X136.427 Y95.28 E2420.13883
M204 S5000
M205 X30 Y30
G0 F7200 X136.524 Y95.106
G0 X135.917 Y94.753
G0 X135.703 Y95.83
G0 X135.004 Y95.886
M204 S3000
M205 X20 Y20
G1 F2040 X135.092 Y96.444 E2420.16232
G1 X135.176 Y96.72 E2420.17431
G1 X135.433 Y97.229 E2420.19802
G1 X135.59 Y97.449 E2420.20926
G1 X135.992 Y97.861 E2420.23319
G1 X136.463 Y98.178 E2420.25679
G1 X136.707 Y98.293 E2420.26801
G1 X137.26 Y98.453 E2420.29194
G1 X137.822 Y98.498 E2420.31538
G1 X138.383 Y98.425 E2420.3389
G1 X138.916 Y98.239 E2420.36237
G1 X139.406 Y97.945 E2420.38613
G1 X139.613 Y97.772 E2420.39735
G1 X139.988 Y97.344 E2420.421
G1 X140.268 Y96.855 E2420.44443
G1 X140.44 Y96.315 E2420.46799
G1 X140.498 Y95.748 E2420.49169
G1 X140.44 Y95.185 E2420.51522
G1 X140.268 Y94.645 E2420.53878
G1 X139.988 Y94.156 E2420.56221
G1 X139.611 Y93.726 E2420.58598
G1 X139.406 Y93.555 E2420.59708
G1 X138.916 Y93.261 E2420.62084
G1 X138.384 Y93.075 E2420.64427
G1 X137.821 Y93.003 E2420.66787
G1 X137.26 Y93.047 E2420.69126
G1 X136.707 Y93.207 E2420.7152
G1 X136.463 Y93.322 E2420.72641
G1 X135.991 Y93.638 E2420.75003
G1 X135.589 Y94.051 E2420.77399
G1 X135.434 Y94.27 E2420.78514
G1 X135.176 Y94.78 E2420.80891
G1 X135.092 Y95.056 E2420.8209
G1 X135.004 Y95.618 E2420.84455
G1 X135.004 Y95.886 E2420.85569
M204 S5000
M205 X30 Y30
G0 F7200 X135.035 Y96.083
G1 F1500 E2414.35569
;MESH:NONMESH
G0 F600 X135.035 Y96.083 Z3.3
G0 F7200 X135.726 Y95.976
G0 X134.089 Y95.634
G0 X85.812 Y94.916
G0 X84.692 Y95.093
G0 X82.814 Y94.199
G0 X81.794 Y94.18
G0 X80.373 Y94.936
G1 F1500 E2420.85569
G0 F7200 X80.157 Y94.832
;TIME_ELAPSED:2272.078687
;LAYER:15
M204 S3000
M205 X20 Y20
;TYPE:WALL-INNER
;MESH:Pi Holder.stl
G1 F4718.3 X80.017 Y95.28 E2420.87232
G1 F4729.4 X79.964 Y95.752 E2420.8891
G1 X80.017 Y96.22 E2420.90575
G1 F4707.3 X80.157 Y96.668 E2420.92241
G1 F4729.4 X80.391 Y97.074 E2420.93897
G1 F4740.6 X80.862 Y97.568 E2420.96304
G1 X81.282 Y97.817 E2420.98025
G1 F4718.3 X81.724 Y97.97 E2420.99682
G1 F4740.6 X82.19 Y98.035 E2421.01341
G1 F4729.4 X82.656 Y97.994 E2421.02994
G1 F4718.3 X83.13 Y97.859 E2421.0474
G1 F4763 X83.712 Y97.506 E2421.07128
G1 X84.171 Y96.99 E2421.09551
G1 X84.437 Y96.459 E2421.11635
G1 X84.553 Y95.737 E2421.14201
G1 X84.395 Y94.953 E2421.17008
G1 X84.066 Y94.361 E2421.19384
G1 F4785.7 X83.712 Y93.994 E2421.21165
G1 F4774.3 X83.13 Y93.64 E2421.2355
G1 F4729.4 X82.656 Y93.507 E2421.25289
G1 F4740.6 X82.19 Y93.465 E2421.26939
G1 X81.724 Y93.53 E2421.28598
G1 F4718.3 X81.282 Y93.683 E2421.30255
G1 F4740.6 X80.862 Y93.932 E2421.31976
G1 F4751.8 X80.39 Y94.426 E2421.34379
G1 F4740.6 X80.157 Y94.832 E2421.36029
M204 S5000
M205 X30 Y30
G0 F7200 X80.373 Y94.936
G0 X80.266 Y96.455
G0 X80.488 Y96.352
M204 S3000
M205 X20 Y20
G1 F4808.6 X80.398 Y95.872 E2421.37727
G1 F4740.6 X80.439 Y95.36 E2421.39538
G1 F4718.3 X80.538 Y95.017 E2421.40802
G1 F4740.6 X80.75 Y94.648 E2421.42303
G1 X81.107 Y94.278 E2421.44115
G1 X81.506 Y94.045 E2421.45744
G1 F4718.3 X81.809 Y93.949 E2421.4687
G1 F4740.6 X82.207 Y93.887 E2421.4829
G1 X82.581 Y93.929 E2421.49617
G1 F4729.4 X82.962 Y94.029 E2421.51009
G1 F4774.3 X83.441 Y94.316 E2421.52964
G1 F4785.7 X83.722 Y94.605 E2421.54372
G1 F4774.3 X84.014 Y95.145 E2421.56521
G1 X84.123 Y95.748 E2421.58666
G1 F4785.7 X84.018 Y96.345 E2421.60783
G1 F4774.3 X83.818 Y96.756 E2421.62383
G1 F4797.1 X83.501 Y97.13 E2421.64091
G1 F4785.7 X82.962 Y97.472 E2421.6632
G1 F4718.3 X82.581 Y97.571 E2421.67715
G1 F4729.4 X82.207 Y97.613 E2421.69044
G1 F4797.1 X81.62 Y97.502 E2421.71126
G1 F4785.7 X81.052 Y97.181 E2421.73404
G1 F4740.6 X80.71 Y96.792 E2421.7523
G1 F4763 X80.488 Y96.352 E2421.7696
M204 S5000
M205 X30 Y30
G0 F7200 X80.85 Y95.793
M204 S3000
M205 X20 Y20
;TYPE:WALL-OUTER
G1 F2040 X80.928 Y95.278 E2421.79125
G1 X81.17 Y94.854 E2421.81155
G1 X81.374 Y94.654 E2421.82343
G1 X81.771 Y94.43 E2421.84238
G1 X82.27 Y94.347 E2421.86341
G1 X82.717 Y94.425 E2421.88227
G1 X83.121 Y94.65 E2421.9015
G1 X83.346 Y94.873 E2421.91467
G1 X83.573 Y95.28 E2421.93405
G1 X83.653 Y95.727 E2421.95293
G1 X83.576 Y96.209 E2421.97322
G1 X83.444 Y96.484 E2421.9859
G1 X83.131 Y96.843 E2422.0057
G1 X82.717 Y97.074 E2422.02541
G1 X82.27 Y97.153 E2422.04428
G1 X81.771 Y97.07 E2422.06532
G1 X81.332 Y96.812 E2422.08649
G1 X81.041 Y96.461 E2422.10544
G1 X80.925 Y96.212 E2422.11686
G1 X80.85 Y95.793 E2422.13456
M204 S5000
M205 X30 Y30
G0 F7200 X80.88 Y95.595
G0 X80.181 Y95.472
G0 X79.502 Y95.752
M204 S3000
M205 X20 Y20
G1 F2040 X79.56 Y96.315 E2422.15809
G1 X79.731 Y96.855 E2422.18164
G1 X80.012 Y97.344 E2422.20509
G1 X80.387 Y97.772 E2422.22874
G1 X80.594 Y97.945 E2422.23996
G1 X81.084 Y98.239 E2422.26372
G1 X81.616 Y98.424 E2422.28714
G1 X82.179 Y98.497 E2422.31074
G1 X82.74 Y98.453 E2422.33413
G1 X83.293 Y98.293 E2422.35807
G1 X83.537 Y98.178 E2422.36928
G1 X84.009 Y97.862 E2422.3929
G1 X84.41 Y97.449 E2422.41683
G1 X84.567 Y97.229 E2422.42807
G1 X84.823 Y96.72 E2422.45175
G1 X84.908 Y96.445 E2422.46372
G1 X84.996 Y95.882 E2422.48741
G1 X84.996 Y95.614 E2422.49855
G1 X84.908 Y95.056 E2422.52204
G1 X84.824 Y94.78 E2422.53403
G1 X84.565 Y94.269 E2422.55785
G1 X84.41 Y94.051 E2422.56897
G1 X84.008 Y93.639 E2422.59291
G1 X83.537 Y93.322 E2422.61651
G1 X83.293 Y93.207 E2422.62772
G1 X82.74 Y93.047 E2422.65166
G1 X82.179 Y93.003 E2422.67505
G1 X81.616 Y93.076 E2422.69866
G1 X81.084 Y93.261 E2422.72207
G1 X80.594 Y93.555 E2422.74583
G1 X80.387 Y93.728 E2422.75705
G1 X80.012 Y94.156 E2422.7807
G1 X79.732 Y94.645 E2422.80413
G1 X79.56 Y95.185 E2422.82769
G1 X79.502 Y95.752 E2422.85139
M204 S5000
M205 X30 Y30
G0 F7200 X79.522 Y95.951
G1 F1500 E2416.35139
G0 F7200 X80.219 Y95.881
G0 X81.177 Y98.039
G0 X80.804 Y99.11
G0 X80.803 Y111.391
G0 X81.177 Y112.461
G0 X80.373 Y113.936
G1 F1500 E2422.85139
G0 F7200 X80.157 Y113.832
M204 S3000
M205 X20 Y20
;TYPE:WALL-INNER
G1 F4718.3 X80.017 Y114.28 E2422.86802
G1 F4729.4 X79.964 Y114.752 E2422.8848
G1 X80.017 Y115.22 E2422.90144
G1 F4707.3 X80.157 Y115.668 E2422.91811
G1 F4729.4 X80.391 Y116.074 E2422.93467
G1 F4740.6 X80.862 Y116.568 E2422.95873
G1 X81.282 Y116.817 E2422.97595
G1 F4718.3 X81.724 Y116.97 E2422.99252
G1 F4740.6 X82.19 Y117.035 E2423.0091
G1 F4729.4 X82.656 Y116.994 E2423.02564
G1 F4718.3 X83.13 Y116.859 E2423.04309
G1 F4763 X83.712 Y116.506 E2423.06698
G1 X84.171 Y115.99 E2423.09121
G1 X84.437 Y115.459 E2423.11205
G1 X84.553 Y114.737 E2423.13771
G1 X84.395 Y113.953 E2423.16577
G1 X84.066 Y113.361 E2423.18954
G1 F4785.7 X83.712 Y112.994 E2423.20735
G1 F4774.3 X83.13 Y112.64 E2423.23119
G1 F4729.4 X82.656 Y112.507 E2423.24859
G1 F4740.6 X82.19 Y112.465 E2423.26509
G1 X81.724 Y112.53 E2423.28167
G1 F4718.3 X81.282 Y112.683 E2423.29824
G1 F4740.6 X80.862 Y112.932 E2423.31546
G1 F4751.8 X80.39 Y113.426 E2423.33949
G1 F4740.6 X80.157 Y113.832 E2423.35599
M204 S5000
M205 X30 Y30
G0 F7200 X80.373 Y113.936
G0 X80.391 Y114.824
M204 S3000
M205 X20 Y20
G1 F4797.1 X80.391 Y114.677 E2423.36111
G1 F4808.6 X80.491 Y114.138 E2423.38017
G1 F4774.3 X80.75 Y113.648 E2423.39957
G1 F4740.6 X81.107 Y113.278 E2423.41769
G1 X81.506 Y113.045 E2423.43398
G1 F4718.3 X81.809 Y112.949 E2423.44524
G1 F4740.6 X82.207 Y112.887 E2423.45944
G1 X82.581 Y112.929 E2423.47271
G1 F4729.4 X82.962 Y113.029 E2423.48663
G1 F4774.3 X83.441 Y113.316 E2423.50618
G1 F4785.7 X83.722 Y113.605 E2423.52026
G1 F4774.3 X84.014 Y114.145 E2423.54175
G1 X84.123 Y114.748 E2423.5632
G1 F4785.7 X84.018 Y115.345 E2423.58437
G1 F4774.3 X83.818 Y115.756 E2423.60037
G1 F4797.1 X83.501 Y116.13 E2423.61745
G1 F4785.7 X82.962 Y116.472 E2423.63974
G1 F4718.3 X82.581 Y116.571 E2423.65369
G1 F4729.4 X82.207 Y116.613 E2423.66699
G1 F4797.1 X81.62 Y116.502 E2423.6878
G1 F4785.7 X81.052 Y116.181 E2423.71058
G1 F4740.6 X80.71 Y115.792 E2423.72885
G1 F4763 X80.488 Y115.352 E2423.74614
G1 F4808.6 X80.391 Y114.824 E2423.7648
M204 S5000
M205 X30 Y30
G0 F7200 X80.928 Y114.278
M204 S3000
M205 X20 Y20
;TYPE:WALL-OUTER
G1 F2040 X81.17 Y113.854 E2423.78509
G1 X81.374 Y113.654 E2423.79697
G1 X81.771 Y113.43 E2423.81592
G1 X82.27 Y113.347 E2423.83695
G1 X82.717 Y113.425 E2423.85582
G1 X83.121 Y113.65 E2423.87505
G1 X83.346 Y113.873 E2423.88822
G1 X83.573 Y114.28 E2423.90759
G1 X83.653 Y114.727 E2423.92647
G1 X83.576 Y115.209 E2423.94676
G1 X83.444 Y115.484 E2423.95945
G1 X83.131 Y115.843 E2423.97925
G1 X82.717 Y116.074 E2423.99896
G1 X82.27 Y116.153 E2424.01783
G1 X81.771 Y116.07 E2424.03886
G1 X81.332 Y115.812 E2424.06003
G1 X81.041 Y115.461 E2424.07899
G1 X80.925 Y115.212 E2424.09041
G1 X80.848 Y114.776 E2424.10881
G1 X80.928 Y114.278 E2424.12978
M204 S5000
M205 X30 Y30
G0 F7200 X81.027 Y114.105
G0 X80.418 Y113.751
G0 X80.205 Y114.75
G0 X79.502 Y114.752
M204 S3000
M205 X20 Y20
G1 F2040 X79.56 Y115.315 E2424.15331
G1 X79.731 Y115.855 E2424.17686
G1 X80.012 Y116.344 E2424.20031
G1 X80.387 Y116.772 E2424.22397
G1 X80.594 Y116.945 E2424.23519
G1 X81.084 Y117.239 E2424.25894
G1 X81.616 Y117.424 E2424.28236
G1 X82.179 Y117.497 E2424.30596
G1 X82.74 Y117.453 E2424.32936
G1 X83.293 Y117.293 E2424.35329
G1 X83.537 Y117.178 E2424.36451
G1 X84.009 Y116.862 E2424.38812
G1 X84.41 Y116.449 E2424.41205
G1 X84.567 Y116.229 E2424.42329
G1 X84.823 Y115.72 E2424.44698
G1 X84.908 Y115.445 E2424.45895
G1 X84.996 Y114.882 E2424.48264
G1 X84.996 Y114.614 E2424.49378
G1 X84.908 Y114.056 E2424.51726
G1 X84.824 Y113.78 E2424.52926
G1 X84.565 Y113.269 E2424.55308
G1 X84.41 Y113.051 E2424.5642
G1 X84.008 Y112.639 E2424.58813
G1 X83.537 Y112.322 E2424.61173
G1 X83.293 Y112.207 E2424.62295
G1 X82.74 Y112.047 E2424.64688
G1 X82.179 Y112.003 E2424.67028
G1 X81.616 Y112.076 E2424.69388
G1 X81.084 Y112.261 E2424.7173
G1 X80.594 Y112.555 E2424.74106
G1 X80.387 Y112.728 E2424.75227
G1 X80.012 Y113.156 E2424.77593
G1 X79.732 Y113.645 E2424.79936
G1 X79.56 Y114.185 E2424.82292
G1 X79.502 Y114.752 E2424.84661
M204 S5000
M205 X30 Y30
G0 F7200 X79.522 Y114.951
G1 F1500 E2418.34661
G0 F7200 X80.219 Y114.881
G0 X81.189 Y116.012
G0 X82.25 Y116.401
G0 X84.776 Y114.83
G0 X85.911 Y114.83
G0 X134.089 Y114.83
G0 X135.224 Y114.83
G1 F1500 E2424.84661
G0 F7200 X135.465 Y114.85
M204 S3000
M205 X20 Y20
;TYPE:WALL-INNER
G1 F4751.8 X135.606 Y115.547 E2424.87163
G1 X135.83 Y115.989 E2424.88906
G1 F4763 X136.288 Y116.506 E2424.91329
G1 F4774.3 X136.87 Y116.86 E2424.93714
G1 F4718.3 X137.344 Y116.994 E2424.95459
G1 F4729.4 X137.81 Y117.035 E2424.97112
G1 X138.276 Y116.971 E2424.98774
G1 F4707.3 X138.718 Y116.817 E2425.00436
G1 F4740.6 X139.138 Y116.568 E2425.02157
G1 X139.609 Y116.074 E2425.04564
G1 F4729.4 X139.843 Y115.668 E2425.0622
G1 F4718.3 X139.983 Y115.22 E2425.07882
G1 F4740.6 X140.035 Y114.748 E2425.09556
G1 X139.983 Y114.28 E2425.11216
G1 F4718.3 X139.843 Y113.832 E2425.12879
G1 F4740.6 X139.61 Y113.426 E2425.14529
G1 F4751.8 X139.138 Y112.932 E2425.16933
G1 F4740.6 X138.718 Y112.682 E2425.18656
G1 F4718.3 X138.276 Y112.53 E2425.20311
G1 F4740.6 X137.81 Y112.466 E2425.2197
G1 F4729.4 X137.344 Y112.506 E2425.23623
G1 F4718.3 X136.87 Y112.64 E2425.25367
G1 F4763 X136.288 Y112.994 E2425.27758
G1 X135.944 Y113.347 E2425.29487
G1 F4751.8 X135.606 Y113.953 E2425.31928
G1 F4763 X135.465 Y114.653 E2425.34433
G1 F4751.8 X135.465 Y114.85 E2425.35126
M204 S5000
M205 X30 Y30
G0 F7200 X135.703 Y114.83
G0 X136.072 Y113.485
G0 X136.278 Y113.605
M204 S3000
M205 X20 Y20
G1 F4763 X136.559 Y113.317 E2425.36538
G1 F4785.7 X137.09 Y112.998 E2425.38702
G1 F4808.6 X137.694 Y112.89 E2425.40834
G1 F4763 X138.19 Y112.949 E2425.42587
G1 F4740.6 X138.494 Y113.043 E2425.43709
G1 F4785.7 X138.937 Y113.312 E2425.45519
G1 F4774.3 X139.251 Y113.648 E2425.47129
G1 F4751.8 X139.462 Y114.017 E2425.48624
G1 F4718.3 X139.561 Y114.361 E2425.49892
G1 F4740.6 X139.614 Y114.748 E2425.51269
G1 F4820.1 X139.513 Y115.351 E2425.53389
G1 F4831.7 X139.333 Y115.742 E2425.54878
G1 F4808.6 X138.948 Y116.182 E2425.5691
G1 F4751.8 X138.522 Y116.44 E2425.58661
G1 F4740.6 X138.27 Y116.534 E2425.5961
G1 F4774.3 X137.793 Y116.613 E2425.61302
G1 F4729.4 X137.419 Y116.571 E2425.62632
G1 F4718.3 X137.038 Y116.471 E2425.64027
G1 F4774.3 X136.556 Y116.182 E2425.65995
G1 F4763 X136.182 Y115.756 E2425.67984
G1 F4751.8 X136 Y115.392 E2425.69415
G1 F4763 X135.896 Y114.871 E2425.7128
G1 X135.888 Y114.687 E2425.71926
G1 X135.999 Y114.105 E2425.74005
G1 F4751.8 X136.278 Y113.605 E2425.76019
M204 S5000
M205 X30 Y30
G0 F7200 X136.427 Y114.28
M204 S3000
M205 X20 Y20
;TYPE:WALL-OUTER
G1 F2040 X136.655 Y113.873 E2425.77958
G1 X136.857 Y113.668 E2425.79155
G1 X137.283 Y113.426 E2425.81192
G1 X137.73 Y113.347 E2425.83079
G1 X138.229 Y113.43 E2425.85182
G1 X138.611 Y113.643 E2425.87
G1 X138.83 Y113.853 E2425.88262
G1 X139.073 Y114.277 E2425.90294
G1 X139.153 Y114.775 E2425.92391
G1 X139.076 Y115.212 E2425.94235
G1 X138.959 Y115.461 E2425.95379
G1 X138.652 Y115.827 E2425.97365
G1 X138.229 Y116.07 E2425.99394
G1 X137.73 Y116.153 E2426.01497
G1 X137.284 Y116.074 E2426.0338
G1 X136.829 Y115.809 E2426.05569
G1 X136.556 Y115.484 E2426.07334
G1 X136.43 Y115.226 E2426.08527
G1 X136.35 Y114.792 E2426.10362
G1 X136.427 Y114.28 E2426.12515
M204 S5000
M205 X30 Y30
G0 F7200 X136.524 Y114.106
G0 X135.917 Y113.753
G0 X135.703 Y114.83
G0 X135.004 Y114.886
M204 S3000
M205 X20 Y20
G1 F2040 X135.092 Y115.444 E2426.14863
G1 X135.176 Y115.72 E2426.16063
G1 X135.433 Y116.229 E2426.18433
G1 X135.59 Y116.449 E2426.19557
G1 X135.992 Y116.861 E2426.2195
G1 X136.463 Y117.178 E2426.2431
G1 X136.707 Y117.293 E2426.25432
G1 X137.26 Y117.453 E2426.27825
G1 X137.821 Y117.497 E2426.30165
G1 X138.384 Y117.425 E2426.32525
G1 X138.916 Y117.239 E2426.34868
G1 X139.406 Y116.945 E2426.37243
G1 X139.613 Y116.772 E2426.38365
G1 X139.988 Y116.344 E2426.40731
G1 X140.268 Y115.855 E2426.43074
G1 X140.44 Y115.315 E2426.4543
G1 X140.498 Y114.748 E2426.47799
G1 X140.44 Y114.185 E2426.50152
G1 X140.268 Y113.645 E2426.52509
G1 X139.988 Y113.156 E2426.54851
G1 X139.611 Y112.726 E2426.57229
G1 X139.406 Y112.555 E2426.58339
G1 X138.916 Y112.261 E2426.60715
G1 X138.384 Y112.075 E2426.63058
G1 X137.821 Y112.003 E2426.65417
G1 X137.26 Y112.047 E2426.67757
G1 X136.707 Y112.207 E2426.7015
G1 X136.463 Y112.322 E2426.71272
G1 X135.991 Y112.638 E2426.73633
G1 X135.589 Y113.051 E2426.76029
G1 X135.434 Y113.27 E2426.77145
G1 X135.176 Y113.78 E2426.79521
G1 X135.092 Y114.056 E2426.80721
G1 X135.004 Y114.618 E2426.83086
G1 X135.004 Y114.886 E2426.842
M204 S5000
M205 X30 Y30
G0 F7200 X135.035 Y115.083
G1 F1500 E2420.342
G0 F7200 X135.726 Y114.976
G0 X136.13 Y112.809
G0 X135.496 Y111.868
G0 X135.497 Y98.633
G0 X136.13 Y97.691
G0 X135.703 Y95.83
G1 F1500 E2426.842
G0 F7200 X135.465 Y95.85
M204 S3000
M205 X20 Y20
;TYPE:WALL-INNER
G1 F4751.8 X135.606 Y96.547 E2426.86701
G1 X135.83 Y96.989 E2426.88444
G1 F4763 X136.288 Y97.506 E2426.90867
G1 F4774.3 X136.87 Y97.86 E2426.93252
G1 F4718.3 X137.344 Y97.994 E2426.94997
G1 F4729.4 X137.81 Y98.035 E2426.9665
G1 X138.276 Y97.971 E2426.98312
G1 F4707.3 X138.718 Y97.817 E2426.99974
G1 F4740.6 X139.138 Y97.568 E2427.01696
G1 X139.609 Y97.074 E2427.04102
G1 F4729.4 X139.843 Y96.668 E2427.05758
G1 F4718.3 X139.983 Y96.22 E2427.07421
G1 F4740.6 X140.035 Y95.748 E2427.09095
G1 X139.983 Y95.28 E2427.10755
G1 F4718.3 X139.843 Y94.832 E2427.12417
G1 F4740.6 X139.61 Y94.426 E2427.14068
G1 F4751.8 X139.138 Y93.932 E2427.16471
G1 F4740.6 X138.718 Y93.682 E2427.18194
G1 F4718.3 X138.276 Y93.53 E2427.1985
G1 F4740.6 X137.81 Y93.466 E2427.21508
G1 F4729.4 X137.344 Y93.506 E2427.23161
G1 F4718.3 X136.87 Y93.64 E2427.24906
G1 F4763 X136.288 Y93.994 E2427.27296
G1 X135.944 Y94.347 E2427.29026
G1 F4751.8 X135.606 Y94.953 E2427.31466
G1 F4763 X135.465 Y95.653 E2427.33972
G1 F4751.8 X135.465 Y95.85 E2427.34665
M204 S5000
M205 X30 Y30
G0 F7200 X135.703 Y95.83
G0 X136.072 Y94.485
G0 X136.278 Y94.605
M204 S3000
M205 X20 Y20
G1 F4763 X136.559 Y94.317 E2427.36077
G1 F4785.7 X137.09 Y93.998 E2427.3824
G1 F4808.6 X137.694 Y93.89 E2427.40372
G1 F4763 X138.19 Y93.949 E2427.42125
G1 F4740.6 X138.494 Y94.043 E2427.43247
G1 F4785.7 X138.937 Y94.312 E2427.45057
G1 F4774.3 X139.251 Y94.648 E2427.46667
G1 F4751.8 X139.462 Y95.017 E2427.48162
G1 F4718.3 X139.561 Y95.361 E2427.4943
G1 F4740.6 X139.614 Y95.748 E2427.50807
G1 F4820.1 X139.513 Y96.351 E2427.52927
G1 F4831.7 X139.333 Y96.742 E2427.54416
G1 F4808.6 X138.948 Y97.182 E2427.56448
G1 F4751.8 X138.522 Y97.44 E2427.582
G1 F4740.6 X138.27 Y97.534 E2427.59148
G1 F4774.3 X137.793 Y97.613 E2427.60841
G1 F4729.4 X137.419 Y97.571 E2427.62171
G1 F4718.3 X137.038 Y97.471 E2427.63566
G1 F4774.3 X136.556 Y97.182 E2427.65533
G1 F4763 X136.182 Y96.756 E2427.67522
G1 F4751.8 X136 Y96.392 E2427.68954
G1 F4763 X135.896 Y95.871 E2427.70818
G1 X135.888 Y95.687 E2427.71464
G1 X135.999 Y95.105 E2427.73543
G1 F4751.8 X136.278 Y94.605 E2427.75557
M204 S5000
M205 X30 Y30
G0 F7200 X136.427 Y95.28
M204 S3000
M205 X20 Y20
;TYPE:WALL-OUTER
G1 F2040 X136.655 Y94.873 E2427.77497
G1 X136.857 Y94.668 E2427.78693
G1 X137.283 Y94.426 E2427.8073
G1 X137.73 Y94.347 E2427.82617
G1 X138.229 Y94.43 E2427.8472
G1 X138.611 Y94.643 E2427.86539
G1 X138.83 Y94.853 E2427.878
G1 X139.073 Y95.277 E2427.89832
G1 X139.153 Y95.775 E2427.91929
G1 X139.076 Y96.212 E2427.93774
G1 X138.959 Y96.461 E2427.94918
G1 X138.652 Y96.827 E2427.96904
G1 X138.229 Y97.07 E2427.98932
G1 X137.73 Y97.153 E2428.01035
G1 X137.284 Y97.074 E2428.02918
G1 X136.829 Y96.809 E2428.05107
G1 X136.556 Y96.484 E2428.06872
G1 X136.43 Y96.226 E2428.08066
G1 X136.35 Y95.792 E2428.099
G1 X136.427 Y95.28 E2428.12053
M204 S5000
M205 X30 Y30
G0 F7200 X136.524 Y95.106
G0 X135.917 Y94.753
G0 X135.703 Y95.83
G0 X135.004 Y95.886
M204 S3000
M205 X20 Y20
G1 F2040 X135.092 Y96.444 E2428.14401
G1 X135.176 Y96.72 E2428.15601
G1 X135.433 Y97.229 E2428.17972
G1 X135.59 Y97.449 E2428.19095
G1 X135.992 Y97.861 E2428.21488
G1 X136.463 Y98.178 E2428.23849
G1 X136.707 Y98.293 E2428.2497
G1 X137.26 Y98.453 E2428.27364
G1 X137.821 Y98.497 E2428.29703
G1 X138.384 Y98.425 E2428.32063
G1 X138.916 Y98.239 E2428.34406
G1 X139.406 Y97.945 E2428.36782
G1 X139.613 Y97.772 E2428.37903
G1 X139.988 Y97.344 E2428.40269
G1 X140.268 Y96.855 E2428.42612
G1 X140.44 Y96.315 E2428.44968
G1 X140.498 Y95.748 E2428.47338
G1 X140.44 Y95.185 E2428.49691
G1 X140.268 Y94.645 E2428.52047
G1 X139.988 Y94.156 E2428.5439
G1 X139.611 Y93.726 E2428.56767
G1 X139.406 Y93.555 E2428.57877
G1 X138.916 Y93.261 E2428.60253
G1 X138.384 Y93.075 E2428.62596
G1 X137.821 Y93.003 E2428.64956
G1 X137.26 Y93.047 E2428.67295
G1 X136.707 Y93.207 E2428.69689
G1 X136.463 Y93.322 E2428.7081
G1 X135.991 Y93.638 E2428.73172
G1 X135.589 Y94.051 E2428.75568
G1 X135.434 Y94.27 E2428.76683
G1 X135.176 Y94.78 E2428.79059
G1 X135.092 Y95.056 E2428.80259
G1 X135.004 Y95.618 E2428.82624
G1 X135.004 Y95.886 E2428.83738
M204 S5000
M205 X30 Y30
G0 F7200 X135.035 Y96.083
G1 F1500 E2422.33738
;MESH:NONMESH
G0 F600 X135.035 Y96.083 Z3.5
G0 F7200 X135.726 Y95.976
G0 X134.089 Y95.634
G0 X85.812 Y94.919
G0 X84.692 Y95.094
G0 X82.814 Y94.199
G0 X81.794 Y94.18
G0 X80.373 Y94.936
G1 F1500 E2428.83738
G0 F7200 X80.157 Y94.832
;TIME_ELAPSED:2280.825185
;LAYER:16
M204 S3000
M205 X20 Y20
;TYPE:WALL-INNER
;MESH:Pi Holder.stl
G1 F4718.3 X80.017 Y95.28 E2428.85401
G1 F4729.4 X79.964 Y95.752 E2428.87079
G1 X80.017 Y96.22 E2428.88744
G1 F4707.3 X80.157 Y96.668 E2428.9041
G1 F4729.4 X80.391 Y97.074 E2428.92066
G1 F4740.6 X80.862 Y97.568 E2428.94472
G1 X81.282 Y97.817 E2428.96194
G1 F4718.3 X81.724 Y97.97 E2428.97851
G1 F4740.6 X82.19 Y98.035 E2428.99509
G1 F4729.4 X82.656 Y97.994 E2429.01163
G1 F4718.3 X83.13 Y97.859 E2429.02908
G1 F4763 X83.712 Y97.506 E2429.05297
G1 X84.171 Y96.99 E2429.0772
G1 X84.437 Y96.459 E2429.09804
G1 X84.553 Y95.737 E2429.1237
G1 X84.395 Y94.953 E2429.15176
G1 X84.066 Y94.361 E2429.17553
G1 F4785.7 X83.712 Y93.994 E2429.19334
G1 F4774.3 X83.13 Y93.64 E2429.21718
G1 F4729.4 X82.656 Y93.507 E2429.23458
G1 F4740.6 X82.19 Y93.465 E2429.25108
G1 X81.724 Y93.53 E2429.26767
G1 F4718.3 X81.282 Y93.683 E2429.28423
G1 F4740.6 X80.862 Y93.932 E2429.30145
G1 F4751.8 X80.39 Y94.426 E2429.32548
G1 F4740.6 X80.157 Y94.832 E2429.34198
M204 S5000
M205 X30 Y30
G0 F7200 X80.373 Y94.936
G0 X80.266 Y96.455
G0 X80.488 Y96.352
M204 S3000
M205 X20 Y20
G1 F4808.6 X80.398 Y95.872 E2429.35896
G1 F4740.6 X80.439 Y95.36 E2429.37706
G1 F4718.3 X80.538 Y95.017 E2429.38971
G1 F4740.6 X80.75 Y94.648 E2429.40471
G1 X81.107 Y94.278 E2429.42284
G1 X81.506 Y94.045 E2429.43913
G1 F4718.3 X81.809 Y93.949 E2429.45039
G1 F4740.6 X82.207 Y93.887 E2429.46459
G1 X82.581 Y93.929 E2429.47786
G1 F4729.4 X82.962 Y94.029 E2429.49178
G1 F4774.3 X83.441 Y94.316 E2429.51133
G1 F4785.7 X83.722 Y94.605 E2429.5254
G1 F4774.3 X84.014 Y95.145 E2429.54689
G1 X84.123 Y95.748 E2429.56834
G1 F4785.7 X84.018 Y96.345 E2429.58951
G1 F4774.3 X83.818 Y96.756 E2429.60551
G1 F4797.1 X83.501 Y97.13 E2429.6226
G1 F4785.7 X82.962 Y97.472 E2429.64489
G1 F4718.3 X82.581 Y97.571 E2429.65883
G1 F4729.4 X82.207 Y97.613 E2429.67213
G1 F4797.1 X81.62 Y97.502 E2429.69295
G1 F4785.7 X81.052 Y97.181 E2429.71573
G1 F4740.6 X80.71 Y96.792 E2429.73399
G1 F4763 X80.488 Y96.352 E2429.75129
M204 S5000
M205 X30 Y30
G0 F7200 X80.85 Y95.793
M204 S3000
M205 X20 Y20
;TYPE:WALL-OUTER
G1 F2040 X80.928 Y95.278 E2429.77294
G1 X81.17 Y94.854 E2429.79324
G1 X81.374 Y94.654 E2429.80512
G1 X81.771 Y94.43 E2429.82407
G1 X82.27 Y94.347 E2429.8451
G1 X82.717 Y94.425 E2429.86396
G1 X83.121 Y94.65 E2429.88319
G1 X83.346 Y94.873 E2429.89636
G1 X83.573 Y95.28 E2429.91573
G1 X83.653 Y95.727 E2429.93461
G1 X83.576 Y96.209 E2429.95491
G1 X83.444 Y96.484 E2429.96759
G1 X83.131 Y96.843 E2429.98739
G1 X82.717 Y97.074 E2430.0071
G1 X82.27 Y97.153 E2430.02597
G1 X81.771 Y97.07 E2430.047
G1 X81.332 Y96.812 E2430.06817
G1 X81.041 Y96.461 E2430.08713
G1 X80.925 Y96.212 E2430.09855
G1 X80.85 Y95.793 E2430.11625
M204 S5000
M205 X30 Y30
G0 F7200 X80.88 Y95.595
G0 X80.181 Y95.472
G0 X79.502 Y95.752
M204 S3000
M205 X20 Y20
G1 F2040 X79.56 Y96.315 E2430.13978
G1 X79.731 Y96.855 E2430.16333
G1 X80.012 Y97.344 E2430.18677
G1 X80.387 Y97.772 E2430.21043
G1 X80.594 Y97.945 E2430.22165
G1 X81.084 Y98.239 E2430.24541
G1 X81.616 Y98.424 E2430.26882
G1 X82.179 Y98.497 E2430.29243
G1 X82.74 Y98.453 E2430.31582
G1 X83.293 Y98.293 E2430.33976
G1 X83.537 Y98.178 E2430.35097
G1 X84.009 Y97.862 E2430.37458
G1 X84.41 Y97.449 E2430.39852
G1 X84.567 Y97.229 E2430.40975
G1 X84.823 Y96.72 E2430.43344
G1 X84.908 Y96.445 E2430.44541
G1 X84.996 Y95.882 E2430.4691
G1 X84.996 Y95.614 E2430.48024
G1 X84.908 Y95.056 E2430.50373
G1 X84.824 Y94.78 E2430.51572
G1 X84.565 Y94.269 E2430.53954
G1 X84.41 Y94.051 E2430.55066
G1 X84.008 Y93.639 E2430.57459
G1 X83.537 Y93.322 E2430.5982
G1 X83.293 Y93.207 E2430.60941
G1 X82.74 Y93.047 E2430.63335
G1 X82.179 Y93.003 E2430.65674
G1 X81.616 Y93.076 E2430.68034
G1 X81.084 Y93.261 E2430.70376
G1 X80.594 Y93.555 E2430.72752
G1 X80.387 Y93.728 E2430.73873
G1 X80.012 Y94.156 E2430.76239
G1 X79.732 Y94.645 E2430.78582
G1 X79.56 Y95.185 E2430.80938
G1 X79.502 Y95.752 E2430.83308
M204 S5000
M205 X30 Y30
G0 F7200 X79.522 Y95.951
G1 F1500 E2424.33308
G0 F7200 X80.219 Y95.881
G0 X81.177 Y98.039
G0 X80.804 Y99.11
G0 X80.803 Y111.391
G0 X81.177 Y112.461
G0 X80.373 Y113.936
G1 F1500 E2430.83308
G0 F7200 X80.157 Y113.832
M204 S3000
M205 X20 Y20
;TYPE:WALL-INNER
G1 F4718.3 X80.017 Y114.28 E2430.8497
G1 F4729.4 X79.964 Y114.752 E2430.86649
G1 X80.017 Y115.22 E2430.88313
G1 F4707.3 X80.157 Y115.668 E2430.8998
G1 F4729.4 X80.391 Y116.074 E2430.91636
G1 F4740.6 X80.862 Y116.568 E2430.94042
G1 X81.282 Y116.817 E2430.95763
G1 F4718.3 X81.724 Y116.97 E2430.9742
G1 F4740.6 X82.19 Y117.035 E2430.99079
G1 F4729.4 X82.656 Y116.994 E2431.00732
G1 F4718.3 X83.13 Y116.859 E2431.02478
G1 F4763 X83.712 Y116.506 E2431.04867
G1 X84.171 Y115.99 E2431.0729
G1 X84.437 Y115.459 E2431.09374
G1 X84.553 Y114.737 E2431.1194
G1 X84.395 Y113.953 E2431.14746
G1 X84.066 Y113.361 E2431.17123
G1 F4785.7 X83.712 Y112.994 E2431.18903
G1 F4774.3 X83.13 Y112.64 E2431.21288
G1 F4729.4 X82.656 Y112.507 E2431.23028
G1 F4740.6 X82.19 Y112.465 E2431.24677
G1 X81.724 Y112.53 E2431.26336
G1 F4718.3 X81.282 Y112.683 E2431.27993
G1 F4740.6 X80.862 Y112.932 E2431.29714
G1 F4751.8 X80.39 Y113.426 E2431.32117
G1 F4740.6 X80.157 Y113.832 E2431.33768
M204 S5000
M205 X30 Y30
G0 F7200 X80.373 Y113.936
G0 X80.266 Y115.455
G0 X80.488 Y115.352
M204 S3000
M205 X20 Y20
G1 F4797.1 X80.387 Y114.752 E2431.35888
G1 F4729.4 X80.439 Y114.36 E2431.37285
G1 F4718.3 X80.538 Y114.017 E2431.3855
G1 F4740.6 X80.75 Y113.648 E2431.4005
G1 X81.107 Y113.278 E2431.41863
G1 X81.506 Y113.045 E2431.43492
G1 F4718.3 X81.809 Y112.949 E2431.44618
G1 F4740.6 X82.207 Y112.887 E2431.46038
G1 X82.581 Y112.929 E2431.47364
G1 F4729.4 X82.962 Y113.029 E2431.48757
G1 F4774.3 X83.441 Y113.316 E2431.50711
G1 F4785.7 X83.722 Y113.605 E2431.52119
G1 F4774.3 X84.014 Y114.145 E2431.54268
G1 X84.123 Y114.748 E2431.56413
G1 F4785.7 X84.018 Y115.345 E2431.5853
G1 F4774.3 X83.818 Y115.756 E2431.6013
G1 F4797.1 X83.501 Y116.13 E2431.61838
G1 F4785.7 X82.962 Y116.472 E2431.64067
G1 F4718.3 X82.581 Y116.571 E2431.65462
G1 F4729.4 X82.207 Y116.613 E2431.66792
G1 F4797.1 X81.62 Y116.502 E2431.68873
G1 F4785.7 X81.052 Y116.181 E2431.71152
G1 F4740.6 X80.71 Y115.792 E2431.72978
G1 F4763 X80.488 Y115.352 E2431.74707
M204 S5000
M205 X30 Y30
G0 F7200 X80.266 Y115.455
G0 X79.502 Y114.752
M204 S3000
M205 X20 Y20
;TYPE:WALL-OUTER
G1 F2040 X79.56 Y115.315 E2431.7706
G1 X79.731 Y115.855 E2431.79415
G1 X80.012 Y116.344 E2431.8176
G1 X80.387 Y116.772 E2431.84126
G1 X80.594 Y116.945 E2431.85247
G1 X81.084 Y117.239 E2431.87623
G1 X81.616 Y117.424 E2431.89965
G1 X82.179 Y117.497 E2431.92325
G1 X82.74 Y117.453 E2431.94665
G1 X83.293 Y117.293 E2431.97058
G1 X83.537 Y117.178 E2431.98179
G1 X84.009 Y116.862 E2432.00541
G1 X84.41 Y116.449 E2432.02934
G1 X84.567 Y116.229 E2432.04058
G1 X84.823 Y115.72 E2432.06427
G1 X84.908 Y115.445 E2432.07623
G1 X84.996 Y114.882 E2432.09992
G1 X84.996 Y114.614 E2432.11107
G1 X84.908 Y114.056 E2432.13455
G1 X84.824 Y113.78 E2432.14655
G1 X84.565 Y113.269 E2432.17036
G1 X84.41 Y113.051 E2432.18149
G1 X84.008 Y112.639 E2432.20542
G1 X83.537 Y112.322 E2432.22902
G1 X83.293 Y112.207 E2432.24024
G1 X82.74 Y112.047 E2432.26417
G1 X82.179 Y112.003 E2432.28757
G1 X81.616 Y112.076 E2432.31117
G1 X81.084 Y112.261 E2432.33458
G1 X80.594 Y112.555 E2432.35834
G1 X80.387 Y112.728 E2432.36956
G1 X80.012 Y113.156 E2432.39322
G1 X79.732 Y113.645 E2432.41664
G1 X79.56 Y114.185 E2432.44021
G1 X79.502 Y114.752 E2432.4639
M204 S5000
M205 X30 Y30
G0 F7200 X79.522 Y114.951
G0 X80.219 Y114.881
G0 X80.928 Y114.278
M204 S3000
M205 X20 Y20
G1 F2040 X81.17 Y113.854 E2432.4842
G1 X81.374 Y113.654 E2432.49608
G1 X81.771 Y113.43 E2432.51503
G1 X82.27 Y113.347 E2432.53606
G1 X82.717 Y113.425 E2432.55492
G1 X83.121 Y113.65 E2432.57415
G1 X83.346 Y113.873 E2432.58732
G1 X83.573 Y114.28 E2432.60669
G1 X83.653 Y114.727 E2432.62557
G1 X83.576 Y115.209 E2432.64587
G1 X83.444 Y115.484 E2432.65855
G1 X83.131 Y115.843 E2432.67835
G1 X82.717 Y116.074 E2432.69806
G1 X82.27 Y116.153 E2432.71693
G1 X81.771 Y116.07 E2432.73796
G1 X81.332 Y115.812 E2432.75913
G1 X81.041 Y115.461 E2432.77809
G1 X80.925 Y115.212 E2432.78951
G1 X80.847 Y114.751 E2432.80895
G1 X80.928 Y114.278 E2432.8289
M204 S5000
M205 X30 Y30
G0 F7200 X81.027 Y114.105
G1 F1500 E2426.3289
G0 F7200 X80.418 Y113.751
G0 X81.686 Y113.199
G0 X82.706 Y113.18
G0 X84.692 Y114.094
G0 X85.812 Y113.919
G0 X134.089 Y114.634
G0 X135.223 Y114.634
G1 F1500 E2432.8289
G0 F7200 X135.565 Y114.027
M204 S3000
M205 X20 Y20
;TYPE:WALL-INNER
G1 F4763 X135.465 Y114.669 E2432.8517
G1 F4751.8 X135.465 Y114.85 E2432.85807
G1 X135.606 Y115.547 E2432.88308
G1 X135.83 Y115.989 E2432.90051
G1 F4763 X136.288 Y116.506 E2432.92474
G1 F4774.3 X136.87 Y116.86 E2432.94859
G1 F4718.3 X137.344 Y116.994 E2432.96604
G1 F4729.4 X137.81 Y117.035 E2432.98257
G1 X138.276 Y116.971 E2432.99919
G1 F4707.3 X138.718 Y116.817 E2433.01581
G1 F4740.6 X139.138 Y116.568 E2433.03302
G1 X139.609 Y116.074 E2433.05709
G1 F4729.4 X139.843 Y115.668 E2433.07365
G1 F4718.3 X139.983 Y115.22 E2433.09027
G1 F4740.6 X140.035 Y114.748 E2433.10701
G1 X139.983 Y114.28 E2433.12362
G1 F4718.3 X139.843 Y113.832 E2433.14024
G1 F4740.6 X139.61 Y113.426 E2433.15675
G1 F4751.8 X139.138 Y112.932 E2433.18078
G1 F4740.6 X138.718 Y112.682 E2433.19801
G1 F4718.3 X138.276 Y112.53 E2433.21457
G1 F4740.6 X137.81 Y112.466 E2433.23115
G1 F4729.4 X137.344 Y112.506 E2433.24768
G1 F4718.3 X136.87 Y112.64 E2433.26513
G1 F4763 X136.288 Y112.994 E2433.28903
G1 X135.944 Y113.347 E2433.30632
G1 F4751.8 X135.565 Y114.027 E2433.33371
M204 S5000
M205 X30 Y30
G0 F7200 X136.278 Y113.605
M204 S3000
M205 X20 Y20
G1 F4763 X136.559 Y113.317 E2433.34782
G1 F4785.7 X137.09 Y112.998 E2433.36946
G1 F4808.6 X137.694 Y112.89 E2433.39078
G1 F4763 X138.19 Y112.949 E2433.40831
G1 F4740.6 X138.494 Y113.043 E2433.41953
G1 F4785.7 X138.937 Y113.312 E2433.43763
G1 F4774.3 X139.251 Y113.648 E2433.45373
G1 F4751.8 X139.462 Y114.017 E2433.46868
G1 F4718.3 X139.561 Y114.361 E2433.48136
G1 F4740.6 X139.614 Y114.748 E2433.49513
G1 F4820.1 X139.513 Y115.351 E2433.51633
G1 F4831.7 X139.333 Y115.742 E2433.53122
G1 F4808.6 X138.948 Y116.182 E2433.55154
G1 F4751.8 X138.522 Y116.44 E2433.56906
G1 F4740.6 X138.27 Y116.534 E2433.57854
G1 F4774.3 X137.793 Y116.613 E2433.59546
G1 F4729.4 X137.419 Y116.571 E2433.60876
G1 F4718.3 X137.038 Y116.471 E2433.62272
G1 F4774.3 X136.556 Y116.182 E2433.64239
G1 F4763 X136.182 Y115.756 E2433.66228
G1 F4751.8 X136 Y115.392 E2433.6766
G1 F4763 X135.896 Y114.871 E2433.69524
G1 X135.888 Y114.687 E2433.7017
G1 X135.999 Y114.105 E2433.72249
G1 F4751.8 X136.278 Y113.605 E2433.74263
M204 S5000
M205 X30 Y30
G0 F7200 X136.427 Y114.28
M204 S3000
M205 X20 Y20
;TYPE:WALL-OUTER
G1 F2040 X136.655 Y113.873 E2433.76203
G1 X136.857 Y113.668 E2433.77399
G1 X137.283 Y113.426 E2433.79436
G1 X137.73 Y113.347 E2433.81323
G1 X138.229 Y113.43 E2433.83426
G1 X138.611 Y113.643 E2433.85245
G1 X138.83 Y113.853 E2433.86506
G1 X139.073 Y114.277 E2433.88538
G1 X139.153 Y114.775 E2433.90635
G1 X139.076 Y115.212 E2433.9248
G1 X138.959 Y115.461 E2433.93624
G1 X138.652 Y115.827 E2433.9561
G1 X138.229 Y116.07 E2433.97638
G1 X137.73 Y116.153 E2433.99741
G1 X137.284 Y116.074 E2434.01624
G1 X136.829 Y115.809 E2434.03813
G1 X136.556 Y115.484 E2434.05578
G1 X136.43 Y115.226 E2434.06771
G1 X136.35 Y114.792 E2434.08606
G1 X136.427 Y114.28 E2434.10759
M204 S5000
M205 X30 Y30
G0 F7200 X136.524 Y114.106
G0 X135.917 Y113.753
G0 X135.703 Y114.83
G0 X135.004 Y114.886
M204 S3000
M205 X20 Y20
G1 F2040 X135.092 Y115.444 E2434.13107
G1 X135.176 Y115.72 E2434.14307
G1 X135.433 Y116.229 E2434.16677
G1 X135.59 Y116.449 E2434.17801
G1 X135.992 Y116.861 E2434.20194
G1 X136.463 Y117.178 E2434.22555
G1 X136.707 Y117.293 E2434.23676
G1 X137.26 Y117.453 E2434.2607
G1 X137.821 Y117.497 E2434.28409
G1 X138.384 Y117.425 E2434.30769
G1 X138.916 Y117.239 E2434.33112
G1 X139.406 Y116.945 E2434.35488
G1 X139.613 Y116.772 E2434.36609
G1 X139.988 Y116.344 E2434.38975
G1 X140.268 Y115.855 E2434.41318
G1 X140.44 Y115.315 E2434.43674
G1 X140.498 Y114.748 E2434.46044
G1 X140.44 Y114.185 E2434.48397
G1 X140.268 Y113.645 E2434.50753
G1 X139.988 Y113.156 E2434.53096
G1 X139.611 Y112.726 E2434.55473
G1 X139.406 Y112.555 E2434.56583
G1 X138.916 Y112.261 E2434.58959
G1 X138.384 Y112.075 E2434.61302
G1 X137.821 Y112.003 E2434.63662
G1 X137.26 Y112.047 E2434.66001
G1 X136.707 Y112.207 E2434.68394
G1 X136.463 Y112.322 E2434.69516
G1 X135.991 Y112.638 E2434.71877
G1 X135.589 Y113.051 E2434.74274
G1 X135.434 Y113.27 E2434.75389
G1 X135.176 Y113.78 E2434.77765
G1 X135.092 Y114.056 E2434.78965
G1 X135.004 Y114.618 E2434.8133
G1 X135.004 Y114.669 E2434.81542
G1 X135.004 Y114.886 E2434.82444
M204 S5000
M205 X30 Y30
G0 F7200 X135.035 Y115.083
G1 F1500 E2428.32444
G0 F7200 X135.726 Y114.976
G0 X136.13 Y112.809
G0 X135.496 Y111.868
G0 X135.497 Y98.633
G0 X136.13 Y97.691
G0 X135.703 Y95.83
G1 F1500 E2434.82444
G0 F7200 X135.465 Y95.85
M204 S3000
M205 X20 Y20
;TYPE:WALL-INNER
G1 F4751.8 X135.606 Y96.547 E2434.84945
G1 X135.83 Y96.989 E2434.86688
G1 F4763 X136.288 Y97.506 E2434.89112
G1 F4774.3 X136.87 Y97.86 E2434.91496
G1 F4718.3 X137.344 Y97.994 E2434.93241
G1 F4729.4 X137.81 Y98.035 E2434.94894
G1 X138.276 Y97.971 E2434.96556
G1 F4707.3 X138.718 Y97.817 E2434.98218
G1 F4740.6 X139.138 Y97.568 E2434.9994
G1 X139.609 Y97.074 E2435.02346
G1 F4729.4 X139.843 Y96.668 E2435.04002
G1 F4718.3 X139.983 Y96.22 E2435.05665
G1 F4740.6 X140.035 Y95.748 E2435.07339
G1 X139.983 Y95.28 E2435.08999
G1 F4718.3 X139.843 Y94.832 E2435.10662
G1 F4740.6 X139.61 Y94.426 E2435.12312
G1 F4751.8 X139.138 Y93.932 E2435.14715
G1 F4740.6 X138.718 Y93.682 E2435.16438
G1 F4718.3 X138.276 Y93.53 E2435.18094
G1 F4740.6 X137.81 Y93.466 E2435.19752
G1 F4729.4 X137.344 Y93.506 E2435.21405
G1 F4718.3 X136.87 Y93.64 E2435.2315
G1 F4763 X136.288 Y93.994 E2435.2554
G1 X135.944 Y94.347 E2435.2727
G1 F4751.8 X135.606 Y94.953 E2435.2971
G1 F4763 X135.465 Y95.653 E2435.32216
G1 F4751.8 X135.465 Y95.85 E2435.32909
M204 S5000
M205 X30 Y30
G0 F7200 X135.703 Y95.83
G0 X136.072 Y94.485
G0 X136.278 Y94.605
M204 S3000
M205 X20 Y20
G1 F4763 X136.559 Y94.317 E2435.34321
G1 F4785.7 X137.09 Y93.998 E2435.36484
G1 F4808.6 X137.694 Y93.89 E2435.38617
G1 F4763 X138.19 Y93.949 E2435.40369
G1 F4740.6 X138.494 Y94.043 E2435.41491
G1 F4785.7 X138.937 Y94.312 E2435.43301
G1 F4774.3 X139.251 Y94.648 E2435.44911
G1 F4751.8 X139.462 Y95.017 E2435.46406
G1 F4718.3 X139.561 Y95.361 E2435.47674
G1 F4740.6 X139.614 Y95.748 E2435.49051
G1 F4820.1 X139.513 Y96.351 E2435.51171
G1 F4831.7 X139.333 Y96.742 E2435.5266
G1 F4808.6 X138.948 Y97.182 E2435.54692
G1 F4751.8 X138.522 Y97.44 E2435.56444
G1 F4740.6 X138.27 Y97.534 E2435.57392
G1 F4774.3 X137.793 Y97.613 E2435.59085
G1 F4729.4 X137.419 Y97.571 E2435.60415
G1 F4718.3 X137.038 Y97.471 E2435.6181
G1 F4774.3 X136.556 Y97.182 E2435.63777
G1 F4763 X136.182 Y96.756 E2435.65767
G1 F4751.8 X136 Y96.392 E2435.67198
G1 F4763 X135.896 Y95.871 E2435.69062
G1 X135.888 Y95.687 E2435.69708
G1 X135.999 Y95.105 E2435.71787
G1 F4751.8 X136.278 Y94.605 E2435.73801
M204 S5000
M205 X30 Y30
G0 F7200 X136.427 Y95.28
M204 S3000
M205 X20 Y20
;TYPE:WALL-OUTER
G1 F2040 X136.655 Y94.873 E2435.75741
G1 X136.857 Y94.668 E2435.76937
G1 X137.283 Y94.426 E2435.78974
G1 X137.73 Y94.347 E2435.80861
G1 X138.229 Y94.43 E2435.82965
G1 X138.611 Y94.643 E2435.84783
G1 X138.83 Y94.853 E2435.86044
G1 X139.073 Y95.277 E2435.88076
G1 X139.153 Y95.775 E2435.90173
G1 X139.076 Y96.212 E2435.92018
G1 X138.959 Y96.461 E2435.93162
G1 X138.652 Y96.827 E2435.95148
G1 X138.229 Y97.07 E2435.97176
G1 X137.73 Y97.153 E2435.99279
G1 X137.284 Y97.074 E2436.01162
G1 X136.829 Y96.809 E2436.03351
G1 X136.556 Y96.484 E2436.05116
G1 X136.43 Y96.226 E2436.0631
G1 X136.35 Y95.792 E2436.08145
G1 X136.427 Y95.28 E2436.10297
M204 S5000
M205 X30 Y30
G0 F7200 X136.524 Y95.106
G0 X135.917 Y94.753
G0 X135.703 Y95.83
G0 X135.004 Y95.886
M204 S3000
M205 X20 Y20
G1 F2040 X135.092 Y96.444 E2436.12646
G1 X135.176 Y96.72 E2436.13845
G1 X135.433 Y97.229 E2436.16216
G1 X135.59 Y97.449 E2436.17339
G1 X135.992 Y97.861 E2436.19733
G1 X136.463 Y98.178 E2436.22093
G1 X136.707 Y98.293 E2436.23214
G1 X137.26 Y98.453 E2436.25608
G1 X137.821 Y98.497 E2436.27947
G1 X138.384 Y98.425 E2436.30307
G1 X138.916 Y98.239 E2436.3265
G1 X139.406 Y97.945 E2436.35026
G1 X139.613 Y97.772 E2436.36148
G1 X139.988 Y97.344 E2436.38513
G1 X140.268 Y96.855 E2436.40856
G1 X140.44 Y96.315 E2436.43212
G1 X140.498 Y95.748 E2436.45582
G1 X140.44 Y95.185 E2436.47935
G1 X140.268 Y94.645 E2436.50291
G1 X139.988 Y94.156 E2436.52634
G1 X139.611 Y93.726 E2436.55011
G1 X139.406 Y93.555 E2436.56121
G1 X138.916 Y93.261 E2436.58497
G1 X138.384 Y93.075 E2436.6084
G1 X137.821 Y93.003 E2436.632
G1 X137.26 Y93.047 E2436.65539
G1 X136.707 Y93.207 E2436.67933
G1 X136.463 Y93.322 E2436.69054
G1 X135.991 Y93.638 E2436.71416
G1 X135.589 Y94.051 E2436.73812
G1 X135.434 Y94.27 E2436.74927
G1 X135.176 Y94.78 E2436.77304
G1 X135.092 Y95.056 E2436.78503
G1 X135.004 Y95.618 E2436.80868
G1 X135.004 Y95.886 E2436.81982
M204 S5000
M205 X30 Y30
G0 F7200 X135.035 Y96.083
G1 F1500 E2430.31982
;MESH:NONMESH
G0 F600 X135.035 Y96.083 Z3.7
G0 F7200 X135.726 Y95.976
G0 X134.089 Y95.634
G0 X85.812 Y94.919
G0 X84.692 Y95.094
G0 X82.814 Y94.199
G0 X81.794 Y94.18
G0 X80.373 Y94.936
G1 F1500 E2436.81982
G0 F7200 X80.157 Y94.832
;TIME_ELAPSED:2289.547852
;LAYER:17
M204 S3000
M205 X20 Y20
;TYPE:WALL-INNER
;MESH:Pi Holder.stl
G1 F4718.3 X80.017 Y95.28 E2436.83645
G1 F4729.4 X79.964 Y95.752 E2436.85323
G1 X80.017 Y96.22 E2436.86988
G1 F4707.3 X80.157 Y96.668 E2436.88654
G1 F4729.4 X80.391 Y97.074 E2436.9031
G1 F4740.6 X80.862 Y97.568 E2436.92717
G1 X81.282 Y97.817 E2436.94438
G1 F4718.3 X81.724 Y97.97 E2436.96095
G1 F4740.6 X82.19 Y98.035 E2436.97754
G1 F4729.4 X82.656 Y97.994 E2436.99407
G1 F4718.3 X83.13 Y97.859 E2437.01153
G1 F4763 X83.712 Y97.506 E2437.03541
G1 X84.171 Y96.99 E2437.05964
G1 X84.437 Y96.459 E2437.08048
G1 X84.553 Y95.737 E2437.10614
G1 X84.395 Y94.953 E2437.13421
G1 X84.066 Y94.361 E2437.15797
G1 F4785.7 X83.712 Y93.994 E2437.17578
G1 F4774.3 X83.13 Y93.64 E2437.19963
G1 F4729.4 X82.656 Y93.507 E2437.21702
G1 F4740.6 X82.19 Y93.465 E2437.23352
G1 X81.724 Y93.53 E2437.25011
G1 F4718.3 X81.282 Y93.683 E2437.26668
G1 F4740.6 X80.862 Y93.932 E2437.28389
G1 F4751.8 X80.39 Y94.426 E2437.30792
G1 F4740.6 X80.157 Y94.832 E2437.32442
M204 S5000
M205 X30 Y30
G0 F7200 X80.373 Y94.936
G0 X80.266 Y96.455
G0 X80.488 Y96.352
M204 S3000
M205 X20 Y20
G1 F4808.6 X80.398 Y95.872 E2437.3414
G1 F4740.6 X80.439 Y95.36 E2437.35951
G1 F4718.3 X80.538 Y95.017 E2437.37215
G1 F4740.6 X80.75 Y94.648 E2437.38716
G1 X81.107 Y94.278 E2437.40528
G1 X81.506 Y94.045 E2437.42157
G1 F4718.3 X81.809 Y93.949 E2437.43283
G1 F4740.6 X82.207 Y93.887 E2437.44703
G1 X82.581 Y93.929 E2437.4603
G1 F4729.4 X82.962 Y94.029 E2437.47422
G1 F4774.3 X83.441 Y94.316 E2437.49377
G1 F4785.7 X83.722 Y94.605 E2437.50785
G1 F4774.3 X84.014 Y95.145 E2437.52934
G1 X84.123 Y95.748 E2437.55079
G1 F4785.7 X84.018 Y96.345 E2437.57196
G1 F4774.3 X83.818 Y96.756 E2437.58796
G1 F4797.1 X83.501 Y97.13 E2437.60504
G1 F4785.7 X82.962 Y97.472 E2437.62733
G1 F4718.3 X82.581 Y97.571 E2437.64127
G1 F4729.4 X82.207 Y97.613 E2437.65457
G1 F4797.1 X81.62 Y97.502 E2437.67539
G1 F4785.7 X81.052 Y97.181 E2437.69817
G1 F4740.6 X80.71 Y96.792 E2437.71643
G1 F4763 X80.488 Y96.352 E2437.73373
M204 S5000
M205 X30 Y30
G0 F7200 X80.85 Y95.793
M204 S3000
M205 X20 Y20
;TYPE:WALL-OUTER
G1 F2040 X80.928 Y95.278 E2437.75538
G1 X81.17 Y94.854 E2437.77568
G1 X81.374 Y94.654 E2437.78756
G1 X81.771 Y94.43 E2437.80651
G1 X82.27 Y94.347 E2437.82754
G1 X82.717 Y94.425 E2437.8464
G1 X83.121 Y94.65 E2437.86563
G1 X83.346 Y94.873 E2437.8788
G1 X83.573 Y95.28 E2437.89818
G1 X83.653 Y95.727 E2437.91705
G1 X83.576 Y96.209 E2437.93735
G1 X83.444 Y96.484 E2437.95003
G1 X83.131 Y96.843 E2437.96983
G1 X82.717 Y97.074 E2437.98954
G1 X82.27 Y97.153 E2438.00841
G1 X81.771 Y97.07 E2438.02945
G1 X81.332 Y96.812 E2438.05062
G1 X81.041 Y96.461 E2438.06957
G1 X80.925 Y96.212 E2438.08099
G1 X80.85 Y95.793 E2438.09869
M204 S5000
M205 X30 Y30
G0 F7200 X80.88 Y95.595
G0 X80.181 Y95.472
G0 X79.502 Y95.752
M204 S3000
M205 X20 Y20
G1 F2040 X79.56 Y96.315 E2438.12222
G1 X79.731 Y96.855 E2438.14577
G1 X80.012 Y97.344 E2438.16922
G1 X80.387 Y97.772 E2438.19287
G1 X80.594 Y97.945 E2438.20409
G1 X81.084 Y98.239 E2438.22785
G1 X81.616 Y98.424 E2438.25126
G1 X82.179 Y98.497 E2438.27487
G1 X82.74 Y98.453 E2438.29826
G1 X83.293 Y98.293 E2438.3222
G1 X83.537 Y98.178 E2438.33341
G1 X84.009 Y97.862 E2438.35703
G1 X84.41 Y97.449 E2438.38096
G1 X84.567 Y97.229 E2438.3922
G1 X84.823 Y96.72 E2438.41588
G1 X84.908 Y96.445 E2438.42785
G1 X84.996 Y95.882 E2438.45154
G1 X84.996 Y95.614 E2438.46268
G1 X84.908 Y95.056 E2438.48617
G1 X84.824 Y94.78 E2438.49816
G1 X84.565 Y94.269 E2438.52198
G1 X84.41 Y94.051 E2438.5331
G1 X84.008 Y93.639 E2438.55703
G1 X83.537 Y93.322 E2438.58064
G1 X83.293 Y93.207 E2438.59185
G1 X82.74 Y93.047 E2438.61579
G1 X82.179 Y93.003 E2438.63918
G1 X81.616 Y93.076 E2438.66279
G1 X81.084 Y93.261 E2438.6862
G1 X80.594 Y93.555 E2438.70996
G1 X80.387 Y93.728 E2438.72118
G1 X80.012 Y94.156 E2438.74483
G1 X79.732 Y94.645 E2438.76826
G1 X79.56 Y95.185 E2438.79182
G1 X79.502 Y95.752 E2438.81552
M204 S5000
M205 X30 Y30
G0 F7200 X79.522 Y95.951
G1 F1500 E2432.31552
G0 F7200 X80.219 Y95.881
G0 X81.177 Y98.039
G0 X80.804 Y99.11
G0 X80.803 Y111.391
G0 X81.177 Y112.461
G0 X80.373 Y113.936
G1 F1500 E2438.81552
G0 F7200 X80.157 Y113.832
M204 S3000
M205 X20 Y20
;TYPE:WALL-INNER
G1 F4718.3 X80.017 Y114.28 E2438.83214
G1 F4729.4 X79.964 Y114.752 E2438.84893
G1 X80.017 Y115.22 E2438.86557
G1 F4707.3 X80.157 Y115.668 E2438.88224
G1 F4729.4 X80.391 Y116.074 E2438.8988
G1 F4740.6 X80.862 Y116.568 E2438.92286
G1 X81.282 Y116.817 E2438.94008
G1 F4718.3 X81.724 Y116.97 E2438.95664
G1 F4740.6 X82.19 Y117.035 E2438.97323
G1 F4729.4 X82.656 Y116.994 E2438.98976
G1 F4718.3 X83.13 Y116.859 E2439.00722
G1 F4763 X83.712 Y116.506 E2439.03111
G1 X84.171 Y115.99 E2439.05534
G1 X84.437 Y115.459 E2439.07618
G1 X84.553 Y114.737 E2439.10184
G1 X84.395 Y113.953 E2439.1299
G1 X84.066 Y113.361 E2439.15367
G1 F4785.7 X83.712 Y112.994 E2439.17148
G1 F4774.3 X83.13 Y112.64 E2439.19532
G1 F4729.4 X82.656 Y112.507 E2439.21272
G1 F4740.6 X82.19 Y112.465 E2439.22922
G1 X81.724 Y112.53 E2439.2458
G1 F4718.3 X81.282 Y112.683 E2439.26237
G1 F4740.6 X80.862 Y112.932 E2439.27959
G1 F4751.8 X80.39 Y113.426 E2439.30362
G1 F4740.6 X80.157 Y113.832 E2439.32012
M204 S5000
M205 X30 Y30
G0 F7200 X80.373 Y113.936
G0 X80.266 Y115.455
G0 X80.488 Y115.352
M204 S3000
M205 X20 Y20
G1 F4808.6 X80.398 Y114.872 E2439.33709
G1 F4740.6 X80.439 Y114.36 E2439.3552
G1 F4718.3 X80.538 Y114.017 E2439.36785
G1 F4740.6 X80.75 Y113.648 E2439.38285
G1 X81.107 Y113.278 E2439.40098
G1 X81.506 Y113.045 E2439.41727
G1 F4718.3 X81.809 Y112.949 E2439.42853
G1 F4740.6 X82.207 Y112.887 E2439.44273
G1 X82.581 Y112.929 E2439.456
G1 F4729.4 X82.962 Y113.029 E2439.46992
G1 F4774.3 X83.441 Y113.316 E2439.48946
G1 F4785.7 X83.722 Y113.605 E2439.50354
G1 F4774.3 X84.014 Y114.145 E2439.52503
G1 X84.123 Y114.748 E2439.54648
G1 F4785.7 X84.018 Y115.345 E2439.56765
G1 F4774.3 X83.818 Y115.756 E2439.58365
G1 F4797.1 X83.501 Y116.13 E2439.60073
G1 F4785.7 X82.962 Y116.472 E2439.62303
G1 F4718.3 X82.581 Y116.571 E2439.63697
G1 F4729.4 X82.207 Y116.613 E2439.65027
G1 F4797.1 X81.62 Y116.502 E2439.67108
G1 F4785.7 X81.052 Y116.181 E2439.69387
G1 F4740.6 X80.71 Y115.792 E2439.71213
G1 F4763 X80.488 Y115.352 E2439.72942
M204 S5000
M205 X30 Y30
G0 F7200 X80.85 Y114.793
M204 S3000
M205 X20 Y20
;TYPE:WALL-OUTER
G1 F2040 X80.928 Y114.278 E2439.75108
G1 X81.17 Y113.854 E2439.77138
G1 X81.374 Y113.654 E2439.78325
G1 X81.771 Y113.43 E2439.8022
G1 X82.27 Y113.347 E2439.82324
G1 X82.717 Y113.425 E2439.8421
G1 X83.121 Y113.65 E2439.86133
G1 X83.346 Y113.873 E2439.8745
G1 X83.573 Y114.28 E2439.89387
G1 X83.653 Y114.727 E2439.91275
G1 X83.576 Y115.209 E2439.93304
G1 X83.444 Y115.484 E2439.94573
G1 X83.131 Y115.843 E2439.96553
G1 X82.717 Y116.074 E2439.98524
G1 X82.27 Y116.153 E2440.00411
G1 X81.771 Y116.07 E2440.02514
G1 X81.332 Y115.812 E2440.04631
G1 X81.041 Y115.461 E2440.06527
G1 X80.925 Y115.212 E2440.07669
G1 X80.85 Y114.793 E2440.09438
M204 S5000
M205 X30 Y30
G0 F7200 X80.88 Y114.595
G0 X80.181 Y114.472
G0 X79.502 Y114.752
M204 S3000
M205 X20 Y20
G1 F2040 X79.56 Y115.315 E2440.11792
G1 X79.731 Y115.855 E2440.14146
G1 X80.012 Y116.344 E2440.16491
G1 X80.387 Y116.772 E2440.18857
G1 X80.594 Y116.945 E2440.19979
G1 X81.084 Y117.239 E2440.22354
G1 X81.616 Y117.424 E2440.24696
G1 X82.179 Y117.497 E2440.27056
G1 X82.74 Y117.453 E2440.29396
G1 X83.293 Y117.293 E2440.31789
G1 X83.537 Y117.178 E2440.32911
G1 X84.009 Y116.862 E2440.35272
G1 X84.41 Y116.449 E2440.37666
G1 X84.567 Y116.229 E2440.38789
G1 X84.823 Y115.72 E2440.41158
G1 X84.908 Y115.445 E2440.42355
G1 X84.996 Y114.882 E2440.44724
G1 X84.996 Y114.614 E2440.45838
G1 X84.908 Y114.056 E2440.48187
G1 X84.824 Y113.78 E2440.49386
G1 X84.565 Y113.269 E2440.51768
G1 X84.41 Y113.051 E2440.5288
G1 X84.008 Y112.639 E2440.55273
G1 X83.537 Y112.322 E2440.57633
G1 X83.293 Y112.207 E2440.58755
G1 X82.74 Y112.047 E2440.61148
G1 X82.179 Y112.003 E2440.63488
G1 X81.616 Y112.076 E2440.65848
G1 X81.084 Y112.261 E2440.6819
G1 X80.594 Y112.555 E2440.70566
G1 X80.387 Y112.728 E2440.71687
G1 X80.012 Y113.156 E2440.74053
G1 X79.732 Y113.645 E2440.76396
G1 X79.56 Y114.185 E2440.78752
G1 X79.502 Y114.752 E2440.81122
M204 S5000
M205 X30 Y30
G0 F7200 X79.522 Y114.951
G1 F1500 E2434.31122
G0 F7200 X80.219 Y114.881
G0 X81.189 Y116.012
G0 X82.25 Y116.401
G0 X84.776 Y114.83
G0 X85.911 Y114.83
G0 X134.089 Y114.83
G0 X135.224 Y114.83
G1 F1500 E2440.81122
G0 F7200 X135.465 Y114.85
M204 S3000
M205 X20 Y20
;TYPE:WALL-INNER
G1 F4751.8 X135.606 Y115.547 E2440.83623
G1 X135.83 Y115.989 E2440.85366
G1 F4763 X136.288 Y116.506 E2440.87789
G1 F4774.3 X136.87 Y116.86 E2440.90174
G1 F4718.3 X137.344 Y116.994 E2440.91919
G1 F4729.4 X137.81 Y117.035 E2440.93572
G1 X138.276 Y116.971 E2440.95234
G1 F4707.3 X138.718 Y116.817 E2440.96896
G1 F4740.6 X139.138 Y116.568 E2440.98617
G1 X139.609 Y116.074 E2441.01024
G1 F4729.4 X139.843 Y115.668 E2441.0268
G1 F4718.3 X139.983 Y115.22 E2441.04342
G1 F4740.6 X140.035 Y114.748 E2441.06016
G1 X139.983 Y114.28 E2441.07677
G1 F4718.3 X139.843 Y113.832 E2441.09339
G1 F4740.6 X139.61 Y113.426 E2441.10989
G1 F4751.8 X139.138 Y112.932 E2441.13393
G1 F4740.6 X138.718 Y112.682 E2441.15116
G1 F4718.3 X138.276 Y112.53 E2441.16771
G1 F4740.6 X137.81 Y112.466 E2441.1843
G1 F4729.4 X137.344 Y112.506 E2441.20083
G1 F4718.3 X136.87 Y112.64 E2441.21827
G1 F4763 X136.288 Y112.994 E2441.24218
G1 X135.944 Y113.347 E2441.25947
G1 F4751.8 X135.606 Y113.953 E2441.28388
G1 F4763 X135.465 Y114.653 E2441.30894
G1 F4751.8 X135.465 Y114.85 E2441.31586
M204 S5000
M205 X30 Y30
G0 F7200 X135.703 Y114.83
G0 X136.072 Y113.485
G0 X136.278 Y113.605
M204 S3000
M205 X20 Y20
G1 F4763 X136.559 Y113.317 E2441.32998
G1 F4785.7 X137.09 Y112.998 E2441.35162
G1 F4808.6 X137.694 Y112.89 E2441.37294
G1 F4763 X138.19 Y112.949 E2441.39047
G1 F4740.6 X138.494 Y113.043 E2441.40169
G1 F4785.7 X138.937 Y113.312 E2441.41979
G1 F4774.3 X139.251 Y113.648 E2441.43589
G1 F4751.8 X139.462 Y114.017 E2441.45084
G1 F4718.3 X139.561 Y114.361 E2441.46352
G1 F4740.6 X139.614 Y114.748 E2441.47729
G1 F4820.1 X139.513 Y115.351 E2441.49849
G1 F4831.7 X139.333 Y115.742 E2441.51338
G1 F4808.6 X138.948 Y116.182 E2441.5337
G1 F4751.8 X138.522 Y116.44 E2441.55122
G1 F4740.6 X138.27 Y116.534 E2441.5607
G1 F4774.3 X137.793 Y116.613 E2441.57762
G1 F4729.4 X137.419 Y116.571 E2441.59092
G1 F4718.3 X137.038 Y116.471 E2441.60488
G1 F4774.3 X136.556 Y116.182 E2441.62455
G1 F4763 X136.182 Y115.756 E2441.64444
G1 F4751.8 X136 Y115.392 E2441.65875
G1 F4763 X135.896 Y114.871 E2441.6774
G1 X135.888 Y114.687 E2441.68386
G1 X135.999 Y114.105 E2441.70465
G1 F4751.8 X136.278 Y113.605 E2441.72479
M204 S5000
M205 X30 Y30
G0 F7200 X136.427 Y114.28
M204 S3000
M205 X20 Y20
;TYPE:WALL-OUTER
G1 F2040 X136.655 Y113.873 E2441.74418
G1 X136.857 Y113.668 E2441.75615
G1 X137.283 Y113.426 E2441.77652
G1 X137.73 Y113.347 E2441.79539
G1 X138.229 Y113.43 E2441.81642
G1 X138.611 Y113.643 E2441.83461
G1 X138.83 Y113.853 E2441.84722
G1 X139.073 Y114.277 E2441.86754
G1 X139.153 Y114.775 E2441.88851
G1 X139.076 Y115.212 E2441.90696
G1 X138.959 Y115.461 E2441.91839
G1 X138.652 Y115.827 E2441.93825
G1 X138.229 Y116.07 E2441.95854
G1 X137.73 Y116.153 E2441.97957
G1 X137.284 Y116.074 E2441.9984
G1 X136.829 Y115.809 E2442.02029
G1 X136.556 Y115.484 E2442.03794
G1 X136.43 Y115.226 E2442.04987
G1 X136.35 Y114.792 E2442.06822
G1 X136.427 Y114.28 E2442.08975
M204 S5000
M205 X30 Y30
G0 F7200 X136.524 Y114.106
G0 X135.917 Y113.753
G0 X135.703 Y114.83
G0 X135.004 Y114.886
M204 S3000
M205 X20 Y20
G1 F2040 X135.092 Y115.444 E2442.11323
G1 X135.176 Y115.72 E2442.12523
G1 X135.433 Y116.229 E2442.14893
G1 X135.59 Y116.449 E2442.16017
G1 X135.992 Y116.861 E2442.1841
G1 X136.463 Y117.178 E2442.20771
G1 X136.707 Y117.293 E2442.21892
G1 X137.26 Y117.453 E2442.24285
G1 X137.821 Y117.497 E2442.26625
G1 X138.384 Y117.425 E2442.28985
G1 X138.916 Y117.239 E2442.31328
G1 X139.406 Y116.945 E2442.33704
G1 X139.613 Y116.772 E2442.34825
G1 X139.988 Y116.344 E2442.37191
G1 X140.268 Y115.855 E2442.39534
G1 X140.44 Y115.315 E2442.4189
G1 X140.498 Y114.748 E2442.44259
G1 X140.44 Y114.185 E2442.46613
G1 X140.268 Y113.645 E2442.48969
G1 X139.988 Y113.156 E2442.51311
G1 X139.611 Y112.726 E2442.53689
G1 X139.406 Y112.555 E2442.54799
G1 X138.916 Y112.261 E2442.57175
G1 X138.384 Y112.075 E2442.59518
G1 X137.821 Y112.003 E2442.61877
G1 X137.26 Y112.047 E2442.64217
G1 X136.707 Y112.207 E2442.6661
G1 X136.463 Y112.322 E2442.67732
G1 X135.991 Y112.638 E2442.70093
G1 X135.589 Y113.051 E2442.7249
G1 X135.434 Y113.27 E2442.73605
G1 X135.176 Y113.78 E2442.75981
G1 X135.092 Y114.056 E2442.77181
G1 X135.004 Y114.618 E2442.79546
G1 X135.004 Y114.886 E2442.8066
M204 S5000
M205 X30 Y30
G0 F7200 X135.035 Y115.083
G1 F1500 E2436.3066
G0 F7200 X135.726 Y114.976
G0 X136.13 Y112.809
G0 X135.496 Y111.868
G0 X135.497 Y98.633
G0 X136.13 Y97.691
G0 X135.808 Y95.104
G1 F1500 E2442.8066
G0 F7200 X135.565 Y95.027
M204 S3000
M205 X20 Y20
;TYPE:WALL-INNER
G1 F4763 X135.465 Y95.669 E2442.8294
G1 F4751.8 X135.465 Y95.85 E2442.83576
G1 X135.606 Y96.547 E2442.86078
G1 X135.83 Y96.989 E2442.8782
G1 F4763 X136.288 Y97.506 E2442.90244
G1 F4774.3 X136.87 Y97.86 E2442.92629
G1 F4718.3 X137.344 Y97.994 E2442.94373
G1 F4729.4 X137.81 Y98.035 E2442.96027
G1 X138.276 Y97.971 E2442.97689
G1 F4707.3 X138.718 Y97.817 E2442.99351
G1 F4740.6 X139.138 Y97.568 E2443.01072
G1 X139.609 Y97.074 E2443.03479
G1 F4729.4 X139.843 Y96.668 E2443.05135
G1 F4718.3 X139.983 Y96.22 E2443.06797
G1 F4740.6 X140.035 Y95.748 E2443.08471
G1 X139.983 Y95.28 E2443.10131
G1 F4718.3 X139.843 Y94.832 E2443.11794
G1 F4740.6 X139.61 Y94.426 E2443.13444
G1 F4751.8 X139.138 Y93.932 E2443.15847
G1 F4740.6 X138.718 Y93.682 E2443.17571
G1 F4718.3 X138.276 Y93.53 E2443.19226
G1 F4740.6 X137.81 Y93.466 E2443.20885
G1 F4729.4 X137.344 Y93.506 E2443.22538
G1 F4718.3 X136.87 Y93.64 E2443.24282
G1 F4763 X136.288 Y93.994 E2443.26673
G1 X135.944 Y94.347 E2443.28402
G1 F4751.8 X135.565 Y95.027 E2443.3114
M204 S5000
M205 X30 Y30
G0 F7200 X136.278 Y94.605
M204 S3000
M205 X20 Y20
G1 F4763 X136.559 Y94.317 E2443.32552
G1 F4785.7 X137.09 Y93.998 E2443.34716
G1 F4808.6 X137.694 Y93.89 E2443.36848
G1 F4763 X138.19 Y93.949 E2443.38601
G1 F4740.6 X138.494 Y94.043 E2443.39723
G1 F4785.7 X138.937 Y94.312 E2443.41533
G1 F4774.3 X139.251 Y94.648 E2443.43143
G1 F4751.8 X139.462 Y95.017 E2443.44638
G1 F4718.3 X139.561 Y95.361 E2443.45906
G1 F4740.6 X139.614 Y95.748 E2443.47283
G1 F4820.1 X139.513 Y96.351 E2443.49403
G1 F4831.7 X139.333 Y96.742 E2443.50892
G1 F4808.6 X138.948 Y97.182 E2443.52924
G1 F4751.8 X138.522 Y97.44 E2443.54675
G1 F4740.6 X138.27 Y97.534 E2443.55624
G1 F4774.3 X137.793 Y97.613 E2443.57316
G1 F4729.4 X137.419 Y97.571 E2443.58646
G1 F4718.3 X137.038 Y97.471 E2443.60041
G1 F4774.3 X136.556 Y97.182 E2443.62009
G1 F4763 X136.182 Y96.756 E2443.63998
G1 F4751.8 X136 Y96.392 E2443.65429
G1 F4763 X135.896 Y95.871 E2443.67294
G1 X135.888 Y95.687 E2443.6794
G1 X135.999 Y95.105 E2443.70019
G1 F4751.8 X136.278 Y94.605 E2443.72033
M204 S5000
M205 X30 Y30
G0 F7200 X136.427 Y95.28
M204 S3000
M205 X20 Y20
;TYPE:WALL-OUTER
G1 F2040 X136.655 Y94.873 E2443.73972
G1 X136.857 Y94.668 E2443.75169
G1 X137.283 Y94.426 E2443.77206
G1 X137.73 Y94.347 E2443.79093
G1 X138.229 Y94.43 E2443.81196
G1 X138.611 Y94.643 E2443.83014
G1 X138.83 Y94.853 E2443.84276
G1 X139.073 Y95.277 E2443.86308
G1 X139.153 Y95.775 E2443.88405
G1 X139.076 Y96.212 E2443.90249
G1 X138.959 Y96.461 E2443.91393
G1 X138.652 Y96.827 E2443.93379
G1 X138.229 Y97.07 E2443.95408
G1 X137.73 Y97.153 E2443.97511
G1 X137.284 Y97.074 E2443.99394
G1 X136.829 Y96.809 E2444.01583
G1 X136.556 Y96.484 E2444.03348
G1 X136.43 Y96.226 E2444.04541
G1 X136.35 Y95.792 E2444.06376
G1 X136.427 Y95.28 E2444.08529
M204 S5000
M205 X30 Y30
G0 F7200 X136.524 Y95.106
G0 X135.917 Y94.753
G0 X135.703 Y95.83
G0 X135.004 Y95.886
M204 S3000
M205 X20 Y20
G1 F2040 X135.092 Y96.444 E2444.10877
G1 X135.176 Y96.72 E2444.12077
G1 X135.433 Y97.229 E2444.14447
G1 X135.59 Y97.449 E2444.15571
G1 X135.992 Y97.861 E2444.17964
G1 X136.463 Y98.178 E2444.20324
G1 X136.707 Y98.293 E2444.21446
G1 X137.26 Y98.453 E2444.23839
G1 X137.821 Y98.497 E2444.26179
G1 X138.384 Y98.425 E2444.28539
G1 X138.916 Y98.239 E2444.30882
G1 X139.406 Y97.945 E2444.33257
G1 X139.613 Y97.772 E2444.34379
G1 X139.988 Y97.344 E2444.36745
G1 X140.268 Y96.855 E2444.39088
G1 X140.44 Y96.315 E2444.41444
G1 X140.498 Y95.748 E2444.43813
G1 X140.44 Y95.185 E2444.46166
G1 X140.268 Y94.645 E2444.48523
G1 X139.988 Y94.156 E2444.50865
G1 X139.611 Y93.726 E2444.53243
G1 X139.406 Y93.555 E2444.54353
G1 X138.916 Y93.261 E2444.56729
G1 X138.384 Y93.075 E2444.59072
G1 X137.821 Y93.003 E2444.61431
G1 X137.26 Y93.047 E2444.63771
G1 X136.707 Y93.207 E2444.66164
G1 X136.463 Y93.322 E2444.67286
G1 X135.991 Y93.638 E2444.69647
G1 X135.589 Y94.051 E2444.72043
G1 X135.434 Y94.27 E2444.73159
G1 X135.176 Y94.78 E2444.75535
G1 X135.092 Y95.056 E2444.76735
G1 X135.004 Y95.618 E2444.791
G1 X135.004 Y95.669 E2444.79312
G1 X135.004 Y95.886 E2444.80214
M204 S5000
M205 X30 Y30
G0 F7200 X135.035 Y96.083
G1 F1500 E2438.30214
;MESH:NONMESH
G0 F600 X135.035 Y96.083 Z3.9
G0 F7200 X135.726 Y95.976
G0 X134.089 Y95.634
G0 X85.812 Y94.919
G0 X84.692 Y95.094
G0 X82.814 Y94.199
G0 X81.794 Y94.18
G0 X80.373 Y94.936
G1 F1500 E2444.80214
G0 F7200 X80.157 Y94.832
;TIME_ELAPSED:2298.258669
;LAYER:18
M204 S3000
M205 X20 Y20
;TYPE:WALL-INNER
;MESH:Pi Holder.stl
G1 F4718.3 X80.017 Y95.28 E2444.81876
G1 F4729.4 X79.964 Y95.752 E2444.83555
G1 X80.017 Y96.22 E2444.85219
G1 F4707.3 X80.157 Y96.668 E2444.86886
G1 F4729.4 X80.391 Y97.074 E2444.88542
G1 F4740.6 X80.862 Y97.568 E2444.90948
G1 X81.282 Y97.817 E2444.9267
G1 F4718.3 X81.724 Y97.97 E2444.94326
G1 F4740.6 X82.19 Y98.035 E2444.95985
G1 F4729.4 X82.656 Y97.994 E2444.97638
G1 F4718.3 X83.13 Y97.859 E2444.99384
G1 F4763 X83.712 Y97.506 E2445.01773
G1 X84.171 Y96.99 E2445.04196
G1 X84.437 Y96.459 E2445.0628
G1 X84.553 Y95.737 E2445.08846
G1 X84.395 Y94.953 E2445.11652
G1 X84.066 Y94.361 E2445.14029
G1 F4785.7 X83.712 Y93.994 E2445.15809
G1 F4774.3 X83.13 Y93.64 E2445.18194
G1 F4729.4 X82.656 Y93.507 E2445.19934
G1 F4740.6 X82.19 Y93.465 E2445.21583
G1 X81.724 Y93.53 E2445.23242
G1 F4718.3 X81.282 Y93.683 E2445.24899
G1 F4740.6 X80.862 Y93.932 E2445.2662
G1 F4751.8 X80.39 Y94.426 E2445.29024
G1 F4740.6 X80.157 Y94.832 E2445.30674
M204 S5000
M205 X30 Y30
G0 F7200 X80.373 Y94.936
G0 X80.266 Y96.455
G0 X80.488 Y96.352
M204 S3000
M205 X20 Y20
G1 F4808.6 X80.398 Y95.872 E2445.32371
G1 F4740.6 X80.439 Y95.36 E2445.34182
G1 F4718.3 X80.538 Y95.017 E2445.35447
G1 F4740.6 X80.75 Y94.648 E2445.36947
G1 X81.107 Y94.278 E2445.3876
G1 X81.506 Y94.045 E2445.40389
G1 F4718.3 X81.809 Y93.949 E2445.41515
G1 F4740.6 X82.207 Y93.887 E2445.42935
G1 X82.581 Y93.929 E2445.44262
G1 F4729.4 X82.962 Y94.029 E2445.45654
G1 F4774.3 X83.441 Y94.316 E2445.47608
G1 F4785.7 X83.722 Y94.605 E2445.49016
G1 F4774.3 X84.014 Y95.145 E2445.51165
G1 X84.123 Y95.748 E2445.5331
G1 F4785.7 X84.018 Y96.345 E2445.55427
G1 F4774.3 X83.818 Y96.756 E2445.57027
G1 F4797.1 X83.501 Y97.13 E2445.58735
G1 F4785.7 X82.962 Y97.472 E2445.60965
G1 F4718.3 X82.581 Y97.571 E2445.62359
G1 F4729.4 X82.207 Y97.613 E2445.63689
G1 F4797.1 X81.62 Y97.502 E2445.6577
G1 F4785.7 X81.052 Y97.181 E2445.68049
G1 F4740.6 X80.71 Y96.792 E2445.69875
G1 F4763 X80.488 Y96.352 E2445.71604
M204 S5000
M205 X30 Y30
G0 F7200 X80.85 Y95.793
M204 S3000
M205 X20 Y20
;TYPE:WALL-OUTER
G1 F2040 X80.928 Y95.278 E2445.7377
G1 X81.17 Y94.854 E2445.75799
G1 X81.374 Y94.654 E2445.76987
G1 X81.771 Y94.43 E2445.78882
G1 X82.27 Y94.347 E2445.80985
G1 X82.717 Y94.425 E2445.82872
G1 X83.121 Y94.65 E2445.84794
G1 X83.346 Y94.873 E2445.86112
G1 X83.573 Y95.28 E2445.88049
G1 X83.653 Y95.727 E2445.89937
G1 X83.576 Y96.209 E2445.91966
G1 X83.444 Y96.484 E2445.93235
G1 X83.131 Y96.843 E2445.95215
G1 X82.717 Y97.074 E2445.97186
G1 X82.27 Y97.153 E2445.99073
G1 X81.771 Y97.07 E2446.01176
G1 X81.332 Y96.812 E2446.03293
G1 X81.041 Y96.461 E2446.05189
G1 X80.925 Y96.212 E2446.06331
G1 X80.85 Y95.793 E2446.081
M204 S5000
M205 X30 Y30
G0 F7200 X80.88 Y95.595
G0 X80.181 Y95.472
G0 X79.502 Y95.752
M204 S3000
M205 X20 Y20
G1 F2040 X79.56 Y96.315 E2446.10453
G1 X79.731 Y96.855 E2446.12808
G1 X80.012 Y97.344 E2446.15153
G1 X80.387 Y97.772 E2446.17519
G1 X80.594 Y97.945 E2446.18641
G1 X81.084 Y98.239 E2446.21016
G1 X81.616 Y98.424 E2446.23358
G1 X82.179 Y98.497 E2446.25718
G1 X82.74 Y98.453 E2446.28058
G1 X83.293 Y98.293 E2446.30451
G1 X83.537 Y98.178 E2446.31573
G1 X84.009 Y97.862 E2446.33934
G1 X84.41 Y97.449 E2446.36327
G1 X84.567 Y97.229 E2446.37451
G1 X84.823 Y96.72 E2446.3982
G1 X84.908 Y96.445 E2446.41017
G1 X84.996 Y95.882 E2446.43386
G1 X84.996 Y95.614 E2446.445
G1 X84.908 Y95.056 E2446.46848
G1 X84.824 Y94.78 E2446.48048
G1 X84.565 Y94.269 E2446.5043
G1 X84.41 Y94.051 E2446.51542
G1 X84.008 Y93.639 E2446.53935
G1 X83.537 Y93.322 E2446.56295
G1 X83.293 Y93.207 E2446.57417
G1 X82.74 Y93.047 E2446.5981
G1 X82.179 Y93.003 E2446.6215
G1 X81.616 Y93.076 E2446.6451
G1 X81.084 Y93.261 E2446.66852
G1 X80.594 Y93.555 E2446.69227
G1 X80.387 Y93.728 E2446.70349
G1 X80.012 Y94.156 E2446.72715
G1 X79.732 Y94.645 E2446.75058
G1 X79.56 Y95.185 E2446.77414
G1 X79.502 Y95.752 E2446.79783
M204 S5000
M205 X30 Y30
G0 F7200 X79.522 Y95.951
G1 F1500 E2440.29783
G0 F7200 X80.219 Y95.881
G0 X81.177 Y98.039
G0 X80.804 Y99.11
G0 X80.803 Y111.391
G0 X81.177 Y112.461
G0 X80.373 Y113.936
G1 F1500 E2446.79783
G0 F7200 X80.157 Y113.832
M204 S3000
M205 X20 Y20
;TYPE:WALL-INNER
G1 F4718.3 X80.017 Y114.28 E2446.81446
G1 F4729.4 X79.964 Y114.752 E2446.83124
G1 X80.017 Y115.22 E2446.84789
G1 F4707.3 X80.157 Y115.668 E2446.86455
G1 F4729.4 X80.391 Y116.074 E2446.88111
G1 F4740.6 X80.862 Y116.568 E2446.90518
G1 X81.282 Y116.817 E2446.92239
G1 F4718.3 X81.724 Y116.97 E2446.93896
G1 F4740.6 X82.19 Y117.035 E2446.95555
G1 F4729.4 X82.656 Y116.994 E2446.97208
G1 F4718.3 X83.13 Y116.859 E2446.98954
G1 F4763 X83.712 Y116.506 E2447.01342
G1 X84.171 Y115.99 E2447.03766
G1 X84.437 Y115.459 E2447.05849
G1 X84.553 Y114.737 E2447.08415
G1 X84.395 Y113.953 E2447.11222
G1 X84.066 Y113.361 E2447.13598
G1 F4785.7 X83.712 Y112.994 E2447.15379
G1 F4774.3 X83.13 Y112.64 E2447.17764
G1 F4729.4 X82.656 Y112.507 E2447.19503
G1 F4740.6 X82.19 Y112.465 E2447.21153
G1 X81.724 Y112.53 E2447.22812
G1 F4718.3 X81.282 Y112.683 E2447.24469
G1 F4740.6 X80.862 Y112.932 E2447.2619
G1 F4751.8 X80.39 Y113.426 E2447.28593
G1 F4740.6 X80.157 Y113.832 E2447.30244
M204 S5000
M205 X30 Y30
G0 F7200 X80.373 Y113.936
G0 X80.391 Y114.824
M204 S3000
M205 X20 Y20
G1 F4797.1 X80.391 Y114.677 E2447.30756
G1 F4808.6 X80.491 Y114.138 E2447.32661
G1 F4774.3 X80.75 Y113.648 E2447.34601
G1 F4740.6 X81.107 Y113.278 E2447.36414
G1 X81.506 Y113.045 E2447.38043
G1 F4718.3 X81.809 Y112.949 E2447.39169
G1 F4740.6 X82.207 Y112.887 E2447.40589
G1 X82.581 Y112.929 E2447.41916
G1 F4729.4 X82.962 Y113.029 E2447.43308
G1 F4774.3 X83.441 Y113.316 E2447.45262
G1 F4785.7 X83.722 Y113.605 E2447.4667
G1 F4774.3 X84.014 Y114.145 E2447.48819
G1 X84.123 Y114.748 E2447.50964
G1 F4785.7 X84.018 Y115.345 E2447.53081
G1 F4774.3 X83.818 Y115.756 E2447.54681
G1 F4797.1 X83.501 Y116.13 E2447.56389
G1 F4785.7 X82.962 Y116.472 E2447.58619
G1 F4718.3 X82.581 Y116.571 E2447.60013
G1 F4729.4 X82.207 Y116.613 E2447.61343
G1 F4797.1 X81.62 Y116.502 E2447.63424
G1 F4785.7 X81.052 Y116.181 E2447.65703
G1 F4740.6 X80.71 Y115.792 E2447.67529
G1 F4763 X80.488 Y115.352 E2447.69258
G1 F4808.6 X80.391 Y114.824 E2447.71124
M204 S5000
M205 X30 Y30
G0 F7200 X80.928 Y114.278
M204 S3000
M205 X20 Y20
;TYPE:WALL-OUTER
G1 F2040 X81.17 Y113.854 E2447.73154
G1 X81.374 Y113.654 E2447.74342
G1 X81.771 Y113.43 E2447.76237
G1 X82.27 Y113.347 E2447.7834
G1 X82.717 Y113.425 E2447.80226
G1 X83.121 Y113.65 E2447.82149
G1 X83.346 Y113.873 E2447.83466
G1 X83.573 Y114.28 E2447.85403
G1 X83.653 Y114.727 E2447.87291
G1 X83.576 Y115.209 E2447.89321
G1 X83.444 Y115.484 E2447.90589
G1 X83.131 Y115.843 E2447.92569
G1 X82.717 Y116.074 E2447.9454
G1 X82.27 Y116.153 E2447.96427
G1 X81.771 Y116.07 E2447.9853
G1 X81.332 Y115.812 E2448.00647
G1 X81.041 Y115.461 E2448.02543
G1 X80.925 Y115.212 E2448.03685
G1 X80.848 Y114.776 E2448.05526
G1 X80.928 Y114.278 E2448.07623
M204 S5000
M205 X30 Y30
G0 F7200 X81.027 Y114.105
G0 X80.418 Y113.751
G0 X80.205 Y114.75
G0 X79.502 Y114.752
M204 S3000
M205 X20 Y20
G1 F2040 X79.56 Y115.315 E2448.09976
G1 X79.731 Y115.855 E2448.12331
G1 X80.012 Y116.344 E2448.14676
G1 X80.387 Y116.772 E2448.17041
G1 X80.594 Y116.945 E2448.18163
G1 X81.084 Y117.239 E2448.20539
G1 X81.616 Y117.424 E2448.2288
G1 X82.179 Y117.497 E2448.25241
G1 X82.74 Y117.453 E2448.2758
G1 X83.293 Y117.293 E2448.29974
G1 X83.537 Y117.178 E2448.31095
G1 X84.009 Y116.862 E2448.33457
G1 X84.41 Y116.449 E2448.3585
G1 X84.567 Y116.229 E2448.36974
G1 X84.823 Y115.72 E2448.39342
G1 X84.908 Y115.445 E2448.40539
G1 X84.996 Y114.882 E2448.42908
G1 X84.996 Y114.614 E2448.44022
G1 X84.908 Y114.056 E2448.46371
G1 X84.824 Y113.78 E2448.4757
G1 X84.565 Y113.269 E2448.49952
G1 X84.41 Y113.051 E2448.51064
G1 X84.008 Y112.639 E2448.53457
G1 X83.537 Y112.322 E2448.55818
G1 X83.293 Y112.207 E2448.56939
G1 X82.74 Y112.047 E2448.59333
G1 X82.179 Y112.003 E2448.61672
G1 X81.616 Y112.076 E2448.64032
G1 X81.084 Y112.261 E2448.66374
G1 X80.594 Y112.555 E2448.6875
G1 X80.387 Y112.728 E2448.69872
G1 X80.012 Y113.156 E2448.72237
G1 X79.732 Y113.645 E2448.7458
G1 X79.56 Y114.185 E2448.76936
G1 X79.502 Y114.752 E2448.79306
M204 S5000
M205 X30 Y30
G0 F7200 X79.522 Y114.951
G1 F1500 E2442.29306
G0 F7200 X80.219 Y114.881
G0 X81.189 Y116.012
G0 X82.25 Y116.401
G0 X83.216 Y116.067
G0 X84.777 Y114.634
G0 X85.911 Y114.634
G0 X134.089 Y114.634
G0 X135.223 Y114.634
G1 F1500 E2448.79306
G0 F7200 X135.561 Y114.034
M204 S3000
M205 X20 Y20
;TYPE:WALL-INNER
G1 F4763 X135.465 Y114.749 E2448.81837
G1 F4751.8 X135.544 Y115.34 E2448.83934
G1 F4740.6 X135.606 Y115.547 E2448.84696
G1 F4751.8 X135.83 Y115.989 E2448.86439
G1 F4763 X136.288 Y116.506 E2448.88863
G1 F4774.3 X136.87 Y116.86 E2448.91247
G1 F4718.3 X137.344 Y116.994 E2448.92992
G1 F4729.4 X137.81 Y117.035 E2448.94645
G1 X138.276 Y116.971 E2448.96308
G1 F4707.3 X138.718 Y116.817 E2448.97969
G1 F4740.6 X139.138 Y116.568 E2448.99691
G1 X139.609 Y116.074 E2449.02097
G1 F4729.4 X139.843 Y115.668 E2449.03753
G1 F4718.3 X139.983 Y115.22 E2449.05416
G1 F4740.6 X140.035 Y114.748 E2449.0709
G1 X139.983 Y114.28 E2449.0875
G1 F4718.3 X139.843 Y113.832 E2449.10413
G1 F4740.6 X139.61 Y113.426 E2449.12063
G1 F4751.8 X139.138 Y112.932 E2449.14466
G1 F4740.6 X138.718 Y112.682 E2449.16189
G1 F4718.3 X138.276 Y112.53 E2449.17845
G1 F4740.6 X137.81 Y112.466 E2449.19503
G1 F4729.4 X137.344 Y112.506 E2449.21156
G1 F4718.3 X136.87 Y112.64 E2449.22901
G1 F4763 X136.288 Y112.994 E2449.25291
G1 X135.944 Y113.347 E2449.27021
G1 F4751.8 X135.561 Y114.034 E2449.29787
M204 S5000
M205 X30 Y30
G0 F7200 X136.278 Y113.605
M204 S3000
M205 X20 Y20
G1 F4763 X136.559 Y113.317 E2449.31199
G1 F4785.7 X137.09 Y112.998 E2449.33363
G1 F4808.6 X137.694 Y112.89 E2449.35495
G1 F4763 X138.19 Y112.949 E2449.37248
G1 F4740.6 X138.494 Y113.043 E2449.3837
G1 F4785.7 X138.937 Y113.312 E2449.4018
G1 F4774.3 X139.251 Y113.648 E2449.4179
G1 F4751.8 X139.462 Y114.017 E2449.43285
G1 F4718.3 X139.561 Y114.361 E2449.44553
G1 F4740.6 X139.614 Y114.748 E2449.4593
G1 F4820.1 X139.513 Y115.351 E2449.4805
G1 F4831.7 X139.333 Y115.742 E2449.49539
G1 F4808.6 X138.948 Y116.182 E2449.51571
G1 F4751.8 X138.522 Y116.44 E2449.53323
G1 F4740.6 X138.27 Y116.534 E2449.54271
G1 F4774.3 X137.793 Y116.613 E2449.55963
G1 F4729.4 X137.419 Y116.571 E2449.57293
G1 F4718.3 X137.038 Y116.471 E2449.58689
G1 F4774.3 X136.556 Y116.182 E2449.60656
G1 F4763 X136.182 Y115.756 E2449.62645
G1 F4751.8 X136 Y115.392 E2449.64076
G1 F4763 X135.896 Y114.871 E2449.65941
G1 X135.888 Y114.687 E2449.66587
G1 X135.999 Y114.105 E2449.68666
G1 F4751.8 X136.278 Y113.605 E2449.7068
M204 S5000
M205 X30 Y30
G0 F7200 X136.427 Y114.28
M204 S3000
M205 X20 Y20
;TYPE:WALL-OUTER
G1 F2040 X136.655 Y113.873 E2449.72619
G1 X136.857 Y113.668 E2449.73816
G1 X137.283 Y113.426 E2449.75853
G1 X137.73 Y113.347 E2449.7774
G1 X138.229 Y113.43 E2449.79843
G1 X138.611 Y113.643 E2449.81662
G1 X138.83 Y113.853 E2449.82923
G1 X139.073 Y114.277 E2449.84955
G1 X139.153 Y114.775 E2449.87052
G1 X139.076 Y115.212 E2449.88897
G1 X138.959 Y115.461 E2449.9004
G1 X138.652 Y115.827 E2449.92026
G1 X138.229 Y116.07 E2449.94055
G1 X137.73 Y116.153 E2449.96158
G1 X137.284 Y116.074 E2449.98041
G1 X136.829 Y115.809 E2450.0023
G1 X136.556 Y115.484 E2450.01995
G1 X136.43 Y115.226 E2450.03188
G1 X136.35 Y114.792 E2450.05023
G1 X136.427 Y114.28 E2450.07176
M204 S5000
M205 X30 Y30
G0 F7200 X136.524 Y114.106
G0 X135.917 Y113.753
G0 X135.703 Y114.83
G0 X135.004 Y114.886
M204 S3000
M205 X20 Y20
G1 F2040 X135.092 Y115.444 E2450.09524
G1 X135.176 Y115.72 E2450.10724
G1 X135.433 Y116.229 E2450.13094
G1 X135.59 Y116.449 E2450.14218
G1 X135.992 Y116.861 E2450.16611
G1 X136.463 Y117.178 E2450.18972
G1 X136.707 Y117.293 E2450.20093
G1 X137.26 Y117.453 E2450.22486
G1 X137.821 Y117.497 E2450.24826
G1 X138.384 Y117.425 E2450.27186
G1 X138.916 Y117.239 E2450.29529
G1 X139.406 Y116.945 E2450.31905
G1 X139.613 Y116.772 E2450.33026
G1 X139.988 Y116.344 E2450.35392
G1 X140.268 Y115.855 E2450.37735
G1 X140.44 Y115.315 E2450.40091
G1 X140.498 Y114.748 E2450.4246
G1 X140.44 Y114.185 E2450.44814
G1 X140.268 Y113.645 E2450.4717
G1 X139.988 Y113.156 E2450.49512
G1 X139.611 Y112.726 E2450.5189
G1 X139.406 Y112.555 E2450.53
G1 X138.916 Y112.261 E2450.55376
G1 X138.384 Y112.075 E2450.57719
G1 X137.821 Y112.003 E2450.60078
G1 X137.26 Y112.047 E2450.62418
G1 X136.707 Y112.207 E2450.64811
G1 X136.463 Y112.322 E2450.65933
G1 X135.991 Y112.638 E2450.68294
G1 X135.589 Y113.051 E2450.70691
G1 X135.434 Y113.27 E2450.71806
G1 X135.176 Y113.78 E2450.74182
G1 X135.092 Y114.056 E2450.75382
G1 X135.004 Y114.618 E2450.77747
G1 X135.004 Y114.749 E2450.78291
G1 X135.004 Y114.886 E2450.78861
M204 S5000
M205 X30 Y30
G0 F7200 X135.035 Y115.083
G1 F1500 E2444.28861
G0 F7200 X135.726 Y114.976
G0 X136.13 Y112.809
G0 X135.496 Y111.868
G0 X135.497 Y98.633
G0 X136.13 Y97.691
G0 X135.703 Y95.83
G1 F1500 E2450.78861
G0 F7200 X135.465 Y95.85
M204 S3000
M205 X20 Y20
;TYPE:WALL-INNER
G1 F4751.8 X135.606 Y96.547 E2450.81362
G1 X135.83 Y96.989 E2450.83105
G1 F4763 X136.288 Y97.506 E2450.85528
G1 F4774.3 X136.87 Y97.86 E2450.87913
G1 F4718.3 X137.344 Y97.994 E2450.89658
G1 F4729.4 X137.81 Y98.035 E2450.91311
G1 X138.276 Y97.971 E2450.92973
G1 F4707.3 X138.718 Y97.817 E2450.94635
G1 F4740.6 X139.138 Y97.568 E2450.96357
G1 X139.609 Y97.074 E2450.98763
G1 F4729.4 X139.843 Y96.668 E2451.00419
G1 F4718.3 X139.983 Y96.22 E2451.02082
G1 F4740.6 X140.035 Y95.748 E2451.03756
G1 X139.983 Y95.28 E2451.05416
G1 F4718.3 X139.843 Y94.832 E2451.07078
G1 F4740.6 X139.61 Y94.426 E2451.08729
G1 F4751.8 X139.138 Y93.932 E2451.11132
G1 F4740.6 X138.718 Y93.682 E2451.12855
G1 F4718.3 X138.276 Y93.53 E2451.14511
G1 F4740.6 X137.81 Y93.466 E2451.16169
G1 F4729.4 X137.344 Y93.506 E2451.17822
G1 F4718.3 X136.87 Y93.64 E2451.19567
G1 F4763 X136.288 Y93.994 E2451.21957
G1 X135.944 Y94.347 E2451.23687
G1 F4751.8 X135.606 Y94.953 E2451.26127
G1 F4763 X135.465 Y95.653 E2451.28633
G1 F4751.8 X135.465 Y95.85 E2451.29326
M204 S5000
M205 X30 Y30
G0 F7200 X135.703 Y95.83
G0 X136.072 Y94.485
G0 X136.278 Y94.605
M204 S3000
M205 X20 Y20
G1 F4763 X136.559 Y94.317 E2451.30738
G1 F4785.7 X137.09 Y93.998 E2451.32901
G1 F4808.6 X137.694 Y93.89 E2451.35034
G1 F4763 X138.19 Y93.949 E2451.36786
G1 F4740.6 X138.494 Y94.043 E2451.37908
G1 F4785.7 X138.937 Y94.312 E2451.39718
G1 F4774.3 X139.251 Y94.648 E2451.41328
G1 F4751.8 X139.462 Y95.017 E2451.42823
G1 F4718.3 X139.561 Y95.361 E2451.44091
G1 F4740.6 X139.614 Y95.748 E2451.45468
G1 F4820.1 X139.513 Y96.351 E2451.47588
G1 F4831.7 X139.333 Y96.742 E2451.49077
G1 F4808.6 X138.948 Y97.182 E2451.51109
G1 F4751.8 X138.522 Y97.44 E2451.52861
G1 F4740.6 X138.27 Y97.534 E2451.53809
G1 F4774.3 X137.793 Y97.613 E2451.55502
G1 F4729.4 X137.419 Y97.571 E2451.56832
G1 F4718.3 X137.038 Y97.471 E2451.58227
G1 F4774.3 X136.556 Y97.182 E2451.60194
G1 F4763 X136.182 Y96.756 E2451.62183
G1 F4751.8 X136 Y96.392 E2451.63615
G1 F4763 X135.896 Y95.871 E2451.65479
G1 X135.888 Y95.687 E2451.66125
G1 X135.999 Y95.105 E2451.68204
G1 F4751.8 X136.278 Y94.605 E2451.70218
M204 S5000
M205 X30 Y30
G0 F7200 X136.427 Y95.28
M204 S3000
M205 X20 Y20
;TYPE:WALL-OUTER
G1 F2040 X136.655 Y94.873 E2451.72158
G1 X136.857 Y94.668 E2451.73354
G1 X137.283 Y94.426 E2451.75391
G1 X137.73 Y94.347 E2451.77278
G1 X138.229 Y94.43 E2451.79381
G1 X138.611 Y94.643 E2451.812
G1 X138.83 Y94.853 E2451.82461
G1 X139.073 Y95.277 E2451.84493
G1 X139.153 Y95.775 E2451.8659
G1 X139.076 Y96.212 E2451.88435
G1 X138.959 Y96.461 E2451.89579
G1 X138.652 Y96.827 E2451.91565
G1 X138.229 Y97.07 E2451.93593
G1 X137.73 Y97.153 E2451.95696
G1 X137.284 Y97.074 E2451.97579
G1 X136.829 Y96.809 E2451.99768
G1 X136.556 Y96.484 E2452.01533
G1 X136.43 Y96.226 E2452.02727
G1 X136.35 Y95.792 E2452.04561
G1 X136.427 Y95.28 E2452.06714
M204 S5000
M205 X30 Y30
G0 F7200 X136.524 Y95.106
G0 X135.917 Y94.753
G0 X135.703 Y95.83
G0 X135.004 Y95.886
M204 S3000
M205 X20 Y20
G1 F2040 X135.092 Y96.444 E2452.09063
G1 X135.176 Y96.72 E2452.10262
G1 X135.433 Y97.229 E2452.12633
G1 X135.59 Y97.449 E2452.13756
G1 X135.992 Y97.861 E2452.16149
G1 X136.463 Y98.178 E2452.1851
G1 X136.707 Y98.293 E2452.19631
G1 X137.26 Y98.453 E2452.22025
G1 X137.821 Y98.497 E2452.24364
G1 X138.384 Y98.425 E2452.26724
G1 X138.916 Y98.239 E2452.29067
G1 X139.406 Y97.945 E2452.31443
G1 X139.613 Y97.772 E2452.32564
G1 X139.988 Y97.344 E2452.3493
G1 X140.268 Y96.855 E2452.37273
G1 X140.44 Y96.315 E2452.39629
G1 X140.498 Y95.748 E2452.41999
G1 X140.44 Y95.185 E2452.44352
G1 X140.268 Y94.645 E2452.46708
G1 X139.988 Y94.156 E2452.49051
G1 X139.611 Y93.726 E2452.51428
G1 X139.406 Y93.555 E2452.52538
G1 X138.916 Y93.261 E2452.54914
G1 X138.384 Y93.075 E2452.57257
G1 X137.821 Y93.003 E2452.59617
G1 X137.26 Y93.047 E2452.61956
G1 X136.707 Y93.207 E2452.6435
G1 X136.463 Y93.322 E2452.65471
G1 X135.991 Y93.638 E2452.67833
G1 X135.589 Y94.051 E2452.70229
G1 X135.434 Y94.27 E2452.71344
G1 X135.176 Y94.78 E2452.7372
G1 X135.092 Y95.056 E2452.7492
G1 X135.004 Y95.618 E2452.77285
G1 X135.004 Y95.886 E2452.78399
M204 S5000
M205 X30 Y30
G0 F7200 X135.035 Y96.083
G1 F1500 E2446.28399
;MESH:NONMESH
G0 F600 X135.035 Y96.083 Z4.1
G0 F7200 X135.726 Y95.976
G0 X134.089 Y95.634
G0 X85.812 Y94.919
G0 X84.692 Y95.094
G0 X82.814 Y94.199
G0 X81.794 Y94.18
G0 X80.373 Y94.936
G1 F1500 E2452.78399
G0 F7200 X80.157 Y94.832
;TIME_ELAPSED:2306.992620
;LAYER:19
M204 S3000
M205 X20 Y20
;TYPE:WALL-INNER
;MESH:Pi Holder.stl
G1 F4718.3 X80.017 Y95.28 E2452.80062
G1 F4729.4 X79.964 Y95.752 E2452.8174
G1 X80.017 Y96.22 E2452.83405
G1 F4707.3 X80.157 Y96.668 E2452.85071
G1 F4729.4 X80.391 Y97.074 E2452.86727
G1 F4740.6 X80.862 Y97.568 E2452.89134
G1 X81.282 Y97.817 E2452.90855
G1 F4718.3 X81.724 Y97.97 E2452.92512
G1 F4740.6 X82.19 Y98.035 E2452.94171
G1 F4729.4 X82.656 Y97.994 E2452.95824
G1 F4718.3 X83.13 Y97.859 E2452.97569
G1 F4763 X83.712 Y97.506 E2452.99958
G1 X84.171 Y96.99 E2453.02381
G1 X84.437 Y96.459 E2453.04465
G1 X84.553 Y95.737 E2453.07031
G1 X84.395 Y94.953 E2453.09838
G1 X84.066 Y94.361 E2453.12214
G1 F4785.7 X83.712 Y93.994 E2453.13995
G1 F4774.3 X83.13 Y93.64 E2453.16379
G1 F4729.4 X82.656 Y93.507 E2453.18119
G1 F4740.6 X82.19 Y93.465 E2453.19769
G1 X81.724 Y93.53 E2453.21428
G1 F4718.3 X81.282 Y93.683 E2453.23084
G1 F4740.6 X80.862 Y93.932 E2453.24806
G1 F4751.8 X80.39 Y94.426 E2453.27209
G1 F4740.6 X80.157 Y94.832 E2453.28859
M204 S5000
M205 X30 Y30
G0 F7200 X80.373 Y94.936
G0 X80.266 Y96.455
G0 X80.488 Y96.352
M204 S3000
M205 X20 Y20
G1 F4808.6 X80.398 Y95.872 E2453.30557
G1 F4740.6 X80.439 Y95.36 E2453.32368
G1 F4718.3 X80.538 Y95.017 E2453.33632
G1 F4740.6 X80.75 Y94.648 E2453.35132
G1 X81.107 Y94.278 E2453.36945
G1 X81.506 Y94.045 E2453.38574
G1 F4718.3 X81.809 Y93.949 E2453.397
G1 F4740.6 X82.207 Y93.887 E2453.4112
G1 X82.581 Y93.929 E2453.42447
G1 F4729.4 X82.962 Y94.029 E2453.43839
G1 F4774.3 X83.441 Y94.316 E2453.45794
G1 F4785.7 X83.722 Y94.605 E2453.47201
G1 F4774.3 X84.014 Y95.145 E2453.4935
G1 X84.123 Y95.748 E2453.51496
G1 F4785.7 X84.018 Y96.345 E2453.53612
G1 F4774.3 X83.818 Y96.756 E2453.55213
G1 F4797.1 X83.501 Y97.13 E2453.56921
G1 F4785.7 X82.962 Y97.472 E2453.5915
G1 F4718.3 X82.581 Y97.571 E2453.60544
G1 F4729.4 X82.207 Y97.613 E2453.61874
G1 F4797.1 X81.62 Y97.502 E2453.63956
G1 F4785.7 X81.052 Y97.181 E2453.66234
G1 F4740.6 X80.71 Y96.792 E2453.6806
G1 F4763 X80.488 Y96.352 E2453.6979
M204 S5000
M205 X30 Y30
G0 F7200 X80.85 Y95.793
M204 S3000
M205 X20 Y20
;TYPE:WALL-OUTER
G1 F2040 X80.928 Y95.278 E2453.71955
G1 X81.17 Y94.854 E2453.73985
G1 X81.374 Y94.654 E2453.75173
G1 X81.771 Y94.43 E2453.77068
G1 X82.27 Y94.347 E2453.79171
G1 X82.717 Y94.425 E2453.81057
G1 X83.121 Y94.65 E2453.8298
G1 X83.346 Y94.873 E2453.84297
G1 X83.573 Y95.28 E2453.86234
G1 X83.653 Y95.727 E2453.88122
G1 X83.576 Y96.209 E2453.90152
G1 X83.444 Y96.484 E2453.9142
G1 X83.131 Y96.843 E2453.934
G1 X82.717 Y97.074 E2453.95371
G1 X82.27 Y97.153 E2453.97258
G1 X81.771 Y97.07 E2453.99361
G1 X81.332 Y96.812 E2454.01478
G1 X81.041 Y96.461 E2454.03374
G1 X80.925 Y96.212 E2454.04516
G1 X80.85 Y95.793 E2454.06286
M204 S5000
M205 X30 Y30
G0 F7200 X80.88 Y95.595
G0 X80.181 Y95.472
G0 X79.502 Y95.752
M204 S3000
M205 X20 Y20
G1 F2040 X79.56 Y96.315 E2454.08639
G1 X79.731 Y96.855 E2454.10994
G1 X80.012 Y97.344 E2454.13339
G1 X80.387 Y97.772 E2454.15704
G1 X80.594 Y97.945 E2454.16826
G1 X81.084 Y98.239 E2454.19202
G1 X81.616 Y98.424 E2454.21543
G1 X82.179 Y98.497 E2454.23904
G1 X82.74 Y98.453 E2454.26243
G1 X83.293 Y98.293 E2454.28637
G1 X83.537 Y98.178 E2454.29758
G1 X84.009 Y97.862 E2454.3212
G1 X84.41 Y97.449 E2454.34513
G1 X84.567 Y97.229 E2454.35637
G1 X84.823 Y96.72 E2454.38005
G1 X84.908 Y96.445 E2454.39202
G1 X84.996 Y95.882 E2454.41571
G1 X84.996 Y95.614 E2454.42685
G1 X84.908 Y95.056 E2454.45034
G1 X84.824 Y94.78 E2454.46233
G1 X84.565 Y94.269 E2454.48615
G1 X84.41 Y94.051 E2454.49727
G1 X84.008 Y93.639 E2454.5212
G1 X83.537 Y93.322 E2454.54481
G1 X83.293 Y93.207 E2454.55602
G1 X82.74 Y93.047 E2454.57996
G1 X82.179 Y93.003 E2454.60335
G1 X81.616 Y93.076 E2454.62695
G1 X81.084 Y93.261 E2454.65037
G1 X80.594 Y93.555 E2454.67413
G1 X80.387 Y93.728 E2454.68534
G1 X80.012 Y94.156 E2454.709
G1 X79.732 Y94.645 E2454.73243
G1 X79.56 Y95.185 E2454.75599
G1 X79.502 Y95.752 E2454.77969
M204 S5000
M205 X30 Y30
G0 F7200 X79.522 Y95.951
G1 F1500 E2448.27969
G0 F7200 X80.219 Y95.881
G0 X81.177 Y98.039
G0 X80.804 Y99.11
G0 X80.803 Y111.391
G0 X81.177 Y112.461
G0 X80.373 Y113.936
G1 F1500 E2454.77969
G0 F7200 X80.157 Y113.832
M204 S3000
M205 X20 Y20
;TYPE:WALL-INNER
G1 F4718.3 X80.017 Y114.28 E2454.79631
G1 F4729.4 X79.964 Y114.752 E2454.8131
G1 X80.017 Y115.22 E2454.82974
G1 F4707.3 X80.157 Y115.668 E2454.84641
G1 F4729.4 X80.391 Y116.074 E2454.86297
G1 F4740.6 X80.862 Y116.568 E2454.88703
G1 X81.282 Y116.817 E2454.90425
G1 F4718.3 X81.724 Y116.97 E2454.92081
G1 F4740.6 X82.19 Y117.035 E2454.9374
G1 F4729.4 X82.656 Y116.994 E2454.95393
G1 F4718.3 X83.13 Y116.859 E2454.97139
G1 F4763 X83.712 Y116.506 E2454.99528
G1 X84.171 Y115.99 E2455.01951
G1 X84.437 Y115.459 E2455.04035
G1 X84.553 Y114.737 E2455.06601
G1 X84.395 Y113.953 E2455.09407
G1 X84.066 Y113.361 E2455.11784
G1 F4785.7 X83.712 Y112.994 E2455.13564
G1 F4774.3 X83.13 Y112.64 E2455.15949
G1 F4729.4 X82.656 Y112.507 E2455.17689
G1 F4740.6 X82.19 Y112.465 E2455.19338
G1 X81.724 Y112.53 E2455.20997
G1 F4718.3 X81.282 Y112.683 E2455.22654
G1 F4740.6 X80.862 Y112.932 E2455.24375
G1 F4751.8 X80.39 Y113.426 E2455.26779
G1 F4740.6 X80.157 Y113.832 E2455.28429
M204 S5000
M205 X30 Y30
G0 F7200 X80.373 Y113.936
G0 X80.266 Y115.455
G0 X80.488 Y115.352
M204 S3000
M205 X20 Y20
G1 F4808.6 X80.398 Y114.872 E2455.30126
G1 F4740.6 X80.439 Y114.36 E2455.31937
G1 F4718.3 X80.538 Y114.017 E2455.33202
G1 F4740.6 X80.75 Y113.648 E2455.34702
G1 X81.107 Y113.278 E2455.36515
G1 X81.506 Y113.045 E2455.38144
G1 F4718.3 X81.809 Y112.949 E2455.3927
G1 F4740.6 X82.207 Y112.887 E2455.4069
G1 X82.581 Y112.929 E2455.42017
G1 F4729.4 X82.962 Y113.029 E2455.43409
G1 F4774.3 X83.441 Y113.316 E2455.45363
G1 F4785.7 X83.722 Y113.605 E2455.46771
G1 F4774.3 X84.014 Y114.145 E2455.4892
G1 X84.123 Y114.748 E2455.51065
G1 F4785.7 X84.018 Y115.345 E2455.53182
G1 F4774.3 X83.818 Y115.756 E2455.54782
G1 F4797.1 X83.501 Y116.13 E2455.5649
G1 F4785.7 X82.962 Y116.472 E2455.5872
G1 F4718.3 X82.581 Y116.571 E2455.60114
G1 F4729.4 X82.207 Y116.613 E2455.61444
G1 F4797.1 X81.62 Y116.502 E2455.63525
G1 F4785.7 X81.052 Y116.181 E2455.65804
G1 F4740.6 X80.71 Y115.792 E2455.6763
G1 F4763 X80.488 Y115.352 E2455.69359
M204 S5000
M205 X30 Y30
G0 F7200 X80.85 Y114.793
M204 S3000
M205 X20 Y20
;TYPE:WALL-OUTER
G1 F2040 X80.928 Y114.278 E2455.71525
G1 X81.17 Y113.854 E2455.73554
G1 X81.374 Y113.654 E2455.74742
G1 X81.771 Y113.43 E2455.76637
G1 X82.27 Y113.347 E2455.7874
G1 X82.717 Y113.425 E2455.80627
G1 X83.121 Y113.65 E2455.8255
G1 X83.346 Y113.873 E2455.83867
G1 X83.573 Y114.28 E2455.85804
G1 X83.653 Y114.727 E2455.87692
G1 X83.576 Y115.209 E2455.89721
G1 X83.444 Y115.484 E2455.9099
G1 X83.131 Y115.843 E2455.9297
G1 X82.717 Y116.074 E2455.94941
G1 X82.27 Y116.153 E2455.96828
G1 X81.771 Y116.07 E2455.98931
G1 X81.332 Y115.812 E2456.01048
G1 X81.041 Y115.461 E2456.02944
G1 X80.925 Y115.212 E2456.04086
G1 X80.85 Y114.793 E2456.05855
M204 S5000
M205 X30 Y30
G0 F7200 X80.88 Y114.595
G0 X80.181 Y114.472
G0 X79.502 Y114.752
M204 S3000
M205 X20 Y20
G1 F2040 X79.56 Y115.315 E2456.08208
G1 X79.731 Y115.855 E2456.10563
G1 X80.012 Y116.344 E2456.12908
G1 X80.387 Y116.772 E2456.15274
G1 X80.594 Y116.945 E2456.16396
G1 X81.084 Y117.239 E2456.18771
G1 X81.616 Y117.424 E2456.21113
G1 X82.179 Y117.497 E2456.23473
G1 X82.74 Y117.453 E2456.25813
G1 X83.293 Y117.293 E2456.28206
G1 X83.537 Y117.178 E2456.29328
G1 X84.009 Y116.862 E2456.31689
G1 X84.41 Y116.449 E2456.34082
G1 X84.567 Y116.229 E2456.35206
G1 X84.823 Y115.72 E2456.37575
G1 X84.908 Y115.445 E2456.38772
G1 X84.996 Y114.882 E2456.41141
G1 X84.996 Y114.614 E2456.42255
G1 X84.908 Y114.056 E2456.44603
G1 X84.824 Y113.78 E2456.45803
G1 X84.565 Y113.269 E2456.48185
G1 X84.41 Y113.051 E2456.49297
G1 X84.008 Y112.639 E2456.5169
G1 X83.537 Y112.322 E2456.5405
G1 X83.293 Y112.207 E2456.55172
G1 X82.74 Y112.047 E2456.57565
G1 X82.179 Y112.003 E2456.59905
G1 X81.616 Y112.076 E2456.62265
G1 X81.084 Y112.261 E2456.64607
G1 X80.594 Y112.555 E2456.66982
G1 X80.387 Y112.728 E2456.68104
G1 X80.012 Y113.156 E2456.7047
G1 X79.732 Y113.645 E2456.72813
G1 X79.56 Y114.185 E2456.75169
G1 X79.502 Y114.752 E2456.77538
M204 S5000
M205 X30 Y30
G0 F7200 X79.522 Y114.951
G1 F1500 E2450.27538
G0 F7200 X80.219 Y114.881
G0 X81.189 Y116.012
G0 X82.25 Y116.401
G0 X83.216 Y116.067
G0 X84.777 Y114.634
G0 X85.911 Y114.634
G0 X134.089 Y114.634
G0 X135.223 Y114.634
G1 F1500 E2456.77538
G0 F7200 X135.565 Y114.027
M204 S3000
M205 X20 Y20
;TYPE:WALL-INNER
G1 F4763 X135.465 Y114.669 E2456.79818
G1 F4751.8 X135.465 Y114.85 E2456.80455
G1 X135.606 Y115.547 E2456.82956
G1 X135.83 Y115.989 E2456.84699
G1 F4763 X136.288 Y116.506 E2456.87123
G1 F4774.3 X136.87 Y116.86 E2456.89507
G1 F4718.3 X137.344 Y116.994 E2456.91252
G1 F4729.4 X137.81 Y117.035 E2456.92905
G1 X138.276 Y116.971 E2456.94567
G1 F4707.3 X138.718 Y116.817 E2456.96229
G1 F4740.6 X139.138 Y116.568 E2456.97951
G1 X139.609 Y116.074 E2457.00357
G1 F4729.4 X139.843 Y115.668 E2457.02013
G1 F4718.3 X139.983 Y115.22 E2457.03676
G1 F4740.6 X140.035 Y114.748 E2457.0535
G1 X139.983 Y114.28 E2457.0701
G1 F4718.3 X139.843 Y113.832 E2457.08673
G1 F4740.6 X139.61 Y113.426 E2457.10323
G1 F4751.8 X139.138 Y112.932 E2457.12726
G1 F4740.6 X138.718 Y112.682 E2457.14449
G1 F4718.3 X138.276 Y112.53 E2457.16105
G1 F4740.6 X137.81 Y112.466 E2457.17763
G1 F4729.4 X137.344 Y112.506 E2457.19416
G1 F4718.3 X136.87 Y112.64 E2457.21161
G1 F4763 X136.288 Y112.994 E2457.23551
G1 X135.944 Y113.347 E2457.25281
G1 F4751.8 X135.565 Y114.027 E2457.28019
M204 S5000
M205 X30 Y30
G0 F7200 X136.278 Y113.605
M204 S3000
M205 X20 Y20
G1 F4763 X136.559 Y113.317 E2457.29431
G1 F4785.7 X137.09 Y112.998 E2457.31594
G1 F4808.6 X137.694 Y112.89 E2457.33727
G1 F4763 X138.19 Y112.949 E2457.35479
G1 F4740.6 X138.494 Y113.043 E2457.36601
G1 F4785.7 X138.937 Y113.312 E2457.38411
G1 F4774.3 X139.251 Y113.648 E2457.40021
G1 F4751.8 X139.462 Y114.017 E2457.41516
G1 F4718.3 X139.561 Y114.361 E2457.42784
G1 F4740.6 X139.614 Y114.748 E2457.44161
G1 F4820.1 X139.513 Y115.351 E2457.46281
G1 F4831.7 X139.333 Y115.742 E2457.4777
G1 F4808.6 X138.948 Y116.182 E2457.49802
G1 F4751.8 X138.522 Y116.44 E2457.51554
G1 F4740.6 X138.27 Y116.534 E2457.52502
G1 F4774.3 X137.793 Y116.613 E2457.54195
G1 F4729.4 X137.419 Y116.571 E2457.55525
G1 F4718.3 X137.038 Y116.471 E2457.5692
G1 F4774.3 X136.556 Y116.182 E2457.58887
G1 F4763 X136.182 Y115.756 E2457.60877
G1 F4751.8 X136 Y115.392 E2457.62308
G1 F4763 X135.896 Y114.871 E2457.64172
G1 X135.888 Y114.687 E2457.64818
G1 X135.999 Y114.105 E2457.66897
G1 F4751.8 X136.278 Y113.605 E2457.68911
M204 S5000
M205 X30 Y30
G0 F7200 X136.427 Y114.28
M204 S3000
M205 X20 Y20
;TYPE:WALL-OUTER
G1 F2040 X136.655 Y113.873 E2457.70851
G1 X136.857 Y113.668 E2457.72047
G1 X137.283 Y113.426 E2457.74084
G1 X137.73 Y113.347 E2457.75972
G1 X138.229 Y113.43 E2457.78075
G1 X138.611 Y113.643 E2457.79893
G1 X138.83 Y113.853 E2457.81154
G1 X139.073 Y114.277 E2457.83186
G1 X139.153 Y114.775 E2457.85283
G1 X139.076 Y115.212 E2457.87128
G1 X138.959 Y115.461 E2457.88272
G1 X138.652 Y115.827 E2457.90258
G1 X138.229 Y116.07 E2457.92286
G1 X137.73 Y116.153 E2457.94389
G1 X137.284 Y116.074 E2457.96272
G1 X136.829 Y115.809 E2457.98461
G1 X136.556 Y115.484 E2458.00226
G1 X136.43 Y115.226 E2458.0142
G1 X136.35 Y114.792 E2458.03255
G1 X136.427 Y114.28 E2458.05407
M204 S5000
M205 X30 Y30
G0 F7200 X136.524 Y114.106
G0 X135.917 Y113.753
G0 X135.703 Y114.83
G0 X135.004 Y114.886
M204 S3000
M205 X20 Y20
G1 F2040 X135.092 Y115.444 E2458.07756
G1 X135.176 Y115.72 E2458.08955
G1 X135.433 Y116.229 E2458.11326
G1 X135.59 Y116.449 E2458.12449
G1 X135.992 Y116.861 E2458.14843
G1 X136.463 Y117.178 E2458.17203
G1 X136.707 Y117.293 E2458.18325
G1 X137.26 Y117.453 E2458.20718
G1 X137.821 Y117.497 E2458.23057
G1 X138.384 Y117.425 E2458.25417
G1 X138.916 Y117.239 E2458.2776
G1 X139.406 Y116.945 E2458.30136
G1 X139.613 Y116.772 E2458.31258
G1 X139.988 Y116.344 E2458.33623
G1 X140.268 Y115.855 E2458.35966
G1 X140.44 Y115.315 E2458.38322
G1 X140.498 Y114.748 E2458.40692
G1 X140.44 Y114.185 E2458.43045
G1 X140.268 Y113.645 E2458.45401
G1 X139.988 Y113.156 E2458.47744
G1 X139.611 Y112.726 E2458.50121
G1 X139.406 Y112.555 E2458.51231
G1 X138.916 Y112.261 E2458.53607
G1 X138.384 Y112.075 E2458.5595
G1 X137.821 Y112.003 E2458.5831
G1 X137.26 Y112.047 E2458.60649
G1 X136.707 Y112.207 E2458.63043
G1 X136.463 Y112.322 E2458.64164
G1 X135.991 Y112.638 E2458.66526
G1 X135.589 Y113.051 E2458.68922
G1 X135.434 Y113.27 E2458.70037
G1 X135.176 Y113.78 E2458.72414
G1 X135.092 Y114.056 E2458.73613
G1 X135.004 Y114.618 E2458.75978
G1 X135.004 Y114.669 E2458.7619
G1 X135.004 Y114.886 E2458.77092
M204 S5000
M205 X30 Y30
G0 F7200 X135.035 Y115.083
G1 F1500 E2452.27092
G0 F7200 X135.726 Y114.976
G0 X136.13 Y112.809
G0 X135.496 Y111.868
G0 X135.497 Y98.633
G0 X136.13 Y97.691
G0 X135.703 Y95.83
G1 F1500 E2458.77092
G0 F7200 X135.465 Y95.85
M204 S3000
M205 X20 Y20
;TYPE:WALL-INNER
G1 F4751.8 X135.606 Y96.547 E2458.79594
G1 X135.83 Y96.989 E2458.81336
G1 F4763 X136.288 Y97.506 E2458.8376
G1 F4774.3 X136.87 Y97.86 E2458.86145
G1 F4718.3 X137.344 Y97.994 E2458.87889
G1 F4729.4 X137.81 Y98.035 E2458.89543
G1 X138.276 Y97.971 E2458.91205
G1 F4707.3 X138.718 Y97.817 E2458.92867
G1 F4740.6 X139.138 Y97.568 E2458.94588
G1 X139.609 Y97.074 E2458.96994
G1 F4729.4 X139.843 Y96.668 E2458.9865
G1 F4718.3 X139.983 Y96.22 E2459.00313
G1 F4740.6 X140.035 Y95.748 E2459.01987
G1 X139.983 Y95.28 E2459.03647
G1 F4718.3 X139.843 Y94.832 E2459.0531
G1 F4740.6 X139.61 Y94.426 E2459.0696
G1 F4751.8 X139.138 Y93.932 E2459.09363
G1 F4740.6 X138.718 Y93.682 E2459.11087
G1 F4718.3 X138.276 Y93.53 E2459.12742
G1 F4740.6 X137.81 Y93.466 E2459.14401
G1 F4729.4 X137.344 Y93.506 E2459.16053
G1 F4718.3 X136.87 Y93.64 E2459.17798
G1 F4763 X136.288 Y93.994 E2459.20189
G1 X135.944 Y94.347 E2459.21918
G1 F4751.8 X135.606 Y94.953 E2459.24359
G1 F4763 X135.465 Y95.653 E2459.26864
G1 F4751.8 X135.465 Y95.85 E2459.27557
M204 S5000
M205 X30 Y30
G0 F7200 X135.703 Y95.83
G0 X136.072 Y94.485
G0 X136.278 Y94.605
M204 S3000
M205 X20 Y20
G1 F4763 X136.559 Y94.317 E2459.28969
G1 F4785.7 X137.09 Y93.998 E2459.31132
G1 F4808.6 X137.694 Y93.89 E2459.33265
G1 F4763 X138.19 Y93.949 E2459.35018
G1 F4740.6 X138.494 Y94.043 E2459.3614
G1 F4785.7 X138.937 Y94.312 E2459.3795
G1 F4774.3 X139.251 Y94.648 E2459.39559
G1 F4751.8 X139.462 Y95.017 E2459.41055
G1 F4718.3 X139.561 Y95.361 E2459.42322
G1 F4740.6 X139.614 Y95.748 E2459.437
G1 F4820.1 X139.513 Y96.351 E2459.4582
G1 F4831.7 X139.333 Y96.742 E2459.47308
G1 F4808.6 X138.948 Y97.182 E2459.49341
G1 F4751.8 X138.522 Y97.44 E2459.51092
G1 F4740.6 X138.27 Y97.534 E2459.52041
G1 F4774.3 X137.793 Y97.613 E2459.53733
G1 F4729.4 X137.419 Y97.571 E2459.55063
G1 F4718.3 X137.038 Y97.471 E2459.56458
G1 F4774.3 X136.556 Y97.182 E2459.58426
G1 F4763 X136.182 Y96.756 E2459.60415
G1 F4751.8 X136 Y96.392 E2459.61846
G1 F4763 X135.896 Y95.871 E2459.6371
G1 X135.888 Y95.687 E2459.64357
G1 X135.999 Y95.105 E2459.66436
G1 F4751.8 X136.278 Y94.605 E2459.6845
M204 S5000
M205 X30 Y30
G0 F7200 X136.427 Y95.28
M204 S3000
M205 X20 Y20
;TYPE:WALL-OUTER
G1 F2040 X136.655 Y94.873 E2459.70389
G1 X136.857 Y94.668 E2459.71586
G1 X137.283 Y94.426 E2459.73623
G1 X137.73 Y94.347 E2459.7551
G1 X138.229 Y94.43 E2459.77613
G1 X138.611 Y94.643 E2459.79431
G1 X138.83 Y94.853 E2459.80693
G1 X139.073 Y95.277 E2459.82725
G1 X139.153 Y95.775 E2459.84822
G1 X139.076 Y96.212 E2459.86666
G1 X138.959 Y96.461 E2459.8781
G1 X138.652 Y96.827 E2459.89796
G1 X138.229 Y97.07 E2459.91824
G1 X137.73 Y97.153 E2459.93928
G1 X137.284 Y97.074 E2459.95811
G1 X136.829 Y96.809 E2459.98
G1 X136.556 Y96.484 E2459.99764
G1 X136.43 Y96.226 E2460.00958
G1 X136.35 Y95.792 E2460.02793
G1 X136.427 Y95.28 E2460.04945
M204 S5000
M205 X30 Y30
G0 F7200 X136.524 Y95.106
G0 X135.917 Y94.753
G0 X135.703 Y95.83
G0 X135.004 Y95.886
M204 S3000
M205 X20 Y20
G1 F2040 X135.092 Y96.444 E2460.07294
G1 X135.176 Y96.72 E2460.08493
G1 X135.433 Y97.229 E2460.10864
G1 X135.59 Y97.449 E2460.11988
G1 X135.992 Y97.861 E2460.14381
G1 X136.463 Y98.178 E2460.16741
G1 X136.707 Y98.293 E2460.17863
G1 X137.26 Y98.453 E2460.20256
G1 X137.821 Y98.497 E2460.22596
G1 X138.384 Y98.425 E2460.24955
G1 X138.916 Y98.239 E2460.27299
G1 X139.406 Y97.945 E2460.29674
G1 X139.613 Y97.772 E2460.30796
G1 X139.988 Y97.344 E2460.33162
G1 X140.268 Y96.855 E2460.35504
G1 X140.44 Y96.315 E2460.37861
G1 X140.498 Y95.748 E2460.4023
G1 X140.44 Y95.185 E2460.42583
G1 X140.268 Y94.645 E2460.4494
G1 X139.988 Y94.156 E2460.47282
G1 X139.611 Y93.726 E2460.4966
G1 X139.406 Y93.555 E2460.5077
G1 X138.916 Y93.261 E2460.53145
G1 X138.384 Y93.075 E2460.55488
G1 X137.821 Y93.003 E2460.57848
G1 X137.26 Y93.047 E2460.60188
G1 X136.707 Y93.207 E2460.62581
G1 X136.463 Y93.322 E2460.63703
G1 X135.991 Y93.638 E2460.66064
G1 X135.589 Y94.051 E2460.6846
G1 X135.434 Y94.27 E2460.69576
G1 X135.176 Y94.78 E2460.71952
G1 X135.092 Y95.056 E2460.73151
G1 X135.004 Y95.618 E2460.75516
G1 X135.004 Y95.886 E2460.76631
M204 S5000
M205 X30 Y30
G0 F7200 X135.035 Y96.083
G1 F1500 E2454.26631
;MESH:NONMESH
G0 F600 X135.035 Y96.083 Z4.3
G0 F7200 X135.726 Y95.976
G0 X134.089 Y95.634
G0 X85.812 Y94.919
G0 X84.692 Y95.094
G0 X82.814 Y94.199
G0 X81.794 Y94.18
G0 X80.373 Y94.936
G1 F1500 E2460.76631
G0 F7200 X80.157 Y94.832
;TIME_ELAPSED:2315.713287
;LAYER:20
M204 S3000
M205 X20 Y20
;TYPE:WALL-INNER
;MESH:Pi Holder.stl
G1 F4718.3 X80.017 Y95.28 E2460.78293
G1 F4729.4 X79.964 Y95.752 E2460.79972
G1 X80.017 Y96.22 E2460.81636
G1 F4707.3 X80.157 Y96.668 E2460.83303
G1 F4729.4 X80.391 Y97.074 E2460.84959
G1 F4740.6 X80.862 Y97.568 E2460.87365
G1 X81.282 Y97.817 E2460.89086
G1 F4718.3 X81.724 Y97.97 E2460.90743
G1 F4740.6 X82.19 Y98.035 E2460.92402
G1 F4729.4 X82.656 Y97.994 E2460.94055
G1 F4718.3 X83.13 Y97.859 E2460.95801
G1 F4763 X83.712 Y97.506 E2460.98189
G1 X84.171 Y96.99 E2461.00613
G1 X84.437 Y96.459 E2461.02697
G1 X84.553 Y95.737 E2461.05263
G1 X84.395 Y94.953 E2461.08069
G1 X84.066 Y94.361 E2461.10446
G1 F4785.7 X83.712 Y93.994 E2461.12226
G1 F4774.3 X83.13 Y93.64 E2461.14611
G1 F4729.4 X82.656 Y93.507 E2461.16351
G1 F4740.6 X82.19 Y93.465 E2461.18
G1 X81.724 Y93.53 E2461.19659
G1 F4718.3 X81.282 Y93.683 E2461.21316
G1 F4740.6 X80.862 Y93.932 E2461.23037
G1 F4751.8 X80.39 Y94.426 E2461.2544
G1 F4740.6 X80.157 Y94.832 E2461.27091
M204 S5000
M205 X30 Y30
G0 F7200 X80.373 Y94.936
G0 X80.266 Y96.455
G0 X80.488 Y96.352
M204 S3000
M205 X20 Y20
G1 F4808.6 X80.398 Y95.872 E2461.28788
G1 F4740.6 X80.439 Y95.36 E2461.30599
G1 F4718.3 X80.538 Y95.017 E2461.31864
G1 F4740.6 X80.75 Y94.648 E2461.33364
G1 X81.107 Y94.278 E2461.35177
G1 X81.506 Y94.045 E2461.36806
G1 F4718.3 X81.809 Y93.949 E2461.37932
G1 F4740.6 X82.207 Y93.887 E2461.39352
G1 X82.581 Y93.929 E2461.40678
G1 F4729.4 X82.962 Y94.029 E2461.4207
G1 F4774.3 X83.441 Y94.316 E2461.44025
G1 F4785.7 X83.722 Y94.605 E2461.45433
G1 F4774.3 X84.014 Y95.145 E2461.47582
G1 X84.123 Y95.748 E2461.49727
G1 F4785.7 X84.018 Y96.345 E2461.51844
G1 F4774.3 X83.818 Y96.756 E2461.53444
G1 F4797.1 X83.501 Y97.13 E2461.55152
G1 F4785.7 X82.962 Y97.472 E2461.57381
G1 F4718.3 X82.581 Y97.571 E2461.58776
G1 F4729.4 X82.207 Y97.613 E2461.60106
G1 F4797.1 X81.62 Y97.502 E2461.62187
G1 F4785.7 X81.052 Y97.181 E2461.64466
G1 F4740.6 X80.71 Y96.792 E2461.66292
G1 F4763 X80.488 Y96.352 E2461.68021
M204 S5000
M205 X30 Y30
G0 F7200 X80.85 Y95.793
M204 S3000
M205 X20 Y20
;TYPE:WALL-OUTER
G1 F2040 X80.928 Y95.278 E2461.70187
G1 X81.17 Y94.854 E2461.72216
G1 X81.374 Y94.654 E2461.73404
G1 X81.771 Y94.43 E2461.75299
G1 X82.27 Y94.347 E2461.77402
G1 X82.717 Y94.425 E2461.79289
G1 X83.121 Y94.65 E2461.81211
G1 X83.346 Y94.873 E2461.82528
G1 X83.573 Y95.28 E2461.84466
G1 X83.653 Y95.727 E2461.86354
G1 X83.576 Y96.209 E2461.88383
G1 X83.444 Y96.484 E2461.89651
G1 X83.131 Y96.843 E2461.91632
G1 X82.717 Y97.074 E2461.93603
G1 X82.27 Y97.153 E2461.9549
G1 X81.771 Y97.07 E2461.97593
G1 X81.332 Y96.812 E2461.9971
G1 X81.041 Y96.461 E2462.01605
G1 X80.925 Y96.212 E2462.02748
G1 X80.85 Y95.793 E2462.04517
M204 S5000
M205 X30 Y30
G0 F7200 X80.88 Y95.595
G0 X80.181 Y95.472
G0 X79.502 Y95.752
M204 S3000
M205 X20 Y20
G1 F2040 X79.56 Y96.315 E2462.0687
G1 X79.731 Y96.855 E2462.09225
G1 X80.012 Y97.344 E2462.1157
G1 X80.387 Y97.772 E2462.13936
G1 X80.594 Y97.945 E2462.15057
G1 X81.084 Y98.239 E2462.17433
G1 X81.616 Y98.424 E2462.19775
G1 X82.179 Y98.497 E2462.22135
G1 X82.74 Y98.453 E2462.24475
G1 X83.293 Y98.293 E2462.26868
G1 X83.537 Y98.178 E2462.2799
G1 X84.009 Y97.862 E2462.30351
G1 X84.41 Y97.449 E2462.32744
G1 X84.567 Y97.229 E2462.33868
G1 X84.823 Y96.72 E2462.36237
G1 X84.908 Y96.445 E2462.37433
G1 X84.996 Y95.882 E2462.39803
G1 X84.996 Y95.614 E2462.40917
G1 X84.908 Y95.056 E2462.43265
G1 X84.824 Y94.78 E2462.44465
G1 X84.565 Y94.269 E2462.46847
G1 X84.41 Y94.051 E2462.47959
G1 X84.008 Y93.639 E2462.50352
G1 X83.537 Y93.322 E2462.52712
G1 X83.293 Y93.207 E2462.53834
G1 X82.74 Y93.047 E2462.56227
G1 X82.179 Y93.003 E2462.58567
G1 X81.616 Y93.076 E2462.60927
G1 X81.084 Y93.261 E2462.63269
G1 X80.594 Y93.555 E2462.65644
G1 X80.387 Y93.728 E2462.66766
G1 X80.012 Y94.156 E2462.69132
G1 X79.732 Y94.645 E2462.71474
G1 X79.56 Y95.185 E2462.73831
G1 X79.502 Y95.752 E2462.762
M204 S5000
M205 X30 Y30
G0 F7200 X79.522 Y95.951
G1 F1500 E2456.262
G0 F7200 X80.219 Y95.881
G0 X81.177 Y98.039
G0 X80.804 Y99.11
G0 X80.803 Y111.391
G0 X81.177 Y112.461
G0 X80.373 Y113.936
G1 F1500 E2462.762
G0 F7200 X80.157 Y113.832
M204 S3000
M205 X20 Y20
;TYPE:WALL-INNER
G1 F4718.3 X80.017 Y114.28 E2462.77863
G1 F4729.4 X79.964 Y114.752 E2462.79541
G1 X80.017 Y115.22 E2462.81206
G1 F4707.3 X80.157 Y115.668 E2462.82872
G1 F4729.4 X80.391 Y116.074 E2462.84528
G1 F4740.6 X80.862 Y116.568 E2462.86935
G1 X81.282 Y116.817 E2462.88656
G1 F4718.3 X81.724 Y116.97 E2462.90313
G1 F4740.6 X82.19 Y117.035 E2462.91972
G1 F4729.4 X82.656 Y116.994 E2462.93625
G1 F4718.3 X83.13 Y116.859 E2462.95371
G1 F4763 X83.712 Y116.506 E2462.97759
G1 X84.171 Y115.99 E2463.00182
G1 X84.437 Y115.459 E2463.02266
G1 X84.553 Y114.737 E2463.04832
G1 X84.395 Y113.953 E2463.07639
G1 X84.066 Y113.361 E2463.10015
G1 F4785.7 X83.712 Y112.994 E2463.11796
G1 F4774.3 X83.13 Y112.64 E2463.14181
G1 F4729.4 X82.656 Y112.507 E2463.1592
G1 F4740.6 X82.19 Y112.465 E2463.1757
G1 X81.724 Y112.53 E2463.19229
G1 F4718.3 X81.282 Y112.683 E2463.20886
G1 F4740.6 X80.862 Y112.932 E2463.22607
G1 F4751.8 X80.39 Y113.426 E2463.2501
G1 F4740.6 X80.157 Y113.832 E2463.2666
M204 S5000
M205 X30 Y30
G0 F7200 X80.373 Y113.936
G0 X80.266 Y115.455
G0 X80.488 Y115.352
M204 S3000
M205 X20 Y20
G1 F4808.6 X80.398 Y114.872 E2463.28358
G1 F4740.6 X80.439 Y114.36 E2463.30169
G1 F4718.3 X80.538 Y114.017 E2463.31433
G1 F4740.6 X80.75 Y113.648 E2463.32934
G1 X81.107 Y113.278 E2463.34746
G1 X81.506 Y113.045 E2463.36375
G1 F4718.3 X81.809 Y112.949 E2463.37501
G1 F4740.6 X82.207 Y112.887 E2463.38921
G1 X82.581 Y112.929 E2463.40248
G1 F4729.4 X82.962 Y113.029 E2463.4164
G1 F4774.3 X83.441 Y113.316 E2463.43595
G1 F4785.7 X83.722 Y113.605 E2463.45003
G1 F4774.3 X84.014 Y114.145 E2463.47152
G1 X84.123 Y114.748 E2463.49297
G1 F4785.7 X84.018 Y115.345 E2463.51414
G1 F4774.3 X83.818 Y115.756 E2463.53014
G1 F4797.1 X83.501 Y116.13 E2463.54722
G1 F4785.7 X82.962 Y116.472 E2463.56951
G1 F4718.3 X82.581 Y116.571 E2463.58345
G1 F4729.4 X82.207 Y116.613 E2463.59675
G1 F4797.1 X81.62 Y116.502 E2463.61757
G1 F4785.7 X81.052 Y116.181 E2463.64035
G1 F4740.6 X80.71 Y115.792 E2463.65861
G1 F4763 X80.488 Y115.352 E2463.67591
M204 S5000
M205 X30 Y30
G0 F7200 X80.85 Y114.793
M204 S3000
M205 X20 Y20
;TYPE:WALL-OUTER
G1 F2040 X80.928 Y114.278 E2463.69756
G1 X81.17 Y113.854 E2463.71786
G1 X81.374 Y113.654 E2463.72974
G1 X81.771 Y113.43 E2463.74869
G1 X82.27 Y113.347 E2463.76972
G1 X82.717 Y113.425 E2463.78858
G1 X83.121 Y113.65 E2463.80781
G1 X83.346 Y113.873 E2463.82098
G1 X83.573 Y114.28 E2463.84036
G1 X83.653 Y114.727 E2463.85923
G1 X83.576 Y115.209 E2463.87953
G1 X83.444 Y115.484 E2463.89221
G1 X83.131 Y115.843 E2463.91201
G1 X82.717 Y116.074 E2463.93172
G1 X82.27 Y116.153 E2463.95059
G1 X81.771 Y116.07 E2463.97163
G1 X81.332 Y115.812 E2463.9928
G1 X81.041 Y115.461 E2464.01175
G1 X80.925 Y115.212 E2464.02317
G1 X80.85 Y114.793 E2464.04087
M204 S5000
M205 X30 Y30
G0 F7200 X80.88 Y114.595
G0 X80.181 Y114.472
G0 X79.502 Y114.752
M204 S3000
M205 X20 Y20
G1 F2040 X79.56 Y115.315 E2464.0644
G1 X79.731 Y115.855 E2464.08795
G1 X80.012 Y116.344 E2464.1114
G1 X80.387 Y116.772 E2464.13505
G1 X80.594 Y116.945 E2464.14627
G1 X81.084 Y117.239 E2464.17003
G1 X81.616 Y117.424 E2464.19344
G1 X82.179 Y117.497 E2464.21705
G1 X82.74 Y117.453 E2464.24044
G1 X83.293 Y117.293 E2464.26438
G1 X83.537 Y117.178 E2464.27559
G1 X84.009 Y116.862 E2464.29921
G1 X84.41 Y116.449 E2464.32314
G1 X84.567 Y116.229 E2464.33438
G1 X84.823 Y115.72 E2464.35806
G1 X84.908 Y115.445 E2464.37003
G1 X84.996 Y114.882 E2464.39372
G1 X84.996 Y114.614 E2464.40486
G1 X84.908 Y114.056 E2464.42835
G1 X84.824 Y113.78 E2464.44034
G1 X84.565 Y113.269 E2464.46416
G1 X84.41 Y113.051 E2464.47528
G1 X84.008 Y112.639 E2464.49921
G1 X83.537 Y112.322 E2464.52282
G1 X83.293 Y112.207 E2464.53403
G1 X82.74 Y112.047 E2464.55797
G1 X82.179 Y112.003 E2464.58136
G1 X81.616 Y112.076 E2464.60497
G1 X81.084 Y112.261 E2464.62838
G1 X80.594 Y112.555 E2464.65214
G1 X80.387 Y112.728 E2464.66336
G1 X80.012 Y113.156 E2464.68701
G1 X79.732 Y113.645 E2464.71044
G1 X79.56 Y114.185 E2464.734
G1 X79.502 Y114.752 E2464.7577
M204 S5000
M205 X30 Y30
G0 F7200 X79.522 Y114.951
G1 F1500 E2458.2577
G0 F7200 X80.219 Y114.881
G0 X81.189 Y116.012
G0 X82.25 Y116.401
G0 X84.776 Y114.83
G0 X85.911 Y114.83
G0 X134.089 Y114.83
G0 X135.224 Y114.83
G1 F1500 E2464.7577
G0 F7200 X135.465 Y114.85
M204 S3000
M205 X20 Y20
;TYPE:WALL-INNER
G1 F4751.8 X135.606 Y115.547 E2464.78271
G1 X135.83 Y115.989 E2464.80014
G1 F4763 X136.288 Y116.506 E2464.82438
G1 F4774.3 X136.87 Y116.86 E2464.84822
G1 F4718.3 X137.344 Y116.994 E2464.86567
G1 F4729.4 X137.81 Y117.035 E2464.8822
G1 X138.276 Y116.971 E2464.89882
G1 F4707.3 X138.718 Y116.817 E2464.91544
G1 F4740.6 X139.138 Y116.568 E2464.93266
G1 X139.609 Y116.074 E2464.95672
G1 F4729.4 X139.843 Y115.668 E2464.97328
G1 F4718.3 X139.983 Y115.22 E2464.98991
G1 F4740.6 X140.035 Y114.748 E2465.00665
G1 X139.983 Y114.28 E2465.02325
G1 F4718.3 X139.843 Y113.832 E2465.03988
G1 F4740.6 X139.61 Y113.426 E2465.05638
G1 F4751.8 X139.138 Y112.932 E2465.08041
G1 F4740.6 X138.718 Y112.682 E2465.09764
G1 F4718.3 X138.276 Y112.53 E2465.1142
G1 F4740.6 X137.81 Y112.466 E2465.13078
G1 F4729.4 X137.344 Y112.506 E2465.14731
G1 F4718.3 X136.87 Y112.64 E2465.16476
G1 F4763 X136.288 Y112.994 E2465.18866
G1 X135.944 Y113.347 E2465.20596
G1 F4751.8 X135.606 Y113.953 E2465.23036
G1 F4763 X135.465 Y114.653 E2465.25542
G1 F4751.8 X135.465 Y114.85 E2465.26235
M204 S5000
M205 X30 Y30
G0 F7200 X135.703 Y114.83
G0 X136.072 Y113.485
G0 X136.278 Y113.605
M204 S3000
M205 X20 Y20
G1 F4763 X136.559 Y113.317 E2465.27647
G1 F4785.7 X137.09 Y112.998 E2465.2981
G1 F4808.6 X137.694 Y112.89 E2465.31943
G1 F4763 X138.19 Y112.949 E2465.33695
G1 F4740.6 X138.494 Y113.043 E2465.34817
G1 F4785.7 X138.937 Y113.312 E2465.36627
G1 F4774.3 X139.251 Y113.648 E2465.38237
G1 F4751.8 X139.462 Y114.017 E2465.39732
G1 F4718.3 X139.561 Y114.361 E2465.41
G1 F4740.6 X139.614 Y114.748 E2465.42377
G1 F4820.1 X139.513 Y115.351 E2465.44497
G1 F4831.7 X139.333 Y115.742 E2465.45986
G1 F4808.6 X138.948 Y116.182 E2465.48018
G1 F4751.8 X138.522 Y116.44 E2465.4977
G1 F4740.6 X138.27 Y116.534 E2465.50718
G1 F4774.3 X137.793 Y116.613 E2465.52411
G1 F4729.4 X137.419 Y116.571 E2465.53741
G1 F4718.3 X137.038 Y116.471 E2465.55136
G1 F4774.3 X136.556 Y116.182 E2465.57103
G1 F4763 X136.182 Y115.756 E2465.59092
G1 F4751.8 X136 Y115.392 E2465.60524
G1 F4763 X135.896 Y114.871 E2465.62388
G1 X135.888 Y114.687 E2465.63034
G1 X135.999 Y114.105 E2465.65113
G1 F4751.8 X136.278 Y113.605 E2465.67127
M204 S5000
M205 X30 Y30
G0 F7200 X136.427 Y114.28
M204 S3000
M205 X20 Y20
;TYPE:WALL-OUTER
G1 F2040 X136.655 Y113.873 E2465.69067
G1 X136.857 Y113.668 E2465.70263
G1 X137.283 Y113.426 E2465.723
G1 X137.73 Y113.347 E2465.74187
G1 X138.229 Y113.43 E2465.76291
G1 X138.611 Y113.643 E2465.78109
G1 X138.83 Y113.853 E2465.7937
G1 X139.073 Y114.277 E2465.81402
G1 X139.153 Y114.775 E2465.83499
G1 X139.076 Y115.212 E2465.85344
G1 X138.959 Y115.461 E2465.86488
G1 X138.652 Y115.827 E2465.88474
G1 X138.229 Y116.07 E2465.90502
G1 X137.73 Y116.153 E2465.92605
G1 X137.284 Y116.074 E2465.94488
G1 X136.829 Y115.809 E2465.96677
G1 X136.556 Y115.484 E2465.98442
G1 X136.43 Y115.226 E2465.99636
G1 X136.35 Y114.792 E2466.0147
G1 X136.427 Y114.28 E2466.03623
M204 S5000
M205 X30 Y30
G0 F7200 X136.524 Y114.106
G0 X135.917 Y113.753
G0 X135.703 Y114.83
G0 X135.004 Y114.886
M204 S3000
M205 X20 Y20
G1 F2040 X135.092 Y115.444 E2466.05972
G1 X135.176 Y115.72 E2466.07171
G1 X135.433 Y116.229 E2466.09542
G1 X135.59 Y116.449 E2466.10665
G1 X135.992 Y116.861 E2466.13059
G1 X136.463 Y117.178 E2466.15419
G1 X136.707 Y117.293 E2466.1654
G1 X137.26 Y117.453 E2466.18934
G1 X137.821 Y117.497 E2466.21273
G1 X138.384 Y117.425 E2466.23633
G1 X138.916 Y117.239 E2466.25976
G1 X139.406 Y116.945 E2466.28352
G1 X139.613 Y116.772 E2466.29473
G1 X139.988 Y116.344 E2466.31839
G1 X140.268 Y115.855 E2466.34182
G1 X140.44 Y115.315 E2466.36538
G1 X140.498 Y114.748 E2466.38908
G1 X140.44 Y114.185 E2466.41261
G1 X140.268 Y113.645 E2466.43617
G1 X139.988 Y113.156 E2466.4596
G1 X139.611 Y112.726 E2466.48337
G1 X139.406 Y112.555 E2466.49447
G1 X138.916 Y112.261 E2466.51823
G1 X138.384 Y112.075 E2466.54166
G1 X137.821 Y112.003 E2466.56526
G1 X137.26 Y112.047 E2466.58865
G1 X136.707 Y112.207 E2466.61259
G1 X136.463 Y112.322 E2466.6238
G1 X135.991 Y112.638 E2466.64742
G1 X135.589 Y113.051 E2466.67138
G1 X135.434 Y113.27 E2466.68253
G1 X135.176 Y113.78 E2466.7063
G1 X135.092 Y114.056 E2466.71829
G1 X135.004 Y114.618 E2466.74194
G1 X135.004 Y114.886 E2466.75308
M204 S5000
M205 X30 Y30
G0 F7200 X135.035 Y115.083
G1 F1500 E2460.25308
G0 F7200 X135.726 Y114.976
G0 X136.13 Y112.809
G0 X135.496 Y111.868
G0 X135.497 Y98.633
G0 X136.13 Y97.691
G0 X135.703 Y95.83
G1 F1500 E2466.75308
G0 F7200 X135.465 Y95.85
M204 S3000
M205 X20 Y20
;TYPE:WALL-INNER
G1 F4751.8 X135.606 Y96.547 E2466.77809
G1 X135.83 Y96.989 E2466.79552
G1 F4763 X136.288 Y97.506 E2466.81976
G1 F4774.3 X136.87 Y97.86 E2466.84361
G1 F4718.3 X137.344 Y97.994 E2466.86105
G1 F4729.4 X137.81 Y98.035 E2466.87758
G1 X138.276 Y97.971 E2466.89421
G1 F4707.3 X138.718 Y97.817 E2466.91083
G1 F4740.6 X139.138 Y97.568 E2466.92804
G1 X139.609 Y97.074 E2466.9521
G1 F4729.4 X139.843 Y96.668 E2466.96866
G1 F4718.3 X139.983 Y96.22 E2466.98529
G1 F4740.6 X140.035 Y95.748 E2467.00203
G1 X139.983 Y95.28 E2467.01863
G1 F4718.3 X139.843 Y94.832 E2467.03526
G1 F4740.6 X139.61 Y94.426 E2467.05176
G1 F4751.8 X139.138 Y93.932 E2467.07579
G1 F4740.6 X138.718 Y93.682 E2467.09303
G1 F4718.3 X138.276 Y93.53 E2467.10958
G1 F4740.6 X137.81 Y93.466 E2467.12617
G1 F4729.4 X137.344 Y93.506 E2467.14269
G1 F4718.3 X136.87 Y93.64 E2467.16014
G1 F4763 X136.288 Y93.994 E2467.18404
G1 X135.944 Y94.347 E2467.20134
G1 F4751.8 X135.606 Y94.953 E2467.22575
G1 F4763 X135.465 Y95.653 E2467.2508
G1 F4751.8 X135.465 Y95.85 E2467.25773
M204 S5000
M205 X30 Y30
G0 F7200 X135.703 Y95.83
G0 X136.072 Y94.485
G0 X136.278 Y94.605
M204 S3000
M205 X20 Y20
G1 F4763 X136.559 Y94.317 E2467.27185
G1 F4785.7 X137.09 Y93.998 E2467.29348
G1 F4808.6 X137.694 Y93.89 E2467.31481
G1 F4763 X138.19 Y93.949 E2467.33234
G1 F4740.6 X138.494 Y94.043 E2467.34355
G1 F4785.7 X138.937 Y94.312 E2467.36165
G1 F4774.3 X139.251 Y94.648 E2467.37775
G1 F4751.8 X139.462 Y95.017 E2467.3927
G1 F4718.3 X139.561 Y95.361 E2467.40538
G1 F4740.6 X139.614 Y95.748 E2467.41916
G1 F4820.1 X139.513 Y96.351 E2467.44035
G1 F4831.7 X139.333 Y96.742 E2467.45524
G1 F4808.6 X138.948 Y97.182 E2467.47556
G1 F4751.8 X138.522 Y97.44 E2467.49308
G1 F4740.6 X138.27 Y97.534 E2467.50256
G1 F4774.3 X137.793 Y97.613 E2467.51949
G1 F4729.4 X137.419 Y97.571 E2467.53279
G1 F4718.3 X137.038 Y97.471 E2467.54674
G1 F4774.3 X136.556 Y97.182 E2467.56642
G1 F4763 X136.182 Y96.756 E2467.58631
G1 F4751.8 X136 Y96.392 E2467.60062
G1 F4763 X135.896 Y95.871 E2467.61926
G1 X135.888 Y95.687 E2467.62573
G1 X135.999 Y95.105 E2467.64652
G1 F4751.8 X136.278 Y94.605 E2467.66666
M204 S5000
M205 X30 Y30
G0 F7200 X136.427 Y95.28
M204 S3000
M205 X20 Y20
;TYPE:WALL-OUTER
G1 F2040 X136.655 Y94.873 E2467.68605
G1 X136.857 Y94.668 E2467.69802
G1 X137.283 Y94.426 E2467.71839
G1 X137.73 Y94.347 E2467.73726
G1 X138.229 Y94.43 E2467.75829
G1 X138.611 Y94.643 E2467.77647
G1 X138.83 Y94.853 E2467.78909
G1 X139.073 Y95.277 E2467.8094
G1 X139.153 Y95.775 E2467.83037
G1 X139.076 Y96.212 E2467.84882
G1 X138.959 Y96.461 E2467.86026
G1 X138.652 Y96.827 E2467.88012
G1 X138.229 Y97.07 E2467.9004
G1 X137.73 Y97.153 E2467.92143
G1 X137.284 Y97.074 E2467.94027
G1 X136.829 Y96.809 E2467.96216
G1 X136.556 Y96.484 E2467.9798
G1 X136.43 Y96.226 E2467.99174
G1 X136.35 Y95.792 E2468.01009
G1 X136.427 Y95.28 E2468.03161
M204 S5000
M205 X30 Y30
G0 F7200 X136.524 Y95.106
G0 X135.917 Y94.753
G0 X135.703 Y95.83
G0 X135.004 Y95.886
M204 S3000
M205 X20 Y20
G1 F2040 X135.092 Y96.444 E2468.0551
G1 X135.176 Y96.72 E2468.06709
G1 X135.433 Y97.229 E2468.0908
G1 X135.59 Y97.449 E2468.10204
G1 X135.992 Y97.861 E2468.12597
G1 X136.463 Y98.178 E2468.14957
G1 X136.707 Y98.293 E2468.16079
G1 X137.26 Y98.453 E2468.18472
G1 X137.821 Y98.497 E2468.20812
G1 X138.384 Y98.425 E2468.23171
G1 X138.916 Y98.239 E2468.25514
G1 X139.406 Y97.945 E2468.2789
G1 X139.613 Y97.772 E2468.29012
G1 X139.988 Y97.344 E2468.31378
G1 X140.268 Y96.855 E2468.3372
G1 X140.44 Y96.315 E2468.36077
G1 X140.498 Y95.748 E2468.38446
G1 X140.44 Y95.185 E2468.40799
G1 X140.268 Y94.645 E2468.43155
G1 X139.988 Y94.156 E2468.45498
G1 X139.611 Y93.726 E2468.47876
G1 X139.406 Y93.555 E2468.48986
G1 X138.916 Y93.261 E2468.51361
G1 X138.384 Y93.075 E2468.53704
G1 X137.821 Y93.003 E2468.56064
G1 X137.26 Y93.047 E2468.58404
G1 X136.707 Y93.207 E2468.60797
G1 X136.463 Y93.322 E2468.61919
G1 X135.991 Y93.638 E2468.6428
G1 X135.589 Y94.051 E2468.66676
G1 X135.434 Y94.27 E2468.67792
G1 X135.176 Y94.78 E2468.70168
G1 X135.092 Y95.056 E2468.71367
G1 X135.004 Y95.618 E2468.73732
G1 X135.004 Y95.886 E2468.74847
M204 S5000
M205 X30 Y30
G0 F7200 X135.035 Y96.083
G1 F1500 E2462.24847
;MESH:NONMESH
G0 F600 X135.035 Y96.083 Z4.5
G0 F7200 X135.726 Y95.976
G0 X134.089 Y95.634
G0 X85.812 Y94.919
G0 X84.692 Y95.094
G0 X82.814 Y94.199
G0 X81.794 Y94.18
G0 X80.373 Y94.936
G1 F1500 E2468.74847
G0 F7200 X80.157 Y94.832
;TIME_ELAPSED:2324.446331
;LAYER:21
M204 S3000
M205 X20 Y20
;TYPE:WALL-INNER
;MESH:Pi Holder.stl
G1 F4718.3 X80.017 Y95.28 E2468.76509
G1 F4729.4 X79.964 Y95.752 E2468.78188
G1 X80.017 Y96.22 E2468.79852
G1 F4707.3 X80.157 Y96.668 E2468.81519
G1 F4729.4 X80.391 Y97.074 E2468.83175
G1 F4740.6 X80.862 Y97.568 E2468.85581
G1 X81.282 Y97.817 E2468.87302
G1 F4718.3 X81.724 Y97.97 E2468.88959
G1 F4740.6 X82.19 Y98.035 E2468.90618
G1 F4729.4 X82.656 Y97.994 E2468.92271
G1 F4718.3 X83.13 Y97.859 E2468.94017
G1 F4763 X83.712 Y97.506 E2468.96405
G1 X84.171 Y96.99 E2468.98829
G1 X84.437 Y96.459 E2469.00913
G1 X84.553 Y95.737 E2469.03479
G1 X84.395 Y94.953 E2469.06285
G1 X84.066 Y94.361 E2469.08661
G1 F4785.7 X83.712 Y93.994 E2469.10442
G1 F4774.3 X83.13 Y93.64 E2469.12827
G1 F4729.4 X82.656 Y93.507 E2469.14567
G1 F4740.6 X82.19 Y93.465 E2469.16216
G1 X81.724 Y93.53 E2469.17875
G1 F4718.3 X81.282 Y93.683 E2469.19532
G1 F4740.6 X80.862 Y93.932 E2469.21253
G1 F4751.8 X80.39 Y94.426 E2469.23656
G1 F4740.6 X80.157 Y94.832 E2469.25307
M204 S5000
M205 X30 Y30
G0 F7200 X80.373 Y94.936
G0 X80.266 Y96.455
G0 X80.488 Y96.352
M204 S3000
M205 X20 Y20
G1 F4808.6 X80.398 Y95.872 E2469.27004
G1 F4740.6 X80.439 Y95.36 E2469.28815
G1 F4718.3 X80.538 Y95.017 E2469.3008
G1 F4740.6 X80.75 Y94.648 E2469.3158
G1 X81.107 Y94.278 E2469.33393
G1 X81.506 Y94.045 E2469.35022
G1 F4718.3 X81.809 Y93.949 E2469.36147
G1 F4740.6 X82.207 Y93.887 E2469.37568
G1 X82.581 Y93.929 E2469.38894
G1 F4729.4 X82.962 Y94.029 E2469.40286
G1 F4774.3 X83.441 Y94.316 E2469.42241
G1 F4785.7 X83.722 Y94.605 E2469.43649
G1 F4774.3 X84.014 Y95.145 E2469.45798
G1 X84.123 Y95.748 E2469.47943
G1 F4785.7 X84.018 Y96.345 E2469.5006
G1 F4774.3 X83.818 Y96.756 E2469.5166
G1 F4797.1 X83.501 Y97.13 E2469.53368
G1 F4785.7 X82.962 Y97.472 E2469.55597
G1 F4718.3 X82.581 Y97.571 E2469.56992
G1 F4729.4 X82.207 Y97.613 E2469.58322
G1 F4797.1 X81.62 Y97.502 E2469.60403
G1 F4785.7 X81.052 Y97.181 E2469.62682
G1 F4740.6 X80.71 Y96.792 E2469.64508
G1 F4763 X80.488 Y96.352 E2469.66237
M204 S5000
M205 X30 Y30
G0 F7200 X80.85 Y95.793
M204 S3000
M205 X20 Y20
;TYPE:WALL-OUTER
G1 F2040 X80.928 Y95.278 E2469.68403
G1 X81.17 Y94.854 E2469.70432
G1 X81.374 Y94.654 E2469.7162
G1 X81.771 Y94.43 E2469.73515
G1 X82.27 Y94.347 E2469.75618
G1 X82.717 Y94.425 E2469.77505
G1 X83.121 Y94.65 E2469.79427
G1 X83.346 Y94.873 E2469.80744
G1 X83.573 Y95.28 E2469.82682
G1 X83.653 Y95.727 E2469.8457
G1 X83.576 Y96.209 E2469.86599
G1 X83.444 Y96.484 E2469.87867
G1 X83.131 Y96.843 E2469.89847
G1 X82.717 Y97.074 E2469.91818
G1 X82.27 Y97.153 E2469.93706
G1 X81.771 Y97.07 E2469.95809
G1 X81.332 Y96.812 E2469.97926
G1 X81.041 Y96.461 E2469.99821
G1 X80.925 Y96.212 E2470.00963
G1 X80.85 Y95.793 E2470.02733
M204 S5000
M205 X30 Y30
G0 F7200 X80.88 Y95.595
G0 X80.181 Y95.472
G0 X79.502 Y95.752
M204 S3000
M205 X20 Y20
G1 F2040 X79.56 Y96.315 E2470.05086
G1 X79.731 Y96.855 E2470.07441
G1 X80.012 Y97.344 E2470.09786
G1 X80.387 Y97.772 E2470.12152
G1 X80.594 Y97.945 E2470.13273
G1 X81.084 Y98.239 E2470.15649
G1 X81.616 Y98.424 E2470.17991
G1 X82.179 Y98.497 E2470.20351
G1 X82.74 Y98.453 E2470.22691
G1 X83.293 Y98.293 E2470.25084
G1 X83.537 Y98.178 E2470.26205
G1 X84.009 Y97.862 E2470.28567
G1 X84.41 Y97.449 E2470.3096
G1 X84.567 Y97.229 E2470.32084
G1 X84.823 Y96.72 E2470.34453
G1 X84.908 Y96.445 E2470.35649
G1 X84.996 Y95.882 E2470.38018
G1 X84.996 Y95.614 E2470.39133
G1 X84.908 Y95.056 E2470.41481
G1 X84.824 Y94.78 E2470.42681
G1 X84.565 Y94.269 E2470.45062
G1 X84.41 Y94.051 E2470.46175
G1 X84.008 Y93.639 E2470.48568
G1 X83.537 Y93.322 E2470.50928
G1 X83.293 Y93.207 E2470.5205
G1 X82.74 Y93.047 E2470.54443
G1 X82.179 Y93.003 E2470.56783
G1 X81.616 Y93.076 E2470.59143
G1 X81.084 Y93.261 E2470.61484
G1 X80.594 Y93.555 E2470.6386
G1 X80.387 Y93.728 E2470.64982
G1 X80.012 Y94.156 E2470.67348
G1 X79.732 Y94.645 E2470.6969
G1 X79.56 Y95.185 E2470.72047
G1 X79.502 Y95.752 E2470.74416
M204 S5000
M205 X30 Y30
G0 F7200 X79.522 Y95.951
G1 F1500 E2464.24416
G0 F7200 X80.219 Y95.881
G0 X81.177 Y98.039
G0 X80.804 Y99.11
G0 X80.803 Y111.391
G0 X81.177 Y112.461
G0 X80.373 Y113.936
G1 F1500 E2470.74416
G0 F7200 X80.157 Y113.832
M204 S3000
M205 X20 Y20
;TYPE:WALL-INNER
G1 F4718.3 X80.017 Y114.28 E2470.76079
G1 F4729.4 X79.964 Y114.752 E2470.77757
G1 X80.017 Y115.22 E2470.79422
G1 F4707.3 X80.157 Y115.668 E2470.81088
G1 F4729.4 X80.391 Y116.074 E2470.82744
G1 F4740.6 X80.862 Y116.568 E2470.85151
G1 X81.282 Y116.817 E2470.86872
G1 F4718.3 X81.724 Y116.97 E2470.88529
G1 F4740.6 X82.19 Y117.035 E2470.90188
G1 F4729.4 X82.656 Y116.994 E2470.91841
G1 F4718.3 X83.13 Y116.859 E2470.93586
G1 F4763 X83.712 Y116.506 E2470.95975
G1 X84.171 Y115.99 E2470.98398
G1 X84.437 Y115.459 E2471.00482
G1 X84.553 Y114.737 E2471.03048
G1 X84.395 Y113.953 E2471.05855
G1 X84.066 Y113.361 E2471.08231
G1 F4785.7 X83.712 Y112.994 E2471.10012
G1 F4774.3 X83.13 Y112.64 E2471.12396
G1 F4729.4 X82.656 Y112.507 E2471.14136
G1 F4740.6 X82.19 Y112.465 E2471.15786
G1 X81.724 Y112.53 E2471.17445
G1 F4718.3 X81.282 Y112.683 E2471.19101
G1 F4740.6 X80.862 Y112.932 E2471.20823
G1 F4751.8 X80.39 Y113.426 E2471.23226
G1 F4740.6 X80.157 Y113.832 E2471.24876
M204 S5000
M205 X30 Y30
G0 F7200 X80.373 Y113.936
G0 X80.266 Y115.455
G0 X80.488 Y115.352
M204 S3000
M205 X20 Y20
G1 F4808.6 X80.398 Y114.872 E2471.26574
G1 F4740.6 X80.439 Y114.36 E2471.28385
G1 F4718.3 X80.538 Y114.017 E2471.29649
G1 F4740.6 X80.75 Y113.648 E2471.3115
G1 X81.107 Y113.278 E2471.32962
G1 X81.506 Y113.045 E2471.34591
G1 F4718.3 X81.809 Y112.949 E2471.35717
G1 F4740.6 X82.207 Y112.887 E2471.37137
G1 X82.581 Y112.929 E2471.38464
G1 F4729.4 X82.962 Y113.029 E2471.39856
G1 F4774.3 X83.441 Y113.316 E2471.41811
G1 F4785.7 X83.722 Y113.605 E2471.43218
G1 F4774.3 X84.014 Y114.145 E2471.45367
G1 X84.123 Y114.748 E2471.47513
G1 F4785.7 X84.018 Y115.345 E2471.49629
G1 F4774.3 X83.818 Y115.756 E2471.5123
G1 F4797.1 X83.501 Y116.13 E2471.52938
G1 F4785.7 X82.962 Y116.472 E2471.55167
G1 F4718.3 X82.581 Y116.571 E2471.56561
G1 F4729.4 X82.207 Y116.613 E2471.57891
G1 F4797.1 X81.62 Y116.502 E2471.59973
G1 F4785.7 X81.052 Y116.181 E2471.62251
G1 F4740.6 X80.71 Y115.792 E2471.64077
G1 F4763 X80.488 Y115.352 E2471.65807
M204 S5000
M205 X30 Y30
G0 F7200 X80.85 Y114.793
M204 S3000
M205 X20 Y20
;TYPE:WALL-OUTER
G1 F2040 X80.928 Y114.278 E2471.67972
G1 X81.17 Y113.854 E2471.70002
G1 X81.374 Y113.654 E2471.7119
G1 X81.771 Y113.43 E2471.73085
G1 X82.27 Y113.347 E2471.75188
G1 X82.717 Y113.425 E2471.77074
G1 X83.121 Y113.65 E2471.78997
G1 X83.346 Y113.873 E2471.80314
G1 X83.573 Y114.28 E2471.82251
G1 X83.653 Y114.727 E2471.84139
G1 X83.576 Y115.209 E2471.86169
G1 X83.444 Y115.484 E2471.87437
G1 X83.131 Y115.843 E2471.89417
G1 X82.717 Y116.074 E2471.91388
G1 X82.27 Y116.153 E2471.93275
G1 X81.771 Y116.07 E2471.95378
G1 X81.332 Y115.812 E2471.97495
G1 X81.041 Y115.461 E2471.99391
G1 X80.925 Y115.212 E2472.00533
G1 X80.85 Y114.793 E2472.02303
M204 S5000
M205 X30 Y30
G0 F7200 X80.88 Y114.595
G0 X80.181 Y114.472
G0 X79.502 Y114.752
M204 S3000
M205 X20 Y20
G1 F2040 X79.56 Y115.315 E2472.04656
G1 X79.731 Y115.855 E2472.07011
G1 X80.012 Y116.344 E2472.09356
G1 X80.387 Y116.772 E2472.11721
G1 X80.594 Y116.945 E2472.12843
G1 X81.084 Y117.239 E2472.15219
G1 X81.616 Y117.424 E2472.1756
G1 X82.179 Y117.497 E2472.19921
G1 X82.74 Y117.453 E2472.2226
G1 X83.293 Y117.293 E2472.24654
G1 X83.537 Y117.178 E2472.25775
G1 X84.009 Y116.862 E2472.28137
G1 X84.41 Y116.449 E2472.3053
G1 X84.567 Y116.229 E2472.31654
G1 X84.823 Y115.72 E2472.34022
G1 X84.908 Y115.445 E2472.35219
G1 X84.996 Y114.882 E2472.37588
G1 X84.996 Y114.614 E2472.38702
G1 X84.908 Y114.056 E2472.41051
G1 X84.824 Y113.78 E2472.4225
G1 X84.565 Y113.269 E2472.44632
G1 X84.41 Y113.051 E2472.45744
G1 X84.008 Y112.639 E2472.48137
G1 X83.537 Y112.322 E2472.50498
G1 X83.293 Y112.207 E2472.51619
G1 X82.74 Y112.047 E2472.54013
G1 X82.179 Y112.003 E2472.56352
G1 X81.616 Y112.076 E2472.58712
G1 X81.084 Y112.261 E2472.61054
G1 X80.594 Y112.555 E2472.6343
G1 X80.387 Y112.728 E2472.64551
G1 X80.012 Y113.156 E2472.66917
G1 X79.732 Y113.645 E2472.6926
G1 X79.56 Y114.185 E2472.71616
G1 X79.502 Y114.752 E2472.73986
M204 S5000
M205 X30 Y30
G0 F7200 X79.522 Y114.951
G1 F1500 E2466.23986
G0 F7200 X80.219 Y114.881
G0 X81.189 Y116.012
G0 X82.25 Y116.401
G0 X84.776 Y114.83
G0 X85.911 Y114.83
G0 X134.089 Y114.83
G0 X135.224 Y114.83
G1 F1500 E2472.73986
G0 F7200 X135.465 Y114.85
M204 S3000
M205 X20 Y20
;TYPE:WALL-INNER
G1 F4751.8 X135.606 Y115.547 E2472.76487
G1 X135.83 Y115.989 E2472.7823
G1 F4763 X136.288 Y116.506 E2472.80653
G1 F4774.3 X136.87 Y116.86 E2472.83038
G1 F4718.3 X137.344 Y116.994 E2472.84783
G1 F4729.4 X137.81 Y117.035 E2472.86436
G1 X138.276 Y116.971 E2472.88098
G1 F4707.3 X138.718 Y116.817 E2472.8976
G1 F4740.6 X139.138 Y116.568 E2472.91482
G1 X139.609 Y116.074 E2472.93888
G1 F4729.4 X139.843 Y115.668 E2472.95544
G1 F4718.3 X139.983 Y115.22 E2472.97207
G1 F4740.6 X140.035 Y114.748 E2472.98881
G1 X139.983 Y114.28 E2473.00541
G1 F4718.3 X139.843 Y113.832 E2473.02203
G1 F4740.6 X139.61 Y113.426 E2473.03854
G1 F4751.8 X139.138 Y112.932 E2473.06257
G1 F4740.6 X138.718 Y112.682 E2473.0798
G1 F4718.3 X138.276 Y112.53 E2473.09636
G1 F4740.6 X137.81 Y112.466 E2473.11294
G1 F4729.4 X137.344 Y112.506 E2473.12947
G1 F4718.3 X136.87 Y112.64 E2473.14692
G1 F4763 X136.288 Y112.994 E2473.17082
G1 X135.944 Y113.347 E2473.18812
G1 F4751.8 X135.606 Y113.953 E2473.21252
G1 F4763 X135.465 Y114.653 E2473.23758
G1 F4751.8 X135.465 Y114.85 E2473.24451
M204 S5000
M205 X30 Y30
G0 F7200 X135.703 Y114.83
G0 X136.072 Y113.485
G0 X136.278 Y113.605
M204 S3000
M205 X20 Y20
G1 F4763 X136.559 Y113.317 E2473.25863
G1 F4785.7 X137.09 Y112.998 E2473.28026
G1 F4808.6 X137.694 Y112.89 E2473.30159
G1 F4763 X138.19 Y112.949 E2473.31911
G1 F4740.6 X138.494 Y113.043 E2473.33033
G1 F4785.7 X138.937 Y113.312 E2473.34843
G1 F4774.3 X139.251 Y113.648 E2473.36453
G1 F4751.8 X139.462 Y114.017 E2473.37948
G1 F4718.3 X139.561 Y114.361 E2473.39216
G1 F4740.6 X139.614 Y114.748 E2473.40593
G1 F4820.1 X139.513 Y115.351 E2473.42713
G1 F4831.7 X139.333 Y115.742 E2473.44202
G1 F4808.6 X138.948 Y116.182 E2473.46234
G1 F4751.8 X138.522 Y116.44 E2473.47986
G1 F4740.6 X138.27 Y116.534 E2473.48934
G1 F4774.3 X137.793 Y116.613 E2473.50627
G1 F4729.4 X137.419 Y116.571 E2473.51957
G1 F4718.3 X137.038 Y116.471 E2473.53352
G1 F4774.3 X136.556 Y116.182 E2473.55319
G1 F4763 X136.182 Y115.756 E2473.57308
G1 F4751.8 X136 Y115.392 E2473.5874
G1 F4763 X135.896 Y114.871 E2473.60604
G1 X135.888 Y114.687 E2473.6125
G1 X135.999 Y114.105 E2473.63329
G1 F4751.8 X136.278 Y113.605 E2473.65343
M204 S5000
M205 X30 Y30
G0 F7200 X136.427 Y114.28
M204 S3000
M205 X20 Y20
;TYPE:WALL-OUTER
G1 F2040 X136.655 Y113.873 E2473.67283
G1 X136.857 Y113.668 E2473.68479
G1 X137.283 Y113.426 E2473.70516
G1 X137.73 Y113.347 E2473.72403
G1 X138.229 Y113.43 E2473.74506
G1 X138.611 Y113.643 E2473.76325
G1 X138.83 Y113.853 E2473.77586
G1 X139.073 Y114.277 E2473.79618
G1 X139.153 Y114.775 E2473.81715
G1 X139.076 Y115.212 E2473.8356
G1 X138.959 Y115.461 E2473.84704
G1 X138.652 Y115.827 E2473.8669
G1 X138.229 Y116.07 E2473.88718
G1 X137.73 Y116.153 E2473.90821
G1 X137.284 Y116.074 E2473.92704
G1 X136.829 Y115.809 E2473.94893
G1 X136.556 Y115.484 E2473.96658
G1 X136.43 Y115.226 E2473.97852
G1 X136.35 Y114.792 E2473.99686
G1 X136.427 Y114.28 E2474.01839
M204 S5000
M205 X30 Y30
G0 F7200 X136.524 Y114.106
G0 X135.917 Y113.753
G0 X135.703 Y114.83
G0 X135.004 Y114.886
M204 S3000
M205 X20 Y20
G1 F2040 X135.092 Y115.444 E2474.04188
G1 X135.176 Y115.72 E2474.05387
G1 X135.433 Y116.229 E2474.07758
G1 X135.59 Y116.449 E2474.08881
G1 X135.992 Y116.861 E2474.11274
G1 X136.463 Y117.178 E2474.13635
G1 X136.707 Y117.293 E2474.14756
G1 X137.26 Y117.453 E2474.1715
G1 X137.821 Y117.497 E2474.19489
G1 X138.384 Y117.425 E2474.21849
G1 X138.916 Y117.239 E2474.24192
G1 X139.406 Y116.945 E2474.26568
G1 X139.613 Y116.772 E2474.27689
G1 X139.988 Y116.344 E2474.30055
G1 X140.268 Y115.855 E2474.32398
G1 X140.44 Y115.315 E2474.34754
G1 X140.498 Y114.748 E2474.37124
G1 X140.44 Y114.185 E2474.39477
G1 X140.268 Y113.645 E2474.41833
G1 X139.988 Y113.156 E2474.44176
G1 X139.611 Y112.726 E2474.46553
G1 X139.406 Y112.555 E2474.47663
G1 X138.916 Y112.261 E2474.50039
G1 X138.384 Y112.075 E2474.52382
G1 X137.821 Y112.003 E2474.54742
G1 X137.26 Y112.047 E2474.57081
G1 X136.707 Y112.207 E2474.59475
G1 X136.463 Y112.322 E2474.60596
G1 X135.991 Y112.638 E2474.62958
G1 X135.589 Y113.051 E2474.65354
G1 X135.434 Y113.27 E2474.66469
G1 X135.176 Y113.78 E2474.68845
G1 X135.092 Y114.056 E2474.70045
G1 X135.004 Y114.618 E2474.7241
G1 X135.004 Y114.886 E2474.73524
M204 S5000
M205 X30 Y30
G0 F7200 X135.035 Y115.083
G1 F1500 E2468.23524
G0 F7200 X135.726 Y114.976
G0 X136.13 Y112.809
G0 X135.496 Y111.868
G0 X135.497 Y98.633
G0 X136.13 Y97.691
G0 X135.703 Y95.83
G1 F1500 E2474.73524
G0 F7200 X135.465 Y95.85
M204 S3000
M205 X20 Y20
;TYPE:WALL-INNER
G1 F4751.8 X135.606 Y96.547 E2474.76025
G1 X135.83 Y96.989 E2474.77768
G1 F4763 X136.288 Y97.506 E2474.80192
G1 F4774.3 X136.87 Y97.86 E2474.82576
G1 F4718.3 X137.344 Y97.994 E2474.84321
G1 F4729.4 X137.81 Y98.035 E2474.85974
G1 X138.276 Y97.971 E2474.87637
G1 F4707.3 X138.718 Y97.817 E2474.89298
G1 F4740.6 X139.138 Y97.568 E2474.9102
G1 X139.609 Y97.074 E2474.93426
G1 F4729.4 X139.843 Y96.668 E2474.95082
G1 F4718.3 X139.983 Y96.22 E2474.96745
G1 F4740.6 X140.035 Y95.748 E2474.98419
G1 X139.983 Y95.28 E2475.00079
G1 F4718.3 X139.843 Y94.832 E2475.01742
G1 F4740.6 X139.61 Y94.426 E2475.03392
G1 F4751.8 X139.138 Y93.932 E2475.05795
G1 F4740.6 X138.718 Y93.682 E2475.07518
G1 F4718.3 X138.276 Y93.53 E2475.09174
G1 F4740.6 X137.81 Y93.466 E2475.10832
G1 F4729.4 X137.344 Y93.506 E2475.12485
G1 F4718.3 X136.87 Y93.64 E2475.1423
G1 F4763 X136.288 Y93.994 E2475.1662
G1 X135.944 Y94.347 E2475.1835
G1 F4751.8 X135.606 Y94.953 E2475.2079
G1 F4763 X135.465 Y95.653 E2475.23296
G1 F4751.8 X135.465 Y95.85 E2475.23989
M204 S5000
M205 X30 Y30
G0 F7200 X135.703 Y95.83
G0 X136.072 Y94.485
G0 X136.278 Y94.605
M204 S3000
M205 X20 Y20
G1 F4763 X136.559 Y94.317 E2475.25401
G1 F4785.7 X137.09 Y93.998 E2475.27564
G1 F4808.6 X137.694 Y93.89 E2475.29697
G1 F4763 X138.19 Y93.949 E2475.3145
G1 F4740.6 X138.494 Y94.043 E2475.32571
G1 F4785.7 X138.937 Y94.312 E2475.34381
G1 F4774.3 X139.251 Y94.648 E2475.35991
G1 F4751.8 X139.462 Y95.017 E2475.37486
G1 F4718.3 X139.561 Y95.361 E2475.38754
G1 F4740.6 X139.614 Y95.748 E2475.40131
G1 F4820.1 X139.513 Y96.351 E2475.42251
G1 F4831.7 X139.333 Y96.742 E2475.4374
G1 F4808.6 X138.948 Y97.182 E2475.45772
G1 F4751.8 X138.522 Y97.44 E2475.47524
G1 F4740.6 X138.27 Y97.534 E2475.48472
G1 F4774.3 X137.793 Y97.613 E2475.50165
G1 F4729.4 X137.419 Y97.571 E2475.51495
G1 F4718.3 X137.038 Y97.471 E2475.5289
G1 F4774.3 X136.556 Y97.182 E2475.54858
G1 F4763 X136.182 Y96.756 E2475.56847
G1 F4751.8 X136 Y96.392 E2475.58278
G1 F4763 X135.896 Y95.871 E2475.60142
G1 X135.888 Y95.687 E2475.60789
G1 X135.999 Y95.105 E2475.62868
G1 F4751.8 X136.278 Y94.605 E2475.64881
M204 S5000
M205 X30 Y30
G0 F7200 X136.427 Y95.28
M204 S3000
M205 X20 Y20
;TYPE:WALL-OUTER
G1 F2040 X136.655 Y94.873 E2475.66821
G1 X136.857 Y94.668 E2475.68018
G1 X137.283 Y94.426 E2475.70054
G1 X137.73 Y94.347 E2475.71942
G1 X138.229 Y94.43 E2475.74045
G1 X138.611 Y94.643 E2475.75863
G1 X138.83 Y94.853 E2475.77125
G1 X139.073 Y95.277 E2475.79156
G1 X139.153 Y95.775 E2475.81253
G1 X139.076 Y96.212 E2475.83098
G1 X138.959 Y96.461 E2475.84242
G1 X138.652 Y96.827 E2475.86228
G1 X138.229 Y97.07 E2475.88256
G1 X137.73 Y97.153 E2475.90359
G1 X137.284 Y97.074 E2475.92242
G1 X136.829 Y96.809 E2475.94432
G1 X136.556 Y96.484 E2475.96196
G1 X136.43 Y96.226 E2475.9739
G1 X136.35 Y95.792 E2475.99225
G1 X136.427 Y95.28 E2476.01377
M204 S5000
M205 X30 Y30
G0 F7200 X136.524 Y95.106
G0 X135.917 Y94.753
G0 X135.703 Y95.83
G0 X135.004 Y95.886
M204 S3000
M205 X20 Y20
G1 F2040 X135.092 Y96.444 E2476.03726
G1 X135.176 Y96.72 E2476.04925
G1 X135.433 Y97.229 E2476.07296
G1 X135.59 Y97.449 E2476.0842
G1 X135.992 Y97.861 E2476.10813
G1 X136.463 Y98.178 E2476.13173
G1 X136.707 Y98.293 E2476.14295
G1 X137.26 Y98.453 E2476.16688
G1 X137.821 Y98.497 E2476.19028
G1 X138.384 Y98.425 E2476.21387
G1 X138.916 Y98.239 E2476.2373
G1 X139.406 Y97.945 E2476.26106
G1 X139.613 Y97.772 E2476.27228
G1 X139.988 Y97.344 E2476.29594
G1 X140.268 Y96.855 E2476.31936
G1 X140.44 Y96.315 E2476.34292
G1 X140.498 Y95.748 E2476.36662
G1 X140.44 Y95.185 E2476.39015
G1 X140.268 Y94.645 E2476.41371
G1 X139.988 Y94.156 E2476.43714
G1 X139.611 Y93.726 E2476.46092
G1 X139.406 Y93.555 E2476.47201
G1 X138.916 Y93.261 E2476.49577
G1 X138.384 Y93.075 E2476.5192
G1 X137.821 Y93.003 E2476.5428
G1 X137.26 Y93.047 E2476.5662
G1 X136.707 Y93.207 E2476.59013
G1 X136.463 Y93.322 E2476.60134
G1 X135.991 Y93.638 E2476.62496
G1 X135.589 Y94.051 E2476.64892
G1 X135.434 Y94.27 E2476.66008
G1 X135.176 Y94.78 E2476.68384
G1 X135.092 Y95.056 E2476.69583
G1 X135.004 Y95.618 E2476.71948
G1 X135.004 Y95.886 E2476.73062
M204 S5000
M205 X30 Y30
G0 F7200 X135.035 Y96.083
G1 F1500 E2470.23062
;MESH:NONMESH
G0 F600 X135.035 Y96.083 Z4.7
G0 F7200 X135.726 Y95.976
G0 X134.089 Y95.634
G0 X85.812 Y94.919
G0 X84.692 Y95.094
G0 X82.814 Y94.199
G0 X81.794 Y94.18
G0 X80.373 Y94.936
G1 F1500 E2476.73062
G0 F7200 X80.157 Y94.832
;TIME_ELAPSED:2333.179376
;LAYER:22
M204 S3000
M205 X20 Y20
;TYPE:WALL-INNER
;MESH:Pi Holder.stl
G1 F4718.3 X80.017 Y95.28 E2476.74725
G1 F4729.4 X79.964 Y95.752 E2476.76403
G1 X80.017 Y96.22 E2476.78068
G1 F4707.3 X80.157 Y96.668 E2476.79734
G1 F4729.4 X80.391 Y97.074 E2476.8139
G1 F4740.6 X80.862 Y97.568 E2476.83797
G1 X81.282 Y97.817 E2476.85518
G1 F4718.3 X81.724 Y97.97 E2476.87175
G1 F4740.6 X82.19 Y98.035 E2476.88834
G1 F4729.4 X82.656 Y97.994 E2476.90487
G1 F4718.3 X83.13 Y97.859 E2476.92233
G1 F4763 X83.712 Y97.506 E2476.94621
G1 X84.171 Y96.99 E2476.97045
G1 X84.437 Y96.459 E2476.99129
G1 X84.553 Y95.737 E2477.01694
G1 X84.395 Y94.953 E2477.04501
G1 X84.066 Y94.361 E2477.06877
G1 F4785.7 X83.712 Y93.994 E2477.08658
G1 F4774.3 X83.13 Y93.64 E2477.11043
G1 F4729.4 X82.656 Y93.507 E2477.12782
G1 F4740.6 X82.19 Y93.465 E2477.14432
G1 X81.724 Y93.53 E2477.16091
G1 F4718.3 X81.282 Y93.683 E2477.17748
G1 F4740.6 X80.862 Y93.932 E2477.19469
G1 F4751.8 X80.39 Y94.426 E2477.21872
G1 F4740.6 X80.157 Y94.832 E2477.23523
M204 S5000
M205 X30 Y30
G0 F7200 X80.373 Y94.936
G0 X80.266 Y96.455
G0 X80.488 Y96.352
M204 S3000
M205 X20 Y20
G1 F4808.6 X80.398 Y95.872 E2477.2522
G1 F4740.6 X80.439 Y95.36 E2477.27031
G1 F4718.3 X80.538 Y95.017 E2477.28295
G1 F4740.6 X80.75 Y94.648 E2477.29796
G1 X81.107 Y94.278 E2477.31608
G1 X81.506 Y94.045 E2477.33237
G1 F4718.3 X81.809 Y93.949 E2477.34363
G1 F4740.6 X82.207 Y93.887 E2477.35783
G1 X82.581 Y93.929 E2477.3711
G1 F4729.4 X82.962 Y94.029 E2477.38502
G1 F4774.3 X83.441 Y94.316 E2477.40457
G1 F4785.7 X83.722 Y94.605 E2477.41865
G1 F4774.3 X84.014 Y95.145 E2477.44014
G1 X84.123 Y95.748 E2477.46159
G1 F4785.7 X84.018 Y96.345 E2477.48276
G1 F4774.3 X83.818 Y96.756 E2477.49876
G1 F4797.1 X83.501 Y97.13 E2477.51584
G1 F4785.7 X82.962 Y97.472 E2477.53813
G1 F4718.3 X82.581 Y97.571 E2477.55208
G1 F4729.4 X82.207 Y97.613 E2477.56538
G1 F4797.1 X81.62 Y97.502 E2477.58619
G1 F4785.7 X81.052 Y97.181 E2477.60897
G1 F4740.6 X80.71 Y96.792 E2477.62724
G1 F4763 X80.488 Y96.352 E2477.64453
M204 S5000
M205 X30 Y30
G0 F7200 X80.85 Y95.793
M204 S3000
M205 X20 Y20
;TYPE:WALL-OUTER
G1 F2040 X80.928 Y95.278 E2477.66618
G1 X81.17 Y94.854 E2477.68648
G1 X81.374 Y94.654 E2477.69836
G1 X81.771 Y94.43 E2477.71731
G1 X82.27 Y94.347 E2477.73834
G1 X82.717 Y94.425 E2477.75721
G1 X83.121 Y94.65 E2477.77643
G1 X83.346 Y94.873 E2477.7896
G1 X83.573 Y95.28 E2477.80898
G1 X83.653 Y95.727 E2477.82786
G1 X83.576 Y96.209 E2477.84815
G1 X83.444 Y96.484 E2477.86083
G1 X83.131 Y96.843 E2477.88063
G1 X82.717 Y97.074 E2477.90034
G1 X82.27 Y97.153 E2477.91922
G1 X81.771 Y97.07 E2477.94025
G1 X81.332 Y96.812 E2477.96142
G1 X81.041 Y96.461 E2477.98037
G1 X80.925 Y96.212 E2477.99179
G1 X80.85 Y95.793 E2478.00949
M204 S5000
M205 X30 Y30
G0 F7200 X80.88 Y95.595
G0 X80.181 Y95.472
G0 X79.502 Y95.752
M204 S3000
M205 X20 Y20
G1 F2040 X79.56 Y96.315 E2478.03302
G1 X79.731 Y96.855 E2478.05657
G1 X80.012 Y97.344 E2478.08002
G1 X80.387 Y97.772 E2478.10368
G1 X80.594 Y97.945 E2478.11489
G1 X81.084 Y98.239 E2478.13865
G1 X81.616 Y98.424 E2478.16207
G1 X82.179 Y98.497 E2478.18567
G1 X82.74 Y98.453 E2478.20906
G1 X83.293 Y98.293 E2478.233
G1 X83.537 Y98.178 E2478.24421
G1 X84.009 Y97.862 E2478.26783
G1 X84.41 Y97.449 E2478.29176
G1 X84.567 Y97.229 E2478.303
G1 X84.823 Y96.72 E2478.32669
G1 X84.908 Y96.445 E2478.33865
G1 X84.996 Y95.882 E2478.36234
G1 X84.996 Y95.614 E2478.37349
G1 X84.908 Y95.056 E2478.39697
G1 X84.824 Y94.78 E2478.40897
G1 X84.565 Y94.269 E2478.43278
G1 X84.41 Y94.051 E2478.4439
G1 X84.008 Y93.639 E2478.46784
G1 X83.537 Y93.322 E2478.49144
G1 X83.293 Y93.207 E2478.50265
G1 X82.74 Y93.047 E2478.52659
G1 X82.179 Y93.003 E2478.54998
G1 X81.616 Y93.076 E2478.57359
G1 X81.084 Y93.261 E2478.597
G1 X80.594 Y93.555 E2478.62076
G1 X80.387 Y93.728 E2478.63198
G1 X80.012 Y94.156 E2478.65564
G1 X79.732 Y94.645 E2478.67906
G1 X79.56 Y95.185 E2478.70262
G1 X79.502 Y95.752 E2478.72632
M204 S5000
M205 X30 Y30
G0 F7200 X79.522 Y95.951
G1 F1500 E2472.22632
G0 F7200 X80.219 Y95.881
G0 X81.177 Y98.039
G0 X80.804 Y99.11
G0 X80.803 Y111.391
G0 X81.177 Y112.461
G0 X80.373 Y113.936
G1 F1500 E2478.72632
G0 F7200 X80.157 Y113.832
M204 S3000
M205 X20 Y20
;TYPE:WALL-INNER
G1 F4718.3 X80.017 Y114.28 E2478.74295
G1 F4729.4 X79.964 Y114.752 E2478.75973
G1 X80.017 Y115.22 E2478.77638
G1 F4707.3 X80.157 Y115.668 E2478.79304
G1 F4729.4 X80.391 Y116.074 E2478.8096
G1 F4740.6 X80.862 Y116.568 E2478.83366
G1 X81.282 Y116.817 E2478.85088
G1 F4718.3 X81.724 Y116.97 E2478.86745
G1 F4740.6 X82.19 Y117.035 E2478.88403
G1 F4729.4 X82.656 Y116.994 E2478.90057
G1 F4718.3 X83.13 Y116.859 E2478.91802
G1 F4763 X83.712 Y116.506 E2478.94191
G1 X84.171 Y115.99 E2478.96614
G1 X84.437 Y115.459 E2478.98698
G1 X84.553 Y114.737 E2479.01264
G1 X84.395 Y113.953 E2479.0407
G1 X84.066 Y113.361 E2479.06447
G1 F4785.7 X83.712 Y112.994 E2479.08228
G1 F4774.3 X83.13 Y112.64 E2479.10612
G1 F4729.4 X82.656 Y112.507 E2479.12352
G1 F4740.6 X82.19 Y112.465 E2479.14002
G1 X81.724 Y112.53 E2479.1566
G1 F4718.3 X81.282 Y112.683 E2479.17317
G1 F4740.6 X80.862 Y112.932 E2479.19039
G1 F4751.8 X80.39 Y113.426 E2479.21442
G1 F4740.6 X80.157 Y113.832 E2479.23092
M204 S5000
M205 X30 Y30
G0 F7200 X80.373 Y113.936
G0 X80.266 Y115.455
G0 X80.488 Y115.352
M204 S3000
M205 X20 Y20
G1 F4808.6 X80.398 Y114.872 E2479.2479
G1 F4740.6 X80.439 Y114.36 E2479.266
G1 F4718.3 X80.538 Y114.017 E2479.27865
G1 F4740.6 X80.75 Y113.648 E2479.29365
G1 X81.107 Y113.278 E2479.31178
G1 X81.506 Y113.045 E2479.32807
G1 F4718.3 X81.809 Y112.949 E2479.33933
G1 F4740.6 X82.207 Y112.887 E2479.35353
G1 X82.581 Y112.929 E2479.3668
G1 F4729.4 X82.962 Y113.029 E2479.38072
G1 F4774.3 X83.441 Y113.316 E2479.40027
G1 F4785.7 X83.722 Y113.605 E2479.41434
G1 F4774.3 X84.014 Y114.145 E2479.43583
G1 X84.123 Y114.748 E2479.45728
G1 F4785.7 X84.018 Y115.345 E2479.47845
G1 F4774.3 X83.818 Y115.756 E2479.49445
G1 F4797.1 X83.501 Y116.13 E2479.51154
G1 F4785.7 X82.962 Y116.472 E2479.53383
G1 F4718.3 X82.581 Y116.571 E2479.54777
G1 F4729.4 X82.207 Y116.613 E2479.56107
G1 F4797.1 X81.62 Y116.502 E2479.58189
G1 F4785.7 X81.052 Y116.181 E2479.60467
G1 F4740.6 X80.71 Y115.792 E2479.62293
G1 F4763 X80.488 Y115.352 E2479.64023
M204 S5000
M205 X30 Y30
G0 F7200 X80.85 Y114.793
M204 S3000
M205 X20 Y20
;TYPE:WALL-OUTER
G1 F2040 X80.928 Y114.278 E2479.66188
G1 X81.17 Y113.854 E2479.68218
G1 X81.374 Y113.654 E2479.69405
G1 X81.771 Y113.43 E2479.71301
G1 X82.27 Y113.347 E2479.73404
G1 X82.717 Y113.425 E2479.7529
G1 X83.121 Y113.65 E2479.77213
G1 X83.346 Y113.873 E2479.7853
G1 X83.573 Y114.28 E2479.80467
G1 X83.653 Y114.727 E2479.82355
G1 X83.576 Y115.209 E2479.84385
G1 X83.444 Y115.484 E2479.85653
G1 X83.131 Y115.843 E2479.87633
G1 X82.717 Y116.074 E2479.89604
G1 X82.27 Y116.153 E2479.91491
G1 X81.771 Y116.07 E2479.93594
G1 X81.332 Y115.812 E2479.95711
G1 X81.041 Y115.461 E2479.97607
G1 X80.925 Y115.212 E2479.98749
G1 X80.85 Y114.793 E2480.00519
M204 S5000
M205 X30 Y30
G0 F7200 X80.88 Y114.595
G0 X80.181 Y114.472
G0 X79.502 Y114.752
M204 S3000
M205 X20 Y20
G1 F2040 X79.56 Y115.315 E2480.02872
G1 X79.731 Y115.855 E2480.05227
G1 X80.012 Y116.344 E2480.07571
G1 X80.387 Y116.772 E2480.09937
G1 X80.594 Y116.945 E2480.11059
G1 X81.084 Y117.239 E2480.13435
G1 X81.616 Y117.424 E2480.15776
G1 X82.179 Y117.497 E2480.18137
G1 X82.74 Y117.453 E2480.20476
G1 X83.293 Y117.293 E2480.22869
G1 X83.537 Y117.178 E2480.23991
G1 X84.009 Y116.862 E2480.26352
G1 X84.41 Y116.449 E2480.28746
G1 X84.567 Y116.229 E2480.29869
G1 X84.823 Y115.72 E2480.32238
G1 X84.908 Y115.445 E2480.33435
G1 X84.996 Y114.882 E2480.35804
G1 X84.996 Y114.614 E2480.36918
G1 X84.908 Y114.056 E2480.39267
G1 X84.824 Y113.78 E2480.40466
G1 X84.565 Y113.269 E2480.42848
G1 X84.41 Y113.051 E2480.4396
G1 X84.008 Y112.639 E2480.46353
G1 X83.537 Y112.322 E2480.48714
G1 X83.293 Y112.207 E2480.49835
G1 X82.74 Y112.047 E2480.52228
G1 X82.179 Y112.003 E2480.54568
G1 X81.616 Y112.076 E2480.56928
G1 X81.084 Y112.261 E2480.5927
G1 X80.594 Y112.555 E2480.61646
G1 X80.387 Y112.728 E2480.62767
G1 X80.012 Y113.156 E2480.65133
G1 X79.732 Y113.645 E2480.67476
G1 X79.56 Y114.185 E2480.69832
G1 X79.502 Y114.752 E2480.72202
M204 S5000
M205 X30 Y30
G0 F7200 X79.522 Y114.951
G1 F1500 E2474.22202
G0 F7200 X80.219 Y114.881
G0 X81.189 Y116.012
G0 X82.25 Y116.401
G0 X84.776 Y114.83
G0 X85.911 Y114.83
G0 X134.089 Y114.83
G0 X135.224 Y114.83
G1 F1500 E2480.72202
G0 F7200 X135.465 Y114.85
M204 S3000
M205 X20 Y20
;TYPE:WALL-INNER
G1 F4751.8 X135.606 Y115.547 E2480.74703
G1 X135.83 Y115.989 E2480.76446
G1 F4763 X136.288 Y116.506 E2480.78869
G1 F4774.3 X136.87 Y116.86 E2480.81254
G1 F4718.3 X137.344 Y116.994 E2480.82999
G1 F4729.4 X137.81 Y117.035 E2480.84652
G1 X138.276 Y116.971 E2480.86314
G1 F4707.3 X138.718 Y116.817 E2480.87976
G1 F4740.6 X139.138 Y116.568 E2480.89697
G1 X139.609 Y116.074 E2480.92104
G1 F4729.4 X139.843 Y115.668 E2480.9376
G1 F4718.3 X139.983 Y115.22 E2480.95422
G1 F4740.6 X140.035 Y114.748 E2480.97097
G1 X139.983 Y114.28 E2480.98757
G1 F4718.3 X139.843 Y113.832 E2481.00419
G1 F4740.6 X139.61 Y113.426 E2481.0207
G1 F4751.8 X139.138 Y112.932 E2481.04473
G1 F4740.6 X138.718 Y112.682 E2481.06196
G1 F4718.3 X138.276 Y112.53 E2481.07852
G1 F4740.6 X137.81 Y112.466 E2481.0951
G1 F4729.4 X137.344 Y112.506 E2481.11163
G1 F4718.3 X136.87 Y112.64 E2481.12908
G1 F4763 X136.288 Y112.994 E2481.15298
G1 X135.944 Y113.347 E2481.17027
G1 F4751.8 X135.606 Y113.953 E2481.19468
G1 F4763 X135.465 Y114.653 E2481.21974
G1 F4751.8 X135.465 Y114.85 E2481.22667
M204 S5000
M205 X30 Y30
G0 F7200 X135.703 Y114.83
G0 X136.072 Y113.485
G0 X136.278 Y113.605
M204 S3000
M205 X20 Y20
G1 F4763 X136.559 Y113.317 E2481.24078
G1 F4785.7 X137.09 Y112.998 E2481.26242
G1 F4808.6 X137.694 Y112.89 E2481.28374
G1 F4763 X138.19 Y112.949 E2481.30127
G1 F4740.6 X138.494 Y113.043 E2481.31249
G1 F4785.7 X138.937 Y113.312 E2481.33059
G1 F4774.3 X139.251 Y113.648 E2481.34669
G1 F4751.8 X139.462 Y114.017 E2481.36164
G1 F4718.3 X139.561 Y114.361 E2481.37432
G1 F4740.6 X139.614 Y114.748 E2481.38809
G1 F4820.1 X139.513 Y115.351 E2481.40929
G1 F4831.7 X139.333 Y115.742 E2481.42418
G1 F4808.6 X138.948 Y116.182 E2481.4445
G1 F4751.8 X138.522 Y116.44 E2481.46202
G1 F4740.6 X138.27 Y116.534 E2481.4715
G1 F4774.3 X137.793 Y116.613 E2481.48842
G1 F4729.4 X137.419 Y116.571 E2481.50172
G1 F4718.3 X137.038 Y116.471 E2481.51568
G1 F4774.3 X136.556 Y116.182 E2481.53535
G1 F4763 X136.182 Y115.756 E2481.55524
G1 F4751.8 X136 Y115.392 E2481.56956
G1 F4763 X135.896 Y114.871 E2481.5882
G1 X135.888 Y114.687 E2481.59466
G1 X135.999 Y114.105 E2481.61545
G1 F4751.8 X136.278 Y113.605 E2481.63559
M204 S5000
M205 X30 Y30
G0 F7200 X136.427 Y114.28
M204 S3000
M205 X20 Y20
;TYPE:WALL-OUTER
G1 F2040 X136.655 Y113.873 E2481.65499
G1 X136.857 Y113.668 E2481.66695
G1 X137.283 Y113.426 E2481.68732
G1 X137.73 Y113.347 E2481.70619
G1 X138.229 Y113.43 E2481.72722
G1 X138.611 Y113.643 E2481.74541
G1 X138.83 Y113.853 E2481.75802
G1 X139.073 Y114.277 E2481.77834
G1 X139.153 Y114.775 E2481.79931
G1 X139.076 Y115.212 E2481.81776
G1 X138.959 Y115.461 E2481.8292
G1 X138.652 Y115.827 E2481.84906
G1 X138.229 Y116.07 E2481.86934
G1 X137.73 Y116.153 E2481.89037
G1 X137.284 Y116.074 E2481.9092
G1 X136.829 Y115.809 E2481.93109
G1 X136.556 Y115.484 E2481.94874
G1 X136.43 Y115.226 E2481.96067
G1 X136.35 Y114.792 E2481.97902
G1 X136.427 Y114.28 E2482.00055
M204 S5000
M205 X30 Y30
G0 F7200 X136.524 Y114.106
G0 X135.917 Y113.753
G0 X135.703 Y114.83
G0 X135.004 Y114.886
M204 S3000
M205 X20 Y20
G1 F2040 X135.092 Y115.444 E2482.02403
G1 X135.176 Y115.72 E2482.03603
G1 X135.433 Y116.229 E2482.05973
G1 X135.59 Y116.449 E2482.07097
G1 X135.992 Y116.861 E2482.0949
G1 X136.463 Y117.178 E2482.11851
G1 X136.707 Y117.293 E2482.12972
G1 X137.26 Y117.453 E2482.15366
G1 X137.821 Y117.497 E2482.17705
G1 X138.384 Y117.425 E2482.20065
G1 X138.916 Y117.239 E2482.22408
G1 X139.406 Y116.945 E2482.24784
G1 X139.613 Y116.772 E2482.25905
G1 X139.988 Y116.344 E2482.28271
G1 X140.268 Y115.855 E2482.30614
G1 X140.44 Y115.315 E2482.3297
G1 X140.498 Y114.748 E2482.3534
G1 X140.44 Y114.185 E2482.37693
G1 X140.268 Y113.645 E2482.40049
G1 X139.988 Y113.156 E2482.42392
G1 X139.611 Y112.726 E2482.44769
G1 X139.406 Y112.555 E2482.45879
G1 X138.916 Y112.261 E2482.48255
G1 X138.384 Y112.075 E2482.50598
G1 X137.821 Y112.003 E2482.52958
G1 X137.26 Y112.047 E2482.55297
G1 X136.707 Y112.207 E2482.57691
G1 X136.463 Y112.322 E2482.58812
G1 X135.991 Y112.638 E2482.61174
G1 X135.589 Y113.051 E2482.6357
G1 X135.434 Y113.27 E2482.64685
G1 X135.176 Y113.78 E2482.67061
G1 X135.092 Y114.056 E2482.68261
G1 X135.004 Y114.618 E2482.70626
G1 X135.004 Y114.886 E2482.7174
M204 S5000
M205 X30 Y30
G0 F7200 X135.035 Y115.083
G1 F1500 E2476.2174
G0 F7200 X135.726 Y114.976
G0 X136.13 Y112.809
G0 X135.496 Y111.868
G0 X135.497 Y98.633
G0 X136.13 Y97.691
G0 X135.703 Y95.83
G1 F1500 E2482.7174
G0 F7200 X135.465 Y95.85
M204 S3000
M205 X20 Y20
;TYPE:WALL-INNER
G1 F4751.8 X135.606 Y96.547 E2482.74241
G1 X135.83 Y96.989 E2482.75984
G1 F4763 X136.288 Y97.506 E2482.78408
G1 F4774.3 X136.87 Y97.86 E2482.80792
G1 F4718.3 X137.344 Y97.994 E2482.82537
G1 F4729.4 X137.81 Y98.035 E2482.8419
G1 X138.276 Y97.971 E2482.85853
G1 F4707.3 X138.718 Y97.817 E2482.87514
G1 F4740.6 X139.138 Y97.568 E2482.89236
G1 X139.609 Y97.074 E2482.91642
G1 F4729.4 X139.843 Y96.668 E2482.93298
G1 F4718.3 X139.983 Y96.22 E2482.94961
G1 F4740.6 X140.035 Y95.748 E2482.96635
G1 X139.983 Y95.28 E2482.98295
G1 F4718.3 X139.843 Y94.832 E2482.99958
G1 F4740.6 X139.61 Y94.426 E2483.01608
G1 F4751.8 X139.138 Y93.932 E2483.04011
G1 F4740.6 X138.718 Y93.682 E2483.05734
G1 F4718.3 X138.276 Y93.53 E2483.0739
G1 F4740.6 X137.81 Y93.466 E2483.09048
G1 F4729.4 X137.344 Y93.506 E2483.10701
G1 F4718.3 X136.87 Y93.64 E2483.12446
G1 F4763 X136.288 Y93.994 E2483.14836
G1 X135.944 Y94.347 E2483.16566
G1 F4751.8 X135.606 Y94.953 E2483.19006
G1 F4763 X135.465 Y95.653 E2483.21512
G1 F4751.8 X135.465 Y95.85 E2483.22205
M204 S5000
M205 X30 Y30
G0 F7200 X135.703 Y95.83
G0 X136.072 Y94.485
G0 X136.278 Y94.605
M204 S3000
M205 X20 Y20
G1 F4763 X136.559 Y94.317 E2483.23617
G1 F4785.7 X137.09 Y93.998 E2483.2578
G1 F4808.6 X137.694 Y93.89 E2483.27913
G1 F4763 X138.19 Y93.949 E2483.29665
G1 F4740.6 X138.494 Y94.043 E2483.30787
G1 F4785.7 X138.937 Y94.312 E2483.32597
G1 F4774.3 X139.251 Y94.648 E2483.34207
G1 F4751.8 X139.462 Y95.017 E2483.35702
G1 F4718.3 X139.561 Y95.361 E2483.3697
G1 F4740.6 X139.614 Y95.748 E2483.38347
G1 F4820.1 X139.513 Y96.351 E2483.40467
G1 F4831.7 X139.333 Y96.742 E2483.41956
G1 F4808.6 X138.948 Y97.182 E2483.43988
G1 F4751.8 X138.522 Y97.44 E2483.4574
G1 F4740.6 X138.27 Y97.534 E2483.46688
G1 F4774.3 X137.793 Y97.613 E2483.48381
G1 F4729.4 X137.419 Y97.571 E2483.49711
G1 F4718.3 X137.038 Y97.471 E2483.51106
G1 F4774.3 X136.556 Y97.182 E2483.53073
G1 F4763 X136.182 Y96.756 E2483.55063
G1 F4751.8 X136 Y96.392 E2483.56494
G1 F4763 X135.896 Y95.871 E2483.58358
G1 X135.888 Y95.687 E2483.59004
G1 X135.999 Y95.105 E2483.61083
G1 F4751.8 X136.278 Y94.605 E2483.63097
M204 S5000
M205 X30 Y30
G0 F7200 X136.427 Y95.28
M204 S3000
M205 X20 Y20
;TYPE:WALL-OUTER
G1 F2040 X136.655 Y94.873 E2483.65037
G1 X136.857 Y94.668 E2483.66233
G1 X137.283 Y94.426 E2483.6827
G1 X137.73 Y94.347 E2483.70158
G1 X138.229 Y94.43 E2483.72261
G1 X138.611 Y94.643 E2483.74079
G1 X138.83 Y94.853 E2483.7534
G1 X139.073 Y95.277 E2483.77372
G1 X139.153 Y95.775 E2483.79469
G1 X139.076 Y96.212 E2483.81314
G1 X138.959 Y96.461 E2483.82458
G1 X138.652 Y96.827 E2483.84444
G1 X138.229 Y97.07 E2483.86472
G1 X137.73 Y97.153 E2483.88575
G1 X137.284 Y97.074 E2483.90458
G1 X136.829 Y96.809 E2483.92647
G1 X136.556 Y96.484 E2483.94412
G1 X136.43 Y96.226 E2483.95606
G1 X136.35 Y95.792 E2483.97441
G1 X136.427 Y95.28 E2483.99593
M204 S5000
M205 X30 Y30
G0 F7200 X136.524 Y95.106
G0 X135.917 Y94.753
G0 X135.703 Y95.83
G0 X135.004 Y95.886
M204 S3000
M205 X20 Y20
G1 F2040 X135.092 Y96.444 E2484.01942
G1 X135.176 Y96.72 E2484.03141
G1 X135.433 Y97.229 E2484.05512
G1 X135.59 Y97.449 E2484.06635
G1 X135.992 Y97.861 E2484.09029
G1 X136.463 Y98.178 E2484.11389
G1 X136.707 Y98.293 E2484.1251
G1 X137.26 Y98.453 E2484.14904
G1 X137.821 Y98.497 E2484.17243
G1 X138.384 Y98.425 E2484.19603
G1 X138.916 Y98.239 E2484.21946
G1 X139.406 Y97.945 E2484.24322
G1 X139.613 Y97.772 E2484.25444
G1 X139.988 Y97.344 E2484.27809
G1 X140.268 Y96.855 E2484.30152
G1 X140.44 Y96.315 E2484.32508
G1 X140.498 Y95.748 E2484.34878
G1 X140.44 Y95.185 E2484.37231
G1 X140.268 Y94.645 E2484.39587
G1 X139.988 Y94.156 E2484.4193
G1 X139.611 Y93.726 E2484.44307
G1 X139.406 Y93.555 E2484.45417
G1 X138.916 Y93.261 E2484.47793
G1 X138.384 Y93.075 E2484.50136
G1 X137.821 Y93.003 E2484.52496
G1 X137.26 Y93.047 E2484.54835
G1 X136.707 Y93.207 E2484.57229
G1 X136.463 Y93.322 E2484.5835
G1 X135.991 Y93.638 E2484.60712
G1 X135.589 Y94.051 E2484.63108
G1 X135.434 Y94.27 E2484.64223
G1 X135.176 Y94.78 E2484.666
G1 X135.092 Y95.056 E2484.67799
G1 X135.004 Y95.618 E2484.70164
G1 X135.004 Y95.886 E2484.71278
M204 S5000
M205 X30 Y30
G0 F7200 X135.035 Y96.083
G1 F1500 E2478.21278
;MESH:NONMESH
G0 F600 X135.035 Y96.083 Z4.9
G0 F7200 X135.726 Y95.976
G0 X134.089 Y95.634
G0 X85.812 Y94.919
G0 X84.692 Y95.094
G0 X82.814 Y94.199
G0 X81.794 Y94.18
G0 X80.373 Y94.936
G1 F1500 E2484.71278
G0 F7200 X80.157 Y94.832
;TIME_ELAPSED:2341.912420
;LAYER:23
M204 S3000
M205 X20 Y20
;TYPE:WALL-INNER
;MESH:Pi Holder.stl
G1 F4718.3 X80.017 Y95.28 E2484.72941
G1 F4729.4 X79.964 Y95.752 E2484.74619
G1 X80.017 Y96.22 E2484.76284
G1 F4707.3 X80.157 Y96.668 E2484.7795
G1 F4729.4 X80.391 Y97.074 E2484.79606
G1 F4740.6 X80.862 Y97.568 E2484.82013
G1 X81.282 Y97.817 E2484.83734
G1 F4718.3 X81.724 Y97.97 E2484.85391
G1 F4740.6 X82.19 Y98.035 E2484.8705
G1 F4729.4 X82.656 Y97.994 E2484.88703
G1 F4718.3 X83.13 Y97.859 E2484.90449
G1 F4763 X83.712 Y97.506 E2484.92837
G1 X84.171 Y96.99 E2484.9526
G1 X84.437 Y96.459 E2484.97344
G1 X84.553 Y95.737 E2484.9991
G1 X84.395 Y94.953 E2485.02717
G1 X84.066 Y94.361 E2485.05093
G1 F4785.7 X83.712 Y93.994 E2485.06874
G1 F4774.3 X83.13 Y93.64 E2485.09259
G1 F4729.4 X82.656 Y93.507 E2485.10998
G1 F4740.6 X82.19 Y93.465 E2485.12648
G1 X81.724 Y93.53 E2485.14307
G1 F4718.3 X81.282 Y93.683 E2485.15964
G1 F4740.6 X80.862 Y93.932 E2485.17685
G1 F4751.8 X80.39 Y94.426 E2485.20088
G1 F4740.6 X80.157 Y94.832 E2485.21738
M204 S5000
M205 X30 Y30
G0 F7200 X80.373 Y94.936
G0 X80.266 Y96.455
G0 X80.488 Y96.352
M204 S3000
M205 X20 Y20
G1 F4808.6 X80.398 Y95.872 E2485.23436
G1 F4740.6 X80.439 Y95.36 E2485.25247
G1 F4718.3 X80.538 Y95.017 E2485.26511
G1 F4740.6 X80.75 Y94.648 E2485.28012
G1 X81.107 Y94.278 E2485.29824
G1 X81.506 Y94.045 E2485.31453
G1 F4718.3 X81.809 Y93.949 E2485.32579
G1 F4740.6 X82.207 Y93.887 E2485.33999
G1 X82.581 Y93.929 E2485.35326
G1 F4729.4 X82.962 Y94.029 E2485.36718
G1 F4774.3 X83.441 Y94.316 E2485.38673
G1 F4785.7 X83.722 Y94.605 E2485.40081
G1 F4774.3 X84.014 Y95.145 E2485.4223
G1 X84.123 Y95.748 E2485.44375
G1 F4785.7 X84.018 Y96.345 E2485.46492
G1 F4774.3 X83.818 Y96.756 E2485.48092
G1 F4797.1 X83.501 Y97.13 E2485.498
G1 F4785.7 X82.962 Y97.472 E2485.52029
G1 F4718.3 X82.581 Y97.571 E2485.53424
G1 F4729.4 X82.207 Y97.613 E2485.54753
G1 F4797.1 X81.62 Y97.502 E2485.56835
G1 F4785.7 X81.052 Y97.181 E2485.59113
G1 F4740.6 X80.71 Y96.792 E2485.60939
G1 F4763 X80.488 Y96.352 E2485.62669
M204 S5000
M205 X30 Y30
G0 F7200 X80.85 Y95.793
M204 S3000
M205 X20 Y20
;TYPE:WALL-OUTER
G1 F2040 X80.928 Y95.278 E2485.64834
G1 X81.17 Y94.854 E2485.66864
G1 X81.374 Y94.654 E2485.68052
G1 X81.771 Y94.43 E2485.69947
G1 X82.27 Y94.347 E2485.7205
G1 X82.717 Y94.425 E2485.73936
G1 X83.121 Y94.65 E2485.75859
G1 X83.346 Y94.873 E2485.77176
G1 X83.573 Y95.28 E2485.79114
G1 X83.653 Y95.727 E2485.81002
G1 X83.576 Y96.209 E2485.83031
G1 X83.444 Y96.484 E2485.84299
G1 X83.131 Y96.843 E2485.86279
G1 X82.717 Y97.074 E2485.8825
G1 X82.27 Y97.153 E2485.90137
G1 X81.771 Y97.07 E2485.92241
G1 X81.332 Y96.812 E2485.94358
G1 X81.041 Y96.461 E2485.96253
G1 X80.925 Y96.212 E2485.97395
G1 X80.85 Y95.793 E2485.99165
M204 S5000
M205 X30 Y30
G0 F7200 X80.88 Y95.595
G0 X80.181 Y95.472
G0 X79.502 Y95.752
M204 S3000
M205 X20 Y20
G1 F2040 X79.56 Y96.315 E2486.01518
G1 X79.731 Y96.855 E2486.03873
G1 X80.012 Y97.344 E2486.06218
G1 X80.387 Y97.772 E2486.08583
G1 X80.594 Y97.945 E2486.09705
G1 X81.084 Y98.239 E2486.12081
G1 X81.616 Y98.424 E2486.14423
G1 X82.179 Y98.497 E2486.16783
G1 X82.74 Y98.453 E2486.19122
G1 X83.293 Y98.293 E2486.21516
G1 X83.537 Y98.178 E2486.22637
G1 X84.009 Y97.862 E2486.24999
G1 X84.41 Y97.449 E2486.27392
G1 X84.567 Y97.229 E2486.28516
G1 X84.823 Y96.72 E2486.30884
G1 X84.908 Y96.445 E2486.32081
G1 X84.996 Y95.882 E2486.3445
G1 X84.996 Y95.614 E2486.35564
G1 X84.908 Y95.056 E2486.37913
G1 X84.824 Y94.78 E2486.39112
G1 X84.565 Y94.269 E2486.41494
G1 X84.41 Y94.051 E2486.42606
G1 X84.008 Y93.639 E2486.45
G1 X83.537 Y93.322 E2486.4736
G1 X83.293 Y93.207 E2486.48481
G1 X82.74 Y93.047 E2486.50875
G1 X82.179 Y93.003 E2486.53214
G1 X81.616 Y93.076 E2486.55575
G1 X81.084 Y93.261 E2486.57916
G1 X80.594 Y93.555 E2486.60292
G1 X80.387 Y93.728 E2486.61414
G1 X80.012 Y94.156 E2486.63779
G1 X79.732 Y94.645 E2486.66122
G1 X79.56 Y95.185 E2486.68478
G1 X79.502 Y95.752 E2486.70848
M204 S5000
M205 X30 Y30
G0 F7200 X79.522 Y95.951
G1 F1500 E2480.20848
G0 F7200 X80.219 Y95.881
G0 X81.177 Y98.039
G0 X80.804 Y99.11
G0 X80.803 Y111.391
G0 X81.177 Y112.461
G0 X80.373 Y113.936
G1 F1500 E2486.70848
G0 F7200 X80.157 Y113.832
M204 S3000
M205 X20 Y20
;TYPE:WALL-INNER
G1 F4718.3 X80.017 Y114.28 E2486.72511
G1 F4729.4 X79.964 Y114.752 E2486.74189
G1 X80.017 Y115.22 E2486.75853
G1 F4707.3 X80.157 Y115.668 E2486.7752
G1 F4729.4 X80.391 Y116.074 E2486.79176
G1 F4740.6 X80.862 Y116.568 E2486.81582
G1 X81.282 Y116.817 E2486.83304
G1 F4718.3 X81.724 Y116.97 E2486.84961
G1 F4740.6 X82.19 Y117.035 E2486.86619
G1 F4729.4 X82.656 Y116.994 E2486.88273
G1 F4718.3 X83.13 Y116.859 E2486.90018
G1 F4763 X83.712 Y116.506 E2486.92407
G1 X84.171 Y115.99 E2486.9483
G1 X84.437 Y115.459 E2486.96914
G1 X84.553 Y114.737 E2486.9948
G1 X84.395 Y113.953 E2487.02286
G1 X84.066 Y113.361 E2487.04663
G1 F4785.7 X83.712 Y112.994 E2487.06444
G1 F4774.3 X83.13 Y112.64 E2487.08828
G1 F4729.4 X82.656 Y112.507 E2487.10568
G1 F4740.6 X82.19 Y112.465 E2487.12218
G1 X81.724 Y112.53 E2487.13876
G1 F4718.3 X81.282 Y112.683 E2487.15533
G1 F4740.6 X80.862 Y112.932 E2487.17255
G1 F4751.8 X80.39 Y113.426 E2487.19658
G1 F4740.6 X80.157 Y113.832 E2487.21308
M204 S5000
M205 X30 Y30
G0 F7200 X80.373 Y113.936
G0 X80.266 Y115.455
G0 X80.488 Y115.352
M204 S3000
M205 X20 Y20
G1 F4797.1 X80.387 Y114.752 E2487.23428
G1 F4729.4 X80.439 Y114.36 E2487.24825
G1 F4718.3 X80.538 Y114.017 E2487.2609
G1 F4740.6 X80.75 Y113.648 E2487.2759
G1 X81.107 Y113.278 E2487.29403
G1 X81.506 Y113.045 E2487.31032
G1 F4718.3 X81.809 Y112.949 E2487.32158
G1 F4740.6 X82.207 Y112.887 E2487.33578
G1 X82.581 Y112.929 E2487.34905
G1 F4729.4 X82.962 Y113.029 E2487.36297
G1 F4774.3 X83.441 Y113.316 E2487.38251
G1 F4785.7 X83.722 Y113.605 E2487.39659
G1 F4774.3 X84.014 Y114.145 E2487.41808
G1 X84.123 Y114.748 E2487.43953
G1 F4785.7 X84.018 Y115.345 E2487.4607
G1 F4774.3 X83.818 Y115.756 E2487.4767
G1 F4797.1 X83.501 Y116.13 E2487.49378
G1 F4785.7 X82.962 Y116.472 E2487.51608
G1 F4718.3 X82.581 Y116.571 E2487.53002
G1 F4729.4 X82.207 Y116.613 E2487.54332
G1 F4797.1 X81.62 Y116.502 E2487.56413
G1 F4785.7 X81.052 Y116.181 E2487.58692
G1 F4740.6 X80.71 Y115.792 E2487.60518
G1 F4763 X80.488 Y115.352 E2487.62247
M204 S5000
M205 X30 Y30
G0 F7200 X80.266 Y115.455
G0 X79.502 Y114.752
M204 S3000
M205 X20 Y20
;TYPE:WALL-OUTER
G1 F2040 X79.56 Y115.315 E2487.646
G1 X79.731 Y115.855 E2487.66955
G1 X80.012 Y116.344 E2487.693
G1 X80.387 Y116.772 E2487.71666
G1 X80.594 Y116.945 E2487.72788
G1 X81.084 Y117.239 E2487.75163
G1 X81.616 Y117.424 E2487.77505
G1 X82.179 Y117.497 E2487.79865
G1 X82.74 Y117.453 E2487.82205
G1 X83.293 Y117.293 E2487.84598
G1 X83.537 Y117.178 E2487.8572
G1 X84.009 Y116.862 E2487.88081
G1 X84.41 Y116.449 E2487.90474
G1 X84.567 Y116.229 E2487.91598
G1 X84.823 Y115.72 E2487.93967
G1 X84.908 Y115.445 E2487.95164
G1 X84.996 Y114.882 E2487.97533
G1 X84.996 Y114.614 E2487.98647
G1 X84.908 Y114.056 E2488.00995
G1 X84.824 Y113.78 E2488.02195
G1 X84.565 Y113.269 E2488.04577
G1 X84.41 Y113.051 E2488.05689
G1 X84.008 Y112.639 E2488.08082
G1 X83.537 Y112.322 E2488.10442
G1 X83.293 Y112.207 E2488.11564
G1 X82.74 Y112.047 E2488.13957
G1 X82.179 Y112.003 E2488.16297
G1 X81.616 Y112.076 E2488.18657
G1 X81.084 Y112.261 E2488.20999
G1 X80.594 Y112.555 E2488.23374
G1 X80.387 Y112.728 E2488.24496
G1 X80.012 Y113.156 E2488.26862
G1 X79.732 Y113.645 E2488.29205
G1 X79.56 Y114.185 E2488.31561
G1 X79.502 Y114.752 E2488.3393
M204 S5000
M205 X30 Y30
G0 F7200 X79.522 Y114.951
G0 X80.219 Y114.881
G0 X80.928 Y114.278
M204 S3000
M205 X20 Y20
G1 F2040 X81.17 Y113.854 E2488.3596
G1 X81.374 Y113.654 E2488.37148
G1 X81.771 Y113.43 E2488.39043
G1 X82.27 Y113.347 E2488.41146
G1 X82.717 Y113.425 E2488.43033
G1 X83.121 Y113.65 E2488.44955
G1 X83.346 Y113.873 E2488.46272
G1 X83.573 Y114.28 E2488.4821
G1 X83.653 Y114.727 E2488.50098
G1 X83.576 Y115.209 E2488.52127
G1 X83.444 Y115.484 E2488.53395
G1 X83.131 Y115.843 E2488.55375
G1 X82.717 Y116.074 E2488.57346
G1 X82.27 Y116.153 E2488.59234
G1 X81.771 Y116.07 E2488.61337
G1 X81.332 Y115.812 E2488.63454
G1 X81.041 Y115.461 E2488.65349
G1 X80.925 Y115.212 E2488.66491
G1 X80.847 Y114.751 E2488.68435
G1 X80.928 Y114.278 E2488.7043
M204 S5000
M205 X30 Y30
G0 F7200 X81.027 Y114.105
G1 F1500 E2482.2043
G0 F7200 X80.418 Y113.751
G0 X81.686 Y113.199
G0 X82.706 Y113.18
G0 X84.692 Y114.094
G0 X85.812 Y113.919
G0 X134.089 Y114.634
G0 X135.223 Y114.634
G1 F1500 E2488.7043
G0 F7200 X135.465 Y114.85
M204 S3000
M205 X20 Y20
;TYPE:WALL-INNER
G1 F4751.8 X135.606 Y115.547 E2488.72931
G1 X135.83 Y115.989 E2488.74674
G1 F4763 X136.288 Y116.506 E2488.77098
G1 F4774.3 X136.87 Y116.86 E2488.79483
G1 F4718.3 X137.344 Y116.994 E2488.81227
G1 F4729.4 X137.81 Y117.035 E2488.82881
G1 X138.276 Y116.971 E2488.84543
G1 F4707.3 X138.718 Y116.817 E2488.86205
G1 F4740.6 X139.138 Y116.568 E2488.87926
G1 X139.609 Y116.074 E2488.90332
G1 F4729.4 X139.843 Y115.668 E2488.91988
G1 F4718.3 X139.983 Y115.22 E2488.93651
G1 F4740.6 X140.035 Y114.748 E2488.95325
G1 X139.983 Y114.28 E2488.96985
G1 F4718.3 X139.843 Y113.832 E2488.98648
G1 F4740.6 X139.61 Y113.426 E2489.00298
G1 F4751.8 X139.138 Y112.932 E2489.02701
G1 F4740.6 X138.718 Y112.682 E2489.04425
G1 F4718.3 X138.276 Y112.53 E2489.0608
G1 F4740.6 X137.81 Y112.466 E2489.07739
G1 F4729.4 X137.344 Y112.506 E2489.09391
G1 F4718.3 X136.87 Y112.64 E2489.11136
G1 F4763 X136.288 Y112.994 E2489.13527
G1 X135.944 Y113.347 E2489.15256
G1 F4751.8 X135.606 Y113.953 E2489.17697
G1 F4763 X135.465 Y114.653 E2489.20202
G1 F4751.8 X135.465 Y114.85 E2489.20895
M204 S5000
M205 X30 Y30
G0 F7200 X135.703 Y114.83
G0 X136.072 Y113.485
G0 X136.278 Y113.605
M204 S3000
M205 X20 Y20
G1 F4763 X136.559 Y113.317 E2489.22307
G1 F4785.7 X137.09 Y112.998 E2489.2447
G1 F4808.6 X137.694 Y112.89 E2489.26603
G1 F4763 X138.19 Y112.949 E2489.28356
G1 F4740.6 X138.494 Y113.043 E2489.29478
G1 F4785.7 X138.937 Y113.312 E2489.31288
G1 F4774.3 X139.251 Y113.648 E2489.32897
G1 F4751.8 X139.462 Y114.017 E2489.34392
G1 F4718.3 X139.561 Y114.361 E2489.3566
G1 F4740.6 X139.614 Y114.748 E2489.37038
G1 F4820.1 X139.513 Y115.351 E2489.39158
G1 F4831.7 X139.333 Y115.742 E2489.40646
G1 F4808.6 X138.948 Y116.182 E2489.42679
G1 F4751.8 X138.522 Y116.44 E2489.4443
G1 F4740.6 X138.27 Y116.534 E2489.45379
G1 F4774.3 X137.793 Y116.613 E2489.47071
G1 F4729.4 X137.419 Y116.571 E2489.48401
G1 F4718.3 X137.038 Y116.471 E2489.49796
G1 F4774.3 X136.556 Y116.182 E2489.51764
G1 F4763 X136.182 Y115.756 E2489.53753
G1 F4751.8 X136 Y115.392 E2489.55184
G1 F4763 X135.896 Y114.871 E2489.57048
G1 X135.888 Y114.687 E2489.57695
G1 X135.999 Y114.105 E2489.59774
G1 F4751.8 X136.278 Y113.605 E2489.61788
M204 S5000
M205 X30 Y30
G0 F7200 X136.427 Y114.28
M204 S3000
M205 X20 Y20
;TYPE:WALL-OUTER
G1 F2040 X136.655 Y113.873 E2489.63727
G1 X136.857 Y113.668 E2489.64924
G1 X137.283 Y113.426 E2489.66961
G1 X137.73 Y113.347 E2489.68848
G1 X138.229 Y113.43 E2489.70951
G1 X138.611 Y113.643 E2489.72769
G1 X138.83 Y113.853 E2489.74031
G1 X139.073 Y114.277 E2489.76063
G1 X139.153 Y114.775 E2489.7816
G1 X139.076 Y115.212 E2489.80004
G1 X138.959 Y115.461 E2489.81148
G1 X138.652 Y115.827 E2489.83134
G1 X138.229 Y116.07 E2489.85162
G1 X137.73 Y116.153 E2489.87266
G1 X137.284 Y116.074 E2489.89149
G1 X136.829 Y115.809 E2489.91338
G1 X136.556 Y115.484 E2489.93102
G1 X136.43 Y115.226 E2489.94296
G1 X136.35 Y114.792 E2489.96131
G1 X136.427 Y114.28 E2489.98283
M204 S5000
M205 X30 Y30
G0 F7200 X136.524 Y114.106
G0 X135.917 Y113.753
G0 X135.703 Y114.83
G0 X135.004 Y114.886
M204 S3000
M205 X20 Y20
G1 F2040 X135.092 Y115.444 E2490.00632
G1 X135.176 Y115.72 E2490.01831
G1 X135.433 Y116.229 E2490.04202
G1 X135.59 Y116.449 E2490.05326
G1 X135.992 Y116.861 E2490.07719
G1 X136.463 Y117.178 E2490.10079
G1 X136.707 Y117.293 E2490.11201
G1 X137.26 Y117.453 E2490.13594
G1 X137.821 Y117.497 E2490.15934
G1 X138.384 Y117.425 E2490.18293
G1 X138.916 Y117.239 E2490.20637
G1 X139.406 Y116.945 E2490.23012
G1 X139.613 Y116.772 E2490.24134
G1 X139.988 Y116.344 E2490.265
G1 X140.268 Y115.855 E2490.28842
G1 X140.44 Y115.315 E2490.31199
G1 X140.498 Y114.748 E2490.33568
G1 X140.44 Y114.185 E2490.35921
G1 X140.268 Y113.645 E2490.38277
G1 X139.988 Y113.156 E2490.4062
G1 X139.611 Y112.726 E2490.42998
G1 X139.406 Y112.555 E2490.44108
G1 X138.916 Y112.261 E2490.46483
G1 X138.384 Y112.075 E2490.48826
G1 X137.821 Y112.003 E2490.51186
G1 X137.26 Y112.047 E2490.53526
G1 X136.707 Y112.207 E2490.55919
G1 X136.463 Y112.322 E2490.57041
G1 X135.991 Y112.638 E2490.59402
G1 X135.589 Y113.051 E2490.61798
G1 X135.434 Y113.27 E2490.62914
G1 X135.176 Y113.78 E2490.6529
G1 X135.092 Y114.056 E2490.66489
G1 X135.004 Y114.618 E2490.68854
G1 X135.004 Y114.886 E2490.69969
M204 S5000
M205 X30 Y30
G0 F7200 X135.035 Y115.083
G1 F1500 E2484.19969
G0 F7200 X135.726 Y114.976
G0 X136.13 Y112.809
G0 X135.496 Y111.868
G0 X135.497 Y98.633
G0 X136.13 Y97.691
G0 X135.703 Y95.83
G1 F1500 E2490.69969
G0 F7200 X135.465 Y95.85
M204 S3000
M205 X20 Y20
;TYPE:WALL-INNER
G1 F4751.8 X135.606 Y96.547 E2490.7247
G1 X135.83 Y96.989 E2490.74213
G1 F4763 X136.288 Y97.506 E2490.76636
G1 F4774.3 X136.87 Y97.86 E2490.79021
G1 F4718.3 X137.344 Y97.994 E2490.80766
G1 F4729.4 X137.81 Y98.035 E2490.82419
G1 X138.276 Y97.971 E2490.84081
G1 F4707.3 X138.718 Y97.817 E2490.85743
G1 F4740.6 X139.138 Y97.568 E2490.87464
G1 X139.609 Y97.074 E2490.89871
G1 F4729.4 X139.843 Y96.668 E2490.91527
G1 F4718.3 X139.983 Y96.22 E2490.93189
G1 F4740.6 X140.035 Y95.748 E2490.94864
G1 X139.983 Y95.28 E2490.96524
G1 F4718.3 X139.843 Y94.832 E2490.98186
G1 F4740.6 X139.61 Y94.426 E2490.99837
G1 F4751.8 X139.138 Y93.932 E2491.0224
G1 F4740.6 X138.718 Y93.682 E2491.03963
G1 F4718.3 X138.276 Y93.53 E2491.05619
G1 F4740.6 X137.81 Y93.466 E2491.07277
G1 F4729.4 X137.344 Y93.506 E2491.0893
G1 F4718.3 X136.87 Y93.64 E2491.10675
G1 F4763 X136.288 Y93.994 E2491.13065
G1 X135.944 Y94.347 E2491.14794
G1 F4751.8 X135.606 Y94.953 E2491.17235
G1 F4763 X135.465 Y95.653 E2491.19741
G1 F4751.8 X135.465 Y95.85 E2491.20433
M204 S5000
M205 X30 Y30
G0 F7200 X135.703 Y95.83
G0 X136.072 Y94.485
G0 X136.278 Y94.605
M204 S3000
M205 X20 Y20
G1 F4763 X136.559 Y94.317 E2491.21845
G1 F4785.7 X137.09 Y93.998 E2491.24009
G1 F4808.6 X137.694 Y93.89 E2491.26141
G1 F4763 X138.19 Y93.949 E2491.27894
G1 F4740.6 X138.494 Y94.043 E2491.29016
G1 F4785.7 X138.937 Y94.312 E2491.30826
G1 F4774.3 X139.251 Y94.648 E2491.32436
G1 F4751.8 X139.462 Y95.017 E2491.33931
G1 F4718.3 X139.561 Y95.361 E2491.35199
G1 F4740.6 X139.614 Y95.748 E2491.36576
G1 F4820.1 X139.513 Y96.351 E2491.38696
G1 F4831.7 X139.333 Y96.742 E2491.40185
G1 F4808.6 X138.948 Y97.182 E2491.42217
G1 F4751.8 X138.522 Y97.44 E2491.43969
G1 F4740.6 X138.27 Y97.534 E2491.44917
G1 F4774.3 X137.793 Y97.613 E2491.46609
G1 F4729.4 X137.419 Y97.571 E2491.47939
G1 F4718.3 X137.038 Y97.471 E2491.49335
G1 F4774.3 X136.556 Y97.182 E2491.51302
G1 F4763 X136.182 Y96.756 E2491.53291
G1 F4751.8 X136 Y96.392 E2491.54723
G1 F4763 X135.896 Y95.871 E2491.56587
G1 X135.888 Y95.687 E2491.57233
G1 X135.999 Y95.105 E2491.59312
G1 F4751.8 X136.278 Y94.605 E2491.61326
M204 S5000
M205 X30 Y30
G0 F7200 X136.427 Y95.28
M204 S3000
M205 X20 Y20
;TYPE:WALL-OUTER
G1 F2040 X136.655 Y94.873 E2491.63265
G1 X136.857 Y94.668 E2491.64462
G1 X137.283 Y94.426 E2491.66499
G1 X137.73 Y94.347 E2491.68386
G1 X138.229 Y94.43 E2491.70489
G1 X138.611 Y94.643 E2491.72308
G1 X138.83 Y94.853 E2491.73569
G1 X139.073 Y95.277 E2491.75601
G1 X139.153 Y95.775 E2491.77698
G1 X139.076 Y96.212 E2491.79543
G1 X138.959 Y96.461 E2491.80686
G1 X138.652 Y96.827 E2491.82673
G1 X138.229 Y97.07 E2491.84701
G1 X137.73 Y97.153 E2491.86804
G1 X137.284 Y97.074 E2491.88687
G1 X136.829 Y96.809 E2491.90876
G1 X136.556 Y96.484 E2491.92641
G1 X136.43 Y96.226 E2491.93834
G1 X136.35 Y95.792 E2491.95669
G1 X136.427 Y95.28 E2491.97822
M204 S5000
M205 X30 Y30
G0 F7200 X136.524 Y95.106
G0 X135.917 Y94.753
G0 X135.703 Y95.83
G0 X135.004 Y95.886
M204 S3000
M205 X20 Y20
G1 F2040 X135.092 Y96.444 E2492.0017
G1 X135.176 Y96.72 E2492.0137
G1 X135.433 Y97.229 E2492.0374
G1 X135.59 Y97.449 E2492.04864
G1 X135.992 Y97.861 E2492.07257
G1 X136.463 Y98.178 E2492.09618
G1 X136.707 Y98.293 E2492.10739
G1 X137.26 Y98.453 E2492.13133
G1 X137.821 Y98.497 E2492.15472
G1 X138.384 Y98.425 E2492.17832
G1 X138.916 Y98.239 E2492.20175
G1 X139.406 Y97.945 E2492.22551
G1 X139.613 Y97.772 E2492.23672
G1 X139.988 Y97.344 E2492.26038
G1 X140.268 Y96.855 E2492.28381
G1 X140.44 Y96.315 E2492.30737
G1 X140.498 Y95.748 E2492.33107
G1 X140.44 Y95.185 E2492.3546
G1 X140.268 Y94.645 E2492.37816
G1 X139.988 Y94.156 E2492.40159
G1 X139.611 Y93.726 E2492.42536
G1 X139.406 Y93.555 E2492.43646
G1 X138.916 Y93.261 E2492.46022
G1 X138.384 Y93.075 E2492.48365
G1 X137.821 Y93.003 E2492.50725
G1 X137.26 Y93.047 E2492.53064
G1 X136.707 Y93.207 E2492.55457
G1 X136.463 Y93.322 E2492.56579
G1 X135.991 Y93.638 E2492.5894
G1 X135.589 Y94.051 E2492.61337
G1 X135.434 Y94.27 E2492.62452
G1 X135.176 Y94.78 E2492.64828
G1 X135.092 Y95.056 E2492.66028
G1 X135.004 Y95.618 E2492.68393
G1 X135.004 Y95.886 E2492.69507
M204 S5000
M205 X30 Y30
G0 F7200 X135.035 Y96.083
G1 F1500 E2486.19507
;MESH:NONMESH
G0 F600 X135.035 Y96.083 Z5.1
G0 F7200 X135.726 Y95.976
G0 X134.089 Y95.634
G0 X85.812 Y94.919
G0 X84.692 Y95.094
G0 X82.814 Y94.199
G0 X81.794 Y94.18
G0 X80.373 Y94.936
G1 F1500 E2492.69507
G0 F7200 X80.157 Y94.832
;TIME_ELAPSED:2350.650474
;LAYER:24
M204 S3000
M205 X20 Y20
;TYPE:WALL-INNER
;MESH:Pi Holder.stl
G1 F4718.3 X80.017 Y95.28 E2492.7117
G1 F4729.4 X79.964 Y95.752 E2492.72848
G1 X80.017 Y96.22 E2492.74512
G1 F4707.3 X80.157 Y96.668 E2492.76179
G1 F4729.4 X80.391 Y97.074 E2492.77835
G1 F4740.6 X80.862 Y97.568 E2492.80241
G1 X81.282 Y97.817 E2492.81963
G1 F4718.3 X81.724 Y97.97 E2492.8362
G1 F4740.6 X82.19 Y98.035 E2492.85278
G1 F4729.4 X82.656 Y97.994 E2492.86931
G1 F4718.3 X83.13 Y97.859 E2492.88677
G1 F4763 X83.712 Y97.506 E2492.91066
G1 X84.171 Y96.99 E2492.93489
G1 X84.437 Y96.459 E2492.95573
G1 X84.553 Y95.737 E2492.98139
G1 X84.395 Y94.953 E2493.00945
G1 X84.066 Y94.361 E2493.03322
G1 F4785.7 X83.712 Y93.994 E2493.05103
G1 F4774.3 X83.13 Y93.64 E2493.07487
G1 F4729.4 X82.656 Y93.507 E2493.09227
G1 F4740.6 X82.19 Y93.465 E2493.10877
G1 X81.724 Y93.53 E2493.12535
G1 F4718.3 X81.282 Y93.683 E2493.14192
G1 F4740.6 X80.862 Y93.932 E2493.15914
G1 F4751.8 X80.39 Y94.426 E2493.18317
G1 F4740.6 X80.157 Y94.832 E2493.19967
M204 S5000
M205 X30 Y30
G0 F7200 X80.373 Y94.936
G0 X80.266 Y96.455
G0 X80.488 Y96.352
M204 S3000
M205 X20 Y20
G1 F4808.6 X80.398 Y95.872 E2493.21664
G1 F4740.6 X80.439 Y95.36 E2493.23475
G1 F4718.3 X80.538 Y95.017 E2493.2474
G1 F4740.6 X80.75 Y94.648 E2493.2624
G1 X81.107 Y94.278 E2493.28053
G1 X81.506 Y94.045 E2493.29682
G1 F4718.3 X81.809 Y93.949 E2493.30808
G1 F4740.6 X82.207 Y93.887 E2493.32228
G1 X82.581 Y93.929 E2493.33555
G1 F4729.4 X82.962 Y94.029 E2493.34947
G1 F4774.3 X83.441 Y94.316 E2493.36902
G1 F4785.7 X83.722 Y94.605 E2493.38309
G1 F4774.3 X84.014 Y95.145 E2493.40458
G1 X84.123 Y95.748 E2493.42603
G1 F4785.7 X84.018 Y96.345 E2493.4472
G1 F4774.3 X83.818 Y96.756 E2493.4632
G1 F4797.1 X83.501 Y97.13 E2493.48028
G1 F4785.7 X82.962 Y97.472 E2493.50258
G1 F4718.3 X82.581 Y97.571 E2493.51652
G1 F4729.4 X82.207 Y97.613 E2493.52982
G1 F4797.1 X81.62 Y97.502 E2493.55063
G1 F4785.7 X81.052 Y97.181 E2493.57342
G1 F4740.6 X80.71 Y96.792 E2493.59168
G1 F4763 X80.488 Y96.352 E2493.60897
M204 S5000
M205 X30 Y30
G0 F7200 X80.85 Y95.793
M204 S3000
M205 X20 Y20
;TYPE:WALL-OUTER
G1 F2040 X80.928 Y95.278 E2493.63063
G1 X81.17 Y94.854 E2493.65093
G1 X81.374 Y94.654 E2493.6628
G1 X81.771 Y94.43 E2493.68175
G1 X82.27 Y94.347 E2493.70279
G1 X82.717 Y94.425 E2493.72165
G1 X83.121 Y94.65 E2493.74088
G1 X83.346 Y94.873 E2493.75405
G1 X83.573 Y95.28 E2493.77342
G1 X83.653 Y95.727 E2493.7923
G1 X83.576 Y96.209 E2493.81259
G1 X83.444 Y96.484 E2493.82528
G1 X83.131 Y96.843 E2493.84508
G1 X82.717 Y97.074 E2493.86479
G1 X82.27 Y97.153 E2493.88366
G1 X81.771 Y97.07 E2493.90469
G1 X81.332 Y96.812 E2493.92586
G1 X81.041 Y96.461 E2493.94482
G1 X80.925 Y96.212 E2493.95624
G1 X80.85 Y95.793 E2493.97394
M204 S5000
M205 X30 Y30
G0 F7200 X80.88 Y95.595
G0 X80.181 Y95.472
G0 X79.502 Y95.752
M204 S3000
M205 X20 Y20
G1 F2040 X79.56 Y96.315 E2493.99747
G1 X79.731 Y96.855 E2494.02102
G1 X80.012 Y97.344 E2494.04446
G1 X80.387 Y97.772 E2494.06812
G1 X80.594 Y97.945 E2494.07934
G1 X81.084 Y98.239 E2494.10309
G1 X81.616 Y98.424 E2494.12651
G1 X82.179 Y98.497 E2494.15011
G1 X82.74 Y98.453 E2494.17351
G1 X83.293 Y98.293 E2494.19744
G1 X83.537 Y98.178 E2494.20866
G1 X84.009 Y97.862 E2494.23227
G1 X84.41 Y97.449 E2494.25621
G1 X84.567 Y97.229 E2494.26744
G1 X84.823 Y96.72 E2494.29113
G1 X84.908 Y96.445 E2494.3031
G1 X84.996 Y95.882 E2494.32679
G1 X84.996 Y95.614 E2494.33793
G1 X84.908 Y95.056 E2494.36142
G1 X84.824 Y94.78 E2494.37341
G1 X84.565 Y94.269 E2494.39723
G1 X84.41 Y94.051 E2494.40835
G1 X84.008 Y93.639 E2494.43228
G1 X83.537 Y93.322 E2494.45589
G1 X83.293 Y93.207 E2494.4671
G1 X82.74 Y93.047 E2494.49103
G1 X82.179 Y93.003 E2494.51443
G1 X81.616 Y93.076 E2494.53803
G1 X81.084 Y93.261 E2494.56145
G1 X80.594 Y93.555 E2494.58521
G1 X80.387 Y93.728 E2494.59642
G1 X80.012 Y94.156 E2494.62008
G1 X79.732 Y94.645 E2494.64351
G1 X79.56 Y95.185 E2494.66707
G1 X79.502 Y95.752 E2494.69077
M204 S5000
M205 X30 Y30
G0 F7200 X79.522 Y95.951
G1 F1500 E2488.19077
G0 F7200 X80.219 Y95.881
G0 X81.177 Y98.039
G0 X80.804 Y99.11
G0 X80.803 Y111.391
G0 X81.177 Y112.461
G0 X80.373 Y113.936
G1 F1500 E2494.69077
G0 F7200 X80.157 Y113.832
M204 S3000
M205 X20 Y20
;TYPE:WALL-INNER
G1 F4718.3 X80.017 Y114.28 E2494.70739
G1 F4729.4 X79.964 Y114.752 E2494.72418
G1 X80.017 Y115.22 E2494.74082
G1 F4707.3 X80.157 Y115.668 E2494.75749
G1 F4729.4 X80.391 Y116.074 E2494.77405
G1 F4740.6 X80.862 Y116.568 E2494.79811
G1 X81.282 Y116.817 E2494.81532
G1 F4718.3 X81.724 Y116.97 E2494.83189
G1 F4740.6 X82.19 Y117.035 E2494.84848
G1 F4729.4 X82.656 Y116.994 E2494.86501
G1 F4718.3 X83.13 Y116.859 E2494.88247
G1 F4763 X83.712 Y116.506 E2494.90635
G1 X84.171 Y115.99 E2494.93059
G1 X84.437 Y115.459 E2494.95143
G1 X84.553 Y114.737 E2494.97709
G1 X84.395 Y113.953 E2495.00515
G1 X84.066 Y113.361 E2495.02891
G1 F4785.7 X83.712 Y112.994 E2495.04672
G1 F4774.3 X83.13 Y112.64 E2495.07057
G1 F4729.4 X82.656 Y112.507 E2495.08797
G1 F4740.6 X82.19 Y112.465 E2495.10446
G1 X81.724 Y112.53 E2495.12105
G1 F4718.3 X81.282 Y112.683 E2495.13762
G1 F4740.6 X80.862 Y112.932 E2495.15483
G1 F4751.8 X80.39 Y113.426 E2495.17886
G1 F4740.6 X80.157 Y113.832 E2495.19537
M204 S5000
M205 X30 Y30
G0 F7200 X80.373 Y113.936
G0 X80.266 Y115.455
G0 X80.488 Y115.352
M204 S3000
M205 X20 Y20
G1 F4808.6 X80.398 Y114.872 E2495.21234
G1 F4740.6 X80.439 Y114.36 E2495.23045
G1 F4718.3 X80.538 Y114.017 E2495.2431
G1 F4740.6 X80.75 Y113.648 E2495.2581
G1 X81.107 Y113.278 E2495.27623
G1 X81.506 Y113.045 E2495.29252
G1 F4718.3 X81.809 Y112.949 E2495.30377
G1 F4740.6 X82.207 Y112.887 E2495.31798
G1 X82.581 Y112.929 E2495.33124
G1 F4729.4 X82.962 Y113.029 E2495.34516
G1 F4774.3 X83.441 Y113.316 E2495.36471
G1 F4785.7 X83.722 Y113.605 E2495.37879
G1 F4774.3 X84.014 Y114.145 E2495.40028
G1 X84.123 Y114.748 E2495.42173
G1 F4785.7 X84.018 Y115.345 E2495.4429
G1 F4774.3 X83.818 Y115.756 E2495.4589
G1 F4797.1 X83.501 Y116.13 E2495.47598
G1 F4785.7 X82.962 Y116.472 E2495.49827
G1 F4718.3 X82.581 Y116.571 E2495.51222
G1 F4729.4 X82.207 Y116.613 E2495.52552
G1 F4797.1 X81.62 Y116.502 E2495.54633
G1 F4785.7 X81.052 Y116.181 E2495.56912
G1 F4740.6 X80.71 Y115.792 E2495.58738
G1 F4763 X80.488 Y115.352 E2495.60467
M204 S5000
M205 X30 Y30
G0 F7200 X80.85 Y114.793
M204 S3000
M205 X20 Y20
;TYPE:WALL-OUTER
G1 F2040 X80.928 Y114.278 E2495.62633
G1 X81.17 Y113.854 E2495.64662
G1 X81.374 Y113.654 E2495.6585
G1 X81.771 Y113.43 E2495.67745
G1 X82.27 Y113.347 E2495.69848
G1 X82.717 Y113.425 E2495.71735
G1 X83.121 Y113.65 E2495.73657
G1 X83.346 Y113.873 E2495.74974
G1 X83.573 Y114.28 E2495.76912
G1 X83.653 Y114.727 E2495.788
G1 X83.576 Y115.209 E2495.80829
G1 X83.444 Y115.484 E2495.82097
G1 X83.131 Y115.843 E2495.84077
G1 X82.717 Y116.074 E2495.86048
G1 X82.27 Y116.153 E2495.87936
G1 X81.771 Y116.07 E2495.90039
G1 X81.332 Y115.812 E2495.92156
G1 X81.041 Y115.461 E2495.94051
G1 X80.925 Y115.212 E2495.95193
G1 X80.85 Y114.793 E2495.96963
M204 S5000
M205 X30 Y30
G0 F7200 X80.88 Y114.595
G0 X80.181 Y114.472
G0 X79.502 Y114.752
M204 S3000
M205 X20 Y20
G1 F2040 X79.56 Y115.315 E2495.99316
G1 X79.731 Y115.855 E2496.01671
G1 X80.012 Y116.344 E2496.04016
G1 X80.387 Y116.772 E2496.06382
G1 X80.594 Y116.945 E2496.07503
G1 X81.084 Y117.239 E2496.09879
G1 X81.616 Y117.424 E2496.12221
G1 X82.179 Y117.497 E2496.14581
G1 X82.74 Y117.453 E2496.16921
G1 X83.293 Y117.293 E2496.19314
G1 X83.537 Y117.178 E2496.20435
G1 X84.009 Y116.862 E2496.22797
G1 X84.41 Y116.449 E2496.2519
G1 X84.567 Y116.229 E2496.26314
G1 X84.823 Y115.72 E2496.28683
G1 X84.908 Y115.445 E2496.29879
G1 X84.996 Y114.882 E2496.32248
G1 X84.996 Y114.614 E2496.33363
G1 X84.908 Y114.056 E2496.35711
G1 X84.824 Y113.78 E2496.36911
G1 X84.565 Y113.269 E2496.39292
G1 X84.41 Y113.051 E2496.40405
G1 X84.008 Y112.639 E2496.42798
G1 X83.537 Y112.322 E2496.45158
G1 X83.293 Y112.207 E2496.4628
G1 X82.74 Y112.047 E2496.48673
G1 X82.179 Y112.003 E2496.51013
G1 X81.616 Y112.076 E2496.53373
G1 X81.084 Y112.261 E2496.55715
G1 X80.594 Y112.555 E2496.5809
G1 X80.387 Y112.728 E2496.59212
G1 X80.012 Y113.156 E2496.61578
G1 X79.732 Y113.645 E2496.6392
G1 X79.56 Y114.185 E2496.66277
G1 X79.502 Y114.752 E2496.68646
M204 S5000
M205 X30 Y30
G0 F7200 X79.522 Y114.951
G1 F1500 E2490.18646
G0 F7200 X80.219 Y114.881
G0 X81.189 Y116.012
G0 X82.25 Y116.401
G0 X84.776 Y114.83
G0 X85.911 Y114.83
G0 X134.089 Y114.83
G0 X135.224 Y114.83
G1 F1500 E2496.68646
G0 F7200 X135.465 Y114.85
M204 S3000
M205 X20 Y20
;TYPE:WALL-INNER
G1 F4751.8 X135.606 Y115.547 E2496.71147
G1 X135.83 Y115.989 E2496.7289
G1 F4763 X136.288 Y116.506 E2496.75314
G1 F4774.3 X136.87 Y116.86 E2496.77698
G1 F4718.3 X137.344 Y116.994 E2496.79443
G1 F4729.4 X137.81 Y117.035 E2496.81096
G1 X138.276 Y116.971 E2496.82759
G1 F4707.3 X138.718 Y116.817 E2496.84421
G1 F4740.6 X139.138 Y116.568 E2496.86142
G1 X139.609 Y116.074 E2496.88548
G1 F4729.4 X139.843 Y115.668 E2496.90204
G1 F4718.3 X139.983 Y115.22 E2496.91867
G1 F4740.6 X140.035 Y114.748 E2496.93541
G1 X139.983 Y114.28 E2496.95201
G1 F4718.3 X139.843 Y113.832 E2496.96864
G1 F4740.6 X139.61 Y113.426 E2496.98514
G1 F4751.8 X139.138 Y112.932 E2497.00917
G1 F4740.6 X138.718 Y112.682 E2497.0264
G1 F4718.3 X138.276 Y112.53 E2497.04296
G1 F4740.6 X137.81 Y112.466 E2497.05954
G1 F4729.4 X137.344 Y112.506 E2497.07607
G1 F4718.3 X136.87 Y112.64 E2497.09352
G1 F4763 X136.288 Y112.994 E2497.11742
G1 X135.944 Y113.347 E2497.13472
G1 F4751.8 X135.606 Y113.953 E2497.15913
G1 F4763 X135.465 Y114.653 E2497.18418
G1 F4751.8 X135.465 Y114.85 E2497.19111
M204 S5000
M205 X30 Y30
G0 F7200 X135.703 Y114.83
G0 X136.072 Y113.485
G0 X136.278 Y113.605
M204 S3000
M205 X20 Y20
G1 F4763 X136.559 Y113.317 E2497.20523
G1 F4785.7 X137.09 Y112.998 E2497.22686
G1 F4808.6 X137.694 Y112.89 E2497.24819
G1 F4763 X138.19 Y112.949 E2497.26572
G1 F4740.6 X138.494 Y113.043 E2497.27693
G1 F4785.7 X138.937 Y113.312 E2497.29503
G1 F4774.3 X139.251 Y113.648 E2497.31113
G1 F4751.8 X139.462 Y114.017 E2497.32608
G1 F4718.3 X139.561 Y114.361 E2497.33876
G1 F4740.6 X139.614 Y114.748 E2497.35253
G1 F4820.1 X139.513 Y115.351 E2497.37373
G1 F4831.7 X139.333 Y115.742 E2497.38862
G1 F4808.6 X138.948 Y116.182 E2497.40894
G1 F4751.8 X138.522 Y116.44 E2497.42646
G1 F4740.6 X138.27 Y116.534 E2497.43594
G1 F4774.3 X137.793 Y116.613 E2497.45287
G1 F4729.4 X137.419 Y116.571 E2497.46617
G1 F4718.3 X137.038 Y116.471 E2497.48012
G1 F4774.3 X136.556 Y116.182 E2497.4998
G1 F4763 X136.182 Y115.756 E2497.51969
G1 F4751.8 X136 Y115.392 E2497.534
G1 F4763 X135.896 Y114.871 E2497.55264
G1 X135.888 Y114.687 E2497.55911
G1 X135.999 Y114.105 E2497.5799
G1 F4751.8 X136.278 Y113.605 E2497.60004
M204 S5000
M205 X30 Y30
G0 F7200 X136.427 Y114.28
M204 S3000
M205 X20 Y20
;TYPE:WALL-OUTER
G1 F2040 X136.655 Y113.873 E2497.61943
G1 X136.857 Y113.668 E2497.6314
G1 X137.283 Y113.426 E2497.65177
G1 X137.73 Y113.347 E2497.67064
G1 X138.229 Y113.43 E2497.69167
G1 X138.611 Y113.643 E2497.70985
G1 X138.83 Y113.853 E2497.72247
G1 X139.073 Y114.277 E2497.74278
G1 X139.153 Y114.775 E2497.76375
G1 X139.076 Y115.212 E2497.7822
G1 X138.959 Y115.461 E2497.79364
G1 X138.652 Y115.827 E2497.8135
G1 X138.229 Y116.07 E2497.83378
G1 X137.73 Y116.153 E2497.85481
G1 X137.284 Y116.074 E2497.87365
G1 X136.829 Y115.809 E2497.89554
G1 X136.556 Y115.484 E2497.91318
G1 X136.43 Y115.226 E2497.92512
G1 X136.35 Y114.792 E2497.94347
G1 X136.427 Y114.28 E2497.96499
M204 S5000
M205 X30 Y30
G0 F7200 X136.524 Y114.106
G0 X135.917 Y113.753
G0 X135.703 Y114.83
G0 X135.004 Y114.886
M204 S3000
M205 X20 Y20
G1 F2040 X135.092 Y115.444 E2497.98848
G1 X135.176 Y115.72 E2498.00047
G1 X135.433 Y116.229 E2498.02418
G1 X135.59 Y116.449 E2498.03542
G1 X135.992 Y116.861 E2498.05935
G1 X136.463 Y117.178 E2498.08295
G1 X136.707 Y117.293 E2498.09417
G1 X137.26 Y117.453 E2498.1181
G1 X137.821 Y117.497 E2498.1415
G1 X138.384 Y117.425 E2498.16509
G1 X138.916 Y117.239 E2498.18852
G1 X139.406 Y116.945 E2498.21228
G1 X139.613 Y116.772 E2498.2235
G1 X139.988 Y116.344 E2498.24716
G1 X140.268 Y115.855 E2498.27058
G1 X140.44 Y115.315 E2498.29414
G1 X140.498 Y114.748 E2498.31784
G1 X140.44 Y114.185 E2498.34137
G1 X140.268 Y113.645 E2498.36493
G1 X139.988 Y113.156 E2498.38836
G1 X139.611 Y112.726 E2498.41214
G1 X139.406 Y112.555 E2498.42324
G1 X138.916 Y112.261 E2498.44699
G1 X138.384 Y112.075 E2498.47042
G1 X137.821 Y112.003 E2498.49402
G1 X137.26 Y112.047 E2498.51742
G1 X136.707 Y112.207 E2498.54135
G1 X136.463 Y112.322 E2498.55256
G1 X135.991 Y112.638 E2498.57618
G1 X135.589 Y113.051 E2498.60014
G1 X135.434 Y113.27 E2498.6113
G1 X135.176 Y113.78 E2498.63506
G1 X135.092 Y114.056 E2498.64705
G1 X135.004 Y114.618 E2498.6707
G1 X135.004 Y114.886 E2498.68184
M204 S5000
M205 X30 Y30
G0 F7200 X135.035 Y115.083
G1 F1500 E2492.18184
G0 F7200 X135.726 Y114.976
G0 X136.13 Y112.809
G0 X135.496 Y111.868
G0 X135.497 Y98.633
G0 X136.13 Y97.691
G0 X135.703 Y95.83
G1 F1500 E2498.68184
G0 F7200 X135.465 Y95.85
M204 S3000
M205 X20 Y20
;TYPE:WALL-INNER
G1 F4751.8 X135.606 Y96.547 E2498.70686
G1 X135.83 Y96.989 E2498.72429
G1 F4763 X136.288 Y97.506 E2498.74852
G1 F4774.3 X136.87 Y97.86 E2498.77237
G1 F4718.3 X137.344 Y97.994 E2498.78982
G1 F4729.4 X137.81 Y98.035 E2498.80635
G1 X138.276 Y97.971 E2498.82297
G1 F4707.3 X138.718 Y97.817 E2498.83959
G1 F4740.6 X139.138 Y97.568 E2498.8568
G1 X139.609 Y97.074 E2498.88087
G1 F4729.4 X139.843 Y96.668 E2498.89743
G1 F4718.3 X139.983 Y96.22 E2498.91405
G1 F4740.6 X140.035 Y95.748 E2498.93079
G1 X139.983 Y95.28 E2498.9474
G1 F4718.3 X139.843 Y94.832 E2498.96402
G1 F4740.6 X139.61 Y94.426 E2498.98052
G1 F4751.8 X139.138 Y93.932 E2499.00456
G1 F4740.6 X138.718 Y93.682 E2499.02179
G1 F4718.3 X138.276 Y93.53 E2499.03834
G1 F4740.6 X137.81 Y93.466 E2499.05493
G1 F4729.4 X137.344 Y93.506 E2499.07146
G1 F4718.3 X136.87 Y93.64 E2499.0889
G1 F4763 X136.288 Y93.994 E2499.11281
G1 X135.944 Y94.347 E2499.1301
G1 F4751.8 X135.606 Y94.953 E2499.15451
G1 F4763 X135.465 Y95.653 E2499.17956
G1 F4751.8 X135.465 Y95.85 E2499.18649
M204 S5000
M205 X30 Y30
G0 F7200 X135.703 Y95.83
G0 X136.072 Y94.485
G0 X136.278 Y94.605
M204 S3000
M205 X20 Y20
G1 F4763 X136.559 Y94.317 E2499.20061
G1 F4785.7 X137.09 Y93.998 E2499.22225
G1 F4808.6 X137.694 Y93.89 E2499.24357
G1 F4763 X138.19 Y93.949 E2499.2611
G1 F4740.6 X138.494 Y94.043 E2499.27232
G1 F4785.7 X138.937 Y94.312 E2499.29042
G1 F4774.3 X139.251 Y94.648 E2499.30652
G1 F4751.8 X139.462 Y95.017 E2499.32147
G1 F4718.3 X139.561 Y95.361 E2499.33415
G1 F4740.6 X139.614 Y95.748 E2499.34792
G1 F4820.1 X139.513 Y96.351 E2499.36912
G1 F4831.7 X139.333 Y96.742 E2499.38401
G1 F4808.6 X138.948 Y97.182 E2499.40433
G1 F4751.8 X138.522 Y97.44 E2499.42184
G1 F4740.6 X138.27 Y97.534 E2499.43133
G1 F4774.3 X137.793 Y97.613 E2499.44825
G1 F4729.4 X137.419 Y97.571 E2499.46155
G1 F4718.3 X137.038 Y97.471 E2499.47551
G1 F4774.3 X136.556 Y97.182 E2499.49518
G1 F4763 X136.182 Y96.756 E2499.51507
G1 F4751.8 X136 Y96.392 E2499.52938
G1 F4763 X135.896 Y95.871 E2499.54803
G1 X135.888 Y95.687 E2499.55449
G1 X135.999 Y95.105 E2499.57528
G1 F4751.8 X136.278 Y94.605 E2499.59542
M204 S5000
M205 X30 Y30
G0 F7200 X136.427 Y95.28
M204 S3000
M205 X20 Y20
;TYPE:WALL-OUTER
G1 F2040 X136.655 Y94.873 E2499.61481
G1 X136.857 Y94.668 E2499.62678
G1 X137.283 Y94.426 E2499.64715
G1 X137.73 Y94.347 E2499.66602
G1 X138.229 Y94.43 E2499.68705
G1 X138.611 Y94.643 E2499.70524
G1 X138.83 Y94.853 E2499.71785
G1 X139.073 Y95.277 E2499.73817
G1 X139.153 Y95.775 E2499.75914
G1 X139.076 Y96.212 E2499.77759
G1 X138.959 Y96.461 E2499.78902
G1 X138.652 Y96.827 E2499.80888
G1 X138.229 Y97.07 E2499.82917
G1 X137.73 Y97.153 E2499.8502
G1 X137.284 Y97.074 E2499.86903
G1 X136.829 Y96.809 E2499.89092
G1 X136.556 Y96.484 E2499.90857
G1 X136.43 Y96.226 E2499.9205
G1 X136.35 Y95.792 E2499.93885
G1 X136.427 Y95.28 E2499.96038
M204 S5000
M205 X30 Y30
G0 F7200 X136.524 Y95.106
G0 X135.917 Y94.753
G0 X135.703 Y95.83
G0 X135.004 Y95.886
M204 S3000
M205 X20 Y20
G1 F2040 X135.092 Y96.444 E2499.98386
G1 X135.176 Y96.72 E2499.99586
G1 X135.433 Y97.229 E2500.01956
G1 X135.59 Y97.449 E2500.0308
G1 X135.992 Y97.861 E2500.05473
G1 X136.463 Y98.178 E2500.07834
G1 X136.707 Y98.293 E2500.08955
G1 X137.26 Y98.453 E2500.11348
G1 X137.821 Y98.497 E2500.13688
G1 X138.384 Y98.425 E2500.16048
G1 X138.916 Y98.239 E2500.18391
G1 X139.406 Y97.945 E2500.20767
G1 X139.613 Y97.772 E2500.21888
G1 X139.988 Y97.344 E2500.24254
G1 X140.268 Y96.855 E2500.26597
G1 X140.44 Y96.315 E2500.28953
G1 X140.498 Y95.748 E2500.31322
G1 X140.44 Y95.185 E2500.33675
G1 X140.268 Y94.645 E2500.36032
G1 X139.988 Y94.156 E2500.38374
G1 X139.611 Y93.726 E2500.40752
G1 X139.406 Y93.555 E2500.41862
G1 X138.916 Y93.261 E2500.44238
G1 X138.384 Y93.075 E2500.46581
G1 X137.821 Y93.003 E2500.4894
G1 X137.26 Y93.047 E2500.5128
G1 X136.707 Y93.207 E2500.53673
G1 X136.463 Y93.322 E2500.54795
G1 X135.991 Y93.638 E2500.57156
G1 X135.589 Y94.051 E2500.59552
G1 X135.434 Y94.27 E2500.60668
G1 X135.176 Y94.78 E2500.63044
G1 X135.092 Y95.056 E2500.64244
G1 X135.004 Y95.618 E2500.66609
G1 X135.004 Y95.886 E2500.67723
M204 S5000
M205 X30 Y30
G0 F7200 X135.035 Y96.083
G1 F1500 E2494.17723
;MESH:NONMESH
G0 F600 X135.035 Y96.083 Z5.3
G0 F7200 X135.726 Y95.976
G0 X134.089 Y95.634
G0 X85.812 Y94.919
G0 X84.692 Y95.094
G0 X82.814 Y94.199
G0 X81.794 Y94.18
G0 X80.373 Y94.936
G1 F1500 E2500.67723
G0 F7200 X80.157 Y94.832
;TIME_ELAPSED:2359.383519
;LAYER:25
M204 S3000
M205 X20 Y20
;TYPE:WALL-INNER
;MESH:Pi Holder.stl
G1 F4718.3 X80.017 Y95.28 E2500.69385
G1 F4729.4 X79.964 Y95.752 E2500.71064
G1 X80.017 Y96.22 E2500.72728
G1 F4707.3 X80.157 Y96.668 E2500.74395
G1 F4729.4 X80.391 Y97.074 E2500.76051
G1 F4740.6 X80.862 Y97.568 E2500.78457
G1 X81.282 Y97.817 E2500.80179
G1 F4718.3 X81.724 Y97.97 E2500.81835
G1 F4740.6 X82.19 Y98.035 E2500.83494
G1 F4729.4 X82.656 Y97.994 E2500.85147
G1 F4718.3 X83.13 Y97.859 E2500.86893
G1 F4763 X83.712 Y97.506 E2500.89282
G1 X84.171 Y96.99 E2500.91705
G1 X84.437 Y96.459 E2500.93789
G1 X84.553 Y95.737 E2500.96355
G1 X84.395 Y94.953 E2500.99161
G1 X84.066 Y94.361 E2501.01538
G1 F4785.7 X83.712 Y93.994 E2501.03318
G1 F4774.3 X83.13 Y93.64 E2501.05703
G1 F4729.4 X82.656 Y93.507 E2501.07443
G1 F4740.6 X82.19 Y93.465 E2501.09092
G1 X81.724 Y93.53 E2501.10751
G1 F4718.3 X81.282 Y93.683 E2501.12408
G1 F4740.6 X80.862 Y93.932 E2501.14129
G1 F4751.8 X80.39 Y94.426 E2501.16533
G1 F4740.6 X80.157 Y94.832 E2501.18183
M204 S5000
M205 X30 Y30
G0 F7200 X80.373 Y94.936
G0 X80.266 Y96.455
G0 X80.488 Y96.352
M204 S3000
M205 X20 Y20
G1 F4808.6 X80.398 Y95.872 E2501.1988
G1 F4740.6 X80.439 Y95.36 E2501.21691
G1 F4718.3 X80.538 Y95.017 E2501.22956
G1 F4740.6 X80.75 Y94.648 E2501.24456
G1 X81.107 Y94.278 E2501.26269
G1 X81.506 Y94.045 E2501.27898
G1 F4718.3 X81.809 Y93.949 E2501.29024
G1 F4740.6 X82.207 Y93.887 E2501.30444
G1 X82.581 Y93.929 E2501.31771
G1 F4729.4 X82.962 Y94.029 E2501.33163
G1 F4774.3 X83.441 Y94.316 E2501.35117
G1 F4785.7 X83.722 Y94.605 E2501.36525
G1 F4774.3 X84.014 Y95.145 E2501.38674
G1 X84.123 Y95.748 E2501.40819
G1 F4785.7 X84.018 Y96.345 E2501.42936
G1 F4774.3 X83.818 Y96.756 E2501.44536
G1 F4797.1 X83.501 Y97.13 E2501.46244
G1 F4785.7 X82.962 Y97.472 E2501.48474
G1 F4718.3 X82.581 Y97.571 E2501.49868
G1 F4729.4 X82.207 Y97.613 E2501.51198
G1 F4797.1 X81.62 Y97.502 E2501.53279
G1 F4785.7 X81.052 Y97.181 E2501.55558
G1 F4740.6 X80.71 Y96.792 E2501.57384
G1 F4763 X80.488 Y96.352 E2501.59113
M204 S5000
M205 X30 Y30
G0 F7200 X80.85 Y95.793
M204 S3000
M205 X20 Y20
;TYPE:WALL-OUTER
G1 F2040 X80.928 Y95.278 E2501.61279
G1 X81.17 Y94.854 E2501.63309
G1 X81.374 Y94.654 E2501.64496
G1 X81.771 Y94.43 E2501.66391
G1 X82.27 Y94.347 E2501.68494
G1 X82.717 Y94.425 E2501.70381
G1 X83.121 Y94.65 E2501.72304
G1 X83.346 Y94.873 E2501.73621
G1 X83.573 Y95.28 E2501.75558
G1 X83.653 Y95.727 E2501.77446
G1 X83.576 Y96.209 E2501.79475
G1 X83.444 Y96.484 E2501.80744
G1 X83.131 Y96.843 E2501.82724
G1 X82.717 Y97.074 E2501.84695
G1 X82.27 Y97.153 E2501.86582
G1 X81.771 Y97.07 E2501.88685
G1 X81.332 Y96.812 E2501.90802
G1 X81.041 Y96.461 E2501.92698
G1 X80.925 Y96.212 E2501.9384
G1 X80.85 Y95.793 E2501.95609
M204 S5000
M205 X30 Y30
G0 F7200 X80.88 Y95.595
G0 X80.181 Y95.472
G0 X79.502 Y95.752
M204 S3000
M205 X20 Y20
G1 F2040 X79.56 Y96.315 E2501.97962
G1 X79.731 Y96.855 E2502.00317
G1 X80.012 Y97.344 E2502.02662
G1 X80.387 Y97.772 E2502.05028
G1 X80.594 Y97.945 E2502.0615
G1 X81.084 Y98.239 E2502.08525
G1 X81.616 Y98.424 E2502.10867
G1 X82.179 Y98.497 E2502.13227
G1 X82.74 Y98.453 E2502.15567
G1 X83.293 Y98.293 E2502.1796
G1 X83.537 Y98.178 E2502.19082
G1 X84.009 Y97.862 E2502.21443
G1 X84.41 Y97.449 E2502.23837
G1 X84.567 Y97.229 E2502.2496
G1 X84.823 Y96.72 E2502.27329
G1 X84.908 Y96.445 E2502.28526
G1 X84.996 Y95.882 E2502.30895
G1 X84.996 Y95.614 E2502.32009
G1 X84.908 Y95.056 E2502.34358
G1 X84.824 Y94.78 E2502.35557
G1 X84.565 Y94.269 E2502.37939
G1 X84.41 Y94.051 E2502.39051
G1 X84.008 Y93.639 E2502.41444
G1 X83.537 Y93.322 E2502.43804
G1 X83.293 Y93.207 E2502.44926
G1 X82.74 Y93.047 E2502.47319
G1 X82.179 Y93.003 E2502.49659
G1 X81.616 Y93.076 E2502.52019
G1 X81.084 Y93.261 E2502.54361
G1 X80.594 Y93.555 E2502.56737
G1 X80.387 Y93.728 E2502.57858
G1 X80.012 Y94.156 E2502.60224
G1 X79.732 Y94.645 E2502.62567
G1 X79.56 Y95.185 E2502.64923
G1 X79.502 Y95.752 E2502.67292
M204 S5000
M205 X30 Y30
G0 F7200 X79.522 Y95.951
G1 F1500 E2496.17292
G0 F7200 X80.219 Y95.881
G0 X81.177 Y98.039
G0 X80.804 Y99.11
G0 X80.803 Y111.391
G0 X81.177 Y112.461
G0 X80.373 Y113.936
G1 F1500 E2502.67292
G0 F7200 X80.157 Y113.832
M204 S3000
M205 X20 Y20
;TYPE:WALL-INNER
G1 F4718.3 X80.017 Y114.28 E2502.68955
G1 F4729.4 X79.966 Y114.773 E2502.70707
G1 X80.017 Y115.22 E2502.72296
G1 F4707.3 X80.157 Y115.668 E2502.73963
G1 F4729.4 X80.391 Y116.074 E2502.75619
G1 F4740.6 X80.862 Y116.568 E2502.78025
G1 X81.282 Y116.817 E2502.79747
G1 F4718.3 X81.724 Y116.97 E2502.81404
G1 F4740.6 X82.19 Y117.035 E2502.83062
G1 F4729.4 X82.656 Y116.994 E2502.84716
G1 F4718.3 X83.13 Y116.859 E2502.86461
G1 F4763 X83.712 Y116.506 E2502.8885
G1 X84.171 Y115.99 E2502.91273
G1 X84.437 Y115.459 E2502.93357
G1 X84.553 Y114.737 E2502.95923
G1 X84.395 Y113.953 E2502.98729
G1 X84.066 Y113.361 E2503.01106
G1 F4785.7 X83.712 Y112.994 E2503.02887
G1 F4774.3 X83.13 Y112.64 E2503.05271
G1 F4729.4 X82.656 Y112.507 E2503.07011
G1 F4740.6 X82.19 Y112.465 E2503.08661
G1 X81.724 Y112.53 E2503.10319
G1 F4718.3 X81.282 Y112.683 E2503.11976
G1 F4740.6 X80.862 Y112.932 E2503.13698
G1 F4751.8 X80.39 Y113.426 E2503.16101
G1 F4740.6 X80.157 Y113.832 E2503.17751
M204 S5000
M205 X30 Y30
G0 F7200 X80.373 Y113.936
G0 X80.391 Y114.824
M204 S3000
M205 X20 Y20
G1 F4797.1 X80.391 Y114.677 E2503.18263
G1 F4808.6 X80.491 Y114.138 E2503.20169
G1 F4774.3 X80.75 Y113.648 E2503.22109
G1 F4740.6 X81.107 Y113.278 E2503.23921
G1 X81.506 Y113.045 E2503.2555
G1 F4718.3 X81.809 Y112.949 E2503.26676
G1 F4740.6 X82.207 Y112.887 E2503.28096
G1 X82.581 Y112.929 E2503.29423
G1 F4729.4 X82.962 Y113.029 E2503.30815
G1 F4774.3 X83.441 Y113.316 E2503.3277
G1 F4785.7 X83.722 Y113.605 E2503.34178
G1 F4774.3 X84.014 Y114.145 E2503.36327
G1 X84.123 Y114.748 E2503.38472
G1 F4785.7 X84.018 Y115.345 E2503.40589
G1 F4774.3 X83.818 Y115.756 E2503.42189
G1 F4797.1 X83.501 Y116.13 E2503.43897
G1 F4785.7 X82.962 Y116.472 E2503.46126
G1 F4718.3 X82.581 Y116.571 E2503.47521
G1 F4729.4 X82.207 Y116.613 E2503.48851
G1 F4797.1 X81.62 Y116.502 E2503.50932
G1 F4785.7 X81.052 Y116.181 E2503.5321
G1 F4740.6 X80.71 Y115.792 E2503.55037
G1 F4763 X80.488 Y115.352 E2503.56766
G1 F4808.6 X80.391 Y114.824 E2503.58632
M204 S5000
M205 X30 Y30
G0 F7200 X80.928 Y114.278
M204 S3000
M205 X20 Y20
;TYPE:WALL-OUTER
G1 F2040 X81.17 Y113.854 E2503.60661
G1 X81.374 Y113.654 E2503.61849
G1 X81.771 Y113.43 E2503.63744
G1 X82.27 Y113.347 E2503.65847
G1 X82.717 Y113.425 E2503.67734
G1 X83.121 Y113.65 E2503.69656
G1 X83.346 Y113.873 E2503.70974
G1 X83.573 Y114.28 E2503.72911
G1 X83.653 Y114.727 E2503.74799
G1 X83.576 Y115.209 E2503.76828
G1 X83.444 Y115.484 E2503.78097
G1 X83.131 Y115.843 E2503.80077
G1 X82.717 Y116.074 E2503.82048
G1 X82.27 Y116.153 E2503.83935
G1 X81.771 Y116.07 E2503.86038
G1 X81.332 Y115.812 E2503.88155
G1 X81.041 Y115.461 E2503.90051
G1 X80.925 Y115.212 E2503.91193
G1 X80.848 Y114.776 E2503.93033
G1 X80.928 Y114.278 E2503.9513
M204 S5000
M205 X30 Y30
G0 F7200 X81.027 Y114.105
G0 X80.418 Y113.751
G0 X80.205 Y114.75
G0 X79.502 Y114.752
M204 S3000
M205 X20 Y20
G1 F2040 X79.508 Y114.819 E2503.9541
G1 X79.56 Y115.315 E2503.97483
G1 X79.731 Y115.855 E2503.99838
G1 X80.012 Y116.344 E2504.02183
G1 X80.387 Y116.772 E2504.04549
G1 X80.594 Y116.945 E2504.05671
G1 X81.084 Y117.239 E2504.08046
G1 X81.616 Y117.424 E2504.10388
G1 X82.179 Y117.497 E2504.12748
G1 X82.74 Y117.453 E2504.15088
G1 X83.293 Y117.293 E2504.17481
G1 X83.537 Y117.178 E2504.18603
G1 X84.009 Y116.862 E2504.20964
G1 X84.41 Y116.449 E2504.23358
G1 X84.567 Y116.229 E2504.24481
G1 X84.823 Y115.72 E2504.2685
G1 X84.908 Y115.445 E2504.28047
G1 X84.996 Y114.882 E2504.30416
G1 X84.996 Y114.614 E2504.3153
G1 X84.908 Y114.056 E2504.33879
G1 X84.824 Y113.78 E2504.35078
G1 X84.565 Y113.269 E2504.3746
G1 X84.41 Y113.051 E2504.38572
G1 X84.008 Y112.639 E2504.40965
G1 X83.537 Y112.322 E2504.43325
G1 X83.293 Y112.207 E2504.44447
G1 X82.74 Y112.047 E2504.4684
G1 X82.179 Y112.003 E2504.4918
G1 X81.616 Y112.076 E2504.5154
G1 X81.084 Y112.261 E2504.53882
G1 X80.594 Y112.555 E2504.56258
G1 X80.387 Y112.728 E2504.57379
G1 X80.012 Y113.156 E2504.59745
G1 X79.732 Y113.645 E2504.62088
G1 X79.56 Y114.185 E2504.64444
G1 X79.502 Y114.752 E2504.66813
M204 S5000
M205 X30 Y30
G0 F7200 X79.508 Y114.819
G0 X79.521 Y114.951
G1 F1500 E2498.16813
G0 F7200 X80.219 Y114.881
G0 X81.189 Y116.012
G0 X82.25 Y116.401
G0 X84.776 Y114.83
G0 X85.911 Y114.83
G0 X134.089 Y114.83
G0 X135.224 Y114.83
G1 F1500 E2504.66813
G0 F7200 X135.465 Y114.85
M204 S3000
M205 X20 Y20
;TYPE:WALL-INNER
G1 F4751.8 X135.606 Y115.547 E2504.69315
G1 X135.83 Y115.989 E2504.71058
G1 F4763 X136.288 Y116.506 E2504.73481
G1 F4774.3 X136.87 Y116.86 E2504.75866
G1 F4718.3 X137.344 Y116.994 E2504.77611
G1 F4729.4 X137.81 Y117.035 E2504.79264
G1 X138.276 Y116.971 E2504.80926
G1 F4707.3 X138.718 Y116.817 E2504.82588
G1 F4740.6 X139.138 Y116.568 E2504.84309
G1 X139.609 Y116.074 E2504.86716
G1 F4729.4 X139.843 Y115.668 E2504.88372
G1 F4718.3 X139.983 Y115.22 E2504.90034
G1 F4740.6 X140.035 Y114.748 E2504.91708
G1 X139.983 Y114.28 E2504.93368
G1 F4718.3 X139.843 Y113.832 E2504.95031
G1 F4740.6 X139.61 Y113.426 E2504.96681
G1 F4751.8 X139.138 Y112.932 E2504.99085
G1 F4740.6 X138.718 Y112.682 E2505.00808
G1 F4718.3 X138.276 Y112.53 E2505.02463
G1 F4740.6 X137.81 Y112.466 E2505.04122
G1 F4729.4 X137.344 Y112.506 E2505.05775
G1 F4718.3 X136.87 Y112.64 E2505.07519
G1 F4763 X136.288 Y112.994 E2505.0991
G1 X135.944 Y113.347 E2505.11639
G1 F4751.8 X135.606 Y113.953 E2505.1408
G1 F4763 X135.465 Y114.653 E2505.16585
G1 F4751.8 X135.465 Y114.85 E2505.17278
M204 S5000
M205 X30 Y30
G0 F7200 X135.703 Y114.83
G0 X136.072 Y113.485
G0 X136.278 Y113.605
M204 S3000
M205 X20 Y20
G1 F4763 X136.559 Y113.317 E2505.1869
G1 F4785.7 X137.09 Y112.998 E2505.20854
G1 F4808.6 X137.694 Y112.89 E2505.22986
G1 F4763 X138.19 Y112.949 E2505.24739
G1 F4740.6 X138.494 Y113.043 E2505.25861
G1 F4785.7 X138.937 Y113.312 E2505.27671
G1 F4774.3 X139.251 Y113.648 E2505.29281
G1 F4751.8 X139.462 Y114.017 E2505.30776
G1 F4718.3 X139.561 Y114.361 E2505.32044
G1 F4740.6 X139.614 Y114.748 E2505.33421
G1 F4820.1 X139.513 Y115.351 E2505.35541
G1 F4831.7 X139.333 Y115.742 E2505.3703
G1 F4808.6 X138.948 Y116.182 E2505.39062
G1 F4751.8 X138.522 Y116.44 E2505.40813
G1 F4740.6 X138.27 Y116.534 E2505.41762
G1 F4774.3 X137.793 Y116.613 E2505.43454
G1 F4729.4 X137.419 Y116.571 E2505.44784
G1 F4718.3 X137.038 Y116.471 E2505.4618
G1 F4774.3 X136.556 Y116.182 E2505.48147
G1 F4763 X136.182 Y115.756 E2505.50136
G1 F4751.8 X136 Y115.392 E2505.51567
G1 F4763 X135.896 Y114.871 E2505.53432
G1 X135.888 Y114.687 E2505.54078
G1 X135.999 Y114.105 E2505.56157
G1 F4751.8 X136.278 Y113.605 E2505.58171
M204 S5000
M205 X30 Y30
G0 F7200 X136.427 Y114.28
M204 S3000
M205 X20 Y20
;TYPE:WALL-OUTER
G1 F2040 X136.655 Y113.873 E2505.6011
G1 X136.857 Y113.668 E2505.61307
G1 X137.283 Y113.426 E2505.63344
G1 X137.73 Y113.347 E2505.65231
G1 X138.229 Y113.43 E2505.67334
G1 X138.611 Y113.643 E2505.69152
G1 X138.83 Y113.853 E2505.70414
G1 X139.073 Y114.277 E2505.72446
G1 X139.153 Y114.775 E2505.74543
G1 X139.076 Y115.212 E2505.76388
G1 X138.959 Y115.461 E2505.77531
G1 X138.652 Y115.827 E2505.79517
G1 X138.229 Y116.07 E2505.81546
G1 X137.73 Y116.153 E2505.83649
G1 X137.284 Y116.074 E2505.85532
G1 X136.829 Y115.809 E2505.87721
G1 X136.556 Y115.484 E2505.89486
G1 X136.43 Y115.226 E2505.90679
G1 X136.35 Y114.792 E2505.92514
G1 X136.427 Y114.28 E2505.94667
M204 S5000
M205 X30 Y30
G0 F7200 X136.524 Y114.106
G0 X135.917 Y113.753
G0 X135.703 Y114.83
G0 X135.004 Y114.886
M204 S3000
M205 X20 Y20
G1 F2040 X135.092 Y115.444 E2505.97015
G1 X135.176 Y115.72 E2505.98215
G1 X135.433 Y116.229 E2506.00585
G1 X135.59 Y116.449 E2506.01709
G1 X135.992 Y116.861 E2506.04102
G1 X136.463 Y117.178 E2506.06462
G1 X136.707 Y117.293 E2506.07584
G1 X137.26 Y117.453 E2506.09977
G1 X137.821 Y117.497 E2506.12317
G1 X138.384 Y117.425 E2506.14677
G1 X138.916 Y117.239 E2506.1702
G1 X139.406 Y116.945 E2506.19395
G1 X139.613 Y116.772 E2506.20517
G1 X139.988 Y116.344 E2506.22883
G1 X140.268 Y115.855 E2506.25226
G1 X140.44 Y115.315 E2506.27582
G1 X140.498 Y114.748 E2506.29951
G1 X140.44 Y114.185 E2506.32304
G1 X140.268 Y113.645 E2506.34661
G1 X139.988 Y113.156 E2506.37003
G1 X139.611 Y112.726 E2506.39381
G1 X139.406 Y112.555 E2506.40491
G1 X138.916 Y112.261 E2506.42867
G1 X138.384 Y112.075 E2506.4521
G1 X137.821 Y112.003 E2506.47569
G1 X137.26 Y112.047 E2506.49909
G1 X136.707 Y112.207 E2506.52302
G1 X136.463 Y112.322 E2506.53424
G1 X135.991 Y112.638 E2506.55785
G1 X135.589 Y113.051 E2506.58181
G1 X135.434 Y113.27 E2506.59297
G1 X135.176 Y113.78 E2506.61673
G1 X135.092 Y114.056 E2506.62873
G1 X135.004 Y114.618 E2506.65238
G1 X135.004 Y114.886 E2506.66352
M204 S5000
M205 X30 Y30
G0 F7200 X135.035 Y115.083
G1 F1500 E2500.16352
G0 F7200 X135.726 Y114.976
G0 X136.13 Y112.809
G0 X135.496 Y111.868
G0 X135.497 Y98.633
G0 X136.13 Y97.691
G0 X135.703 Y95.83
G1 F1500 E2506.66352
G0 F7200 X135.465 Y95.85
M204 S3000
M205 X20 Y20
;TYPE:WALL-INNER
G1 F4751.8 X135.606 Y96.547 E2506.68853
G1 X135.83 Y96.989 E2506.70596
G1 F4763 X136.288 Y97.506 E2506.73019
G1 F4774.3 X136.87 Y97.86 E2506.75404
G1 F4718.3 X137.344 Y97.994 E2506.77149
G1 F4729.4 X137.81 Y98.035 E2506.78802
G1 X138.276 Y97.971 E2506.80464
G1 F4707.3 X138.718 Y97.817 E2506.82126
G1 F4740.6 X139.138 Y97.568 E2506.83848
G1 X139.609 Y97.074 E2506.86254
G1 F4729.4 X139.843 Y96.668 E2506.8791
G1 F4718.3 X139.983 Y96.22 E2506.89573
G1 F4740.6 X140.035 Y95.748 E2506.91247
G1 X139.983 Y95.28 E2506.92907
G1 F4718.3 X139.843 Y94.832 E2506.94569
G1 F4740.6 X139.61 Y94.426 E2506.9622
G1 F4751.8 X139.138 Y93.932 E2506.98623
G1 F4740.6 X138.718 Y93.682 E2507.00346
G1 F4718.3 X138.276 Y93.53 E2507.02002
G1 F4740.6 X137.81 Y93.466 E2507.0366
G1 F4729.4 X137.344 Y93.506 E2507.05313
G1 F4718.3 X136.87 Y93.64 E2507.07058
G1 F4763 X136.288 Y93.994 E2507.09448
G1 X135.944 Y94.347 E2507.11178
G1 F4751.8 X135.606 Y94.953 E2507.13618
G1 F4763 X135.465 Y95.653 E2507.16124
G1 F4751.8 X135.465 Y95.85 E2507.16817
M204 S5000
M205 X30 Y30
G0 F7200 X135.703 Y95.83
G0 X136.072 Y94.485
G0 X136.278 Y94.605
M204 S3000
M205 X20 Y20
G1 F4763 X136.559 Y94.317 E2507.18229
G1 F4785.7 X137.09 Y93.998 E2507.20392
G1 F4808.6 X137.694 Y93.89 E2507.22524
G1 F4763 X138.19 Y93.949 E2507.24277
G1 F4740.6 X138.494 Y94.043 E2507.25399
G1 F4785.7 X138.937 Y94.312 E2507.27209
G1 F4774.3 X139.251 Y94.648 E2507.28819
G1 F4751.8 X139.462 Y95.017 E2507.30314
G1 F4718.3 X139.561 Y95.361 E2507.31582
G1 F4740.6 X139.614 Y95.748 E2507.32959
G1 F4820.1 X139.513 Y96.351 E2507.35079
G1 F4831.7 X139.333 Y96.742 E2507.36568
G1 F4808.6 X138.948 Y97.182 E2507.386
G1 F4751.8 X138.522 Y97.44 E2507.40352
G1 F4740.6 X138.27 Y97.534 E2507.413
G1 F4774.3 X137.793 Y97.613 E2507.42993
G1 F4729.4 X137.419 Y97.571 E2507.44323
G1 F4718.3 X137.038 Y97.471 E2507.45718
G1 F4774.3 X136.556 Y97.182 E2507.47685
G1 F4763 X136.182 Y96.756 E2507.49674
G1 F4751.8 X136 Y96.392 E2507.51106
G1 F4763 X135.896 Y95.871 E2507.5297
G1 X135.888 Y95.687 E2507.53616
G1 X135.999 Y95.105 E2507.55695
G1 F4751.8 X136.278 Y94.605 E2507.57709
M204 S5000
M205 X30 Y30
G0 F7200 X136.427 Y95.28
M204 S3000
M205 X20 Y20
;TYPE:WALL-OUTER
G1 F2040 X136.655 Y94.873 E2507.59649
G1 X136.857 Y94.668 E2507.60845
G1 X137.283 Y94.426 E2507.62882
G1 X137.73 Y94.347 E2507.64769
G1 X138.229 Y94.43 E2507.66872
G1 X138.611 Y94.643 E2507.68691
G1 X138.83 Y94.853 E2507.69952
G1 X139.073 Y95.277 E2507.71984
G1 X139.153 Y95.775 E2507.74081
G1 X139.076 Y96.212 E2507.75926
G1 X138.959 Y96.461 E2507.7707
G1 X138.652 Y96.827 E2507.79056
G1 X138.229 Y97.07 E2507.81084
G1 X137.73 Y97.153 E2507.83187
G1 X137.284 Y97.074 E2507.8507
G1 X136.829 Y96.809 E2507.87259
G1 X136.556 Y96.484 E2507.89024
G1 X136.43 Y96.226 E2507.90218
G1 X136.35 Y95.792 E2507.92052
G1 X136.427 Y95.28 E2507.94205
M204 S5000
M205 X30 Y30
G0 F7200 X136.524 Y95.106
G0 X135.917 Y94.753
G0 X135.703 Y95.83
G0 X135.004 Y95.886
M204 S3000
M205 X20 Y20
G1 F2040 X135.092 Y96.444 E2507.96553
G1 X135.176 Y96.72 E2507.97753
G1 X135.433 Y97.229 E2508.00124
G1 X135.59 Y97.449 E2508.01247
G1 X135.992 Y97.861 E2508.0364
G1 X136.463 Y98.178 E2508.06001
G1 X136.707 Y98.293 E2508.07122
G1 X137.26 Y98.453 E2508.09516
G1 X137.821 Y98.497 E2508.11855
G1 X138.384 Y98.425 E2508.14215
G1 X138.916 Y98.239 E2508.16558
G1 X139.406 Y97.945 E2508.18934
G1 X139.613 Y97.772 E2508.20055
G1 X139.988 Y97.344 E2508.22421
G1 X140.268 Y96.855 E2508.24764
G1 X140.44 Y96.315 E2508.2712
G1 X140.498 Y95.748 E2508.2949
G1 X140.44 Y95.185 E2508.31843
G1 X140.268 Y94.645 E2508.34199
G1 X139.988 Y94.156 E2508.36542
G1 X139.611 Y93.726 E2508.38919
G1 X139.406 Y93.555 E2508.40029
G1 X138.916 Y93.261 E2508.42405
G1 X138.384 Y93.075 E2508.44748
G1 X137.821 Y93.003 E2508.47108
G1 X137.26 Y93.047 E2508.49447
G1 X136.707 Y93.207 E2508.51841
G1 X136.463 Y93.322 E2508.52962
G1 X135.991 Y93.638 E2508.55324
G1 X135.589 Y94.051 E2508.5772
G1 X135.434 Y94.27 E2508.58835
G1 X135.176 Y94.78 E2508.61211
G1 X135.092 Y95.056 E2508.62411
G1 X135.004 Y95.618 E2508.64776
G1 X135.004 Y95.886 E2508.6589
M204 S5000
M205 X30 Y30
G0 F7200 X135.035 Y96.083
G1 F1500 E2502.1589
;MESH:NONMESH
G0 F600 X135.035 Y96.083 Z5.5
G0 F7200 X135.726 Y95.976
G0 X134.089 Y95.634
G0 X85.812 Y94.919
G0 X84.692 Y95.094
G0 X82.814 Y94.199
G0 X81.794 Y94.18
G0 X80.373 Y94.936
G1 F1500 E2508.6589
G0 F7200 X80.157 Y94.832
;TIME_ELAPSED:2368.130015
;LAYER:26
M204 S3000
M205 X20 Y20
;TYPE:WALL-INNER
;MESH:Pi Holder.stl
G1 F4718.3 X80.017 Y95.28 E2508.67553
G1 F4729.4 X79.966 Y95.773 E2508.69304
G1 X80.017 Y96.22 E2508.70894
G1 F4707.3 X80.157 Y96.668 E2508.72561
G1 F4729.4 X80.391 Y97.074 E2508.74217
G1 F4740.6 X80.862 Y97.568 E2508.76623
G1 X81.282 Y97.817 E2508.78344
G1 F4718.3 X81.724 Y97.97 E2508.80001
G1 F4740.6 X82.19 Y98.035 E2508.8166
G1 F4729.4 X82.656 Y97.994 E2508.83313
G1 F4718.3 X83.13 Y97.859 E2508.85059
G1 F4763 X83.712 Y97.506 E2508.87447
G1 X84.171 Y96.99 E2508.89871
G1 X84.437 Y96.459 E2508.91955
G1 X84.553 Y95.737 E2508.94521
G1 X84.395 Y94.953 E2508.97327
G1 X84.066 Y94.361 E2508.99703
G1 F4785.7 X83.712 Y93.994 E2509.01484
G1 F4774.3 X83.13 Y93.64 E2509.03869
G1 F4729.4 X82.656 Y93.507 E2509.05609
G1 F4740.6 X82.19 Y93.465 E2509.07258
G1 X81.724 Y93.53 E2509.08917
G1 F4718.3 X81.282 Y93.683 E2509.10574
G1 F4740.6 X80.862 Y93.932 E2509.12295
G1 F4751.8 X80.39 Y94.426 E2509.14698
G1 F4740.6 X80.157 Y94.832 E2509.16349
M204 S5000
M205 X30 Y30
G0 F7200 X80.373 Y94.936
G0 X80.391 Y95.824
M204 S3000
M205 X20 Y20
G1 F4797.1 X80.391 Y95.677 E2509.16861
G1 F4808.6 X80.491 Y95.138 E2509.18766
G1 F4774.3 X80.75 Y94.648 E2509.20706
G1 F4740.6 X81.107 Y94.278 E2509.22519
G1 X81.506 Y94.045 E2509.24148
G1 F4718.3 X81.809 Y93.949 E2509.25274
G1 F4740.6 X82.207 Y93.887 E2509.26694
G1 X82.581 Y93.929 E2509.28021
G1 F4729.4 X82.962 Y94.029 E2509.29413
G1 F4774.3 X83.441 Y94.316 E2509.31368
G1 F4785.7 X83.722 Y94.605 E2509.32775
G1 F4774.3 X84.014 Y95.145 E2509.34924
G1 X84.123 Y95.748 E2509.37069
G1 F4785.7 X84.018 Y96.345 E2509.39186
G1 F4774.3 X83.818 Y96.756 E2509.40786
G1 F4797.1 X83.501 Y97.13 E2509.42495
G1 F4785.7 X82.962 Y97.472 E2509.44724
G1 F4718.3 X82.581 Y97.571 E2509.46118
G1 F4729.4 X82.207 Y97.613 E2509.47448
G1 F4797.1 X81.62 Y97.502 E2509.4953
G1 F4785.7 X81.052 Y97.181 E2509.51808
G1 F4740.6 X80.71 Y96.792 E2509.53634
G1 F4763 X80.488 Y96.352 E2509.55364
G1 F4808.6 X80.391 Y95.824 E2509.57229
M204 S5000
M205 X30 Y30
G0 F7200 X80.928 Y95.278
M204 S3000
M205 X20 Y20
;TYPE:WALL-OUTER
G1 F2040 X81.17 Y94.854 E2509.59259
G1 X81.374 Y94.654 E2509.60447
G1 X81.771 Y94.43 E2509.62342
G1 X82.27 Y94.347 E2509.64445
G1 X82.717 Y94.425 E2509.66332
G1 X83.121 Y94.65 E2509.68254
G1 X83.346 Y94.873 E2509.69571
G1 X83.573 Y95.28 E2509.71509
G1 X83.653 Y95.727 E2509.73397
G1 X83.576 Y96.209 E2509.75426
G1 X83.444 Y96.484 E2509.76694
G1 X83.131 Y96.843 E2509.78674
G1 X82.717 Y97.074 E2509.80645
G1 X82.27 Y97.153 E2509.82533
G1 X81.771 Y97.07 E2509.84636
G1 X81.332 Y96.812 E2509.86753
G1 X81.041 Y96.461 E2509.88648
G1 X80.925 Y96.212 E2509.8979
G1 X80.848 Y95.776 E2509.91631
G1 X80.928 Y95.278 E2509.93728
M204 S5000
M205 X30 Y30
G0 F7200 X81.027 Y95.105
G0 X80.418 Y94.751
G0 X80.205 Y95.75
G0 X79.502 Y95.752
M204 S3000
M205 X20 Y20
G1 F2040 X79.508 Y95.819 E2509.94008
G1 X79.56 Y96.315 E2509.96081
G1 X79.731 Y96.855 E2509.98436
G1 X80.012 Y97.344 E2510.00781
G1 X80.387 Y97.772 E2510.03147
G1 X80.594 Y97.945 E2510.04268
G1 X81.084 Y98.239 E2510.06644
G1 X81.616 Y98.424 E2510.08986
G1 X82.179 Y98.497 E2510.11346
G1 X82.74 Y98.453 E2510.13685
G1 X83.293 Y98.293 E2510.16079
G1 X83.537 Y98.178 E2510.172
G1 X84.009 Y97.862 E2510.19562
G1 X84.41 Y97.449 E2510.21955
G1 X84.567 Y97.229 E2510.23079
G1 X84.823 Y96.72 E2510.25448
G1 X84.908 Y96.445 E2510.26644
G1 X84.996 Y95.882 E2510.29013
G1 X84.996 Y95.614 E2510.30128
G1 X84.908 Y95.056 E2510.32476
G1 X84.824 Y94.78 E2510.33676
G1 X84.565 Y94.269 E2510.36057
G1 X84.41 Y94.051 E2510.37169
G1 X84.008 Y93.639 E2510.39563
G1 X83.537 Y93.322 E2510.41923
G1 X83.293 Y93.207 E2510.43044
G1 X82.74 Y93.047 E2510.45438
G1 X82.179 Y93.003 E2510.47777
G1 X81.616 Y93.076 E2510.50138
G1 X81.084 Y93.261 E2510.52479
G1 X80.594 Y93.555 E2510.54855
G1 X80.387 Y93.728 E2510.55977
G1 X80.012 Y94.156 E2510.58343
G1 X79.732 Y94.645 E2510.60685
G1 X79.56 Y95.185 E2510.63041
G1 X79.502 Y95.752 E2510.65411
M204 S5000
M205 X30 Y30
G0 F7200 X79.508 Y95.819
G0 X79.521 Y95.951
G1 F1500 E2504.15411
G0 F7200 X80.219 Y95.881
G0 X81.177 Y98.039
G0 X80.804 Y99.11
G0 X80.803 Y111.391
G0 X81.177 Y112.461
G0 X80.373 Y113.936
G1 F1500 E2510.65411
G0 F7200 X80.157 Y113.832
M204 S3000
M205 X20 Y20
;TYPE:WALL-INNER
G1 F4718.3 X80.017 Y114.28 E2510.67074
G1 F4729.4 X79.964 Y114.752 E2510.68752
G1 X80.017 Y115.22 E2510.70417
G1 F4707.3 X80.157 Y115.668 E2510.72083
G1 F4729.4 X80.391 Y116.074 E2510.73739
G1 F4740.6 X80.862 Y116.568 E2510.76145
G1 X81.282 Y116.817 E2510.77867
G1 F4718.3 X81.724 Y116.97 E2510.79524
G1 F4740.6 X82.19 Y117.035 E2510.81182
G1 F4729.4 X82.656 Y116.994 E2510.82836
G1 F4718.3 X83.13 Y116.859 E2510.84581
G1 F4763 X83.712 Y116.506 E2510.8697
G1 X84.171 Y115.99 E2510.89393
G1 X84.437 Y115.459 E2510.91477
G1 X84.553 Y114.737 E2510.94043
G1 X84.395 Y113.953 E2510.96849
G1 X84.066 Y113.361 E2510.99226
G1 F4785.7 X83.712 Y112.994 E2511.01007
G1 F4774.3 X83.13 Y112.64 E2511.03391
G1 F4729.4 X82.656 Y112.507 E2511.05131
G1 F4740.6 X82.19 Y112.465 E2511.06781
G1 X81.724 Y112.53 E2511.0844
G1 F4718.3 X81.282 Y112.683 E2511.10096
G1 F4740.6 X80.862 Y112.932 E2511.11818
G1 F4751.8 X80.39 Y113.426 E2511.14221
G1 F4740.6 X80.157 Y113.832 E2511.15871
M204 S5000
M205 X30 Y30
G0 F7200 X80.373 Y113.936
G0 X80.391 Y114.824
M204 S3000
M205 X20 Y20
G1 F4797.1 X80.391 Y114.677 E2511.16383
G1 F4808.6 X80.491 Y114.138 E2511.18289
G1 F4774.3 X80.75 Y113.648 E2511.20229
G1 F4740.6 X81.107 Y113.278 E2511.22042
G1 X81.506 Y113.045 E2511.23671
G1 F4718.3 X81.809 Y112.949 E2511.24796
G1 F4740.6 X82.207 Y112.887 E2511.26217
G1 X82.581 Y112.929 E2511.27543
G1 F4729.4 X82.962 Y113.029 E2511.28935
G1 F4774.3 X83.441 Y113.316 E2511.3089
G1 F4785.7 X83.722 Y113.605 E2511.32298
G1 F4774.3 X84.014 Y114.145 E2511.34447
G1 X84.123 Y114.748 E2511.36592
G1 F4785.7 X84.018 Y115.345 E2511.38709
G1 F4774.3 X83.818 Y115.756 E2511.40309
G1 F4797.1 X83.501 Y116.13 E2511.42017
G1 F4785.7 X82.962 Y116.472 E2511.44246
G1 F4718.3 X82.581 Y116.571 E2511.45641
G1 F4729.4 X82.207 Y116.613 E2511.46971
G1 F4797.1 X81.62 Y116.502 E2511.49052
G1 F4785.7 X81.052 Y116.181 E2511.51331
G1 F4740.6 X80.71 Y115.792 E2511.53157
G1 F4763 X80.488 Y115.352 E2511.54886
G1 F4808.6 X80.391 Y114.824 E2511.56752
M204 S5000
M205 X30 Y30
G0 F7200 X80.928 Y114.278
M204 S3000
M205 X20 Y20
;TYPE:WALL-OUTER
G1 F2040 X81.17 Y113.854 E2511.58782
G1 X81.374 Y113.654 E2511.59969
G1 X81.771 Y113.43 E2511.61864
G1 X82.27 Y113.347 E2511.63968
G1 X82.717 Y113.425 E2511.65854
G1 X83.121 Y113.65 E2511.67777
G1 X83.346 Y113.873 E2511.69094
G1 X83.573 Y114.28 E2511.71031
G1 X83.653 Y114.727 E2511.72919
G1 X83.576 Y115.209 E2511.74948
G1 X83.444 Y115.484 E2511.76217
G1 X83.131 Y115.843 E2511.78197
G1 X82.717 Y116.074 E2511.80168
G1 X82.27 Y116.153 E2511.82055
G1 X81.771 Y116.07 E2511.84158
G1 X81.332 Y115.812 E2511.86275
G1 X81.041 Y115.461 E2511.88171
G1 X80.925 Y115.212 E2511.89313
G1 X80.848 Y114.776 E2511.91154
G1 X80.928 Y114.278 E2511.93251
M204 S5000
M205 X30 Y30
G0 F7200 X81.027 Y114.105
G0 X80.418 Y113.751
G0 X80.205 Y114.75
G0 X79.502 Y114.752
M204 S3000
M205 X20 Y20
G1 F2040 X79.56 Y115.315 E2511.95604
G1 X79.731 Y115.855 E2511.97959
G1 X80.012 Y116.344 E2512.00303
G1 X80.387 Y116.772 E2512.02669
G1 X80.594 Y116.945 E2512.03791
G1 X81.084 Y117.239 E2512.06166
G1 X81.616 Y117.424 E2512.08508
G1 X82.179 Y117.497 E2512.10868
G1 X82.74 Y117.453 E2512.13208
G1 X83.293 Y117.293 E2512.15601
G1 X83.537 Y117.178 E2512.16723
G1 X84.009 Y116.862 E2512.19084
G1 X84.41 Y116.449 E2512.21478
G1 X84.567 Y116.229 E2512.22601
G1 X84.823 Y115.72 E2512.2497
G1 X84.908 Y115.445 E2512.26167
G1 X84.996 Y114.882 E2512.28536
G1 X84.996 Y114.614 E2512.2965
G1 X84.908 Y114.056 E2512.31999
G1 X84.824 Y113.78 E2512.33198
G1 X84.565 Y113.269 E2512.3558
G1 X84.41 Y113.051 E2512.36692
G1 X84.008 Y112.639 E2512.39085
G1 X83.537 Y112.322 E2512.41446
G1 X83.293 Y112.207 E2512.42567
G1 X82.74 Y112.047 E2512.4496
G1 X82.179 Y112.003 E2512.473
G1 X81.616 Y112.076 E2512.4966
G1 X81.084 Y112.261 E2512.52002
G1 X80.594 Y112.555 E2512.54378
G1 X80.387 Y112.728 E2512.55499
G1 X80.012 Y113.156 E2512.57865
G1 X79.732 Y113.645 E2512.60208
G1 X79.56 Y114.185 E2512.62564
G1 X79.502 Y114.752 E2512.64934
M204 S5000
M205 X30 Y30
G0 F7200 X79.522 Y114.951
G1 F1500 E2506.14934
G0 F7200 X80.219 Y114.881
G0 X81.189 Y116.012
G0 X82.25 Y116.401
G0 X84.776 Y114.83
G0 X85.911 Y114.83
G0 X134.089 Y114.83
G0 X135.224 Y114.83
G1 F1500 E2512.64934
G0 F7200 X135.465 Y114.85
M204 S3000
M205 X20 Y20
;TYPE:WALL-INNER
G1 F4751.8 X135.606 Y115.547 E2512.67435
G1 X135.83 Y115.989 E2512.69178
G1 F4763 X136.288 Y116.506 E2512.71601
G1 F4774.3 X136.87 Y116.86 E2512.73986
G1 F4718.3 X137.344 Y116.994 E2512.75731
G1 F4729.4 X137.81 Y117.035 E2512.77384
G1 X138.276 Y116.971 E2512.79046
G1 F4707.3 X138.718 Y116.817 E2512.80708
G1 F4740.6 X139.138 Y116.568 E2512.82429
G1 X139.609 Y116.074 E2512.84836
G1 F4729.4 X139.843 Y115.668 E2512.86492
G1 F4718.3 X139.983 Y115.22 E2512.88154
G1 F4740.6 X140.035 Y114.748 E2512.89828
G1 X139.983 Y114.28 E2512.91489
G1 F4718.3 X139.843 Y113.832 E2512.93151
G1 F4740.6 X139.61 Y113.426 E2512.94802
G1 F4751.8 X139.138 Y112.932 E2512.97205
G1 F4740.6 X138.718 Y112.682 E2512.98928
G1 F4718.3 X138.276 Y112.53 E2513.00584
G1 F4740.6 X137.81 Y112.466 E2513.02242
G1 F4729.4 X137.344 Y112.506 E2513.03895
G1 F4718.3 X136.87 Y112.64 E2513.0564
G1 F4763 X136.288 Y112.994 E2513.0803
G1 X135.944 Y113.347 E2513.09759
G1 F4751.8 X135.606 Y113.953 E2513.122
G1 F4763 X135.465 Y114.653 E2513.14706
G1 F4751.8 X135.465 Y114.85 E2513.15398
M204 S5000
M205 X30 Y30
G0 F7200 X135.703 Y114.83
G0 X136.072 Y113.485
G0 X136.278 Y113.605
M204 S3000
M205 X20 Y20
G1 F4763 X136.559 Y113.317 E2513.1681
G1 F4785.7 X137.09 Y112.998 E2513.18974
G1 F4808.6 X137.694 Y112.89 E2513.21106
G1 F4763 X138.19 Y112.949 E2513.22859
G1 F4740.6 X138.494 Y113.043 E2513.23981
G1 F4785.7 X138.937 Y113.312 E2513.25791
G1 F4774.3 X139.251 Y113.648 E2513.27401
G1 F4751.8 X139.462 Y114.017 E2513.28896
G1 F4718.3 X139.561 Y114.361 E2513.30164
G1 F4740.6 X139.614 Y114.748 E2513.31541
G1 F4820.1 X139.513 Y115.351 E2513.33661
G1 F4831.7 X139.333 Y115.742 E2513.3515
G1 F4808.6 X138.948 Y116.182 E2513.37182
G1 F4751.8 X138.522 Y116.44 E2513.38934
G1 F4740.6 X138.27 Y116.534 E2513.39882
G1 F4774.3 X137.793 Y116.613 E2513.41574
G1 F4729.4 X137.419 Y116.571 E2513.42904
G1 F4718.3 X137.038 Y116.471 E2513.443
G1 F4774.3 X136.556 Y116.182 E2513.46267
G1 F4763 X136.182 Y115.756 E2513.48256
G1 F4751.8 X136 Y115.392 E2513.49688
G1 F4763 X135.896 Y114.871 E2513.51552
G1 X135.888 Y114.687 E2513.52198
G1 X135.999 Y114.105 E2513.54277
G1 F4751.8 X136.278 Y113.605 E2513.56291
M204 S5000
M205 X30 Y30
G0 F7200 X136.427 Y114.28
M204 S3000
M205 X20 Y20
;TYPE:WALL-OUTER
G1 F2040 X136.655 Y113.873 E2513.5823
G1 X136.857 Y113.668 E2513.59427
G1 X137.283 Y113.426 E2513.61464
G1 X137.73 Y113.347 E2513.63351
G1 X138.229 Y113.43 E2513.65454
G1 X138.611 Y113.643 E2513.67273
G1 X138.83 Y113.853 E2513.68534
G1 X139.073 Y114.277 E2513.70566
G1 X139.153 Y114.775 E2513.72663
G1 X139.076 Y115.212 E2513.74508
G1 X138.959 Y115.461 E2513.75651
G1 X138.652 Y115.827 E2513.77638
G1 X138.229 Y116.07 E2513.79666
G1 X137.73 Y116.153 E2513.81769
G1 X137.284 Y116.074 E2513.83652
G1 X136.829 Y115.809 E2513.85841
G1 X136.556 Y115.484 E2513.87606
G1 X136.43 Y115.226 E2513.88799
G1 X136.35 Y114.792 E2513.90634
G1 X136.427 Y114.28 E2513.92787
M204 S5000
M205 X30 Y30
G0 F7200 X136.524 Y114.106
G0 X135.917 Y113.753
G0 X135.703 Y114.83
G0 X135.004 Y114.886
M204 S3000
M205 X20 Y20
G1 F2040 X135.092 Y115.444 E2513.95135
G1 X135.176 Y115.72 E2513.96335
G1 X135.433 Y116.229 E2513.98705
G1 X135.59 Y116.449 E2513.99829
G1 X135.992 Y116.861 E2514.02222
G1 X136.463 Y117.178 E2514.04583
G1 X136.707 Y117.293 E2514.05704
G1 X137.26 Y117.453 E2514.08097
G1 X137.821 Y117.497 E2514.10437
G1 X138.384 Y117.425 E2514.12797
G1 X138.916 Y117.239 E2514.1514
G1 X139.406 Y116.945 E2514.17516
G1 X139.613 Y116.772 E2514.18637
G1 X139.988 Y116.344 E2514.21003
G1 X140.268 Y115.855 E2514.23346
G1 X140.44 Y115.315 E2514.25702
G1 X140.498 Y114.748 E2514.28072
G1 X140.44 Y114.185 E2514.30425
G1 X140.268 Y113.645 E2514.32781
G1 X139.988 Y113.156 E2514.35123
G1 X139.611 Y112.726 E2514.37501
G1 X139.406 Y112.555 E2514.38611
G1 X138.916 Y112.261 E2514.40987
G1 X138.384 Y112.075 E2514.4333
G1 X137.821 Y112.003 E2514.45689
G1 X137.26 Y112.047 E2514.48029
G1 X136.707 Y112.207 E2514.50422
G1 X136.463 Y112.322 E2514.51544
G1 X135.991 Y112.638 E2514.53905
G1 X135.589 Y113.051 E2514.56302
G1 X135.434 Y113.27 E2514.57417
G1 X135.176 Y113.78 E2514.59793
G1 X135.092 Y114.056 E2514.60993
G1 X135.004 Y114.618 E2514.63358
G1 X135.004 Y114.886 E2514.64472
M204 S5000
M205 X30 Y30
G0 F7200 X135.035 Y115.083
G1 F1500 E2508.14472
G0 F7200 X135.726 Y114.976
G0 X136.13 Y112.809
G0 X135.496 Y111.868
G0 X135.497 Y98.633
G0 X136.13 Y97.691
G0 X135.703 Y95.83
G1 F1500 E2514.64472
G0 F7200 X135.465 Y95.85
M204 S3000
M205 X20 Y20
;TYPE:WALL-INNER
G1 F4751.8 X135.606 Y96.547 E2514.66973
G1 X135.83 Y96.989 E2514.68716
G1 F4763 X136.288 Y97.506 E2514.7114
G1 F4774.3 X136.87 Y97.86 E2514.73524
G1 F4718.3 X137.344 Y97.994 E2514.75269
G1 F4729.4 X137.81 Y98.035 E2514.76922
G1 X138.276 Y97.971 E2514.78584
G1 F4707.3 X138.718 Y97.817 E2514.80246
G1 F4740.6 X139.138 Y97.568 E2514.81968
G1 X139.609 Y97.074 E2514.84374
G1 F4729.4 X139.843 Y96.668 E2514.8603
G1 F4718.3 X139.983 Y96.22 E2514.87693
G1 F4740.6 X140.035 Y95.748 E2514.89367
G1 X139.983 Y95.28 E2514.91027
G1 F4718.3 X139.843 Y94.832 E2514.92689
G1 F4740.6 X139.61 Y94.426 E2514.9434
G1 F4751.8 X139.138 Y93.932 E2514.96743
G1 F4740.6 X138.718 Y93.682 E2514.98466
G1 F4718.3 X138.276 Y93.53 E2515.00122
G1 F4740.6 X137.81 Y93.466 E2515.0178
G1 F4729.4 X137.344 Y93.506 E2515.03433
G1 F4718.3 X136.87 Y93.64 E2515.05178
G1 F4763 X136.288 Y93.994 E2515.07568
G1 X135.944 Y94.347 E2515.09298
G1 F4751.8 X135.606 Y94.953 E2515.11738
G1 F4763 X135.465 Y95.653 E2515.14244
G1 F4751.8 X135.465 Y95.85 E2515.14937
M204 S5000
M205 X30 Y30
G0 F7200 X135.703 Y95.83
G0 X136.072 Y94.485
G0 X136.278 Y94.605
M204 S3000
M205 X20 Y20
G1 F4763 X136.559 Y94.317 E2515.16349
G1 F4785.7 X137.09 Y93.998 E2515.18512
G1 F4808.6 X137.694 Y93.89 E2515.20645
G1 F4763 X138.19 Y93.949 E2515.22397
G1 F4740.6 X138.494 Y94.043 E2515.23519
G1 F4785.7 X138.937 Y94.312 E2515.25329
G1 F4774.3 X139.251 Y94.648 E2515.26939
G1 F4751.8 X139.462 Y95.017 E2515.28434
G1 F4718.3 X139.561 Y95.361 E2515.29702
G1 F4740.6 X139.614 Y95.748 E2515.31079
G1 F4820.1 X139.513 Y96.351 E2515.33199
G1 F4831.7 X139.333 Y96.742 E2515.34688
G1 F4808.6 X138.948 Y97.182 E2515.3672
G1 F4751.8 X138.522 Y97.44 E2515.38472
G1 F4740.6 X138.27 Y97.534 E2515.3942
G1 F4774.3 X137.793 Y97.613 E2515.41113
G1 F4729.4 X137.419 Y97.571 E2515.42443
G1 F4718.3 X137.038 Y97.471 E2515.43838
G1 F4774.3 X136.556 Y97.182 E2515.45805
G1 F4763 X136.182 Y96.756 E2515.47794
G1 F4751.8 X136 Y96.392 E2515.49226
G1 F4763 X135.896 Y95.871 E2515.5109
G1 X135.888 Y95.687 E2515.51736
G1 X135.999 Y95.105 E2515.53815
G1 F4751.8 X136.278 Y94.605 E2515.55829
M204 S5000
M205 X30 Y30
G0 F7200 X136.427 Y95.28
M204 S3000
M205 X20 Y20
;TYPE:WALL-OUTER
G1 F2040 X136.655 Y94.873 E2515.57769
G1 X136.857 Y94.668 E2515.58965
G1 X137.283 Y94.426 E2515.61002
G1 X137.73 Y94.347 E2515.62889
G1 X138.229 Y94.43 E2515.64993
G1 X138.611 Y94.643 E2515.66811
G1 X138.83 Y94.853 E2515.68072
G1 X139.073 Y95.277 E2515.70104
G1 X139.153 Y95.775 E2515.72201
G1 X139.076 Y96.212 E2515.74046
G1 X138.959 Y96.461 E2515.7519
G1 X138.652 Y96.827 E2515.77176
G1 X138.229 Y97.07 E2515.79204
G1 X137.73 Y97.153 E2515.81307
G1 X137.284 Y97.074 E2515.8319
G1 X136.829 Y96.809 E2515.85379
G1 X136.556 Y96.484 E2515.87144
G1 X136.43 Y96.226 E2515.88338
G1 X136.35 Y95.792 E2515.90172
G1 X136.427 Y95.28 E2515.92325
M204 S5000
M205 X30 Y30
G0 F7200 X136.524 Y95.106
G0 X135.917 Y94.753
G0 X135.703 Y95.83
G0 X135.004 Y95.886
M204 S3000
M205 X20 Y20
G1 F2040 X135.092 Y96.444 E2515.94674
G1 X135.176 Y96.72 E2515.95873
G1 X135.433 Y97.229 E2515.98244
G1 X135.59 Y97.449 E2515.99367
G1 X135.992 Y97.861 E2516.01761
G1 X136.463 Y98.178 E2516.04121
G1 X136.707 Y98.293 E2516.05242
G1 X137.26 Y98.453 E2516.07636
G1 X137.821 Y98.497 E2516.09975
G1 X138.384 Y98.425 E2516.12335
G1 X138.916 Y98.239 E2516.14678
G1 X139.406 Y97.945 E2516.17054
G1 X139.613 Y97.772 E2516.18175
G1 X139.988 Y97.344 E2516.20541
G1 X140.268 Y96.855 E2516.22884
G1 X140.44 Y96.315 E2516.2524
G1 X140.498 Y95.748 E2516.2761
G1 X140.44 Y95.185 E2516.29963
G1 X140.268 Y94.645 E2516.32319
G1 X139.988 Y94.156 E2516.34662
G1 X139.611 Y93.726 E2516.37039
G1 X139.406 Y93.555 E2516.38149
G1 X138.916 Y93.261 E2516.40525
G1 X138.384 Y93.075 E2516.42868
G1 X137.821 Y93.003 E2516.45228
G1 X137.26 Y93.047 E2516.47567
G1 X136.707 Y93.207 E2516.49961
G1 X136.463 Y93.322 E2516.51082
G1 X135.991 Y93.638 E2516.53444
G1 X135.589 Y94.051 E2516.5584
G1 X135.434 Y94.27 E2516.56955
G1 X135.176 Y94.78 E2516.59332
G1 X135.092 Y95.056 E2516.60531
G1 X135.004 Y95.618 E2516.62896
G1 X135.004 Y95.886 E2516.6401
M204 S5000
M205 X30 Y30
G0 F7200 X135.035 Y96.083
G1 F1500 E2510.1401
;MESH:NONMESH
G0 F600 X135.035 Y96.083 Z5.7
G0 F7200 X135.726 Y95.976
G0 X134.089 Y95.634
G0 X85.812 Y94.919
G0 X84.692 Y95.094
G0 X82.814 Y94.199
G0 X81.794 Y94.18
G0 X80.373 Y94.936
G1 F1500 E2516.6401
G0 F7200 X80.157 Y94.832
;TIME_ELAPSED:2376.889967
;LAYER:27
M204 S3000
M205 X20 Y20
;TYPE:WALL-INNER
;MESH:Pi Holder.stl
G1 F4718.3 X80.017 Y95.28 E2516.65673
G1 F4729.4 X79.964 Y95.752 E2516.67351
G1 X80.017 Y96.22 E2516.69016
G1 F4707.3 X80.157 Y96.668 E2516.70682
G1 F4729.4 X80.391 Y97.074 E2516.72338
G1 F4740.6 X80.862 Y97.568 E2516.74745
G1 X81.282 Y97.817 E2516.76466
G1 F4718.3 X81.724 Y97.97 E2516.78123
G1 F4740.6 X82.19 Y98.035 E2516.79782
G1 F4729.4 X82.656 Y97.994 E2516.81435
G1 F4718.3 X83.13 Y97.859 E2516.83181
G1 F4763 X83.712 Y97.506 E2516.85569
G1 X84.171 Y96.99 E2516.87992
G1 X84.437 Y96.459 E2516.90076
G1 X84.553 Y95.737 E2516.92642
G1 X84.395 Y94.953 E2516.95449
G1 X84.066 Y94.361 E2516.97825
G1 F4785.7 X83.712 Y93.994 E2516.99606
G1 F4774.3 X83.13 Y93.64 E2517.0199
G1 F4729.4 X82.656 Y93.507 E2517.0373
G1 F4740.6 X82.19 Y93.465 E2517.0538
G1 X81.724 Y93.53 E2517.07039
G1 F4718.3 X81.282 Y93.683 E2517.08695
G1 F4740.6 X80.862 Y93.932 E2517.10417
G1 F4751.8 X80.39 Y94.426 E2517.1282
G1 F4740.6 X80.157 Y94.832 E2517.1447
M204 S5000
M205 X30 Y30
G0 F7200 X80.373 Y94.936
G0 X80.266 Y96.455
G0 X80.488 Y96.352
M204 S3000
M205 X20 Y20
G1 F4797.1 X80.387 Y95.752 E2517.1659
G1 F4729.4 X80.439 Y95.36 E2517.17988
G1 F4718.3 X80.538 Y95.017 E2517.19252
G1 F4740.6 X80.75 Y94.648 E2517.20753
G1 X81.107 Y94.278 E2517.22565
G1 X81.506 Y94.045 E2517.24194
G1 F4718.3 X81.809 Y93.949 E2517.2532
G1 F4740.6 X82.207 Y93.887 E2517.2674
G1 X82.581 Y93.929 E2517.28067
G1 F4729.4 X82.962 Y94.029 E2517.29459
G1 F4774.3 X83.441 Y94.316 E2517.31414
G1 F4785.7 X83.722 Y94.605 E2517.32821
G1 F4774.3 X84.014 Y95.145 E2517.3497
G1 X84.123 Y95.748 E2517.37116
G1 F4785.7 X84.018 Y96.345 E2517.39232
G1 F4774.3 X83.818 Y96.756 E2517.40833
G1 F4797.1 X83.501 Y97.13 E2517.42541
G1 F4785.7 X82.962 Y97.472 E2517.4477
G1 F4718.3 X82.581 Y97.571 E2517.46164
G1 F4729.4 X82.207 Y97.613 E2517.47494
G1 F4797.1 X81.62 Y97.502 E2517.49576
G1 F4785.7 X81.052 Y97.181 E2517.51854
G1 F4740.6 X80.71 Y96.792 E2517.5368
G1 F4763 X80.488 Y96.352 E2517.5541
M204 S5000
M205 X30 Y30
G0 F7200 X80.266 Y96.455
G0 X79.502 Y95.752
M204 S3000
M205 X20 Y20
;TYPE:WALL-OUTER
G1 F2040 X79.56 Y96.315 E2517.57763
G1 X79.731 Y96.855 E2517.60118
G1 X80.012 Y97.344 E2517.62462
G1 X80.387 Y97.772 E2517.64828
G1 X80.594 Y97.945 E2517.6595
G1 X81.084 Y98.239 E2517.68326
G1 X81.616 Y98.424 E2517.70667
G1 X82.179 Y98.497 E2517.73028
G1 X82.74 Y98.453 E2517.75367
G1 X83.293 Y98.293 E2517.7776
G1 X83.537 Y98.178 E2517.78882
G1 X84.009 Y97.862 E2517.81243
G1 X84.41 Y97.449 E2517.83637
G1 X84.567 Y97.229 E2517.8476
G1 X84.823 Y96.72 E2517.87129
G1 X84.908 Y96.445 E2517.88326
G1 X84.996 Y95.882 E2517.90695
G1 X84.996 Y95.614 E2517.91809
G1 X84.908 Y95.056 E2517.94158
G1 X84.824 Y94.78 E2517.95357
G1 X84.565 Y94.269 E2517.97739
G1 X84.41 Y94.051 E2517.98851
G1 X84.008 Y93.639 E2518.01244
G1 X83.537 Y93.322 E2518.03605
G1 X83.293 Y93.207 E2518.04726
G1 X82.74 Y93.047 E2518.07119
G1 X82.179 Y93.003 E2518.09459
G1 X81.616 Y93.076 E2518.11819
G1 X81.084 Y93.261 E2518.14161
G1 X80.594 Y93.555 E2518.16537
G1 X80.387 Y93.728 E2518.17658
G1 X80.012 Y94.156 E2518.20024
G1 X79.732 Y94.645 E2518.22367
G1 X79.56 Y95.185 E2518.24723
G1 X79.502 Y95.752 E2518.27093
M204 S5000
M205 X30 Y30
G0 F7200 X79.522 Y95.951
G0 X80.219 Y95.881
G0 X80.928 Y95.278
M204 S3000
M205 X20 Y20
G1 F2040 X81.17 Y94.854 E2518.29122
G1 X81.374 Y94.654 E2518.3031
G1 X81.771 Y94.43 E2518.32205
G1 X82.27 Y94.347 E2518.34308
G1 X82.717 Y94.425 E2518.36195
G1 X83.121 Y94.65 E2518.38117
G1 X83.346 Y94.873 E2518.39434
G1 X83.573 Y95.28 E2518.41372
G1 X83.653 Y95.727 E2518.4326
G1 X83.576 Y96.209 E2518.45289
G1 X83.444 Y96.484 E2518.46557
G1 X83.131 Y96.843 E2518.48538
G1 X82.717 Y97.074 E2518.50509
G1 X82.27 Y97.153 E2518.52396
G1 X81.771 Y97.07 E2518.54499
G1 X81.332 Y96.812 E2518.56616
G1 X81.041 Y96.461 E2518.58512
G1 X80.925 Y96.212 E2518.59654
G1 X80.847 Y95.751 E2518.61597
G1 X80.928 Y95.278 E2518.63593
M204 S5000
M205 X30 Y30
G0 F7200 X81.027 Y95.105
G1 F1500 E2512.13593
G0 F7200 X80.418 Y94.751
G0 X80.64 Y95.991
G0 X81.177 Y98.039
G0 X80.804 Y99.11
G0 X80.803 Y111.391
G0 X81.177 Y112.461
G0 X80.373 Y113.936
G1 F1500 E2518.63593
G0 F7200 X80.157 Y113.832
M204 S3000
M205 X20 Y20
;TYPE:WALL-INNER
G1 F4718.3 X80.017 Y114.28 E2518.65255
G1 F4729.4 X79.964 Y114.752 E2518.66934
G1 X80.017 Y115.22 E2518.68598
G1 F4707.3 X80.157 Y115.668 E2518.70265
G1 F4729.4 X80.391 Y116.074 E2518.71921
G1 F4740.6 X80.862 Y116.568 E2518.74327
G1 X81.282 Y116.817 E2518.76048
G1 F4718.3 X81.724 Y116.97 E2518.77705
G1 F4740.6 X82.19 Y117.035 E2518.79364
G1 F4729.4 X82.656 Y116.994 E2518.81017
G1 F4718.3 X83.13 Y116.859 E2518.82763
G1 F4763 X83.712 Y116.506 E2518.85151
G1 X84.171 Y115.99 E2518.87575
G1 X84.437 Y115.459 E2518.89659
G1 X84.553 Y114.737 E2518.92225
G1 X84.395 Y113.953 E2518.95031
G1 X84.066 Y113.361 E2518.97407
G1 F4785.7 X83.712 Y112.994 E2518.99188
G1 F4774.3 X83.13 Y112.64 E2519.01573
G1 F4729.4 X82.656 Y112.507 E2519.03313
G1 F4740.6 X82.19 Y112.465 E2519.04962
G1 X81.724 Y112.53 E2519.06621
G1 F4718.3 X81.282 Y112.683 E2519.08278
G1 F4740.6 X80.862 Y112.932 E2519.09999
G1 F4751.8 X80.39 Y113.426 E2519.12402
G1 F4740.6 X80.157 Y113.832 E2519.14053
M204 S5000
M205 X30 Y30
G0 F7200 X80.373 Y113.936
G0 X80.266 Y115.455
G0 X80.488 Y115.352
M204 S3000
M205 X20 Y20
G1 F4808.6 X80.398 Y114.872 E2519.1575
G1 F4740.6 X80.439 Y114.36 E2519.17561
G1 F4718.3 X80.538 Y114.017 E2519.18826
G1 F4740.6 X80.75 Y113.648 E2519.20326
G1 X81.107 Y113.278 E2519.22139
G1 X81.506 Y113.045 E2519.23768
G1 F4718.3 X81.809 Y112.949 E2519.24893
G1 F4740.6 X82.207 Y112.887 E2519.26314
G1 X82.581 Y112.929 E2519.2764
G1 F4729.4 X82.962 Y113.029 E2519.29032
G1 F4774.3 X83.441 Y113.316 E2519.30987
G1 F4785.7 X83.722 Y113.605 E2519.32395
G1 F4774.3 X84.014 Y114.145 E2519.34544
G1 X84.123 Y114.748 E2519.36689
G1 F4785.7 X84.018 Y115.345 E2519.38806
G1 F4774.3 X83.818 Y115.756 E2519.40406
G1 F4797.1 X83.501 Y116.13 E2519.42114
G1 F4785.7 X82.962 Y116.472 E2519.44343
G1 F4718.3 X82.581 Y116.571 E2519.45738
G1 F4729.4 X82.207 Y116.613 E2519.47068
G1 F4797.1 X81.62 Y116.502 E2519.49149
G1 F4785.7 X81.052 Y116.181 E2519.51428
G1 F4740.6 X80.71 Y115.792 E2519.53254
G1 F4763 X80.488 Y115.352 E2519.54983
M204 S5000
M205 X30 Y30
G0 F7200 X80.85 Y114.793
M204 S3000
M205 X20 Y20
;TYPE:WALL-OUTER
G1 F2040 X80.928 Y114.278 E2519.57149
G1 X81.17 Y113.854 E2519.59178
G1 X81.374 Y113.654 E2519.60366
G1 X81.771 Y113.43 E2519.62261
G1 X82.27 Y113.347 E2519.64364
G1 X82.717 Y113.425 E2519.66251
G1 X83.121 Y113.65 E2519.68173
G1 X83.346 Y113.873 E2519.6949
G1 X83.573 Y114.28 E2519.71428
G1 X83.653 Y114.727 E2519.73316
G1 X83.576 Y115.209 E2519.75345
G1 X83.444 Y115.484 E2519.76613
G1 X83.131 Y115.843 E2519.78593
G1 X82.717 Y116.074 E2519.80564
G1 X82.27 Y116.153 E2519.82452
G1 X81.771 Y116.07 E2519.84555
G1 X81.332 Y115.812 E2519.86672
G1 X81.041 Y115.461 E2519.88567
G1 X80.925 Y115.212 E2519.89709
G1 X80.85 Y114.793 E2519.91479
M204 S5000
M205 X30 Y30
G0 F7200 X80.88 Y114.595
G0 X80.181 Y114.472
G0 X79.502 Y114.752
M204 S3000
M205 X20 Y20
G1 F2040 X79.56 Y115.315 E2519.93832
G1 X79.731 Y115.855 E2519.96187
G1 X80.012 Y116.344 E2519.98532
G1 X80.387 Y116.772 E2520.00898
G1 X80.594 Y116.945 E2520.02019
G1 X81.084 Y117.239 E2520.04395
G1 X81.616 Y117.424 E2520.06737
G1 X82.179 Y117.497 E2520.09097
G1 X82.74 Y117.453 E2520.11437
G1 X83.293 Y117.293 E2520.1383
G1 X83.537 Y117.178 E2520.14951
G1 X84.009 Y116.862 E2520.17313
G1 X84.41 Y116.449 E2520.19706
G1 X84.567 Y116.229 E2520.2083
G1 X84.823 Y115.72 E2520.23199
G1 X84.908 Y115.445 E2520.24395
G1 X84.996 Y114.882 E2520.26764
G1 X84.996 Y114.614 E2520.27879
G1 X84.908 Y114.056 E2520.30227
G1 X84.824 Y113.78 E2520.31427
G1 X84.565 Y113.269 E2520.33808
G1 X84.41 Y113.051 E2520.34921
G1 X84.008 Y112.639 E2520.37314
G1 X83.537 Y112.322 E2520.39674
G1 X83.293 Y112.207 E2520.40796
G1 X82.74 Y112.047 E2520.43189
G1 X82.179 Y112.003 E2520.45529
G1 X81.616 Y112.076 E2520.47889
G1 X81.084 Y112.261 E2520.50231
G1 X80.594 Y112.555 E2520.52606
G1 X80.387 Y112.728 E2520.53728
G1 X80.012 Y113.156 E2520.56094
G1 X79.732 Y113.645 E2520.58436
G1 X79.56 Y114.185 E2520.60793
G1 X79.502 Y114.752 E2520.63162
M204 S5000
M205 X30 Y30
G0 F7200 X79.522 Y114.951
G1 F1500 E2514.13162
G0 F7200 X80.219 Y114.881
G0 X81.189 Y116.012
G0 X82.25 Y116.401
G0 X83.216 Y116.067
G0 X84.777 Y114.634
G0 X85.911 Y114.634
G0 X134.089 Y114.634
G0 X135.223 Y114.634
G1 F1500 E2520.63162
G0 F7200 X135.565 Y114.027
M204 S3000
M205 X20 Y20
;TYPE:WALL-INNER
G1 F4763 X135.465 Y114.669 E2520.65442
G1 F4751.8 X135.465 Y114.85 E2520.66079
G1 X135.606 Y115.547 E2520.6858
G1 X135.83 Y115.989 E2520.70323
G1 F4763 X136.288 Y116.506 E2520.72746
G1 F4774.3 X136.87 Y116.86 E2520.75131
G1 F4718.3 X137.344 Y116.994 E2520.76876
G1 F4729.4 X137.81 Y117.035 E2520.78529
G1 X138.276 Y116.971 E2520.80191
G1 F4707.3 X138.718 Y116.817 E2520.81853
G1 F4740.6 X139.138 Y116.568 E2520.83574
G1 X139.609 Y116.074 E2520.85981
G1 F4729.4 X139.843 Y115.668 E2520.87637
G1 F4718.3 X139.983 Y115.22 E2520.89299
G1 F4740.6 X140.035 Y114.748 E2520.90974
G1 X139.983 Y114.28 E2520.92634
G1 F4718.3 X139.843 Y113.832 E2520.94296
G1 F4740.6 X139.61 Y113.426 E2520.95947
G1 F4751.8 X139.138 Y112.932 E2520.9835
G1 F4740.6 X138.718 Y112.682 E2521.00073
G1 F4718.3 X138.276 Y112.53 E2521.01729
G1 F4740.6 X137.81 Y112.466 E2521.03387
G1 F4729.4 X137.344 Y112.506 E2521.0504
G1 F4718.3 X136.87 Y112.64 E2521.06785
G1 F4763 X136.288 Y112.994 E2521.09175
G1 X135.944 Y113.347 E2521.10905
G1 F4751.8 X135.565 Y114.027 E2521.13643
M204 S5000
M205 X30 Y30
G0 F7200 X136.278 Y113.605
M204 S3000
M205 X20 Y20
G1 F4763 X136.559 Y113.317 E2521.15055
G1 F4785.7 X137.09 Y112.998 E2521.17218
G1 F4808.6 X137.694 Y112.89 E2521.1935
G1 F4763 X138.19 Y112.949 E2521.21103
G1 F4740.6 X138.494 Y113.043 E2521.22225
G1 F4785.7 X138.937 Y113.312 E2521.24035
G1 F4774.3 X139.251 Y113.648 E2521.25645
G1 F4751.8 X139.462 Y114.017 E2521.2714
G1 F4718.3 X139.561 Y114.361 E2521.28408
G1 F4740.6 X139.614 Y114.748 E2521.29785
G1 F4820.1 X139.513 Y115.351 E2521.31905
G1 F4831.7 X139.333 Y115.742 E2521.33394
G1 F4808.6 X138.948 Y116.182 E2521.35426
G1 F4751.8 X138.522 Y116.44 E2521.37178
G1 F4740.6 X138.27 Y116.534 E2521.38126
G1 F4774.3 X137.793 Y116.613 E2521.39819
G1 F4729.4 X137.419 Y116.571 E2521.41149
G1 F4718.3 X137.038 Y116.471 E2521.42544
G1 F4774.3 X136.556 Y116.182 E2521.44511
G1 F4763 X136.182 Y115.756 E2521.465
G1 F4751.8 X136 Y115.392 E2521.47932
G1 F4763 X135.896 Y114.871 E2521.49796
G1 X135.888 Y114.687 E2521.50442
G1 X135.999 Y114.105 E2521.52521
G1 F4751.8 X136.278 Y113.605 E2521.54535
M204 S5000
M205 X30 Y30
G0 F7200 X136.427 Y114.28
M204 S3000
M205 X20 Y20
;TYPE:WALL-OUTER
G1 F2040 X136.655 Y113.873 E2521.56475
G1 X136.857 Y113.668 E2521.57671
G1 X137.283 Y113.426 E2521.59708
G1 X137.73 Y113.347 E2521.61595
G1 X138.229 Y113.43 E2521.63698
G1 X138.611 Y113.643 E2521.65517
G1 X138.83 Y113.853 E2521.66778
G1 X139.073 Y114.277 E2521.6881
G1 X139.153 Y114.775 E2521.70907
G1 X139.076 Y115.212 E2521.72752
G1 X138.959 Y115.461 E2521.73896
G1 X138.652 Y115.827 E2521.75882
G1 X138.229 Y116.07 E2521.7791
G1 X137.73 Y116.153 E2521.80013
G1 X137.284 Y116.074 E2521.81896
G1 X136.829 Y115.809 E2521.84085
G1 X136.556 Y115.484 E2521.8585
G1 X136.43 Y115.226 E2521.87044
G1 X136.35 Y114.792 E2521.88878
G1 X136.427 Y114.28 E2521.91031
M204 S5000
M205 X30 Y30
G0 F7200 X136.524 Y114.106
G0 X135.917 Y113.753
G0 X135.703 Y114.83
G0 X135.004 Y114.886
M204 S3000
M205 X20 Y20
G1 F2040 X135.092 Y115.444 E2521.93379
G1 X135.176 Y115.72 E2521.94579
G1 X135.433 Y116.229 E2521.9695
G1 X135.59 Y116.449 E2521.98073
G1 X135.992 Y116.861 E2522.00466
G1 X136.463 Y117.178 E2522.02827
G1 X136.707 Y117.293 E2522.03948
G1 X137.26 Y117.453 E2522.06342
G1 X137.821 Y117.497 E2522.08681
G1 X138.384 Y117.425 E2522.11041
G1 X138.916 Y117.239 E2522.13384
G1 X139.406 Y116.945 E2522.1576
G1 X139.613 Y116.772 E2522.16881
G1 X139.988 Y116.344 E2522.19247
G1 X140.268 Y115.855 E2522.2159
G1 X140.44 Y115.315 E2522.23946
G1 X140.498 Y114.748 E2522.26316
G1 X140.44 Y114.185 E2522.28669
G1 X140.268 Y113.645 E2522.31025
G1 X139.988 Y113.156 E2522.33368
G1 X139.611 Y112.726 E2522.35745
G1 X139.406 Y112.555 E2522.36855
G1 X138.916 Y112.261 E2522.39231
G1 X138.384 Y112.075 E2522.41574
G1 X137.821 Y112.003 E2522.43934
G1 X137.26 Y112.047 E2522.46273
G1 X136.707 Y112.207 E2522.48667
G1 X136.463 Y112.322 E2522.49788
G1 X135.991 Y112.638 E2522.5215
G1 X135.589 Y113.051 E2522.54546
G1 X135.434 Y113.27 E2522.55661
G1 X135.176 Y113.78 E2522.58037
G1 X135.092 Y114.056 E2522.59237
G1 X135.004 Y114.618 E2522.61602
G1 X135.004 Y114.669 E2522.61814
G1 X135.004 Y114.886 E2522.62716
M204 S5000
M205 X30 Y30
G0 F7200 X135.035 Y115.083
G1 F1500 E2516.12716
G0 F7200 X135.726 Y114.976
G0 X136.13 Y112.809
G0 X135.496 Y111.868
G0 X135.497 Y98.633
G0 X136.13 Y97.691
G0 X135.808 Y95.104
G1 F1500 E2522.62716
G0 F7200 X135.565 Y95.027
M204 S3000
M205 X20 Y20
;TYPE:WALL-INNER
G1 F4763 X135.465 Y95.669 E2522.64996
G1 F4751.8 X135.465 Y95.85 E2522.65633
G1 X135.606 Y96.547 E2522.68134
G1 X135.83 Y96.989 E2522.69877
G1 F4763 X136.288 Y97.506 E2522.723
G1 F4774.3 X136.87 Y97.86 E2522.74685
G1 F4718.3 X137.344 Y97.994 E2522.7643
G1 F4729.4 X137.81 Y98.035 E2522.78083
G1 X138.276 Y97.971 E2522.79745
G1 F4707.3 X138.718 Y97.817 E2522.81407
G1 F4740.6 X139.138 Y97.568 E2522.83128
G1 X139.609 Y97.074 E2522.85535
G1 F4729.4 X139.843 Y96.668 E2522.87191
G1 F4718.3 X139.983 Y96.22 E2522.88853
G1 F4740.6 X140.035 Y95.748 E2522.90528
G1 X139.983 Y95.28 E2522.92188
G1 F4718.3 X139.843 Y94.832 E2522.9385
G1 F4740.6 X139.61 Y94.426 E2522.95501
G1 F4751.8 X139.138 Y93.932 E2522.97904
G1 F4740.6 X138.718 Y93.682 E2522.99627
G1 F4718.3 X138.276 Y93.53 E2523.01283
G1 F4740.6 X137.81 Y93.466 E2523.02941
G1 F4729.4 X137.344 Y93.506 E2523.04594
G1 F4718.3 X136.87 Y93.64 E2523.06339
G1 F4763 X136.288 Y93.994 E2523.08729
G1 X135.944 Y94.347 E2523.10458
G1 F4751.8 X135.565 Y95.027 E2523.13197
M204 S5000
M205 X30 Y30
G0 F7200 X136.278 Y94.605
M204 S3000
M205 X20 Y20
G1 F4763 X136.559 Y94.317 E2523.14608
G1 F4785.7 X137.09 Y93.998 E2523.16772
G1 F4808.6 X137.694 Y93.89 E2523.18904
G1 F4763 X138.19 Y93.949 E2523.20657
G1 F4740.6 X138.494 Y94.043 E2523.21779
G1 F4785.7 X138.937 Y94.312 E2523.23589
G1 F4774.3 X139.251 Y94.648 E2523.25199
G1 F4751.8 X139.462 Y95.017 E2523.26694
G1 F4718.3 X139.561 Y95.361 E2523.27962
G1 F4740.6 X139.614 Y95.748 E2523.29339
G1 F4820.1 X139.513 Y96.351 E2523.31459
G1 F4831.7 X139.333 Y96.742 E2523.32948
G1 F4808.6 X138.948 Y97.182 E2523.3498
G1 F4751.8 X138.522 Y97.44 E2523.36732
G1 F4740.6 X138.27 Y97.534 E2523.3768
G1 F4774.3 X137.793 Y97.613 E2523.39372
G1 F4729.4 X137.419 Y97.571 E2523.40702
G1 F4718.3 X137.038 Y97.471 E2523.42098
G1 F4774.3 X136.556 Y97.182 E2523.44065
G1 F4763 X136.182 Y96.756 E2523.46054
G1 F4751.8 X136 Y96.392 E2523.47486
G1 F4763 X135.896 Y95.871 E2523.4935
G1 X135.888 Y95.687 E2523.49996
G1 X135.999 Y95.105 E2523.52075
G1 F4751.8 X136.278 Y94.605 E2523.54089
M204 S5000
M205 X30 Y30
G0 F7200 X136.427 Y95.28
M204 S3000
M205 X20 Y20
;TYPE:WALL-OUTER
G1 F2040 X136.655 Y94.873 E2523.56029
G1 X136.857 Y94.668 E2523.57225
G1 X137.283 Y94.426 E2523.59262
G1 X137.73 Y94.347 E2523.61149
G1 X138.229 Y94.43 E2523.63252
G1 X138.611 Y94.643 E2523.65071
G1 X138.83 Y94.853 E2523.66332
G1 X139.073 Y95.277 E2523.68364
G1 X139.153 Y95.775 E2523.70461
G1 X139.076 Y96.212 E2523.72306
G1 X138.959 Y96.461 E2523.7345
G1 X138.652 Y96.827 E2523.75436
G1 X138.229 Y97.07 E2523.77464
G1 X137.73 Y97.153 E2523.79567
G1 X137.284 Y97.074 E2523.8145
G1 X136.829 Y96.809 E2523.83639
G1 X136.556 Y96.484 E2523.85404
G1 X136.43 Y96.226 E2523.86597
G1 X136.35 Y95.792 E2523.88432
G1 X136.427 Y95.28 E2523.90585
M204 S5000
M205 X30 Y30
G0 F7200 X136.524 Y95.106
G0 X135.917 Y94.753
G0 X135.703 Y95.83
G0 X135.004 Y95.886
M204 S3000
M205 X20 Y20
G1 F2040 X135.092 Y96.444 E2523.92933
G1 X135.176 Y96.72 E2523.94133
G1 X135.433 Y97.229 E2523.96503
G1 X135.59 Y97.449 E2523.97627
G1 X135.992 Y97.861 E2524.0002
G1 X136.463 Y98.178 E2524.02381
G1 X136.707 Y98.293 E2524.03502
G1 X137.26 Y98.453 E2524.05896
G1 X137.821 Y98.497 E2524.08235
G1 X138.384 Y98.425 E2524.10595
G1 X138.916 Y98.239 E2524.12938
G1 X139.406 Y97.945 E2524.15314
G1 X139.613 Y97.772 E2524.16435
G1 X139.988 Y97.344 E2524.18801
G1 X140.268 Y96.855 E2524.21144
G1 X140.44 Y96.315 E2524.235
G1 X140.498 Y95.748 E2524.2587
G1 X140.44 Y95.185 E2524.28223
G1 X140.268 Y94.645 E2524.30579
G1 X139.988 Y94.156 E2524.32922
G1 X139.611 Y93.726 E2524.35299
G1 X139.406 Y93.555 E2524.36409
G1 X138.916 Y93.261 E2524.38785
G1 X138.384 Y93.075 E2524.41128
G1 X137.821 Y93.003 E2524.43488
G1 X137.26 Y93.047 E2524.45827
G1 X136.707 Y93.207 E2524.48221
G1 X136.463 Y93.322 E2524.49342
G1 X135.991 Y93.638 E2524.51703
G1 X135.589 Y94.051 E2524.541
G1 X135.434 Y94.27 E2524.55215
G1 X135.176 Y94.78 E2524.57591
G1 X135.092 Y95.056 E2524.58791
G1 X135.004 Y95.618 E2524.61156
G1 X135.004 Y95.669 E2524.61368
G1 X135.004 Y95.886 E2524.6227
M204 S5000
M205 X30 Y30
G0 F7200 X135.035 Y96.083
G1 F1500 E2518.1227
;MESH:NONMESH
G0 F600 X135.035 Y96.083 Z5.9
G0 F7200 X135.726 Y95.976
G0 X134.089 Y95.634
G0 X85.812 Y94.919
G0 X84.692 Y95.094
G0 X82.814 Y94.199
G0 X81.794 Y94.18
G0 X80.373 Y94.936
G1 F1500 E2524.6227
G0 F7200 X80.157 Y94.832
;TIME_ELAPSED:2385.615637
;LAYER:28
M204 S3000
M205 X20 Y20
;TYPE:WALL-INNER
;MESH:Pi Holder.stl
G1 F4718.3 X80.017 Y95.28 E2524.63933
G1 F4729.4 X79.964 Y95.752 E2524.65611
G1 X80.017 Y96.22 E2524.67275
G1 F4707.3 X80.157 Y96.668 E2524.68942
G1 F4729.4 X80.391 Y97.074 E2524.70598
G1 F4740.6 X80.862 Y97.568 E2524.73004
G1 X81.282 Y97.817 E2524.74726
G1 F4718.3 X81.724 Y97.97 E2524.76383
G1 F4740.6 X82.19 Y98.035 E2524.78041
G1 F4729.4 X82.656 Y97.994 E2524.79695
G1 F4718.3 X83.13 Y97.859 E2524.8144
G1 F4763 X83.712 Y97.506 E2524.83829
G1 X84.171 Y96.99 E2524.86252
G1 X84.437 Y96.459 E2524.88336
G1 X84.553 Y95.737 E2524.90902
G1 X84.395 Y94.953 E2524.93708
G1 X84.066 Y94.361 E2524.96085
G1 F4785.7 X83.712 Y93.994 E2524.97866
G1 F4774.3 X83.13 Y93.64 E2525.0025
G1 F4729.4 X82.656 Y93.507 E2525.0199
G1 F4740.6 X82.19 Y93.465 E2525.0364
G1 X81.724 Y93.53 E2525.05298
G1 F4718.3 X81.282 Y93.683 E2525.06955
G1 F4740.6 X80.862 Y93.932 E2525.08677
G1 F4751.8 X80.39 Y94.426 E2525.1108
G1 F4740.6 X80.157 Y94.832 E2525.1273
M204 S5000
M205 X30 Y30
G0 F7200 X80.373 Y94.936
G0 X80.266 Y96.455
G0 X80.488 Y96.352
M204 S3000
M205 X20 Y20
G1 F4808.6 X80.398 Y95.872 E2525.14428
G1 F4740.6 X80.439 Y95.36 E2525.16238
G1 F4718.3 X80.538 Y95.017 E2525.17503
G1 F4740.6 X80.75 Y94.648 E2525.19003
G1 X81.107 Y94.278 E2525.20816
G1 X81.506 Y94.045 E2525.22445
G1 F4718.3 X81.809 Y93.949 E2525.23571
G1 F4740.6 X82.207 Y93.887 E2525.24991
G1 X82.581 Y93.929 E2525.26318
G1 F4729.4 X82.962 Y94.029 E2525.2771
G1 F4774.3 X83.441 Y94.316 E2525.29665
G1 F4785.7 X83.722 Y94.605 E2525.31072
G1 F4774.3 X84.014 Y95.145 E2525.33221
G1 X84.123 Y95.748 E2525.35366
G1 F4785.7 X84.018 Y96.345 E2525.37483
G1 F4774.3 X83.818 Y96.756 E2525.39083
G1 F4797.1 X83.501 Y97.13 E2525.40791
G1 F4785.7 X82.962 Y97.472 E2525.43021
G1 F4718.3 X82.581 Y97.571 E2525.44415
G1 F4729.4 X82.207 Y97.613 E2525.45745
G1 F4797.1 X81.62 Y97.502 E2525.47827
G1 F4785.7 X81.052 Y97.181 E2525.50105
G1 F4740.6 X80.71 Y96.792 E2525.51931
G1 F4763 X80.488 Y96.352 E2525.5366
M204 S5000
M205 X30 Y30
G0 F7200 X80.85 Y95.793
M204 S3000
M205 X20 Y20
;TYPE:WALL-OUTER
G1 F2040 X80.928 Y95.278 E2525.55826
G1 X81.17 Y94.854 E2525.57856
G1 X81.374 Y94.654 E2525.59043
G1 X81.771 Y94.43 E2525.60939
G1 X82.27 Y94.347 E2525.63042
G1 X82.717 Y94.425 E2525.64928
G1 X83.121 Y94.65 E2525.66851
G1 X83.346 Y94.873 E2525.68168
G1 X83.573 Y95.28 E2525.70105
G1 X83.653 Y95.727 E2525.71993
G1 X83.576 Y96.209 E2525.74023
G1 X83.444 Y96.484 E2525.75291
G1 X83.131 Y96.843 E2525.77271
G1 X82.717 Y97.074 E2525.79242
G1 X82.27 Y97.153 E2525.81129
G1 X81.771 Y97.07 E2525.83232
G1 X81.332 Y96.812 E2525.85349
G1 X81.041 Y96.461 E2525.87245
G1 X80.925 Y96.212 E2525.88387
G1 X80.85 Y95.793 E2525.90157
M204 S5000
M205 X30 Y30
G0 F7200 X80.88 Y95.595
G0 X80.181 Y95.472
G0 X79.502 Y95.752
M204 S3000
M205 X20 Y20
G1 F2040 X79.56 Y96.315 E2525.9251
G1 X79.731 Y96.855 E2525.94865
G1 X80.012 Y97.344 E2525.97209
G1 X80.387 Y97.772 E2525.99575
G1 X80.594 Y97.945 E2526.00697
G1 X81.084 Y98.239 E2526.03073
G1 X81.616 Y98.424 E2526.05414
G1 X82.179 Y98.497 E2526.07774
G1 X82.74 Y98.453 E2526.10114
G1 X83.293 Y98.293 E2526.12507
G1 X83.537 Y98.178 E2526.13629
G1 X84.009 Y97.862 E2526.1599
G1 X84.41 Y97.449 E2526.18384
G1 X84.567 Y97.229 E2526.19507
G1 X84.823 Y96.72 E2526.21876
G1 X84.908 Y96.445 E2526.23073
G1 X84.996 Y95.882 E2526.25442
G1 X84.996 Y95.614 E2526.26556
G1 X84.908 Y95.056 E2526.28905
G1 X84.824 Y94.78 E2526.30104
G1 X84.565 Y94.269 E2526.32486
G1 X84.41 Y94.051 E2526.33598
G1 X84.008 Y93.639 E2526.35991
G1 X83.537 Y93.322 E2526.38352
G1 X83.293 Y93.207 E2526.39473
G1 X82.74 Y93.047 E2526.41866
G1 X82.179 Y93.003 E2526.44206
G1 X81.616 Y93.076 E2526.46566
G1 X81.084 Y93.261 E2526.48908
G1 X80.594 Y93.555 E2526.51284
G1 X80.387 Y93.728 E2526.52405
G1 X80.012 Y94.156 E2526.54771
G1 X79.732 Y94.645 E2526.57114
G1 X79.56 Y95.185 E2526.5947
G1 X79.502 Y95.752 E2526.6184
M204 S5000
M205 X30 Y30
G0 F7200 X79.522 Y95.951
G1 F1500 E2520.1184
G0 F7200 X80.219 Y95.881
G0 X81.177 Y98.039
G0 X80.804 Y99.11
G0 X80.803 Y111.391
G0 X81.177 Y112.461
G0 X80.373 Y113.936
G1 F1500 E2526.6184
G0 F7200 X80.157 Y113.832
M204 S3000
M205 X20 Y20
;TYPE:WALL-INNER
G1 F4718.3 X80.017 Y114.28 E2526.63502
G1 F4729.4 X79.966 Y114.773 E2526.65254
G1 X80.017 Y115.22 E2526.66844
G1 F4707.3 X80.157 Y115.668 E2526.6851
G1 F4729.4 X80.391 Y116.074 E2526.70166
G1 F4740.6 X80.862 Y116.568 E2526.72572
G1 X81.282 Y116.817 E2526.74294
G1 F4718.3 X81.724 Y116.97 E2526.75951
G1 F4740.6 X82.19 Y117.035 E2526.7761
G1 F4729.4 X82.656 Y116.994 E2526.79263
G1 F4718.3 X83.13 Y116.859 E2526.81008
G1 F4763 X83.712 Y116.506 E2526.83397
G1 X84.171 Y115.99 E2526.8582
G1 X84.437 Y115.459 E2526.87904
G1 X84.553 Y114.737 E2526.9047
G1 X84.395 Y113.953 E2526.93276
G1 X84.066 Y113.361 E2526.95653
G1 F4785.7 X83.712 Y112.994 E2526.97434
G1 F4774.3 X83.13 Y112.64 E2526.99818
G1 F4729.4 X82.656 Y112.507 E2527.01558
G1 F4740.6 X82.19 Y112.465 E2527.03208
G1 X81.724 Y112.53 E2527.04867
G1 F4718.3 X81.282 Y112.683 E2527.06523
G1 F4740.6 X80.862 Y112.932 E2527.08245
G1 F4751.8 X80.39 Y113.426 E2527.10648
G1 F4740.6 X80.157 Y113.832 E2527.12298
M204 S5000
M205 X30 Y30
G0 F7200 X80.373 Y113.936
G0 X80.266 Y115.455
G0 X80.488 Y115.352
M204 S3000
M205 X20 Y20
G1 F4808.6 X80.398 Y114.872 E2527.13996
G1 F4740.6 X80.439 Y114.36 E2527.15807
G1 F4718.3 X80.538 Y114.017 E2527.17071
G1 F4740.6 X80.75 Y113.648 E2527.18571
G1 X81.107 Y113.278 E2527.20384
G1 X81.506 Y113.045 E2527.22013
G1 F4718.3 X81.809 Y112.949 E2527.23139
G1 F4740.6 X82.207 Y112.887 E2527.24559
G1 X82.581 Y112.929 E2527.25886
G1 F4729.4 X82.962 Y113.029 E2527.27278
G1 F4774.3 X83.441 Y113.316 E2527.29233
G1 F4785.7 X83.722 Y113.605 E2527.3064
G1 F4774.3 X84.014 Y114.145 E2527.32789
G1 X84.123 Y114.748 E2527.34935
G1 F4785.7 X84.018 Y115.345 E2527.37051
G1 F4774.3 X83.818 Y115.756 E2527.38652
G1 F4797.1 X83.501 Y116.13 E2527.4036
G1 F4785.7 X82.962 Y116.472 E2527.42589
G1 F4718.3 X82.581 Y116.571 E2527.43983
G1 F4729.4 X82.207 Y116.613 E2527.45313
G1 F4797.1 X81.62 Y116.502 E2527.47395
G1 F4785.7 X81.052 Y116.181 E2527.49673
G1 F4740.6 X80.71 Y115.792 E2527.51499
G1 F4763 X80.488 Y115.352 E2527.53229
M204 S5000
M205 X30 Y30
G0 F7200 X80.85 Y114.793
M204 S3000
M205 X20 Y20
;TYPE:WALL-OUTER
G1 F2040 X80.928 Y114.278 E2527.55394
G1 X81.17 Y113.854 E2527.57424
G1 X81.374 Y113.654 E2527.58612
G1 X81.771 Y113.43 E2527.60507
G1 X82.27 Y113.347 E2527.6261
G1 X82.717 Y113.425 E2527.64496
G1 X83.121 Y113.65 E2527.66419
G1 X83.346 Y113.873 E2527.67736
G1 X83.573 Y114.28 E2527.69673
G1 X83.653 Y114.727 E2527.71561
G1 X83.576 Y115.209 E2527.73591
G1 X83.444 Y115.484 E2527.74859
G1 X83.131 Y115.843 E2527.76839
G1 X82.717 Y116.074 E2527.7881
G1 X82.27 Y116.153 E2527.80697
G1 X81.771 Y116.07 E2527.828
G1 X81.332 Y115.812 E2527.84917
G1 X81.041 Y115.461 E2527.86813
G1 X80.925 Y115.212 E2527.87955
G1 X80.85 Y114.793 E2527.89725
M204 S5000
M205 X30 Y30
G0 F7200 X80.88 Y114.595
G0 X80.181 Y114.472
G0 X79.502 Y114.752
M204 S3000
M205 X20 Y20
G1 F2040 X79.508 Y114.819 E2527.90004
G1 X79.56 Y115.315 E2527.92078
G1 X79.731 Y115.855 E2527.94433
G1 X80.012 Y116.344 E2527.96778
G1 X80.387 Y116.772 E2527.99143
G1 X80.594 Y116.945 E2528.00265
G1 X81.084 Y117.239 E2528.02641
G1 X81.616 Y117.424 E2528.04982
G1 X82.179 Y117.497 E2528.07343
G1 X82.74 Y117.453 E2528.09682
G1 X83.293 Y117.293 E2528.12076
G1 X83.537 Y117.178 E2528.13197
G1 X84.009 Y116.862 E2528.15559
G1 X84.41 Y116.449 E2528.17952
G1 X84.567 Y116.229 E2528.19076
G1 X84.823 Y115.72 E2528.21444
G1 X84.908 Y115.445 E2528.22641
G1 X84.996 Y114.882 E2528.2501
G1 X84.996 Y114.614 E2528.26124
G1 X84.908 Y114.056 E2528.28473
G1 X84.824 Y113.78 E2528.29672
G1 X84.565 Y113.269 E2528.32054
G1 X84.41 Y113.051 E2528.33166
G1 X84.008 Y112.639 E2528.35559
G1 X83.537 Y112.322 E2528.3792
G1 X83.293 Y112.207 E2528.39041
G1 X82.74 Y112.047 E2528.41435
G1 X82.179 Y112.003 E2528.43774
G1 X81.616 Y112.076 E2528.46134
G1 X81.084 Y112.261 E2528.48476
G1 X80.594 Y112.555 E2528.50852
G1 X80.387 Y112.728 E2528.51973
G1 X80.012 Y113.156 E2528.54339
G1 X79.732 Y113.645 E2528.56682
G1 X79.56 Y114.185 E2528.59038
G1 X79.502 Y114.752 E2528.61408
M204 S5000
M205 X30 Y30
G0 F7200 X79.508 Y114.819
G0 X79.521 Y114.951
G1 F1500 E2522.11408
G0 F7200 X80.219 Y114.881
G0 X81.189 Y116.012
G0 X82.25 Y116.401
G0 X83.216 Y116.067
G0 X84.777 Y114.634
G0 X85.911 Y114.634
G0 X134.089 Y114.634
G0 X135.223 Y114.634
G1 F1500 E2528.61408
G0 F7200 X135.565 Y114.027
M204 S3000
M205 X20 Y20
;TYPE:WALL-INNER
G1 F4763 X135.465 Y114.669 E2528.63688
G1 F4751.8 X135.465 Y114.85 E2528.64324
G1 X135.606 Y115.547 E2528.66825
G1 X135.83 Y115.989 E2528.68568
G1 F4763 X136.288 Y116.506 E2528.70992
G1 F4774.3 X136.87 Y116.86 E2528.73377
G1 F4718.3 X137.344 Y116.994 E2528.75121
G1 F4729.4 X137.81 Y117.035 E2528.76775
G1 X138.276 Y116.971 E2528.78437
G1 F4707.3 X138.718 Y116.817 E2528.80099
G1 F4740.6 X139.138 Y116.568 E2528.8182
G1 X139.609 Y116.074 E2528.84226
G1 F4729.4 X139.843 Y115.668 E2528.85882
G1 F4718.3 X139.983 Y115.22 E2528.87545
G1 F4740.6 X140.035 Y114.748 E2528.89219
G1 X139.983 Y114.28 E2528.90879
G1 F4718.3 X139.843 Y113.832 E2528.92542
G1 F4740.6 X139.61 Y113.426 E2528.94192
G1 F4751.8 X139.138 Y112.932 E2528.96595
G1 F4740.6 X138.718 Y112.682 E2528.98319
G1 F4718.3 X138.276 Y112.53 E2528.99974
G1 F4740.6 X137.81 Y112.466 E2529.01633
G1 F4729.4 X137.344 Y112.506 E2529.03285
G1 F4718.3 X136.87 Y112.64 E2529.0503
G1 F4763 X136.288 Y112.994 E2529.07421
G1 X135.944 Y113.347 E2529.0915
G1 F4751.8 X135.565 Y114.027 E2529.11888
M204 S5000
M205 X30 Y30
G0 F7200 X136.278 Y113.605
M204 S3000
M205 X20 Y20
G1 F4763 X136.559 Y113.317 E2529.133
G1 F4785.7 X137.09 Y112.998 E2529.15463
G1 F4808.6 X137.694 Y112.89 E2529.17596
G1 F4763 X138.19 Y112.949 E2529.19349
G1 F4740.6 X138.494 Y113.043 E2529.20471
G1 F4785.7 X138.937 Y113.312 E2529.22281
G1 F4774.3 X139.251 Y113.648 E2529.2389
G1 F4751.8 X139.462 Y114.017 E2529.25386
G1 F4718.3 X139.561 Y114.361 E2529.26654
G1 F4740.6 X139.614 Y114.748 E2529.28031
G1 F4820.1 X139.513 Y115.351 E2529.30151
G1 F4831.7 X139.333 Y115.742 E2529.3164
G1 F4808.6 X138.948 Y116.182 E2529.33672
G1 F4751.8 X138.522 Y116.44 E2529.35423
G1 F4740.6 X138.27 Y116.534 E2529.36372
G1 F4774.3 X137.793 Y116.613 E2529.38064
G1 F4729.4 X137.419 Y116.571 E2529.39394
G1 F4718.3 X137.038 Y116.471 E2529.40789
G1 F4774.3 X136.556 Y116.182 E2529.42757
G1 F4763 X136.182 Y115.756 E2529.44746
G1 F4751.8 X136 Y115.392 E2529.46177
G1 F4763 X135.896 Y114.871 E2529.48042
G1 X135.888 Y114.687 E2529.48688
G1 X135.999 Y114.105 E2529.50767
G1 F4751.8 X136.278 Y113.605 E2529.52781
M204 S5000
M205 X30 Y30
G0 F7200 X136.427 Y114.28
M204 S3000
M205 X20 Y20
;TYPE:WALL-OUTER
G1 F2040 X136.655 Y113.873 E2529.5472
G1 X136.857 Y113.668 E2529.55917
G1 X137.283 Y113.426 E2529.57954
G1 X137.73 Y113.347 E2529.59841
G1 X138.229 Y113.43 E2529.61944
G1 X138.611 Y113.643 E2529.63762
G1 X138.83 Y113.853 E2529.65024
G1 X139.073 Y114.277 E2529.67056
G1 X139.153 Y114.775 E2529.69153
G1 X139.076 Y115.212 E2529.70997
G1 X138.959 Y115.461 E2529.72141
G1 X138.652 Y115.827 E2529.74127
G1 X138.229 Y116.07 E2529.76155
G1 X137.73 Y116.153 E2529.78259
G1 X137.284 Y116.074 E2529.80142
G1 X136.829 Y115.809 E2529.82331
G1 X136.556 Y115.484 E2529.84095
G1 X136.43 Y115.226 E2529.85289
G1 X136.35 Y114.792 E2529.87124
G1 X136.427 Y114.28 E2529.89277
M204 S5000
M205 X30 Y30
G0 F7200 X136.524 Y114.106
G0 X135.917 Y113.753
G0 X135.703 Y114.83
G0 X135.004 Y114.886
M204 S3000
M205 X20 Y20
G1 F2040 X135.092 Y115.444 E2529.91625
G1 X135.176 Y115.72 E2529.92825
G1 X135.433 Y116.229 E2529.95195
G1 X135.59 Y116.449 E2529.96319
G1 X135.992 Y116.861 E2529.98712
G1 X136.463 Y117.178 E2530.01072
G1 X136.707 Y117.293 E2530.02194
G1 X137.26 Y117.453 E2530.04587
G1 X137.821 Y117.497 E2530.06927
G1 X138.384 Y117.425 E2530.09287
G1 X138.916 Y117.239 E2530.1163
G1 X139.406 Y116.945 E2530.14005
G1 X139.613 Y116.772 E2530.15127
G1 X139.988 Y116.344 E2530.17493
G1 X140.268 Y115.855 E2530.19835
G1 X140.44 Y115.315 E2530.22192
G1 X140.498 Y114.748 E2530.24561
G1 X140.44 Y114.185 E2530.26914
G1 X140.268 Y113.645 E2530.29271
G1 X139.988 Y113.156 E2530.31613
G1 X139.611 Y112.726 E2530.33991
G1 X139.406 Y112.555 E2530.35101
G1 X138.916 Y112.261 E2530.37476
G1 X138.384 Y112.075 E2530.3982
G1 X137.821 Y112.003 E2530.42179
G1 X137.26 Y112.047 E2530.44519
G1 X136.707 Y112.207 E2530.46912
G1 X136.463 Y112.322 E2530.48034
G1 X135.991 Y112.638 E2530.50395
G1 X135.589 Y113.051 E2530.52791
G1 X135.434 Y113.27 E2530.53907
G1 X135.176 Y113.78 E2530.56283
G1 X135.092 Y114.056 E2530.57482
G1 X135.004 Y114.618 E2530.59847
G1 X135.004 Y114.669 E2530.6006
G1 X135.004 Y114.886 E2530.60962
M204 S5000
M205 X30 Y30
G0 F7200 X135.035 Y115.083
G1 F1500 E2524.10962
G0 F7200 X135.726 Y114.976
G0 X136.13 Y112.809
G0 X135.496 Y111.868
G0 X135.497 Y98.633
G0 X136.13 Y97.691
G0 X135.806 Y95.112
G1 F1500 E2530.60962
G0 F7200 X135.561 Y95.034
M204 S3000
M205 X20 Y20
;TYPE:WALL-INNER
G1 F4763 X135.465 Y95.749 E2530.63493
G1 F4751.8 X135.544 Y96.34 E2530.6559
G1 F4740.6 X135.606 Y96.547 E2530.66352
G1 F4751.8 X135.83 Y96.989 E2530.68095
G1 F4763 X136.288 Y97.506 E2530.70519
G1 F4774.3 X136.87 Y97.86 E2530.72903
G1 F4718.3 X137.344 Y97.994 E2530.74648
G1 F4729.4 X137.81 Y98.035 E2530.76301
G1 X138.276 Y97.971 E2530.77963
G1 F4707.3 X138.718 Y97.817 E2530.79625
G1 F4740.6 X139.138 Y97.568 E2530.81347
G1 X139.609 Y97.074 E2530.83753
G1 F4729.4 X139.843 Y96.668 E2530.85409
G1 F4718.3 X139.983 Y96.22 E2530.87072
G1 F4740.6 X140.035 Y95.748 E2530.88746
G1 X139.983 Y95.28 E2530.90406
G1 F4718.3 X139.843 Y94.832 E2530.92069
G1 F4740.6 X139.61 Y94.426 E2530.93719
G1 F4751.8 X139.138 Y93.932 E2530.96122
G1 F4740.6 X138.718 Y93.682 E2530.97845
G1 F4718.3 X138.276 Y93.53 E2530.99501
G1 F4740.6 X137.81 Y93.466 E2531.01159
G1 F4729.4 X137.344 Y93.506 E2531.02812
G1 F4718.3 X136.87 Y93.64 E2531.04557
G1 F4763 X136.288 Y93.994 E2531.06947
G1 X135.944 Y94.347 E2531.08677
G1 F4751.8 X135.561 Y95.034 E2531.11443
M204 S5000
M205 X30 Y30
G0 F7200 X136.278 Y94.605
M204 S3000
M205 X20 Y20
G1 F4763 X136.559 Y94.317 E2531.12855
G1 F4785.7 X137.09 Y93.998 E2531.15018
G1 F4808.6 X137.694 Y93.89 E2531.17151
G1 F4763 X138.19 Y93.949 E2531.18904
G1 F4740.6 X138.494 Y94.043 E2531.20026
G1 F4785.7 X138.937 Y94.312 E2531.21836
G1 F4774.3 X139.251 Y94.648 E2531.23445
G1 F4751.8 X139.462 Y95.017 E2531.24941
G1 F4718.3 X139.561 Y95.361 E2531.26209
G1 F4740.6 X139.614 Y95.748 E2531.27586
G1 F4820.1 X139.513 Y96.351 E2531.29706
G1 F4831.7 X139.333 Y96.742 E2531.31195
G1 F4808.6 X138.948 Y97.182 E2531.33227
G1 F4751.8 X138.522 Y97.44 E2531.34978
G1 F4740.6 X138.27 Y97.534 E2531.35927
G1 F4774.3 X137.793 Y97.613 E2531.37619
G1 F4729.4 X137.419 Y97.571 E2531.38949
G1 F4718.3 X137.038 Y97.471 E2531.40344
G1 F4774.3 X136.556 Y97.182 E2531.42312
G1 F4763 X136.182 Y96.756 E2531.44301
G1 F4751.8 X136 Y96.392 E2531.45732
G1 X135.894 Y95.86 E2531.4764
G1 X135.888 Y95.687 E2531.48249
G1 F4763 X135.999 Y95.105 E2531.50328
G1 F4751.8 X136.278 Y94.605 E2531.52342
M204 S5000
M205 X30 Y30
G0 F7200 X136.427 Y95.28
M204 S3000
M205 X20 Y20
;TYPE:WALL-OUTER
G1 F2040 X136.655 Y94.873 E2531.54282
G1 X136.857 Y94.668 E2531.55478
G1 X137.283 Y94.426 E2531.57515
G1 X137.73 Y94.347 E2531.59402
G1 X138.229 Y94.43 E2531.61505
G1 X138.611 Y94.643 E2531.63324
G1 X138.83 Y94.853 E2531.64585
G1 X139.073 Y95.277 E2531.66617
G1 X139.153 Y95.775 E2531.68714
G1 X139.076 Y96.212 E2531.70559
G1 X138.959 Y96.461 E2531.71703
G1 X138.652 Y96.827 E2531.73689
G1 X138.229 Y97.07 E2531.75717
G1 X137.73 Y97.153 E2531.7782
G1 X137.284 Y97.074 E2531.79703
G1 X136.829 Y96.809 E2531.81892
G1 X136.556 Y96.484 E2531.83657
G1 X136.43 Y96.226 E2531.8485
G1 X136.349 Y95.789 E2531.86698
G1 X136.427 Y95.28 E2531.88839
M204 S5000
M205 X30 Y30
G0 F7200 X136.524 Y95.106
G0 X135.917 Y94.753
G0 X135.703 Y95.83
G0 X135.004 Y95.886
M204 S3000
M205 X20 Y20
G1 F2040 X135.092 Y96.444 E2531.91188
G1 X135.176 Y96.72 E2531.92387
G1 X135.433 Y97.229 E2531.94758
G1 X135.59 Y97.449 E2531.95881
G1 X135.992 Y97.861 E2531.98275
G1 X136.463 Y98.178 E2532.00635
G1 X136.707 Y98.293 E2532.01756
G1 X137.26 Y98.453 E2532.0415
G1 X137.821 Y98.497 E2532.06489
G1 X138.384 Y98.425 E2532.08849
G1 X138.916 Y98.239 E2532.11192
G1 X139.406 Y97.945 E2532.13568
G1 X139.613 Y97.772 E2532.1469
G1 X139.988 Y97.344 E2532.17055
G1 X140.268 Y96.855 E2532.19398
G1 X140.44 Y96.315 E2532.21754
G1 X140.498 Y95.748 E2532.24124
G1 X140.44 Y95.185 E2532.26477
G1 X140.268 Y94.645 E2532.28833
G1 X139.988 Y94.156 E2532.31176
G1 X139.611 Y93.726 E2532.33553
G1 X139.406 Y93.555 E2532.34663
G1 X138.916 Y93.261 E2532.37039
G1 X138.384 Y93.075 E2532.39382
G1 X137.821 Y93.003 E2532.41742
G1 X137.26 Y93.047 E2532.44081
G1 X136.707 Y93.207 E2532.46475
G1 X136.463 Y93.322 E2532.47596
G1 X135.991 Y93.638 E2532.49958
G1 X135.589 Y94.051 E2532.52354
G1 X135.434 Y94.27 E2532.53469
G1 X135.176 Y94.78 E2532.55846
G1 X135.092 Y95.056 E2532.57045
G1 X135.004 Y95.618 E2532.5941
G1 X135.004 Y95.749 E2532.59955
G1 X135.004 Y95.886 E2532.60524
M204 S5000
M205 X30 Y30
G0 F7200 X135.035 Y96.083
G1 F1500 E2526.10524
;MESH:NONMESH
G0 F600 X135.035 Y96.083 Z6.1
G0 F7200 X135.726 Y95.976
G0 X134.089 Y95.634
G0 X85.812 Y94.919
G0 X84.692 Y95.094
G0 X82.814 Y94.199
G0 X81.794 Y94.18
G0 X80.373 Y94.936
G1 F1500 E2532.60524
G0 F7200 X80.157 Y94.832
;TIME_ELAPSED:2394.314121
;LAYER:29
M204 S3000
M205 X20 Y20
;TYPE:WALL-INNER
;MESH:Pi Holder.stl
G1 F4718.3 X80.017 Y95.28 E2532.62187
G1 F4729.4 X79.964 Y95.752 E2532.63865
G1 X80.017 Y96.22 E2532.6553
G1 F4707.3 X80.157 Y96.668 E2532.67196
G1 F4729.4 X80.391 Y97.074 E2532.68852
G1 F4740.6 X80.862 Y97.568 E2532.71259
G1 X81.282 Y97.817 E2532.7298
G1 F4718.3 X81.724 Y97.97 E2532.74637
G1 F4740.6 X82.19 Y98.035 E2532.76296
G1 F4729.4 X82.656 Y97.994 E2532.77949
G1 F4718.3 X83.13 Y97.859 E2532.79695
G1 F4763 X83.712 Y97.506 E2532.82083
G1 X84.171 Y96.99 E2532.84506
G1 X84.437 Y96.459 E2532.8659
G1 X84.553 Y95.737 E2532.89156
G1 X84.395 Y94.953 E2532.91963
G1 X84.066 Y94.361 E2532.94339
G1 F4785.7 X83.712 Y93.994 E2532.9612
G1 F4774.3 X83.13 Y93.64 E2532.98505
G1 F4729.4 X82.656 Y93.507 E2533.00244
G1 F4740.6 X82.19 Y93.465 E2533.01894
G1 X81.724 Y93.53 E2533.03553
G1 F4718.3 X81.282 Y93.683 E2533.0521
G1 F4740.6 X80.862 Y93.932 E2533.06931
G1 F4751.8 X80.39 Y94.426 E2533.09334
G1 F4740.6 X80.157 Y94.832 E2533.10984
M204 S5000
M205 X30 Y30
G0 F7200 X80.373 Y94.936
G0 X80.266 Y96.455
G0 X80.488 Y96.352
M204 S3000
M205 X20 Y20
G1 F4808.6 X80.398 Y95.872 E2533.12682
G1 F4740.6 X80.439 Y95.36 E2533.14493
G1 F4718.3 X80.538 Y95.017 E2533.15757
G1 F4740.6 X80.75 Y94.648 E2533.17258
G1 X81.107 Y94.278 E2533.1907
G1 X81.506 Y94.045 E2533.20699
G1 F4718.3 X81.809 Y93.949 E2533.21825
G1 F4740.6 X82.207 Y93.887 E2533.23245
G1 X82.581 Y93.929 E2533.24572
G1 F4729.4 X82.962 Y94.029 E2533.25964
G1 F4774.3 X83.441 Y94.316 E2533.27919
G1 F4785.7 X83.722 Y94.605 E2533.29327
G1 F4774.3 X84.014 Y95.145 E2533.31476
G1 X84.123 Y95.748 E2533.33621
G1 F4785.7 X84.018 Y96.345 E2533.35738
G1 F4774.3 X83.818 Y96.756 E2533.37338
G1 F4797.1 X83.501 Y97.13 E2533.39046
G1 F4785.7 X82.962 Y97.472 E2533.41275
G1 F4718.3 X82.581 Y97.571 E2533.42669
G1 F4729.4 X82.207 Y97.613 E2533.43999
G1 F4797.1 X81.62 Y97.502 E2533.46081
G1 F4785.7 X81.052 Y97.181 E2533.48359
G1 F4740.6 X80.71 Y96.792 E2533.50185
G1 F4763 X80.488 Y96.352 E2533.51915
M204 S5000
M205 X30 Y30
G0 F7200 X80.85 Y95.793
M204 S3000
M205 X20 Y20
;TYPE:WALL-OUTER
G1 F2040 X80.928 Y95.278 E2533.5408
G1 X81.17 Y94.854 E2533.5611
G1 X81.374 Y94.654 E2533.57298
G1 X81.771 Y94.43 E2533.59193
G1 X82.27 Y94.347 E2533.61296
G1 X82.717 Y94.425 E2533.63182
G1 X83.121 Y94.65 E2533.65105
G1 X83.346 Y94.873 E2533.66422
G1 X83.573 Y95.28 E2533.6836
G1 X83.653 Y95.727 E2533.70248
G1 X83.576 Y96.209 E2533.72277
G1 X83.444 Y96.484 E2533.73545
G1 X83.131 Y96.843 E2533.75525
G1 X82.717 Y97.074 E2533.77496
G1 X82.27 Y97.153 E2533.79383
G1 X81.771 Y97.07 E2533.81487
G1 X81.332 Y96.812 E2533.83604
G1 X81.041 Y96.461 E2533.85499
G1 X80.925 Y96.212 E2533.86641
G1 X80.85 Y95.793 E2533.88411
M204 S5000
M205 X30 Y30
G0 F7200 X80.88 Y95.595
G0 X80.181 Y95.472
G0 X79.502 Y95.752
M204 S3000
M205 X20 Y20
G1 F2040 X79.56 Y96.315 E2533.90764
G1 X79.731 Y96.855 E2533.93119
G1 X80.012 Y97.344 E2533.95464
G1 X80.387 Y97.772 E2533.97829
G1 X80.594 Y97.945 E2533.98951
G1 X81.084 Y98.239 E2534.01327
G1 X81.616 Y98.424 E2534.03669
G1 X82.179 Y98.497 E2534.06029
G1 X82.74 Y98.453 E2534.08368
G1 X83.293 Y98.293 E2534.10762
G1 X83.537 Y98.178 E2534.11883
G1 X84.009 Y97.862 E2534.14245
G1 X84.41 Y97.449 E2534.16638
G1 X84.567 Y97.229 E2534.17762
G1 X84.823 Y96.72 E2534.2013
G1 X84.908 Y96.445 E2534.21327
G1 X84.996 Y95.882 E2534.23696
G1 X84.996 Y95.614 E2534.2481
G1 X84.908 Y95.056 E2534.27159
G1 X84.824 Y94.78 E2534.28358
G1 X84.565 Y94.269 E2534.3074
G1 X84.41 Y94.051 E2534.31852
G1 X84.008 Y93.639 E2534.34245
G1 X83.537 Y93.322 E2534.36606
G1 X83.293 Y93.207 E2534.37727
G1 X82.74 Y93.047 E2534.40121
G1 X82.179 Y93.003 E2534.4246
G1 X81.616 Y93.076 E2534.44821
G1 X81.084 Y93.261 E2534.47162
G1 X80.594 Y93.555 E2534.49538
G1 X80.387 Y93.728 E2534.5066
G1 X80.012 Y94.156 E2534.53025
G1 X79.732 Y94.645 E2534.55368
G1 X79.56 Y95.185 E2534.57724
G1 X79.502 Y95.752 E2534.60094
M204 S5000
M205 X30 Y30
G0 F7200 X79.522 Y95.951
G1 F1500 E2528.10094
G0 F7200 X80.219 Y95.881
G0 X81.177 Y98.039
G0 X80.804 Y99.11
G0 X80.803 Y111.391
G0 X81.177 Y112.461
G0 X80.373 Y113.936
G1 F1500 E2534.60094
G0 F7200 X80.157 Y113.832
M204 S3000
M205 X20 Y20
;TYPE:WALL-INNER
G1 F4718.3 X80.017 Y114.28 E2534.61757
G1 F4729.4 X79.966 Y114.773 E2534.63508
G1 X80.017 Y115.22 E2534.65098
G1 F4707.3 X80.157 Y115.668 E2534.66764
G1 F4729.4 X80.391 Y116.074 E2534.6842
G1 F4740.6 X80.862 Y116.568 E2534.70827
G1 X81.282 Y116.817 E2534.72548
G1 F4718.3 X81.724 Y116.97 E2534.74205
G1 F4740.6 X82.19 Y117.035 E2534.75864
G1 F4729.4 X82.656 Y116.994 E2534.77517
G1 F4718.3 X83.13 Y116.859 E2534.79263
G1 F4763 X83.712 Y116.506 E2534.81651
G1 X84.171 Y115.99 E2534.84075
G1 X84.437 Y115.459 E2534.86159
G1 X84.553 Y114.737 E2534.88724
G1 X84.395 Y113.953 E2534.91531
G1 X84.066 Y113.361 E2534.93907
G1 F4785.7 X83.712 Y112.994 E2534.95688
G1 F4774.3 X83.13 Y112.64 E2534.98073
G1 F4729.4 X82.656 Y112.507 E2534.99812
G1 F4740.6 X82.19 Y112.465 E2535.01462
G1 X81.724 Y112.53 E2535.03121
G1 F4718.3 X81.282 Y112.683 E2535.04778
G1 F4740.6 X80.862 Y112.932 E2535.06499
G1 F4751.8 X80.39 Y113.426 E2535.08902
G1 F4740.6 X80.157 Y113.832 E2535.10553
M204 S5000
M205 X30 Y30
G0 F7200 X80.373 Y113.936
G0 X80.266 Y115.455
G0 X80.488 Y115.352
M204 S3000
M205 X20 Y20
G1 F4808.6 X80.398 Y114.872 E2535.1225
G1 F4740.6 X80.439 Y114.36 E2535.14061
G1 F4718.3 X80.538 Y114.017 E2535.15325
G1 F4740.6 X80.75 Y113.648 E2535.16826
G1 X81.107 Y113.278 E2535.18638
G1 X81.506 Y113.045 E2535.20267
G1 F4718.3 X81.809 Y112.949 E2535.21393
G1 F4740.6 X82.207 Y112.887 E2535.22813
G1 X82.581 Y112.929 E2535.2414
G1 F4729.4 X82.962 Y113.029 E2535.25532
G1 F4774.3 X83.441 Y113.316 E2535.27487
G1 F4785.7 X83.722 Y113.605 E2535.28895
G1 F4774.3 X84.014 Y114.145 E2535.31044
G1 X84.123 Y114.748 E2535.33189
G1 F4785.7 X84.018 Y115.345 E2535.35306
G1 F4774.3 X83.818 Y115.756 E2535.36906
G1 F4797.1 X83.501 Y116.13 E2535.38614
G1 F4785.7 X82.962 Y116.472 E2535.40843
G1 F4718.3 X82.581 Y116.571 E2535.42238
G1 F4729.4 X82.207 Y116.613 E2535.43568
G1 F4797.1 X81.62 Y116.502 E2535.45649
G1 F4785.7 X81.052 Y116.181 E2535.47927
G1 F4740.6 X80.71 Y115.792 E2535.49754
G1 F4763 X80.488 Y115.352 E2535.51483
M204 S5000
M205 X30 Y30
G0 F7200 X80.85 Y114.793
M204 S3000
M205 X20 Y20
;TYPE:WALL-OUTER
G1 F2040 X80.928 Y114.278 E2535.53648
G1 X81.17 Y113.854 E2535.55678
G1 X81.374 Y113.654 E2535.56866
G1 X81.771 Y113.43 E2535.58761
G1 X82.27 Y113.347 E2535.60864
G1 X82.717 Y113.425 E2535.62751
G1 X83.121 Y113.65 E2535.64673
G1 X83.346 Y113.873 E2535.6599
G1 X83.573 Y114.28 E2535.67928
G1 X83.653 Y114.727 E2535.69816
G1 X83.576 Y115.209 E2535.71845
G1 X83.444 Y115.484 E2535.73113
G1 X83.131 Y115.843 E2535.75093
G1 X82.717 Y116.074 E2535.77064
G1 X82.27 Y116.153 E2535.78952
G1 X81.771 Y116.07 E2535.81055
G1 X81.332 Y115.812 E2535.83172
G1 X81.041 Y115.461 E2535.85067
G1 X80.925 Y115.212 E2535.86209
G1 X80.85 Y114.793 E2535.87979
M204 S5000
M205 X30 Y30
G0 F7200 X80.88 Y114.595
G0 X80.181 Y114.472
G0 X79.502 Y114.752
M204 S3000
M205 X20 Y20
G1 F2040 X79.508 Y114.819 E2535.88259
G1 X79.56 Y115.315 E2535.90332
G1 X79.731 Y115.855 E2535.92687
G1 X80.012 Y116.344 E2535.95032
G1 X80.387 Y116.772 E2535.97398
G1 X80.594 Y116.945 E2535.98519
G1 X81.084 Y117.239 E2536.00895
G1 X81.616 Y117.424 E2536.03237
G1 X82.179 Y117.497 E2536.05597
G1 X82.74 Y117.453 E2536.07936
G1 X83.293 Y117.293 E2536.1033
G1 X83.537 Y117.178 E2536.11451
G1 X84.009 Y116.862 E2536.13813
G1 X84.41 Y116.449 E2536.16206
G1 X84.567 Y116.229 E2536.1733
G1 X84.823 Y115.72 E2536.19699
G1 X84.908 Y115.445 E2536.20895
G1 X84.996 Y114.882 E2536.23264
G1 X84.996 Y114.614 E2536.24379
G1 X84.908 Y114.056 E2536.26727
G1 X84.824 Y113.78 E2536.27927
G1 X84.565 Y113.269 E2536.30308
G1 X84.41 Y113.051 E2536.3142
G1 X84.008 Y112.639 E2536.33814
G1 X83.537 Y112.322 E2536.36174
G1 X83.293 Y112.207 E2536.37295
G1 X82.74 Y112.047 E2536.39689
G1 X82.179 Y112.003 E2536.42028
G1 X81.616 Y112.076 E2536.44389
G1 X81.084 Y112.261 E2536.4673
G1 X80.594 Y112.555 E2536.49106
G1 X80.387 Y112.728 E2536.50228
G1 X80.012 Y113.156 E2536.52594
G1 X79.732 Y113.645 E2536.54936
G1 X79.56 Y114.185 E2536.57292
G1 X79.502 Y114.752 E2536.59662
M204 S5000
M205 X30 Y30
G0 F7200 X79.508 Y114.819
G0 X79.521 Y114.951
G1 F1500 E2530.09662
G0 F7200 X80.219 Y114.881
G0 X81.189 Y116.012
G0 X82.25 Y116.401
G0 X84.776 Y114.83
G0 X85.911 Y114.83
G0 X134.089 Y114.83
G0 X135.224 Y114.83
G1 F1500 E2536.59662
G0 F7200 X135.465 Y114.85
M204 S3000
M205 X20 Y20
;TYPE:WALL-INNER
G1 F4751.8 X135.606 Y115.547 E2536.62163
G1 X135.83 Y115.989 E2536.63906
G1 F4763 X136.288 Y116.506 E2536.6633
G1 F4774.3 X136.87 Y116.86 E2536.68714
G1 F4718.3 X137.344 Y116.994 E2536.70459
G1 F4729.4 X137.81 Y117.035 E2536.72112
G1 X138.276 Y116.971 E2536.73775
G1 F4707.3 X138.718 Y116.817 E2536.75436
G1 F4740.6 X139.138 Y116.568 E2536.77158
G1 X139.609 Y116.074 E2536.79564
G1 F4729.4 X139.843 Y115.668 E2536.8122
G1 F4718.3 X139.983 Y115.22 E2536.82883
G1 F4740.6 X140.035 Y114.748 E2536.84557
G1 X139.983 Y114.28 E2536.86217
G1 F4718.3 X139.843 Y113.832 E2536.8788
G1 F4740.6 X139.61 Y113.426 E2536.8953
G1 F4751.8 X139.138 Y112.932 E2536.91933
G1 F4740.6 X138.718 Y112.682 E2536.93656
G1 F4718.3 X138.276 Y112.53 E2536.95312
G1 F4740.6 X137.81 Y112.466 E2536.9697
G1 F4729.4 X137.344 Y112.506 E2536.98623
G1 F4718.3 X136.87 Y112.64 E2537.00368
G1 F4763 X136.288 Y112.994 E2537.02758
G1 X135.944 Y113.347 E2537.04488
G1 F4751.8 X135.606 Y113.953 E2537.06928
G1 F4763 X135.465 Y114.653 E2537.09434
G1 F4751.8 X135.465 Y114.85 E2537.10127
M204 S5000
M205 X30 Y30
G0 F7200 X135.703 Y114.83
G0 X136.072 Y113.485
G0 X136.278 Y113.605
M204 S3000
M205 X20 Y20
G1 F4763 X136.559 Y113.317 E2537.11539
G1 F4785.7 X137.09 Y112.998 E2537.13702
G1 F4808.6 X137.694 Y112.89 E2537.15835
G1 F4763 X138.19 Y112.949 E2537.17588
G1 F4740.6 X138.494 Y113.043 E2537.18709
G1 F4785.7 X138.937 Y113.312 E2537.20519
G1 F4774.3 X139.251 Y113.648 E2537.22129
G1 F4751.8 X139.462 Y114.017 E2537.23624
G1 F4718.3 X139.561 Y114.361 E2537.24892
G1 F4740.6 X139.614 Y114.748 E2537.26269
G1 F4820.1 X139.513 Y115.351 E2537.28389
G1 F4831.7 X139.333 Y115.742 E2537.29878
G1 F4808.6 X138.948 Y116.182 E2537.3191
G1 F4751.8 X138.522 Y116.44 E2537.33662
G1 F4740.6 X138.27 Y116.534 E2537.3461
G1 F4774.3 X137.793 Y116.613 E2537.36303
G1 F4729.4 X137.419 Y116.571 E2537.37633
G1 F4718.3 X137.038 Y116.471 E2537.39028
G1 F4774.3 X136.556 Y116.182 E2537.40995
G1 F4763 X136.182 Y115.756 E2537.42985
G1 F4751.8 X136 Y115.392 E2537.44416
G1 F4763 X135.896 Y114.871 E2537.4628
G1 X135.888 Y114.687 E2537.46927
G1 X135.999 Y114.105 E2537.49006
G1 F4751.8 X136.278 Y113.605 E2537.51019
M204 S5000
M205 X30 Y30
G0 F7200 X136.427 Y114.28
M204 S3000
M205 X20 Y20
;TYPE:WALL-OUTER
G1 F2040 X136.655 Y113.873 E2537.52959
G1 X136.857 Y113.668 E2537.54155
G1 X137.283 Y113.426 E2537.56192
G1 X137.73 Y113.347 E2537.5808
G1 X138.229 Y113.43 E2537.60183
G1 X138.611 Y113.643 E2537.62001
G1 X138.83 Y113.853 E2537.63263
G1 X139.073 Y114.277 E2537.65294
G1 X139.153 Y114.775 E2537.67391
G1 X139.076 Y115.212 E2537.69236
G1 X138.959 Y115.461 E2537.7038
G1 X138.652 Y115.827 E2537.72366
G1 X138.229 Y116.07 E2537.74394
G1 X137.73 Y116.153 E2537.76497
G1 X137.284 Y116.074 E2537.7838
G1 X136.829 Y115.809 E2537.8057
G1 X136.556 Y115.484 E2537.82334
G1 X136.43 Y115.226 E2537.83528
G1 X136.35 Y114.792 E2537.85363
G1 X136.427 Y114.28 E2537.87515
M204 S5000
M205 X30 Y30
G0 F7200 X136.524 Y114.106
G0 X135.917 Y113.753
G0 X135.703 Y114.83
G0 X135.004 Y114.886
M204 S3000
M205 X20 Y20
G1 F2040 X135.092 Y115.444 E2537.89864
G1 X135.176 Y115.72 E2537.91063
G1 X135.433 Y116.229 E2537.93434
G1 X135.59 Y116.449 E2537.94558
G1 X135.992 Y116.861 E2537.96951
G1 X136.463 Y117.178 E2537.99311
G1 X136.707 Y117.293 E2538.00433
G1 X137.26 Y117.453 E2538.02826
G1 X137.821 Y117.497 E2538.05166
G1 X138.384 Y117.425 E2538.07525
G1 X138.916 Y117.239 E2538.09868
G1 X139.406 Y116.945 E2538.12244
G1 X139.613 Y116.772 E2538.13366
G1 X139.988 Y116.344 E2538.15731
G1 X140.268 Y115.855 E2538.18074
G1 X140.44 Y115.315 E2538.2043
G1 X140.498 Y114.748 E2538.228
G1 X140.44 Y114.185 E2538.25153
G1 X140.268 Y113.645 E2538.27509
G1 X139.988 Y113.156 E2538.29852
G1 X139.611 Y112.726 E2538.3223
G1 X139.406 Y112.555 E2538.33339
G1 X138.916 Y112.261 E2538.35715
G1 X138.384 Y112.075 E2538.38058
G1 X137.821 Y112.003 E2538.40418
G1 X137.26 Y112.047 E2538.42758
G1 X136.707 Y112.207 E2538.45151
G1 X136.463 Y112.322 E2538.46272
G1 X135.991 Y112.638 E2538.48634
G1 X135.589 Y113.051 E2538.5103
G1 X135.434 Y113.27 E2538.52146
G1 X135.176 Y113.78 E2538.54522
G1 X135.092 Y114.056 E2538.55721
G1 X135.004 Y114.618 E2538.58086
G1 X135.004 Y114.886 E2538.592
M204 S5000
M205 X30 Y30
G0 F7200 X135.035 Y115.083
G1 F1500 E2532.092
G0 F7200 X135.726 Y114.976
G0 X136.13 Y112.809
G0 X135.496 Y111.868
G0 X135.497 Y98.633
G0 X136.13 Y97.691
G0 X135.703 Y95.83
G1 F1500 E2538.592
G0 F7200 X135.465 Y95.85
M204 S3000
M205 X20 Y20
;TYPE:WALL-INNER
G1 F4751.8 X135.606 Y96.547 E2538.61702
G1 X135.83 Y96.989 E2538.63444
G1 F4763 X136.288 Y97.506 E2538.65868
G1 F4774.3 X136.87 Y97.86 E2538.68253
G1 F4718.3 X137.344 Y97.994 E2538.69997
G1 F4729.4 X137.81 Y98.035 E2538.71651
G1 X138.276 Y97.971 E2538.73313
G1 F4707.3 X138.718 Y97.817 E2538.74975
G1 F4740.6 X139.138 Y97.568 E2538.76696
G1 X139.609 Y97.074 E2538.79103
G1 F4729.4 X139.843 Y96.668 E2538.80759
G1 F4718.3 X139.983 Y96.22 E2538.82421
G1 F4740.6 X140.035 Y95.748 E2538.84095
G1 X139.983 Y95.28 E2538.85755
G1 F4718.3 X139.843 Y94.832 E2538.87418
G1 F4740.6 X139.61 Y94.426 E2538.89068
G1 F4751.8 X139.138 Y93.932 E2538.91471
G1 F4740.6 X138.718 Y93.682 E2538.93195
G1 F4718.3 X138.276 Y93.53 E2538.9485
G1 F4740.6 X137.81 Y93.466 E2538.96509
G1 F4729.4 X137.344 Y93.506 E2538.98162
G1 F4718.3 X136.87 Y93.64 E2538.99906
G1 F4763 X136.288 Y93.994 E2539.02297
G1 X135.944 Y94.347 E2539.04026
G1 F4751.8 X135.606 Y94.953 E2539.06467
G1 F4763 X135.465 Y95.653 E2539.08972
G1 F4751.8 X135.465 Y95.85 E2539.09665
M204 S5000
M205 X30 Y30
G0 F7200 X135.703 Y95.83
G0 X136.072 Y94.485
G0 X136.278 Y94.605
M204 S3000
M205 X20 Y20
G1 F4763 X136.559 Y94.317 E2539.11077
G1 F4785.7 X137.09 Y93.998 E2539.1324
G1 F4808.6 X137.694 Y93.89 E2539.15373
G1 F4763 X138.19 Y93.949 E2539.17126
G1 F4740.6 X138.494 Y94.043 E2539.18248
G1 F4785.7 X138.937 Y94.312 E2539.20058
G1 F4774.3 X139.251 Y94.648 E2539.21668
G1 F4751.8 X139.462 Y95.017 E2539.23163
G1 F4718.3 X139.561 Y95.361 E2539.24431
G1 F4740.6 X139.614 Y95.748 E2539.25808
G1 F4820.1 X139.513 Y96.351 E2539.27928
G1 F4831.7 X139.333 Y96.742 E2539.29417
G1 F4808.6 X138.948 Y97.182 E2539.31449
G1 F4751.8 X138.522 Y97.44 E2539.332
G1 F4740.6 X138.27 Y97.534 E2539.34149
G1 F4774.3 X137.793 Y97.613 E2539.35841
G1 F4729.4 X137.419 Y97.571 E2539.37171
G1 F4718.3 X137.038 Y97.471 E2539.38566
G1 F4774.3 X136.556 Y97.182 E2539.40534
G1 F4763 X136.182 Y96.756 E2539.42523
G1 F4751.8 X136 Y96.392 E2539.43954
G1 F4763 X135.896 Y95.871 E2539.45819
G1 X135.888 Y95.687 E2539.46465
G1 X135.999 Y95.105 E2539.48544
G1 F4751.8 X136.278 Y94.605 E2539.50558
M204 S5000
M205 X30 Y30
G0 F7200 X136.427 Y95.28
M204 S3000
M205 X20 Y20
;TYPE:WALL-OUTER
G1 F2040 X136.655 Y94.873 E2539.52497
G1 X136.857 Y94.668 E2539.53694
G1 X137.283 Y94.426 E2539.55731
G1 X137.73 Y94.347 E2539.57618
G1 X138.229 Y94.43 E2539.59721
G1 X138.611 Y94.643 E2539.61539
G1 X138.83 Y94.853 E2539.62801
G1 X139.073 Y95.277 E2539.64833
G1 X139.153 Y95.775 E2539.6693
G1 X139.076 Y96.212 E2539.68774
G1 X138.959 Y96.461 E2539.69918
G1 X138.652 Y96.827 E2539.71904
G1 X138.229 Y97.07 E2539.73932
G1 X137.73 Y97.153 E2539.76036
G1 X137.284 Y97.074 E2539.77919
G1 X136.829 Y96.809 E2539.80108
G1 X136.556 Y96.484 E2539.81872
G1 X136.43 Y96.226 E2539.83066
G1 X136.35 Y95.792 E2539.84901
G1 X136.427 Y95.28 E2539.87054
M204 S5000
M205 X30 Y30
G0 F7200 X136.524 Y95.106
G0 X135.917 Y94.753
G0 X135.703 Y95.83
G0 X135.004 Y95.886
M204 S3000
M205 X20 Y20
G1 F2040 X135.092 Y96.444 E2539.89402
G1 X135.176 Y96.72 E2539.90602
G1 X135.433 Y97.229 E2539.92972
G1 X135.59 Y97.449 E2539.94096
G1 X135.992 Y97.861 E2539.96489
G1 X136.463 Y98.178 E2539.98849
G1 X136.707 Y98.293 E2539.99971
G1 X137.26 Y98.453 E2540.02364
G1 X137.821 Y98.497 E2540.04704
G1 X138.384 Y98.425 E2540.07064
G1 X138.916 Y98.239 E2540.09407
G1 X139.406 Y97.945 E2540.11782
G1 X139.613 Y97.772 E2540.12904
G1 X139.988 Y97.344 E2540.1527
G1 X140.268 Y96.855 E2540.17613
G1 X140.44 Y96.315 E2540.19969
G1 X140.498 Y95.748 E2540.22338
G1 X140.44 Y95.185 E2540.24691
G1 X140.268 Y94.645 E2540.27048
G1 X139.988 Y94.156 E2540.2939
G1 X139.611 Y93.726 E2540.31768
G1 X139.406 Y93.555 E2540.32878
G1 X138.916 Y93.261 E2540.35253
G1 X138.384 Y93.075 E2540.37597
G1 X137.821 Y93.003 E2540.39956
G1 X137.26 Y93.047 E2540.42296
G1 X136.707 Y93.207 E2540.44689
G1 X136.463 Y93.322 E2540.45811
G1 X135.991 Y93.638 E2540.48172
G1 X135.589 Y94.051 E2540.50568
G1 X135.434 Y94.27 E2540.51684
G1 X135.176 Y94.78 E2540.5406
G1 X135.092 Y95.056 E2540.55259
G1 X135.004 Y95.618 E2540.57624
G1 X135.004 Y95.886 E2540.58739
M204 S5000
M205 X30 Y30
G0 F7200 X135.035 Y96.083
G0 X135.726 Y95.976
G0 X136.15 Y94.471
G0 X137.047 Y93.817
G0 X138.382 Y93.804
G0 X139.487 Y93.857
G0 X139.293 Y93.755
M204 S3000
M205 X20 Y20
;TYPE:SKIN
G1 F1000 X139.804 Y94.296 E2540.58801
G1 X139.949 Y94.553 E2540.58825
G1 X138.942 Y93.545 E2540.58944
G1 X138.675 Y93.42 E2540.58968
G1 X140.083 Y94.828 E2540.59134
G1 X140.15 Y95.037 E2540.59152
G1 X138.458 Y93.345 E2540.59351
G1 X138.263 Y93.291 E2540.59368
G1 X140.215 Y95.243 E2540.59597
G1 X140.231 Y95.4 E2540.5961
G1 X138.1 Y93.27 E2540.59861
G1 X137.938 Y93.248 E2540.59875
G1 X140.246 Y95.556 E2540.60146
G1 X140.261 Y95.713 E2540.60159
G1 X137.783 Y93.235 E2540.6045
G1 X137.652 Y93.246 E2540.60461
G1 X140.256 Y95.849 E2540.60767
G1 X140.243 Y95.978 E2540.60778
G1 X139.07 Y94.805 E2540.60916
G1 X139.264 Y95.141 E2540.60948
G1 X140.23 Y96.107 E2540.61062
G1 X140.217 Y96.235 E2540.61073
G1 X139.317 Y95.335 E2540.61179
G1 X139.348 Y95.507 E2540.61193
G1 X140.188 Y96.347 E2540.61292
G1 X140.153 Y96.454 E2540.61301
G1 X139.378 Y95.679 E2540.61392
G1 X139.378 Y95.82 E2540.61404
G1 X140.118 Y96.561 E2540.61491
G1 X140.084 Y96.667 E2540.615
G1 X139.356 Y95.94 E2540.61586
G1 X139.335 Y96.06 E2540.61596
G1 X140.048 Y96.773 E2540.6168
G1 X139.997 Y96.863 E2540.61689
G1 X139.314 Y96.18 E2540.61769
G1 X139.288 Y96.296 E2540.61779
G1 X139.945 Y96.953 E2540.61856
G1 X139.894 Y97.044 E2540.61865
G1 X139.242 Y96.392 E2540.61941
G1 X139.197 Y96.488 E2540.6195
G1 X139.843 Y97.134 E2540.62026
G1 X139.789 Y97.221 E2540.62035
G1 X139.152 Y96.584 E2540.6211
G1 X139.09 Y96.663 E2540.62118
G1 X139.723 Y97.297 E2540.62192
G1 X139.657 Y97.372 E2540.62201
G1 X139.025 Y96.74 E2540.62275
G1 X138.962 Y96.818 E2540.62283
G1 X139.591 Y97.447 E2540.62357
G1 X139.524 Y97.522 E2540.62366
G1 X138.897 Y96.895 E2540.62439
G1 X138.833 Y96.972 E2540.62448
G1 X139.459 Y97.598 E2540.62521
G1 X139.392 Y97.673 E2540.6253
G1 X138.754 Y97.035 E2540.62605
G1 X138.665 Y97.087 E2540.62613
G1 X139.311 Y97.733 E2540.62689
G1 X139.222 Y97.785 E2540.62698
G1 X138.575 Y97.139 E2540.62774
G1 X138.486 Y97.191 E2540.62782
G1 X139.133 Y97.838 E2540.62859
G1 X139.045 Y97.891 E2540.62867
G1 X138.397 Y97.243 E2540.62943
G1 X138.306 Y97.294 E2540.62952
G1 X138.957 Y97.944 E2540.63028
G1 X138.868 Y97.997 E2540.63037
G1 X138.186 Y97.315 E2540.63117
G1 X138.066 Y97.336 E2540.63127
G1 X138.773 Y98.044 E2540.63211
G1 X138.669 Y98.081 E2540.6322
G1 X137.945 Y97.357 E2540.63305
G1 X137.825 Y97.379 E2540.63315
G1 X138.564 Y98.118 E2540.63402
G1 X138.459 Y98.154 E2540.63411
G1 X137.686 Y97.381 E2540.63502
G1 X137.514 Y97.35 E2540.63517
G1 X138.354 Y98.19 E2540.63615
G1 X138.234 Y98.212 E2540.63626
G1 X137.342 Y97.32 E2540.6373
G1 X137.17 Y97.289 E2540.63745
G1 X138.109 Y98.228 E2540.63855
G1 X137.984 Y98.244 E2540.63866
G1 X136.818 Y97.078 E2540.64003
M204 S5000
M205 X30 Y30
G0 F7200 X136.176 Y97.71
M204 S3000
M205 X20 Y20
G1 F1000 X135.762 Y97.295 E2540.64052
G1 X135.542 Y96.934 E2540.64087
G1 X136.642 Y98.034 E2540.64216
G1 X136.841 Y98.091 E2540.64233
G1 X135.4 Y96.65 E2540.64403
G1 X135.328 Y96.437 E2540.64422
G1 X137.04 Y98.149 E2540.64623
G1 X137.24 Y98.207 E2540.6464
G1 X135.294 Y96.261 E2540.64869
G1 X135.268 Y96.094 E2540.64883
G1 X137.407 Y98.233 E2540.65135
G1 X137.561 Y98.246 E2540.65147
G1 X135.241 Y95.926 E2540.6542
G1 X135.233 Y95.776 E2540.65433
G1 X137.715 Y98.258 E2540.65725
G1 X137.859 Y98.261 E2540.65737
G1 X135.233 Y95.635 E2540.66045
G1 X135.251 Y95.512 E2540.66056
G1 X136.365 Y96.626 E2540.66187
G1 X136.238 Y96.358 E2540.66211
G1 X135.27 Y95.39 E2540.66325
G1 X135.29 Y95.267 E2540.66336
G1 X136.18 Y96.158 E2540.6644
G1 X136.149 Y95.986 E2540.66455
G1 X135.309 Y95.145 E2540.66554
G1 X135.337 Y95.032 E2540.66563
G1 X136.118 Y95.813 E2540.66655
G1 X136.121 Y95.675 E2540.66667
G1 X135.371 Y94.924 E2540.66755
G1 X135.412 Y94.824 E2540.66764
G1 X136.142 Y95.554 E2540.6685
G1 X136.163 Y95.433 E2540.6686
G1 X135.459 Y94.73 E2540.66943
G1 X135.506 Y94.635 E2540.66952
G1 X136.184 Y95.313 E2540.67031
G1 X136.205 Y95.193 E2540.67041
G1 X135.553 Y94.541 E2540.67118
G1 X135.601 Y94.447 E2540.67127
G1 X136.256 Y95.103 E2540.67204
G1 X136.308 Y95.013 E2540.67213
G1 X135.652 Y94.357 E2540.6729
G1 X135.711 Y94.275 E2540.67298
G1 X136.36 Y94.924 E2540.67374
G1 X136.412 Y94.834 E2540.67383
G1 X135.77 Y94.192 E2540.67459
G1 X135.84 Y94.12 E2540.67467
G1 X136.463 Y94.744 E2540.6754
G1 X136.529 Y94.668 E2540.67549
G1 X135.91 Y94.049 E2540.67621
G1 X135.979 Y93.977 E2540.6763
G1 X136.6 Y94.598 E2540.67703
G1 X136.671 Y94.527 E2540.67711
G1 X136.049 Y93.905 E2540.67784
G1 X136.119 Y93.834 E2540.67792
G1 X136.746 Y94.461 E2540.67866
G1 X136.836 Y94.41 E2540.67875
G1 X136.2 Y93.774 E2540.6795
G1 X136.284 Y93.717 E2540.67958
G1 X136.926 Y94.358 E2540.68033
G1 X137.015 Y94.306 E2540.68042
G1 X136.369 Y93.66 E2540.68118
G1 X136.454 Y93.603 E2540.68127
G1 X137.105 Y94.254 E2540.68203
G1 X137.197 Y94.205 E2540.68212
G1 X136.538 Y93.546 E2540.68289
G1 X136.623 Y93.49 E2540.68298
G1 X137.317 Y94.183 E2540.68379
G1 X137.437 Y94.162 E2540.68389
G1 X136.719 Y93.444 E2540.68474
G1 X136.828 Y93.412 E2540.68483
G1 X137.557 Y94.141 E2540.68569
G1 X137.677 Y94.12 E2540.68579
G1 X136.937 Y93.379 E2540.68666
G1 X137.047 Y93.347 E2540.68676
G1 X137.819 Y94.12 E2540.68767
G1 X137.991 Y94.15 E2540.68781
G1 X137.156 Y93.316 E2540.68879
G1 X137.266 Y93.284 E2540.68889
G1 X138.163 Y94.18 E2540.68994
G1 X138.357 Y94.233 E2540.69011
G1 X137.391 Y93.268 E2540.69124
G1 X137.522 Y93.257 E2540.69135
G1 X138.693 Y94.428 E2540.69273
M204 S5000
M205 X30 Y30
G1 F1500 E2534.19273
G0 F7200 X138.929 Y94.022
G0 X139.301 Y95.186
G0 X138.823 Y98.039
G0 X139.197 Y99.109
G0 X139.196 Y111.39
G0 X138.823 Y112.461
G0 X139.475 Y113.67
G1 F1500 E2540.69273
G0 F7200 X139.885 Y113.439
M204 S3000
M205 X20 Y20
G1 F1000 X139.065 Y112.619 E2540.69369
G1 X138.751 Y112.446 E2540.69399
G1 X140.059 Y113.755 E2540.69553
G1 X140.127 Y113.964 E2540.69571
G1 X138.534 Y112.371 E2540.69759
G1 X138.32 Y112.299 E2540.69778
G1 X140.194 Y114.172 E2540.69998
G1 X140.225 Y114.345 E2540.70012
G1 X138.158 Y112.277 E2540.70256
G1 X137.994 Y112.256 E2540.70269
G1 X140.241 Y114.502 E2540.70533
G1 X140.256 Y114.659 E2540.70547
G1 X137.832 Y112.234 E2540.70832
G1 X137.698 Y112.242 E2540.70843
G1 X140.26 Y114.804 E2540.71144
G1 X140.247 Y114.933 E2540.71155
G1 X137.567 Y112.253 E2540.7147
G1 X137.436 Y112.263 E2540.71481
G1 X138.474 Y113.301 E2540.71603
G1 X138.223 Y113.191 E2540.71626
G1 X137.305 Y112.274 E2540.71734
G1 X137.194 Y112.304 E2540.71743
G1 X138.051 Y113.161 E2540.71844
G1 X137.879 Y113.13 E2540.71859
G1 X137.086 Y112.337 E2540.71952
G1 X136.976 Y112.369 E2540.71961
G1 X137.72 Y113.113 E2540.72049
G1 X137.6 Y113.134 E2540.72059
G1 X136.866 Y112.4 E2540.72145
G1 X136.757 Y112.432 E2540.72155
G1 X137.479 Y113.155 E2540.7224
G1 X137.359 Y113.176 E2540.7225
G1 X136.652 Y112.469 E2540.72333
G1 X136.568 Y112.526 E2540.72341
G1 X137.239 Y113.197 E2540.7242
G1 X137.136 Y113.236 E2540.72429
G1 X136.483 Y112.583 E2540.72506
G1 X136.399 Y112.64 E2540.72515
G1 X137.047 Y113.288 E2540.72591
G1 X136.957 Y113.34 E2540.726
G1 X136.314 Y112.697 E2540.72675
G1 X136.23 Y112.754 E2540.72684
G1 X136.867 Y113.391 E2540.72759
G1 X136.778 Y113.443 E2540.72767
G1 X136.145 Y112.811 E2540.72841
G1 X136.074 Y112.881 E2540.7285
G1 X136.695 Y113.502 E2540.72923
G1 X136.625 Y113.573 E2540.72931
G1 X136.004 Y112.952 E2540.73004
G1 X135.934 Y113.023 E2540.73012
G1 X136.554 Y113.644 E2540.73085
G1 X136.483 Y113.714 E2540.73094
G1 X135.864 Y113.096 E2540.73166
G1 X135.794 Y113.167 E2540.73175
G1 X136.43 Y113.803 E2540.73249
G1 X136.378 Y113.892 E2540.73258
G1 X135.731 Y113.245 E2540.73334
G1 X135.673 Y113.328 E2540.73343
G1 X136.326 Y113.982 E2540.73419
G1 X136.275 Y114.071 E2540.73428
G1 X135.617 Y113.414 E2540.73505
G1 X135.57 Y113.509 E2540.73514
G1 X136.222 Y114.16 E2540.73591
G1 X136.192 Y114.271 E2540.736
G1 X135.523 Y113.603 E2540.73679
G1 X135.476 Y113.697 E2540.73688
G1 X136.171 Y114.392 E2540.73769
G1 X136.149 Y114.512 E2540.73779
G1 X135.428 Y113.791 E2540.73864
G1 X135.383 Y113.887 E2540.73873
G1 X136.128 Y114.632 E2540.73961
G1 X136.107 Y114.751 E2540.73971
G1 X135.349 Y113.994 E2540.7406
G1 X135.315 Y114.102 E2540.74069
G1 X136.139 Y114.926 E2540.74166
G1 X136.169 Y115.097 E2540.74181
G1 X135.296 Y114.224 E2540.74283
G1 X135.277 Y114.346 E2540.74293
G1 X136.2 Y115.27 E2540.74402
G1 X136.321 Y115.532 E2540.74426
G1 X135.258 Y114.469 E2540.74551
G1 X135.239 Y114.591 E2540.74561
G1 X137.903 Y117.255 E2540.74875
G1 X137.769 Y117.263 E2540.74886
G1 X135.233 Y114.727 E2540.75184
G1 X135.233 Y114.868 E2540.75196
G1 X137.615 Y117.25 E2540.75476
G1 X137.46 Y117.237 E2540.75489
G1 X135.258 Y115.035 E2540.75748
G1 X135.285 Y115.203 E2540.75762
G1 X137.307 Y117.225 E2540.76
G1 X137.11 Y117.17 E2540.76017
G1 X135.311 Y115.371 E2540.76228
G1 X135.37 Y115.571 E2540.76245
G1 X136.911 Y117.112 E2540.76427
G1 X136.712 Y117.054 E2540.76444
G1 X135.492 Y115.834 E2540.76587
G1 X135.642 Y116.126 E2540.76615
G1 X136.328 Y116.811 E2540.76695
M204 S5000
M205 X30 Y30
G0 F7200 X136.936 Y116.147
M204 S3000
M205 X20 Y20
G1 F1000 X138.027 Y117.239 E2540.76824
G1 X138.153 Y117.222 E2540.76834
G1 X137.232 Y116.302 E2540.76942
G1 X137.403 Y116.331 E2540.76957
G1 X138.278 Y117.206 E2540.7706
G1 X138.391 Y117.178 E2540.77069
G1 X137.574 Y116.361 E2540.77165
G1 X137.746 Y116.391 E2540.7718
G1 X138.496 Y117.141 E2540.77268
G1 X138.6 Y117.104 E2540.77277
G1 X137.867 Y116.371 E2540.77364
G1 X137.987 Y116.35 E2540.77374
G1 X138.706 Y117.068 E2540.77458
G1 X138.81 Y117.031 E2540.77467
G1 X138.107 Y116.328 E2540.7755
G1 X138.228 Y116.307 E2540.7756
G1 X138.899 Y116.978 E2540.77639
G1 X138.988 Y116.926 E2540.77648
G1 X138.339 Y116.277 E2540.77724
G1 X138.428 Y116.225 E2540.77733
G1 X139.076 Y116.873 E2540.77809
G1 X139.164 Y116.82 E2540.77817
G1 X138.517 Y116.173 E2540.77893
G1 X138.607 Y116.121 E2540.77902
G1 X139.253 Y116.767 E2540.77978
G1 X139.341 Y116.714 E2540.77987
G1 X138.696 Y116.069 E2540.78062
G1 X138.786 Y116.017 E2540.78071
G1 X139.416 Y116.647 E2540.78145
G1 X139.481 Y116.571 E2540.78153
G1 X138.855 Y115.945 E2540.78227
G1 X138.919 Y115.867 E2540.78235
G1 X139.548 Y116.496 E2540.78309
G1 X139.613 Y116.42 E2540.78318
G1 X138.983 Y115.79 E2540.78392
G1 X139.048 Y115.713 E2540.784
G1 X139.68 Y116.345 E2540.78475
G1 X139.746 Y116.27 E2540.78483
G1 X139.112 Y115.636 E2540.78557
G1 X139.168 Y115.551 E2540.78566
G1 X139.81 Y116.193 E2540.78641
G1 X139.861 Y116.102 E2540.7865
G1 X139.213 Y115.454 E2540.78726
G1 X139.259 Y115.358 E2540.78735
G1 X139.913 Y116.012 E2540.78812
G1 X139.964 Y115.922 E2540.78821
G1 X139.3 Y115.258 E2540.78899
G1 X139.321 Y115.138 E2540.78909
G1 X140.014 Y115.831 E2540.7899
G1 X140.062 Y115.737 E2540.78999
G1 X139.343 Y115.018 E2540.79084
G1 X139.364 Y114.898 E2540.79094
G1 X140.096 Y115.631 E2540.7918
G1 X140.13 Y115.523 E2540.79189
G1 X139.386 Y114.778 E2540.79277
G1 X139.367 Y114.619 E2540.7929
G1 X140.165 Y115.416 E2540.79384
G1 X140.2 Y115.31 E2540.79393
G1 X139.337 Y114.447 E2540.79495
G1 X139.307 Y114.275 E2540.79509
G1 X140.222 Y115.19 E2540.79617
G1 X140.234 Y115.061 E2540.79628
G1 X139.196 Y114.023 E2540.7975
M204 S5000
M205 X30 Y30
G1 F1500 E2534.2975
G0 F7200 X139.604 Y113.788
G0 X138.314 Y113.199
G0 X137.294 Y113.18
G0 X135.308 Y114.094
G0 X134.187 Y113.92
G0 X85.812 Y113.919
G0 X84.692 Y114.094
G1 F1500 E2540.7975
G0 F7200 X84.298 Y113.289
M204 S3000
M205 X20 Y20
G1 F1000 X83.745 Y112.736 E2540.79815
G1 X83.321 Y112.454 E2540.79857
G1 X84.481 Y113.614 E2540.79993
G1 X84.615 Y113.89 E2540.80019
G1 X83.121 Y112.396 E2540.80195
G1 X82.923 Y112.338 E2540.80212
G1 X84.682 Y114.098 E2540.80419
G1 X84.709 Y114.266 E2540.80433
G1 X82.723 Y112.28 E2540.80666
G1 X82.565 Y112.263 E2540.8068
G1 X84.735 Y114.433 E2540.80935
G1 X84.761 Y114.601 E2540.80949
G1 X82.411 Y112.251 E2540.81225
G1 X82.257 Y112.239 E2540.81238
G1 X84.765 Y114.747 E2540.81533
G1 X84.763 Y114.886 E2540.81545
G1 X82.118 Y112.241 E2540.81856
G1 X81.993 Y112.257 E2540.81866
G1 X83.121 Y113.385 E2540.81999
G1 X82.797 Y113.203 E2540.8203
G1 X81.868 Y112.273 E2540.82139
G1 X81.742 Y112.289 E2540.82149
G1 X82.626 Y113.173 E2540.82253
G1 X82.454 Y113.142 E2540.82268
G1 X81.626 Y112.314 E2540.82365
G1 X81.52 Y112.35 E2540.82375
G1 X82.282 Y113.112 E2540.82464
G1 X82.152 Y113.123 E2540.82475
G1 X81.416 Y112.387 E2540.82562
G1 X81.311 Y112.424 E2540.82571
G1 X82.032 Y113.144 E2540.82656
G1 X81.911 Y113.166 E2540.82666
G1 X81.206 Y112.461 E2540.82749
G1 X81.115 Y112.51 E2540.82757
G1 X81.792 Y113.187 E2540.82837
G1 X81.676 Y113.213 E2540.82847
G1 X81.026 Y112.563 E2540.82923
G1 X80.938 Y112.616 E2540.82932
G1 X81.586 Y113.265 E2540.83008
G1 X81.496 Y113.316 E2540.83017
G1 X80.849 Y112.668 E2540.83093
G1 X80.76 Y112.722 E2540.83101
G1 X81.407 Y113.368 E2540.83178
G1 X81.317 Y113.419 E2540.83186
G1 X80.672 Y112.775 E2540.83262
G1 X80.594 Y112.838 E2540.8327
G1 X81.227 Y113.471 E2540.83345
G1 X81.156 Y113.541 E2540.83353
G1 X80.528 Y112.913 E2540.83427
G1 X80.462 Y112.989 E2540.83435
G1 X81.085 Y113.612 E2540.83508
G1 X81.014 Y113.682 E2540.83517
G1 X80.395 Y113.064 E2540.83589
G1 X80.33 Y113.139 E2540.83598
G1 X80.953 Y113.762 E2540.83671
G1 X80.901 Y113.852 E2540.8368
G1 X80.264 Y113.215 E2540.83755
G1 X80.197 Y113.29 E2540.83763
G1 X80.849 Y113.942 E2540.8384
G1 X80.797 Y114.031 E2540.83848
G1 X80.146 Y113.38 E2540.83925
G1 X80.095 Y113.47 E2540.83933
G1 X80.745 Y114.121 E2540.8401
G1 X80.702 Y114.218 E2540.84019
G1 X80.043 Y113.56 E2540.84096
G1 X79.992 Y113.651 E2540.84105
G1 X80.68 Y114.339 E2540.84186
G1 X80.659 Y114.459 E2540.84196
G1 X79.942 Y113.742 E2540.8428
G1 X79.908 Y113.849 E2540.84289
G1 X80.638 Y114.579 E2540.84375
G1 X80.617 Y114.699 E2540.84385
G1 X79.874 Y113.956 E2540.84473
G1 X79.839 Y114.063 E2540.84482
G1 X80.626 Y114.85 E2540.84575
G1 X80.656 Y115.022 E2540.84589
G1 X79.804 Y114.17 E2540.84689
G1 X79.779 Y114.286 E2540.84699
G1 X80.687 Y115.194 E2540.84806
G1 X80.767 Y115.416 E2540.84826
G1 X79.766 Y114.414 E2540.84943
G1 X79.753 Y114.543 E2540.84954
G1 X81.087 Y115.877 E2540.85111
M204 S5000
M205 X30 Y30
G0 F7200 X80.576 Y116.639
M204 S3000
M205 X20 Y20
G1 F1000 X80.996 Y116.917 E2540.85153
G1 X80.08 Y116.001 E2540.85261
G1 X79.927 Y115.706 E2540.85288
G1 X81.286 Y117.065 E2540.85448
G1 X81.503 Y117.141 E2540.85467
G1 X79.859 Y115.498 E2540.8566
G1 X79.792 Y115.289 E2540.85679
G1 X81.707 Y117.204 E2540.85904
G1 X81.869 Y117.224 E2540.85917
G1 X79.77 Y115.126 E2540.86164
G1 X79.755 Y114.969 E2540.86177
G1 X82.032 Y117.246 E2540.86445
G1 X82.191 Y117.264 E2540.86458
G1 X79.739 Y114.811 E2540.86747
G1 X79.74 Y114.671 E2540.86758
G1 X82.322 Y117.253 E2540.87062
G1 X82.454 Y117.243 E2540.87073
G1 X81.245 Y116.034 E2540.87215
G1 X81.583 Y116.231 E2540.87248
G1 X82.585 Y117.233 E2540.87366
G1 X82.713 Y117.22 E2540.87376
G1 X81.806 Y116.313 E2540.87483
G1 X81.978 Y116.343 E2540.87497
G1 X82.823 Y117.188 E2540.87597
G1 X82.933 Y117.156 E2540.87606
G1 X82.15 Y116.374 E2540.87698
G1 X82.3 Y116.383 E2540.87711
G1 X83.042 Y117.125 E2540.87798
G1 X83.152 Y117.093 E2540.87808
G1 X82.421 Y116.362 E2540.87894
G1 X82.541 Y116.34 E2540.87904
G1 X83.261 Y117.061 E2540.87988
G1 X83.361 Y117.019 E2540.87997
G1 X82.66 Y116.319 E2540.8808
G1 X82.78 Y116.297 E2540.8809
G1 X83.446 Y116.963 E2540.88168
G1 X83.53 Y116.905 E2540.88177
G1 X82.878 Y116.254 E2540.88253
G1 X82.968 Y116.202 E2540.88262
G1 X83.615 Y116.849 E2540.88338
G1 X83.699 Y116.792 E2540.88347
G1 X83.057 Y116.15 E2540.88422
G1 X83.146 Y116.097 E2540.88431
G1 X83.784 Y116.735 E2540.88506
G1 X83.867 Y116.677 E2540.88514
G1 X83.236 Y116.046 E2540.88588
G1 X83.319 Y115.988 E2540.88597
G1 X83.937 Y116.606 E2540.88669
G1 X84.007 Y116.534 E2540.88678
G1 X83.383 Y115.91 E2540.88751
G1 X83.447 Y115.833 E2540.88759
G1 X84.077 Y116.462 E2540.88834
G1 X84.147 Y116.391 E2540.88842
G1 X83.512 Y115.756 E2540.88916
G1 X83.576 Y115.679 E2540.88925
G1 X84.217 Y116.319 E2540.89
G1 X84.277 Y116.239 E2540.89008
G1 X83.64 Y115.602 E2540.89083
G1 X83.688 Y115.508 E2540.89092
G1 X84.335 Y116.155 E2540.89168
G1 X84.389 Y116.068 E2540.89177
G1 X83.733 Y115.411 E2540.89254
G1 X83.778 Y115.315 E2540.89263
G1 X84.437 Y115.973 E2540.8934
G1 X84.484 Y115.879 E2540.89349
G1 X83.809 Y115.205 E2540.89428
G1 X83.831 Y115.085 E2540.89438
G1 X84.531 Y115.785 E2540.89521
G1 X84.578 Y115.691 E2540.89529
G1 X83.852 Y114.965 E2540.89615
G1 X83.874 Y114.845 E2540.89625
G1 X84.62 Y115.592 E2540.89713
G1 X84.655 Y115.485 E2540.89722
G1 X83.885 Y114.715 E2540.89813
G1 X83.855 Y114.543 E2540.89827
G1 X84.686 Y115.375 E2540.89925
G1 X84.705 Y115.252 E2540.89935
G1 X83.824 Y114.371 E2540.90039
G1 X83.794 Y114.199 E2540.90053
G1 X84.725 Y115.131 E2540.90163
G1 X84.744 Y115.008 E2540.90173
G1 X83.613 Y113.877 E2540.90306
M204 S5000
M205 X30 Y30
G1 F1500 E2534.40306
G0 F7200 X84.019 Y113.642
G0 X82.706 Y112.264
G0 X82.794 Y111.133
G0 X82.27 Y99.407
G0 X82.181 Y98.278
G0 X81.114 Y97.442
G1 F1500 E2540.90306
G0 F7200 X80.873 Y97.843
M204 S3000
M205 X20 Y20
G1 F1000 X80.144 Y97.115 E2540.90392
G1 X79.961 Y96.79 E2540.90423
G1 X81.209 Y98.038 E2540.9057
G1 X81.427 Y98.115 E2540.90589
G1 X79.883 Y96.57 E2540.90771
G1 X79.816 Y96.362 E2540.90789
G1 X81.644 Y98.19 E2540.91004
G1 X81.812 Y98.217 E2540.91018
G1 X79.776 Y96.181 E2540.91257
G1 X79.76 Y96.023 E2540.9127
G1 X81.975 Y98.239 E2540.91531
G1 X82.137 Y98.259 E2540.91545
G1 X79.744 Y95.866 E2540.91826
G1 X79.736 Y95.716 E2540.91838
G1 X82.277 Y98.258 E2540.92137
G1 X82.408 Y98.247 E2540.92148
G1 X79.748 Y95.588 E2540.92461
G1 X79.761 Y95.459 E2540.92472
G1 X80.811 Y96.509 E2540.92595
G1 X80.698 Y96.254 E2540.92618
G1 X79.775 Y95.331 E2540.92727
G1 X79.792 Y95.207 E2540.92737
G1 X80.668 Y96.083 E2540.9284
G1 X80.637 Y95.91 E2540.92855
G1 X79.827 Y95.1 E2540.9295
G1 X79.862 Y94.994 E2540.9296
G1 X80.61 Y95.742 E2540.93047
G1 X80.631 Y95.622 E2540.93058
G1 X79.895 Y94.886 E2540.93144
G1 X79.93 Y94.779 E2540.93153
G1 X80.652 Y95.501 E2540.93238
G1 X80.673 Y95.381 E2540.93249
G1 X79.975 Y94.683 E2540.93331
G1 X80.026 Y94.592 E2540.93339
G1 X80.695 Y95.261 E2540.93418
G1 X80.728 Y95.153 E2540.93427
G1 X80.077 Y94.501 E2540.93504
G1 X80.128 Y94.412 E2540.93512
G1 X80.779 Y95.063 E2540.93589
G1 X80.831 Y94.973 E2540.93598
G1 X80.179 Y94.321 E2540.93674
G1 X80.241 Y94.241 E2540.93683
G1 X80.883 Y94.883 E2540.93758
G1 X80.934 Y94.794 E2540.93767
G1 X80.306 Y94.166 E2540.93841
G1 X80.373 Y94.091 E2540.93849
G1 X80.989 Y94.707 E2540.93921
G1 X81.06 Y94.637 E2540.9393
G1 X80.439 Y94.015 E2540.94003
G1 X80.505 Y93.94 E2540.94011
G1 X81.131 Y94.566 E2540.94085
G1 X81.202 Y94.495 E2540.94093
G1 X80.571 Y93.864 E2540.94167
G1 X80.641 Y93.793 E2540.94176
G1 X81.286 Y94.438 E2540.94251
G1 X81.375 Y94.386 E2540.9426
G1 X80.729 Y93.74 E2540.94336
G1 X80.818 Y93.688 E2540.94345
G1 X81.465 Y94.335 E2540.94421
G1 X81.554 Y94.282 E2540.94429
G1 X80.907 Y93.635 E2540.94505
G1 X80.995 Y93.582 E2540.94514
G1 X81.644 Y94.231 E2540.9459
G1 X81.75 Y94.195 E2540.94599
G1 X81.083 Y93.529 E2540.94678
G1 X81.172 Y93.475 E2540.94687
G1 X81.87 Y94.173 E2540.94769
G1 X81.99 Y94.152 E2540.94779
G1 X81.274 Y93.437 E2540.94863
G1 X81.379 Y93.4 E2540.94872
G1 X82.11 Y94.131 E2540.94958
G1 X82.23 Y94.109 E2540.94968
G1 X81.484 Y93.363 E2540.95056
G1 X81.589 Y93.327 E2540.95065
G1 X82.394 Y94.132 E2540.9516
G1 X82.566 Y94.162 E2540.95174
G1 X81.699 Y93.295 E2540.95276
G1 X81.824 Y93.279 E2540.95287
G1 X82.737 Y94.192 E2540.95394
G1 X83.003 Y94.317 E2540.95419
G1 X81.949 Y93.263 E2540.95543
G1 X82.074 Y93.246 E2540.95553
G1 X84.756 Y95.928 E2540.95868
G1 X84.765 Y95.796 E2540.95879
G1 X82.203 Y93.234 E2540.96181
G1 X82.357 Y93.246 E2540.96194
G1 X84.765 Y95.655 E2540.96477
G1 X84.744 Y95.492 E2540.9649
G1 X82.511 Y93.259 E2540.96753
G1 X82.665 Y93.271 E2540.96766
G1 X84.718 Y95.325 E2540.97007
G1 X84.692 Y95.157 E2540.97021
G1 X82.853 Y93.318 E2540.97238
G1 X83.052 Y93.376 E2540.97255
G1 X84.639 Y94.963 E2540.97442
G1 X84.531 Y94.713 E2540.97464
G1 X83.251 Y93.434 E2540.97615
G1 X83.593 Y93.634 E2540.97648
G1 X84.389 Y94.43 E2540.97741
M204 S5000
M205 X30 Y30
G0 F7200 X83.681 Y94.994
M204 S3000
M205 X20 Y20
G1 F1000 X84.737 Y96.051 E2540.97865
G1 X84.718 Y96.173 E2540.97876
G1 X83.804 Y95.26 E2540.97983
G1 X83.835 Y95.431 E2540.97998
G1 X84.699 Y96.295 E2540.98099
G1 X84.677 Y96.415 E2540.98109
G1 X83.865 Y95.603 E2540.98205
G1 X83.888 Y95.767 E2540.98219
G1 X84.643 Y96.522 E2540.98307
G1 X84.608 Y96.629 E2540.98317
G1 X83.867 Y95.887 E2540.98404
G1 X83.845 Y96.007 E2540.98414
G1 X84.562 Y96.724 E2540.98498
G1 X84.514 Y96.818 E2540.98507
G1 X83.823 Y96.127 E2540.98588
G1 X83.802 Y96.247 E2540.98599
G1 X84.467 Y96.912 E2540.98677
G1 X84.42 Y97.007 E2540.98686
G1 X83.763 Y96.349 E2540.98763
G1 X83.717 Y96.445 E2540.98772
G1 X84.373 Y97.101 E2540.98849
G1 X84.315 Y97.184 E2540.98857
G1 X83.672 Y96.541 E2540.98933
G1 X83.618 Y96.629 E2540.98941
G1 X84.257 Y97.268 E2540.99017
G1 X84.192 Y97.344 E2540.99025
G1 X83.554 Y96.706 E2540.991
G1 X83.49 Y96.783 E2540.99108
G1 X84.123 Y97.416 E2540.99183
G1 X84.053 Y97.488 E2540.99191
G1 X83.425 Y96.86 E2540.99265
G1 X83.361 Y96.937 E2540.99273
G1 X83.983 Y97.559 E2540.99346
G1 X83.913 Y97.631 E2540.99355
G1 X83.294 Y97.012 E2540.99428
G1 X83.205 Y97.064 E2540.99436
G1 X83.838 Y97.698 E2540.99511
G1 X83.754 Y97.755 E2540.99519
G1 X83.115 Y97.116 E2540.99594
G1 X83.026 Y97.168 E2540.99603
G1 X83.669 Y97.811 E2540.99678
G1 X83.585 Y97.869 E2540.99687
G1 X82.936 Y97.22 E2540.99763
G1 X82.847 Y97.272 E2540.99772
G1 X83.5 Y97.925 E2540.99848
G1 X83.416 Y97.983 E2540.99857
G1 X82.739 Y97.305 E2540.99937
G1 X82.619 Y97.326 E2540.99947
G1 X83.331 Y98.039 E2541.00031
G1 X83.223 Y98.072 E2541.0004
G1 X82.498 Y97.348 E2541.00125
G1 X82.378 Y97.369 E2541.00135
G1 X83.114 Y98.104 E2541.00222
G1 X83.004 Y98.136 E2541.00231
G1 X82.258 Y97.39 E2541.00319
G1 X82.09 Y97.363 E2541.00333
G1 X82.894 Y98.168 E2541.00428
G1 X82.785 Y98.2 E2541.00437
G1 X81.918 Y97.333 E2541.00539
G1 X81.746 Y97.302 E2541.00554
G1 X82.669 Y98.226 E2541.00662
G1 X82.539 Y98.236 E2541.00673
G1 X81.465 Y97.162 E2541.00799
;TIME_ELAPSED:2435.211050
G1 F1500 E2534.50799
M140 S0
M204 S4000
M107
G91 ;Relative positioning
G1 E-2 F2700 ;Retract a bit
G1 E-2 Z0.2 F2400 ;Retract and raise Z
G1 X5 Y5 F3000 ;Wipe out
G1 Z10 ;Raise Z more
G90 ;Absolute positioning

G1 X0 Y220 ;Present print
M106 S0 ;Turn-off fan
M104 S0 ;Turn-off hotend
M140 S0 ;Turn-off bed

M84 X Y E ;Disable all steppers but Z
M82 ;absolute extrusion mode
M104 S0
;End of Gcode
;SETTING_3 {"global_quality": "[general]\\nversion = 4\\nname = 20240330 - Robot
;SETTING_3  build\\ndefinition = hellbot_magna_I\\n\\n[metadata]\\ntype = qualit
;SETTING_3 y_changes\\nquality_type = fast\\nsetting_version = 20\\n\\n[values]\
;SETTING_3 \nacceleration_enabled = True\\nadhesion_type = none\\njerk_enabled =
;SETTING_3  True\\njerk_travel_enabled = True\\nlayer_height = 0.2\\nremove_empt
;SETTING_3 y_first_layers = False\\nsmooth_spiralized_contours = False\\nsupport
;SETTING_3 _enable = False\\nsupport_type = everywhere\\n\\n", "extruder_quality
;SETTING_3 ": ["[general]\\nversion = 4\\nname = 20240330 - Robot build\\ndefini
;SETTING_3 tion = hellbot_magna_I\\n\\n[metadata]\\ntype = quality_changes\\nqua
;SETTING_3 lity_type = fast\\nintent_category = default\\nposition = 0\\nsetting
;SETTING_3 _version = 20\\n\\n[values]\\nhole_xy_offset = 0.25\\ninfill_sparse_d
;SETTING_3 ensity = 20\\nironing_enabled = True\\nironing_only_highest_layer = T
;SETTING_3 rue\\nline_width = 0.5\\nmeshfix_union_all = False\\nspeed_print = 50
;SETTING_3 \\nsupport_angle = 75\\ntop_bottom_thickness = 1.5\\nxy_offset_layer_
;SETTING_3 0 = -0.2\\n\\n"]}
