ISO-10303-21;
HEADER;
/* Generated by software containing ST-Developer
 * from STEP Tools, Inc. (www.steptools.com) 
 */

FILE_DESCRIPTION(
/* description */ (''),
/* implementation_level */ '2;1');

FILE_NAME(
/* name */ 'FEET LEFT.step',
/* time_stamp */ '2026-02-17T16:23:20-03:00',
/* author */ (''),
/* organization */ (''),
/* preprocessor_version */ 'ST-DEVELOPER v20.1',
/* originating_system */ 'Autodesk Translation Framework v14.21.0.0',
/* authorisation */ '');

FILE_SCHEMA (('AUTOMOTIVE_DESIGN { 1 0 10303 214 3 1 1 }'));
ENDSEC;

DATA;
#10=MECHANICAL_DESIGN_GEOMETRIC_PRESENTATION_REPRESENTATION('',(#15,#16,
#17),#2295);
#11=SHAPE_REPRESENTATION_RELATIONSHIP('SRR','None',#2302,#12);
#12=ADVANCED_BREP_SHAPE_REPRESENTATION('',(#18,#19,#20),#2294);
#13=CONICAL_SURFACE('',#1478,9.75,0.785398163397447);
#14=CONICAL_SURFACE('',#1500,9.75,0.785398163397448);
#15=STYLED_ITEM('',(#2311),#18);
#16=STYLED_ITEM('',(#2311),#19);
#17=STYLED_ITEM('',(#2311),#20);
#18=MANIFOLD_SOLID_BREP('Feet L',#1417);
#19=MANIFOLD_SOLID_BREP('Body3',#1418);
#20=MANIFOLD_SOLID_BREP('Body4',#1419);
#21=FACE_BOUND('',#174,.T.);
#22=FACE_BOUND('',#178,.T.);
#23=FACE_BOUND('',#220,.T.);
#24=FACE_BOUND('',#221,.T.);
#25=FACE_BOUND('',#222,.T.);
#26=FACE_BOUND('',#232,.T.);
#27=FACE_BOUND('',#233,.T.);
#28=FACE_BOUND('',#234,.T.);
#29=FACE_BOUND('',#248,.T.);
#30=FACE_BOUND('',#249,.T.);
#31=FACE_BOUND('',#250,.T.);
#32=FACE_BOUND('',#251,.T.);
#33=FACE_BOUND('',#252,.T.);
#34=FACE_BOUND('',#253,.T.);
#35=FACE_BOUND('',#254,.T.);
#36=FACE_BOUND('',#259,.T.);
#37=FACE_BOUND('',#260,.T.);
#38=FACE_BOUND('',#261,.T.);
#39=FACE_BOUND('',#262,.T.);
#40=FACE_BOUND('',#263,.T.);
#41=FACE_BOUND('',#264,.T.);
#42=FACE_BOUND('',#265,.T.);
#43=PLANE('',#1436);
#44=PLANE('',#1437);
#45=PLANE('',#1438);
#46=PLANE('',#1439);
#47=PLANE('',#1440);
#48=PLANE('',#1441);
#49=PLANE('',#1442);
#50=PLANE('',#1443);
#51=PLANE('',#1444);
#52=PLANE('',#1445);
#53=PLANE('',#1446);
#54=PLANE('',#1447);
#55=PLANE('',#1448);
#56=PLANE('',#1449);
#57=PLANE('',#1450);
#58=PLANE('',#1451);
#59=PLANE('',#1452);
#60=PLANE('',#1453);
#61=PLANE('',#1454);
#62=PLANE('',#1455);
#63=PLANE('',#1456);
#64=PLANE('',#1457);
#65=PLANE('',#1458);
#66=PLANE('',#1459);
#67=PLANE('',#1460);
#68=PLANE('',#1461);
#69=PLANE('',#1462);
#70=PLANE('',#1463);
#71=PLANE('',#1464);
#72=PLANE('',#1465);
#73=PLANE('',#1466);
#74=PLANE('',#1467);
#75=PLANE('',#1468);
#76=PLANE('',#1469);
#77=PLANE('',#1470);
#78=PLANE('',#1471);
#79=PLANE('',#1472);
#80=PLANE('',#1473);
#81=PLANE('',#1474);
#82=PLANE('',#1475);
#83=PLANE('',#1476);
#84=PLANE('',#1477);
#85=PLANE('',#1481);
#86=PLANE('',#1482);
#87=PLANE('',#1486);
#88=PLANE('',#1489);
#89=PLANE('',#1494);
#90=PLANE('',#1495);
#91=PLANE('',#1498);
#92=PLANE('',#1499);
#93=PLANE('',#1503);
#94=PLANE('',#1504);
#95=PLANE('',#1507);
#96=PLANE('',#1508);
#97=PLANE('',#1515);
#98=PLANE('',#1522);
#99=PLANE('',#1532);
#100=FACE_OUTER_BOUND('',#172,.T.);
#101=FACE_OUTER_BOUND('',#173,.T.);
#102=FACE_OUTER_BOUND('',#175,.T.);
#103=FACE_OUTER_BOUND('',#176,.T.);
#104=FACE_OUTER_BOUND('',#177,.T.);
#105=FACE_OUTER_BOUND('',#179,.T.);
#106=FACE_OUTER_BOUND('',#180,.T.);
#107=FACE_OUTER_BOUND('',#181,.T.);
#108=FACE_OUTER_BOUND('',#182,.T.);
#109=FACE_OUTER_BOUND('',#183,.T.);
#110=FACE_OUTER_BOUND('',#184,.T.);
#111=FACE_OUTER_BOUND('',#185,.T.);
#112=FACE_OUTER_BOUND('',#186,.T.);
#113=FACE_OUTER_BOUND('',#187,.T.);
#114=FACE_OUTER_BOUND('',#188,.T.);
#115=FACE_OUTER_BOUND('',#189,.T.);
#116=FACE_OUTER_BOUND('',#190,.T.);
#117=FACE_OUTER_BOUND('',#191,.T.);
#118=FACE_OUTER_BOUND('',#192,.T.);
#119=FACE_OUTER_BOUND('',#193,.T.);
#120=FACE_OUTER_BOUND('',#194,.T.);
#121=FACE_OUTER_BOUND('',#195,.T.);
#122=FACE_OUTER_BOUND('',#196,.T.);
#123=FACE_OUTER_BOUND('',#197,.T.);
#124=FACE_OUTER_BOUND('',#198,.T.);
#125=FACE_OUTER_BOUND('',#199,.T.);
#126=FACE_OUTER_BOUND('',#200,.T.);
#127=FACE_OUTER_BOUND('',#201,.T.);
#128=FACE_OUTER_BOUND('',#202,.T.);
#129=FACE_OUTER_BOUND('',#203,.T.);
#130=FACE_OUTER_BOUND('',#204,.T.);
#131=FACE_OUTER_BOUND('',#205,.T.);
#132=FACE_OUTER_BOUND('',#206,.T.);
#133=FACE_OUTER_BOUND('',#207,.T.);
#134=FACE_OUTER_BOUND('',#208,.T.);
#135=FACE_OUTER_BOUND('',#209,.T.);
#136=FACE_OUTER_BOUND('',#210,.T.);
#137=FACE_OUTER_BOUND('',#211,.T.);
#138=FACE_OUTER_BOUND('',#212,.T.);
#139=FACE_OUTER_BOUND('',#213,.T.);
#140=FACE_OUTER_BOUND('',#214,.T.);
#141=FACE_OUTER_BOUND('',#215,.T.);
#142=FACE_OUTER_BOUND('',#216,.T.);
#143=FACE_OUTER_BOUND('',#217,.T.);
#144=FACE_OUTER_BOUND('',#218,.T.);
#145=FACE_OUTER_BOUND('',#219,.T.);
#146=FACE_OUTER_BOUND('',#223,.T.);
#147=FACE_OUTER_BOUND('',#224,.T.);
#148=FACE_OUTER_BOUND('',#225,.T.);
#149=FACE_OUTER_BOUND('',#226,.T.);
#150=FACE_OUTER_BOUND('',#227,.T.);
#151=FACE_OUTER_BOUND('',#228,.T.);
#152=FACE_OUTER_BOUND('',#229,.T.);
#153=FACE_OUTER_BOUND('',#230,.T.);
#154=FACE_OUTER_BOUND('',#231,.T.);
#155=FACE_OUTER_BOUND('',#235,.T.);
#156=FACE_OUTER_BOUND('',#236,.T.);
#157=FACE_OUTER_BOUND('',#237,.T.);
#158=FACE_OUTER_BOUND('',#238,.T.);
#159=FACE_OUTER_BOUND('',#239,.T.);
#160=FACE_OUTER_BOUND('',#240,.T.);
#161=FACE_OUTER_BOUND('',#241,.T.);
#162=FACE_OUTER_BOUND('',#242,.T.);
#163=FACE_OUTER_BOUND('',#243,.T.);
#164=FACE_OUTER_BOUND('',#244,.T.);
#165=FACE_OUTER_BOUND('',#245,.T.);
#166=FACE_OUTER_BOUND('',#246,.T.);
#167=FACE_OUTER_BOUND('',#247,.T.);
#168=FACE_OUTER_BOUND('',#255,.T.);
#169=FACE_OUTER_BOUND('',#256,.T.);
#170=FACE_OUTER_BOUND('',#257,.T.);
#171=FACE_OUTER_BOUND('',#258,.T.);
#172=EDGE_LOOP('',(#944,#945,#946,#947));
#173=EDGE_LOOP('',(#948,#949,#950,#951));
#174=EDGE_LOOP('',(#952));
#175=EDGE_LOOP('',(#953,#954,#955,#956,#957,#958,#959,#960,#961));
#176=EDGE_LOOP('',(#962,#963,#964,#965,#966,#967,#968,#969,#970,#971,#972));
#177=EDGE_LOOP('',(#973,#974,#975,#976));
#178=EDGE_LOOP('',(#977));
#179=EDGE_LOOP('',(#978,#979,#980,#981,#982,#983,#984,#985,#986,#987,#988,
#989,#990,#991,#992,#993,#994,#995,#996,#997,#998,#999,#1000,#1001,#1002,
#1003,#1004,#1005));
#180=EDGE_LOOP('',(#1006,#1007,#1008));
#181=EDGE_LOOP('',(#1009,#1010,#1011));
#182=EDGE_LOOP('',(#1012,#1013,#1014));
#183=EDGE_LOOP('',(#1015,#1016,#1017));
#184=EDGE_LOOP('',(#1018,#1019,#1020,#1021,#1022,#1023));
#185=EDGE_LOOP('',(#1024,#1025,#1026,#1027,#1028,#1029));
#186=EDGE_LOOP('',(#1030,#1031,#1032,#1033));
#187=EDGE_LOOP('',(#1034,#1035,#1036,#1037,#1038,#1039));
#188=EDGE_LOOP('',(#1040,#1041,#1042,#1043));
#189=EDGE_LOOP('',(#1044,#1045,#1046,#1047,#1048,#1049));
#190=EDGE_LOOP('',(#1050,#1051,#1052,#1053));
#191=EDGE_LOOP('',(#1054,#1055,#1056,#1057));
#192=EDGE_LOOP('',(#1058,#1059,#1060,#1061,#1062,#1063));
#193=EDGE_LOOP('',(#1064,#1065,#1066,#1067,#1068,#1069,#1070,#1071,#1072,
#1073,#1074));
#194=EDGE_LOOP('',(#1075,#1076,#1077,#1078,#1079,#1080));
#195=EDGE_LOOP('',(#1081,#1082,#1083,#1084));
#196=EDGE_LOOP('',(#1085,#1086,#1087,#1088));
#197=EDGE_LOOP('',(#1089,#1090,#1091,#1092));
#198=EDGE_LOOP('',(#1093,#1094,#1095,#1096,#1097,#1098,#1099,#1100,#1101));
#199=EDGE_LOOP('',(#1102,#1103,#1104,#1105));
#200=EDGE_LOOP('',(#1106,#1107,#1108,#1109));
#201=EDGE_LOOP('',(#1110,#1111,#1112,#1113,#1114,#1115,#1116,#1117,#1118));
#202=EDGE_LOOP('',(#1119,#1120,#1121,#1122));
#203=EDGE_LOOP('',(#1123,#1124,#1125,#1126,#1127,#1128,#1129,#1130,#1131));
#204=EDGE_LOOP('',(#1132,#1133,#1134,#1135));
#205=EDGE_LOOP('',(#1136,#1137,#1138,#1139));
#206=EDGE_LOOP('',(#1140,#1141,#1142,#1143));
#207=EDGE_LOOP('',(#1144,#1145,#1146,#1147,#1148));
#208=EDGE_LOOP('',(#1149,#1150,#1151,#1152));
#209=EDGE_LOOP('',(#1153,#1154,#1155,#1156));
#210=EDGE_LOOP('',(#1157,#1158,#1159,#1160,#1161));
#211=EDGE_LOOP('',(#1162,#1163,#1164,#1165));
#212=EDGE_LOOP('',(#1166,#1167,#1168,#1169,#1170));
#213=EDGE_LOOP('',(#1171,#1172,#1173,#1174));
#214=EDGE_LOOP('',(#1175,#1176,#1177,#1178));
#215=EDGE_LOOP('',(#1179,#1180,#1181,#1182,#1183));
#216=EDGE_LOOP('',(#1184,#1185,#1186,#1187));
#217=EDGE_LOOP('',(#1188,#1189,#1190,#1191));
#218=EDGE_LOOP('',(#1192,#1193,#1194,#1195));
#219=EDGE_LOOP('',(#1196,#1197,#1198,#1199,#1200));
#220=EDGE_LOOP('',(#1201));
#221=EDGE_LOOP('',(#1202));
#222=EDGE_LOOP('',(#1203));
#223=EDGE_LOOP('',(#1204,#1205,#1206,#1207,#1208));
#224=EDGE_LOOP('',(#1209,#1210,#1211,#1212));
#225=EDGE_LOOP('',(#1213,#1214,#1215,#1216));
#226=EDGE_LOOP('',(#1217,#1218,#1219,#1220));
#227=EDGE_LOOP('',(#1221,#1222,#1223,#1224));
#228=EDGE_LOOP('',(#1225,#1226,#1227,#1228));
#229=EDGE_LOOP('',(#1229,#1230,#1231,#1232,#1233));
#230=EDGE_LOOP('',(#1234,#1235,#1236,#1237));
#231=EDGE_LOOP('',(#1238,#1239,#1240,#1241,#1242));
#232=EDGE_LOOP('',(#1243));
#233=EDGE_LOOP('',(#1244));
#234=EDGE_LOOP('',(#1245));
#235=EDGE_LOOP('',(#1246,#1247,#1248,#1249));
#236=EDGE_LOOP('',(#1250,#1251,#1252,#1253));
#237=EDGE_LOOP('',(#1254,#1255,#1256,#1257));
#238=EDGE_LOOP('',(#1258,#1259,#1260,#1261));
#239=EDGE_LOOP('',(#1262,#1263,#1264,#1265));
#240=EDGE_LOOP('',(#1266,#1267,#1268,#1269));
#241=EDGE_LOOP('',(#1270,#1271,#1272,#1273,#1274));
#242=EDGE_LOOP('',(#1275,#1276,#1277,#1278));
#243=EDGE_LOOP('',(#1279,#1280,#1281,#1282));
#244=EDGE_LOOP('',(#1283,#1284,#1285,#1286,#1287));
#245=EDGE_LOOP('',(#1288,#1289,#1290,#1291));
#246=EDGE_LOOP('',(#1292,#1293,#1294,#1295));
#247=EDGE_LOOP('',(#1296,#1297,#1298,#1299,#1300));
#248=EDGE_LOOP('',(#1301));
#249=EDGE_LOOP('',(#1302));
#250=EDGE_LOOP('',(#1303));
#251=EDGE_LOOP('',(#1304));
#252=EDGE_LOOP('',(#1305));
#253=EDGE_LOOP('',(#1306));
#254=EDGE_LOOP('',(#1307));
#255=EDGE_LOOP('',(#1308,#1309,#1310,#1311));
#256=EDGE_LOOP('',(#1312,#1313,#1314,#1315));
#257=EDGE_LOOP('',(#1316,#1317,#1318,#1319));
#258=EDGE_LOOP('',(#1320,#1321,#1322,#1323,#1324));
#259=EDGE_LOOP('',(#1325));
#260=EDGE_LOOP('',(#1326));
#261=EDGE_LOOP('',(#1327));
#262=EDGE_LOOP('',(#1328));
#263=EDGE_LOOP('',(#1329));
#264=EDGE_LOOP('',(#1330));
#265=EDGE_LOOP('',(#1331));
#266=LINE('',#1906,#432);
#267=LINE('',#1911,#433);
#268=LINE('',#1913,#434);
#269=LINE('',#1915,#435);
#270=LINE('',#1916,#436);
#271=LINE('',#1919,#437);
#272=LINE('',#1921,#438);
#273=LINE('',#1923,#439);
#274=LINE('',#1925,#440);
#275=LINE('',#1927,#441);
#276=LINE('',#1929,#442);
#277=LINE('',#1931,#443);
#278=LINE('',#1932,#444);
#279=LINE('',#1935,#445);
#280=LINE('',#1937,#446);
#281=LINE('',#1939,#447);
#282=LINE('',#1941,#448);
#283=LINE('',#1943,#449);
#284=LINE('',#1945,#450);
#285=LINE('',#1947,#451);
#286=LINE('',#1949,#452);
#287=LINE('',#1951,#453);
#288=LINE('',#1952,#454);
#289=LINE('',#1954,#455);
#290=LINE('',#1955,#456);
#291=LINE('',#1958,#457);
#292=LINE('',#1960,#458);
#293=LINE('',#1962,#459);
#294=LINE('',#1964,#460);
#295=LINE('',#1966,#461);
#296=LINE('',#1968,#462);
#297=LINE('',#1969,#463);
#298=LINE('',#1971,#464);
#299=LINE('',#1973,#465);
#300=LINE('',#1975,#466);
#301=LINE('',#1977,#467);
#302=LINE('',#1979,#468);
#303=LINE('',#1981,#469);
#304=LINE('',#1983,#470);
#305=LINE('',#1985,#471);
#306=LINE('',#1987,#472);
#307=LINE('',#1989,#473);
#308=LINE('',#1991,#474);
#309=LINE('',#1993,#475);
#310=LINE('',#1995,#476);
#311=LINE('',#1997,#477);
#312=LINE('',#1998,#478);
#313=LINE('',#2002,#479);
#314=LINE('',#2004,#480);
#315=LINE('',#2005,#481);
#316=LINE('',#2009,#482);
#317=LINE('',#2011,#483);
#318=LINE('',#2012,#484);
#319=LINE('',#2016,#485);
#320=LINE('',#2018,#486);
#321=LINE('',#2019,#487);
#322=LINE('',#2023,#488);
#323=LINE('',#2025,#489);
#324=LINE('',#2026,#490);
#325=LINE('',#2029,#491);
#326=LINE('',#2030,#492);
#327=LINE('',#2031,#493);
#328=LINE('',#2032,#494);
#329=LINE('',#2035,#495);
#330=LINE('',#2036,#496);
#331=LINE('',#2038,#497);
#332=LINE('',#2039,#498);
#333=LINE('',#2041,#499);
#334=LINE('',#2042,#500);
#335=LINE('',#2045,#501);
#336=LINE('',#2047,#502);
#337=LINE('',#2048,#503);
#338=LINE('',#2050,#504);
#339=LINE('',#2051,#505);
#340=LINE('',#2054,#506);
#341=LINE('',#2055,#507);
#342=LINE('',#2056,#508);
#343=LINE('',#2058,#509);
#344=LINE('',#2060,#510);
#345=LINE('',#2063,#511);
#346=LINE('',#2065,#512);
#347=LINE('',#2066,#513);
#348=LINE('',#2068,#514);
#349=LINE('',#2070,#515);
#350=LINE('',#2072,#516);
#351=LINE('',#2073,#517);
#352=LINE('',#2075,#518);
#353=LINE('',#2076,#519);
#354=LINE('',#2079,#520);
#355=LINE('',#2081,#521);
#356=LINE('',#2082,#522);
#357=LINE('',#2083,#523);
#358=LINE('',#2086,#524);
#359=LINE('',#2088,#525);
#360=LINE('',#2091,#526);
#361=LINE('',#2093,#527);
#362=LINE('',#2095,#528);
#363=LINE('',#2096,#529);
#364=LINE('',#2098,#530);
#365=LINE('',#2099,#531);
#366=LINE('',#2102,#532);
#367=LINE('',#2104,#533);
#368=LINE('',#2105,#534);
#369=LINE('',#2107,#535);
#370=LINE('',#2109,#536);
#371=LINE('',#2110,#537);
#372=LINE('',#2113,#538);
#373=LINE('',#2115,#539);
#374=LINE('',#2116,#540);
#375=LINE('',#2118,#541);
#376=LINE('',#2119,#542);
#377=LINE('',#2120,#543);
#378=LINE('',#2122,#544);
#379=LINE('',#2123,#545);
#380=LINE('',#2125,#546);
#381=LINE('',#2127,#547);
#382=LINE('',#2129,#548);
#383=LINE('',#2135,#549);
#384=LINE('',#2143,#550);
#385=LINE('',#2145,#551);
#386=LINE('',#2147,#552);
#387=LINE('',#2148,#553);
#388=LINE('',#2152,#554);
#389=LINE('',#2158,#555);
#390=LINE('',#2159,#556);
#391=LINE('',#2160,#557);
#392=LINE('',#2163,#558);
#393=LINE('',#2164,#559);
#394=LINE('',#2173,#560);
#395=LINE('',#2175,#561);
#396=LINE('',#2176,#562);
#397=LINE('',#2179,#563);
#398=LINE('',#2183,#564);
#399=LINE('',#2184,#565);
#400=LINE('',#2187,#566);
#401=LINE('',#2192,#567);
#402=LINE('',#2195,#568);
#403=LINE('',#2196,#569);
#404=LINE('',#2198,#570);
#405=LINE('',#2201,#571);
#406=LINE('',#2207,#572);
#407=LINE('',#2209,#573);
#408=LINE('',#2211,#574);
#409=LINE('',#2212,#575);
#410=LINE('',#2216,#576);
#411=LINE('',#2222,#577);
#412=LINE('',#2223,#578);
#413=LINE('',#2224,#579);
#414=LINE('',#2227,#580);
#415=LINE('',#2229,#581);
#416=LINE('',#2230,#582);
#417=LINE('',#2233,#583);
#418=LINE('',#2237,#584);
#419=LINE('',#2238,#585);
#420=LINE('',#2241,#586);
#421=LINE('',#2243,#587);
#422=LINE('',#2244,#588);
#423=LINE('',#2249,#589);
#424=LINE('',#2255,#590);
#425=LINE('',#2258,#591);
#426=LINE('',#2259,#592);
#427=LINE('',#2264,#593);
#428=LINE('',#2270,#594);
#429=LINE('',#2281,#595);
#430=LINE('',#2285,#596);
#431=LINE('',#2289,#597);
#432=VECTOR('',#1539,1.4);
#433=VECTOR('',#1544,12.958);
#434=VECTOR('',#1545,10.);
#435=VECTOR('',#1546,12.958);
#436=VECTOR('',#1547,10.);
#437=VECTOR('',#1550,12.958);
#438=VECTOR('',#1551,10.);
#439=VECTOR('',#1552,12.958);
#440=VECTOR('',#1553,12.958);
#441=VECTOR('',#1554,12.958);
#442=VECTOR('',#1555,12.958);
#443=VECTOR('',#1556,12.958);
#444=VECTOR('',#1557,12.958);
#445=VECTOR('',#1560,12.958);
#446=VECTOR('',#1561,12.958);
#447=VECTOR('',#1562,12.958);
#448=VECTOR('',#1563,12.958);
#449=VECTOR('',#1564,12.958);
#450=VECTOR('',#1565,12.958);
#451=VECTOR('',#1566,10.);
#452=VECTOR('',#1567,10.);
#453=VECTOR('',#1568,12.958);
#454=VECTOR('',#1569,12.958);
#455=VECTOR('',#1572,10.);
#456=VECTOR('',#1573,10.);
#457=VECTOR('',#1576,12.958);
#458=VECTOR('',#1577,12.958);
#459=VECTOR('',#1578,12.958);
#460=VECTOR('',#1579,12.958);
#461=VECTOR('',#1580,12.958);
#462=VECTOR('',#1581,12.958);
#463=VECTOR('',#1582,12.958);
#464=VECTOR('',#1583,12.958);
#465=VECTOR('',#1584,12.958);
#466=VECTOR('',#1585,12.958);
#467=VECTOR('',#1586,12.958);
#468=VECTOR('',#1587,12.958);
#469=VECTOR('',#1588,12.958);
#470=VECTOR('',#1589,12.958);
#471=VECTOR('',#1590,12.958);
#472=VECTOR('',#1591,12.958);
#473=VECTOR('',#1592,12.958);
#474=VECTOR('',#1593,12.958);
#475=VECTOR('',#1594,12.958);
#476=VECTOR('',#1595,12.958);
#477=VECTOR('',#1596,12.958);
#478=VECTOR('',#1597,12.958);
#479=VECTOR('',#1600,12.958);
#480=VECTOR('',#1601,12.958);
#481=VECTOR('',#1602,12.958);
#482=VECTOR('',#1605,12.958);
#483=VECTOR('',#1606,12.958);
#484=VECTOR('',#1607,12.958);
#485=VECTOR('',#1610,12.958);
#486=VECTOR('',#1611,12.958);
#487=VECTOR('',#1612,12.958);
#488=VECTOR('',#1615,12.958);
#489=VECTOR('',#1616,12.958);
#490=VECTOR('',#1617,12.958);
#491=VECTOR('',#1620,12.958);
#492=VECTOR('',#1621,12.958);
#493=VECTOR('',#1622,12.958);
#494=VECTOR('',#1623,12.958);
#495=VECTOR('',#1626,12.958);
#496=VECTOR('',#1627,12.958);
#497=VECTOR('',#1628,12.958);
#498=VECTOR('',#1629,12.958);
#499=VECTOR('',#1632,12.958);
#500=VECTOR('',#1633,12.958);
#501=VECTOR('',#1636,12.958);
#502=VECTOR('',#1637,12.958);
#503=VECTOR('',#1638,12.958);
#504=VECTOR('',#1641,12.958);
#505=VECTOR('',#1642,12.958);
#506=VECTOR('',#1645,12.958);
#507=VECTOR('',#1646,12.958);
#508=VECTOR('',#1647,12.958);
#509=VECTOR('',#1650,12.958);
#510=VECTOR('',#1653,12.958);
#511=VECTOR('',#1658,12.958);
#512=VECTOR('',#1659,12.958);
#513=VECTOR('',#1660,12.958);
#514=VECTOR('',#1661,12.958);
#515=VECTOR('',#1662,12.958);
#516=VECTOR('',#1663,12.958);
#517=VECTOR('',#1664,12.958);
#518=VECTOR('',#1665,12.958);
#519=VECTOR('',#1666,12.958);
#520=VECTOR('',#1669,12.958);
#521=VECTOR('',#1670,12.958);
#522=VECTOR('',#1671,12.958);
#523=VECTOR('',#1672,12.958);
#524=VECTOR('',#1677,12.958);
#525=VECTOR('',#1680,12.958);
#526=VECTOR('',#1683,12.958);
#527=VECTOR('',#1684,12.958);
#528=VECTOR('',#1685,12.958);
#529=VECTOR('',#1686,12.958);
#530=VECTOR('',#1689,12.958);
#531=VECTOR('',#1690,12.958);
#532=VECTOR('',#1693,12.958);
#533=VECTOR('',#1694,12.958);
#534=VECTOR('',#1695,12.958);
#535=VECTOR('',#1698,12.958);
#536=VECTOR('',#1699,12.958);
#537=VECTOR('',#1700,12.958);
#538=VECTOR('',#1703,12.958);
#539=VECTOR('',#1704,12.958);
#540=VECTOR('',#1705,12.958);
#541=VECTOR('',#1708,12.958);
#542=VECTOR('',#1709,12.958);
#543=VECTOR('',#1710,12.958);
#544=VECTOR('',#1711,12.958);
#545=VECTOR('',#1712,12.958);
#546=VECTOR('',#1715,12.958);
#547=VECTOR('',#1718,12.958);
#548=VECTOR('',#1721,12.958);
#549=VECTOR('',#1732,12.958);
#550=VECTOR('',#1743,10.);
#551=VECTOR('',#1744,10.);
#552=VECTOR('',#1745,10.);
#553=VECTOR('',#1746,10.);
#554=VECTOR('',#1749,10.);
#555=VECTOR('',#1756,10.);
#556=VECTOR('',#1757,10.);
#557=VECTOR('',#1758,10.);
#558=VECTOR('',#1761,10.);
#559=VECTOR('',#1762,10.);
#560=VECTOR('',#1771,10.);
#561=VECTOR('',#1772,10.);
#562=VECTOR('',#1773,10.);
#563=VECTOR('',#1776,1.5);
#564=VECTOR('',#1781,10.);
#565=VECTOR('',#1782,10.);
#566=VECTOR('',#1785,10.);
#567=VECTOR('',#1792,1.50000000000001);
#568=VECTOR('',#1795,10.);
#569=VECTOR('',#1796,10.);
#570=VECTOR('',#1799,10.);
#571=VECTOR('',#1802,4.7);
#572=VECTOR('',#1809,10.);
#573=VECTOR('',#1810,10.);
#574=VECTOR('',#1811,10.);
#575=VECTOR('',#1812,10.);
#576=VECTOR('',#1815,10.);
#577=VECTOR('',#1822,10.);
#578=VECTOR('',#1823,10.);
#579=VECTOR('',#1824,10.);
#580=VECTOR('',#1827,10.);
#581=VECTOR('',#1828,10.);
#582=VECTOR('',#1829,10.);
#583=VECTOR('',#1832,10.);
#584=VECTOR('',#1837,10.);
#585=VECTOR('',#1838,10.);
#586=VECTOR('',#1841,10.);
#587=VECTOR('',#1842,10.);
#588=VECTOR('',#1843,10.);
#589=VECTOR('',#1848,1.5);
#590=VECTOR('',#1855,1.50000000000001);
#591=VECTOR('',#1860,10.);
#592=VECTOR('',#1861,10.);
#593=VECTOR('',#1866,4.7);
#594=VECTOR('',#1873,1.9);
#595=VECTOR('',#1886,1.9);
#596=VECTOR('',#1891,1.9);
#597=VECTOR('',#1896,1.9);
#598=CIRCLE('',#1434,1.4);
#599=CIRCLE('',#1435,1.4);
#600=CIRCLE('',#1479,9.);
#601=CIRCLE('',#1480,10.5);
#602=CIRCLE('',#1483,4.);
#603=CIRCLE('',#1484,1.50000000000001);
#604=CIRCLE('',#1485,1.5);
#605=CIRCLE('',#1488,1.5);
#606=CIRCLE('',#1491,10.5);
#607=CIRCLE('',#1493,1.50000000000001);
#608=CIRCLE('',#1497,4.);
#609=CIRCLE('',#1501,9.);
#610=CIRCLE('',#1502,10.5);
#611=CIRCLE('',#1506,10.5);
#612=CIRCLE('',#1510,1.5);
#613=CIRCLE('',#1511,1.5);
#614=CIRCLE('',#1513,1.50000000000001);
#615=CIRCLE('',#1514,1.50000000000001);
#616=CIRCLE('',#1517,3.7);
#617=CIRCLE('',#1518,3.7);
#618=CIRCLE('',#1520,1.9);
#619=CIRCLE('',#1521,1.9);
#620=CIRCLE('',#1523,1.9);
#621=CIRCLE('',#1524,1.9);
#622=CIRCLE('',#1525,1.9);
#623=CIRCLE('',#1527,1.9);
#624=CIRCLE('',#1529,1.9);
#625=CIRCLE('',#1531,1.9);
#626=VERTEX_POINT('',#1903);
#627=VERTEX_POINT('',#1905);
#628=VERTEX_POINT('',#1909);
#629=VERTEX_POINT('',#1910);
#630=VERTEX_POINT('',#1912);
#631=VERTEX_POINT('',#1914);
#632=VERTEX_POINT('',#1918);
#633=VERTEX_POINT('',#1920);
#634=VERTEX_POINT('',#1922);
#635=VERTEX_POINT('',#1924);
#636=VERTEX_POINT('',#1926);
#637=VERTEX_POINT('',#1928);
#638=VERTEX_POINT('',#1930);
#639=VERTEX_POINT('',#1934);
#640=VERTEX_POINT('',#1936);
#641=VERTEX_POINT('',#1938);
#642=VERTEX_POINT('',#1940);
#643=VERTEX_POINT('',#1942);
#644=VERTEX_POINT('',#1944);
#645=VERTEX_POINT('',#1946);
#646=VERTEX_POINT('',#1948);
#647=VERTEX_POINT('',#1950);
#648=VERTEX_POINT('',#1957);
#649=VERTEX_POINT('',#1959);
#650=VERTEX_POINT('',#1961);
#651=VERTEX_POINT('',#1963);
#652=VERTEX_POINT('',#1965);
#653=VERTEX_POINT('',#1967);
#654=VERTEX_POINT('',#1970);
#655=VERTEX_POINT('',#1972);
#656=VERTEX_POINT('',#1974);
#657=VERTEX_POINT('',#1976);
#658=VERTEX_POINT('',#1978);
#659=VERTEX_POINT('',#1980);
#660=VERTEX_POINT('',#1982);
#661=VERTEX_POINT('',#1984);
#662=VERTEX_POINT('',#1986);
#663=VERTEX_POINT('',#1988);
#664=VERTEX_POINT('',#1990);
#665=VERTEX_POINT('',#1992);
#666=VERTEX_POINT('',#1994);
#667=VERTEX_POINT('',#1996);
#668=VERTEX_POINT('',#2000);
#669=VERTEX_POINT('',#2001);
#670=VERTEX_POINT('',#2003);
#671=VERTEX_POINT('',#2007);
#672=VERTEX_POINT('',#2008);
#673=VERTEX_POINT('',#2010);
#674=VERTEX_POINT('',#2014);
#675=VERTEX_POINT('',#2015);
#676=VERTEX_POINT('',#2017);
#677=VERTEX_POINT('',#2021);
#678=VERTEX_POINT('',#2022);
#679=VERTEX_POINT('',#2024);
#680=VERTEX_POINT('',#2028);
#681=VERTEX_POINT('',#2034);
#682=VERTEX_POINT('',#2037);
#683=VERTEX_POINT('',#2044);
#684=VERTEX_POINT('',#2046);
#685=VERTEX_POINT('',#2053);
#686=VERTEX_POINT('',#2064);
#687=VERTEX_POINT('',#2067);
#688=VERTEX_POINT('',#2069);
#689=VERTEX_POINT('',#2071);
#690=VERTEX_POINT('',#2074);
#691=VERTEX_POINT('',#2078);
#692=VERTEX_POINT('',#2080);
#693=VERTEX_POINT('',#2090);
#694=VERTEX_POINT('',#2092);
#695=VERTEX_POINT('',#2094);
#696=VERTEX_POINT('',#2101);
#697=VERTEX_POINT('',#2103);
#698=VERTEX_POINT('',#2108);
#699=VERTEX_POINT('',#2112);
#700=VERTEX_POINT('',#2114);
#701=VERTEX_POINT('',#2121);
#702=VERTEX_POINT('',#2141);
#703=VERTEX_POINT('',#2142);
#704=VERTEX_POINT('',#2144);
#705=VERTEX_POINT('',#2146);
#706=VERTEX_POINT('',#2150);
#707=VERTEX_POINT('',#2151);
#708=VERTEX_POINT('',#2156);
#709=VERTEX_POINT('',#2157);
#710=VERTEX_POINT('',#2162);
#711=VERTEX_POINT('',#2165);
#712=VERTEX_POINT('',#2167);
#713=VERTEX_POINT('',#2169);
#714=VERTEX_POINT('',#2172);
#715=VERTEX_POINT('',#2174);
#716=VERTEX_POINT('',#2178);
#717=VERTEX_POINT('',#2182);
#718=VERTEX_POINT('',#2186);
#719=VERTEX_POINT('',#2190);
#720=VERTEX_POINT('',#2194);
#721=VERTEX_POINT('',#2200);
#722=VERTEX_POINT('',#2205);
#723=VERTEX_POINT('',#2206);
#724=VERTEX_POINT('',#2208);
#725=VERTEX_POINT('',#2210);
#726=VERTEX_POINT('',#2214);
#727=VERTEX_POINT('',#2215);
#728=VERTEX_POINT('',#2220);
#729=VERTEX_POINT('',#2221);
#730=VERTEX_POINT('',#2226);
#731=VERTEX_POINT('',#2228);
#732=VERTEX_POINT('',#2232);
#733=VERTEX_POINT('',#2236);
#734=VERTEX_POINT('',#2240);
#735=VERTEX_POINT('',#2242);
#736=VERTEX_POINT('',#2246);
#737=VERTEX_POINT('',#2248);
#738=VERTEX_POINT('',#2252);
#739=VERTEX_POINT('',#2254);
#740=VERTEX_POINT('',#2261);
#741=VERTEX_POINT('',#2263);
#742=VERTEX_POINT('',#2267);
#743=VERTEX_POINT('',#2269);
#744=VERTEX_POINT('',#2273);
#745=VERTEX_POINT('',#2275);
#746=VERTEX_POINT('',#2277);
#747=VERTEX_POINT('',#2280);
#748=VERTEX_POINT('',#2284);
#749=VERTEX_POINT('',#2288);
#750=EDGE_CURVE('',#626,#626,#598,.T.);
#751=EDGE_CURVE('',#626,#627,#266,.T.);
#752=EDGE_CURVE('',#627,#627,#599,.T.);
#753=EDGE_CURVE('',#628,#629,#267,.T.);
#754=EDGE_CURVE('',#630,#629,#268,.T.);
#755=EDGE_CURVE('',#630,#631,#269,.T.);
#756=EDGE_CURVE('',#628,#631,#270,.T.);
#757=EDGE_CURVE('',#632,#631,#271,.T.);
#758=EDGE_CURVE('',#632,#633,#272,.T.);
#759=EDGE_CURVE('',#634,#633,#273,.T.);
#760=EDGE_CURVE('',#634,#635,#274,.T.);
#761=EDGE_CURVE('',#636,#635,#275,.T.);
#762=EDGE_CURVE('',#637,#636,#276,.T.);
#763=EDGE_CURVE('',#638,#637,#277,.T.);
#764=EDGE_CURVE('',#638,#628,#278,.T.);
#765=EDGE_CURVE('',#630,#639,#279,.T.);
#766=EDGE_CURVE('',#640,#629,#280,.T.);
#767=EDGE_CURVE('',#640,#641,#281,.T.);
#768=EDGE_CURVE('',#642,#641,#282,.T.);
#769=EDGE_CURVE('',#642,#643,#283,.F.);
#770=EDGE_CURVE('',#644,#643,#284,.T.);
#771=EDGE_CURVE('',#645,#644,#285,.T.);
#772=EDGE_CURVE('',#645,#646,#286,.T.);
#773=EDGE_CURVE('',#647,#646,#287,.T.);
#774=EDGE_CURVE('',#639,#647,#288,.T.);
#775=EDGE_CURVE('',#645,#633,#289,.T.);
#776=EDGE_CURVE('',#632,#646,#290,.T.);
#777=EDGE_CURVE('',#648,#644,#291,.T.);
#778=EDGE_CURVE('',#649,#648,#292,.T.);
#779=EDGE_CURVE('',#650,#649,#293,.T.);
#780=EDGE_CURVE('',#650,#651,#294,.T.);
#781=EDGE_CURVE('',#652,#651,#295,.T.);
#782=EDGE_CURVE('',#653,#652,#296,.T.);
#783=EDGE_CURVE('',#653,#640,#297,.T.);
#784=EDGE_CURVE('',#654,#638,#298,.T.);
#785=EDGE_CURVE('',#655,#654,#299,.T.);
#786=EDGE_CURVE('',#656,#655,#300,.T.);
#787=EDGE_CURVE('',#657,#656,#301,.T.);
#788=EDGE_CURVE('',#658,#657,#302,.T.);
#789=EDGE_CURVE('',#659,#658,#303,.T.);
#790=EDGE_CURVE('',#660,#659,#304,.T.);
#791=EDGE_CURVE('',#661,#660,#305,.T.);
#792=EDGE_CURVE('',#662,#661,#306,.T.);
#793=EDGE_CURVE('',#662,#663,#307,.F.);
#794=EDGE_CURVE('',#663,#664,#308,.T.);
#795=EDGE_CURVE('',#664,#665,#309,.T.);
#796=EDGE_CURVE('',#665,#666,#310,.T.);
#797=EDGE_CURVE('',#666,#667,#311,.T.);
#798=EDGE_CURVE('',#667,#634,#312,.T.);
#799=EDGE_CURVE('',#668,#669,#313,.T.);
#800=EDGE_CURVE('',#670,#668,#314,.T.);
#801=EDGE_CURVE('',#669,#670,#315,.T.);
#802=EDGE_CURVE('',#671,#672,#316,.T.);
#803=EDGE_CURVE('',#673,#671,#317,.T.);
#804=EDGE_CURVE('',#672,#673,#318,.T.);
#805=EDGE_CURVE('',#674,#675,#319,.T.);
#806=EDGE_CURVE('',#676,#674,#320,.T.);
#807=EDGE_CURVE('',#675,#676,#321,.T.);
#808=EDGE_CURVE('',#677,#678,#322,.T.);
#809=EDGE_CURVE('',#679,#677,#323,.T.);
#810=EDGE_CURVE('',#678,#679,#324,.T.);
#811=EDGE_CURVE('',#680,#668,#325,.T.);
#812=EDGE_CURVE('',#669,#652,#326,.T.);
#813=EDGE_CURVE('',#639,#651,#327,.T.);
#814=EDGE_CURVE('',#639,#680,#328,.F.);
#815=EDGE_CURVE('',#681,#671,#329,.T.);
#816=EDGE_CURVE('',#672,#662,#330,.T.);
#817=EDGE_CURVE('',#682,#661,#331,.T.);
#818=EDGE_CURVE('',#682,#681,#332,.F.);
#819=EDGE_CURVE('',#659,#674,#333,.T.);
#820=EDGE_CURVE('',#658,#676,#334,.T.);
#821=EDGE_CURVE('',#675,#683,#335,.T.);
#822=EDGE_CURVE('',#684,#683,#336,.T.);
#823=EDGE_CURVE('',#660,#684,#337,.T.);
#824=EDGE_CURVE('',#649,#677,#338,.T.);
#825=EDGE_CURVE('',#648,#679,#339,.T.);
#826=EDGE_CURVE('',#678,#685,#340,.T.);
#827=EDGE_CURVE('',#647,#685,#341,.T.);
#828=EDGE_CURVE('',#650,#647,#342,.T.);
#829=EDGE_CURVE('',#685,#680,#343,.T.);
#830=EDGE_CURVE('',#639,#647,#344,.T.);
#831=EDGE_CURVE('',#682,#684,#345,.T.);
#832=EDGE_CURVE('',#686,#682,#346,.T.);
#833=EDGE_CURVE('',#665,#686,#347,.T.);
#834=EDGE_CURVE('',#664,#687,#348,.T.);
#835=EDGE_CURVE('',#688,#687,#349,.T.);
#836=EDGE_CURVE('',#689,#688,#350,.T.);
#837=EDGE_CURVE('',#657,#689,#351,.T.);
#838=EDGE_CURVE('',#656,#690,#352,.T.);
#839=EDGE_CURVE('',#684,#690,#353,.T.);
#840=EDGE_CURVE('',#690,#691,#354,.T.);
#841=EDGE_CURVE('',#691,#692,#355,.T.);
#842=EDGE_CURVE('',#692,#686,#356,.T.);
#843=EDGE_CURVE('',#682,#684,#357,.T.);
#844=EDGE_CURVE('',#683,#681,#358,.T.);
#845=EDGE_CURVE('',#663,#673,#359,.T.);
#846=EDGE_CURVE('',#679,#693,#360,.T.);
#847=EDGE_CURVE('',#694,#693,#361,.T.);
#848=EDGE_CURVE('',#695,#694,#362,.T.);
#849=EDGE_CURVE('',#670,#695,#363,.T.);
#850=EDGE_CURVE('',#643,#693,#364,.T.);
#851=EDGE_CURVE('',#694,#642,#365,.T.);
#852=EDGE_CURVE('',#696,#687,#366,.T.);
#853=EDGE_CURVE('',#697,#696,#367,.F.);
#854=EDGE_CURVE('',#688,#697,#368,.T.);
#855=EDGE_CURVE('',#673,#696,#369,.T.);
#856=EDGE_CURVE('',#676,#698,#370,.T.);
#857=EDGE_CURVE('',#697,#698,#371,.T.);
#858=EDGE_CURVE('',#699,#635,#372,.T.);
#859=EDGE_CURVE('',#700,#699,#373,.F.);
#860=EDGE_CURVE('',#636,#700,#374,.T.);
#861=EDGE_CURVE('',#667,#699,#375,.T.);
#862=EDGE_CURVE('',#666,#692,#376,.T.);
#863=EDGE_CURVE('',#655,#691,#377,.T.);
#864=EDGE_CURVE('',#654,#701,#378,.T.);
#865=EDGE_CURVE('',#700,#701,#379,.T.);
#866=EDGE_CURVE('',#641,#695,#380,.T.);
#867=EDGE_CURVE('',#698,#689,#381,.T.);
#868=EDGE_CURVE('',#701,#637,#382,.T.);
#869=EDGE_CURVE('',#653,#670,#383,.T.);
#870=EDGE_CURVE('',#702,#703,#384,.T.);
#871=EDGE_CURVE('',#703,#704,#385,.T.);
#872=EDGE_CURVE('',#704,#705,#386,.T.);
#873=EDGE_CURVE('',#705,#702,#387,.T.);
#874=EDGE_CURVE('',#706,#707,#388,.T.);
#875=EDGE_CURVE('',#707,#705,#600,.T.);
#876=EDGE_CURVE('',#704,#706,#601,.T.);
#877=EDGE_CURVE('',#708,#709,#389,.T.);
#878=EDGE_CURVE('',#709,#707,#390,.T.);
#879=EDGE_CURVE('',#706,#708,#391,.T.);
#880=EDGE_CURVE('',#709,#710,#392,.T.);
#881=EDGE_CURVE('',#710,#702,#393,.T.);
#882=EDGE_CURVE('',#711,#711,#602,.T.);
#883=EDGE_CURVE('',#712,#712,#603,.T.);
#884=EDGE_CURVE('',#713,#713,#604,.T.);
#885=EDGE_CURVE('',#714,#708,#394,.T.);
#886=EDGE_CURVE('',#715,#714,#395,.T.);
#887=EDGE_CURVE('',#715,#710,#396,.T.);
#888=EDGE_CURVE('',#713,#716,#397,.T.);
#889=EDGE_CURVE('',#716,#716,#605,.T.);
#890=EDGE_CURVE('',#706,#717,#398,.T.);
#891=EDGE_CURVE('',#714,#717,#399,.T.);
#892=EDGE_CURVE('',#704,#718,#400,.T.);
#893=EDGE_CURVE('',#717,#718,#606,.T.);
#894=EDGE_CURVE('',#719,#719,#607,.T.);
#895=EDGE_CURVE('',#719,#712,#401,.T.);
#896=EDGE_CURVE('',#703,#720,#402,.T.);
#897=EDGE_CURVE('',#718,#720,#403,.T.);
#898=EDGE_CURVE('',#720,#715,#404,.T.);
#899=EDGE_CURVE('',#711,#721,#405,.T.);
#900=EDGE_CURVE('',#721,#721,#608,.T.);
#901=EDGE_CURVE('',#722,#723,#406,.T.);
#902=EDGE_CURVE('',#723,#724,#407,.T.);
#903=EDGE_CURVE('',#724,#725,#408,.T.);
#904=EDGE_CURVE('',#725,#722,#409,.T.);
#905=EDGE_CURVE('',#726,#727,#410,.T.);
#906=EDGE_CURVE('',#727,#725,#609,.T.);
#907=EDGE_CURVE('',#724,#726,#610,.T.);
#908=EDGE_CURVE('',#728,#729,#411,.T.);
#909=EDGE_CURVE('',#729,#727,#412,.T.);
#910=EDGE_CURVE('',#726,#728,#413,.T.);
#911=EDGE_CURVE('',#730,#726,#414,.T.);
#912=EDGE_CURVE('',#731,#730,#415,.T.);
#913=EDGE_CURVE('',#731,#728,#416,.T.);
#914=EDGE_CURVE('',#732,#724,#417,.T.);
#915=EDGE_CURVE('',#730,#732,#611,.T.);
#916=EDGE_CURVE('',#723,#733,#418,.T.);
#917=EDGE_CURVE('',#732,#733,#419,.T.);
#918=EDGE_CURVE('',#734,#722,#420,.T.);
#919=EDGE_CURVE('',#734,#735,#421,.T.);
#920=EDGE_CURVE('',#733,#735,#422,.T.);
#921=EDGE_CURVE('',#736,#736,#612,.T.);
#922=EDGE_CURVE('',#736,#737,#423,.T.);
#923=EDGE_CURVE('',#737,#737,#613,.T.);
#924=EDGE_CURVE('',#738,#738,#614,.T.);
#925=EDGE_CURVE('',#738,#739,#424,.T.);
#926=EDGE_CURVE('',#739,#739,#615,.T.);
#927=EDGE_CURVE('',#735,#731,#425,.T.);
#928=EDGE_CURVE('',#729,#734,#426,.T.);
#929=EDGE_CURVE('',#740,#740,#616,.T.);
#930=EDGE_CURVE('',#740,#741,#427,.T.);
#931=EDGE_CURVE('',#741,#741,#617,.T.);
#932=EDGE_CURVE('',#742,#742,#618,.T.);
#933=EDGE_CURVE('',#742,#743,#428,.T.);
#934=EDGE_CURVE('',#743,#743,#619,.T.);
#935=EDGE_CURVE('',#744,#744,#620,.T.);
#936=EDGE_CURVE('',#745,#745,#621,.T.);
#937=EDGE_CURVE('',#746,#746,#622,.T.);
#938=EDGE_CURVE('',#746,#747,#429,.T.);
#939=EDGE_CURVE('',#747,#747,#623,.T.);
#940=EDGE_CURVE('',#744,#748,#430,.T.);
#941=EDGE_CURVE('',#748,#748,#624,.T.);
#942=EDGE_CURVE('',#745,#749,#431,.T.);
#943=EDGE_CURVE('',#749,#749,#625,.T.);
#944=ORIENTED_EDGE('',*,*,#750,.F.);
#945=ORIENTED_EDGE('',*,*,#751,.T.);
#946=ORIENTED_EDGE('',*,*,#752,.F.);
#947=ORIENTED_EDGE('',*,*,#751,.F.);
#948=ORIENTED_EDGE('',*,*,#753,.T.);
#949=ORIENTED_EDGE('',*,*,#754,.F.);
#950=ORIENTED_EDGE('',*,*,#755,.T.);
#951=ORIENTED_EDGE('',*,*,#756,.F.);
#952=ORIENTED_EDGE('',*,*,#752,.T.);
#953=ORIENTED_EDGE('',*,*,#756,.T.);
#954=ORIENTED_EDGE('',*,*,#757,.F.);
#955=ORIENTED_EDGE('',*,*,#758,.T.);
#956=ORIENTED_EDGE('',*,*,#759,.F.);
#957=ORIENTED_EDGE('',*,*,#760,.T.);
#958=ORIENTED_EDGE('',*,*,#761,.F.);
#959=ORIENTED_EDGE('',*,*,#762,.F.);
#960=ORIENTED_EDGE('',*,*,#763,.F.);
#961=ORIENTED_EDGE('',*,*,#764,.T.);
#962=ORIENTED_EDGE('',*,*,#765,.F.);
#963=ORIENTED_EDGE('',*,*,#754,.T.);
#964=ORIENTED_EDGE('',*,*,#766,.F.);
#965=ORIENTED_EDGE('',*,*,#767,.T.);
#966=ORIENTED_EDGE('',*,*,#768,.F.);
#967=ORIENTED_EDGE('',*,*,#769,.T.);
#968=ORIENTED_EDGE('',*,*,#770,.F.);
#969=ORIENTED_EDGE('',*,*,#771,.F.);
#970=ORIENTED_EDGE('',*,*,#772,.T.);
#971=ORIENTED_EDGE('',*,*,#773,.F.);
#972=ORIENTED_EDGE('',*,*,#774,.F.);
#973=ORIENTED_EDGE('',*,*,#775,.T.);
#974=ORIENTED_EDGE('',*,*,#758,.F.);
#975=ORIENTED_EDGE('',*,*,#776,.T.);
#976=ORIENTED_EDGE('',*,*,#772,.F.);
#977=ORIENTED_EDGE('',*,*,#750,.T.);
#978=ORIENTED_EDGE('',*,*,#759,.T.);
#979=ORIENTED_EDGE('',*,*,#775,.F.);
#980=ORIENTED_EDGE('',*,*,#771,.T.);
#981=ORIENTED_EDGE('',*,*,#777,.F.);
#982=ORIENTED_EDGE('',*,*,#778,.F.);
#983=ORIENTED_EDGE('',*,*,#779,.F.);
#984=ORIENTED_EDGE('',*,*,#780,.T.);
#985=ORIENTED_EDGE('',*,*,#781,.F.);
#986=ORIENTED_EDGE('',*,*,#782,.F.);
#987=ORIENTED_EDGE('',*,*,#783,.T.);
#988=ORIENTED_EDGE('',*,*,#766,.T.);
#989=ORIENTED_EDGE('',*,*,#753,.F.);
#990=ORIENTED_EDGE('',*,*,#764,.F.);
#991=ORIENTED_EDGE('',*,*,#784,.F.);
#992=ORIENTED_EDGE('',*,*,#785,.F.);
#993=ORIENTED_EDGE('',*,*,#786,.F.);
#994=ORIENTED_EDGE('',*,*,#787,.F.);
#995=ORIENTED_EDGE('',*,*,#788,.F.);
#996=ORIENTED_EDGE('',*,*,#789,.F.);
#997=ORIENTED_EDGE('',*,*,#790,.F.);
#998=ORIENTED_EDGE('',*,*,#791,.F.);
#999=ORIENTED_EDGE('',*,*,#792,.F.);
#1000=ORIENTED_EDGE('',*,*,#793,.T.);
#1001=ORIENTED_EDGE('',*,*,#794,.T.);
#1002=ORIENTED_EDGE('',*,*,#795,.T.);
#1003=ORIENTED_EDGE('',*,*,#796,.T.);
#1004=ORIENTED_EDGE('',*,*,#797,.T.);
#1005=ORIENTED_EDGE('',*,*,#798,.T.);
#1006=ORIENTED_EDGE('',*,*,#799,.F.);
#1007=ORIENTED_EDGE('',*,*,#800,.F.);
#1008=ORIENTED_EDGE('',*,*,#801,.F.);
#1009=ORIENTED_EDGE('',*,*,#802,.F.);
#1010=ORIENTED_EDGE('',*,*,#803,.F.);
#1011=ORIENTED_EDGE('',*,*,#804,.F.);
#1012=ORIENTED_EDGE('',*,*,#805,.F.);
#1013=ORIENTED_EDGE('',*,*,#806,.F.);
#1014=ORIENTED_EDGE('',*,*,#807,.F.);
#1015=ORIENTED_EDGE('',*,*,#808,.F.);
#1016=ORIENTED_EDGE('',*,*,#809,.F.);
#1017=ORIENTED_EDGE('',*,*,#810,.F.);
#1018=ORIENTED_EDGE('',*,*,#811,.T.);
#1019=ORIENTED_EDGE('',*,*,#799,.T.);
#1020=ORIENTED_EDGE('',*,*,#812,.T.);
#1021=ORIENTED_EDGE('',*,*,#781,.T.);
#1022=ORIENTED_EDGE('',*,*,#813,.F.);
#1023=ORIENTED_EDGE('',*,*,#814,.T.);
#1024=ORIENTED_EDGE('',*,*,#815,.T.);
#1025=ORIENTED_EDGE('',*,*,#802,.T.);
#1026=ORIENTED_EDGE('',*,*,#816,.T.);
#1027=ORIENTED_EDGE('',*,*,#792,.T.);
#1028=ORIENTED_EDGE('',*,*,#817,.F.);
#1029=ORIENTED_EDGE('',*,*,#818,.T.);
#1030=ORIENTED_EDGE('',*,*,#806,.T.);
#1031=ORIENTED_EDGE('',*,*,#819,.F.);
#1032=ORIENTED_EDGE('',*,*,#789,.T.);
#1033=ORIENTED_EDGE('',*,*,#820,.T.);
#1034=ORIENTED_EDGE('',*,*,#805,.T.);
#1035=ORIENTED_EDGE('',*,*,#821,.T.);
#1036=ORIENTED_EDGE('',*,*,#822,.F.);
#1037=ORIENTED_EDGE('',*,*,#823,.F.);
#1038=ORIENTED_EDGE('',*,*,#790,.T.);
#1039=ORIENTED_EDGE('',*,*,#819,.T.);
#1040=ORIENTED_EDGE('',*,*,#809,.T.);
#1041=ORIENTED_EDGE('',*,*,#824,.F.);
#1042=ORIENTED_EDGE('',*,*,#778,.T.);
#1043=ORIENTED_EDGE('',*,*,#825,.T.);
#1044=ORIENTED_EDGE('',*,*,#808,.T.);
#1045=ORIENTED_EDGE('',*,*,#826,.T.);
#1046=ORIENTED_EDGE('',*,*,#827,.F.);
#1047=ORIENTED_EDGE('',*,*,#828,.F.);
#1048=ORIENTED_EDGE('',*,*,#779,.T.);
#1049=ORIENTED_EDGE('',*,*,#824,.T.);
#1050=ORIENTED_EDGE('',*,*,#814,.F.);
#1051=ORIENTED_EDGE('',*,*,#774,.T.);
#1052=ORIENTED_EDGE('',*,*,#827,.T.);
#1053=ORIENTED_EDGE('',*,*,#829,.T.);
#1054=ORIENTED_EDGE('',*,*,#813,.T.);
#1055=ORIENTED_EDGE('',*,*,#780,.F.);
#1056=ORIENTED_EDGE('',*,*,#828,.T.);
#1057=ORIENTED_EDGE('',*,*,#830,.F.);
#1058=ORIENTED_EDGE('',*,*,#757,.T.);
#1059=ORIENTED_EDGE('',*,*,#755,.F.);
#1060=ORIENTED_EDGE('',*,*,#765,.T.);
#1061=ORIENTED_EDGE('',*,*,#830,.T.);
#1062=ORIENTED_EDGE('',*,*,#773,.T.);
#1063=ORIENTED_EDGE('',*,*,#776,.F.);
#1064=ORIENTED_EDGE('',*,*,#831,.F.);
#1065=ORIENTED_EDGE('',*,*,#832,.F.);
#1066=ORIENTED_EDGE('',*,*,#833,.F.);
#1067=ORIENTED_EDGE('',*,*,#795,.F.);
#1068=ORIENTED_EDGE('',*,*,#834,.T.);
#1069=ORIENTED_EDGE('',*,*,#835,.F.);
#1070=ORIENTED_EDGE('',*,*,#836,.F.);
#1071=ORIENTED_EDGE('',*,*,#837,.F.);
#1072=ORIENTED_EDGE('',*,*,#787,.T.);
#1073=ORIENTED_EDGE('',*,*,#838,.T.);
#1074=ORIENTED_EDGE('',*,*,#839,.F.);
#1075=ORIENTED_EDGE('',*,*,#839,.T.);
#1076=ORIENTED_EDGE('',*,*,#840,.T.);
#1077=ORIENTED_EDGE('',*,*,#841,.T.);
#1078=ORIENTED_EDGE('',*,*,#842,.T.);
#1079=ORIENTED_EDGE('',*,*,#832,.T.);
#1080=ORIENTED_EDGE('',*,*,#843,.T.);
#1081=ORIENTED_EDGE('',*,*,#823,.T.);
#1082=ORIENTED_EDGE('',*,*,#843,.F.);
#1083=ORIENTED_EDGE('',*,*,#817,.T.);
#1084=ORIENTED_EDGE('',*,*,#791,.T.);
#1085=ORIENTED_EDGE('',*,*,#822,.T.);
#1086=ORIENTED_EDGE('',*,*,#844,.T.);
#1087=ORIENTED_EDGE('',*,*,#818,.F.);
#1088=ORIENTED_EDGE('',*,*,#831,.T.);
#1089=ORIENTED_EDGE('',*,*,#804,.T.);
#1090=ORIENTED_EDGE('',*,*,#845,.F.);
#1091=ORIENTED_EDGE('',*,*,#793,.F.);
#1092=ORIENTED_EDGE('',*,*,#816,.F.);
#1093=ORIENTED_EDGE('',*,*,#846,.T.);
#1094=ORIENTED_EDGE('',*,*,#847,.F.);
#1095=ORIENTED_EDGE('',*,*,#848,.F.);
#1096=ORIENTED_EDGE('',*,*,#849,.F.);
#1097=ORIENTED_EDGE('',*,*,#800,.T.);
#1098=ORIENTED_EDGE('',*,*,#811,.F.);
#1099=ORIENTED_EDGE('',*,*,#829,.F.);
#1100=ORIENTED_EDGE('',*,*,#826,.F.);
#1101=ORIENTED_EDGE('',*,*,#810,.T.);
#1102=ORIENTED_EDGE('',*,*,#850,.F.);
#1103=ORIENTED_EDGE('',*,*,#769,.F.);
#1104=ORIENTED_EDGE('',*,*,#851,.F.);
#1105=ORIENTED_EDGE('',*,*,#847,.T.);
#1106=ORIENTED_EDGE('',*,*,#852,.F.);
#1107=ORIENTED_EDGE('',*,*,#853,.F.);
#1108=ORIENTED_EDGE('',*,*,#854,.F.);
#1109=ORIENTED_EDGE('',*,*,#835,.T.);
#1110=ORIENTED_EDGE('',*,*,#855,.F.);
#1111=ORIENTED_EDGE('',*,*,#803,.T.);
#1112=ORIENTED_EDGE('',*,*,#815,.F.);
#1113=ORIENTED_EDGE('',*,*,#844,.F.);
#1114=ORIENTED_EDGE('',*,*,#821,.F.);
#1115=ORIENTED_EDGE('',*,*,#807,.T.);
#1116=ORIENTED_EDGE('',*,*,#856,.T.);
#1117=ORIENTED_EDGE('',*,*,#857,.F.);
#1118=ORIENTED_EDGE('',*,*,#853,.T.);
#1119=ORIENTED_EDGE('',*,*,#858,.F.);
#1120=ORIENTED_EDGE('',*,*,#859,.F.);
#1121=ORIENTED_EDGE('',*,*,#860,.F.);
#1122=ORIENTED_EDGE('',*,*,#761,.T.);
#1123=ORIENTED_EDGE('',*,*,#861,.F.);
#1124=ORIENTED_EDGE('',*,*,#797,.F.);
#1125=ORIENTED_EDGE('',*,*,#862,.T.);
#1126=ORIENTED_EDGE('',*,*,#841,.F.);
#1127=ORIENTED_EDGE('',*,*,#863,.F.);
#1128=ORIENTED_EDGE('',*,*,#785,.T.);
#1129=ORIENTED_EDGE('',*,*,#864,.T.);
#1130=ORIENTED_EDGE('',*,*,#865,.F.);
#1131=ORIENTED_EDGE('',*,*,#859,.T.);
#1132=ORIENTED_EDGE('',*,*,#866,.T.);
#1133=ORIENTED_EDGE('',*,*,#848,.T.);
#1134=ORIENTED_EDGE('',*,*,#851,.T.);
#1135=ORIENTED_EDGE('',*,*,#768,.T.);
#1136=ORIENTED_EDGE('',*,*,#867,.T.);
#1137=ORIENTED_EDGE('',*,*,#836,.T.);
#1138=ORIENTED_EDGE('',*,*,#854,.T.);
#1139=ORIENTED_EDGE('',*,*,#857,.T.);
#1140=ORIENTED_EDGE('',*,*,#868,.T.);
#1141=ORIENTED_EDGE('',*,*,#762,.T.);
#1142=ORIENTED_EDGE('',*,*,#860,.T.);
#1143=ORIENTED_EDGE('',*,*,#865,.T.);
#1144=ORIENTED_EDGE('',*,*,#834,.F.);
#1145=ORIENTED_EDGE('',*,*,#794,.F.);
#1146=ORIENTED_EDGE('',*,*,#845,.T.);
#1147=ORIENTED_EDGE('',*,*,#855,.T.);
#1148=ORIENTED_EDGE('',*,*,#852,.T.);
#1149=ORIENTED_EDGE('',*,*,#796,.F.);
#1150=ORIENTED_EDGE('',*,*,#833,.T.);
#1151=ORIENTED_EDGE('',*,*,#842,.F.);
#1152=ORIENTED_EDGE('',*,*,#862,.F.);
#1153=ORIENTED_EDGE('',*,*,#760,.F.);
#1154=ORIENTED_EDGE('',*,*,#798,.F.);
#1155=ORIENTED_EDGE('',*,*,#861,.T.);
#1156=ORIENTED_EDGE('',*,*,#858,.T.);
#1157=ORIENTED_EDGE('',*,*,#846,.F.);
#1158=ORIENTED_EDGE('',*,*,#825,.F.);
#1159=ORIENTED_EDGE('',*,*,#777,.T.);
#1160=ORIENTED_EDGE('',*,*,#770,.T.);
#1161=ORIENTED_EDGE('',*,*,#850,.T.);
#1162=ORIENTED_EDGE('',*,*,#801,.T.);
#1163=ORIENTED_EDGE('',*,*,#869,.F.);
#1164=ORIENTED_EDGE('',*,*,#782,.T.);
#1165=ORIENTED_EDGE('',*,*,#812,.F.);
#1166=ORIENTED_EDGE('',*,*,#783,.F.);
#1167=ORIENTED_EDGE('',*,*,#869,.T.);
#1168=ORIENTED_EDGE('',*,*,#849,.T.);
#1169=ORIENTED_EDGE('',*,*,#866,.F.);
#1170=ORIENTED_EDGE('',*,*,#767,.F.);
#1171=ORIENTED_EDGE('',*,*,#784,.T.);
#1172=ORIENTED_EDGE('',*,*,#763,.T.);
#1173=ORIENTED_EDGE('',*,*,#868,.F.);
#1174=ORIENTED_EDGE('',*,*,#864,.F.);
#1175=ORIENTED_EDGE('',*,*,#786,.T.);
#1176=ORIENTED_EDGE('',*,*,#863,.T.);
#1177=ORIENTED_EDGE('',*,*,#840,.F.);
#1178=ORIENTED_EDGE('',*,*,#838,.F.);
#1179=ORIENTED_EDGE('',*,*,#788,.T.);
#1180=ORIENTED_EDGE('',*,*,#837,.T.);
#1181=ORIENTED_EDGE('',*,*,#867,.F.);
#1182=ORIENTED_EDGE('',*,*,#856,.F.);
#1183=ORIENTED_EDGE('',*,*,#820,.F.);
#1184=ORIENTED_EDGE('',*,*,#870,.T.);
#1185=ORIENTED_EDGE('',*,*,#871,.T.);
#1186=ORIENTED_EDGE('',*,*,#872,.T.);
#1187=ORIENTED_EDGE('',*,*,#873,.T.);
#1188=ORIENTED_EDGE('',*,*,#874,.T.);
#1189=ORIENTED_EDGE('',*,*,#875,.T.);
#1190=ORIENTED_EDGE('',*,*,#872,.F.);
#1191=ORIENTED_EDGE('',*,*,#876,.T.);
#1192=ORIENTED_EDGE('',*,*,#877,.T.);
#1193=ORIENTED_EDGE('',*,*,#878,.T.);
#1194=ORIENTED_EDGE('',*,*,#874,.F.);
#1195=ORIENTED_EDGE('',*,*,#879,.T.);
#1196=ORIENTED_EDGE('',*,*,#873,.F.);
#1197=ORIENTED_EDGE('',*,*,#875,.F.);
#1198=ORIENTED_EDGE('',*,*,#878,.F.);
#1199=ORIENTED_EDGE('',*,*,#880,.T.);
#1200=ORIENTED_EDGE('',*,*,#881,.T.);
#1201=ORIENTED_EDGE('',*,*,#882,.F.);
#1202=ORIENTED_EDGE('',*,*,#883,.T.);
#1203=ORIENTED_EDGE('',*,*,#884,.T.);
#1204=ORIENTED_EDGE('',*,*,#877,.F.);
#1205=ORIENTED_EDGE('',*,*,#885,.F.);
#1206=ORIENTED_EDGE('',*,*,#886,.F.);
#1207=ORIENTED_EDGE('',*,*,#887,.T.);
#1208=ORIENTED_EDGE('',*,*,#880,.F.);
#1209=ORIENTED_EDGE('',*,*,#884,.F.);
#1210=ORIENTED_EDGE('',*,*,#888,.T.);
#1211=ORIENTED_EDGE('',*,*,#889,.F.);
#1212=ORIENTED_EDGE('',*,*,#888,.F.);
#1213=ORIENTED_EDGE('',*,*,#879,.F.);
#1214=ORIENTED_EDGE('',*,*,#890,.T.);
#1215=ORIENTED_EDGE('',*,*,#891,.F.);
#1216=ORIENTED_EDGE('',*,*,#885,.T.);
#1217=ORIENTED_EDGE('',*,*,#876,.F.);
#1218=ORIENTED_EDGE('',*,*,#892,.T.);
#1219=ORIENTED_EDGE('',*,*,#893,.F.);
#1220=ORIENTED_EDGE('',*,*,#890,.F.);
#1221=ORIENTED_EDGE('',*,*,#894,.F.);
#1222=ORIENTED_EDGE('',*,*,#895,.T.);
#1223=ORIENTED_EDGE('',*,*,#883,.F.);
#1224=ORIENTED_EDGE('',*,*,#895,.F.);
#1225=ORIENTED_EDGE('',*,*,#871,.F.);
#1226=ORIENTED_EDGE('',*,*,#896,.T.);
#1227=ORIENTED_EDGE('',*,*,#897,.F.);
#1228=ORIENTED_EDGE('',*,*,#892,.F.);
#1229=ORIENTED_EDGE('',*,*,#870,.F.);
#1230=ORIENTED_EDGE('',*,*,#881,.F.);
#1231=ORIENTED_EDGE('',*,*,#887,.F.);
#1232=ORIENTED_EDGE('',*,*,#898,.F.);
#1233=ORIENTED_EDGE('',*,*,#896,.F.);
#1234=ORIENTED_EDGE('',*,*,#882,.T.);
#1235=ORIENTED_EDGE('',*,*,#899,.T.);
#1236=ORIENTED_EDGE('',*,*,#900,.T.);
#1237=ORIENTED_EDGE('',*,*,#899,.F.);
#1238=ORIENTED_EDGE('',*,*,#897,.T.);
#1239=ORIENTED_EDGE('',*,*,#898,.T.);
#1240=ORIENTED_EDGE('',*,*,#886,.T.);
#1241=ORIENTED_EDGE('',*,*,#891,.T.);
#1242=ORIENTED_EDGE('',*,*,#893,.T.);
#1243=ORIENTED_EDGE('',*,*,#889,.T.);
#1244=ORIENTED_EDGE('',*,*,#894,.T.);
#1245=ORIENTED_EDGE('',*,*,#900,.F.);
#1246=ORIENTED_EDGE('',*,*,#901,.T.);
#1247=ORIENTED_EDGE('',*,*,#902,.T.);
#1248=ORIENTED_EDGE('',*,*,#903,.T.);
#1249=ORIENTED_EDGE('',*,*,#904,.T.);
#1250=ORIENTED_EDGE('',*,*,#905,.T.);
#1251=ORIENTED_EDGE('',*,*,#906,.T.);
#1252=ORIENTED_EDGE('',*,*,#903,.F.);
#1253=ORIENTED_EDGE('',*,*,#907,.T.);
#1254=ORIENTED_EDGE('',*,*,#908,.T.);
#1255=ORIENTED_EDGE('',*,*,#909,.T.);
#1256=ORIENTED_EDGE('',*,*,#905,.F.);
#1257=ORIENTED_EDGE('',*,*,#910,.T.);
#1258=ORIENTED_EDGE('',*,*,#910,.F.);
#1259=ORIENTED_EDGE('',*,*,#911,.F.);
#1260=ORIENTED_EDGE('',*,*,#912,.F.);
#1261=ORIENTED_EDGE('',*,*,#913,.T.);
#1262=ORIENTED_EDGE('',*,*,#907,.F.);
#1263=ORIENTED_EDGE('',*,*,#914,.F.);
#1264=ORIENTED_EDGE('',*,*,#915,.F.);
#1265=ORIENTED_EDGE('',*,*,#911,.T.);
#1266=ORIENTED_EDGE('',*,*,#902,.F.);
#1267=ORIENTED_EDGE('',*,*,#916,.T.);
#1268=ORIENTED_EDGE('',*,*,#917,.F.);
#1269=ORIENTED_EDGE('',*,*,#914,.T.);
#1270=ORIENTED_EDGE('',*,*,#901,.F.);
#1271=ORIENTED_EDGE('',*,*,#918,.F.);
#1272=ORIENTED_EDGE('',*,*,#919,.T.);
#1273=ORIENTED_EDGE('',*,*,#920,.F.);
#1274=ORIENTED_EDGE('',*,*,#916,.F.);
#1275=ORIENTED_EDGE('',*,*,#921,.F.);
#1276=ORIENTED_EDGE('',*,*,#922,.T.);
#1277=ORIENTED_EDGE('',*,*,#923,.F.);
#1278=ORIENTED_EDGE('',*,*,#922,.F.);
#1279=ORIENTED_EDGE('',*,*,#924,.F.);
#1280=ORIENTED_EDGE('',*,*,#925,.T.);
#1281=ORIENTED_EDGE('',*,*,#926,.F.);
#1282=ORIENTED_EDGE('',*,*,#925,.F.);
#1283=ORIENTED_EDGE('',*,*,#908,.F.);
#1284=ORIENTED_EDGE('',*,*,#913,.F.);
#1285=ORIENTED_EDGE('',*,*,#927,.F.);
#1286=ORIENTED_EDGE('',*,*,#919,.F.);
#1287=ORIENTED_EDGE('',*,*,#928,.F.);
#1288=ORIENTED_EDGE('',*,*,#929,.T.);
#1289=ORIENTED_EDGE('',*,*,#930,.T.);
#1290=ORIENTED_EDGE('',*,*,#931,.T.);
#1291=ORIENTED_EDGE('',*,*,#930,.F.);
#1292=ORIENTED_EDGE('',*,*,#932,.T.);
#1293=ORIENTED_EDGE('',*,*,#933,.T.);
#1294=ORIENTED_EDGE('',*,*,#934,.T.);
#1295=ORIENTED_EDGE('',*,*,#933,.F.);
#1296=ORIENTED_EDGE('',*,*,#915,.T.);
#1297=ORIENTED_EDGE('',*,*,#917,.T.);
#1298=ORIENTED_EDGE('',*,*,#920,.T.);
#1299=ORIENTED_EDGE('',*,*,#927,.T.);
#1300=ORIENTED_EDGE('',*,*,#912,.T.);
#1301=ORIENTED_EDGE('',*,*,#921,.T.);
#1302=ORIENTED_EDGE('',*,*,#926,.T.);
#1303=ORIENTED_EDGE('',*,*,#935,.F.);
#1304=ORIENTED_EDGE('',*,*,#929,.F.);
#1305=ORIENTED_EDGE('',*,*,#936,.F.);
#1306=ORIENTED_EDGE('',*,*,#932,.F.);
#1307=ORIENTED_EDGE('',*,*,#937,.F.);
#1308=ORIENTED_EDGE('',*,*,#937,.T.);
#1309=ORIENTED_EDGE('',*,*,#938,.T.);
#1310=ORIENTED_EDGE('',*,*,#939,.T.);
#1311=ORIENTED_EDGE('',*,*,#938,.F.);
#1312=ORIENTED_EDGE('',*,*,#935,.T.);
#1313=ORIENTED_EDGE('',*,*,#940,.T.);
#1314=ORIENTED_EDGE('',*,*,#941,.T.);
#1315=ORIENTED_EDGE('',*,*,#940,.F.);
#1316=ORIENTED_EDGE('',*,*,#936,.T.);
#1317=ORIENTED_EDGE('',*,*,#942,.T.);
#1318=ORIENTED_EDGE('',*,*,#943,.T.);
#1319=ORIENTED_EDGE('',*,*,#942,.F.);
#1320=ORIENTED_EDGE('',*,*,#909,.F.);
#1321=ORIENTED_EDGE('',*,*,#928,.T.);
#1322=ORIENTED_EDGE('',*,*,#918,.T.);
#1323=ORIENTED_EDGE('',*,*,#904,.F.);
#1324=ORIENTED_EDGE('',*,*,#906,.F.);
#1325=ORIENTED_EDGE('',*,*,#923,.T.);
#1326=ORIENTED_EDGE('',*,*,#924,.T.);
#1327=ORIENTED_EDGE('',*,*,#931,.F.);
#1328=ORIENTED_EDGE('',*,*,#934,.F.);
#1329=ORIENTED_EDGE('',*,*,#941,.F.);
#1330=ORIENTED_EDGE('',*,*,#943,.F.);
#1331=ORIENTED_EDGE('',*,*,#939,.F.);
#1332=CYLINDRICAL_SURFACE('',#1433,1.4);
#1333=CYLINDRICAL_SURFACE('',#1487,1.5);
#1334=CYLINDRICAL_SURFACE('',#1490,10.5);
#1335=CYLINDRICAL_SURFACE('',#1492,1.50000000000001);
#1336=CYLINDRICAL_SURFACE('',#1496,4.);
#1337=CYLINDRICAL_SURFACE('',#1505,10.5);
#1338=CYLINDRICAL_SURFACE('',#1509,1.5);
#1339=CYLINDRICAL_SURFACE('',#1512,1.50000000000001);
#1340=CYLINDRICAL_SURFACE('',#1516,3.7);
#1341=CYLINDRICAL_SURFACE('',#1519,1.9);
#1342=CYLINDRICAL_SURFACE('',#1526,1.9);
#1343=CYLINDRICAL_SURFACE('',#1528,1.9);
#1344=CYLINDRICAL_SURFACE('',#1530,1.9);
#1345=ADVANCED_FACE('',(#100),#1332,.F.);
#1346=ADVANCED_FACE('',(#101,#21),#43,.T.);
#1347=ADVANCED_FACE('',(#102),#44,.T.);
#1348=ADVANCED_FACE('',(#103),#45,.T.);
#1349=ADVANCED_FACE('',(#104,#22),#46,.T.);
#1350=ADVANCED_FACE('',(#105),#47,.T.);
#1351=ADVANCED_FACE('',(#106),#48,.F.);
#1352=ADVANCED_FACE('',(#107),#49,.F.);
#1353=ADVANCED_FACE('',(#108),#50,.F.);
#1354=ADVANCED_FACE('',(#109),#51,.F.);
#1355=ADVANCED_FACE('',(#110),#52,.T.);
#1356=ADVANCED_FACE('',(#111),#53,.T.);
#1357=ADVANCED_FACE('',(#112),#54,.T.);
#1358=ADVANCED_FACE('',(#113),#55,.T.);
#1359=ADVANCED_FACE('',(#114),#56,.T.);
#1360=ADVANCED_FACE('',(#115),#57,.T.);
#1361=ADVANCED_FACE('',(#116),#58,.F.);
#1362=ADVANCED_FACE('',(#117),#59,.T.);
#1363=ADVANCED_FACE('',(#118),#60,.T.);
#1364=ADVANCED_FACE('',(#119),#61,.T.);
#1365=ADVANCED_FACE('',(#120),#62,.T.);
#1366=ADVANCED_FACE('',(#121),#63,.T.);
#1367=ADVANCED_FACE('',(#122),#64,.F.);
#1368=ADVANCED_FACE('',(#123),#65,.T.);
#1369=ADVANCED_FACE('',(#124),#66,.F.);
#1370=ADVANCED_FACE('',(#125),#67,.F.);
#1371=ADVANCED_FACE('',(#126),#68,.F.);
#1372=ADVANCED_FACE('',(#127),#69,.F.);
#1373=ADVANCED_FACE('',(#128),#70,.F.);
#1374=ADVANCED_FACE('',(#129),#71,.T.);
#1375=ADVANCED_FACE('',(#130),#72,.T.);
#1376=ADVANCED_FACE('',(#131),#73,.T.);
#1377=ADVANCED_FACE('',(#132),#74,.T.);
#1378=ADVANCED_FACE('',(#133),#75,.T.);
#1379=ADVANCED_FACE('',(#134),#76,.T.);
#1380=ADVANCED_FACE('',(#135),#77,.T.);
#1381=ADVANCED_FACE('',(#136),#78,.T.);
#1382=ADVANCED_FACE('',(#137),#79,.T.);
#1383=ADVANCED_FACE('',(#138),#80,.T.);
#1384=ADVANCED_FACE('',(#139),#81,.T.);
#1385=ADVANCED_FACE('',(#140),#82,.T.);
#1386=ADVANCED_FACE('',(#141),#83,.T.);
#1387=ADVANCED_FACE('',(#142),#84,.T.);
#1388=ADVANCED_FACE('',(#143),#13,.T.);
#1389=ADVANCED_FACE('',(#144),#85,.T.);
#1390=ADVANCED_FACE('',(#145,#23,#24,#25),#86,.T.);
#1391=ADVANCED_FACE('',(#146),#87,.T.);
#1392=ADVANCED_FACE('',(#147),#1333,.F.);
#1393=ADVANCED_FACE('',(#148),#88,.T.);
#1394=ADVANCED_FACE('',(#149),#1334,.T.);
#1395=ADVANCED_FACE('',(#150),#1335,.F.);
#1396=ADVANCED_FACE('',(#151),#89,.F.);
#1397=ADVANCED_FACE('',(#152),#90,.F.);
#1398=ADVANCED_FACE('',(#153),#1336,.F.);
#1399=ADVANCED_FACE('',(#154,#26,#27,#28),#91,.T.);
#1400=ADVANCED_FACE('',(#155),#92,.T.);
#1401=ADVANCED_FACE('',(#156),#14,.T.);
#1402=ADVANCED_FACE('',(#157),#93,.T.);
#1403=ADVANCED_FACE('',(#158),#94,.F.);
#1404=ADVANCED_FACE('',(#159),#1337,.T.);
#1405=ADVANCED_FACE('',(#160),#95,.T.);
#1406=ADVANCED_FACE('',(#161),#96,.T.);
#1407=ADVANCED_FACE('',(#162),#1338,.F.);
#1408=ADVANCED_FACE('',(#163),#1339,.F.);
#1409=ADVANCED_FACE('',(#164),#97,.F.);
#1410=ADVANCED_FACE('',(#165),#1340,.F.);
#1411=ADVANCED_FACE('',(#166),#1341,.F.);
#1412=ADVANCED_FACE('',(#167,#29,#30,#31,#32,#33,#34,#35),#98,.T.);
#1413=ADVANCED_FACE('',(#168),#1342,.F.);
#1414=ADVANCED_FACE('',(#169),#1343,.F.);
#1415=ADVANCED_FACE('',(#170),#1344,.F.);
#1416=ADVANCED_FACE('',(#171,#36,#37,#38,#39,#40,#41,#42),#99,.T.);
#1417=CLOSED_SHELL('',(#1345,#1346,#1347,#1348,#1349,#1350,#1351,#1352,
#1353,#1354,#1355,#1356,#1357,#1358,#1359,#1360,#1361,#1362,#1363,#1364,
#1365,#1366,#1367,#1368,#1369,#1370,#1371,#1372,#1373,#1374,#1375,#1376,
#1377,#1378,#1379,#1380,#1381,#1382,#1383,#1384,#1385,#1386));
#1418=CLOSED_SHELL('',(#1387,#1388,#1389,#1390,#1391,#1392,#1393,#1394,
#1395,#1396,#1397,#1398,#1399));
#1419=CLOSED_SHELL('',(#1400,#1401,#1402,#1403,#1404,#1405,#1406,#1407,
#1408,#1409,#1410,#1411,#1412,#1413,#1414,#1415,#1416));
#1420=DERIVED_UNIT_ELEMENT(#1422,1.);
#1421=DERIVED_UNIT_ELEMENT(#2297,-3.);
#1422=(
MASS_UNIT()
NAMED_UNIT(*)
SI_UNIT(.KILO.,.GRAM.)
);
#1423=DERIVED_UNIT((#1420,#1421));
#1424=MEASURE_REPRESENTATION_ITEM('density measure',
POSITIVE_RATIO_MEASURE(7850.),#1423);
#1425=PROPERTY_DEFINITION_REPRESENTATION(#1430,#1427);
#1426=PROPERTY_DEFINITION_REPRESENTATION(#1431,#1428);
#1427=REPRESENTATION('material name',(#1429),#2294);
#1428=REPRESENTATION('density',(#1424),#2294);
#1429=DESCRIPTIVE_REPRESENTATION_ITEM('Steel','Steel');
#1430=PROPERTY_DEFINITION('material property','material name',#2304);
#1431=PROPERTY_DEFINITION('material property','density of part',#2304);
#1432=AXIS2_PLACEMENT_3D('',#1901,#1533,#1534);
#1433=AXIS2_PLACEMENT_3D('',#1902,#1535,#1536);
#1434=AXIS2_PLACEMENT_3D('',#1904,#1537,#1538);
#1435=AXIS2_PLACEMENT_3D('',#1907,#1540,#1541);
#1436=AXIS2_PLACEMENT_3D('',#1908,#1542,#1543);
#1437=AXIS2_PLACEMENT_3D('',#1917,#1548,#1549);
#1438=AXIS2_PLACEMENT_3D('',#1933,#1558,#1559);
#1439=AXIS2_PLACEMENT_3D('',#1953,#1570,#1571);
#1440=AXIS2_PLACEMENT_3D('',#1956,#1574,#1575);
#1441=AXIS2_PLACEMENT_3D('',#1999,#1598,#1599);
#1442=AXIS2_PLACEMENT_3D('',#2006,#1603,#1604);
#1443=AXIS2_PLACEMENT_3D('',#2013,#1608,#1609);
#1444=AXIS2_PLACEMENT_3D('',#2020,#1613,#1614);
#1445=AXIS2_PLACEMENT_3D('',#2027,#1618,#1619);
#1446=AXIS2_PLACEMENT_3D('',#2033,#1624,#1625);
#1447=AXIS2_PLACEMENT_3D('',#2040,#1630,#1631);
#1448=AXIS2_PLACEMENT_3D('',#2043,#1634,#1635);
#1449=AXIS2_PLACEMENT_3D('',#2049,#1639,#1640);
#1450=AXIS2_PLACEMENT_3D('',#2052,#1643,#1644);
#1451=AXIS2_PLACEMENT_3D('',#2057,#1648,#1649);
#1452=AXIS2_PLACEMENT_3D('',#2059,#1651,#1652);
#1453=AXIS2_PLACEMENT_3D('',#2061,#1654,#1655);
#1454=AXIS2_PLACEMENT_3D('',#2062,#1656,#1657);
#1455=AXIS2_PLACEMENT_3D('',#2077,#1667,#1668);
#1456=AXIS2_PLACEMENT_3D('',#2084,#1673,#1674);
#1457=AXIS2_PLACEMENT_3D('',#2085,#1675,#1676);
#1458=AXIS2_PLACEMENT_3D('',#2087,#1678,#1679);
#1459=AXIS2_PLACEMENT_3D('',#2089,#1681,#1682);
#1460=AXIS2_PLACEMENT_3D('',#2097,#1687,#1688);
#1461=AXIS2_PLACEMENT_3D('',#2100,#1691,#1692);
#1462=AXIS2_PLACEMENT_3D('',#2106,#1696,#1697);
#1463=AXIS2_PLACEMENT_3D('',#2111,#1701,#1702);
#1464=AXIS2_PLACEMENT_3D('',#2117,#1706,#1707);
#1465=AXIS2_PLACEMENT_3D('',#2124,#1713,#1714);
#1466=AXIS2_PLACEMENT_3D('',#2126,#1716,#1717);
#1467=AXIS2_PLACEMENT_3D('',#2128,#1719,#1720);
#1468=AXIS2_PLACEMENT_3D('',#2130,#1722,#1723);
#1469=AXIS2_PLACEMENT_3D('',#2131,#1724,#1725);
#1470=AXIS2_PLACEMENT_3D('',#2132,#1726,#1727);
#1471=AXIS2_PLACEMENT_3D('',#2133,#1728,#1729);
#1472=AXIS2_PLACEMENT_3D('',#2134,#1730,#1731);
#1473=AXIS2_PLACEMENT_3D('',#2136,#1733,#1734);
#1474=AXIS2_PLACEMENT_3D('',#2137,#1735,#1736);
#1475=AXIS2_PLACEMENT_3D('',#2138,#1737,#1738);
#1476=AXIS2_PLACEMENT_3D('',#2139,#1739,#1740);
#1477=AXIS2_PLACEMENT_3D('',#2140,#1741,#1742);
#1478=AXIS2_PLACEMENT_3D('',#2149,#1747,#1748);
#1479=AXIS2_PLACEMENT_3D('',#2153,#1750,#1751);
#1480=AXIS2_PLACEMENT_3D('',#2154,#1752,#1753);
#1481=AXIS2_PLACEMENT_3D('',#2155,#1754,#1755);
#1482=AXIS2_PLACEMENT_3D('',#2161,#1759,#1760);
#1483=AXIS2_PLACEMENT_3D('',#2166,#1763,#1764);
#1484=AXIS2_PLACEMENT_3D('',#2168,#1765,#1766);
#1485=AXIS2_PLACEMENT_3D('',#2170,#1767,#1768);
#1486=AXIS2_PLACEMENT_3D('',#2171,#1769,#1770);
#1487=AXIS2_PLACEMENT_3D('',#2177,#1774,#1775);
#1488=AXIS2_PLACEMENT_3D('',#2180,#1777,#1778);
#1489=AXIS2_PLACEMENT_3D('',#2181,#1779,#1780);
#1490=AXIS2_PLACEMENT_3D('',#2185,#1783,#1784);
#1491=AXIS2_PLACEMENT_3D('',#2188,#1786,#1787);
#1492=AXIS2_PLACEMENT_3D('',#2189,#1788,#1789);
#1493=AXIS2_PLACEMENT_3D('',#2191,#1790,#1791);
#1494=AXIS2_PLACEMENT_3D('',#2193,#1793,#1794);
#1495=AXIS2_PLACEMENT_3D('',#2197,#1797,#1798);
#1496=AXIS2_PLACEMENT_3D('',#2199,#1800,#1801);
#1497=AXIS2_PLACEMENT_3D('',#2202,#1803,#1804);
#1498=AXIS2_PLACEMENT_3D('',#2203,#1805,#1806);
#1499=AXIS2_PLACEMENT_3D('',#2204,#1807,#1808);
#1500=AXIS2_PLACEMENT_3D('',#2213,#1813,#1814);
#1501=AXIS2_PLACEMENT_3D('',#2217,#1816,#1817);
#1502=AXIS2_PLACEMENT_3D('',#2218,#1818,#1819);
#1503=AXIS2_PLACEMENT_3D('',#2219,#1820,#1821);
#1504=AXIS2_PLACEMENT_3D('',#2225,#1825,#1826);
#1505=AXIS2_PLACEMENT_3D('',#2231,#1830,#1831);
#1506=AXIS2_PLACEMENT_3D('',#2234,#1833,#1834);
#1507=AXIS2_PLACEMENT_3D('',#2235,#1835,#1836);
#1508=AXIS2_PLACEMENT_3D('',#2239,#1839,#1840);
#1509=AXIS2_PLACEMENT_3D('',#2245,#1844,#1845);
#1510=AXIS2_PLACEMENT_3D('',#2247,#1846,#1847);
#1511=AXIS2_PLACEMENT_3D('',#2250,#1849,#1850);
#1512=AXIS2_PLACEMENT_3D('',#2251,#1851,#1852);
#1513=AXIS2_PLACEMENT_3D('',#2253,#1853,#1854);
#1514=AXIS2_PLACEMENT_3D('',#2256,#1856,#1857);
#1515=AXIS2_PLACEMENT_3D('',#2257,#1858,#1859);
#1516=AXIS2_PLACEMENT_3D('',#2260,#1862,#1863);
#1517=AXIS2_PLACEMENT_3D('',#2262,#1864,#1865);
#1518=AXIS2_PLACEMENT_3D('',#2265,#1867,#1868);
#1519=AXIS2_PLACEMENT_3D('',#2266,#1869,#1870);
#1520=AXIS2_PLACEMENT_3D('',#2268,#1871,#1872);
#1521=AXIS2_PLACEMENT_3D('',#2271,#1874,#1875);
#1522=AXIS2_PLACEMENT_3D('',#2272,#1876,#1877);
#1523=AXIS2_PLACEMENT_3D('',#2274,#1878,#1879);
#1524=AXIS2_PLACEMENT_3D('',#2276,#1880,#1881);
#1525=AXIS2_PLACEMENT_3D('',#2278,#1882,#1883);
#1526=AXIS2_PLACEMENT_3D('',#2279,#1884,#1885);
#1527=AXIS2_PLACEMENT_3D('',#2282,#1887,#1888);
#1528=AXIS2_PLACEMENT_3D('',#2283,#1889,#1890);
#1529=AXIS2_PLACEMENT_3D('',#2286,#1892,#1893);
#1530=AXIS2_PLACEMENT_3D('',#2287,#1894,#1895);
#1531=AXIS2_PLACEMENT_3D('',#2290,#1897,#1898);
#1532=AXIS2_PLACEMENT_3D('',#2291,#1899,#1900);
#1533=DIRECTION('axis',(0.,0.,1.));
#1534=DIRECTION('refdir',(1.,0.,0.));
#1535=DIRECTION('center_axis',(0.,0.,-1.));
#1536=DIRECTION('ref_axis',(0.,1.,0.));
#1537=DIRECTION('center_axis',(0.,0.,-1.));
#1538=DIRECTION('ref_axis',(0.,1.,0.));
#1539=DIRECTION('',(0.,0.,-1.));
#1540=DIRECTION('center_axis',(0.,0.,1.));
#1541=DIRECTION('ref_axis',(0.,1.,0.));
#1542=DIRECTION('center_axis',(0.,0.,-1.));
#1543=DIRECTION('ref_axis',(-1.,0.,0.));
#1544=DIRECTION('',(-1.,1.73562417268647E-14,4.61405206910023E-17));
#1545=DIRECTION('',(-1.74813867085769E-14,-1.,0.));
#1546=DIRECTION('',(1.,-1.73562417268647E-14,-4.61405206910023E-17));
#1547=DIRECTION('',(1.74813867085769E-14,1.,0.));
#1548=DIRECTION('center_axis',(-1.,1.74813867085769E-14,4.61405206910022E-17));
#1549=DIRECTION('ref_axis',(4.61405206910106E-17,4.83457236520812E-16,1.));
#1550=DIRECTION('',(-4.6140520691012E-17,-5.55111512312612E-16,-1.));
#1551=DIRECTION('',(-1.74813867085769E-14,-1.,0.));
#1552=DIRECTION('',(-4.61405206910106E-17,-4.83457236520812E-16,-1.));
#1553=DIRECTION('',(1.74813867085769E-14,1.,-5.55111512312612E-16));
#1554=DIRECTION('',(-2.99017140253075E-15,-0.17364817766693,0.984807753012208));
#1555=DIRECTION('',(4.6140520691012E-17,5.55111512312612E-16,1.));
#1556=DIRECTION('',(1.74813867085769E-14,1.,-5.55111512312612E-16));
#1557=DIRECTION('',(4.61405206910106E-17,4.83457236520814E-16,1.));
#1558=DIRECTION('center_axis',(1.,-1.74813867085769E-14,-4.61405206910022E-17));
#1559=DIRECTION('ref_axis',(-4.61405206910106E-17,-4.83457236520812E-16,
-1.));
#1560=DIRECTION('',(4.61405206910106E-17,4.83457236520812E-16,1.));
#1561=DIRECTION('',(4.61405206910106E-17,4.83457236520812E-16,1.));
#1562=DIRECTION('',(1.74813867085769E-14,1.,-5.55111512312612E-16));
#1563=DIRECTION('',(-4.61405206910112E-17,-5.55111512312612E-16,-1.));
#1564=DIRECTION('',(2.99017140253075E-15,0.17364817766693,-0.984807753012208));
#1565=DIRECTION('',(1.74813867085769E-14,1.,-5.55111512312612E-16));
#1566=DIRECTION('',(8.45150290868016E-30,4.83457236520807E-16,1.));
#1567=DIRECTION('',(1.74813867085769E-14,1.,0.));
#1568=DIRECTION('',(4.61405206910106E-17,4.83457236520812E-16,1.));
#1569=DIRECTION('',(4.61405206910106E-17,4.83457236520812E-16,1.));
#1570=DIRECTION('center_axis',(0.,0.,1.));
#1571=DIRECTION('ref_axis',(1.,0.,0.));
#1572=DIRECTION('',(1.,-1.73562417268647E-14,-4.61405206910023E-17));
#1573=DIRECTION('',(-1.,1.74813867085769E-14,4.61405206910022E-17));
#1574=DIRECTION('center_axis',(-1.73562417268647E-14,-1.,4.83457236520807E-16));
#1575=DIRECTION('ref_axis',(1.,-1.73562417268647E-14,-4.61405206910023E-17));
#1576=DIRECTION('',(1.,-1.73562417268647E-14,-4.61405206910023E-17));
#1577=DIRECTION('',(0.258819045102521,-4.02514207965385E-15,0.965925826289068));
#1578=DIRECTION('',(-0.60876142900872,1.09493629293487E-14,0.793353340291235));
#1579=DIRECTION('',(-4.61405206910106E-17,-4.83457236520812E-16,-1.));
#1580=DIRECTION('',(0.608761429008721,-1.01822581023852E-14,0.793353340291235));
#1581=DIRECTION('',(-0.258819045102521,4.95910974097743E-15,0.965925826289068));
#1582=DIRECTION('',(1.,-1.73562417268647E-14,-4.61405206910023E-17));
#1583=DIRECTION('',(-1.,1.73562417268647E-14,4.61405206910023E-17));
#1584=DIRECTION('',(-4.61405206910106E-17,-4.83457236520812E-16,-1.));
#1585=DIRECTION('',(-1.,1.73562417268647E-14,4.61405206910023E-17));
#1586=DIRECTION('',(4.61405206910106E-17,4.83457236520812E-16,1.));
#1587=DIRECTION('',(-1.,1.73562417268647E-14,4.61405206910023E-17));
#1588=DIRECTION('',(-0.258819045102521,4.02514207965385E-15,-0.965925826289068));
#1589=DIRECTION('',(0.608761429008721,-1.09493629293487E-14,-0.793353340291235));
#1590=DIRECTION('',(-4.61405206910106E-17,-4.83457236520812E-16,-1.));
#1591=DIRECTION('',(-0.608761429008721,1.01822581023852E-14,-0.793353340291235));
#1592=DIRECTION('',(0.258819045102521,-4.95910974097743E-15,-0.965925826289068));
#1593=DIRECTION('',(-1.,1.73562417268647E-14,4.61405206910023E-17));
#1594=DIRECTION('',(-4.61405206910106E-17,-4.83457236520812E-16,-1.));
#1595=DIRECTION('',(-1.,1.73562417268647E-14,4.61405206910023E-17));
#1596=DIRECTION('',(4.61405206910106E-17,4.83457236520812E-16,1.));
#1597=DIRECTION('',(-1.,1.73562417268647E-14,4.61405206910023E-17));
#1598=DIRECTION('center_axis',(-1.73333569719602E-14,-1.,5.55111512312612E-16));
#1599=DIRECTION('ref_axis',(-4.6140520691005E-17,-5.55111512312611E-16,
-1.));
#1600=DIRECTION('',(-0.608761429008721,1.01114795872414E-14,-0.793353340291235));
#1601=DIRECTION('',(4.61405206910112E-17,5.55111512312612E-16,1.));
#1602=DIRECTION('',(0.258819045102521,-5.022399446117E-15,-0.965925826289068));
#1603=DIRECTION('center_axis',(-1.73333569719602E-14,-1.,6.66133814775128E-16));
#1604=DIRECTION('ref_axis',(-4.61405206910055E-17,-6.66133814775127E-16,
-1.));
#1605=DIRECTION('',(0.608761429008721,-1.0023399672736E-14,0.793353340291235));
#1606=DIRECTION('',(-4.61405206910116E-17,-5.55111512312612E-16,-1.));
#1607=DIRECTION('',(-0.258819045102521,5.12963875535962E-15,0.965925826289068));
#1608=DIRECTION('center_axis',(-1.73333569719602E-14,-1.,4.44089209850096E-16));
#1609=DIRECTION('ref_axis',(-4.61405206910044E-17,-4.44089209850096E-16,
-1.));
#1610=DIRECTION('',(-0.608761429008721,1.09041988177906E-14,0.793353340291235));
#1611=DIRECTION('',(0.258819045102521,-4.05724566293335E-15,0.965925826289068));
#1612=DIRECTION('',(-4.61405206910116E-17,-5.55111512312612E-16,-1.));
#1613=DIRECTION('center_axis',(-1.73333569719602E-14,-1.,8.88178419700159E-16));
#1614=DIRECTION('ref_axis',(-4.61405206910066E-17,-8.88178419700158E-16,
-1.));
#1615=DIRECTION('',(0.60876142900872,-1.12565184758125E-14,-0.793353340291235));
#1616=DIRECTION('',(-0.258819045102521,3.62828842596287E-15,-0.965925826289068));
#1617=DIRECTION('',(4.61405206910112E-17,5.55111512312612E-16,1.));
#1618=DIRECTION('center_axis',(-0.793353340291235,1.42068470156669E-14,
0.608761429008721));
#1619=DIRECTION('ref_axis',(0.608761429008721,-2.98223646388977E-15,0.793353340291235));
#1620=DIRECTION('',(-1.73333569719602E-14,-1.,7.48027621006487E-16));
#1621=DIRECTION('',(-1.74813867085769E-14,-1.,5.55111512312612E-16));
#1622=DIRECTION('',(-1.74813867085769E-14,-1.,5.55111512312612E-16));
#1623=DIRECTION('',(0.608761429008721,-1.020159438124E-14,0.793353340291235));
#1624=DIRECTION('center_axis',(0.793353340291235,-1.42068470156669E-14,
-0.608761429008721));
#1625=DIRECTION('ref_axis',(-0.608761429008721,2.98223646388977E-15,-0.793353340291235));
#1626=DIRECTION('',(-1.73333569719602E-14,-1.,7.48027621006489E-16));
#1627=DIRECTION('',(-1.74813867085769E-14,-1.,5.55111512312612E-16));
#1628=DIRECTION('',(-1.74813867085769E-14,-1.,5.55111512312611E-16));
#1629=DIRECTION('',(-0.608761429008721,1.020159438124E-14,-0.793353340291235));
#1630=DIRECTION('center_axis',(0.965925826289068,-1.70293963327031E-14,
-0.258819045102521));
#1631=DIRECTION('ref_axis',(-0.258819045102521,4.05997354456044E-15,-0.965925826289068));
#1632=DIRECTION('',(1.74813867085769E-14,1.,-5.55111512312612E-16));
#1633=DIRECTION('',(1.74813867085769E-14,1.,-5.55111512312612E-16));
#1634=DIRECTION('center_axis',(0.793353340291235,-1.35309860606777E-14,
0.608761429008721));
#1635=DIRECTION('ref_axis',(0.608761429008721,-2.98223646388982E-15,-0.793353340291235));
#1636=DIRECTION('',(1.73333569719602E-14,1.,-3.62195403618734E-16));
#1637=DIRECTION('',(0.608761429008721,-1.10823935262947E-14,-0.793353340291235));
#1638=DIRECTION('',(1.74813867085769E-14,1.,-5.55111512312612E-16));
#1639=DIRECTION('center_axis',(-0.965925826289068,1.70293963327031E-14,
0.258819045102521));
#1640=DIRECTION('ref_axis',(0.258819045102521,-4.05997354456044E-15,0.965925826289068));
#1641=DIRECTION('',(1.74813867085769E-14,1.,-5.55111512312612E-16));
#1642=DIRECTION('',(1.74813867085769E-14,1.,-5.55111512312612E-16));
#1643=DIRECTION('center_axis',(-0.793353340291235,1.35309860606777E-14,
-0.60876142900872));
#1644=DIRECTION('ref_axis',(-0.60876142900872,2.98223646388982E-15,0.793353340291235));
#1645=DIRECTION('',(1.73333569719602E-14,1.,-3.62195403618736E-16));
#1646=DIRECTION('',(-0.60876142900872,1.10823935262947E-14,0.793353340291235));
#1647=DIRECTION('',(1.74813867085769E-14,1.,-5.55111512312614E-16));
#1648=DIRECTION('center_axis',(1.74813867085769E-14,1.,-5.55111512312612E-16));
#1649=DIRECTION('ref_axis',(-4.61405206910112E-17,-5.55111512312612E-16,
-1.));
#1650=DIRECTION('',(-4.61405206910112E-17,-5.55111512312612E-16,-1.));
#1651=DIRECTION('center_axis',(-1.,1.74813867085769E-14,4.61405206910022E-17));
#1652=DIRECTION('ref_axis',(4.61405206910106E-17,4.83457236520812E-16,1.));
#1653=DIRECTION('',(4.61405206910106E-17,4.83457236520812E-16,1.));
#1654=DIRECTION('center_axis',(1.74813867085769E-14,1.,-5.55111512312612E-16));
#1655=DIRECTION('ref_axis',(4.6140520691005E-17,5.55111512312612E-16,1.));
#1656=DIRECTION('center_axis',(-1.,1.74813867085769E-14,4.61405206910022E-17));
#1657=DIRECTION('ref_axis',(4.61405206910106E-17,4.83457236520812E-16,1.));
#1658=DIRECTION('',(-4.61405206910106E-17,-4.83457236520812E-16,-1.));
#1659=DIRECTION('',(-4.61405206910106E-17,-4.83457236520812E-16,-1.));
#1660=DIRECTION('',(1.74813867085769E-14,1.,-5.55111512312612E-16));
#1661=DIRECTION('',(1.74813867085769E-14,1.,-5.55111512312612E-16));
#1662=DIRECTION('',(-2.99017140253075E-15,-0.17364817766693,0.984807753012208));
#1663=DIRECTION('',(4.61405206910116E-17,5.55111512312612E-16,1.));
#1664=DIRECTION('',(1.74813867085769E-14,1.,-5.55111512312612E-16));
#1665=DIRECTION('',(1.74813867085769E-14,1.,-5.55111512312612E-16));
#1666=DIRECTION('',(-4.61405206910106E-17,-4.83457236520812E-16,-1.));
#1667=DIRECTION('center_axis',(1.74813867085769E-14,1.,-5.55111512312612E-16));
#1668=DIRECTION('ref_axis',(4.6140520691005E-17,5.55111512312612E-16,1.));
#1669=DIRECTION('',(-1.,1.73562417268647E-14,4.61405206910023E-17));
#1670=DIRECTION('',(4.6140520691012E-17,5.55111512312612E-16,1.));
#1671=DIRECTION('',(1.,-1.73562417268647E-14,-4.61405206910023E-17));
#1672=DIRECTION('',(-4.61405206910106E-17,-4.83457236520812E-16,-1.));
#1673=DIRECTION('center_axis',(1.,-1.74813867085769E-14,-4.61405206910022E-17));
#1674=DIRECTION('ref_axis',(-4.61405206910106E-17,-4.83457236520812E-16,
-1.));
#1675=DIRECTION('center_axis',(1.74813867085769E-14,1.,-5.55111512312612E-16));
#1676=DIRECTION('ref_axis',(-4.61405206910116E-17,-5.55111512312612E-16,
-1.));
#1677=DIRECTION('',(4.61405206910116E-17,5.55111512312612E-16,1.));
#1678=DIRECTION('center_axis',(0.965925826289068,-1.67420494696187E-14,
0.258819045102521));
#1679=DIRECTION('ref_axis',(0.258819045102521,-4.98905808540311E-15,-0.965925826289068));
#1680=DIRECTION('',(1.74813867085769E-14,1.,-5.55111512312612E-16));
#1681=DIRECTION('center_axis',(1.,-1.74813867085769E-14,-4.61405206910015E-17));
#1682=DIRECTION('ref_axis',(-1.74813867085769E-14,-1.,5.55111512312612E-16));
#1683=DIRECTION('',(1.74813867085769E-14,1.,-5.55111512312612E-16));
#1684=DIRECTION('',(-2.99017140253075E-15,-0.17364817766693,0.984807753012208));
#1685=DIRECTION('',(4.61405206910112E-17,5.55111512312612E-16,1.));
#1686=DIRECTION('',(1.74813867085769E-14,1.,-5.55111512312612E-16));
#1687=DIRECTION('center_axis',(-1.72238173813457E-14,-0.984807753012208,
-0.17364817766693));
#1688=DIRECTION('ref_axis',(-2.99017140253075E-15,-0.17364817766693,0.984807753012208));
#1689=DIRECTION('',(-1.,1.74813867085769E-14,4.61405206910022E-17));
#1690=DIRECTION('',(1.,-1.74813867085769E-14,-4.61405206910015E-17));
#1691=DIRECTION('center_axis',(-1.72238173813457E-14,-0.984807753012208,
-0.17364817766693));
#1692=DIRECTION('ref_axis',(-2.99017140253075E-15,-0.17364817766693,0.984807753012208));
#1693=DIRECTION('',(-1.,1.74813867085769E-14,4.61405206910022E-17));
#1694=DIRECTION('',(2.99017140253075E-15,0.17364817766693,-0.984807753012208));
#1695=DIRECTION('',(1.,-1.74813867085769E-14,-4.61405206910019E-17));
#1696=DIRECTION('center_axis',(-1.,1.74813867085769E-14,4.61405206910019E-17));
#1697=DIRECTION('ref_axis',(1.74813867085769E-14,1.,-5.55111512312612E-16));
#1698=DIRECTION('',(1.74813867085769E-14,1.,-5.55111512312612E-16));
#1699=DIRECTION('',(1.74813867085769E-14,1.,-5.55111512312612E-16));
#1700=DIRECTION('',(-4.61405206910116E-17,-5.55111512312612E-16,-1.));
#1701=DIRECTION('center_axis',(-1.72238173813457E-14,-0.984807753012208,
-0.17364817766693));
#1702=DIRECTION('ref_axis',(-2.99017140253075E-15,-0.17364817766693,0.984807753012208));
#1703=DIRECTION('',(-1.,1.74813867085769E-14,4.61405206910022E-17));
#1704=DIRECTION('',(2.99017140253075E-15,0.17364817766693,-0.984807753012208));
#1705=DIRECTION('',(1.,-1.74813867085769E-14,-4.61405206910023E-17));
#1706=DIRECTION('center_axis',(1.,-1.74813867085769E-14,-4.61405206910022E-17));
#1707=DIRECTION('ref_axis',(-4.61405206910106E-17,-4.83457236520812E-16,
-1.));
#1708=DIRECTION('',(1.74813867085769E-14,1.,-5.55111512312612E-16));
#1709=DIRECTION('',(1.74813867085769E-14,1.,-5.55111512312612E-16));
#1710=DIRECTION('',(1.74813867085769E-14,1.,-5.55111512312612E-16));
#1711=DIRECTION('',(1.74813867085769E-14,1.,-5.55111512312612E-16));
#1712=DIRECTION('',(-4.6140520691012E-17,-5.55111512312612E-16,-1.));
#1713=DIRECTION('center_axis',(1.74813867085769E-14,1.,-5.55111512312612E-16));
#1714=DIRECTION('ref_axis',(-4.61405206910112E-17,-5.55111512312612E-16,
-1.));
#1715=DIRECTION('',(-1.,1.74813867085769E-14,4.61405206910015E-17));
#1716=DIRECTION('center_axis',(1.74813867085769E-14,1.,-5.55111512312612E-16));
#1717=DIRECTION('ref_axis',(-4.61405206910116E-17,-5.55111512312612E-16,
-1.));
#1718=DIRECTION('',(-1.,1.74813867085769E-14,4.61405206910019E-17));
#1719=DIRECTION('center_axis',(1.74813867085769E-14,1.,-5.55111512312612E-16));
#1720=DIRECTION('ref_axis',(-4.6140520691012E-17,-5.55111512312612E-16,
-1.));
#1721=DIRECTION('',(-1.,1.74813867085769E-14,4.61405206910023E-17));
#1722=DIRECTION('center_axis',(4.61405206910119E-17,5.55111512312612E-16,
1.));
#1723=DIRECTION('ref_axis',(1.,-1.73562417268647E-14,-4.61405206910023E-17));
#1724=DIRECTION('center_axis',(4.61405206910119E-17,5.55111512312612E-16,
1.));
#1725=DIRECTION('ref_axis',(1.,-1.73562417268647E-14,-4.61405206910023E-17));
#1726=DIRECTION('center_axis',(4.61405206910119E-17,5.55111512312612E-16,
1.));
#1727=DIRECTION('ref_axis',(1.,-1.73562417268647E-14,-4.61405206910023E-17));
#1728=DIRECTION('center_axis',(4.61405206910119E-17,5.55111512312612E-16,
1.));
#1729=DIRECTION('ref_axis',(1.,-1.73562417268647E-14,-4.61405206910023E-17));
#1730=DIRECTION('center_axis',(-0.965925826289068,1.67420494696187E-14,
-0.258819045102521));
#1731=DIRECTION('ref_axis',(-0.258819045102521,4.98905808540311E-15,0.965925826289068));
#1732=DIRECTION('',(1.74813867085769E-14,1.,-5.55111512312612E-16));
#1733=DIRECTION('center_axis',(-4.61405206910119E-17,-5.55111512312612E-16,
-1.));
#1734=DIRECTION('ref_axis',(-1.,1.73562417268647E-14,4.61405206910023E-17));
#1735=DIRECTION('center_axis',(-4.61405206910119E-17,-5.55111512312612E-16,
-1.));
#1736=DIRECTION('ref_axis',(-1.,1.73562417268647E-14,4.61405206910023E-17));
#1737=DIRECTION('center_axis',(-4.61405206910119E-17,-5.55111512312612E-16,
-1.));
#1738=DIRECTION('ref_axis',(-1.,1.73562417268647E-14,4.61405206910023E-17));
#1739=DIRECTION('center_axis',(-4.61405206910119E-17,-5.55111512312612E-16,
-1.));
#1740=DIRECTION('ref_axis',(-1.,1.73562417268647E-14,4.61405206910023E-17));
#1741=DIRECTION('center_axis',(-0.707106781186553,-1.73191211247109E-16,
-0.707106781186542));
#1742=DIRECTION('ref_axis',(-0.707106781186542,-1.73191211247108E-16,0.707106781186553));
#1743=DIRECTION('',(-0.707106781186542,-1.73191211247108E-16,0.707106781186553));
#1744=DIRECTION('',(-2.44929359829485E-16,1.,1.22309730826969E-30));
#1745=DIRECTION('',(0.707106781186538,1.73191211247107E-16,-0.707106781186557));
#1746=DIRECTION('',(2.44929359829485E-16,-1.,-1.22309730826969E-30));
#1747=DIRECTION('center_axis',(1.59056158472368E-16,-7.65057429299451E-31,
1.));
#1748=DIRECTION('ref_axis',(-1.,-1.36574439389194E-15,1.59056158472369E-16));
#1749=DIRECTION('',(-0.678225171678784,-0.200026539492328,-0.707106781186553));
#1750=DIRECTION('center_axis',(1.59056158472368E-16,-1.18413978519811E-30,
1.));
#1751=DIRECTION('ref_axis',(-1.,-1.36574439389194E-15,1.59056158472369E-16));
#1752=DIRECTION('center_axis',(-1.59056158472368E-16,1.18413978519811E-30,
-1.));
#1753=DIRECTION('ref_axis',(-1.,-1.36574439389194E-15,1.59056158472368E-16));
#1754=DIRECTION('center_axis',(0.678225171678793,0.200026539492334,-0.707106781186543));
#1755=DIRECTION('ref_axis',(-0.721691827040875,-1.76763517191292E-16,-0.692214494779186));
#1756=DIRECTION('',(1.92386147608893E-16,-0.962240989776702,-0.272198966922274));
#1757=DIRECTION('',(-0.282880244984614,0.959155236130964,4.4993845074976E-17));
#1758=DIRECTION('',(0.282880244984614,-0.959155236130964,-4.4993845074976E-17));
#1759=DIRECTION('center_axis',(-1.59056158472368E-16,1.18413978519811E-30,
-1.));
#1760=DIRECTION('ref_axis',(1.,1.36574439389194E-15,-1.59056158472368E-16));
#1761=DIRECTION('',(2.44929359829485E-16,-1.,-1.22309730826969E-30));
#1762=DIRECTION('',(-1.,-2.44929359829485E-16,1.59056158472368E-16));
#1763=DIRECTION('center_axis',(-1.59056158472368E-16,1.18413978519811E-30,
-1.));
#1764=DIRECTION('ref_axis',(7.13488366924661E-16,-1.,2.2204460492503E-16));
#1765=DIRECTION('center_axis',(1.59056158472368E-16,-1.18413978519811E-30,
1.));
#1766=DIRECTION('ref_axis',(1.,2.44929359829485E-16,-1.59056158472369E-16));
#1767=DIRECTION('center_axis',(1.59056158472368E-16,-1.18413978519811E-30,
1.));
#1768=DIRECTION('ref_axis',(1.,2.44929359829485E-16,-1.59056158472367E-16));
#1769=DIRECTION('center_axis',(1.,2.44929359829485E-16,-1.59056158472368E-16));
#1770=DIRECTION('ref_axis',(2.44929359829485E-16,-1.,-1.22309730826969E-30));
#1771=DIRECTION('',(-1.59056158472368E-16,7.65057429299451E-31,-1.));
#1772=DIRECTION('',(-2.44929359829485E-16,1.,1.22309730826969E-30));
#1773=DIRECTION('',(-1.59056158472368E-16,7.65057429299451E-31,-1.));
#1774=DIRECTION('center_axis',(-1.59056158472368E-16,7.65057429299451E-31,
-1.));
#1775=DIRECTION('ref_axis',(1.,2.44929359829485E-16,-1.59056158472367E-16));
#1776=DIRECTION('',(1.59056158472368E-16,-7.65057429299451E-31,1.));
#1777=DIRECTION('center_axis',(-1.59056158472368E-16,1.18413978519811E-30,
-1.));
#1778=DIRECTION('ref_axis',(1.,2.44929359829485E-16,-1.59056158472367E-16));
#1779=DIRECTION('center_axis',(0.959155236130964,0.282880244984614,-1.52559547237648E-16));
#1780=DIRECTION('ref_axis',(0.282880244984614,-0.959155236130964,-4.4993845074976E-17));
#1781=DIRECTION('',(1.59056158472368E-16,-1.18413978519811E-30,1.));
#1782=DIRECTION('',(-0.282880244984614,0.959155236130964,4.49938450749764E-17));
#1783=DIRECTION('center_axis',(1.59056158472368E-16,-1.18413978519811E-30,
1.));
#1784=DIRECTION('ref_axis',(-1.,-1.36574439389194E-15,1.59056158472368E-16));
#1785=DIRECTION('',(1.59056158472368E-16,-1.18413978519811E-30,1.));
#1786=DIRECTION('center_axis',(1.59056158472368E-16,-1.18413978519811E-30,
1.));
#1787=DIRECTION('ref_axis',(-1.,-1.36574439389194E-15,1.59056158472368E-16));
#1788=DIRECTION('center_axis',(-1.59056158472368E-16,7.65057429299451E-31,
-1.));
#1789=DIRECTION('ref_axis',(1.,2.44929359829485E-16,-1.59056158472369E-16));
#1790=DIRECTION('center_axis',(-1.59056158472368E-16,1.18413978519811E-30,
-1.));
#1791=DIRECTION('ref_axis',(1.,2.44929359829485E-16,-1.59056158472369E-16));
#1792=DIRECTION('',(-1.59056158472368E-16,7.65057429299451E-31,-1.));
#1793=DIRECTION('center_axis',(1.,2.44929359829485E-16,-1.59056158472368E-16));
#1794=DIRECTION('ref_axis',(1.59056158472368E-16,-1.18413978519811E-30,
1.));
#1795=DIRECTION('',(1.59056158472368E-16,-1.18413978519811E-30,1.));
#1796=DIRECTION('',(2.44929359829485E-16,-1.,-1.22309730826969E-30));
#1797=DIRECTION('center_axis',(-2.44929359829485E-16,1.,1.22309730826969E-30));
#1798=DIRECTION('ref_axis',(-1.59056158472368E-16,1.18413978519811E-30,
-1.));
#1799=DIRECTION('',(1.,2.44929359829485E-16,-1.59056158472368E-16));
#1800=DIRECTION('center_axis',(4.9319986849491E-16,-2.22044604925029E-16,
-1.));
#1801=DIRECTION('ref_axis',(7.13488366924661E-16,-1.,2.2204460492503E-16));
#1802=DIRECTION('',(-4.9319986849491E-16,2.22044604925029E-16,1.));
#1803=DIRECTION('center_axis',(1.59056158472368E-16,-1.18413978519811E-30,
1.));
#1804=DIRECTION('ref_axis',(7.13488366924661E-16,-1.,2.2204460492503E-16));
#1805=DIRECTION('center_axis',(1.59056158472368E-16,-1.18413978519811E-30,
1.));
#1806=DIRECTION('ref_axis',(-1.,-1.36574439389194E-15,1.59056158472368E-16));
#1807=DIRECTION('center_axis',(0.678225171678788,0.200026539492332,0.707106781186548));
#1808=DIRECTION('ref_axis',(0.72169182704088,1.76763517191295E-16,-0.692214494779181));
#1809=DIRECTION('',(-2.78975991646501E-16,0.962240989776703,-0.27219896692227));
#1810=DIRECTION('',(-0.282880244984614,0.959155236130964,4.4993845074976E-17));
#1811=DIRECTION('',(-0.678225171678788,-0.200026539492335,0.707106781186547));
#1812=DIRECTION('',(0.282880244984614,-0.959155236130964,-4.4993845074976E-17));
#1813=DIRECTION('center_axis',(-1.59056158472368E-16,7.65057429299451E-31,
-1.));
#1814=DIRECTION('ref_axis',(-1.,-1.36574439389194E-15,1.59056158472369E-16));
#1815=DIRECTION('',(0.707106781186547,1.73191211247108E-16,0.707106781186548));
#1816=DIRECTION('center_axis',(-1.59056158472368E-16,1.18413978519811E-30,
-1.));
#1817=DIRECTION('ref_axis',(-1.,-1.36574439389194E-15,1.59056158472369E-16));
#1818=DIRECTION('center_axis',(1.59056158472368E-16,-1.18413978519811E-30,
1.));
#1819=DIRECTION('ref_axis',(-1.,-1.36574439389194E-15,1.59056158472368E-16));
#1820=DIRECTION('center_axis',(-0.707106781186547,-1.7319121124711E-16,
0.707106781186548));
#1821=DIRECTION('ref_axis',(0.707106781186548,1.73191211247108E-16,0.707106781186547));
#1822=DIRECTION('',(0.707106781186548,1.73191211247108E-16,0.707106781186547));
#1823=DIRECTION('',(-2.44929359829485E-16,1.,1.22309730826969E-30));
#1824=DIRECTION('',(2.44929359829485E-16,-1.,-1.22309730826969E-30));
#1825=DIRECTION('center_axis',(1.,2.44929359829485E-16,-1.59056158472368E-16));
#1826=DIRECTION('ref_axis',(1.59056158472368E-16,-1.18413978519811E-30,
1.));
#1827=DIRECTION('',(1.59056158472368E-16,-1.18413978519811E-30,1.));
#1828=DIRECTION('',(-2.44929359829485E-16,1.,1.22309730826969E-30));
#1829=DIRECTION('',(1.59056158472368E-16,-1.18413978519811E-30,1.));
#1830=DIRECTION('center_axis',(1.59056158472368E-16,-1.18413978519811E-30,
1.));
#1831=DIRECTION('ref_axis',(-1.,-1.36574439389194E-15,1.59056158472368E-16));
#1832=DIRECTION('',(1.59056158472368E-16,-1.18413978519811E-30,1.));
#1833=DIRECTION('center_axis',(-1.59056158472368E-16,1.18413978519811E-30,
-1.));
#1834=DIRECTION('ref_axis',(-1.,-1.36574439389194E-15,1.59056158472368E-16));
#1835=DIRECTION('center_axis',(0.959155236130964,0.282880244984614,-1.52559547237648E-16));
#1836=DIRECTION('ref_axis',(0.282880244984614,-0.959155236130964,-4.4993845074976E-17));
#1837=DIRECTION('',(-1.59056158472368E-16,7.65057429299451E-31,-1.));
#1838=DIRECTION('',(0.282880244984614,-0.959155236130964,-4.49938450749764E-17));
#1839=DIRECTION('center_axis',(1.,2.44929359829485E-16,-1.59056158472368E-16));
#1840=DIRECTION('ref_axis',(2.44929359829485E-16,-1.,-1.22309730826969E-30));
#1841=DIRECTION('',(-2.44929359829485E-16,1.,1.22309730826969E-30));
#1842=DIRECTION('',(-1.59056158472368E-16,7.65057429299451E-31,-1.));
#1843=DIRECTION('',(2.44929359829485E-16,-1.,-1.22309730826969E-30));
#1844=DIRECTION('center_axis',(-1.59056158472368E-16,7.65057429299451E-31,
-1.));
#1845=DIRECTION('ref_axis',(1.,2.44929359829485E-16,-1.59056158472367E-16));
#1846=DIRECTION('center_axis',(1.59056158472368E-16,-1.18413978519811E-30,
1.));
#1847=DIRECTION('ref_axis',(1.,2.44929359829485E-16,-1.59056158472367E-16));
#1848=DIRECTION('',(1.59056158472368E-16,-7.65057429299451E-31,1.));
#1849=DIRECTION('center_axis',(-1.59056158472368E-16,1.18413978519811E-30,
-1.));
#1850=DIRECTION('ref_axis',(1.,2.44929359829485E-16,-1.59056158472367E-16));
#1851=DIRECTION('center_axis',(-1.59056158472368E-16,7.65057429299451E-31,
-1.));
#1852=DIRECTION('ref_axis',(1.,2.44929359829485E-16,-1.59056158472369E-16));
#1853=DIRECTION('center_axis',(-1.59056158472368E-16,1.18413978519811E-30,
-1.));
#1854=DIRECTION('ref_axis',(1.,2.44929359829485E-16,-1.59056158472369E-16));
#1855=DIRECTION('',(-1.59056158472368E-16,7.65057429299451E-31,-1.));
#1856=DIRECTION('center_axis',(1.59056158472368E-16,-1.18413978519811E-30,
1.));
#1857=DIRECTION('ref_axis',(1.,2.44929359829485E-16,-1.59056158472369E-16));
#1858=DIRECTION('center_axis',(-2.44929359829485E-16,1.,1.22309730826969E-30));
#1859=DIRECTION('ref_axis',(-1.59056158472368E-16,1.18413978519811E-30,
-1.));
#1860=DIRECTION('',(-1.,-2.44929359829485E-16,1.59056158472368E-16));
#1861=DIRECTION('',(1.,2.44929359829485E-16,-1.59056158472368E-16));
#1862=DIRECTION('center_axis',(4.9319986849491E-16,-2.22044604925029E-16,
-1.));
#1863=DIRECTION('ref_axis',(7.13488366924661E-16,-1.,2.2204460492503E-16));
#1864=DIRECTION('center_axis',(-1.59056158472368E-16,1.18413978519811E-30,
-1.));
#1865=DIRECTION('ref_axis',(7.13488366924661E-16,-1.,2.2204460492503E-16));
#1866=DIRECTION('',(-4.9319986849491E-16,2.22044604925029E-16,1.));
#1867=DIRECTION('center_axis',(1.59056158472368E-16,-1.18413978519811E-30,
1.));
#1868=DIRECTION('ref_axis',(7.13488366924661E-16,-1.,2.2204460492503E-16));
#1869=DIRECTION('center_axis',(4.9319986849491E-16,-2.22044604925029E-16,
-1.));
#1870=DIRECTION('ref_axis',(7.1348836692466E-16,-1.,2.2204460492503E-16));
#1871=DIRECTION('center_axis',(-1.59056158472368E-16,1.18413978519811E-30,
-1.));
#1872=DIRECTION('ref_axis',(7.1348836692466E-16,-1.,2.2204460492503E-16));
#1873=DIRECTION('',(-4.9319986849491E-16,2.22044604925029E-16,1.));
#1874=DIRECTION('center_axis',(1.59056158472368E-16,-1.18413978519811E-30,
1.));
#1875=DIRECTION('ref_axis',(7.1348836692466E-16,-1.,2.2204460492503E-16));
#1876=DIRECTION('center_axis',(-1.59056158472368E-16,1.18413978519811E-30,
-1.));
#1877=DIRECTION('ref_axis',(1.,1.36574439389194E-15,-1.59056158472368E-16));
#1878=DIRECTION('center_axis',(-1.59056158472368E-16,1.18413978519811E-30,
-1.));
#1879=DIRECTION('ref_axis',(7.1348836692466E-16,-1.,2.2204460492503E-16));
#1880=DIRECTION('center_axis',(-1.59056158472368E-16,1.18413978519811E-30,
-1.));
#1881=DIRECTION('ref_axis',(7.1348836692466E-16,-1.,2.2204460492503E-16));
#1882=DIRECTION('center_axis',(-1.59056158472368E-16,1.18413978519811E-30,
-1.));
#1883=DIRECTION('ref_axis',(7.1348836692466E-16,-1.,2.2204460492503E-16));
#1884=DIRECTION('center_axis',(4.9319986849491E-16,-2.22044604925029E-16,
-1.));
#1885=DIRECTION('ref_axis',(7.1348836692466E-16,-1.,2.2204460492503E-16));
#1886=DIRECTION('',(-4.9319986849491E-16,2.22044604925029E-16,1.));
#1887=DIRECTION('center_axis',(1.59056158472368E-16,-1.18413978519811E-30,
1.));
#1888=DIRECTION('ref_axis',(7.1348836692466E-16,-1.,2.2204460492503E-16));
#1889=DIRECTION('center_axis',(4.9319986849491E-16,-2.22044604925029E-16,
-1.));
#1890=DIRECTION('ref_axis',(7.1348836692466E-16,-1.,2.2204460492503E-16));
#1891=DIRECTION('',(-4.9319986849491E-16,2.22044604925029E-16,1.));
#1892=DIRECTION('center_axis',(1.59056158472368E-16,-1.18413978519811E-30,
1.));
#1893=DIRECTION('ref_axis',(7.1348836692466E-16,-1.,2.2204460492503E-16));
#1894=DIRECTION('center_axis',(4.9319986849491E-16,-2.22044604925029E-16,
-1.));
#1895=DIRECTION('ref_axis',(7.1348836692466E-16,-1.,2.2204460492503E-16));
#1896=DIRECTION('',(-4.9319986849491E-16,2.22044604925029E-16,1.));
#1897=DIRECTION('center_axis',(1.59056158472368E-16,-1.18413978519811E-30,
1.));
#1898=DIRECTION('ref_axis',(7.1348836692466E-16,-1.,2.2204460492503E-16));
#1899=DIRECTION('center_axis',(1.59056158472368E-16,-1.18413978519811E-30,
1.));
#1900=DIRECTION('ref_axis',(-1.,-1.36574439389194E-15,1.59056158472368E-16));
#1901=CARTESIAN_POINT('',(0.,0.,0.));
#1902=CARTESIAN_POINT('Origin',(23.0750000000001,-76.4749999999999,-36.01));
#1903=CARTESIAN_POINT('',(23.0750000000001,-77.8749999999999,8.49000000000004));
#1904=CARTESIAN_POINT('Origin',(23.0750000000001,-76.4749999999999,8.49000000000004));
#1905=CARTESIAN_POINT('',(23.0750000000001,-77.8749999999999,-48.5104));
#1906=CARTESIAN_POINT('',(23.0750000000001,-77.8749999999999,-36.01));
#1907=CARTESIAN_POINT('Origin',(23.0750000000001,-76.4749999999999,-48.5104));
#1908=CARTESIAN_POINT('Origin',(37.3250000000001,-79.4749999999999,-48.5104));
#1909=CARTESIAN_POINT('',(37.3250000000001,-79.4749999999999,-48.5104));
#1910=CARTESIAN_POINT('',(7.3273543892553,-79.4749999999994,-48.5104));
#1911=CARTESIAN_POINT('',(68.2299543892553,-79.4750000000005,-48.5104));
#1912=CARTESIAN_POINT('',(7.32735438925543,-71.7001999999994,-48.5104));
#1913=CARTESIAN_POINT('',(7.3273543892553,-79.4749999999994,-48.5104));
#1914=CARTESIAN_POINT('',(37.3250000000002,-71.7001999999999,-48.5104));
#1915=CARTESIAN_POINT('',(68.2299543892554,-71.7002000000005,-48.5104));
#1916=CARTESIAN_POINT('',(37.3250000000001,-79.4749999999999,-48.5104));
#1917=CARTESIAN_POINT('Origin',(37.3250000000001,-79.4749999999999,6.49000000000004));
#1918=CARTESIAN_POINT('',(37.3250000000002,-71.7001999999999,8.49000000000003));
#1919=CARTESIAN_POINT('',(37.3250000000002,-71.7001999999999,-14.8907000000001));
#1920=CARTESIAN_POINT('',(37.3250000000001,-79.4749999999999,8.49000000000004));
#1921=CARTESIAN_POINT('',(37.3250000000001,-79.4749999999999,8.49000000000004));
#1922=CARTESIAN_POINT('',(37.3250000000001,-79.4749999999999,36.2933999999998));
#1923=CARTESIAN_POINT('',(37.3250000000001,-79.4749999999999,36.2933999999998));
#1924=CARTESIAN_POINT('',(37.3250000000002,-71.6711374759279,36.2933999999998));
#1925=CARTESIAN_POINT('',(37.3250000000001,-79.4749999999999,36.2933999999998));
#1926=CARTESIAN_POINT('',(37.3250000000003,-66.5169999999999,7.06283383695936));
#1927=CARTESIAN_POINT('',(37.3250000000004,-65.1016914195769,-0.963779984342954));
#1928=CARTESIAN_POINT('',(37.3250000000003,-66.517,-66.0748000000002));
#1929=CARTESIAN_POINT('',(37.3250000000003,-66.5169999999999,-14.8907000000002));
#1930=CARTESIAN_POINT('',(37.3250000000001,-79.4749999999999,-66.0748));
#1931=CARTESIAN_POINT('',(37.3250000000001,-79.4749999999999,-66.0748));
#1932=CARTESIAN_POINT('',(37.3250000000001,-79.4749999999999,-66.0748));
#1933=CARTESIAN_POINT('Origin',(7.3273543892553,-79.4749999999993,47.9556));
#1934=CARTESIAN_POINT('',(7.32735438925544,-71.7001999999994,-16.9741733790176));
#1935=CARTESIAN_POINT('',(7.32735438925544,-71.7001999999994,47.9556));
#1936=CARTESIAN_POINT('',(7.3273543892553,-79.4749999999994,-77.737));
#1937=CARTESIAN_POINT('',(7.3273543892553,-79.4749999999994,-77.737));
#1938=CARTESIAN_POINT('',(7.32735438925552,-66.5169999999994,-77.737));
#1939=CARTESIAN_POINT('',(7.3273543892553,-79.4749999999994,-77.737));
#1940=CARTESIAN_POINT('',(7.32735438925553,-66.5169999999994,18.7250338369596));
#1941=CARTESIAN_POINT('',(7.32735438925552,-66.5169999999994,-3.22849999999996));
#1942=CARTESIAN_POINT('',(7.32735438925544,-71.6711374759273,47.9556));
#1943=CARTESIAN_POINT('',(7.32735438925555,-65.1016914195763,10.6984200156573));
#1944=CARTESIAN_POINT('',(7.3273543892553,-79.4749999999993,47.9556));
#1945=CARTESIAN_POINT('',(7.3273543892553,-79.4749999999993,47.9556));
#1946=CARTESIAN_POINT('',(7.3273543892553,-79.4749999999994,8.49000000000004));
#1947=CARTESIAN_POINT('',(7.3273543892553,-79.4749999999994,-4.20034999999996));
#1948=CARTESIAN_POINT('',(7.32735438925544,-71.7001999999994,8.49000000000003));
#1949=CARTESIAN_POINT('',(7.3273543892553,-79.4749999999994,8.49000000000004));
#1950=CARTESIAN_POINT('',(7.32735438925544,-71.7001999999994,-12.8072266209824));
#1951=CARTESIAN_POINT('',(7.32735438925544,-71.7001999999994,47.9556));
#1952=CARTESIAN_POINT('',(7.32735438925544,-71.7001999999994,47.9556));
#1953=CARTESIAN_POINT('Origin',(7.3273543892553,-79.4749999999994,8.49000000000004));
#1954=CARTESIAN_POINT('',(18.0177043892553,-79.4749999999995,8.49000000000004));
#1955=CARTESIAN_POINT('',(18.0177043892554,-71.7001999999996,8.49000000000003));
#1956=CARTESIAN_POINT('Origin',(28.7080543892553,-79.4749999999998,-14.8907));
#1957=CARTESIAN_POINT('',(2.1441543892553,-79.4749999999993,47.9556));
#1958=CARTESIAN_POINT('',(-10.8138456107447,-79.474999999999,47.9556));
#1959=CARTESIAN_POINT('',(-8.58176151553492,-79.4749999999991,7.92593688561185));
#1960=CARTESIAN_POINT('',(-11.4308325537225,-79.474999999999,-2.70694098327732));
#1961=CARTESIAN_POINT('',(7.3273543892553,-79.4749999999994,-12.8072266209824));
#1962=CARTESIAN_POINT('',(6.59887259264797,-79.4749999999994,-11.8578506599907));
#1963=CARTESIAN_POINT('',(7.3273543892553,-79.4749999999994,-16.9741733790176));
#1964=CARTESIAN_POINT('',(7.3273543892553,-79.4749999999993,47.9556));
#1965=CARTESIAN_POINT('',(-8.58176151553493,-79.4749999999991,-37.7073368856118));
#1966=CARTESIAN_POINT('',(6.59887259264798,-79.4749999999994,-17.9235493400092));
#1967=CARTESIAN_POINT('',(2.14415438925529,-79.4749999999993,-77.737));
#1968=CARTESIAN_POINT('',(-4.38790046220176,-79.4749999999992,-53.3590394165355));
#1969=CARTESIAN_POINT('',(-10.8138456107447,-79.4749999999991,-77.737));
#1970=CARTESIAN_POINT('',(42.5082000000001,-79.475,-66.0748));
#1971=CARTESIAN_POINT('',(42.5082000000001,-79.475,-66.0748));
#1972=CARTESIAN_POINT('',(42.5082000000001,-79.475,-36.2714));
#1973=CARTESIAN_POINT('',(42.5082000000001,-79.475,-36.2714));
#1974=CARTESIAN_POINT('',(50.0887543892553,-79.4750000000001,-36.2714));
#1975=CARTESIAN_POINT('',(68.2299543892553,-79.4750000000004,-36.2714));
#1976=CARTESIAN_POINT('',(50.0887543892553,-79.4750000000001,-77.737));
#1977=CARTESIAN_POINT('',(50.0887543892553,-79.4750000000001,-77.737));
#1978=CARTESIAN_POINT('',(55.2719543892553,-79.4750000000003,-77.737));
#1979=CARTESIAN_POINT('',(68.2299543892553,-79.4750000000005,-77.737));
#1980=CARTESIAN_POINT('',(65.9978702940455,-79.4750000000004,-37.7073368856118));
#1981=CARTESIAN_POINT('',(68.8469413322331,-79.4750000000004,-27.0744590167226));
#1982=CARTESIAN_POINT('',(50.0887543892553,-79.4750000000001,-16.9741733790176));
#1983=CARTESIAN_POINT('',(50.8172361858626,-79.4750000000001,-17.9235493400092));
#1984=CARTESIAN_POINT('',(50.0887543892553,-79.4750000000001,-12.8072266209823));
#1985=CARTESIAN_POINT('',(50.0887543892553,-79.4750000000001,47.9556));
#1986=CARTESIAN_POINT('',(65.9978702940455,-79.4750000000004,7.92593688561185));
#1987=CARTESIAN_POINT('',(50.8172361858626,-79.4750000000001,-11.8578506599907));
#1988=CARTESIAN_POINT('',(55.2719543892553,-79.4750000000002,47.9556));
#1989=CARTESIAN_POINT('',(61.8040092407124,-79.4750000000003,23.5776394165355));
#1990=CARTESIAN_POINT('',(50.0887543892553,-79.4750000000001,47.9556));
#1991=CARTESIAN_POINT('',(68.2299543892553,-79.4750000000004,47.9556));
#1992=CARTESIAN_POINT('',(50.0887543892553,-79.4750000000001,6.49000000000004));
#1993=CARTESIAN_POINT('',(50.0887543892553,-79.4750000000001,47.9556));
#1994=CARTESIAN_POINT('',(42.5082000000001,-79.475,6.49000000000004));
#1995=CARTESIAN_POINT('',(68.2299543892553,-79.4750000000004,6.49000000000004));
#1996=CARTESIAN_POINT('',(42.5082000000001,-79.475,36.2933999999998));
#1997=CARTESIAN_POINT('',(42.5082000000001,-79.475,6.48999999999983));
#1998=CARTESIAN_POINT('',(42.5082000000001,-79.475,36.2933999999998));
#1999=CARTESIAN_POINT('Origin',(28.7080543892553,-78.1791999999997,-14.8907));
#2000=CARTESIAN_POINT('',(2.14415438925532,-78.1791999999993,-23.7290511315281));
#2001=CARTESIAN_POINT('',(-8.58176151553491,-78.1791999999991,-37.7073368856118));
#2002=CARTESIAN_POINT('',(6.598872592648,-78.1791999999994,-17.9235493400092));
#2003=CARTESIAN_POINT('',(2.14415438925531,-78.1791999999993,-77.737));
#2004=CARTESIAN_POINT('',(2.14415438925532,-78.1791999999993,-9.05959999999996));
#2005=CARTESIAN_POINT('',(-4.82191116664205,-78.1791999999992,-51.7392894165355));
#2006=CARTESIAN_POINT('Origin',(28.7080543892553,-78.1791999999997,-14.8907));
#2007=CARTESIAN_POINT('',(55.2719543892553,-78.1792000000002,-6.05234886847179));
#2008=CARTESIAN_POINT('',(65.9978702940455,-78.1792000000004,7.92593688561185));
#2009=CARTESIAN_POINT('',(50.8172361858626,-78.1792000000001,-11.8578506599907));
#2010=CARTESIAN_POINT('',(55.2719543892553,-78.1792000000002,47.9556));
#2011=CARTESIAN_POINT('',(55.2719543892553,-78.1792000000003,-9.05959999999996));
#2012=CARTESIAN_POINT('',(62.2380199451527,-78.1792000000003,21.9578894165355));
#2013=CARTESIAN_POINT('Origin',(28.7080543892553,-78.1791999999998,-14.8907));
#2014=CARTESIAN_POINT('',(65.9978702940455,-78.1792000000004,-37.7073368856118));
#2015=CARTESIAN_POINT('',(55.2719543892553,-78.1792000000002,-23.7290511315281));
#2016=CARTESIAN_POINT('',(50.8172361858626,-78.1792000000002,-17.9235493400092));
#2017=CARTESIAN_POINT('',(55.2719543892553,-78.1792000000003,-77.737));
#2018=CARTESIAN_POINT('',(69.2809520366735,-78.1792000000005,-25.4547090167226));
#2019=CARTESIAN_POINT('',(55.2719543892553,-78.1792000000002,-9.05959999999996));
#2020=CARTESIAN_POINT('Origin',(28.7080543892553,-78.1791999999998,-14.8907));
#2021=CARTESIAN_POINT('',(-8.5817615155349,-78.1791999999991,7.92593688561185));
#2022=CARTESIAN_POINT('',(2.14415438925532,-78.1791999999993,-6.05234886847181));
#2023=CARTESIAN_POINT('',(6.598872592648,-78.1791999999994,-11.8578506599907));
#2024=CARTESIAN_POINT('',(2.14415438925532,-78.1791999999992,47.9556));
#2025=CARTESIAN_POINT('',(-11.8648432581628,-78.1791999999991,-4.32669098327732));
#2026=CARTESIAN_POINT('',(2.14415438925532,-78.1791999999993,-9.05959999999996));
#2027=CARTESIAN_POINT('Origin',(-3.05933339773704,-79.4749999999992,-30.5103684428059));
#2028=CARTESIAN_POINT('',(2.14415438925543,-71.7001999999993,-23.7290511315281));
#2029=CARTESIAN_POINT('',(2.14415438925536,-75.5875999999993,-23.7290511315281));
#2030=CARTESIAN_POINT('',(-8.58176151553493,-79.4749999999991,-37.7073368856118));
#2031=CARTESIAN_POINT('',(7.3273543892553,-79.4749999999994,-16.9741733790176));
#2032=CARTESIAN_POINT('',(4.97312458421301,-71.7001999999994,-20.0422653944479));
#2033=CARTESIAN_POINT('Origin',(60.4754421762476,-79.4750000000003,0.728968442805942));
#2034=CARTESIAN_POINT('',(55.2719543892555,-71.7002000000002,-6.0523488684718));
#2035=CARTESIAN_POINT('',(55.2719543892554,-75.5876000000002,-6.05234886847179));
#2036=CARTESIAN_POINT('',(65.9978702940455,-79.4750000000004,7.92593688561185));
#2037=CARTESIAN_POINT('',(50.0887543892554,-71.7002000000001,-12.8072266209823));
#2038=CARTESIAN_POINT('',(50.0887543892553,-79.4750000000001,-12.8072266209823));
#2039=CARTESIAN_POINT('',(58.0753942799721,-71.7002000000002,-2.39883487165473));
#2040=CARTESIAN_POINT('Origin',(69.3578185722969,-79.4750000000004,-25.1678392003742));
#2041=CARTESIAN_POINT('',(65.9978702940455,-79.4750000000004,-37.7073368856118));
#2042=CARTESIAN_POINT('',(55.2719543892553,-79.4750000000003,-77.737));
#2043=CARTESIAN_POINT('Origin',(60.4754421762476,-79.4750000000003,-30.5103684428059));
#2044=CARTESIAN_POINT('',(55.2719543892555,-71.7002000000002,-23.7290511315282));
#2045=CARTESIAN_POINT('',(55.2719543892554,-75.5876000000002,-23.7290511315281));
#2046=CARTESIAN_POINT('',(50.0887543892554,-71.7002000000001,-16.9741733790176));
#2047=CARTESIAN_POINT('',(52.4429841942979,-71.7002000000002,-20.0422653944479));
#2048=CARTESIAN_POINT('',(50.0887543892553,-79.4750000000001,-16.9741733790176));
#2049=CARTESIAN_POINT('Origin',(-11.9417097937863,-79.474999999999,-4.61356079962569));
#2050=CARTESIAN_POINT('',(-8.58176151553493,-79.4749999999991,7.92593688561185));
#2051=CARTESIAN_POINT('',(2.1441543892553,-79.4749999999993,47.9556));
#2052=CARTESIAN_POINT('Origin',(-3.05933339773705,-79.4749999999992,0.728968442805944));
#2053=CARTESIAN_POINT('',(2.14415438925543,-71.7001999999993,-6.05234886847182));
#2054=CARTESIAN_POINT('',(2.14415438925536,-75.5875999999993,-6.05234886847181));
#2055=CARTESIAN_POINT('',(-0.659285501461195,-71.7001999999992,-2.39883487165473));
#2056=CARTESIAN_POINT('',(7.3273543892553,-79.4749999999994,-12.8072266209824));
#2057=CARTESIAN_POINT('Origin',(4.73575438925543,-71.7001999999993,-3.22849999999996));
#2058=CARTESIAN_POINT('',(2.14415438925543,-71.7001999999993,-9.05959999999997));
#2059=CARTESIAN_POINT('Origin',(7.3273543892553,-79.4749999999994,-23.3134));
#2060=CARTESIAN_POINT('',(7.32735438925544,-71.7001999999994,47.9556));
#2061=CARTESIAN_POINT('Origin',(28.7080543892554,-71.7001999999998,-14.8907));
#2062=CARTESIAN_POINT('Origin',(50.0887543892553,-79.4750000000001,6.49000000000004));
#2063=CARTESIAN_POINT('',(50.0887543892554,-71.7002000000001,47.9556));
#2064=CARTESIAN_POINT('',(50.0887543892554,-71.7002000000001,6.49000000000004));
#2065=CARTESIAN_POINT('',(50.0887543892554,-71.7002000000001,47.9556));
#2066=CARTESIAN_POINT('',(50.0887543892553,-79.4750000000001,6.49000000000004));
#2067=CARTESIAN_POINT('',(50.0887543892555,-71.671137475928,47.9556));
#2068=CARTESIAN_POINT('',(50.0887543892553,-79.4750000000001,47.9556));
#2069=CARTESIAN_POINT('',(50.0887543892555,-66.5170000000001,18.7250338369596));
#2070=CARTESIAN_POINT('',(50.0887543892556,-65.101691419577,10.6984200156573));
#2071=CARTESIAN_POINT('',(50.0887543892555,-66.5170000000001,-77.737));
#2072=CARTESIAN_POINT('',(50.0887543892555,-66.5170000000001,-3.22849999999996));
#2073=CARTESIAN_POINT('',(50.0887543892553,-79.4750000000001,-77.737));
#2074=CARTESIAN_POINT('',(50.0887543892554,-71.7002000000001,-36.2714));
#2075=CARTESIAN_POINT('',(50.0887543892553,-79.4750000000001,-36.2714));
#2076=CARTESIAN_POINT('',(50.0887543892554,-71.7002000000001,47.9556));
#2077=CARTESIAN_POINT('Origin',(28.7080543892554,-71.7001999999998,-14.8907));
#2078=CARTESIAN_POINT('',(42.5082000000002,-71.7002,-36.2714));
#2079=CARTESIAN_POINT('',(68.2299543892554,-71.7002000000005,-36.2714));
#2080=CARTESIAN_POINT('',(42.5082000000002,-71.7002,6.49000000000003));
#2081=CARTESIAN_POINT('',(42.5082000000002,-71.7002,-14.8907000000001));
#2082=CARTESIAN_POINT('',(68.2299543892554,-71.7002000000004,6.49000000000003));
#2083=CARTESIAN_POINT('',(50.0887543892554,-71.7002000000001,47.9556));
#2084=CARTESIAN_POINT('Origin',(50.0887543892553,-79.4750000000001,-6.46799999999997));
#2085=CARTESIAN_POINT('Origin',(52.6803543892554,-71.7002000000002,-3.22849999999996));
#2086=CARTESIAN_POINT('',(55.2719543892555,-71.7002000000002,-9.05959999999997));
#2087=CARTESIAN_POINT('Origin',(55.2719543892553,-79.4750000000002,47.9556));
#2088=CARTESIAN_POINT('',(55.2719543892553,-79.4750000000002,47.9556));
#2089=CARTESIAN_POINT('Origin',(2.14415438925548,-69.1085999999993,-3.22849999999996));
#2090=CARTESIAN_POINT('',(2.14415438925543,-71.6711374759272,47.9556));
#2091=CARTESIAN_POINT('',(2.1441543892553,-79.4749999999993,47.9556));
#2092=CARTESIAN_POINT('',(2.14415438925552,-66.5169999999993,18.7250338369596));
#2093=CARTESIAN_POINT('',(2.14415438925555,-65.1016914195762,10.6984200156573));
#2094=CARTESIAN_POINT('',(2.14415438925551,-66.5169999999993,-77.737));
#2095=CARTESIAN_POINT('',(2.14415438925552,-66.5169999999993,-3.22849999999996));
#2096=CARTESIAN_POINT('',(2.14415438925529,-79.4749999999993,-77.737));
#2097=CARTESIAN_POINT('Origin',(0.763163800919755,-67.3625119318784,23.5201702844956));
#2098=CARTESIAN_POINT('',(-5.02534090491245,-71.6711374759271,47.9556));
#2099=CARTESIAN_POINT('',(2.74945909508765,-66.5169999999993,18.7250338369596));
#2100=CARTESIAN_POINT('Origin',(48.7077638009198,-67.3625119318792,23.5201702844956));
#2101=CARTESIAN_POINT('',(55.2719543892555,-71.6711374759281,47.9556));
#2102=CARTESIAN_POINT('',(49.3982590950876,-71.671137475928,47.9556));
#2103=CARTESIAN_POINT('',(55.2719543892555,-66.5170000000002,18.7250338369596));
#2104=CARTESIAN_POINT('',(55.2719543892556,-65.1016914195772,10.6984200156573));
#2105=CARTESIAN_POINT('',(50.6940590950877,-66.5170000000001,18.7250338369596));
#2106=CARTESIAN_POINT('Origin',(55.2719543892555,-69.1086000000002,-3.22849999999996));
#2107=CARTESIAN_POINT('',(55.2719543892553,-79.4750000000002,47.9556));
#2108=CARTESIAN_POINT('',(55.2719543892555,-66.5170000000003,-77.737));
#2109=CARTESIAN_POINT('',(55.2719543892553,-79.4750000000003,-77.737));
#2110=CARTESIAN_POINT('',(55.2719543892555,-66.5170000000002,-3.22849999999996));
#2111=CARTESIAN_POINT('Origin',(35.9440094116646,-67.3625119318791,11.8579702844954));
#2112=CARTESIAN_POINT('',(42.5082000000003,-71.671137475928,36.2933999999998));
#2113=CARTESIAN_POINT('',(36.6345047058324,-71.6711374759279,36.2933999999998));
#2114=CARTESIAN_POINT('',(42.5082000000003,-66.517,7.06283383695936));
#2115=CARTESIAN_POINT('',(42.5082000000004,-65.101691419577,-0.963779984342954));
#2116=CARTESIAN_POINT('',(37.9303047058325,-66.5169999999999,7.06283383695936));
#2117=CARTESIAN_POINT('Origin',(42.5082000000001,-79.475,36.2933999999999));
#2118=CARTESIAN_POINT('',(42.5082000000001,-79.475,36.2933999999998));
#2119=CARTESIAN_POINT('',(42.5082000000001,-79.475,6.49000000000004));
#2120=CARTESIAN_POINT('',(42.5082000000001,-79.475,-36.2714));
#2121=CARTESIAN_POINT('',(42.5082000000003,-66.5170000000001,-66.0748000000002));
#2122=CARTESIAN_POINT('',(42.5082000000001,-79.475,-66.0748));
#2123=CARTESIAN_POINT('',(42.5082000000003,-66.517,-14.8907000000002));
#2124=CARTESIAN_POINT('Origin',(4.73575438925552,-66.5169999999993,-3.22849999999996));
#2125=CARTESIAN_POINT('',(4.73575438925552,-66.5169999999994,-77.737));
#2126=CARTESIAN_POINT('Origin',(52.6803543892555,-66.5170000000002,-3.22849999999996));
#2127=CARTESIAN_POINT('',(52.6803543892555,-66.5170000000002,-77.737));
#2128=CARTESIAN_POINT('Origin',(39.9166000000003,-66.517,-14.8907000000002));
#2129=CARTESIAN_POINT('',(39.9166000000003,-66.517,-66.0748000000002));
#2130=CARTESIAN_POINT('Origin',(50.0887543892553,-79.4750000000001,47.9556));
#2131=CARTESIAN_POINT('Origin',(42.5082000000001,-79.475,6.49000000000004));
#2132=CARTESIAN_POINT('Origin',(37.3250000000001,-79.4749999999999,36.2933999999998));
#2133=CARTESIAN_POINT('Origin',(-10.8138456107447,-79.474999999999,47.9556));
#2134=CARTESIAN_POINT('Origin',(2.14415438925529,-79.4749999999993,-77.737));
#2135=CARTESIAN_POINT('',(2.14415438925529,-79.4749999999993,-77.737));
#2136=CARTESIAN_POINT('Origin',(7.3273543892553,-79.4749999999994,-77.737));
#2137=CARTESIAN_POINT('Origin',(42.5082000000001,-79.475,-66.0748));
#2138=CARTESIAN_POINT('Origin',(50.0887543892553,-79.4750000000001,-36.2714));
#2139=CARTESIAN_POINT('Origin',(68.2299543892553,-79.4750000000005,-77.737));
#2140=CARTESIAN_POINT('Origin',(7.32642096057884,-53.2249999999999,-50.76));
#2141=CARTESIAN_POINT('',(8.07642096057884,-79.4749999999999,-51.51));
#2142=CARTESIAN_POINT('',(6.57642096057883,-79.4749999999999,-50.01));
#2143=CARTESIAN_POINT('',(9.57642096057881,-79.4749999999999,-53.01));
#2144=CARTESIAN_POINT('',(6.57642096057885,-44.4749999999999,-50.01));
#2145=CARTESIAN_POINT('',(6.57642096057883,-53.2249999999999,-50.01));
#2146=CARTESIAN_POINT('',(8.07642096057883,-44.4749999999999,-51.51));
#2147=CARTESIAN_POINT('',(6.57642096057885,-44.4749999999999,-50.01));
#2148=CARTESIAN_POINT('',(8.07642096057884,-53.2249999999999,-51.51));
#2149=CARTESIAN_POINT('Origin',(17.0764209605789,-44.4749999999999,-50.76));
#2150=CARTESIAN_POINT('',(27.1475509399539,-41.5047574276614,-50.01));
#2151=CARTESIAN_POINT('',(25.7088180857575,-41.9290777951383,-51.51));
#2152=CARTESIAN_POINT('',(27.1475509399539,-41.5047574276614,-50.01));
#2153=CARTESIAN_POINT('Origin',(17.0764209605789,-44.4749999999999,-51.51));
#2154=CARTESIAN_POINT('Origin',(17.0764209605789,-44.4749999999999,-50.01));
#2155=CARTESIAN_POINT('Origin',(26.4281845128557,-41.7169176113999,-50.76));
#2156=CARTESIAN_POINT('',(36.5764209605788,-73.4749999999998,-50.01));
#2157=CARTESIAN_POINT('',(36.5764209605788,-78.7775972177079,-51.51));
#2158=CARTESIAN_POINT('',(36.5764209605788,-58.6742527575321,-45.8231609940953));
#2159=CARTESIAN_POINT('',(25.7088180857575,-41.9290777951384,-51.51));
#2160=CARTESIAN_POINT('',(27.1475509399539,-41.5047574276614,-50.01));
#2161=CARTESIAN_POINT('Origin',(17.0764209605789,-44.4749999999999,-51.51));
#2162=CARTESIAN_POINT('',(36.5764209605788,-79.4749999999999,-51.51));
#2163=CARTESIAN_POINT('',(36.5764209605788,-79.4749999999999,-51.51));
#2164=CARTESIAN_POINT('',(17.0764209605788,-79.4749999999999,-51.51));
#2165=CARTESIAN_POINT('',(17.2514209605789,-40.4749999999999,-51.51));
#2166=CARTESIAN_POINT('Origin',(17.2514209605789,-44.4749999999999,-51.51));
#2167=CARTESIAN_POINT('',(10.5764209605788,-76.4749999999999,-51.51));
#2168=CARTESIAN_POINT('Origin',(12.0764209605788,-76.4749999999999,-51.51));
#2169=CARTESIAN_POINT('',(30.5764209605788,-76.4749999999999,-51.51));
#2170=CARTESIAN_POINT('Origin',(32.0764209605789,-76.4749999999999,-51.51));
#2171=CARTESIAN_POINT('Origin',(36.5764209605788,-73.4749999999998,-48.51));
#2172=CARTESIAN_POINT('',(36.5764209605788,-73.4749999999998,-48.51));
#2173=CARTESIAN_POINT('',(36.5764209605788,-73.4749999999998,-48.51));
#2174=CARTESIAN_POINT('',(36.5764209605789,-79.4749999999999,-48.51));
#2175=CARTESIAN_POINT('',(36.5764209605789,-79.4749999999999,-48.51));
#2176=CARTESIAN_POINT('',(36.5764209605789,-79.4749999999999,-48.51));
#2177=CARTESIAN_POINT('Origin',(32.0764209605788,-76.4749999999999,-48.51));
#2178=CARTESIAN_POINT('',(30.5764209605788,-76.4749999999999,-48.51));
#2179=CARTESIAN_POINT('',(30.5764209605788,-76.4749999999999,-48.51));
#2180=CARTESIAN_POINT('Origin',(32.0764209605788,-76.4749999999999,-48.51));
#2181=CARTESIAN_POINT('Origin',(27.147550939954,-41.5047574276615,-48.51));
#2182=CARTESIAN_POINT('',(27.147550939954,-41.5047574276615,-48.51));
#2183=CARTESIAN_POINT('',(27.1475509399539,-41.5047574276614,-50.01));
#2184=CARTESIAN_POINT('',(36.5764209605788,-73.4749999999998,-48.51));
#2185=CARTESIAN_POINT('Origin',(17.0764209605789,-44.4749999999999,-50.01));
#2186=CARTESIAN_POINT('',(6.57642096057884,-44.4749999999999,-48.51));
#2187=CARTESIAN_POINT('',(6.57642096057885,-44.4749999999999,-50.01));
#2188=CARTESIAN_POINT('Origin',(17.0764209605789,-44.4749999999999,-48.51));
#2189=CARTESIAN_POINT('Origin',(12.0764209605789,-76.4749999999999,11.49));
#2190=CARTESIAN_POINT('',(10.5764209605788,-76.4749999999999,-48.51));
#2191=CARTESIAN_POINT('Origin',(12.0764209605788,-76.4749999999999,-48.51));
#2192=CARTESIAN_POINT('',(10.5764209605788,-76.4749999999999,11.49));
#2193=CARTESIAN_POINT('Origin',(6.57642096057884,-61.9749999999999,-50.01));
#2194=CARTESIAN_POINT('',(6.57642096057885,-79.4749999999999,-48.51));
#2195=CARTESIAN_POINT('',(6.57642096057883,-79.4749999999999,-50.01));
#2196=CARTESIAN_POINT('',(6.57642096057884,-61.9749999999999,-48.51));
#2197=CARTESIAN_POINT('Origin',(17.0764209605788,-79.4749999999999,-50.01));
#2198=CARTESIAN_POINT('',(17.0764209605788,-79.4749999999999,-48.51));
#2199=CARTESIAN_POINT('Origin',(17.2514209605789,-44.4749999999999,-48.51));
#2200=CARTESIAN_POINT('',(17.2514209605789,-40.4749999999999,-48.51));
#2201=CARTESIAN_POINT('',(17.2514209605789,-40.4749999999999,-48.51));
#2202=CARTESIAN_POINT('Origin',(17.2514209605789,-44.4749999999999,-48.51));
#2203=CARTESIAN_POINT('Origin',(17.0764209605789,-44.4749999999999,-48.51));
#2204=CARTESIAN_POINT('Origin',(26.4281845128557,-41.7169176113999,10.74));
#2205=CARTESIAN_POINT('',(36.5764209605789,-78.7775972177079,11.49));
#2206=CARTESIAN_POINT('',(36.5764209605789,-73.4749999999998,9.99000000000003));
#2207=CARTESIAN_POINT('',(36.5764209605788,-59.0671342625533,5.91429941048573));
#2208=CARTESIAN_POINT('',(27.147550939954,-41.5047574276614,9.99000000000003));
#2209=CARTESIAN_POINT('',(27.147550939954,-41.5047574276614,9.99000000000003));
#2210=CARTESIAN_POINT('',(25.7088180857575,-41.9290777951384,11.49));
#2211=CARTESIAN_POINT('',(27.147550939954,-41.5047574276614,9.99000000000003));
#2212=CARTESIAN_POINT('',(25.7088180857575,-41.9290777951384,11.49));
#2213=CARTESIAN_POINT('Origin',(17.0764209605789,-44.4749999999999,10.74));
#2214=CARTESIAN_POINT('',(6.57642096057886,-44.4749999999999,9.99000000000003));
#2215=CARTESIAN_POINT('',(8.07642096057887,-44.4749999999999,11.49));
#2216=CARTESIAN_POINT('',(6.57642096057886,-44.4749999999999,9.99000000000003));
#2217=CARTESIAN_POINT('Origin',(17.0764209605789,-44.4749999999999,11.49));
#2218=CARTESIAN_POINT('Origin',(17.0764209605789,-44.4749999999999,9.99000000000003));
#2219=CARTESIAN_POINT('Origin',(7.32642096057885,-53.2249999999999,10.74));
#2220=CARTESIAN_POINT('',(6.57642096057885,-79.4749999999999,9.99000000000003));
#2221=CARTESIAN_POINT('',(8.07642096057886,-79.4749999999999,11.49));
#2222=CARTESIAN_POINT('',(9.57642096057885,-79.4749999999999,12.99));
#2223=CARTESIAN_POINT('',(8.07642096057885,-53.2249999999999,11.49));
#2224=CARTESIAN_POINT('',(6.57642096057885,-53.2249999999999,9.99000000000003));
#2225=CARTESIAN_POINT('Origin',(6.57642096057885,-61.9749999999999,9.99000000000003));
#2226=CARTESIAN_POINT('',(6.57642096057884,-44.4749999999999,8.49000000000003));
#2227=CARTESIAN_POINT('',(6.57642096057886,-44.4749999999999,9.99000000000003));
#2228=CARTESIAN_POINT('',(6.57642096057885,-79.4749999999999,8.49000000000003));
#2229=CARTESIAN_POINT('',(6.57642096057885,-61.9749999999999,8.49000000000003));
#2230=CARTESIAN_POINT('',(6.57642096057885,-79.4749999999999,9.99000000000003));
#2231=CARTESIAN_POINT('Origin',(17.0764209605789,-44.4749999999999,9.99000000000003));
#2232=CARTESIAN_POINT('',(27.147550939954,-41.5047574276615,8.49000000000003));
#2233=CARTESIAN_POINT('',(27.147550939954,-41.5047574276614,9.99000000000003));
#2234=CARTESIAN_POINT('Origin',(17.0764209605789,-44.4749999999999,8.49000000000001));
#2235=CARTESIAN_POINT('Origin',(27.147550939954,-41.5047574276615,11.49));
#2236=CARTESIAN_POINT('',(36.5764209605789,-73.4749999999998,8.49000000000003));
#2237=CARTESIAN_POINT('',(36.5764209605788,-73.4749999999998,11.49));
#2238=CARTESIAN_POINT('',(36.5764209605789,-73.4749999999998,8.49000000000003));
#2239=CARTESIAN_POINT('Origin',(36.5764209605788,-73.4749999999998,11.49));
#2240=CARTESIAN_POINT('',(36.5764209605789,-79.4749999999999,11.49));
#2241=CARTESIAN_POINT('',(36.5764209605789,-79.4749999999999,11.49));
#2242=CARTESIAN_POINT('',(36.5764209605789,-79.4749999999999,8.49000000000003));
#2243=CARTESIAN_POINT('',(36.5764209605789,-79.4749999999999,11.49));
#2244=CARTESIAN_POINT('',(36.5764209605789,-79.4749999999999,8.49000000000003));
#2245=CARTESIAN_POINT('Origin',(32.0764209605789,-76.4749999999999,11.49));
#2246=CARTESIAN_POINT('',(30.5764209605788,-76.4749999999999,8.49000000000003));
#2247=CARTESIAN_POINT('Origin',(32.0764209605789,-76.4749999999999,8.49000000000003));
#2248=CARTESIAN_POINT('',(30.5764209605788,-76.4749999999999,11.49));
#2249=CARTESIAN_POINT('',(30.5764209605788,-76.4749999999999,11.49));
#2250=CARTESIAN_POINT('Origin',(32.0764209605789,-76.4749999999999,11.49));
#2251=CARTESIAN_POINT('Origin',(12.0764209605789,-76.4749999999999,11.49));
#2252=CARTESIAN_POINT('',(10.5764209605788,-76.4749999999999,11.49));
#2253=CARTESIAN_POINT('Origin',(12.0764209605789,-76.4749999999999,11.49));
#2254=CARTESIAN_POINT('',(10.5764209605788,-76.4749999999999,8.49000000000002));
#2255=CARTESIAN_POINT('',(10.5764209605788,-76.4749999999999,11.49));
#2256=CARTESIAN_POINT('Origin',(12.0764209605789,-76.4749999999999,8.49000000000001));
#2257=CARTESIAN_POINT('Origin',(17.0764209605789,-79.4749999999999,9.99000000000003));
#2258=CARTESIAN_POINT('',(17.0764209605789,-79.4749999999999,8.49000000000003));
#2259=CARTESIAN_POINT('',(17.0764209605789,-79.4749999999999,11.49));
#2260=CARTESIAN_POINT('Origin',(17.2514209605789,-44.4749999999999,11.49));
#2261=CARTESIAN_POINT('',(17.2514209605789,-40.7749999999999,8.49000000000001));
#2262=CARTESIAN_POINT('Origin',(17.2514209605789,-44.4749999999999,8.49000000000001));
#2263=CARTESIAN_POINT('',(17.2514209605789,-40.7749999999999,11.49));
#2264=CARTESIAN_POINT('',(17.2514209605789,-40.7749999999999,11.49));
#2265=CARTESIAN_POINT('Origin',(17.2514209605789,-44.4749999999999,11.49));
#2266=CARTESIAN_POINT('Origin',(24.2514209605789,-44.4749999999999,11.49));
#2267=CARTESIAN_POINT('',(24.2514209605789,-42.5749999999999,8.49000000000002));
#2268=CARTESIAN_POINT('Origin',(24.2514209605789,-44.4749999999999,8.49000000000003));
#2269=CARTESIAN_POINT('',(24.2514209605789,-42.5749999999999,11.49));
#2270=CARTESIAN_POINT('',(24.2514209605789,-42.5749999999999,11.49));
#2271=CARTESIAN_POINT('Origin',(24.2514209605789,-44.4749999999999,11.49));
#2272=CARTESIAN_POINT('Origin',(17.0764209605789,-44.4749999999999,8.49000000000001));
#2273=CARTESIAN_POINT('',(10.2514209605789,-42.5749999999999,8.49));
#2274=CARTESIAN_POINT('Origin',(10.2514209605789,-44.4749999999999,8.49000000000001));
#2275=CARTESIAN_POINT('',(17.2514209605789,-49.5749999999999,8.49000000000001));
#2276=CARTESIAN_POINT('Origin',(17.2514209605789,-51.4749999999999,8.49000000000001));
#2277=CARTESIAN_POINT('',(17.2514209605789,-35.5749999999999,8.49000000000002));
#2278=CARTESIAN_POINT('Origin',(17.2514209605789,-37.4749999999999,8.49000000000002));
#2279=CARTESIAN_POINT('Origin',(17.2514209605789,-37.4749999999999,11.49));
#2280=CARTESIAN_POINT('',(17.2514209605789,-35.5749999999999,11.49));
#2281=CARTESIAN_POINT('',(17.2514209605789,-35.5749999999999,11.49));
#2282=CARTESIAN_POINT('Origin',(17.2514209605789,-37.4749999999999,11.49));
#2283=CARTESIAN_POINT('Origin',(10.2514209605789,-44.4749999999999,11.49));
#2284=CARTESIAN_POINT('',(10.2514209605789,-42.5749999999999,11.49));
#2285=CARTESIAN_POINT('',(10.2514209605789,-42.5749999999999,11.49));
#2286=CARTESIAN_POINT('Origin',(10.2514209605789,-44.4749999999999,11.49));
#2287=CARTESIAN_POINT('Origin',(17.2514209605789,-51.4749999999999,11.49));
#2288=CARTESIAN_POINT('',(17.2514209605789,-49.5749999999999,11.49));
#2289=CARTESIAN_POINT('',(17.2514209605789,-49.5749999999999,11.49));
#2290=CARTESIAN_POINT('Origin',(17.2514209605789,-51.4749999999999,11.49));
#2291=CARTESIAN_POINT('Origin',(17.0764209605789,-44.4749999999999,11.49));
#2292=UNCERTAINTY_MEASURE_WITH_UNIT(LENGTH_MEASURE(0.01),#2296,
'DISTANCE_ACCURACY_VALUE',
'Maximum model space distance between geometric entities at asserted c
onnectivities');
#2293=UNCERTAINTY_MEASURE_WITH_UNIT(LENGTH_MEASURE(0.01),#2296,
'DISTANCE_ACCURACY_VALUE',
'Maximum model space distance between geometric entities at asserted c
onnectivities');
#2294=(
GEOMETRIC_REPRESENTATION_CONTEXT(3)
GLOBAL_UNCERTAINTY_ASSIGNED_CONTEXT((#2292))
GLOBAL_UNIT_ASSIGNED_CONTEXT((#2296,#2298,#2299))
REPRESENTATION_CONTEXT('','3D')
);
#2295=(
GEOMETRIC_REPRESENTATION_CONTEXT(3)
GLOBAL_UNCERTAINTY_ASSIGNED_CONTEXT((#2293))
GLOBAL_UNIT_ASSIGNED_CONTEXT((#2296,#2298,#2299))
REPRESENTATION_CONTEXT('','3D')
);
#2296=(
LENGTH_UNIT()
NAMED_UNIT(*)
SI_UNIT(.MILLI.,.METRE.)
);
#2297=(
LENGTH_UNIT()
NAMED_UNIT(*)
SI_UNIT($,.METRE.)
);
#2298=(
NAMED_UNIT(*)
PLANE_ANGLE_UNIT()
SI_UNIT($,.RADIAN.)
);
#2299=(
NAMED_UNIT(*)
SI_UNIT($,.STERADIAN.)
SOLID_ANGLE_UNIT()
);
#2300=SHAPE_DEFINITION_REPRESENTATION(#2301,#2302);
#2301=PRODUCT_DEFINITION_SHAPE('',$,#2304);
#2302=SHAPE_REPRESENTATION('',(#1432),#2294);
#2303=PRODUCT_DEFINITION_CONTEXT('part definition',#2308,'design');
#2304=PRODUCT_DEFINITION('Feet','Feet v2',#2305,#2303);
#2305=PRODUCT_DEFINITION_FORMATION('',$,#2310);
#2306=PRODUCT_RELATED_PRODUCT_CATEGORY('Feet v2','Feet v2',(#2310));
#2307=APPLICATION_PROTOCOL_DEFINITION('international standard',
'automotive_design',2009,#2308);
#2308=APPLICATION_CONTEXT(
'Core Data for Automotive Mechanical Design Process');
#2309=PRODUCT_CONTEXT('part definition',#2308,'mechanical');
#2310=PRODUCT('Feet','Feet v2',$,(#2309));
#2311=PRESENTATION_STYLE_ASSIGNMENT((#2312));
#2312=SURFACE_STYLE_USAGE(.BOTH.,#2313);
#2313=SURFACE_SIDE_STYLE('',(#2314));
#2314=SURFACE_STYLE_FILL_AREA(#2315);
#2315=FILL_AREA_STYLE('Steel - Satin',(#2316));
#2316=FILL_AREA_STYLE_COLOUR('Steel - Satin',#2317);
#2317=COLOUR_RGB('Steel - Satin',0.627450980392157,0.627450980392157,0.627450980392157);
ENDSEC;
END-ISO-10303-21;
