;FLAVOR:Marlin
;TIME:3726
;Filament used: 2.39025m
;Layer height: 0.2
;MINX:75.329
;MINY:80.023
;MINZ:0.3
;MAXX:144.677
;MAXY:140.034
;MAXZ:2.1
;Generated with Cura_SteamEngine main
M140 S60
M105
M190 S60
M104 S200
M105
M109 S200
M82 ;absolute extrusion mode
; Ender 3 Custom Start G-code
G92 E0 ; Reset Extruder
G28 ; Home all axes
G1 Z2.0 F3000 ; Move Z Axis up little to prevent scratching of Heat Bed
G1 X0.1 Y20 Z0.3 F5000.0 ; Move to start position
G1 X0.1 Y200.0 Z0.3 F1500.0 E15 ; Draw the first line
G1 X0.4 Y200.0 Z0.3 F5000.0 ; Move to side a little
G1 X0.4 Y20 Z0.3 F1500.0 E30 ; Draw the second line
G92 E0 ; Reset Extruder
G1 Z2.0 F3000 ; Move Z Axis up little to prevent scratching of Heat Bed
G1 X5 Y20 Z0.3 F5000.0 ; Move over to prevent blob squish
G92 E0
G92 E0
G1 F1500 E-6.5
;LAYER_COUNT:10
;LAYER:0
M107
M204 S5000
M205 X30 Y30
;MESH:Exterior Hip L.stl
G0 F3600 X80.491 Y101.869 Z0.3
M204 S3000
M205 X20 Y20
;TYPE:WALL-INNER
G1 F1500 E0
G1 F1552.8 X80.447 Y101.323 E0.033
G1 F1626.9 X80.453 Y101.158 E0.04249
G1 F1659.3 X80.54 Y100.611 E0.07372
G1 F1677.9 X80.777 Y100.022 E0.10911
G1 F1685.4 X81.172 Y99.469 E0.14683
G1 F1677.9 X81.753 Y99.018 E0.18784
G1 F1674.1 X82.387 Y98.742 E0.22648
G1 F1681.6 X83.136 Y98.663 E0.26837
G1 F1689.2 X83.818 Y98.756 E0.30649
G1 F1685.4 X84.567 Y99.116 E0.35261
G1 F1606 X84.948 Y99.413 E0.38075
G1 F1521.3 X85.342 Y99.92 E0.42023
G1 F1500 X85.613 Y100.511 E0.46078
G1 X85.669 Y100.75 E0.47609
G1 X85.713 Y101.414 E0.51759
G1 X85.691 Y101.651 E0.53243
G1 X85.512 Y102.35 E0.57743
G1 X85.14 Y102.935 E0.62066
G1 X84.655 Y103.412 E0.66309
G1 X84.143 Y103.714 E0.70016
G1 X83.456 Y103.911 E0.74473
G1 X82.67 Y103.911 E0.79374
G1 X81.959 Y103.694 E0.8401
G1 X81.371 Y103.302 E0.88417
G1 X80.931 Y102.865 E0.92285
G1 X80.563 Y102.118 E0.97478
G1 X80.491 Y101.869 E0.99094
M204 S5000
M205 X30 Y30
G1 F1500 E-5.50906
G0 F3600 X80.342 Y101.882
G0 X79.971 Y103.756
G0 X82.142 Y122.17
G1 F1500 E0.99094
G0 F3600 X81.957 Y123.121
M204 S3000
M205 X20 Y20
G1 F1500 X82.035 Y122.877 E1.00692
G1 X82.348 Y122.276 E1.04918
G1 X82.486 Y122.09 E1.06362
G1 X82.996 Y121.585 E1.10838
G1 X83.599 Y121.272 E1.15075
G1 X84.173 Y121.108 E1.18798
G1 X84.886 Y121.1 E1.23244
G1 X85.62 Y121.289 E1.27971
G1 X86.163 Y121.596 E1.31861
G1 X86.722 Y122.133 E1.36695
G1 X87.092 Y122.792 E1.41408
G1 X87.273 Y123.604 E1.46597
G1 X87.217 Y124.407 E1.51616
G1 X86.849 Y125.252 E1.57364
G1 X86.748 Y125.399 E1.58476
G1 X86.068 Y126.058 E1.64382
G1 X85.354 Y126.372 E1.69246
G1 X84.735 Y126.479 E1.73164
G1 X84.023 Y126.445 E1.77609
G1 X83.083 Y126.062 E1.83939
G1 X82.336 Y125.338 E1.90426
G1 X81.984 Y124.532 E1.95911
G1 X81.88 Y123.835 E2.00306
G1 X81.881 Y123.677 E2.01291
G1 X81.957 Y123.121 E2.04791
M204 S5000
M205 X30 Y30
G1 F1500 E-4.45209
G0 F3600 X81.809 Y123.105
G0 X81.8 Y124.233
G0 X82.066 Y125.296
G0 X78.089 Y133.51
G0 X76.264 Y135.586
G1 F1500 E2.04791
G0 F3600 X76.471 Y135.641
M204 S3000
M205 X20 Y20
G1 F1602.6 X76.778 Y134.865 E2.09662
G1 F1500 X76.942 Y134.628 E2.1146
G1 X77.476 Y134.109 E2.16103
G1 X77.692 Y133.963 E2.17729
G1 X78.192 Y133.738 E2.21149
G1 X78.951 Y133.579 E2.25985
G1 X79.686 Y133.65 E2.3059
G1 X80.562 Y134.002 E2.36477
G1 X81.238 Y134.66 E2.4236
G1 X81.352 Y134.823 E2.43601
G1 X81.716 Y135.646 E2.49213
G1 X81.773 Y136.456 E2.54277
G1 X81.592 Y137.281 E2.59544
G1 X81.226 Y137.931 E2.64196
G1 X80.653 Y138.487 E2.69175
G1 X80.033 Y138.803 E2.73515
G1 F1599.1 X79.408 Y138.931 E2.77247
G1 F1736.1 X78.702 Y138.921 E2.81051
G1 F1764.7 X78.062 Y138.755 E2.84556
G1 X77.449 Y138.404 E2.883
G1 F1752.3 X76.909 Y137.829 E2.92511
G1 X76.513 Y137.086 E2.97006
G1 F1764.7 X76.421 Y136.406 E3.00643
G1 X76.414 Y136.306 E3.01174
G1 F1740.1 X76.471 Y135.641 E3.04762
M204 S5000
M205 X30 Y30
G0 F3600 X76.264 Y135.586
G0 X76.835 Y134.54
G0 X77.595 Y133.859
G0 X78.981 Y133.446
G0 X80.494 Y133.826
G0 X81.316 Y134.54
G0 X81.863 Y135.732
G0 X81.464 Y137.937
G0 X80.317 Y138.912
G0 X87.277 Y139.1
G0 X86.715 Y137.821
G0 X86.827 Y136.559
G0 X87.26 Y135.645
G0 X88.6 Y134.618
G0 X90.038 Y134.483
G0 X91.356 Y135.073
G0 X92.159 Y136.156
G0 X92.274 Y137.092
M204 S3000
M205 X20 Y20
G1 F1500 X92.228 Y137.782 E3.09075
G1 X92.167 Y138.033 E3.10686
G1 X91.872 Y138.704 E3.15257
G1 X91.709 Y138.941 E3.17051
G1 X91.306 Y139.332 E3.20552
G1 X119.125 Y139.334 E4.94039
G1 X119.125 Y130.754 E5.47547
G1 X118.731 Y131.15 E5.5103
G1 X118.217 Y131.478 E5.54833
G1 X117.489 Y131.716 E5.59609
G1 X116.663 Y131.716 E5.6476
G1 X115.933 Y131.477 E5.69551
G1 X115.469 Y131.199 E5.72924
G1 X114.929 Y130.658 E5.77691
G1 X114.585 Y130 E5.82321
G1 X114.403 Y129.079 E5.88176
G1 X114.602 Y128.091 E5.94461
G1 X115.04 Y127.386 E5.99637
G1 X115.719 Y126.788 E6.0528
G1 X116.41 Y126.526 E6.09888
G1 X117.131 Y126.433 E6.14422
G1 X117.796 Y126.545 E6.18627
G1 X118.307 Y126.742 E6.22043
G1 X118.533 Y126.878 E6.23688
G1 X119.125 Y127.399 E6.28606
G1 X119.125 Y120.803 E6.6974
G1 X102.584 Y110.184 E7.92322
G1 X94.076 Y110.184 E8.4538
G1 X93.864 Y110.146 E8.46723
G1 X93.5 Y109.961 E8.4927
G1 X93.363 Y109.832 E8.50443
G1 X93.253 Y109.653 E8.51753
G1 X93.152 Y109.33 E8.53864
G1 X93.152 Y104.129 E8.86299
G1 X85.81 Y99.416 E9.40707
G1 F1515.2 X85.239 Y99.032 E9.44956
G1 F1546.4 X84.668 Y98.648 E9.49118
G1 F1609.4 X84.088 Y98.386 E9.52817
G1 F1644.7 X83.51 Y98.237 E9.56212
G1 F1630.4 X82.797 Y98.22 E9.60304
G1 F1626.9 X82.091 Y98.368 E9.64452
G1 F1648.4 X81.542 Y98.622 E9.67884
G1 F1655.6 X81.157 Y98.891 E9.70538
G1 X80.78 Y99.245 E9.7346
G1 F1659.3 X80.511 Y99.598 E9.75962
G1 F1655.6 X80.279 Y100.019 E9.78678
G1 F1666.7 X80.112 Y100.469 E9.81372
G1 F1659.3 X80.002 Y101.108 E9.85027
G1 F1569 X79.94 Y101.868 E9.89574
G1 F1500 X76.187 Y134.706 E11.95693
G1 F1527.5 X76.092 Y135.334 E11.99583
G1 F1582.3 X75.996 Y135.962 E12.03339
G1 F1685.4 X75.991 Y136.388 E12.05703
G1 F1752.3 X76.064 Y136.997 E12.08978
G1 F1736.1 X76.265 Y137.541 E12.12103
G1 F1728.1 X76.563 Y138.093 E12.15498
G1 F1716.2 X77.018 Y138.588 E12.19163
G1 F1728.1 X77.503 Y138.936 E12.22394
G1 F1744.2 X78.027 Y139.191 E12.2552
G1 F1748.3 X78.654 Y139.342 E12.2897
G1 F1681.6 X79.047 Y139.378 E12.31166
G1 F1578.9 X79.573 Y139.355 E12.34285
G1 F1527.5 X80.1 Y139.332 E12.37515
G1 F1500 X87.846 Y139.332 E12.85822
G1 X87.442 Y138.941 E12.89328
G1 X87.278 Y138.703 E12.9113
G1 X86.985 Y138.033 E12.95691
G1 X86.925 Y137.803 E12.97173
G1 X86.883 Y137.16 E13.01191
G1 X86.976 Y136.489 E13.05416
G1 X87.394 Y135.687 E13.11056
G1 X87.995 Y135.088 E13.16348
G1 X88.511 Y134.803 E13.20024
G1 X89.148 Y134.615 E13.24166
G1 X89.865 Y134.594 E13.28639
G1 X90.592 Y134.785 E13.33327
G1 X91.155 Y135.089 E13.37317
G1 X91.716 Y135.63 E13.42177
G1 X92.089 Y136.28 E13.46851
G1 X92.274 Y137.092 E13.52044
M204 S5000
M205 X30 Y30
G0 F3600 X92.466 Y137.08
G0 X92.14 Y136.062
G0 X91.196 Y134.953
G0 X89.842 Y134.458
G0 X88.416 Y134.692
G0 X87.26 Y135.645
G0 X86.83 Y136.555
G0 X86.77 Y138.008
G0 X87.443 Y137.832
M204 S3000
M205 X20 Y20
;TYPE:WALL-OUTER
G1 F1500 X87.378 Y137.287 E13.55467
G1 X87.379 Y137.228 E13.55835
G1 X87.464 Y136.643 E13.59522
G1 X87.818 Y135.966 E13.64286
G1 X88.282 Y135.506 E13.68361
G1 X88.707 Y135.263 E13.71414
G1 X89.249 Y135.109 E13.74928
G1 X89.81 Y135.098 E13.78427
G1 X90.443 Y135.263 E13.82506
G1 X90.87 Y135.506 E13.8557
G1 X91.318 Y135.941 E13.89464
G1 X91.617 Y136.462 E13.9321
G1 X91.77 Y137.133 E13.97502
G1 X91.726 Y137.793 E14.01627
G1 X91.394 Y138.549 E14.06777
G1 X90.794 Y139.132 E14.11994
G1 X90.22 Y139.391 E14.15921
G1 F1619.9 X89.659 Y139.445 E14.19176
G1 F1700.7 X89.099 Y139.414 E14.22261
G1 F1569 X88.366 Y139.14 E14.26926
G1 F1500 X87.755 Y138.547 E14.32236
G1 X87.443 Y137.832 E14.37101
M204 S5000
M205 X30 Y30
G0 F3600 X87.42 Y137.634
G0 X86.715 Y137.7
G0 X87.277 Y139.1
G0 X79.913 Y139.086
G0 X80.881 Y138.559
G0 X81.718 Y137.485
G0 X81.917 Y136.297
G0 X81.486 Y134.784
G0 X80.743 Y133.985
G0 X79.542 Y133.481
G0 X78.095 Y133.619
G0 X76.835 Y134.54
G0 X76.261 Y135.599
G0 X76.926 Y135.774
M204 S3000
M205 X20 Y20
G1 F1500 X77.255 Y135.022 E14.4222
G1 X77.857 Y134.437 E14.47455
G1 X78.397 Y134.194 E14.51147
G1 X78.977 Y134.084 E14.54829
G1 X79.576 Y134.142 E14.58582
G1 X80.291 Y134.434 E14.63398
G1 X80.895 Y135.025 E14.68668
G1 X81.224 Y135.782 E14.73816
G1 X81.267 Y136.443 E14.77947
G1 X81.119 Y137.101 E14.82153
G1 X80.825 Y137.621 E14.85878
G1 X80.359 Y138.075 E14.89935
G1 X79.907 Y138.319 E14.93139
G1 X79.327 Y138.469 E14.96875
G1 X78.752 Y138.46 E15.00461
G1 X78.194 Y138.3 E15.04081
G1 X77.798 Y138.075 E15.06921
G1 X77.311 Y137.597 E15.11177
G1 X76.958 Y136.916 E15.1596
G1 X76.879 Y136.344 E15.19561
G1 X76.926 Y135.774 E15.23128
M204 S5000
M205 X30 Y30
G0 F3600 X77.006 Y135.591
G1 F1500 E8.73128
G0 F3600 X76.45 Y135.338
G0 X78.089 Y133.51
G0 X82.066 Y125.296
G1 F1500 E15.23128
G0 F3600 X82.442 Y124.332
M204 S3000
M205 X20 Y20
G1 F1500 X82.378 Y123.787 E15.2655
G1 X82.379 Y123.728 E15.26918
G1 X82.459 Y123.147 E15.30576
G1 X82.81 Y122.473 E15.35315
G1 X83.291 Y121.996 E15.39539
G1 X83.736 Y121.753 E15.42701
G1 X84.25 Y121.609 E15.4603
G1 X84.807 Y121.598 E15.49504
G1 X85.451 Y121.767 E15.53657
G1 X85.849 Y121.991 E15.56505
G1 X86.311 Y122.433 E15.60492
G1 X86.617 Y122.962 E15.64303
G1 X86.767 Y123.621 E15.68518
G1 X86.726 Y124.29 E15.72698
G1 X86.394 Y125.049 E15.77864
G1 X85.791 Y125.633 E15.83099
G1 X85.228 Y125.885 E15.86946
G1 X84.703 Y125.979 E15.90272
G1 X84.131 Y125.95 E15.93844
G1 X83.361 Y125.635 E15.99032
G1 X82.756 Y125.048 E16.04289
G1 X82.442 Y124.332 E16.09165
M204 S5000
M205 X30 Y30
G0 F3600 X82.419 Y124.134
G1 F1500 E9.59165
G0 F3600 X81.764 Y124.195
G0 X81.908 Y122.82
G0 X82.408 Y121.949
G0 X83.6 Y121.118
G0 X85.591 Y121.044
G0 X93.213 Y110.04
G1 F1500 E16.09165
G0 F3600 X93.748 Y109.513
M204 S3000
M205 X20 Y20
G1 F1500 X93.655 Y109.277 E16.10747
G1 X93.652 Y103.856 E16.44553
G1 X84.826 Y98.191 E17.09957
G1 X84.246 Y97.935 E17.13911
G1 X83.578 Y97.759 E17.18219
G1 X82.753 Y97.738 E17.23366
G1 X81.937 Y97.911 E17.28567
G1 X81.306 Y98.209 E17.32919
G1 X80.856 Y98.517 E17.3632
G1 X80.447 Y98.902 E17.39823
G1 X80.112 Y99.335 E17.43237
G1 X79.843 Y99.821 E17.46701
G1 X79.654 Y100.342 E17.50157
G1 X79.551 Y100.868 E17.535
G1 X75.529 Y136.051 E19.7434
G1 X75.529 Y136.414 E19.76604
G1 X75.608 Y137.104 E19.80935
G1 X75.838 Y137.733 E19.85111
G1 X76.166 Y138.338 E19.89403
G1 X76.703 Y138.941 E19.94439
G1 X77.265 Y139.336 E19.98723
G1 X77.868 Y139.633 E20.02914
G1 X78.546 Y139.793 E20.07259
G1 X78.886 Y139.833 E20.09394
G1 X88.277 Y139.832 E20.67959
G1 F1595.7 X89.158 Y139.862 E20.73126
G1 F1728.1 X89.733 Y139.868 E20.76239
G1 F1616.4 X90.232 Y139.833 E20.79134
G1 F1500 X119.625 Y139.834 E22.62437
G1 X119.625 Y130.005 E23.23733
G1 F1556 X119.643 Y129.46 E23.27011
G1 F1630.4 X119.647 Y128.881 E23.30333
G1 F1569 X119.625 Y128.185 E23.34485
G1 F1500 X119.625 Y120.53 E23.82223
G1 X102.731 Y109.684 E25.07422
G1 X94.044 Y109.683 E25.61597
G1 X93.748 Y109.513 E25.63726
M204 S5000
M205 X30 Y30
G0 F3600 X93.675 Y109.327
G0 X93.004 Y109.546
G0 X92.937 Y104.247
G0 X85.039 Y99.181
G0 X85.806 Y100.427
G0 X85.895 Y101.707
G0 X85.287 Y103.086
G0 X84.36 Y103.836
G0 X83.339 Y104.061
G0 X81.852 Y103.788
G0 X80.752 Y102.814
G0 X80.236 Y101.112
G0 X80.929 Y101.204
M204 S3000
M205 X20 Y20
G1 F1500 X81.008 Y100.693 E25.6695
G1 X81.19 Y100.25 E25.69937
G1 X81.537 Y99.78 E25.7358
G1 X82.028 Y99.406 E25.77429
G1 X82.572 Y99.195 E25.81068
G1 X83.089 Y99.137 E25.84313
G1 X83.645 Y99.205 E25.87806
G1 X84.351 Y99.548 E25.92701
G1 X84.577 Y99.742 E25.94558
G1 X84.942 Y100.221 E25.98314
G1 X85.167 Y100.74 E26.01841
G1 X85.217 Y101.489 E26.06523
G1 X85.048 Y102.147 E26.10759
G1 X84.786 Y102.582 E26.13926
G1 X84.351 Y103.017 E26.17763
G1 X83.953 Y103.247 E26.20629
G1 X83.406 Y103.409 E26.24187
G1 X82.744 Y103.411 E26.28316
G1 X82.177 Y103.238 E26.32012
G1 X81.649 Y102.886 E26.3597
G1 X81.325 Y102.534 E26.38953
G1 X80.993 Y101.858 E26.4365
G1 X80.928 Y101.27 E26.47339
G1 X80.929 Y101.204 E26.47751
M204 S5000
M205 X30 Y30
G0 F3600 X80.959 Y101.007
G0 X80.263 Y100.914
G0 X80.36 Y101.928
G0 X80.858 Y102.983
G0 X82.081 Y103.892
G0 X83.892 Y104.014
G0 X84.88 Y103.493
G0 X85.747 Y102.286
G0 X85.631 Y100.005
G0 X85.039 Y99.181
G0 X92.937 Y104.247
G0 X93.027 Y109.652
G0 X94.068 Y110.395
G0 X102.522 Y110.396
G0 X118.91 Y120.921
G0 X118.891 Y126.882
G0 X117.65 Y126.292
G0 X116.278 Y126.348
G0 X114.453 Y127.933
G0 X114.269 Y129.022
G0 X114.411 Y130.087
G0 X115.066 Y129.844
M204 S3000
M205 X20 Y20
G1 F1500 X114.921 Y129.138 E26.52246
G1 X114.917 Y129.074 E26.52646
G1 X115.075 Y128.274 E26.57731
G1 X115.427 Y127.713 E26.61861
G1 X115.981 Y127.229 E26.66449
G1 X116.553 Y127.005 E26.7028
G1 X117.089 Y126.942 E26.73645
G1 X117.616 Y127.011 E26.7696
G1 X118.169 Y127.224 E26.80656
G1 X118.732 Y127.72 E26.85335
G1 X119.048 Y128.224 E26.89045
G1 F1556 X119.187 Y128.821 E26.9273
G1 F1616.4 X119.182 Y129.42 E26.96196
G1 F1556 X119.055 Y129.924 E26.99321
G1 F1500 X118.811 Y130.361 E27.02442
G1 X118.377 Y130.797 E27.06279
G1 X117.966 Y131.045 E27.09272
G1 X117.409 Y131.216 E27.12906
G1 X116.743 Y131.216 E27.17059
G1 X116.184 Y131.045 E27.20705
G1 X115.798 Y130.818 E27.23497
G1 X115.34 Y130.362 E27.27528
G1 X115.066 Y129.844 E27.31182
M204 S5000
M205 X30 Y30
G0 F3600 X115.026 Y129.648
G0 X114.337 Y129.785
G0 X114.494 Y127.861
G0 X115.477 Y126.722
G0 X116.521 Y126.29
G0 X117.874 Y126.35
G0 X118.891 Y126.882
G0 X118.91 Y120.921
G0 X102.522 Y110.396
G0 X93.875 Y110.386
G0 X93.087 Y109.64
G0 X92.782 Y109.757
M204 S3000
M205 X20 Y20
;TYPE:SKIN
G1 F1500 X92.68 Y109.397 E27.33516
G1 X92.677 Y104.389 E27.64747
G1 X85.923 Y100.051 E28.14807
G1 X86.066 Y100.366 E28.16964
G1 X86.144 Y100.716 E28.192
G1 X86.187 Y101.415 E28.23568
G1 X86.152 Y101.776 E28.25829
G1 X85.954 Y102.541 E28.30757
G1 X85.495 Y103.253 E28.3604
G1 X84.975 Y103.771 E28.40618
G1 X84.336 Y104.155 E28.45267
G1 X83.517 Y104.384 E28.5057
G1 X82.752 Y104.384 E28.55341
G1 X82.421 Y104.333 E28.57429
G1 X81.932 Y104.183 E28.60619
G1 X81.602 Y104.028 E28.62893
G1 X81.072 Y103.67 E28.66881
G1 X80.634 Y103.237 E28.70722
G1 X80.323 Y102.706 E28.7456
G1 X76.727 Y134.174 E30.7208
G1 X77.176 Y133.741 E30.7597
G1 X77.461 Y133.548 E30.78117
G1 X78.138 Y133.241 E30.82753
G1 X78.943 Y133.1 E30.87849
G1 X79.799 Y133.183 E30.93213
G1 X80.743 Y133.566 E30.99566
G1 X80.98 Y133.744 E31.01414
G1 X81.622 Y134.375 E31.07028
G1 X81.764 Y134.578 E31.08573
G1 X82.113 Y135.373 E31.13987
G1 X82.191 Y135.651 E31.15788
G1 X82.25 Y136.521 E31.21226
G1 X82.083 Y137.276 E31.26048
G1 X81.966 Y137.581 E31.28085
G1 X81.674 Y138.099 E31.31794
G1 X81.477 Y138.349 E31.33779
G1 X81.067 Y138.747 E31.37342
G1 X80.903 Y138.856 E31.3857
G1 X86.824 Y138.856 E31.75495
G1 X86.549 Y138.222 E31.79805
G1 X86.451 Y137.842 E31.82252
G1 X86.411 Y137.145 E31.86606
G1 X86.514 Y136.357 E31.91562
G1 X87.003 Y135.408 E31.9822
G1 X87.696 Y134.716 E32.04327
G1 X88.361 Y134.346 E32.09073
G1 X89.104 Y134.144 E32.13875
G1 X89.921 Y134.119 E32.18972
G1 X90.779 Y134.34 E32.24498
G1 X91.451 Y134.716 E32.293
G1 X92.105 Y135.342 E32.34945
G1 X92.538 Y136.106 E32.40422
G1 X92.719 Y136.909 E32.45555
G1 X92.741 Y137.197 E32.47357
G1 X92.703 Y137.817 E32.5123
G1 X92.603 Y138.223 E32.53838
G1 X92.327 Y138.856 E32.58144
G1 X118.65 Y138.859 E34.22302
G1 X118.65 Y131.764 E34.66548
G1 X118.41 Y131.91 E34.683
G1 X117.68 Y132.15 E34.73092
G1 X117.398 Y132.189 E34.74868
G1 X116.753 Y132.189 E34.7889
G1 X116.427 Y132.14 E34.80946
G1 X115.715 Y131.901 E34.8563
G1 X115.186 Y131.583 E34.89479
G1 X114.55 Y130.947 E34.95088
G1 X114.141 Y130.183 E35.00492
G1 X113.951 Y129.237 E35.0651
G1 X113.943 Y128.972 E35.08163
G1 X114.106 Y128.13 E35.13512
G1 X114.209 Y127.829 E35.15495
G1 X114.666 Y127.086 E35.20935
G1 X115.469 Y126.381 E35.27599
G1 X116.271 Y126.071 E35.32961
G1 X117.118 Y125.954 E35.38294
G1 X117.824 Y126.048 E35.42735
G1 X118.478 Y126.298 E35.47102
G1 X118.65 Y126.397 E35.48339
G1 X118.65 Y121.063 E35.81604
G1 X102.444 Y110.659 E37.01703
G1 X93.968 Y110.653 E37.54562
G1 X93.586 Y110.547 E37.57034
G1 X93.237 Y110.357 E37.59512
G1 X92.988 Y110.125 E37.61634
G1 X92.782 Y109.757 E37.64264
M204 S5000
M205 X30 Y30
G1 F1500 E31.14264
G0 F3600 X93.088 Y109.64
G0 X84.975 Y120.886
G0 X83.416 Y121.192
G0 X82.314 Y122.087
G0 X81.807 Y123.109
G1 F1500 E37.64264
G0 F3600 X81.494 Y123.021
M204 S3000
M205 X20 Y20
G1 F1500 X81.615 Y122.657 E37.66657
G1 X81.945 Y122.026 E37.71097
G1 X82.153 Y121.751 E37.73248
G1 X82.715 Y121.195 E37.78178
G1 X83.471 Y120.813 E37.8346
G1 X84.105 Y120.636 E37.87565
G1 X84.951 Y120.626 E37.92841
G1 X85.798 Y120.847 E37.983
G1 X86.463 Y121.223 E38.03064
G1 X87.103 Y121.844 E38.08626
G1 X87.531 Y122.608 E38.14087
G1 X87.75 Y123.553 E38.20136
G1 X87.681 Y124.542 E38.26319
G1 X87.271 Y125.473 E38.32663
G1 X87.055 Y125.768 E38.34943
G1 X86.345 Y126.454 E38.411
G1 X85.53 Y126.819 E38.46669
G1 X84.754 Y126.962 E38.5159
G1 X84.103 Y126.926 E38.55656
G1 X83.791 Y126.863 E38.57641
G1 X82.817 Y126.464 E38.64205
G1 X81.936 Y125.614 E38.71839
G1 X81.535 Y124.685 E38.7815
G1 X81.458 Y124.39 E38.80051
G1 X81.396 Y123.771 E38.8393
G1 X81.397 Y123.712 E38.84298
G1 X81.494 Y123.021 E38.8865
M204 S5000
M205 X30 Y30
G1 F1500 E32.3865
G0 F3600 X81.807 Y123.109
G0 X81.8 Y124.233
G0 X82.066 Y125.296
G0 X77.044 Y124.723
G0 X76.338 Y134.722
G1 F1500 E38.8865
G0 F3600 X76.495 Y134.74
M204 S3000
M205 X20 Y20
G1 F2205.9 X76.494 Y134.746 E38.88676
G1 X76.495 Y134.74 E38.88702
M204 S5000
M205 X30 Y30
G0 F3600 X76.338 Y134.722
G0 X77.66 Y133.813
G0 X77.423 Y133.284
M204 S3000
M205 X20 Y20
G1 F1500 X77.114 Y132.976 E38.91422
M204 S5000
M205 X30 Y30
G0 F3600 X77.187 Y132.341
M204 S3000
M205 X20 Y20
G1 F1500 X77.912 Y133.066 E38.97816
M204 S5000
M205 X30 Y30
G0 F3600 X78.479 Y132.926
M204 S3000
M205 X20 Y20
G1 F1500 X77.259 Y131.707 E39.08572
M204 S5000
M205 X30 Y30
G0 F3600 X77.332 Y131.072
M204 S3000
M205 X20 Y20
G1 F1500 X79.125 Y132.866 E39.24389
M204 S5000
M205 X30 Y30
G0 F3600 X79.935 Y132.968
M204 S3000
M205 X20 Y20
G1 F1500 X77.404 Y130.437 E39.46711
M204 S5000
M205 X30 Y30
G0 F3600 X77.477 Y129.803
M204 S3000
M205 X20 Y20
G1 F1500 X86.279 Y138.604 E40.24335
M204 S5000
M205 X30 Y30
G0 F3600 X85.571 Y138.604
M204 S3000
M205 X20 Y20
G1 F1500 X82.385 Y135.418 E40.52434
M204 S5000
M205 X30 Y30
G0 F3600 X82.482 Y136.222
M204 S3000
M205 X20 Y20
G1 F1500 X84.864 Y138.604 E40.73442
M204 S5000
M205 X30 Y30
G0 F3600 X84.157 Y138.604
M204 S3000
M205 X20 Y20
G1 F1500 X82.426 Y136.873 E40.88708
M204 S5000
M205 X30 Y30
G0 F3600 X82.283 Y137.438
M204 S3000
M205 X20 Y20
G1 F1500 X83.45 Y138.604 E40.98996
M204 S5000
M205 X30 Y30
G0 F3600 X82.743 Y138.604
M204 S3000
M205 X20 Y20
G1 F1500 X82.06 Y137.921 E41.0502
M204 S5000
M205 X30 Y30
G0 F3600 X81.784 Y138.353
M204 S3000
M205 X20 Y20
G1 F1500 X82.036 Y138.604 E41.07238
M204 S5000
M205 X30 Y30
G0 F3600 X82.037 Y139.183
G0 X87.277 Y139.1
G0 X86.77 Y137.763
G0 X86.199 Y137.817
M204 S3000
M205 X20 Y20
G1 F1500 X77.549 Y129.168 E41.83522
M204 S5000
M205 X30 Y30
G0 F3600 X77.622 Y128.534
M204 S3000
M205 X20 Y20
G1 F1500 X86.163 Y137.075 E42.58848
M204 S5000
M205 X30 Y30
G0 F3600 X86.249 Y136.453
M204 S3000
M205 X20 Y20
G1 F1500 X77.694 Y127.899 E43.34294
M204 S5000
M205 X30 Y30
G0 F3600 X77.767 Y127.265
M204 S3000
M205 X20 Y20
G1 F1500 X86.446 Y135.944 E44.10838
M204 S5000
M205 X30 Y30
G0 F3600 X86.687 Y135.477
M204 S3000
M205 X20 Y20
G1 F1500 X77.84 Y126.63 E44.88863
M204 S5000
M205 X30 Y30
G0 F3600 X77.912 Y125.995
M204 S3000
M205 X20 Y20
G1 F1500 X86.987 Y135.07 E45.689
M204 S5000
M205 X30 Y30
G0 F3600 X87.341 Y134.717
M204 S3000
M205 X20 Y20
G1 F1500 X77.985 Y125.361 E46.51414
M204 S5000
M205 X30 Y30
G0 F3600 X78.057 Y124.726
M204 S3000
M205 X20 Y20
G1 F1500 X87.735 Y134.404 E47.36769
M204 S5000
M205 X30 Y30
G0 F3600 X88.189 Y134.151
M204 S3000
M205 X20 Y20
G1 F1500 X78.13 Y124.092 E48.25483
M204 S5000
M205 X30 Y30
G0 F3600 X78.202 Y123.457
M204 S3000
M205 X20 Y20
G1 F1500 X88.73 Y133.985 E49.18334
M204 S5000
M205 X30 Y30
G0 F3600 X89.338 Y133.886
M204 S3000
M205 X20 Y20
G1 F1500 X78.275 Y122.823 E50.15903
M204 S5000
M205 X30 Y30
G0 F3600 X78.348 Y122.188
M204 S3000
M205 X20 Y20
G1 F1500 X81.581 Y125.421 E50.44417
G1 X81.669 Y125.509
M204 S5000
M205 X30 Y30
G0 F3600 X82.138 Y125.26
G0 X81.772 Y124.283
G0 X81.204 Y124.337
M204 S3000
M205 X20 Y20
G1 F1500 X78.42 Y121.553 E50.6897
M204 S5000
M205 X30 Y30
G0 F3600 X78.493 Y120.919
M204 S3000
M205 X20 Y20
G1 F1500 X81.161 Y123.588 E50.92505
M204 S5000
M205 X30 Y30
G0 F3600 X81.248 Y122.967
M204 S3000
M205 X20 Y20
G1 F1500 X78.565 Y120.284 E51.16167
M204 S5000
M205 X30 Y30
G0 F3600 X78.638 Y119.65
M204 S3000
M205 X20 Y20
G1 F1500 X81.439 Y122.451 E51.4087
M204 S5000
M205 X30 Y30
G0 F3600 X81.68 Y121.985
M204 S3000
M205 X20 Y20
G1 F1500 X78.71 Y119.015 E51.67064
M204 S5000
M205 X30 Y30
G0 F3600 X78.783 Y118.38
M204 S3000
M205 X20 Y20
G1 F1500 X81.976 Y121.574 E51.95229
M204 S5000
M205 X30 Y30
G0 F3600 X82.33 Y121.221
M204 S3000
M205 X20 Y20
G1 F1500 X78.855 Y117.746 E52.25876
M204 S5000
M205 X30 Y30
G0 F3600 X78.927 Y117.111
M204 S3000
M205 X20 Y20
G1 F1500 X82.724 Y120.908 E52.59364
M204 S5000
M205 X30 Y30
G0 F3600 X83.192 Y120.669
M204 S3000
M205 X20 Y20
G1 F1500 X79 Y116.477 E52.96335
M204 S5000
M205 X30 Y30
G0 F3600 X79.072 Y115.842
M204 S3000
M205 X20 Y20
G1 F1500 X83.715 Y120.485 E53.37283
M204 S5000
M205 X30 Y30
G0 F3600 X84.321 Y120.383
M204 S3000
M205 X20 Y20
G1 F1500 X79.145 Y115.208 E53.82928
M204 S5000
M205 X30 Y30
G0 F3600 X79.218 Y114.573
M204 S3000
M205 X20 Y20
G1 F1500 X85.029 Y120.384 E54.34178
G1 X85.117 Y120.472
M204 S5000
M205 X30 Y30
G0 F3600 X86.047 Y120.696
M204 S3000
M205 X20 Y20
G1 F1500 X79.29 Y113.938 E54.93775
M204 S5000
M205 X30 Y30
G0 F3600 X79.363 Y113.304
M204 S3000
M205 X20 Y20
G1 F1500 X104.664 Y138.605 E57.16915
M204 S5000
M205 X30 Y30
G0 F3600 X103.957 Y138.605
M204 S3000
M205 X20 Y20
G1 F1500 X87.633 Y122.281 E58.60884
G1 X87.545 Y122.193
M204 S5000
M205 X30 Y30
G0 F3600 X87.077 Y122.456
G0 X87.396 Y123.45
G0 X87.952 Y123.308
M204 S3000
M205 X20 Y20
G1 F1500 X103.25 Y138.605 E59.95799
M204 S5000
M205 X30 Y30
G0 F3600 X102.543 Y138.605
M204 S3000
M205 X20 Y20
G1 F1500 X87.967 Y124.03 E61.24346
M204 S5000
M205 X30 Y30
G0 F3600 X87.898 Y124.667
M204 S3000
M205 X20 Y20
G1 F1500 X101.836 Y138.605 E62.47272
M204 S5000
M205 X30 Y30
G0 F3600 X101.128 Y138.605
M204 S3000
M205 X20 Y20
G1 F1500 X87.68 Y125.157 E63.65875
M204 S5000
M205 X30 Y30
G0 F3600 X87.457 Y125.641
M204 S3000
M205 X20 Y20
G1 F1500 X100.421 Y138.605 E64.8021
M204 S5000
M205 X30 Y30
G0 F3600 X99.714 Y138.605
M204 S3000
M205 X20 Y20
G1 F1500 X87.141 Y126.032 E65.91097
M204 S5000
M205 X30 Y30
G0 F3600 X86.781 Y126.379
M204 S3000
M205 X20 Y20
G1 F1500 X99.006 Y138.604 E66.98914
M204 S5000
M205 X30 Y30
G0 F3600 X98.299 Y138.604
M204 S3000
M205 X20 Y20
G1 F1500 X86.398 Y126.703 E68.03874
M204 S5000
M205 X30 Y30
G0 F3600 X85.91 Y126.922
M204 S3000
M205 X20 Y20
G1 F1500 X97.592 Y138.604 E69.06903
M204 S5000
M205 X30 Y30
G0 F3600 X96.885 Y138.604
M204 S3000
M205 X20 Y20
G1 F1500 X85.381 Y127.101 E70.08357
M204 S5000
M205 X30 Y30
G0 F3600 X84.781 Y127.207
M204 S3000
M205 X20 Y20
G1 F1500 X96.178 Y138.604 E71.08872
M204 S5000
M205 X30 Y30
G0 F3600 X95.471 Y138.604
M204 S3000
M205 X20 Y20
G1 F1500 X92.623 Y135.757 E71.33985
G1 X92.535 Y135.669
M204 S5000
M205 X30 Y30
G0 F3600 X92.065 Y135.934
G0 X92.389 Y136.918
G0 X92.95 Y136.791
M204 S3000
M205 X20 Y20
G1 F1500 X94.764 Y138.604 E71.49979
M204 S5000
M205 X30 Y30
G0 F3600 X94.057 Y138.604
M204 S3000
M205 X20 Y20
G1 F1500 X92.972 Y137.52 E71.59544
M204 S5000
M205 X30 Y30
G0 F3600 X92.881 Y138.136
M204 S3000
M205 X20 Y20
G1 F1500 X93.35 Y138.604 E71.63676
M204 S5000
M205 X30 Y30
G0 F3600 X93.35 Y139.183
G0 X91.874 Y139.1
G0 X92.466 Y137.627
G0 X92.14 Y136.062
G0 X91.426 Y135.161
G0 X91.097 Y134.231
M204 S3000
M205 X20 Y20
G1 F1500 X84.033 Y127.167 E72.25976
G1 X83.945 Y127.079
M204 S5000
M205 X30 Y30
G0 F3600 X84.022 Y126.586
G0 X82.941 Y126.782
M204 S3000
M205 X20 Y20
G1 F1500 X90.052 Y133.892 E72.88687
G1 X90.14 Y133.98
M204 S5000
M205 X30 Y30
G0 F3600 X90.013 Y134.476
G0 X91.238 Y134.888
G0 X92.218 Y136.08
G0 X92.476 Y137.22
G0 X91.874 Y139.1
G0 X105.371 Y139.183
G0 X105.371 Y138.605
M204 S3000
M205 X20 Y20
G1 F1500 X79.435 Y112.669 E75.17428
M204 S5000
M205 X30 Y30
G0 F3600 X79.508 Y112.035
M204 S3000
M205 X20 Y20
G1 F1500 X106.079 Y138.606 E77.51769
M204 S5000
M205 X30 Y30
G0 F3600 X106.786 Y138.606
M204 S3000
M205 X20 Y20
G1 F1500 X79.58 Y111.4 E79.9171
M204 S5000
M205 X30 Y30
G0 F3600 X79.653 Y110.766
M204 S3000
M205 X20 Y20
G1 F1500 X107.493 Y138.606 E82.37243
M204 S5000
M205 X30 Y30
G0 F3600 X108.2 Y138.606
M204 S3000
M205 X20 Y20
G1 F1500 X79.726 Y110.131 E84.88371
M204 S5000
M205 X30 Y30
G0 F3600 X79.798 Y109.496
M204 S3000
M205 X20 Y20
G1 F1500 X108.907 Y138.606 E87.451
M204 S5000
M205 X30 Y30
G0 F3600 X109.614 Y138.606
M204 S3000
M205 X20 Y20
G1 F1500 X79.871 Y108.862 E90.07421
M204 S5000
M205 X30 Y30
G0 F3600 X79.943 Y108.227
M204 S3000
M205 X20 Y20
G1 F1500 X110.322 Y138.606 E92.75346
M204 S5000
M205 X30 Y30
G0 F3600 X111.029 Y138.606
M204 S3000
M205 X20 Y20
G1 F1500 X80.016 Y107.593 E95.48863
M204 S5000
M205 X30 Y30
G0 F3600 X80.088 Y106.958
M204 S3000
M205 X20 Y20
G1 F1500 X111.736 Y138.606 E98.2798
M204 S5000
M205 X30 Y30
G0 F3600 X112.444 Y138.607
M204 S3000
M205 X20 Y20
G1 F1500 X80.161 Y106.324 E101.12698
M204 S5000
M205 X30 Y30
G0 F3600 X80.233 Y105.689
M204 S3000
M205 X20 Y20
G1 F1500 X113.151 Y138.607 E104.03016
M204 S5000
M205 X30 Y30
G0 F3600 X113.858 Y138.607
M204 S3000
M205 X20 Y20
G1 F1500 X80.306 Y105.054 E106.98929
M204 S5000
M205 X30 Y30
G0 F3600 X80.378 Y104.42
M204 S3000
M205 X20 Y20
G1 F1500 X114.565 Y138.607 E110.00439
M204 S5000
M205 X30 Y30
G0 F3600 X115.272 Y138.607
M204 S3000
M205 X20 Y20
G1 F1500 X80.451 Y103.785 E113.07545
G1 X80.363 Y103.697
M204 S5000
M205 X30 Y30
G0 F3600 X79.889 Y103.642
G0 X80.216 Y101.308
G0 X81.013 Y103.221
G0 X81.991 Y103.855
G0 X81.746 Y104.373
M204 S3000
M205 X20 Y20
G1 F1500 X115.979 Y138.607 E116.09464
M204 S5000
M205 X30 Y30
G0 F3600 X116.686 Y138.607
M204 S3000
M205 X20 Y20
G1 F1500 X82.709 Y104.629 E119.09126
M204 S5000
M205 X30 Y30
G0 F3600 X83.417 Y104.63
M204 S3000
M205 X20 Y20
G1 F1500 X117.393 Y138.607 E122.0878
M204 S5000
M205 X30 Y30
G0 F3600 X118.1 Y138.607
M204 S3000
M205 X20 Y20
G1 F1500 X84.002 Y104.508 E125.09509
M204 S5000
M205 X30 Y30
G0 F3600 X84.528 Y104.327
M204 S3000
M205 X20 Y20
G1 F1500 X118.4 Y138.199 E128.0824
M204 S5000
M205 X30 Y30
G0 F3600 X118.4 Y137.491
M204 S3000
M205 X20 Y20
G1 F1500 X84.969 Y104.061 E131.03078
M204 S5000
M205 X30 Y30
G0 F3600 X85.356 Y103.741
M204 S3000
M205 X20 Y20
G1 F1500 X118.4 Y136.784 E133.94503
M204 S5000
M205 X30 Y30
G0 F3600 X118.4 Y136.077
M204 S3000
M205 X20 Y20
G1 F1500 X85.706 Y103.383 E136.82845
M204 S5000
M205 X30 Y30
G0 F3600 X85.983 Y102.954
M204 S3000
M205 X20 Y20
G1 F1500 X92.434 Y109.404 E137.39735
M204 S5000
M205 X30 Y30
G0 F3600 X92.433 Y108.697
M204 S3000
M205 X20 Y20
G1 F1500 X86.224 Y102.488 E137.94495
M204 S5000
M205 X30 Y30
G0 F3600 X86.37 Y101.926
M204 S3000
M205 X20 Y20
G1 F1500 X92.432 Y107.988 E138.47958
M204 S5000
M205 X30 Y30
G0 F3600 X92.431 Y107.28
M204 S3000
M205 X20 Y20
G1 F1500 X86.431 Y101.28 E139.00875
M204 S5000
M205 X30 Y30
G0 F3600 X86.718 Y100.86
M204 S3000
M205 X20 Y20
G1 F1500 X92.43 Y106.572 E139.51251
M204 S5000
M205 X30 Y30
G0 F3600 X92.428 Y105.863
M204 S3000
M205 X20 Y20
G1 F1500 X88.693 Y102.128 E139.84192
G1 X88.605 Y102.04
M204 S5000
M205 X30 Y30
G0 F3600 X88.901 Y101.58
G0 X90.978 Y102.913
G0 X90.668 Y103.396
M204 S3000
M205 X20 Y20
G1 F1500 X92.428 Y105.155 E139.99709
G1 X92.516 Y105.243
M204 S5000
M205 X30 Y30
G0 F3600 X93.002 Y105.243
G0 X93.013 Y109.376
G0 X94.009 Y110.33
G0 X93.927 Y110.898
M204 S3000
M205 X20 Y20
G1 F1500 X118.4 Y135.37 E142.15543
M204 S5000
M205 X30 Y30
G0 F3600 X118.4 Y134.663
M204 S3000
M205 X20 Y20
G1 F1500 X115.995 Y132.258 E142.36754
M204 S5000
M205 X30 Y30
G0 F3600 X116.88 Y132.436
M204 S3000
M205 X20 Y20
G1 F1500 X118.4 Y133.956 E142.50159
M204 S5000
M205 X30 Y30
G0 F3600 X118.4 Y133.249
M204 S3000
M205 X20 Y20
G1 F1500 X117.569 Y132.418 E142.57488
M204 S5000
M205 X30 Y30
G0 F3600 X118.126 Y132.268
M204 S3000
M205 X20 Y20
G1 F1500 X118.4 Y132.542 E142.59905
M204 S5000
M205 X30 Y30
G0 F3600 X118.975 Y132.542
G0 X118.892 Y131.317
G0 X117.76 Y131.863
G0 X116.612 Y131.84
G0 X115.297 Y131.237
G0 X114.433 Y130.005
G0 X113.875 Y130.138
M204 S3000
M205 X20 Y20
G1 F1500 X94.637 Y110.9 E144.29573
M204 S5000
M205 X30 Y30
G0 F3600 X95.344 Y110.901
M204 S3000
M205 X20 Y20
G1 F1500 X113.702 Y129.258 E145.91475
M204 S5000
M205 X30 Y30
G0 F3600 X113.759 Y128.608
M204 S3000
M205 X20 Y20
G1 F1500 X96.052 Y110.901 E147.47641
M204 S5000
M205 X30 Y30
G0 F3600 X96.76 Y110.902
M204 S3000
M205 X20 Y20
G1 F1500 X113.879 Y128.021 E148.98621
M204 S5000
M205 X30 Y30
G0 F3600 X114.097 Y127.532
M204 S3000
M205 X20 Y20
G1 F1500 X97.468 Y110.903 E150.45279
M204 S5000
M205 X30 Y30
G0 F3600 X98.176 Y110.904
M204 S3000
M205 X20 Y20
G1 F1500 X114.368 Y127.096 E151.88083
M204 S5000
M205 X30 Y30
G0 F3600 X114.698 Y126.719
M204 S3000
M205 X20 Y20
G1 F1500 X98.883 Y110.904 E153.27562
M204 S5000
M205 X30 Y30
G0 F3600 X99.591 Y110.905
M204 S3000
M205 X20 Y20
G1 F1500 X115.075 Y126.388 E154.64118
M204 S5000
M205 X30 Y30
G0 F3600 X115.492 Y126.099
M204 S3000
M205 X20 Y20
G1 F1500 X100.299 Y110.906 E155.98111
M204 S5000
M205 X30 Y30
G0 F3600 X101.007 Y110.906
M204 S3000
M205 X20 Y20
G1 F1500 X116.004 Y125.903 E157.30376
M204 S5000
M205 X30 Y30
G0 F3600 X116.58 Y125.773
M204 S3000
M205 X20 Y20
G1 F1500 X101.715 Y110.907 E158.61481
M204 S5000
M205 X30 Y30
G0 F3600 X102.517 Y111.002
M204 S3000
M205 X20 Y20
G1 F1500 X117.23 Y125.715 E159.91241
M204 S5000
M205 X30 Y30
G0 F3600 X118.11 Y125.889
M204 S3000
M205 X20 Y20
G1 F1500 X104.491 Y112.27 E161.11353
G1 X104.403 Y112.182
M204 S5000
M205 X30 Y30
G0 F3600 X104.7 Y111.721
G0 X106.776 Y113.055
G0 X106.466 Y113.538
M204 S3000
M205 X20 Y20
G1 F1500 X118.4 Y125.471 E162.166
M204 S5000
M205 X30 Y30
G0 F3600 X118.4 Y124.764
M204 S3000
M205 X20 Y20
G1 F1500 X108.442 Y114.806 E163.04424
G1 X108.354 Y114.718
M204 S5000
M205 X30 Y30
G0 F3600 X108.65 Y114.258
G0 X110.726 Y115.591
G0 X110.417 Y116.074
M204 S3000
M205 X20 Y20
G1 F1500 X118.4 Y124.056 E163.74825
M204 S5000
M205 X30 Y30
G0 F3600 X118.4 Y123.349
M204 S3000
M205 X20 Y20
G1 F1500 X112.392 Y117.342 E164.27807
G1 X112.304 Y117.254
M204 S5000
M205 X30 Y30
G0 F3600 X112.601 Y116.794
G0 X114.678 Y118.127
G0 X114.367 Y118.61
M204 S3000
M205 X20 Y20
G1 F1500 X118.4 Y122.642 E164.63372
M204 S5000
M205 X30 Y30
G0 F3600 X118.4 Y121.935
M204 S3000
M205 X20 Y20
G1 F1500 X116.342 Y119.877 E164.81522
G1 X116.254 Y119.789
M204 S5000
M205 X30 Y30
G0 F3600 X116.55 Y119.329
G0 X118.628 Y120.663
G0 X118.317 Y121.145
M204 S3000
M205 X20 Y20
G1 F1500 X118.4 Y121.228 E164.82254
M204 S5000
M205 X30 Y30
G1 F1500 E158.32254
;MESH:Hip Servo Mount L.stl
G0 F3600 X118.975 Y121.228
G0 X109.877 Y114.532
G0 X126.381 Y91.362
G0 X125.659 Y89.953
G1 F1500 E164.82254
G0 F3600 X125.801 Y89.923
M204 S3000
M205 X20 Y20
;TYPE:WALL-INNER
G1 F1500 X125.732 Y89.333 E164.85959
G1 X125.737 Y89.13 E164.87225
G1 X125.848 Y88.467 E164.91417
G1 X126.052 Y87.99 E164.94653
G1 X126.495 Y87.373 E164.99389
G1 X127.013 Y86.968 E165.0349
G1 X127.238 Y86.847 E165.05083
G1 X127.97 Y86.603 E165.09895
G1 X128.665 Y86.579 E165.14232
G1 X128.929 Y86.618 E165.15896
G1 X129.615 Y86.849 E165.2041
G1 X129.834 Y86.966 E165.21959
G1 X130.349 Y87.364 E165.26018
G1 X130.759 Y87.91 E165.30276
G1 X131.007 Y88.463 E165.34055
G1 X131.127 Y89.131 E165.38288
G1 X131.071 Y89.9 E165.43096
G1 X130.699 Y90.737 E165.48808
G1 X130.597 Y90.884 E165.49924
G1 X129.938 Y91.527 E165.55666
G1 X129.247 Y91.846 E165.60412
G1 X128.543 Y91.974 E165.64875
G1 X127.86 Y91.913 E165.69151
G1 X127.192 Y91.675 E165.73573
G1 X126.632 Y91.306 E165.77756
G1 X126.041 Y90.564 E165.83671
G1 X125.801 Y89.923 E165.8794
M204 S5000
M205 X30 Y30
G1 F1500 E159.3794
G0 F3600 X125.659 Y89.953
G0 X125.729 Y88.376
G0 X126.521 Y87.163
G0 X128.145 Y86.442
G0 X129.89 Y86.836
G0 X130.948 Y87.776
G0 X138.002 Y84.123
G0 X138.157 Y83.107
G1 F1500 E165.8794
G0 F3600 X138.297 Y83.159
M204 S3000
M205 X20 Y20
G1 F1500 X138.53 Y82.513 E165.92222
G1 X139.004 Y81.876 E165.97174
G1 X139.213 Y81.683 E165.98948
G1 F1533.7 X139.848 Y81.306 E166.03452
G1 F1602.6 X140.028 Y81.237 E166.04577
G1 F1674.1 X140.744 Y81.113 E166.08638
G1 F1732.1 X141.548 Y81.175 E166.12993
G1 F1773 X142.237 Y81.446 E166.16899
G1 F1790 X142.902 Y81.953 E166.21269
G1 F1781.5 X143.394 Y82.731 E166.26103
G1 F1785.7 X143.556 Y83.364 E166.29525
G1 F1752.3 X143.573 Y84.091 E166.33407
G1 F1599.1 X143.483 Y84.624 E166.36569
G1 F1500 X143.271 Y85.102 E166.3983
G1 X142.909 Y85.61 E166.4372
G1 X142.369 Y86.058 E166.48096
G1 X141.772 Y86.333 E166.52195
G1 X141.529 Y86.398 E166.53764
G1 X140.791 Y86.468 E166.58387
G1 X140.013 Y86.326 E166.63319
G1 X139.318 Y85.948 E166.68253
G1 X138.827 Y85.468 E166.72535
G1 X138.504 Y84.972 E166.76226
G1 X138.294 Y84.374 E166.80179
G1 X138.252 Y84.211 E166.81228
G1 X138.253 Y83.412 E166.86211
G1 X138.297 Y83.159 E166.87813
M204 S5000
M205 X30 Y30
G0 F3600 X138.109 Y83.098
G0 X138.151 Y84.378
G0 X138.608 Y85.525
G0 X139.829 Y86.465
G0 X141.162 Y86.644
G0 X142.366 Y86.291
G0 X143.46 Y85.194
G0 X143.745 Y91.975
G0 X142.267 Y91.384
G0 X140.806 Y91.588
G0 X139.926 Y92.169
G0 X139.165 Y93.323
G0 X139.089 Y94.367
G0 X139.412 Y95.71
G0 X139.571 Y95.617
M204 S3000
M205 X20 Y20
G1 F1500 X139.305 Y94.915 E166.92494
G1 X139.223 Y94.314 E166.96277
G1 X139.298 Y93.628 E167.0058
G1 X139.569 Y92.92 E167.05308
G1 X140.157 Y92.222 E167.11
G1 X140.781 Y91.817 E167.15639
G1 X141.423 Y91.616 E167.19834
G1 X142.128 Y91.571 E167.2424
G1 X142.763 Y91.7 E167.28281
G1 X143.003 Y91.794 E167.29888
G1 X143.63 Y92.175 E167.34464
G1 X143.976 Y92.546 E167.37627
G1 X143.976 Y84.679 E167.86688
G1 F1599.1 X144.007 Y84.128 E167.89916
G1 F1720.2 X144.009 Y83.625 E167.92652
G1 F1740.1 X143.929 Y83.077 E167.95629
G1 F1752.3 X143.75 Y82.503 E167.98838
G1 F1736.1 X143.444 Y81.996 E168.02029
G1 F1752.3 X143.152 Y81.629 E168.04533
G1 F1760.6 X142.799 Y81.323 E168.07015
G1 F1752.3 X142.399 Y81.06 E168.09571
G1 F1756.4 X141.973 Y80.872 E168.1205
G1 F1748.3 X141.516 Y80.744 E168.1459
G1 F1744.2 X141.046 Y80.692 E168.17126
G1 F1736.1 X140.536 Y80.711 E168.19876
G1 F1693 X140.009 Y80.782 E168.22814
G1 F1609.4 X139.482 Y80.854 E168.25905
G1 F1536.9 X138.954 Y80.926 E168.29149
G1 F1500 X106.446 Y84.64 E170.33196
G1 F1521.3 X105.946 Y84.681 E170.36281
G1 F1562.5 X105.445 Y84.723 E170.39291
G1 F1606 X104.88 Y84.887 E170.42718
G1 F1659.3 X104.441 Y85.078 E170.45417
G1 X104.043 Y85.348 E170.48128
G1 F1637.6 X103.695 Y85.663 E170.5081
G1 F1634 X103.318 Y86.136 E170.54272
G1 F1652 X103.054 Y86.675 E170.57671
G1 F1655.6 X102.926 Y87.136 E170.60374
G1 F1652 X102.858 Y87.604 E170.63052
G1 F1659.3 X102.874 Y88.083 E170.65754
G1 F1637.6 X102.962 Y88.556 E170.68502
G1 F1652 X103.128 Y89.041 E170.71405
G1 F1616.4 X103.4 Y89.524 E170.74613
G1 F1546.4 X103.697 Y89.964 E170.77824
G1 F1515.2 X103.994 Y90.404 E170.81102
G1 F1500 X108.772 Y97.846 E171.36254
G1 X113.968 Y97.845 E171.68658
G1 X114.147 Y97.895 E171.69817
G1 X114.512 Y98.094 E171.72409
G1 X114.661 Y98.258 E171.73791
G1 X114.827 Y98.694 E171.76701
G1 X114.827 Y107.278 E172.30233
G1 X125.445 Y123.818 E173.52806
G1 X132.065 Y123.819 E173.9409
G1 X131.59 Y123.342 E173.98288
G1 X131.273 Y122.746 E174.02498
G1 X131.104 Y122.06 E174.06904
G1 X131.104 Y121.363 E174.11251
G1 X131.303 Y120.719 E174.15454
G1 X131.621 Y120.164 E174.19443
G1 X132.158 Y119.631 E174.24162
G1 X132.673 Y119.337 E174.2786
G1 X133.343 Y119.143 E174.3221
G1 X134.142 Y119.144 E174.37193
G1 X134.818 Y119.349 E174.41598
G1 X135.328 Y119.652 E174.45297
G1 X135.855 Y120.185 E174.49972
G1 X136.118 Y120.628 E174.53185
G1 X136.358 Y121.358 E174.57977
G1 X136.358 Y122.175 E174.63072
G1 X136.159 Y122.819 E174.67275
G1 X135.795 Y123.42 E174.71657
G1 X135.397 Y123.819 E174.75172
G1 X143.976 Y123.819 E175.28673
G1 X143.976 Y95.99 E177.02222
G1 X143.63 Y96.362 E177.0539
G1 X143 Y96.744 E177.09985
G1 X142.761 Y96.837 E177.11584
G1 X142.222 Y96.947 E177.15015
G1 X141.445 Y96.935 E177.19861
G1 X140.766 Y96.707 E177.24328
G1 X140.161 Y96.321 E177.28803
G1 X139.571 Y95.617 E177.34532
M204 S5000
M205 X30 Y30
G0 F3600 X139.412 Y95.71
G0 X139.017 Y94.286
G0 X139.382 Y92.843
G0 X140.135 Y91.985
G0 X141.522 Y91.392
G0 X142.802 Y91.493
G0 X143.745 Y91.975
G0 X143.732 Y84.64
G0 X142.971 Y85.832
G0 X141.864 Y86.523
G0 X140.504 Y86.632
G0 X139.126 Y86.053
G0 X138.277 Y84.963
G0 X138.042 Y83.415
G0 X138.427 Y82.298
G0 X139.105 Y81.502
G0 X140.002 Y81.008
G0 X105.702 Y84.925
G0 X106.781 Y85.038
G0 X108.023 Y85.839
G0 X108.595 Y86.758
G0 X108.751 Y88.217
G0 X108.029 Y89.597
G0 X106.481 Y90.501
G0 X105.407 Y90.508
G0 X104.402 Y90.105
G0 X103.664 Y89.404
G0 X103.08 Y87.651
G0 X103.303 Y87.651
M204 S3000
M205 X20 Y20
G1 F1677.9 X103.473 Y86.823 E177.39244
G1 F1681.6 X103.825 Y86.177 E177.43337
G1 F1655.6 X104.335 Y85.704 E177.47267
G1 F1659.3 X104.647 Y85.47 E177.49465
G1 F1634 X105.581 Y85.146 E177.55125
G1 F1540 X106.459 Y85.175 E177.60461
G1 F1500 X106.697 Y85.231 E177.61986
G1 X107.177 Y85.429 E177.65224
G1 X107.385 Y85.559 E177.66754
G1 X107.969 Y86.072 E177.71601
G1 X108.361 Y86.702 E177.76228
G1 X108.567 Y87.473 E177.81205
G1 X108.544 Y88.183 E177.85635
G1 X108.355 Y88.841 E177.89905
G1 X107.963 Y89.468 E177.94516
G1 X107.292 Y90.06 E178.00096
G1 X106.697 Y90.308 E178.04116
G1 X106.459 Y90.363 E178.0564
G1 X105.729 Y90.411 E178.10202
G1 X105.437 Y90.373 E178.12038
G1 X104.731 Y90.133 E178.16689
G1 X104.478 Y89.987 E178.1851
G1 F1556 X103.907 Y89.467 E178.23153
G1 F1648.4 X103.516 Y88.819 E178.27448
G1 F1655.6 X103.409 Y88.454 E178.29597
G1 X103.308 Y87.91 E178.32723
G1 F1677.9 X103.303 Y87.651 E178.34168
M204 S5000
M205 X30 Y30
G0 F3600 X103.923 Y86.958
M204 S3000
M205 X20 Y20
;TYPE:WALL-OUTER
G1 F1500 X104.269 Y86.403 E178.38246
G1 X104.847 Y85.896 E178.43041
G1 X105.647 Y85.623 E178.48313
G1 X106.465 Y85.677 E178.53425
G1 X107.023 Y85.906 E178.57187
G1 X107.584 Y86.4 E178.61848
G1 X107.897 Y86.901 E178.65532
G1 X108.065 Y87.531 E178.69598
G1 X108.044 Y88.13 E178.73336
G1 X107.889 Y88.647 E178.76702
G1 X107.585 Y89.137 E178.80298
G1 X107.024 Y89.626 E178.84939
G1 X106.469 Y89.861 E178.88698
G1 X105.646 Y89.915 E178.93841
G1 X104.844 Y89.643 E178.99123
G1 X104.279 Y89.147 E179.03811
G1 X103.924 Y88.572 E179.08025
G1 X103.772 Y87.818 E179.12822
G1 X103.772 Y87.72 E179.13433
G1 X103.923 Y86.958 E179.18278
M204 S5000
M205 X30 Y30
G0 F3600 X104.028 Y86.789
G0 X103.419 Y86.437
G0 X103.141 Y87.618
G0 X103.379 Y88.912
G0 X108.89 Y97.631
G0 X114.309 Y97.737
G0 X114.176 Y98.467
M204 S3000
M205 X20 Y20
G1 F1500 X114.257 Y98.556 E179.19028
G1 X114.327 Y98.761 E179.20379
G1 X114.327 Y107.425 E179.7441
G1 X125.172 Y124.318 E180.99601
G1 F1503 X132.817 Y124.32 E181.47182
G1 F1562.5 X133.441 Y124.338 E181.50919
G1 F1612.9 X134.152 Y124.336 E181.55043
G1 F1549.6 X134.645 Y124.319 E181.5802
G1 F1500 X144.476 Y124.319 E182.19329
G1 X144.476 Y95.365 E183.99894
G1 F1595.7 X144.506 Y94.708 E184.0375
G1 F1708.4 X144.507 Y93.9 E184.08174
G1 F1599.1 X144.476 Y93.171 E184.12442
G1 F1500 X144.476 Y83.59 E184.72192
G1 X144.382 Y82.973 E184.76084
G1 X144.177 Y82.313 E184.80394
G1 X143.828 Y81.726 E184.84653
G1 X143.485 Y81.309 E184.8802
G1 X143.082 Y80.951 E184.91382
G1 X142.621 Y80.652 E184.94808
G1 X142.131 Y80.433 E184.98156
G1 X141.605 Y80.287 E185.0156
G1 X141.064 Y80.224 E185.04956
G1 X140.484 Y80.247 E185.08576
G1 X105.324 Y84.266 E187.29272
G1 X104.715 Y84.434 E187.33211
G1 X104.213 Y84.663 E187.36652
G1 X103.748 Y84.967 E187.40117
G1 X103.345 Y85.334 E187.43516
G1 X102.908 Y85.879 E187.47873
G1 X102.611 Y86.505 E187.52194
G1 X102.454 Y87.037 E187.55653
G1 X102.383 Y87.579 E187.59062
G1 X102.397 Y88.133 E187.62518
G1 X102.497 Y88.679 E187.65979
G1 X102.678 Y89.2 E187.69419
G1 X102.934 Y89.679 E187.72806
G1 X108.499 Y98.346 E188.37038
G1 X113.919 Y98.348 E188.70839
G1 X114.176 Y98.467 E188.72605
M204 S5000
M205 X30 Y30
G0 F3600 X114.257 Y98.556
G0 X114.282 Y98.631
G1 F1500 E182.22605
G0 F3600 X114.903 Y98.428
G0 X125.614 Y90.082
G1 F1500 E188.72605
G0 F3600 X126.231 Y89.208
M204 S3000
M205 X20 Y20
G1 F1500 X126.328 Y88.606 E188.76408
G1 X126.509 Y88.193 E188.7922
G1 X126.86 Y87.723 E188.82878
G1 X127.357 Y87.334 E188.86814
G1 X128.082 Y87.098 E188.91569
G1 X128.726 Y87.078 E188.95587
G1 X129.495 Y87.336 E189.00645
G1 X129.99 Y87.719 E189.04548
G1 X130.33 Y88.167 E189.08056
G1 X130.518 Y88.591 E189.10948
G1 X130.621 Y89.133 E189.14389
G1 X130.578 Y89.764 E189.18333
G1 X130.244 Y90.533 E189.23562
G1 X129.647 Y91.113 E189.28752
G1 X129.084 Y91.368 E189.32607
G1 X128.52 Y91.47 E189.36181
G1 X127.967 Y91.42 E189.39644
G1 X127.437 Y91.234 E189.43147
G1 X126.977 Y90.938 E189.46558
G1 X126.478 Y90.308 E189.5157
G1 X126.287 Y89.782 E189.5506
G1 X126.229 Y89.277 E189.5823
G1 X126.231 Y89.208 E189.5866
M204 S5000
M205 X30 Y30
G0 F3600 X126.262 Y89.011
G1 F1500 E183.0866
G0 F3600 X125.619 Y88.906
G0 X126.055 Y87.709
G0 X127.179 Y86.72
G0 X128.145 Y86.442
G0 X129.711 Y86.768
G0 X138.002 Y84.123
G1 F1500 E189.5866
G0 F3600 X138.753 Y83.368
M204 S3000
M205 X20 Y20
G1 F1500 X138.975 Y82.754 E189.62732
G1 X139.437 Y82.132 E189.67564
G1 X140.138 Y81.702 E189.72692
G1 X140.802 Y81.575 E189.76908
G1 X141.478 Y81.64 E189.81143
G1 X142.028 Y81.865 E189.84849
G1 X142.529 Y82.244 E189.88767
G1 X142.971 Y82.931 E189.93861
G1 X143.101 Y83.434 E189.97101
G1 X143.111 Y84.01 E190.00694
G1 X142.989 Y84.543 E190.04104
G1 X142.822 Y84.882 E190.06461
G1 X142.542 Y85.264 E190.09414
G1 X142.1 Y85.632 E190.13001
G1 X141.526 Y85.896 E190.16941
G1 X140.79 Y85.962 E190.21549
G1 X140.175 Y85.846 E190.25452
G1 X139.619 Y85.539 E190.29413
G1 X139.215 Y85.153 E190.32898
G1 X138.955 Y84.746 E190.3591
G1 X138.766 Y84.208 E190.39466
G1 X138.755 Y84.168 E190.39724
G1 X138.753 Y83.368 E190.44713
M204 S5000
M205 X30 Y30
G0 F3600 X138.821 Y83.18
G0 X138.153 Y82.963
G0 X138.113 Y84.137
G0 X138.376 Y85.165
G0 X139.305 Y86.18
G0 X140.733 Y86.67
G0 X141.864 Y86.523
G0 X143.129 Y85.665
G0 X143.732 Y84.64
G0 X143.745 Y91.975
G0 X142.267 Y91.384
G0 X140.806 Y91.588
G0 X139.926 Y92.169
G0 X139.214 Y93.338
G0 X139.036 Y94.433
G0 X139.73 Y94.345
M204 S3000
M205 X20 Y20
G1 F1500 X139.729 Y94.286 E190.45081
G1 X139.784 Y93.769 E190.48324
G1 X140.007 Y93.174 E190.52286
G1 X140.491 Y92.605 E190.56945
G1 X140.993 Y92.274 E190.60695
G1 X141.523 Y92.106 E190.64162
G1 X142.093 Y92.074 E190.67722
G1 X142.704 Y92.198 E190.7161
G1 X143.414 Y92.629 E190.7679
G1 X143.875 Y93.248 E190.81603
G1 F1559.3 X144.069 Y93.839 E190.85335
G1 F1609.4 X144.067 Y94.688 E190.9027
G1 F1546.4 X143.875 Y95.291 E190.94098
G1 F1500 X143.411 Y95.909 E190.98917
G1 X142.705 Y96.338 E191.04069
G1 X142.088 Y96.464 E191.07996
G1 X141.497 Y96.425 E191.1169
G1 X140.987 Y96.259 E191.15035
G1 X140.491 Y95.933 E191.18736
G1 X140.01 Y95.369 E191.23359
G1 X139.797 Y94.814 E191.27066
G1 X139.73 Y94.345 E191.30021
M204 S5000
M205 X30 Y30
G0 F3600 X139.729 Y94.286
G0 X139.743 Y94.146
G0 X139.043 Y94.056
G0 X139.133 Y95.068
G0 X139.942 Y96.387
G0 X141.278 Y97.101
G0 X142.8 Y97.044
G0 X143.745 Y96.562
G0 X143.754 Y123.597
G0 X135.957 Y123.586
G0 X136.535 Y122.314
G0 X136.447 Y120.924
G0 X135.939 Y119.964
G0 X134.766 Y119.109
G0 X133.276 Y118.945
G0 X131.926 Y119.56
G0 X131.118 Y120.791
G0 X130.913 Y122.189
G0 X131.604 Y122.098
M204 S3000
M205 X20 Y20
G1 F1500 X131.604 Y121.478 E191.33887
G1 X131.741 Y120.96 E191.37229
G1 X131.999 Y120.496 E191.40539
G1 X132.447 Y120.046 E191.44499
G1 X132.878 Y119.796 E191.47607
G1 X133.397 Y119.645 E191.50977
G1 X134.044 Y119.642 E191.55012
G1 X134.594 Y119.8 E191.58581
G1 X135.004 Y120.037 E191.61534
G1 X135.459 Y120.491 E191.65543
G1 X135.686 Y120.878 E191.68341
G1 X135.858 Y121.44 E191.72006
G1 X135.858 Y122.098 E191.76109
G1 X135.721 Y122.578 E191.79222
G1 X135.441 Y123.067 E191.82737
G1 X135.008 Y123.501 E191.8656
G1 X134.565 Y123.749 E191.89726
G1 F1556 X134.061 Y123.875 E191.92849
G1 F1602.6 X133.375 Y123.872 E191.96853
G1 F1546.4 X132.897 Y123.748 E191.99841
G1 F1503 X132.454 Y123.501 E192.02997
G1 F1500 X132.021 Y123.067 E192.06821
G1 X131.776 Y122.66 E192.09783
G1 X131.604 Y122.098 E192.13448
M204 S5000
M205 X30 Y30
G0 F3600 X131.604 Y121.898
G0 X130.893 Y121.898
G0 X131.162 Y123.018
G0 X125.563 Y123.603
G0 X115.039 Y107.216
G0 X114.965 Y98.653
G0 X114.203 Y97.755
G0 X114.325 Y97.454
M204 S3000
M205 X20 Y20
;TYPE:SKIN
G1 F1500 X114.713 Y97.653 E192.16168
G1 X114.986 Y97.898 E192.18455
G1 X115.114 Y98.086 E192.19874
G1 X115.303 Y98.614 E192.23371
G1 X115.303 Y107.138 E192.76529
G1 X125.705 Y123.342 E193.96611
G1 X131.057 Y123.343 E194.29988
G1 X130.91 Y123.101 E194.31753
G1 X130.681 Y122.419 E194.3624
G1 X130.631 Y122.094 E194.38291
G1 X130.629 Y121.286 E194.4333
G1 X130.874 Y120.512 E194.48392
G1 X131.242 Y119.875 E194.5298
G1 X131.828 Y119.289 E194.58148
G1 X132.466 Y118.904 E194.62795
G1 X133.28 Y118.668 E194.68081
G1 X134.232 Y118.674 E194.74018
G1 X135.016 Y118.916 E194.79135
G1 X135.604 Y119.265 E194.83399
G1 X136.212 Y119.865 E194.88726
G1 X136.551 Y120.434 E194.92856
G1 X136.781 Y121.119 E194.97363
G1 X136.831 Y121.444 E194.99413
G1 X136.833 Y122.251 E195.04446
G1 X136.596 Y123.003 E195.09363
G1 X136.394 Y123.344 E195.11835
G1 X143.501 Y123.344 E195.56156
G1 X143.501 Y96.996 E197.20469
G1 X143.21 Y97.169 E197.22581
G1 X142.855 Y97.305 E197.24951
G1 X142.14 Y97.449 E197.295
G1 X141.218 Y97.36 E197.35276
G1 X140.524 Y97.122 E197.39852
G1 X139.839 Y96.673 E197.4496
G1 X139.257 Y95.99 E197.50556
G1 X139.096 Y95.707 E197.52586
G1 X138.845 Y95.047 E197.5699
G1 X138.749 Y94.314 E197.616
G1 X138.827 Y93.551 E197.66383
G1 X139.156 Y92.672 E197.72236
G1 X139.829 Y91.875 E197.78741
G1 X140.554 Y91.394 E197.84167
G1 X141.368 Y91.138 E197.89489
G1 X142.165 Y91.093 E197.94467
G1 X142.899 Y91.245 E197.99141
G1 X143.252 Y91.387 E198.01514
G1 X143.501 Y91.539 E198.03334
G1 X143.501 Y85.602 E198.40358
G1 X143.178 Y85.999 E198.4355
G1 X142.617 Y86.469 E198.48114
G1 X141.972 Y86.765 E198.5254
G1 X141.617 Y86.864 E198.54838
G1 X140.765 Y86.945 E198.60175
G1 X139.84 Y86.775 E198.66041
G1 X139.038 Y86.334 E198.71748
G1 X138.459 Y85.771 E198.76785
G1 X138.074 Y85.179 E198.81189
G1 X137.777 Y84.337 E198.86757
G1 X137.781 Y83.376 E198.9275
G1 X137.849 Y82.997 E198.95151
G1 X138.046 Y82.455 E198.98748
G1 X138.213 Y82.143 E199.00954
G1 X138.654 Y81.557 E199.05528
G1 X138.798 Y81.424 E199.06751
G1 X107.4 Y85.01 E201.0383
G1 X107.698 Y85.2 E201.06034
G1 X108.199 Y85.639 E201.10188
G1 X108.411 Y85.887 E201.12223
G1 X108.705 Y86.353 E201.15659
G1 X108.838 Y86.653 E201.17706
G1 X109.005 Y87.274 E201.21716
G1 X109.038 Y87.553 E201.23468
G1 X109.008 Y88.312 E201.28205
G1 X108.793 Y89.026 E201.32855
G1 X108.334 Y89.772 E201.38317
G1 X107.556 Y90.464 E201.44811
G1 X106.839 Y90.761 E201.49651
G1 X106.493 Y90.838 E201.51861
G1 X105.715 Y90.885 E201.56722
G1 X105.281 Y90.823 E201.59456
G1 X104.702 Y90.626 E201.6327
G1 X109.032 Y97.371 E202.13255
G1 X114.049 Y97.373 E202.44543
G1 X114.325 Y97.454 E202.46336
M204 S5000
M205 X30 Y30
G1 F1500 E195.96336
G0 F3600 X114.203 Y97.755
G0 X125.614 Y90.082
G1 F1500 E202.46336
G0 F3600 X125.246 Y89.182
M204 S3000
M205 X20 Y20
G1 F1500 X125.388 Y88.334 E202.51698
G1 X125.614 Y87.802 E202.55303
G1 X126.145 Y87.044 E202.61075
G1 X126.756 Y86.57 E202.65897
G1 X127.065 Y86.408 E202.68073
G1 X127.893 Y86.132 E202.73516
G1 X128.691 Y86.106 E202.78495
G1 X129.041 Y86.158 E202.80702
G1 X129.769 Y86.4 E202.85486
G1 X130.095 Y86.57 E202.87779
G1 X130.676 Y87.014 E202.92339
G1 X131.151 Y87.631 E202.97195
G1 X131.448 Y88.275 E203.01618
G1 X131.606 Y89.09 E203.06795
G1 X131.538 Y90.013 E203.12566
G1 X131.057 Y91.101 E203.19985
G1 X130.314 Y91.822 E203.26442
G1 X130.103 Y91.974 E203.28063
G1 X129.386 Y92.302 E203.3298
G1 X128.55 Y92.453 E203.38278
G1 X127.75 Y92.378 E203.43289
G1 X126.992 Y92.108 E203.48307
G1 X126.289 Y91.64 E203.53574
G1 X125.616 Y90.785 E203.6036
G1 X125.337 Y90.036 E203.65344
G1 X125.244 Y89.253 E203.70261
G1 X125.246 Y89.182 E203.70704
M204 S5000
M205 X30 Y30
G1 F1500 E197.20704
G0 F3600 X125.58 Y89.21
G0 X126.055 Y87.709
G0 X127.179 Y86.72
G0 X128.145 Y86.442
G0 X129.89 Y86.836
G0 X130.713 Y87.624
G0 X131.247 Y88.495
G0 X138.719 Y85.719
G0 X140.164 Y86.086
G0 X142.66 Y86.011
G1 F1500 E203.70704
G0 F3600 X143.025 Y86.456
M204 S3000
M205 X20 Y20
G1 F1500 X143.25 Y86.682 E203.72693
M204 S5000
M205 X30 Y30
G0 F3600 X142.609 Y86.747
M204 S3000
M205 X20 Y20
G1 F1500 X143.25 Y87.389 E203.78351
M204 S5000
M205 X30 Y30
G0 F3600 X143.25 Y88.096
M204 S3000
M205 X20 Y20
G1 F1500 X142.124 Y86.969 E203.88286
M204 S5000
M205 X30 Y30
G0 F3600 X141.569 Y87.122
M204 S3000
M205 X20 Y20
G1 F1500 X143.25 Y88.803 E204.03111
M204 S5000
M205 X30 Y30
G0 F3600 X143.25 Y89.51
M204 S3000
M205 X20 Y20
G1 F1500 X140.918 Y87.178 E204.23678
M204 S5000
M205 X30 Y30
G0 F3600 X140.111 Y87.078
M204 S3000
M205 X20 Y20
G1 F1500 X143.25 Y90.217 E204.51362
M204 S5000
M205 X30 Y30
G0 F3600 X143.25 Y90.924
M204 S3000
M205 X20 Y20
G1 F1500 X134.493 Y82.167 E205.28594
M204 S5000
M205 X30 Y30
G0 F3600 X135.127 Y82.094
M204 S3000
M205 X20 Y20
G1 F1500 X137.588 Y84.555 E205.50299
M204 S5000
M205 X30 Y30
G0 F3600 X137.527 Y83.787
M204 S3000
M205 X20 Y20
G1 F1500 X135.761 Y82.021 E205.65874
M204 S5000
M205 X30 Y30
G0 F3600 X136.396 Y81.949
M204 S3000
M205 X20 Y20
G1 F1500 X137.572 Y83.125 E205.76246
M204 S5000
M205 X30 Y30
G0 F3600 X137.734 Y82.58
M204 S3000
M205 X20 Y20
G1 F1500 X137.03 Y81.876 E205.82454
M204 S5000
M205 X30 Y30
G0 F3600 X137.665 Y81.804
M204 S3000
M205 X20 Y20
G1 F1500 X137.953 Y82.092 E205.84994
M204 S5000
M205 X30 Y30
G0 F3600 X138.461 Y82.364
G0 X139.105 Y81.502
G0 X140.002 Y81.008
G0 X133.793 Y81.666
G0 X133.858 Y82.239
M204 S3000
M205 X20 Y20
G1 F1500 X142.53 Y90.912 E206.61481
M204 S5000
M205 X30 Y30
G0 F3600 X141.774 Y90.863
M204 S3000
M205 X20 Y20
G1 F1500 X133.223 Y82.312 E207.36896
M204 S5000
M205 X30 Y30
G0 F3600 X132.588 Y82.384
M204 S3000
M205 X20 Y20
G1 F1500 X141.146 Y90.942 E208.12372
M204 S5000
M205 X30 Y30
G0 F3600 X140.608 Y91.11
M204 S3000
M205 X20 Y20
G1 F1500 X131.954 Y82.457 E208.88691
M204 S5000
M205 X30 Y30
G0 F3600 X131.319 Y82.529
M204 S3000
M205 X20 Y20
G1 F1500 X140.149 Y91.359 E209.66567
M204 S5000
M205 X30 Y30
G0 F3600 X139.722 Y91.639
M204 S3000
M205 X20 Y20
G1 F1500 X130.685 Y82.602 E210.46268
M204 S5000
M205 X30 Y30
G0 F3600 X130.05 Y82.674
M204 S3000
M205 X20 Y20
G1 F1500 X139.388 Y92.012 E211.28624
M204 S5000
M205 X30 Y30
G0 F3600 X139.065 Y92.396
M204 S3000
M205 X20 Y20
G1 F1500 X129.416 Y82.747 E212.13722
M204 S5000
M205 X30 Y30
G0 F3600 X128.781 Y82.819
M204 S3000
M205 X20 Y20
G1 F1500 X138.818 Y92.856 E213.02243
M204 S5000
M205 X30 Y30
G0 F3600 X138.625 Y93.37
M204 S3000
M205 X20 Y20
G1 F1500 X128.146 Y82.892 E213.94657
M204 S5000
M205 X30 Y30
G0 F3600 X127.511 Y82.964
M204 S3000
M205 X20 Y20
G1 F1500 X138.532 Y93.985 E214.91856
M204 S5000
M205 X30 Y30
G0 F3600 X138.545 Y94.704
M204 S3000
M205 X20 Y20
G1 F1500 X131.383 Y87.543 E215.55016
G1 X131.295 Y87.455
M204 S5000
M205 X30 Y30
G0 F3600 X130.843 Y87.765
G0 X131.21 Y88.742
G0 X131.772 Y88.639
M204 S3000
M205 X20 Y20
G1 F1500 X138.822 Y95.688 E216.17189
G1 X138.91 Y95.776
M204 S5000
M205 X30 Y30
G0 F3600 X139.389 Y95.567
G0 X140.03 Y96.379
G0 X140.514 Y97.381
M204 S3000
M205 X20 Y20
G1 F1500 X143.25 Y100.117 E216.41319
M204 S5000
M205 X30 Y30
G0 F3600 X143.25 Y100.824
M204 S3000
M205 X20 Y20
G1 F1500 X131.831 Y89.405 E217.42028
M204 S5000
M205 X30 Y30
G0 F3600 X131.781 Y90.062
M204 S3000
M205 X20 Y20
G1 F1500 X143.25 Y101.531 E218.43178
M204 S5000
M205 X30 Y30
G0 F3600 X143.25 Y102.238
M204 S3000
M205 X20 Y20
G1 F1500 X131.568 Y90.556 E219.46207
M204 S5000
M205 X30 Y30
G0 F3600 X131.35 Y91.045
M204 S3000
M205 X20 Y20
G1 F1500 X143.25 Y102.945 E220.51158
M204 S5000
M205 X30 Y30
G0 F3600 X143.25 Y103.652
M204 S3000
M205 X20 Y20
G1 F1500 X131.05 Y91.452 E221.58755
M204 S5000
M205 X30 Y30
G0 F3600 X130.692 Y91.801
M204 S3000
M205 X20 Y20
G1 F1500 X143.25 Y104.359 E222.69509
M204 S5000
M205 X30 Y30
G0 F3600 X143.25 Y105.066
M204 S3000
M205 X20 Y20
G1 F1500 X130.313 Y92.129 E223.83606
M204 S5000
M205 X30 Y30
G0 F3600 X129.843 Y92.367
M204 S3000
M205 X20 Y20
G1 F1500 X143.25 Y105.773 E225.01844
M204 S5000
M205 X30 Y30
G0 F3600 X143.25 Y106.481
M204 S3000
M205 X20 Y20
G1 F1500 X129.338 Y92.568 E226.24544
M204 S5000
M205 X30 Y30
G0 F3600 X128.733 Y92.671
M204 S3000
M205 X20 Y20
G1 F1500 X143.25 Y107.188 E227.52575
M204 S5000
M205 X30 Y30
G0 F3600 X143.25 Y107.895
M204 S3000
M205 X20 Y20
G1 F1500 X128.009 Y92.654 E228.86992
G1 X127.921 Y92.566
M204 S5000
M205 X30 Y30
G0 F3600 X127.036 Y92.388
M204 S3000
M205 X20 Y20
G1 F1500 X143.25 Y108.602 E230.2999
M204 S5000
M205 X30 Y30
G0 F3600 X143.25 Y109.309
M204 S3000
M205 X20 Y20
G1 F1500 X117.993 Y84.052 E232.52743
M204 S5000
M205 X30 Y30
G0 F3600 X118.627 Y83.979
M204 S3000
M205 X20 Y20
G1 F1500 X125.302 Y90.654 E233.11612
M204 S5000
M205 X30 Y30
G0 F3600 X125.044 Y89.689
M204 S3000
M205 X20 Y20
G1 F1500 X119.262 Y83.906 E233.62611
M204 S5000
M205 X30 Y30
G0 F3600 X119.897 Y83.834
M204 S3000
M205 X20 Y20
G1 F1500 X125.027 Y88.965 E234.07859
M204 S5000
M205 X30 Y30
G0 F3600 X125.129 Y88.36
M204 S3000
M205 X20 Y20
G1 F1500 X120.531 Y83.761 E234.48415
M204 S5000
M205 X30 Y30
G0 F3600 X121.166 Y83.689
M204 S3000
M205 X20 Y20
G1 F1500 X125.323 Y87.846 E234.85077
M204 S5000
M205 X30 Y30
G0 F3600 X125.584 Y87.401
M204 S3000
M205 X20 Y20
G1 F1500 X121.8 Y83.616 E235.18454
M204 S5000
M205 X30 Y30
G0 F3600 X122.435 Y83.544
M204 S3000
M205 X20 Y20
G1 F1500 X125.878 Y86.987 E235.4882
M204 S5000
M205 X30 Y30
G0 F3600 X126.244 Y86.646
M204 S3000
M205 X20 Y20
G1 F1500 X123.069 Y83.471 E235.76821
M204 S5000
M205 X30 Y30
G0 F3600 X123.704 Y83.399
M204 S3000
M205 X20 Y20
G1 F1500 X126.652 Y86.347 E236.02821
M204 S5000
M205 X30 Y30
G0 F3600 X127.134 Y86.122
M204 S3000
M205 X20 Y20
G1 F1500 X124.339 Y83.326 E236.27476
M204 S5000
M205 X30 Y30
G0 F3600 X124.974 Y83.254
M204 S3000
M205 X20 Y20
G1 F1500 X127.661 Y85.941 E236.51173
M204 S5000
M205 X30 Y30
G0 F3600 X128.293 Y85.866
M204 S3000
M205 X20 Y20
G1 F1500 X125.608 Y83.181 E236.74854
M204 S5000
M205 X30 Y30
G0 F3600 X126.243 Y83.109
M204 S3000
M205 X20 Y20
G1 F1500 X129.044 Y85.911 E236.99561
G1 X129.132 Y85.999
M204 S5000
M205 X30 Y30
G0 F3600 X128.986 Y86.478
G0 X130.167 Y86.327
M204 S3000
M205 X20 Y20
G1 F1500 X126.877 Y83.036 E237.28581
G1 X126.789 Y82.948
M204 S5000
M205 X30 Y30
G0 F3600 X126.736 Y82.473
G0 X117.294 Y83.551
G0 X117.358 Y84.124
M204 S3000
M205 X20 Y20
G1 F1500 X143.25 Y110.016 E239.56934
M204 S5000
M205 X30 Y30
G0 F3600 X143.25 Y110.723
M204 S3000
M205 X20 Y20
G1 F1500 X116.724 Y84.197 E241.90878
M204 S5000
M205 X30 Y30
G0 F3600 X116.089 Y84.269
M204 S3000
M205 X20 Y20
G1 F1500 X143.25 Y111.43 E244.30422
M204 S5000
M205 X30 Y30
G0 F3600 X143.25 Y112.137
M204 S3000
M205 X20 Y20
G1 F1500 X115.454 Y84.342 E246.75563
M204 S5000
M205 X30 Y30
G0 F3600 X114.819 Y84.414
M204 S3000
M205 X20 Y20
G1 F1500 X143.25 Y112.845 E249.26308
M204 S5000
M205 X30 Y30
G0 F3600 X143.25 Y113.552
M204 S3000
M205 X20 Y20
G1 F1500 X114.185 Y84.487 E251.82644
M204 S5000
M205 X30 Y30
G0 F3600 X113.55 Y84.559
M204 S3000
M205 X20 Y20
G1 F1500 X143.25 Y114.259 E254.44581
M204 S5000
M205 X30 Y30
G0 F3600 X143.25 Y114.966
M204 S3000
M205 X20 Y20
G1 F1500 X112.916 Y84.632 E257.1211
M204 S5000
M205 X30 Y30
G0 F3600 X112.281 Y84.704
M204 S3000
M205 X20 Y20
G1 F1500 X143.25 Y115.673 E259.85239
M204 S5000
M205 X30 Y30
G0 F3600 X143.25 Y116.38
M204 S3000
M205 X20 Y20
G1 F1500 X111.647 Y84.777 E262.63959
M204 S5000
M205 X30 Y30
G0 F3600 X111.012 Y84.849
M204 S3000
M205 X20 Y20
G1 F1500 X143.25 Y117.087 E265.4828
M204 S5000
M205 X30 Y30
G0 F3600 X143.25 Y117.794
M204 S3000
M205 X20 Y20
G1 F1500 X110.377 Y84.922 E268.38196
M204 S5000
M205 X30 Y30
G0 F3600 X109.743 Y84.994
M204 S3000
M205 X20 Y20
G1 F1500 X143.25 Y118.501 E271.33709
M204 S5000
M205 X30 Y30
G0 F3600 X143.25 Y119.209
M204 S3000
M205 X20 Y20
G1 F1500 X109.108 Y85.067 E274.34821
M204 S5000
M205 X30 Y30
G0 F3600 X108.474 Y85.139
M204 S3000
M205 X20 Y20
G1 F1500 X143.25 Y119.916 E277.4153
M204 S5000
M205 X30 Y30
G0 F3600 X143.25 Y120.623
M204 S3000
M205 X20 Y20
G1 F1500 X108.971 Y86.344 E280.43851
G1 X108.883 Y86.256
M204 S5000
M205 X30 Y30
G0 F3600 X108.426 Y86.52
G0 X109.261 Y87.341
M204 S3000
M205 X20 Y20
G1 F1500 X143.25 Y121.33 E283.43615
M204 S5000
M205 X30 Y30
G0 F3600 X143.25 Y122.037
M204 S3000
M205 X20 Y20
G1 F1500 X109.267 Y88.053 E286.4333
M204 S5000
M205 X30 Y30
G0 F3600 X109.161 Y88.655
M204 S3000
M205 X20 Y20
G1 F1500 X143.25 Y122.744 E289.43975
M204 S5000
M205 X30 Y30
G0 F3600 X142.892 Y123.093
M204 S3000
M205 X20 Y20
G1 F1500 X108.987 Y89.188 E292.42998
M204 S5000
M205 X30 Y30
G0 F3600 X108.716 Y89.625
M204 S3000
M205 X20 Y20
G1 F1500 X142.185 Y123.093 E295.38171
M204 S5000
M205 X30 Y30
G0 F3600 X141.477 Y123.093
M204 S3000
M205 X20 Y20
G1 F1500 X108.417 Y90.032 E298.29745
M204 S5000
M205 X30 Y30
G0 F3600 X108.043 Y90.365
M204 S3000
M205 X20 Y20
G1 F1500 X140.77 Y123.093 E301.18383
M204 S5000
M205 X30 Y30
G0 F3600 X140.063 Y123.093
M204 S3000
M205 X20 Y20
G1 F1500 X115.551 Y98.58 E303.34569
M204 S5000
M205 X30 Y30
G0 F3600 X115.551 Y99.287
M204 S3000
M205 X20 Y20
G1 F1500 X134.871 Y118.607 E305.0496
M204 S5000
M205 X30 Y30
G0 F3600 X133.976 Y118.42
M204 S3000
M205 X20 Y20
G1 F1500 X115.551 Y99.994 E306.67463
M204 S5000
M205 X30 Y30
G0 F3600 X115.551 Y100.701
M204 S3000
M205 X20 Y20
G1 F1500 X133.268 Y118.419 E308.23721
M204 S5000
M205 X30 Y30
G0 F3600 X132.711 Y118.569
M204 S3000
M205 X20 Y20
G1 F1500 X115.551 Y101.409 E309.75062
M204 S5000
M205 X30 Y30
G0 F3600 X115.551 Y102.116
M204 S3000
M205 X20 Y20
G1 F1500 X132.203 Y118.768 E311.21923
M204 S5000
M205 X30 Y30
G0 F3600 X131.765 Y119.037
M204 S3000
M205 X20 Y20
G1 F1500 X115.551 Y102.823 E312.64921
M204 S5000
M205 X30 Y30
G0 F3600 X115.551 Y103.53
M204 S3000
M205 X20 Y20
G1 F1500 X131.393 Y119.373 E314.04643
M204 S5000
M205 X30 Y30
G0 F3600 X131.041 Y119.727
M204 S3000
M205 X20 Y20
G1 F1500 X115.551 Y104.237 E315.41256
M204 S5000
M205 X30 Y30
G0 F3600 X115.551 Y104.944
M204 S3000
M205 X20 Y20
G1 F1500 X130.78 Y120.173 E316.75567
M204 S5000
M205 X30 Y30
G0 F3600 X130.563 Y120.664
M204 S3000
M205 X20 Y20
G1 F1500 X115.551 Y105.651 E318.07969
M204 S5000
M205 X30 Y30
G0 F3600 X115.551 Y106.358
M204 S3000
M205 X20 Y20
G1 F1500 X130.394 Y121.201 E319.38875
M204 S5000
M205 X30 Y30
G0 F3600 X130.381 Y121.896
M204 S3000
M205 X20 Y20
G1 F1500 X115.553 Y107.068 E320.6965
G1 X115.465 Y106.98
M204 S5000
M205 X30 Y30
G0 F3600 X114.977 Y106.98
G0 X116.337 Y109.353
G0 X116.821 Y109.043
M204 S3000
M205 X20 Y20
G1 F1500 X130.526 Y122.748 E321.9052
M204 S5000
M205 X30 Y30
G0 F3600 X130.162 Y123.091
M204 S3000
M205 X20 Y20
G1 F1500 X118.09 Y111.019 E322.96988
G1 X118.002 Y110.931
M204 S5000
M205 X30 Y30
G0 F3600 X117.54 Y111.227
G0 X118.873 Y113.304
G0 X119.358 Y112.994
M204 S3000
M205 X20 Y20
G1 F1500 X129.455 Y123.091 E323.86038
M204 S5000
M205 X30 Y30
G0 F3600 X128.748 Y123.091
M204 S3000
M205 X20 Y20
G1 F1500 X120.626 Y114.969 E324.57669
G1 X120.538 Y114.881
M204 S5000
M205 X30 Y30
G0 F3600 X120.075 Y115.176
G0 X121.409 Y117.254
G0 X121.894 Y116.944
M204 S3000
M205 X20 Y20
G1 F1500 X128.041 Y123.091 E325.11882
M204 S5000
M205 X30 Y30
G0 F3600 X127.334 Y123.091
M204 S3000
M205 X20 Y20
G1 F1500 X123.162 Y118.919 E325.48677
G1 X123.074 Y118.831
M204 S5000
M205 X30 Y30
G0 F3600 X122.612 Y119.127
G0 X123.945 Y121.205
G0 X124.43 Y120.894
M204 S3000
M205 X20 Y20
G1 F1500 X126.627 Y123.091 E325.68053
M204 S5000
M205 X30 Y30
G0 F3600 X125.92 Y123.091
M204 S3000
M205 X20 Y20
G1 F1500 X125.698 Y122.87 E325.70007
M204 S5000
M205 X30 Y30
G0 F3600 X125.214 Y123.18
G0 X131.504 Y123.585
G0 X130.954 Y122.032
G0 X131.197 Y120.607
G0 X132.111 Y119.498
G0 X133.468 Y118.992
G0 X134.893 Y119.235
G0 X136.002 Y120.149
G0 X136.508 Y121.506
G0 X136.386 Y122.636
G0 X136.924 Y122.782
M204 S3000
M205 X20 Y20
G1 F1500 X137.234 Y123.092 E325.72741
M204 S5000
M205 X30 Y30
G0 F3600 X137.941 Y123.092
M204 S3000
M205 X20 Y20
G1 F1500 X137.081 Y122.232 E325.80325
M204 S5000
M205 X30 Y30
G0 F3600 X137.078 Y121.521
M204 S3000
M205 X20 Y20
G1 F1500 X138.648 Y123.092 E325.94176
M204 S5000
M205 X30 Y30
G0 F3600 X139.355 Y123.092
M204 S3000
M205 X20 Y20
G1 F1500 X136.872 Y120.609 E326.16075
G1 X136.784 Y120.521
M204 S5000
M205 X30 Y30
G0 F3600 X136.319 Y120.719
G0 X136.342 Y122.923
G0 X143.754 Y123.597
G0 X143.826 Y99.41
G0 X143.25 Y99.41
M204 S3000
M205 X20 Y20
G1 F1500 X141.476 Y97.635 E326.31725
M204 S5000
M205 X30 Y30
G0 F3600 X142.232 Y97.684
M204 S3000
M205 X20 Y20
G1 F1500 X143.25 Y98.702 E326.40703
M204 S5000
M205 X30 Y30
G0 F3600 X143.25 Y97.995
M204 S3000
M205 X20 Y20
G1 F1500 X142.821 Y97.566 E326.44487
M204 S5000
M205 X30 Y30
G0 F3600 X142.706 Y97.001
G0 X143.745 Y96.562
G0 X143.754 Y123.597
G0 X135.957 Y123.586
G0 X136.535 Y122.314
G0 X136.447 Y120.924
G0 X135.939 Y119.964
G0 X134.766 Y119.109
G0 X133.276 Y118.945
G0 X131.926 Y119.56
G0 X131.12 Y120.616
G0 X130.893 Y122.058
G0 X131.366 Y123.369
G0 X125.563 Y123.603
G0 X115.039 Y107.216
G0 X114.934 Y98.332
G0 X114.029 Y97.707
G0 X114.107 Y97.137
M204 S3000
M205 X20 Y20
G1 F1500 X107.661 Y90.691 E327.01337
M204 S5000
M205 X30 Y30
G0 F3600 X107.163 Y90.899
M204 S3000
M205 X20 Y20
G1 F1500 X113.384 Y97.121 E327.56207
M204 S5000
M205 X30 Y30
G0 F3600 X112.677 Y97.121
M204 S3000
M205 X20 Y20
G1 F1500 X106.62 Y91.064 E328.09626
M204 S5000
M205 X30 Y30
G0 F3600 X105.973 Y91.124
M204 S3000
M205 X20 Y20
G1 F1500 X111.97 Y97.121 E328.62516
M204 S5000
M205 X30 Y30
G0 F3600 X111.263 Y97.121
M204 S3000
M205 X20 Y20
G1 F1500 X105.419 Y91.276 E329.14061
G1 X105.331 Y91.188
M204 S5000
M205 X30 Y30
G0 F3600 X104.867 Y91.486
G0 X106.199 Y93.56
G0 X106.684 Y93.249
M204 S3000
M205 X20 Y20
G1 F1500 X110.556 Y97.121 E329.4821
M204 S5000
M205 X30 Y30
G0 F3600 X109.849 Y97.121
M204 S3000
M205 X20 Y20
G1 F1500 X107.95 Y95.222 E329.64958
G1 X107.862 Y95.134
M204 S5000
M205 X30 Y30
G1 F1500 E323.14958
;MESH:NONMESH
G0 F600 X107.862 Y95.134 Z0.5
G0 F3600 X107.399 Y95.43
G0 X103.124 Y89.567
G0 X102.17 Y90.18
G0 X94.045 Y103.022
G0 X93.435 Y103.974
G0 X85.039 Y99.181
G0 X85.733 Y102.315
G0 X84.057 Y103.462
G0 X82.69 Y103.642
G0 X81.377 Y102.968
G0 X80.234 Y101.132
G1 F1500 E329.64958
G0 F3600 X80.553 Y101.175
;TIME_ELAPSED:244.144679
;LAYER:1
M106 S255
M204 S3000
M205 X20 Y20
;TYPE:WALL-INNER
;MESH:Exterior Hip L.stl
G1 F2123.1 X80.64 Y100.612 E329.68037
G1 F2142.9 X80.882 Y100.033 E329.71398
G1 F2146.2 X81.259 Y99.519 E329.74806
G1 F2142.9 X81.757 Y99.131 E329.78186
G1 F2126.3 X82.323 Y98.874 E329.81541
G1 F2123.1 X82.989 Y98.75 E329.85202
G1 F2113.3 X83.434 Y98.791 E329.87629
G1 X83.87 Y98.889 E329.90055
G1 F2129.6 X84.501 Y99.193 E329.93829
G1 F2084.6 X84.856 Y99.468 E329.96301
G1 F2159.6 X84.922 Y99.599 E329.9708
G1 F2504.5 X85.244 Y100.143 E329.99976
G1 F2760 X85.416 Y100.562 E330.0186
G1 X85.472 Y100.8 E330.02876
G1 X85.514 Y101.45 E330.05584
G1 X85.49 Y101.694 E330.06603
G1 X85.299 Y102.307 E330.09273
G1 X85.021 Y102.78 E330.11554
G1 X84.589 Y103.22 E330.14117
G1 X84.006 Y103.56 E330.16923
G1 X83.405 Y103.715 E330.19504
G1 X82.853 Y103.722 E330.21799
G1 X82.22 Y103.58 E330.24496
G1 X81.994 Y103.478 E330.25527
G1 X81.467 Y103.123 E330.28169
G1 X81.094 Y102.743 E330.30382
G1 X80.759 Y102.066 E330.33523
G1 F2371.1 X80.541 Y101.333 E330.37224
G1 F2094.1 X80.553 Y101.175 E330.38092
M204 S5000
M205 X30 Y30
G0 F5400 X80.432 Y101.158
G0 X80.969 Y102.806
G0 X93.013 Y109.717
G0 X93.388 Y109.717
M204 S3000
M205 X20 Y20
G1 F2760 X93.28 Y109.546 E330.38933
G1 X93.215 Y109.299 E330.39995
G1 X93.213 Y103.93 E330.62316
G1 X85.849 Y99.205 E330.98693
G1 F2346.9 X85.267 Y98.935 E331.01829
G1 F2062.8 X84.643 Y98.527 E331.05977
G1 F2103.7 X84.124 Y98.292 E331.09084
G1 F2110.1 X83.522 Y98.137 E331.12465
G1 F2097.3 X82.787 Y98.118 E331.16488
G1 F2100.5 X82.058 Y98.272 E331.20558
G1 F2119.8 X81.494 Y98.533 E331.23922
G1 F2126.3 X81.091 Y98.812 E331.26567
G1 F2123.1 X80.728 Y99.152 E331.29255
G1 F2126.3 X80.424 Y99.544 E331.31932
G1 F2119.8 X80.187 Y99.976 E331.34599
G1 F2126.3 X80.018 Y100.437 E331.37249
G1 F2123.1 X79.918 Y100.971 E331.40185
G1 F2094.1 X79.882 Y101.315 E331.42081
G1 F2371.1 X79.742 Y101.839 E331.44705
G1 F2760 X75.984 Y134.715 E332.82278
G1 F2391.7 X75.985 Y135.381 E332.85473
G1 F2149.5 X75.915 Y135.89 E332.88216
G1 F2204.5 X75.892 Y136.411 E332.90931
G1 F2201 X75.966 Y137.018 E332.94119
G1 F2183.5 X76.174 Y137.586 E332.97297
G1 F2187 X76.465 Y138.124 E333.00507
G1 X76.95 Y138.668 E333.04331
G1 F2190.5 X77.449 Y139.02 E333.0753
G1 F2197.5 X77.993 Y139.29 E333.10701
G1 F2190.5 X78.747 Y139.47 E333.14762
G1 F2173.2 X79.495 Y139.465 E333.18711
G1 F2425.3 X80.036 Y139.534 E333.21292
G1 F2760 X88.538 Y139.533 E333.56639
G1 X88.096 Y139.296 E333.58724
G1 X87.614 Y138.827 E333.6152
G1 X87.449 Y138.592 E333.62714
G1 X87.182 Y137.987 E333.65463
G1 X87.121 Y137.756 E333.66456
G1 X87.08 Y137.13 E333.69065
G1 X87.177 Y136.536 E333.71567
G1 X87.587 Y135.749 E333.75256
G1 X88.067 Y135.28 E333.78046
G1 X88.647 Y134.954 E333.80812
G1 X89.259 Y134.802 E333.83434
G1 X89.901 Y134.8 E333.86103
G1 X90.482 Y134.952 E333.886
G1 X91.075 Y135.271 E333.914
G1 X91.535 Y135.719 E333.94069
G1 X91.885 Y136.294 E333.96868
G1 X92.06 Y137.05 E334.00094
G1 X92.075 Y137.291 E334.01098
G1 X92.03 Y137.756 E334.0304
G1 X91.969 Y137.987 E334.04033
G1 X91.702 Y138.592 E334.06783
G1 X91.537 Y138.827 E334.07977
G1 X91.061 Y139.289 E334.10734
G1 X90.641 Y139.533 E334.12754
G1 X119.325 Y139.534 E335.32008
G1 X119.325 Y130.049 E335.71442
G1 X119.026 Y130.592 E335.74019
G1 X118.483 Y131.093 E335.77091
G1 X117.921 Y131.387 E335.79728
G1 X117.493 Y131.502 E335.8157
G1 X116.76 Y131.531 E335.8462
G1 X116.136 Y131.355 E335.87316
G1 X115.605 Y131.058 E335.89845
G1 X115.121 Y130.584 E335.92662
G1 X114.79 Y129.995 E335.95471
G1 X114.608 Y129.105 E335.99247
G1 X114.787 Y128.182 E336.03156
G1 X115.128 Y127.581 E336.06029
G1 X115.817 Y126.97 E336.09858
G1 X116.425 Y126.723 E336.12586
G1 X116.977 Y126.643 E336.14905
G1 X117.617 Y126.701 E336.17577
G1 X118.223 Y126.926 E336.20264
G1 X118.426 Y127.052 E336.21258
G1 X118.916 Y127.479 E336.2396
G1 X119.075 Y127.672 E336.24999
G1 X119.325 Y128.129 E336.27165
G1 X119.325 Y120.694 E336.58076
G1 X102.642 Y109.984 E337.40499
G1 X93.927 Y109.984 E337.76731
G1 X93.61 Y109.897 E337.78098
G1 X93.388 Y109.717 E337.79286
M204 S5000
M205 X30 Y30
G0 F5400 X93.013 Y109.717
G0 X82.478 Y122.161
G0 X81.961 Y123.124
G0 X82.156 Y123.156
M204 S3000
M205 X20 Y20
G1 F2760 X82.232 Y122.927 E337.80289
G1 X82.534 Y122.349 E337.83001
G1 X82.675 Y122.16 E337.83981
G1 X83.159 Y121.725 E337.86687
G1 X83.641 Y121.462 E337.88969
G1 X84.232 Y121.302 E337.91515
G1 X84.902 Y121.3 E337.94301
G1 X85.512 Y121.459 E337.96921
G1 X86.077 Y121.774 E337.99611
G1 X86.548 Y122.233 E338.02345
G1 X86.896 Y122.839 E338.0525
G1 X87.086 Y123.669 E338.0879
G1 X87.019 Y124.365 E338.11697
G1 X86.639 Y125.228 E338.15618
G1 X85.968 Y125.877 E338.19499
G1 X85.366 Y126.159 E338.22263
G1 X84.753 Y126.286 E338.24865
G1 X84.173 Y126.252 E338.27281
G1 X83.95 Y126.2 E338.28233
G1 X83.283 Y125.928 E338.31228
G1 X83.097 Y125.795 E338.32178
G1 X82.509 Y125.225 E338.35583
G1 X82.182 Y124.487 E338.38939
G1 X82.121 Y124.256 E338.39932
G1 X82.077 Y123.804 E338.4182
G1 X82.156 Y123.156 E338.44534
M204 S5000
M205 X30 Y30
G0 F5400 X81.961 Y123.124
G0 X76.47 Y135.572
G0 X76.571 Y135.617
M204 S3000
M205 X20 Y20
G1 F2273.5 X77.054 Y134.799 E338.49329
G1 F2565.1 X77.59 Y134.281 E338.52663
G1 F2760 X77.786 Y134.144 E338.53658
G1 X78.382 Y133.884 E338.56361
G1 X79.012 Y133.787 E338.59011
G1 X79.647 Y133.85 E338.61664
G1 X80.453 Y134.175 E338.65277
G1 X81.142 Y134.849 E338.69284
G1 X81.519 Y135.694 E338.73131
G1 X81.586 Y136.405 E338.761
G1 X81.414 Y137.155 E338.793
G1 X81.325 Y137.374 E338.80282
G1 X80.97 Y137.916 E338.82976
G1 X80.491 Y138.345 E338.85649
G1 X80.097 Y138.565 E338.87526
G1 F2442.5 X79.418 Y138.839 E338.90965
G1 F2201 X78.758 Y138.829 E338.94407
G1 F2215.1 X78.135 Y138.679 E338.97726
G1 F2222.2 X77.561 Y138.352 E339.01137
G1 X77.026 Y137.845 E339.04943
G1 F2211.5 X76.655 Y137.138 E339.09086
G1 F2215.1 X76.523 Y136.466 E339.12634
G1 F2218.6 X76.513 Y136.383 E339.13066
G1 F2190.5 X76.571 Y135.617 E339.1709
M204 S5000
M205 X30 Y30
G0 F5400 X77.122 Y135.823
M204 S3000
M205 X20 Y20
;TYPE:WALL-OUTER
G1 F1770 X77.427 Y135.134 E339.20223
G1 X77.968 Y134.611 E339.23351
G1 X78.416 Y134.395 E339.25419
G1 X78.947 Y134.283 E339.27675
G1 X79.495 Y134.326 E339.29961
G1 X80.174 Y134.602 E339.33008
G1 X80.725 Y135.136 E339.36198
G1 X81.027 Y135.828 E339.39337
G1 X81.077 Y136.38 E339.41641
G1 X80.917 Y137.083 E339.44639
G1 X80.661 Y137.507 E339.46698
G1 X80.3 Y137.869 E339.48824
G1 X79.853 Y138.128 E339.50971
G1 X79.343 Y138.269 E339.53171
G1 X78.823 Y138.271 E339.55333
G1 X78.308 Y138.134 E339.57549
G1 X77.903 Y137.908 E339.59477
G1 X77.494 Y137.52 E339.61821
G1 X77.161 Y136.88 E339.6482
G1 X77.077 Y136.378 E339.66936
G1 X77.122 Y135.823 E339.69251
M204 S5000
M205 X30 Y30
G0 F5400 X77.203 Y135.64
G0 X76.564 Y135.358
G0 X77.598 Y134.08
G0 X78.905 Y133.642
G0 X80.353 Y133.983
G0 X86.999 Y138.066
G0 X87.639 Y137.785
M204 S3000
M205 X20 Y20
G1 F1770 X87.575 Y137.256 E339.71467
G1 X87.577 Y137.191 E339.71737
G1 X87.661 Y136.69 E339.73849
G1 X88 Y136.045 E339.76878
G1 X88.383 Y135.674 E339.79095
G1 X88.824 Y135.428 E339.81195
G1 X89.321 Y135.298 E339.83331
G1 X89.844 Y135.3 E339.85505
G1 X90.315 Y135.424 E339.8753
G1 X90.773 Y135.677 E339.89705
G1 X91.14 Y136.033 E339.91831
G1 X91.417 Y136.485 E339.94035
G1 X91.582 Y137.204 E339.97102
G1 X91.512 Y137.785 E339.99535
G1 X91.225 Y138.433 E340.02481
G1 X90.682 Y138.959 E340.05624
G1 F1749 X90.175 Y139.2 E340.07986
G1 F1547.2 X89.74 Y139.344 E340.10166
G1 F1475 X89.229 Y139.325 E340.12717
G1 F1603.3 X88.473 Y138.964 E340.16562
G1 F1682.5 X87.926 Y138.433 E340.19896
G1 F1742.1 X87.639 Y137.785 E340.2289
M204 S5000
M205 X30 Y30
G0 F5400 X87.615 Y137.587
G0 X86.911 Y137.654
G0 X81.999 Y124.566
G0 X82.639 Y124.285
M204 S3000
M205 X20 Y20
G1 F1770 X82.575 Y123.756 E340.25105
G1 X82.656 Y123.196 E340.27458
G1 X82.996 Y122.544 E340.30515
G1 X83.403 Y122.161 E340.32838
G1 X83.826 Y121.927 E340.34848
G1 X84.321 Y121.798 E340.36975
G1 X84.824 Y121.798 E340.39066
G1 X85.324 Y121.927 E340.41213
G1 X85.788 Y122.189 E340.43428
G1 X86.133 Y122.525 E340.45431
G1 X86.416 Y122.985 E340.47676
G1 X86.581 Y123.701 E340.50731
G1 X86.527 Y124.251 E340.53028
G1 X86.223 Y124.934 E340.56137
G1 X85.678 Y125.458 E340.5928
G1 X85.174 Y125.694 E340.61594
G1 X84.713 Y125.782 E340.63545
G1 X84.175 Y125.748 E340.65786
G1 X83.474 Y125.465 E340.68929
G1 X82.931 Y124.933 E340.72089
G1 X82.639 Y124.285 E340.75044
M204 S5000
M205 X30 Y30
G0 F5400 X82.615 Y124.087
G0 X81.911 Y124.154
G0 X82.043 Y122.994
G0 X93.805 Y110.184
G0 X93.805 Y109.429
M204 S3000
M205 X20 Y20
G1 F1770 X93.713 Y109.256 E340.75859
G1 X93.713 Y103.657 E340.99137
G1 X84.919 Y98.013 E341.4258
G1 X84.315 Y97.747 E341.45324
G1 X83.605 Y97.56 E341.48377
G1 X82.734 Y97.537 E341.51999
G1 X81.872 Y97.72 E341.55663
G1 X81.208 Y98.034 E341.58717
G1 X80.729 Y98.362 E341.6113
G1 X80.301 Y98.764 E341.63571
G1 X79.943 Y99.227 E341.66005
G1 X79.661 Y99.737 E341.68428
G1 X79.463 Y100.283 E341.70842
G1 X79.349 Y100.87 E341.73328
G1 X75.351 Y135.847 E343.19693
G1 X75.329 Y136.433 E343.22131
G1 X75.412 Y137.149 E343.25127
G1 X75.656 Y137.819 E343.28092
G1 X76 Y138.451 E343.31083
G1 X76.571 Y139.094 E343.34659
G1 X77.16 Y139.507 E343.37649
G1 X77.802 Y139.824 E343.40626
G1 X78.511 Y139.991 E343.43654
G1 X78.881 Y140.034 E343.45203
G1 X88.322 Y140.033 E343.84454
G1 F1638.9 X88.983 Y139.994 E343.87427
G1 F1450.8 X89.191 Y139.963 E343.88494
G1 F1393.7 X89.806 Y139.969 E343.91741
G1 F1547.2 X90.254 Y140.028 E343.93891
G1 F1728.5 X90.857 Y140.028 E343.96458
G1 X91.46 Y140.028 E343.99025
G1 X92.063 Y140.028 E344.01592
G1 X92.666 Y140.028 E344.04159
G1 F1731.9 X93.269 Y140.028 E344.06721
G1 X93.872 Y140.028 E344.09283
G1 X94.475 Y140.028 E344.11846
G1 X95.078 Y140.028 E344.14408
G1 F1735.3 X95.681 Y140.029 E344.16965
G1 X96.284 Y140.029 E344.19522
G1 X96.887 Y140.029 E344.22079
G1 F1738.7 X97.49 Y140.029 E344.24631
G1 X98.093 Y140.029 E344.27183
G1 X98.696 Y140.029 E344.29735
G1 X99.299 Y140.029 E344.32288
G1 F1742.1 X99.902 Y140.029 E344.34835
G1 X100.505 Y140.03 E344.37382
G1 X101.108 Y140.03 E344.39929
G1 X101.711 Y140.03 E344.42476
G1 F1745.6 X102.314 Y140.03 E344.45018
G1 X102.917 Y140.03 E344.4756
G1 X103.52 Y140.03 E344.50102
G1 X104.123 Y140.03 E344.52644
G1 F1749 X104.726 Y140.03 E344.55181
G1 X105.329 Y140.031 E344.57718
G1 X105.932 Y140.031 E344.60255
G1 F1752.5 X106.535 Y140.031 E344.62787
G1 X107.138 Y140.031 E344.6532
G1 X107.741 Y140.031 E344.67852
G1 X108.344 Y140.031 E344.70384
G1 F1756 X108.947 Y140.031 E344.72911
G1 X109.55 Y140.031 E344.75438
G1 X110.153 Y140.032 E344.77965
G1 X110.756 Y140.032 E344.80492
G1 F1759.4 X111.359 Y140.032 E344.83014
G1 X111.962 Y140.032 E344.85536
G1 X112.565 Y140.032 E344.88058
G1 X113.168 Y140.032 E344.9058
G1 F1762.9 X113.771 Y140.032 E344.93097
G1 X114.374 Y140.032 E344.95614
G1 X114.977 Y140.033 E344.98131
G1 F1766.5 X115.58 Y140.033 E345.00643
G1 X116.183 Y140.033 E345.03155
G1 X116.786 Y140.033 E345.05667
G1 X117.389 Y140.033 E345.08179
G1 F1770 X117.992 Y140.033 E345.10686
G1 X118.595 Y140.033 E345.13193
G1 X119.198 Y140.033 E345.157
G1 X119.801 Y140.033 E345.18207
G1 X119.825 Y129.927 E345.60223
G1 F1525.9 X119.745 Y129.425 E345.62674
G1 F1345 X119.747 Y128.867 E345.65727
G1 F1336.9 X119.741 Y128.693 E345.66686
G1 F1505.1 X119.825 Y128.201 E345.69126
G1 F1745.6 X119.825 Y127.228 E345.73228
G1 F1749 X119.825 Y126.255 E345.77322
G1 F1752.5 X119.825 Y125.282 E345.81407
G1 F1756 X119.825 Y124.309 E345.85485
G1 F1759.4 X119.825 Y123.336 E345.89555
G1 F1762.9 X119.825 Y122.363 E345.93616
G1 F1766.5 X119.825 Y121.39 E345.97669
G1 F1770 X119.825 Y120.417 E346.01715
G1 X102.789 Y109.484 E346.85873
G1 X93.936 Y109.483 E347.22679
G1 X93.805 Y109.429 E347.23269
M204 S5000
M205 X30 Y30
G0 F5400 X93.713 Y109.256
G0 X93.713 Y109.251
G0 X93.013 Y109.251
G0 X82.043 Y103.676
G0 X80.969 Y102.806
G0 X80.428 Y101.391
G0 X81.123 Y101.299
M204 S3000
M205 X20 Y20
G1 F1770 X81.196 Y100.755 E347.2555
G1 X81.382 Y100.309 E347.2756
G1 X81.718 Y99.881 E347.29822
G1 X82.114 Y99.583 E347.31882
G1 X82.579 Y99.396 E347.33966
G1 X83.108 Y99.333 E347.36181
G1 X83.589 Y99.398 E347.38199
G1 X84.235 Y99.713 E347.41187
G1 X84.456 Y99.903 E347.42399
G1 X84.749 Y100.278 E347.44377
G1 X84.97 Y100.791 E347.46699
G1 X85.015 Y101.482 E347.49578
G1 X84.89 Y101.999 E347.5179
G1 X84.626 Y102.472 E347.54042
G1 X84.261 Y102.837 E347.56188
G1 X83.836 Y103.082 E347.58227
G1 X83.334 Y103.22 E347.60392
G1 X82.788 Y103.214 E347.62662
G1 X82.274 Y103.063 E347.64889
G1 X81.747 Y102.708 E347.67531
G1 X81.506 Y102.448 E347.69005
G1 X81.207 Y101.844 E347.71807
G1 X81.123 Y101.299 E347.74099
M204 S5000
M205 X30 Y30
G0 F5400 X81.149 Y101.101
G0 X80.452 Y101.007
G0 X80.969 Y102.806
G0 X114.438 Y129.275
G0 X115.125 Y129.139
M204 S3000
M205 X20 Y20
G1 F1770 X115.121 Y129.068 E347.74395
G1 X115.263 Y128.352 E347.7743
G1 X115.541 Y127.878 E347.79714
G1 X116.083 Y127.406 E347.82703
G1 X116.563 Y127.204 E347.84868
G1 X117.042 Y127.139 E347.86877
G1 X117.552 Y127.197 E347.89011
G1 X118.066 Y127.401 E347.9131
G1 X118.621 Y127.885 E347.94372
G1 F1742.1 X118.896 Y128.369 E347.96723
G1 F1500 X119.091 Y128.794 E347.99017
G1 F1336.9 X119.089 Y129.368 E348.02177
G1 F1525.9 X118.865 Y129.864 E348.04802
G1 F1770 X118.645 Y130.248 E348.06642
G1 X118.263 Y130.643 E348.08926
G1 X117.791 Y130.904 E348.11169
G1 X117.363 Y131.019 E348.13011
G1 X116.82 Y131.028 E348.15269
G1 X116.359 Y130.904 E348.17254
G1 X115.886 Y130.642 E348.19502
G1 X115.523 Y130.274 E348.21651
G1 X115.26 Y129.808 E348.23875
G1 X115.125 Y129.139 E348.26713
M204 S5000
M205 X30 Y30
G0 F5400 X115.121 Y129.068
G0 X115.146 Y128.942
G0 X114.459 Y128.804
G0 X93.085 Y110.112
G0 X92.804 Y109.639
M204 S3000
M205 X20 Y20
;TYPE:SKIN
G1 F1500 X92.742 Y109.354 E348.27926
G1 X92.738 Y104.19 E348.49395
G1 X85.62 Y99.623 E348.84556
G1 X85.487 Y99.581 E348.85136
G1 X85.852 Y100.368 E348.88742
G1 X85.947 Y100.766 E348.90443
G1 X85.989 Y101.413 E348.93139
G1 X85.946 Y101.836 E348.94907
G1 X85.734 Y102.496 E348.97789
G1 X85.381 Y103.102 E349.00705
G1 X84.859 Y103.607 E349.03724
G1 X84.34 Y103.918 E349.0624
G1 X84.064 Y104.036 E349.07488
G1 X83.473 Y104.188 E349.10025
G1 X82.83 Y104.197 E349.12698
G1 X82.113 Y104.044 E349.15746
G1 X81.727 Y103.871 E349.17505
G1 X81.037 Y103.406 E349.20964
G1 X80.614 Y102.848 E349.23875
G1 X80.319 Y102.242 E349.26677
G1 X80.215 Y101.923 E349.28072
G1 X76.46 Y134.749 E350.65437
G1 X76.47 Y134.836 E350.65801
G1 X76.756 Y134.431 E350.67862
G1 X77.287 Y133.914 E350.70944
G1 X77.588 Y133.709 E350.72458
G1 X78.268 Y133.42 E350.75529
G1 X79.023 Y133.309 E350.78702
G1 X79.793 Y133.398 E350.81925
G1 X80.491 Y133.674 E350.85045
G1 X80.816 Y133.864 E350.8661
G1 X81.461 Y134.499 E350.90374
G1 X81.589 Y134.688 E350.91323
G1 X81.98 Y135.554 E350.95273
G1 X82.066 Y136.43 E350.98932
G1 X81.88 Y137.256 E351.02453
G1 X81.727 Y137.63 E351.04133
G1 X81.309 Y138.251 E351.07245
G1 X80.743 Y138.75 E351.10382
G1 X80.125 Y139.058 E351.13253
G1 X87.201 Y139.058 E351.42671
G1 X87.034 Y138.821 E351.43877
G1 X86.747 Y138.18 E351.46796
G1 X86.655 Y137.845 E351.48241
G1 X86.605 Y137.091 E351.51382
G1 X86.721 Y136.382 E351.54369
G1 X87.214 Y135.444 E351.58775
G1 X87.774 Y134.906 E351.62003
G1 X88.468 Y134.506 E351.65334
G1 X89.196 Y134.331 E351.68447
G1 X89.933 Y134.322 E351.71511
G1 X90.662 Y134.505 E351.74636
G1 X91.349 Y134.879 E351.77888
G1 X91.928 Y135.44 E351.8124
G1 X92.339 Y136.154 E351.84665
G1 X92.522 Y136.936 E351.88004
G1 X92.549 Y137.294 E351.89496
G1 X92.496 Y137.845 E351.91798
G1 X92.404 Y138.18 E351.93242
G1 X92.117 Y138.821 E351.96162
G1 X91.95 Y139.058 E351.97367
G1 X118.85 Y139.059 E353.09205
G1 X118.85 Y131.396 E353.41064
G1 X118.288 Y131.747 E353.43818
G1 X117.589 Y131.966 E353.46864
G1 X117.281 Y132.002 E353.48153
G1 X116.546 Y131.966 E353.51212
G1 X115.831 Y131.738 E353.54333
G1 X115.254 Y131.39 E353.57134
G1 X114.755 Y130.873 E353.60121
G1 X114.346 Y130.196 E353.6341
G1 X114.147 Y129.22 E353.67551
G1 X114.15 Y128.952 E353.68665
G1 X114.339 Y127.998 E353.72709
G1 X114.786 Y127.239 E353.76371
G1 X115.565 Y126.563 E353.80659
G1 X116.3 Y126.264 E353.83958
G1 X116.941 Y126.168 E353.86652
G1 X117.702 Y126.231 E353.89827
G1 X118.399 Y126.483 E353.92909
G1 X118.85 Y126.79 E353.95177
G1 X118.85 Y120.954 E354.1944
G1 X102.504 Y110.459 E355.002
G1 X93.902 Y110.458 E355.35963
G1 X93.438 Y110.343 E355.37951
G1 X93.143 Y110.146 E355.39426
G1 X92.919 Y109.88 E355.40871
G1 X92.804 Y109.639 E355.41982
M204 S5000
M205 X30 Y30
G0 F5400 X81.684 Y123.086
M204 S3000
M205 X20 Y20
G1 F1500 X81.796 Y122.741 E355.4349
G1 X82.131 Y122.099 E355.465
G1 X82.357 Y121.806 E355.48039
G1 X82.907 Y121.321 E355.51087
G1 X83.492 Y121.012 E355.53838
G1 X84.19 Y120.822 E355.56846
G1 X84.965 Y120.827 E355.60068
G1 X85.701 Y121.015 E355.63226
G1 X86.362 Y121.398 E355.66402
G1 X86.906 Y121.91 E355.69508
G1 X87.33 Y122.626 E355.72967
G1 X87.537 Y123.513 E355.76754
G1 X87.553 Y123.742 E355.77709
G1 X87.479 Y124.506 E355.809
G1 X87.098 Y125.366 E355.8481
G1 X86.927 Y125.609 E355.86046
G1 X86.352 Y126.167 E355.89377
G1 X86.086 Y126.347 E355.90712
G1 X85.462 Y126.633 E355.93566
G1 X84.81 Y126.754 E355.96323
G1 X83.979 Y126.718 E355.99781
G1 X82.936 Y126.304 E356.04447
G1 X82.109 Y125.5 E356.09242
G1 X81.747 Y124.679 E356.12972
G1 X81.648 Y124.303 E356.14589
G1 X81.593 Y123.733 E356.1697
G1 X81.594 Y123.669 E356.17236
G1 X81.684 Y123.086 E356.19688
M204 S5000
M205 X30 Y30
G0 F5400 X80.599 Y103.248
M204 S3000
M205 X20 Y20
G1 F1500 X80.273 Y103.574 E356.21605
M204 S5000
M205 X30 Y30
G0 F5400 X80.924 Y103.63
M204 S3000
M205 X20 Y20
G1 F1500 X80.182 Y104.372 E356.25968
M204 S5000
M205 X30 Y30
G0 F5400 X80.091 Y105.17
M204 S3000
M205 X20 Y20
G1 F1500 X81.346 Y103.914 E356.3335
M204 S5000
M205 X30 Y30
G0 F5400 X81.794 Y104.174
M204 S3000
M205 X20 Y20
G1 F1500 X79.999 Y105.969 E356.43904
M204 S5000
M205 X30 Y30
G0 F5400 X79.908 Y106.767
M204 S3000
M205 X20 Y20
G1 F1500 X82.33 Y104.345 E356.58144
M204 S5000
M205 X30 Y30
G0 F5400 X82.937 Y104.445
M204 S3000
M205 X20 Y20
G1 F1500 X79.817 Y107.565 E356.76488
M204 S5000
M205 X30 Y30
G0 F5400 X79.726 Y108.364
M204 S3000
M205 X20 Y20
G1 F1500 X83.705 Y104.385 E356.99883
G1 X83.793 Y104.297
M204 S5000
M205 X30 Y30
G0 F5400 X84.962 Y103.835
M204 S3000
M205 X20 Y20
G1 F1500 X79.635 Y109.162 E357.31204
M204 S5000
M205 X30 Y30
G0 F5400 X79.543 Y109.96
M204 S3000
M205 X20 Y20
G1 F1500 X88.036 Y101.468 E357.81137
M204 S5000
M205 X30 Y30
G0 F5400 X88.466 Y101.744
M204 S3000
M205 X20 Y20
G1 F1500 X79.452 Y110.759 E358.34139
M204 S5000
M205 X30 Y30
G0 F5400 X79.361 Y111.557
M204 S3000
M205 X20 Y20
G1 F1500 X88.897 Y102.021 E358.90207
M204 S5000
M205 X30 Y30
G0 F5400 X89.328 Y102.297
M204 S3000
M205 X20 Y20
G1 F1500 X79.27 Y112.355 E359.49344
M204 S5000
M205 X30 Y30
G0 F5400 X79.178 Y113.154
M204 S3000
M205 X20 Y20
G1 F1500 X89.758 Y102.574 E360.1155
M204 S5000
M205 X30 Y30
G0 F5400 X90.189 Y102.85
M204 S3000
M205 X20 Y20
G1 F1500 X79.087 Y113.952 E360.76826
M204 S5000
M205 X30 Y30
G0 F5400 X78.996 Y114.75
M204 S3000
M205 X20 Y20
G1 F1500 X90.619 Y103.127 E361.45164
M204 S5000
M205 X30 Y30
G0 F5400 X91.05 Y103.403
M204 S3000
M205 X20 Y20
G1 F1500 X78.905 Y115.549 E362.16575
M204 S5000
M205 X30 Y30
G0 F5400 X78.814 Y116.347
M204 S3000
M205 X20 Y20
G1 F1500 X91.481 Y103.68 E362.91052
M204 S5000
M205 X30 Y30
G0 F5400 X91.912 Y103.956
M204 S3000
M205 X20 Y20
G1 F1500 X78.722 Y117.145 E363.68602
M204 S5000
M205 X30 Y30
G0 F5400 X78.631 Y117.943
M204 S3000
M205 X20 Y20
G1 F1500 X92.343 Y104.232 E364.4922
M204 S5000
M205 X30 Y30
G0 F5400 X92.488 Y104.794
M204 S3000
M205 X20 Y20
G1 F1500 X78.54 Y118.742 E365.31229
M204 S5000
M205 X30 Y30
G0 F5400 X78.449 Y119.54
M204 S3000
M205 X20 Y20
G1 F1500 X92.488 Y105.501 E366.13773
M204 S5000
M205 X30 Y30
G0 F5400 X92.488 Y106.208
M204 S3000
M205 X20 Y20
G1 F1500 X78.358 Y120.338 E366.96852
M204 S5000
M205 X30 Y30
G0 F5400 X78.266 Y121.137
M204 S3000
M205 X20 Y20
G1 F1500 X92.489 Y106.914 E367.80478
M204 S5000
M205 X30 Y30
G0 F5400 X92.49 Y107.62
M204 S3000
M205 X20 Y20
G1 F1500 X78.175 Y121.935 E368.64644
M204 S5000
M205 X30 Y30
G0 F5400 X78.084 Y122.733
M204 S3000
M205 X20 Y20
G1 F1500 X92.49 Y108.328 E369.49343
M204 S5000
M205 X30 Y30
G0 F5400 X92.49 Y109.034
M204 S3000
M205 X20 Y20
G1 F1500 X77.993 Y123.532 E370.34583
M204 S5000
M205 X30 Y30
G0 F5400 X77.901 Y124.33
M204 S3000
M205 X20 Y20
G1 F1500 X92.556 Y109.675 E371.20749
M204 S5000
M205 X30 Y30
G0 F5400 X92.804 Y110.135
M204 S3000
M205 X20 Y20
G1 F1500 X77.81 Y125.128 E372.08905
M204 S5000
M205 X30 Y30
G0 F5400 X77.719 Y125.927
M204 S3000
M205 X20 Y20
G1 F1500 X93.184 Y110.462 E372.99833
M204 S5000
M205 X30 Y30
G0 F5400 X93.693 Y110.66
M204 S3000
M205 X20 Y20
G1 F1500 X83.641 Y120.712 E373.58935
M204 S5000
M205 X30 Y30
G0 F5400 X84.485 Y120.575
M204 S3000
M205 X20 Y20
G1 F1500 X94.353 Y110.707 E374.16955
M204 S5000
M205 X30 Y30
G0 F5400 X95.06 Y110.707
M204 S3000
M205 X20 Y20
G1 F1500 X85.154 Y120.614 E374.75201
M204 S5000
M205 X30 Y30
G0 F5400 X85.715 Y120.759
M204 S3000
M205 X20 Y20
G1 F1500 X95.767 Y110.707 E375.34303
M204 S5000
M205 X30 Y30
G0 F5400 X96.474 Y110.707
M204 S3000
M205 X20 Y20
G1 F1500 X86.177 Y121.005 E375.94849
M204 S5000
M205 X30 Y30
G0 F5400 X86.604 Y121.285
M204 S3000
M205 X20 Y20
G1 F1500 X97.181 Y110.707 E376.5704
M204 S5000
M205 X30 Y30
G0 F5400 X97.889 Y110.707
M204 S3000
M205 X20 Y20
G1 F1500 X86.969 Y121.627 E377.21246
M204 S5000
M205 X30 Y30
G0 F5400 X87.271 Y122.031
M204 S3000
M205 X20 Y20
G1 F1500 X98.596 Y110.707 E377.87829
M204 S5000
M205 X30 Y30
G0 F5400 X99.303 Y110.707
M204 S3000
M205 X20 Y20
G1 F1500 X87.536 Y122.474 E378.57015
M204 S5000
M205 X30 Y30
G0 F5400 X87.683 Y123.034
M204 S3000
M205 X20 Y20
G1 F1500 X100.01 Y110.707 E379.29493
M204 S5000
M205 X30 Y30
G0 F5400 X100.717 Y110.707
M204 S3000
M205 X20 Y20
G1 F1500 X87.794 Y123.63 E380.05475
M204 S5000
M205 X30 Y30
G0 F5400 X87.741 Y124.39
M204 S3000
M205 X20 Y20
G1 F1500 X101.424 Y110.707 E380.85926
M204 S5000
M205 X30 Y30
G0 F5400 X102.131 Y110.707
M204 S3000
M205 X20 Y20
G1 F1500 X87.24 Y125.598 E381.73479
G1 X87.152 Y125.686
M204 S5000
M205 X30 Y30
G0 F5400 X86.406 Y126.432
M204 S3000
M205 X20 Y20
G1 F1500 X79.707 Y133.131 E382.12867
M204 S5000
M205 X30 Y30
G0 F5400 X80.237 Y133.308
M204 S3000
M205 X20 Y20
G1 F1500 X102.678 Y110.867 E383.44811
M204 S5000
M205 X30 Y30
G0 F5400 X103.109 Y111.143
M204 S3000
M205 X20 Y20
G1 F1500 X80.731 Y133.522 E384.76388
M204 S5000
M205 X30 Y30
G0 F5400 X81.131 Y133.829
M204 S3000
M205 X20 Y20
G1 F1500 X103.54 Y111.42 E386.08145
M204 S5000
M205 X30 Y30
G0 F5400 X103.97 Y111.696
M204 S3000
M205 X20 Y20
G1 F1500 X81.488 Y134.179 E387.40333
M204 S5000
M205 X30 Y30
G0 F5400 X81.806 Y134.568
M204 S3000
M205 X20 Y20
G1 F1500 X104.401 Y111.973 E388.73183
M204 S5000
M205 X30 Y30
G0 F5400 X104.832 Y112.249
M204 S3000
M205 X20 Y20
G1 F1500 X82.027 Y135.053 E390.07265
M204 S5000
M205 X30 Y30
G0 F5400 X82.232 Y135.556
M204 S3000
M205 X20 Y20
G1 F1500 X105.262 Y112.526 E391.42672
M204 S5000
M205 X30 Y30
G0 F5400 X105.693 Y112.802
M204 S3000
M205 X20 Y20
G1 F1500 X82.295 Y136.2 E392.80244
M204 S5000
M205 X30 Y30
G0 F5400 X82.189 Y137.013
M204 S3000
M205 X20 Y20
G1 F1500 X106.123 Y113.079 E394.20966
M204 S5000
M205 X30 Y30
G0 F5400 X106.554 Y113.355
M204 S3000
M205 X20 Y20
G1 F1500 X81.506 Y138.404 E395.68242
G1 X81.462 Y138.447
G1 X81.103 Y138.806 E395.70353
M204 S5000
M205 X30 Y30
G0 F5400 X81.81 Y138.806
M204 S3000
M205 X20 Y20
G1 F1500 X106.985 Y113.632 E397.18369
M204 S5000
M205 X30 Y30
G0 F5400 X107.415 Y113.908
M204 S3000
M205 X20 Y20
G1 F1500 X82.517 Y138.806 E398.6476
M204 S5000
M205 X30 Y30
G0 F5400 X83.225 Y138.806
M204 S3000
M205 X20 Y20
G1 F1500 X107.846 Y114.185 E400.09522
M204 S5000
M205 X30 Y30
G0 F5400 X108.277 Y114.461
M204 S3000
M205 X20 Y20
G1 F1500 X88.496 Y134.242 E401.25827
M204 S5000
M205 X30 Y30
G0 F5400 X89.364 Y134.08
M204 S3000
M205 X20 Y20
G1 F1500 X108.707 Y114.737 E402.39556
M204 S5000
M205 X30 Y30
G0 F5400 X109.138 Y115.014
M204 S3000
M205 X20 Y20
G1 F1500 X90.055 Y134.097 E403.51757
M204 S5000
M205 X30 Y30
G0 F5400 X90.621 Y134.238
M204 S3000
M205 X20 Y20
G1 F1500 X109.569 Y115.29 E404.63164
M204 S5000
M205 X30 Y30
G0 F5400 X109.999 Y115.567
M204 S3000
M205 X20 Y20
G1 F1500 X91.106 Y134.46 E405.74247
M204 S5000
M205 X30 Y30
G0 F5400 X91.548 Y134.725
M204 S3000
M205 X20 Y20
G1 F1500 X110.43 Y115.843 E406.85266
M204 S5000
M205 X30 Y30
G0 F5400 X110.86 Y116.12
M204 S3000
M205 X20 Y20
G1 F1500 X91.91 Y135.07 E407.96685
M204 S5000
M205 X30 Y30
G0 F5400 X92.227 Y135.46
M204 S3000
M205 X20 Y20
G1 F1500 X111.291 Y116.396 E409.08774
M204 S5000
M205 X30 Y30
G0 F5400 X111.722 Y116.673
M204 S3000
M205 X20 Y20
G1 F1500 X92.486 Y135.909 E410.21874
M204 S5000
M205 X30 Y30
G0 F5400 X92.664 Y136.437
M204 S3000
M205 X20 Y20
G1 F1500 X112.152 Y116.949 E411.36456
M204 S5000
M205 X30 Y30
G0 F5400 X112.583 Y117.226
M204 S3000
M205 X20 Y20
G1 F1500 X92.778 Y137.03 E412.52899
M204 S5000
M205 X30 Y30
G0 F5400 X92.757 Y137.759
M204 S3000
M205 X20 Y20
G1 F1500 X113.014 Y117.502 E413.72003
M204 S5000
M205 X30 Y30
G0 F5400 X113.444 Y117.779
M204 S3000
M205 X20 Y20
G1 F1500 X92.416 Y138.807 E414.95639
M204 S5000
M205 X30 Y30
G0 F5400 X93.123 Y138.807
M204 S3000
M205 X20 Y20
G1 F1500 X113.875 Y118.055 E416.17653
M204 S5000
M205 X30 Y30
G0 F5400 X114.305 Y118.332
M204 S3000
M205 X20 Y20
G1 F1500 X93.83 Y138.807 E417.38038
M204 S5000
M205 X30 Y30
G0 F5400 X94.537 Y138.807
M204 S3000
M205 X20 Y20
G1 F1500 X114.736 Y118.608 E418.568
M204 S5000
M205 X30 Y30
G0 F5400 X115.167 Y118.885
M204 S3000
M205 X20 Y20
G1 F1500 X95.244 Y138.807 E419.73937
M204 S5000
M205 X30 Y30
G0 F5400 X95.951 Y138.807
M204 S3000
M205 X20 Y20
G1 F1500 X115.597 Y119.161 E420.89448
M204 S5000
M205 X30 Y30
G0 F5400 X116.027 Y119.438
M204 S3000
M205 X20 Y20
G1 F1500 X96.658 Y138.807 E422.0333
M204 S5000
M205 X30 Y30
G0 F5400 X97.365 Y138.807
M204 S3000
M205 X20 Y20
G1 F1500 X116.458 Y119.715 E423.15587
M204 S5000
M205 X30 Y30
G0 F5400 X116.888 Y119.991
M204 S3000
M205 X20 Y20
G1 F1500 X98.072 Y138.807 E424.26218
M204 S5000
M205 X30 Y30
G0 F5400 X98.779 Y138.807
M204 S3000
M205 X20 Y20
G1 F1500 X117.319 Y120.268 E425.35223
M204 S5000
M205 X30 Y30
G0 F5400 X117.75 Y120.544
M204 S3000
M205 X20 Y20
G1 F1500 X99.487 Y138.807 E426.42602
M204 S5000
M205 X30 Y30
G0 F5400 X100.194 Y138.807
M204 S3000
M205 X20 Y20
G1 F1500 X118.18 Y120.821 E427.48353
M204 S5000
M205 X30 Y30
G0 F5400 X118.6 Y121.109
M204 S3000
M205 X20 Y20
G1 F1500 X100.901 Y138.807 E428.52414
M204 S5000
M205 X30 Y30
G0 F5400 X101.608 Y138.807
M204 S3000
M205 X20 Y20
G1 F1500 X118.6 Y121.816 E429.52317
M204 S5000
M205 X30 Y30
G0 F5400 X118.6 Y122.523
M204 S3000
M205 X20 Y20
G1 F1500 X102.315 Y138.807 E430.48064
M204 S5000
M205 X30 Y30
G0 F5400 X103.022 Y138.807
M204 S3000
M205 X20 Y20
G1 F1500 X114.359 Y127.47 E431.14721
G1 X114.447 Y127.382
M204 S5000
M205 X30 Y30
G0 F5400 X113.97 Y128.567
M204 S3000
M205 X20 Y20
G1 F1500 X103.729 Y138.807 E431.74931
M204 S5000
M205 X30 Y30
G0 F5400 X104.436 Y138.807
M204 S3000
M205 X20 Y20
G1 F1500 X113.913 Y129.331 E432.30649
M204 S5000
M205 X30 Y30
G0 F5400 X114.032 Y129.918
M204 S3000
M205 X20 Y20
G1 F1500 X105.143 Y138.807 E432.82913
M204 S5000
M205 X30 Y30
G0 F5400 X105.851 Y138.807
M204 S3000
M205 X20 Y20
G1 F1500 X114.21 Y130.448 E433.32061
M204 S5000
M205 X30 Y30
G0 F5400 X114.474 Y130.891
M204 S3000
M205 X20 Y20
G1 F1500 X106.558 Y138.807 E433.78604
M204 S5000
M205 X30 Y30
G0 F5400 X107.265 Y138.807
M204 S3000
M205 X20 Y20
G1 F1500 X114.798 Y131.275 E434.22892
M204 S5000
M205 X30 Y30
G0 F5400 X115.158 Y131.621
M204 S3000
M205 X20 Y20
G1 F1500 X107.972 Y138.807 E434.65143
M204 S5000
M205 X30 Y30
G0 F5400 X108.679 Y138.807
M204 S3000
M205 X20 Y20
G1 F1500 X115.599 Y131.888 E435.05827
M204 S5000
M205 X30 Y30
G0 F5400 X116.106 Y132.087
M204 S3000
M205 X20 Y20
G1 F1500 X109.386 Y138.807 E435.45338
M204 S5000
M205 X30 Y30
G0 F5400 X110.093 Y138.807
M204 S3000
M205 X20 Y20
G1 F1500 X116.678 Y132.222 E435.84055
M204 S5000
M205 X30 Y30
G0 F5400 X117.368 Y132.24
M204 S3000
M205 X20 Y20
G1 F1500 X110.8 Y138.807 E436.2267
M204 S5000
M205 X30 Y30
G0 F5400 X111.507 Y138.807
M204 S3000
M205 X20 Y20
G1 F1500 X118.316 Y131.999 E436.62701
M204 S5000
M205 X30 Y30
G0 F5400 X118.6 Y132.422
M204 S3000
M205 X20 Y20
G1 F1500 X112.215 Y138.807 E437.00243
M204 S5000
M205 X30 Y30
G0 F5400 X112.922 Y138.807
M204 S3000
M205 X20 Y20
G1 F1500 X118.6 Y133.129 E437.33627
M204 S5000
M205 X30 Y30
G0 F5400 X118.6 Y133.836
M204 S3000
M205 X20 Y20
G1 F1500 X113.629 Y138.807 E437.62855
M204 S5000
M205 X30 Y30
G0 F5400 X114.336 Y138.807
M204 S3000
M205 X20 Y20
G1 F1500 X118.6 Y134.544 E437.87922
M204 S5000
M205 X30 Y30
G0 F5400 X118.6 Y135.251
M204 S3000
M205 X20 Y20
G1 F1500 X115.043 Y138.807 E438.08833
M204 S5000
M205 X30 Y30
G0 F5400 X115.75 Y138.807
M204 S3000
M205 X20 Y20
G1 F1500 X118.6 Y135.958 E438.25587
M204 S5000
M205 X30 Y30
G0 F5400 X118.6 Y136.665
M204 S3000
M205 X20 Y20
G1 F1500 X116.457 Y138.807 E438.38184
M204 S5000
M205 X30 Y30
G0 F5400 X117.164 Y138.807
M204 S3000
M205 X20 Y20
G1 F1500 X118.6 Y137.372 E438.46624
M204 S5000
M205 X30 Y30
G0 F5400 X118.6 Y138.079
M204 S3000
M205 X20 Y20
G1 F1500 X117.871 Y138.807 E438.50908
G1 X117.783 Y138.895
M204 S5000
M205 X30 Y30
G0 F5400 X114.656 Y130.051
G0 X114.656 Y128.128
G0 X115.74 Y126.853
G0 X118.43 Y126.228
M204 S3000
M205 X20 Y20
G1 F1500 X118.6 Y126.058 E438.51907
M204 S5000
M205 X30 Y30
G0 F5400 X117.911 Y126.04
M204 S3000
M205 X20 Y20
G1 F1500 X118.6 Y125.351 E438.55958
M204 S5000
M205 X30 Y30
G0 F5400 X118.6 Y124.644
M204 S3000
M205 X20 Y20
G1 F1500 X117.298 Y125.946 E438.63614
M204 S5000
M205 X30 Y30
G0 F5400 X116.565 Y125.972
M204 S3000
M205 X20 Y20
G1 F1500 X118.6 Y123.937 E438.75579
M204 S5000
M205 X30 Y30
G0 F5400 X118.6 Y123.23
M204 S3000
M205 X20 Y20
G1 F1500 X115.524 Y126.305 E438.93661
G1 X115.436 Y126.393
M204 S5000
M205 X30 Y30
G0 F5400 X85.195 Y126.936
M204 S3000
M205 X20 Y20
G1 F1500 X79.07 Y133.061 E439.29674
M204 S5000
M205 X30 Y30
G0 F5400 X78.256 Y133.168
M204 S3000
M205 X20 Y20
G1 F1500 X84.437 Y126.987 E439.66016
M204 S5000
M205 X30 Y30
G0 F5400 X83.799 Y126.917
M204 S3000
M205 X20 Y20
G1 F1500 X76.808 Y133.909 E440.07123
M204 S5000
M205 X30 Y30
G0 F5400 X76.899 Y133.111
M204 S3000
M205 X20 Y20
G1 F1500 X83.296 Y126.714 E440.44735
M204 S5000
M205 X30 Y30
G0 F5400 X82.793 Y126.509
M204 S3000
M205 X20 Y20
G1 F1500 X76.99 Y132.313 E440.78858
M204 S5000
M205 X30 Y30
G0 F5400 X77.081 Y131.514
M204 S3000
M205 X20 Y20
G1 F1500 X82.434 Y126.161 E441.10331
M204 S5000
M205 X30 Y30
G0 F5400 X82.076 Y125.813
M204 S3000
M205 X20 Y20
G1 F1500 X77.172 Y130.716 E441.39162
M204 S5000
M205 X30 Y30
G0 F5400 X77.264 Y129.918
M204 S3000
M205 X20 Y20
G1 F1500 X81.788 Y125.394 E441.65761
M204 S5000
M205 X30 Y30
G0 F5400 X81.572 Y124.902
M204 S3000
M205 X20 Y20
G1 F1500 X77.355 Y129.119 E441.90556
M204 S5000
M205 X30 Y30
G0 F5400 X77.446 Y128.321
M204 S3000
M205 X20 Y20
G1 F1500 X81.402 Y124.365 E442.13815
M204 S5000
M205 X30 Y30
G0 F5400 X81.339 Y123.721
M204 S3000
M205 X20 Y20
G1 F1500 X77.537 Y127.523 E442.3617
M204 S5000
M205 X30 Y30
G0 F5400 X77.628 Y126.725
M204 S3000
M205 X20 Y20
G1 F1500 X81.497 Y122.856 E442.58918
G1 X81.585 Y122.768
M204 S5000
M205 X30 Y30
G0 F5400 X81.918 Y124.097
G0 X86.528 Y136.209
M204 S3000
M205 X20 Y20
G1 F1500 X83.931 Y138.807 E442.7419
M204 S5000
M205 X30 Y30
G0 F5400 X84.638 Y138.807
M204 S3000
M205 X20 Y20
G1 F1500 X86.354 Y137.091 E442.8428
M204 S5000
M205 X30 Y30
G0 F5400 X86.393 Y137.759
M204 S3000
M205 X20 Y20
G1 F1500 X85.345 Y138.807 E442.90441
M204 S5000
M205 X30 Y30
G0 F5400 X86.052 Y138.807
M204 S3000
M205 X20 Y20
G1 F1500 X86.536 Y138.323 E442.93287
M204 S5000
M205 X30 Y30
G0 F5400 X87.226 Y123.663
G0 X85.635 Y103.161
M204 S3000
M205 X20 Y20
G1 F1500 X87.604 Y101.192 E443.04864
M204 S5000
M205 X30 Y30
G0 F5400 X87.174 Y100.916
M204 S3000
M205 X20 Y20
G1 F1500 X86.184 Y101.906 E443.10685
M204 S5000
M205 X30 Y30
G0 F5400 X86.223 Y101.159
M204 S3000
M205 X20 Y20
G1 F1500 X86.743 Y100.639 E443.13742
M204 S5000
M205 X30 Y30
G0 F5400 X86.312 Y100.363
M204 S3000
M205 X20 Y20
G1 F1500 X86.139 Y100.536 E443.1476
M204 S5000
M205 X30 Y30
G1 F1500 E436.6476
;MESH:Hip Servo Mount L.stl
G0 F5400 X92.855 Y103.344
G0 X93.456 Y102.406
G0 X105.268 Y95.376
G0 X106.205 Y94.774
G0 X104.214 Y89.096
G0 X103.434 Y86.865
G1 F1500 E443.1476
G0 F5400 X103.56 Y86.89
M204 S3000
M205 X20 Y20
;TYPE:WALL-INNER
G1 F2116.6 X103.796 Y86.422 E443.17601
G1 F2113.3 X104.032 Y86.107 E443.19738
G1 F2129.6 X104.669 Y85.564 E443.24248
G1 X105.484 Y85.282 E443.28895
G1 F2113.3 X105.76 Y85.251 E443.30403
G1 F2236.6 X106.6 Y85.407 E443.34786
G1 F2560.3 X107.074 Y85.606 E443.3709
G1 F2760 X107.277 Y85.732 E443.38084
G1 X107.767 Y86.159 E443.40786
G1 X107.926 Y86.352 E443.41825
G1 X108.15 Y86.744 E443.43702
G1 X108.366 Y87.437 E443.4672
G1 X108.355 Y88.128 E443.49594
G1 X108.192 Y88.716 E443.5213
G1 X107.866 Y89.29 E443.54875
G1 X107.221 Y89.855 E443.5844
G1 X106.653 Y90.109 E443.61027
G1 X106.411 Y90.166 E443.6206
G1 X105.755 Y90.209 E443.64793
G1 X105.464 Y90.171 E443.66014
G1 F2653.8 X104.732 Y89.923 E443.69355
G1 F2464.3 X103.953 Y89.354 E443.73847
G1 F2315.4 X103.558 Y88.695 E443.77655
G1 F2187 X103.412 Y87.932 E443.81731
G1 F2126.3 X103.404 Y87.66 E443.83199
G1 F2129.6 X103.56 Y86.89 E443.87432
M204 S5000
M205 X30 Y30
G0 F5400 X103.434 Y86.865
G0 X103.507 Y88.73
G0 X104.091 Y89.567
G0 X114.359 Y97.706
G0 X114.359 Y98.081
M204 S3000
M205 X20 Y20
G1 F2760 X114.539 Y98.303 E443.88621
G1 X114.626 Y98.626 E443.90011
G1 X114.626 Y107.337 E444.26227
G1 X125.336 Y124.018 E445.08643
G1 X132.77 Y124.018 E445.3955
G1 X132.228 Y123.721 E445.42119
G1 X131.728 Y123.179 E445.45185
G1 X131.433 Y122.615 E445.47831
G1 X131.318 Y122.186 E445.49678
G1 X131.289 Y121.445 E445.52761
G1 X131.507 Y120.743 E445.55817
G1 X131.848 Y120.203 E445.58472
G1 X132.218 Y119.838 E445.60633
G1 X132.779 Y119.5 E445.63356
G1 X133.407 Y119.332 E445.66059
G1 X134.049 Y119.333 E445.68728
G1 X134.672 Y119.496 E445.71405
G1 X135.247 Y119.835 E445.7418
G1 X135.699 Y120.296 E445.76864
G1 X135.998 Y120.83 E445.79409
G1 X136.144 Y121.352 E445.81662
G1 X136.169 Y121.991 E445.84321
G1 X136.029 Y122.615 E445.8698
G1 X135.734 Y123.179 E445.89626
G1 X135.234 Y123.721 E445.92692
G1 X134.692 Y124.018 E445.95261
G1 X144.176 Y124.019 E446.34691
G1 X144.176 Y95.388 E447.53725
G1 X143.708 Y96.016 E447.56981
G1 X143.495 Y96.21 E447.58179
G1 X142.927 Y96.554 E447.6094
G1 X142.706 Y96.644 E447.61932
G1 X142.264 Y96.745 E447.63817
G1 X141.53 Y96.75 E447.66869
G1 X140.904 Y96.554 E447.69596
G1 X140.334 Y96.211 E447.72362
G1 X139.754 Y95.533 E447.76071
G1 X139.501 Y94.912 E447.78859
G1 X139.419 Y94.288 E447.81476
G1 X139.5 Y93.623 E447.84261
G1 X139.761 Y92.994 E447.87092
G1 X140.346 Y92.316 E447.90815
G1 X140.925 Y91.975 E447.93609
G1 X141.523 Y91.794 E447.96206
G1 X142.072 Y91.775 E447.9849
G1 X142.706 Y91.894 E448.01172
G1 X142.926 Y91.983 E448.02159
G1 X143.494 Y92.327 E448.04919
G1 X143.708 Y92.521 E448.0612
G1 X144.176 Y93.15 E448.0938
G1 X144.176 Y84.984 E448.4333
G1 F2522.9 X144.129 Y84.333 E448.46299
G1 F2240.3 X144.107 Y84.177 E448.47106
G1 F2176.7 X144.111 Y83.616 E448.50063
G1 F2190.5 X144.026 Y83.055 E448.53036
G1 F2183.5 X143.84 Y82.465 E448.56287
G1 X143.53 Y81.939 E448.59495
G1 F2204.5 X143.223 Y81.56 E448.62034
G1 X142.858 Y81.239 E448.64564
G1 F2201 X142.451 Y80.974 E448.67096
G1 F2208 X142.006 Y80.774 E448.69631
G1 F2211.5 X141.533 Y80.643 E448.72178
G1 F2208 X141.05 Y80.588 E448.74704
G1 F2204.5 X140.522 Y80.607 E448.77454
G1 F2110.1 X139.783 Y80.722 E448.81522
G1 F2300 X139.285 Y80.687 E448.84012
G1 F2674.4 X138.787 Y80.743 E448.86162
G1 X138.288 Y80.8 E448.88317
G1 X137.789 Y80.857 E448.90472
G1 X137.29 Y80.914 E448.92627
G1 F2679.6 X136.792 Y80.971 E448.94774
G1 X136.293 Y81.028 E448.96924
G1 X135.794 Y81.085 E448.99075
G1 X135.295 Y81.142 E449.01226
G1 F2684.8 X134.797 Y81.199 E449.03368
G1 X134.298 Y81.256 E449.05515
G1 X133.799 Y81.313 E449.07661
G1 X133.3 Y81.37 E449.09808
G1 F2690.1 X132.802 Y81.427 E449.11946
G1 X132.303 Y81.484 E449.14088
G1 X131.804 Y81.541 E449.16231
G1 X131.305 Y81.598 E449.18373
G1 F2695.3 X130.807 Y81.655 E449.20507
G1 X130.308 Y81.712 E449.22645
G1 X129.809 Y81.769 E449.24783
G1 F2700.6 X129.31 Y81.826 E449.26918
G1 X128.812 Y81.883 E449.29047
G1 X128.313 Y81.94 E449.31181
G1 X127.814 Y81.997 E449.33315
G1 F2705.9 X127.315 Y82.054 E449.35445
G1 X126.817 Y82.111 E449.37571
G1 X126.318 Y82.168 E449.39701
G1 X125.819 Y82.225 E449.41831
G1 F2711.2 X125.32 Y82.282 E449.43956
G1 X124.822 Y82.339 E449.46078
G1 X124.323 Y82.396 E449.48203
G1 X123.824 Y82.453 E449.50329
G1 F2716.5 X123.325 Y82.51 E449.52451
G1 X122.827 Y82.567 E449.54568
G1 X122.328 Y82.624 E449.56689
G1 X121.829 Y82.681 E449.58811
G1 F2721.9 X121.33 Y82.738 E449.60928
G1 X120.832 Y82.795 E449.63041
G1 X120.333 Y82.852 E449.65159
G1 X119.834 Y82.909 E449.67276
G1 F2727.3 X119.335 Y82.966 E449.69389
G1 X118.837 Y83.023 E449.71498
G1 X118.338 Y83.08 E449.73611
G1 X117.839 Y83.137 E449.75724
G1 F2732.7 X117.34 Y83.194 E449.77833
G1 X116.842 Y83.251 E449.79938
G1 X116.343 Y83.308 E449.82047
G1 X115.844 Y83.365 E449.84156
G1 F2738.1 X115.345 Y83.422 E449.86261
G1 X114.846 Y83.479 E449.88366
G1 X114.348 Y83.536 E449.90466
G1 F2743.5 X113.849 Y83.593 E449.92567
G1 X113.35 Y83.65 E449.94668
G1 X112.851 Y83.707 E449.96768
G1 X112.353 Y83.764 E449.98865
G1 F2749 X111.854 Y83.821 E450.00961
G1 X111.355 Y83.878 E450.03058
G1 X110.856 Y83.935 E450.05154
G1 X110.358 Y83.992 E450.07246
G1 F2754.5 X109.859 Y84.049 E450.09339
G1 X109.36 Y84.106 E450.11431
G1 X108.861 Y84.163 E450.13523
G1 X108.363 Y84.22 E450.15611
G1 F2760 X107.864 Y84.277 E450.17699
G1 X107.365 Y84.334 E450.19787
G1 X106.866 Y84.391 E450.21876
G1 X106.368 Y84.448 E450.23959
G1 F2387.5 X105.744 Y84.598 E450.27044
G1 F2116.6 X105.397 Y84.635 E450.28936
G1 F2106.9 X104.845 Y84.793 E450.32063
G1 F2113.3 X104.393 Y84.99 E450.3474
G1 F2116.6 X103.983 Y85.267 E450.37423
G1 F2100.5 X103.621 Y85.595 E450.40091
G1 F2103.7 X103.23 Y86.083 E450.43502
G1 F2116.6 X102.962 Y86.638 E450.46844
G1 F2110.1 X102.829 Y87.113 E450.49526
G1 F2106.9 X102.759 Y87.601 E450.52211
G1 F2116.6 X102.774 Y88.095 E450.5489
G1 F2097.3 X102.865 Y88.581 E450.57596
G1 F2110.1 X103.021 Y89.045 E450.60258
G1 F2123.1 X103.279 Y89.52 E450.63179
G1 F2166.4 X103.497 Y89.889 E450.65449
G1 F2464.3 X103.804 Y90.477 E450.68538
G1 F2760 X108.573 Y97.907 E451.05244
G1 X113.941 Y97.908 E451.27562
G1 X114.245 Y98.002 E451.28884
G1 X114.359 Y98.081 E451.29461
M204 S5000
M205 X30 Y30
G0 F5400 X114.359 Y97.706
G0 X125.737 Y89.067
G0 X125.934 Y89.098
M204 S3000
M205 X20 Y20
G1 F2760 X126.026 Y88.557 E451.31743
G1 X126.246 Y88.051 E451.34037
G1 X126.619 Y87.544 E451.36653
G1 X127.126 Y87.136 E451.39359
G1 X127.336 Y87.026 E451.40345
G1 X128.058 Y86.785 E451.43509
G1 X128.658 Y86.781 E451.46004
G1 X128.895 Y86.819 E451.47002
G1 X129.515 Y87.025 E451.49718
G1 X129.726 Y87.135 E451.50707
G1 X130.233 Y87.543 E451.53413
G1 X130.588 Y88.01 E451.55852
G1 X130.825 Y88.539 E451.58262
G1 X130.935 Y89.192 E451.61015
G1 X130.863 Y89.879 E451.63887
G1 X130.487 Y90.711 E451.67682
G1 X129.823 Y91.358 E451.71537
G1 X129.201 Y91.653 E451.74399
G1 X128.574 Y91.774 E451.77054
G1 X127.923 Y91.724 E451.79768
G1 X127.328 Y91.518 E451.82386
G1 X126.777 Y91.164 E451.85109
G1 X126.208 Y90.45 E451.88905
G1 X125.991 Y89.845 E451.91577
G1 X125.928 Y89.288 E451.93907
G1 X125.934 Y89.098 E451.94698
M204 S5000
M205 X30 Y30
G0 F5400 X125.737 Y89.067
G0 X126.163 Y87.895
G0 X127.099 Y86.983
G0 X138.418 Y82.779
G0 X138.598 Y82.866
M204 S3000
M205 X20 Y20
G1 F2760 X138.87 Y82.351 E451.97119
G1 F2716.5 X139.21 Y81.939 E451.99375
G1 F2628.6 X139.705 Y81.57 E452.02071
G1 F2266 X139.914 Y81.39 E452.03467
G1 F2113.3 X140.673 Y81.212 E452.077
G1 F2222.2 X141.35 Y81.235 E452.11198
G1 F2229.4 X141.939 Y81.416 E452.1437
G1 F2236.6 X142.301 Y81.608 E452.16472
G1 F2233 X142.789 Y81.997 E452.19679
G1 F2225.8 X143.212 Y82.586 E452.23417
G1 F2222.2 X143.464 Y83.384 E452.27738
G1 F2319.3 X143.474 Y84.103 E452.31296
G1 F2504.5 X143.126 Y84.973 E452.35589
G1 F2628.6 X142.746 Y85.497 E452.38415
G1 F2716.5 X142.206 Y85.916 E452.41302
G1 F2760 X141.809 Y86.105 E452.4313
G1 X141.231 Y86.251 E452.45608
G1 X140.647 Y86.255 E452.48036
G1 X139.821 Y86.023 E452.51603
G1 X139.209 Y85.598 E452.54701
G1 X138.811 Y85.105 E452.57335
G1 X138.556 Y84.575 E452.59781
G1 X138.439 Y84.002 E452.62212
G1 X138.427 Y83.808 E452.6302
G1 X138.478 Y83.262 E452.653
G1 X138.598 Y82.866 E452.6702
M204 S5000
M205 X30 Y30
G0 F5400 X139.048 Y83.083
M204 S3000
M205 X20 Y20
;TYPE:WALL-OUTER
G1 F1770 X139.223 Y82.72 E452.68696
G1 X139.559 Y82.3 E452.70932
G1 X140.034 Y81.972 E452.73332
G1 X140.724 Y81.777 E452.76313
G1 X141.217 Y81.788 E452.78363
G1 X141.709 Y81.927 E452.80489
G1 X141.998 Y82.078 E452.81844
G1 X142.394 Y82.406 E452.83982
G1 X142.697 Y82.824 E452.86128
G1 X142.918 Y83.52 E452.89164
G1 X142.913 Y84.025 E452.91264
G1 X142.707 Y84.678 E452.94111
G1 X142.402 Y85.12 E452.96343
G1 X142.019 Y85.444 E452.98429
G1 X141.673 Y85.624 E453.00051
G1 X141.201 Y85.752 E453.02084
G1 X140.735 Y85.765 E453.04022
G1 X140.027 Y85.563 E453.07083
G1 X139.554 Y85.228 E453.09493
G1 X139.235 Y84.84 E453.11581
G1 X139.027 Y84.404 E453.13589
G1 X138.93 Y83.907 E453.15695
G1 X138.961 Y83.392 E453.1784
G1 X139.048 Y83.083 E453.19174
M204 S5000
M205 X30 Y30
G0 F5400 X139.135 Y82.903
G0 X138.505 Y82.599
G0 X138.289 Y83.802
G0 X139.232 Y94.148
G0 X139.925 Y94.237
M204 S3000
M205 X20 Y20
G1 F1770 X139.997 Y93.732 E453.21295
G1 X140.193 Y93.261 E453.23416
G1 X140.65 Y92.728 E453.26335
G1 X141.12 Y92.435 E453.28638
G1 X141.591 Y92.294 E453.30682
G1 X142.088 Y92.275 E453.3275
G1 X142.634 Y92.39 E453.35069
G1 X143.279 Y92.781 E453.38205
G1 X143.704 Y93.352 E453.41165
G1 F1541.8 X143.969 Y93.857 E453.43887
G1 F1372.1 X143.967 Y94.652 E453.4815
G1 F1549.9 X143.703 Y95.186 E453.50979
G1 F1770 X143.279 Y95.756 E453.53932
G1 X142.668 Y96.126 E453.56902
G1 X142.152 Y96.257 E453.59115
G1 X141.638 Y96.249 E453.61252
G1 X141.113 Y96.1 E453.63521
G1 X140.668 Y95.827 E453.65692
G1 X140.194 Y95.278 E453.68707
G1 X139.989 Y94.782 E453.70939
G1 X139.925 Y94.301 E453.72956
G1 X139.925 Y94.237 E453.73222
M204 S5000
M205 X30 Y30
G0 F5400 X139.953 Y94.039
G0 X139.258 Y93.95
G0 X127.92 Y91.868
G0 X126.794 Y91.341
G0 X125.997 Y90.45
G0 X126.653 Y90.21
M204 S3000
M205 X20 Y20
G1 F1770 X126.47 Y89.697 E453.75486
G1 X126.426 Y89.24 E453.77395
G1 X126.506 Y88.697 E453.79677
G1 X126.734 Y88.204 E453.81935
G1 X127.057 Y87.81 E453.84054
G1 X127.494 Y87.5 E453.86281
G1 X128.165 Y87.282 E453.89214
G1 X128.737 Y87.293 E453.91593
G1 X129.357 Y87.499 E453.94309
G1 X129.796 Y87.81 E453.96546
G1 X130.146 Y88.243 E453.98861
G1 X130.344 Y88.688 E454.00886
G1 X130.43 Y89.207 E454.03073
G1 X130.377 Y89.738 E454.05291
G1 X130.076 Y90.417 E454.08379
G1 X129.532 Y90.94 E454.11517
G1 X129.062 Y91.168 E454.13688
G1 X128.564 Y91.267 E454.15799
G1 X128.05 Y91.235 E454.1794
G1 X127.568 Y91.078 E454.20048
G1 X127.104 Y90.772 E454.22359
G1 X126.653 Y90.21 E454.25355
M204 S5000
M205 X30 Y30
G0 F5400 X126.586 Y90.022
G0 X125.928 Y90.263
G0 X114.048 Y97.706
G0 X114.048 Y98.474
M204 S3000
M205 X20 Y20
G1 F1770 X114.127 Y98.596 E454.25959
G1 X114.126 Y107.483 E454.62907
G1 X125.063 Y124.518 E455.47071
G1 X125.927 Y124.518 E455.50663
G1 F1766.5 X126.791 Y124.518 E455.54262
G1 F1762.9 X127.655 Y124.518 E455.57868
G1 F1759.4 X128.519 Y124.518 E455.61482
G1 F1756 X129.383 Y124.518 E455.65103
G1 F1752.5 X130.247 Y124.518 E455.68731
G1 F1749 X131.111 Y124.518 E455.72366
G1 F1745.6 X131.975 Y124.518 E455.76008
G1 F1742.1 X132.839 Y124.518 E455.79658
G1 F1505.1 X133.337 Y124.435 E455.82126
G1 F1336.9 X133.509 Y124.441 E455.83074
G1 X134.125 Y124.435 E455.86465
G1 F1505.1 X134.621 Y124.519 E455.88924
G1 F1742.1 X135.459 Y124.519 E455.92464
G1 F1745.6 X136.297 Y124.519 E455.95997
G1 X137.135 Y124.519 E455.9953
G1 F1749 X137.973 Y124.519 E456.03055
G1 F1752.5 X138.811 Y124.519 E456.06574
G1 F1756 X139.649 Y124.519 E456.10086
G1 X140.487 Y124.519 E456.13598
G1 F1759.4 X141.325 Y124.519 E456.17103
G1 F1762.9 X142.163 Y124.519 E456.20601
G1 F1766.5 X143.001 Y124.519 E456.24092
G1 X143.839 Y124.519 E456.27583
G1 F1770 X144.677 Y124.519 E456.31067
G1 X144.676 Y95.268 E457.52678
G1 F1549.9 X144.605 Y94.707 E457.55363
G1 F1382.8 X144.607 Y93.942 E457.59434
G1 F1370 X144.599 Y93.736 E457.60542
G1 F1520.6 X144.672 Y93.272 E457.62815
G1 F1742.1 X144.672 Y92.39 E457.6654
G1 F1745.6 X144.672 Y91.508 E457.70259
G1 F1749 X144.673 Y90.626 E457.73969
G1 X144.673 Y89.744 E457.7768
G1 F1752.5 X144.673 Y88.862 E457.81384
G1 F1756 X144.674 Y87.98 E457.8508
G1 F1759.4 X144.674 Y87.098 E457.88769
G1 F1762.9 X144.674 Y86.216 E457.92451
G1 X144.675 Y85.334 E457.96132
G1 F1766.5 X144.675 Y84.452 E457.99807
G1 F1770 X144.676 Y83.57 E458.03474
G1 X144.578 Y82.928 E458.06174
G1 X144.362 Y82.232 E458.09203
G1 X143.993 Y81.613 E458.12199
G1 X143.629 Y81.17 E458.14583
G1 X143.201 Y80.789 E458.16966
G1 X142.721 Y80.478 E458.19343
G1 X142.197 Y80.243 E458.21731
G1 X141.641 Y80.09 E458.24129
G1 X141.073 Y80.023 E458.26506
G1 X140.491 Y80.045 E458.28928
G1 X105.287 Y84.069 E459.76242
G1 X104.647 Y84.245 E459.79002
G1 X104.116 Y84.487 E459.81428
G1 X103.627 Y84.808 E459.8386
G1 X103.198 Y85.198 E459.8627
G1 X102.736 Y85.774 E459.8934
G1 X102.424 Y86.433 E459.92371
G1 X102.259 Y86.992 E459.94794
G1 X102.183 Y87.571 E459.97222
G1 X102.197 Y88.155 E459.99651
G1 X102.303 Y88.729 E460.02078
G1 X102.493 Y89.277 E460.04489
G1 X102.775 Y89.802 E460.06967
G1 X108.3 Y98.407 E460.49482
G1 X113.898 Y98.406 E460.72755
G1 X114.048 Y98.474 E460.7344
M204 S5000
M205 X30 Y30
G0 F5400 X114.127 Y98.596
G0 X114.127 Y98.651
G0 X114.826 Y98.651
G0 X104.62 Y90.031
G0 X103.545 Y88.796
G0 X103.287 Y87.598
G0 X103.973 Y87.736
M204 S3000
M205 X20 Y20
G1 F1770 X104.114 Y87.043 E460.7638
G1 X104.382 Y86.57 E460.78641
G1 X104.948 Y86.071 E460.81778
G1 X105.671 Y85.825 E460.84953
G1 X106.423 Y85.874 E460.88086
G1 X106.949 Y86.109 E460.90481
G1 X107.472 Y86.565 E460.93366
G1 X107.716 Y86.992 E460.95411
G1 X107.856 Y87.481 E460.97525
G1 X107.862 Y88.027 E460.99795
G1 X107.733 Y88.51 E461.01874
G1 X107.45 Y88.992 E461.04198
G1 X106.919 Y89.451 E461.07116
G1 X106.421 Y89.664 E461.09368
G1 X105.672 Y89.713 E461.12488
G1 X104.945 Y89.467 E461.15679
G1 X104.378 Y88.967 E461.18822
G1 X104.114 Y88.497 E461.21063
G1 X103.976 Y87.819 E461.2394
G1 X103.973 Y87.736 E461.24285
M204 S5000
M205 X30 Y30
G0 F5400 X104.012 Y87.54
G0 X103.326 Y87.402
G0 X103.507 Y88.73
G0 X111.604 Y97.775
G0 X114.754 Y97.778
G0 X131.125 Y122.236
G0 X131.801 Y122.056
M204 S3000
M205 X20 Y20
G1 F1770 X131.793 Y121.547 E461.26402
G1 X131.927 Y121.021 E461.28658
G1 X132.181 Y120.58 E461.30774
G1 X132.536 Y120.224 E461.32864
G1 X132.971 Y119.97 E461.34959
G1 X133.466 Y119.834 E461.37093
G1 X133.974 Y119.831 E461.39205
G1 X134.477 Y119.964 E461.41368
G1 X134.918 Y120.217 E461.43482
G1 X135.282 Y120.581 E461.45622
G1 X135.536 Y121.022 E461.47738
G1 X135.661 Y121.482 E461.4972
G1 X135.67 Y122.024 E461.51973
G1 X135.546 Y122.485 E461.53958
G1 X135.3 Y122.929 E461.56068
G1 F1756 X134.921 Y123.321 E461.58353
G1 F1725.1 X134.448 Y123.592 E461.60679
G1 F1494.9 X134.039 Y123.779 E461.62892
G1 F1326.8 X133.423 Y123.779 E461.66309
G1 F1494.9 X133.014 Y123.592 E461.68523
G1 F1738.7 X132.571 Y123.338 E461.70684
G1 F1770 X132.178 Y122.958 E461.72957
G1 X131.916 Y122.485 E461.75205
G1 X131.801 Y122.056 E461.77051
M204 S5000
M205 X30 Y30
G0 F5400 X131.798 Y121.856
G0 X131.093 Y121.856
G0 X125.444 Y89.141
M204 S3000
M205 X20 Y20
;TYPE:SKIN
G1 F1500 X125.568 Y88.417 E461.80105
G1 X125.822 Y87.832 E461.82757
G1 X126.258 Y87.232 E461.8584
G1 X126.828 Y86.765 E461.88904
G1 X127.184 Y86.576 E461.9058
G1 X127.983 Y86.314 E461.94075
G1 X128.693 Y86.309 E461.97027
G1 X129.049 Y86.368 E461.98528
G1 X129.664 Y86.573 E462.01223
G1 X130.025 Y86.764 E462.02921
G1 X130.585 Y87.222 E462.05928
G1 X130.999 Y87.77 E462.08784
G1 X131.273 Y88.378 E462.11556
G1 X131.415 Y89.167 E462.14889
G1 X131.325 Y90.008 E462.18406
G1 X130.959 Y90.831 E462.22151
G1 X130.797 Y91.072 E462.23358
G1 X130.09 Y91.75 E462.2743
G1 X129.35 Y92.112 E462.30855
G1 X128.61 Y92.241 E462.33978
G1 X127.868 Y92.2 E462.37068
G1 X127.112 Y91.95 E462.40378
G1 X126.425 Y91.483 E462.43832
G1 X125.792 Y90.691 E462.48047
G1 X125.52 Y89.937 E462.5138
G1 X125.442 Y89.21 E462.5442
G1 X125.444 Y89.141 E462.54707
M204 S5000
M205 X30 Y30
G0 F5400 X108.837 Y87.514
M204 S3000
M205 X20 Y20
G1 F1500 X108.827 Y88.201 E462.57563
G1 X108.634 Y88.897 E462.60566
G1 X108.24 Y89.591 E462.63884
G1 X107.486 Y90.257 E462.68066
G1 X106.839 Y90.548 E462.71016
G1 X106.446 Y90.64 E462.72694
G1 X105.741 Y90.682 E462.7563
G1 X105.357 Y90.632 E462.7724
G1 X104.641 Y90.394 E462.80377
G1 X104.162 Y90.111 E462.8269
G1 X104.215 Y90.239 E462.83266
G1 X108.833 Y97.432 E463.18804
G1 X114.001 Y97.437 E463.4029
G1 X114.383 Y97.538 E463.41933
G1 X114.689 Y97.737 E463.4345
G1 X114.913 Y98.001 E463.4489
G1 X115.053 Y98.322 E463.46346
G1 X115.101 Y98.605 E463.47539
G1 X115.101 Y107.196 E463.83256
G1 X125.596 Y123.542 E464.64017
G1 X131.423 Y123.544 E464.88242
G1 X131.094 Y123.032 E464.90773
G1 X130.862 Y122.325 E464.93866
G1 X130.818 Y121.981 E464.95308
G1 X130.853 Y121.248 E464.98359
G1 X131.038 Y120.603 E465.01149
G1 X131.417 Y119.97 E465.04216
G1 X131.946 Y119.439 E465.07332
G1 X132.583 Y119.07 E465.10393
G1 X133.351 Y118.857 E465.13706
G1 X134.104 Y118.859 E465.16837
G1 X134.865 Y119.06 E465.20109
G1 X135.539 Y119.455 E465.23357
G1 X136.087 Y120.014 E465.26612
G1 X136.438 Y120.648 E465.29625
G1 X136.601 Y121.22 E465.32097
G1 X136.644 Y121.557 E465.3351
G1 X136.609 Y122.297 E465.3659
G1 X136.368 Y123.032 E465.39806
G1 X136.039 Y123.544 E465.42336
G1 X143.701 Y123.544 E465.74191
G1 X143.701 Y96.641 E466.86041
G1 X143.176 Y96.961 E466.88597
G1 X142.798 Y97.111 E466.90287
G1 X142.076 Y97.241 E466.93337
G1 X141.314 Y97.181 E466.96515
G1 X140.678 Y96.978 E466.99291
G1 X140.041 Y96.586 E467.02401
G1 X139.357 Y95.802 E467.06726
G1 X139.035 Y95.035 E467.10185
G1 X138.941 Y94.275 E467.13368
G1 X139.034 Y93.529 E467.16494
G1 X139.349 Y92.745 E467.20007
G1 X139.99 Y91.993 E467.24115
G1 X140.709 Y91.537 E467.27655
G1 X141.381 Y91.341 E467.30565
G1 X142.08 Y91.298 E467.33476
G1 X142.849 Y91.441 E467.36728
G1 X143.174 Y91.576 E467.38191
G1 X143.701 Y91.895 E467.40753
G1 X143.7 Y84.996 E467.69435
G1 X143.683 Y84.875 E467.69943
G1 X143.454 Y85.33 E467.72061
G1 X142.995 Y85.907 E467.75126
G1 X142.438 Y86.335 E467.78047
G1 X141.933 Y86.564 E467.80352
G1 X141.255 Y86.726 E467.8325
G1 X140.6 Y86.743 E467.85974
G1 X139.621 Y86.455 E467.90217
G1 X138.905 Y85.968 E467.93817
G1 X138.424 Y85.394 E467.96931
G1 X138.114 Y84.765 E467.99846
G1 X137.939 Y83.923 E468.03422
G1 X138.022 Y83.127 E468.06749
G1 X138.153 Y82.7 E468.08606
G1 X138.476 Y82.089 E468.11479
G1 X138.834 Y81.644 E468.13854
G1 X139.392 Y81.189 E468.16847
G1 X138.921 Y81.207 E468.18807
G1 X106.521 Y84.912 E469.54388
G1 X106.798 Y84.978 E469.55572
G1 X107.298 Y85.186 E469.57823
G1 X107.56 Y85.35 E469.59108
G1 X108.076 Y85.795 E469.61941
G1 X108.314 Y86.08 E469.63485
G1 X108.584 Y86.554 E469.65753
G1 X108.794 Y87.211 E469.68621
G1 X108.837 Y87.514 E469.69893
M204 S5000
M205 X30 Y30
G0 F5400 X107.808 Y85.231
M204 S3000
M205 X20 Y20
G1 F1500 X108.053 Y84.986 E469.71333
M204 S5000
M205 X30 Y30
G0 F5400 X108.186 Y85.56
M204 S3000
M205 X20 Y20
G1 F1500 X108.852 Y84.895 E469.75246
M204 S5000
M205 X30 Y30
G0 F5400 X109.65 Y84.804
M204 S3000
M205 X20 Y20
G1 F1500 X108.514 Y85.939 E469.81923
M204 S5000
M205 X30 Y30
G0 F5400 X108.772 Y86.388
M204 S3000
M205 X20 Y20
G1 F1500 X110.448 Y84.712 E469.91777
M204 S5000
M205 X30 Y30
G0 F5400 X111.246 Y84.621
M204 S3000
M205 X20 Y20
G1 F1500 X108.959 Y86.909 E470.05227
M204 S5000
M205 X30 Y30
G0 F5400 X109.081 Y87.494
M204 S3000
M205 X20 Y20
G1 F1500 X112.045 Y84.53 E470.22654
M204 S5000
M205 X30 Y30
G0 F5400 X112.843 Y84.439
M204 S3000
M205 X20 Y20
G1 F1500 X109.074 Y88.208 E470.44814
G1 X108.986 Y88.296
M204 S5000
M205 X30 Y30
G0 F5400 X108.687 Y89.302
M204 S3000
M205 X20 Y20
G1 F1500 X113.641 Y84.347 E470.73945
M204 S5000
M205 X30 Y30
G0 F5400 X114.44 Y84.256
M204 S3000
M205 X20 Y20
G1 F1500 X106.055 Y92.641 E471.23245
M204 S5000
M205 X30 Y30
G0 F5400 X106.331 Y93.072
M204 S3000
M205 X20 Y20
G1 F1500 X115.238 Y84.165 E471.75615
M204 S5000
M205 X30 Y30
G0 F5400 X116.036 Y84.074
M204 S3000
M205 X20 Y20
G1 F1500 X106.608 Y93.502 E472.31048
M204 S5000
M205 X30 Y30
G0 F5400 X106.884 Y93.933
M204 S3000
M205 X20 Y20
G1 F1500 X116.835 Y83.983 E472.89553
M204 S5000
M205 X30 Y30
G0 F5400 X117.633 Y83.891
M204 S3000
M205 X20 Y20
G1 F1500 X107.161 Y94.364 E473.51127
M204 S5000
M205 X30 Y30
G0 F5400 X107.437 Y94.794
M204 S3000
M205 X20 Y20
G1 F1500 X118.431 Y83.8 E474.15768
M204 S5000
M205 X30 Y30
G0 F5400 X119.23 Y83.709
M204 S3000
M205 X20 Y20
G1 F1500 X107.714 Y95.225 E474.83477
M204 S5000
M205 X30 Y30
G0 F5400 X107.99 Y95.655
M204 S3000
M205 X20 Y20
G1 F1500 X120.028 Y83.618 E475.54253
M204 S5000
M205 X30 Y30
G0 F5400 X120.826 Y83.526
M204 S3000
M205 X20 Y20
G1 F1500 X108.267 Y96.086 E476.28098
M204 S5000
M205 X30 Y30
G0 F5400 X108.543 Y96.517
M204 S3000
M205 X20 Y20
G1 F1500 X121.625 Y83.435 E477.05016
M204 S5000
M205 X30 Y30
G0 F5400 X122.423 Y83.344
M204 S3000
M205 X20 Y20
G1 F1500 X108.82 Y96.947 E477.84996
M204 S5000
M205 X30 Y30
G0 F5400 X109.292 Y97.182
M204 S3000
M205 X20 Y20
G1 F1500 X123.221 Y83.253 E478.66893
M204 S5000
M205 X30 Y30
G0 F5400 X124.02 Y83.162
M204 S3000
M205 X20 Y20
G1 F1500 X109.999 Y97.182 E479.49328
M204 S5000
M205 X30 Y30
G0 F5400 X110.706 Y97.183
M204 S3000
M205 X20 Y20
G1 F1500 X124.818 Y83.07 E480.32304
M204 S5000
M205 X30 Y30
G0 F5400 X125.616 Y82.979
M204 S3000
M205 X20 Y20
G1 F1500 X111.413 Y97.183 E481.15816
M204 S5000
M205 X30 Y30
G0 F5400 X112.12 Y97.183
M204 S3000
M205 X20 Y20
G1 F1500 X126.415 Y82.888 E481.99865
M204 S5000
M205 X30 Y30
G0 F5400 X127.213 Y82.797
M204 S3000
M205 X20 Y20
G1 F1500 X112.826 Y97.184 E482.84455
M204 S5000
M205 X30 Y30
G0 F5400 X113.533 Y97.184
M204 S3000
M205 X20 Y20
G1 F1500 X128.011 Y82.706 E483.6958
M204 S5000
M205 X30 Y30
G0 F5400 X128.81 Y82.614
M204 S3000
M205 X20 Y20
G1 F1500 X114.193 Y97.231 E484.55522
M204 S5000
M205 X30 Y30
G0 F5400 X114.686 Y97.445
M204 S3000
M205 X20 Y20
G1 F1500 X129.608 Y82.523 E485.43258
M204 S5000
M205 X30 Y30
G0 F5400 X130.406 Y82.432
M204 S3000
M205 X20 Y20
G1 F1500 X115.053 Y97.785 E486.33528
M204 S5000
M205 X30 Y30
G0 F5400 X115.29 Y98.255
M204 S3000
M205 X20 Y20
G1 F1500 X125.42 Y88.125 E486.93088
M204 S5000
M205 X30 Y30
G0 F5400 X125.205 Y89.048
M204 S3000
M205 X20 Y20
G1 F1500 X115.35 Y98.903 E487.51032
M204 S5000
M205 X30 Y30
G0 F5400 X115.35 Y99.61
M204 S3000
M205 X20 Y20
G1 F1500 X125.242 Y89.718 E488.09193
M204 S5000
M205 X30 Y30
G0 F5400 X125.38 Y90.286
M204 S3000
M205 X20 Y20
G1 F1500 X115.35 Y100.317 E488.68168
M204 S5000
M205 X30 Y30
G0 F5400 X115.35 Y101.024
M204 S3000
M205 X20 Y20
G1 F1500 X125.564 Y90.81 E489.28223
M204 S5000
M205 X30 Y30
G0 F5400 X125.877 Y91.204
M204 S3000
M205 X20 Y20
G1 F1500 X115.35 Y101.731 E489.90118
M204 S5000
M205 X30 Y30
G0 F5400 X115.35 Y102.438
M204 S3000
M205 X20 Y20
G1 F1500 X126.191 Y91.597 E490.53858
M204 S5000
M205 X30 Y30
G0 F5400 X126.594 Y91.901
M204 S3000
M205 X20 Y20
G1 F1500 X115.35 Y103.145 E491.19969
M204 S5000
M205 X30 Y30
G0 F5400 X115.35 Y103.852
M204 S3000
M205 X20 Y20
G1 F1500 X127.021 Y92.181 E491.8859
M204 S5000
M205 X30 Y30
G0 F5400 X127.551 Y92.358
M204 S3000
M205 X20 Y20
G1 F1500 X115.35 Y104.559 E492.60327
M204 S5000
M205 X30 Y30
G0 F5400 X115.35 Y105.266
M204 S3000
M205 X20 Y20
G1 F1500 X128.151 Y92.466 E493.35589
M204 S5000
M205 X30 Y30
G0 F5400 X128.879 Y92.445
M204 S3000
M205 X20 Y20
G1 F1500 X115.35 Y105.974 E494.15134
M204 S5000
M205 X30 Y30
G0 F5400 X115.35 Y106.681
M204 S3000
M205 X20 Y20
G1 F1500 X129.918 Y92.113 E495.00789
G1 X130.006 Y92.025
M204 S5000
M205 X30 Y30
G0 F5400 X131.253 Y90.777
M204 S3000
M205 X20 Y20
G1 F1500 X137.755 Y84.276 E495.39015
M204 S5000
M205 X30 Y30
G0 F5400 X137.882 Y84.855
M204 S3000
M205 X20 Y20
G1 F1500 X115.454 Y107.283 E496.70883
M204 S5000
M205 X30 Y30
G0 F5400 X115.731 Y107.714
M204 S3000
M205 X20 Y20
G1 F1500 X138.115 Y85.33 E498.02492
M204 S5000
M205 X30 Y30
G0 F5400 X138.399 Y85.753
M204 S3000
M205 X20 Y20
G1 F1500 X116.007 Y108.144 E499.34146
M204 S5000
M205 X30 Y30
G0 F5400 X116.284 Y108.575
M204 S3000
M205 X20 Y20
G1 F1500 X138.721 Y86.138 E500.66067
M204 S5000
M205 X30 Y30
G0 F5400 X139.135 Y86.431
M204 S3000
M205 X20 Y20
G1 F1500 X116.56 Y109.006 E501.98799
M204 S5000
M205 X30 Y30
G0 F5400 X116.837 Y109.436
M204 S3000
M205 X20 Y20
G1 F1500 X139.574 Y86.699 E503.32484
M204 S5000
M205 X30 Y30
G0 F5400 X140.12 Y86.86
M204 S3000
M205 X20 Y20
G1 F1500 X117.113 Y109.867 E504.67756
M204 S5000
M205 X30 Y30
G0 F5400 X117.39 Y110.298
M204 S3000
M205 X20 Y20
G1 F1500 X140.697 Y86.991 E506.04793
M204 S5000
M205 X30 Y30
G0 F5400 X141.457 Y86.938
M204 S3000
M205 X20 Y20
G1 F1500 X117.666 Y110.728 E507.44672
M204 S5000
M205 X30 Y30
G0 F5400 X117.943 Y111.159
M204 S3000
M205 X20 Y20
G1 F1500 X142.539 Y86.562 E508.8929
M204 S5000
M205 X30 Y30
G0 F5400 X143.45 Y86.359
M204 S3000
M205 X20 Y20
G1 F1500 X118.219 Y111.589 E510.37635
M204 S5000
M205 X30 Y30
G0 F5400 X118.496 Y112.02
M204 S3000
M205 X20 Y20
G1 F1500 X143.45 Y87.066 E511.84355
M204 S5000
M205 X30 Y30
G0 F5400 X143.45 Y87.773
M204 S3000
M205 X20 Y20
G1 F1500 X118.772 Y112.451 E513.29452
M204 S5000
M205 X30 Y30
G0 F5400 X119.049 Y112.881
M204 S3000
M205 X20 Y20
G1 F1500 X139.005 Y92.925 E514.46786
G1 X139.093 Y92.837
M204 S5000
M205 X30 Y30
G0 F5400 X138.732 Y93.905
M204 S3000
M205 X20 Y20
G1 F1500 X119.325 Y113.312 E515.60892
M204 S5000
M205 X30 Y30
G0 F5400 X119.602 Y113.743
M204 S3000
M205 X20 Y20
G1 F1500 X138.73 Y94.615 E516.73357
M204 S5000
M205 X30 Y30
G0 F5400 X138.84 Y95.211
M204 S3000
M205 X20 Y20
G1 F1500 X119.878 Y114.173 E517.84846
M204 S5000
M205 X30 Y30
G0 F5400 X120.155 Y114.604
M204 S3000
M205 X20 Y20
G1 F1500 X139.047 Y95.711 E518.95927
M204 S5000
M205 X30 Y30
G0 F5400 X139.321 Y96.144
M204 S3000
M205 X20 Y20
G1 F1500 X120.431 Y115.034 E520.06993
M204 S5000
M205 X30 Y30
G0 F5400 X120.708 Y115.465
M204 S3000
M205 X20 Y20
G1 F1500 X139.65 Y96.523 E521.18365
M204 S5000
M205 X30 Y30
G0 F5400 X140.017 Y96.863
M204 S3000
M205 X20 Y20
G1 F1500 X120.984 Y115.896 E522.30271
M204 S5000
M205 X30 Y30
G0 F5400 X121.261 Y116.326
M204 S3000
M205 X20 Y20
G1 F1500 X140.455 Y97.132 E523.43125
M204 S5000
M205 X30 Y30
G0 F5400 X140.964 Y97.33
M204 S3000
M205 X20 Y20
G1 F1500 X121.537 Y116.757 E524.57348
M204 S5000
M205 X30 Y30
G0 F5400 X121.813 Y117.188
M204 S3000
M205 X20 Y20
G1 F1500 X141.552 Y97.449 E525.73406
M204 S5000
M205 X30 Y30
G0 F5400 X142.245 Y97.464
M204 S3000
M205 X20 Y20
G1 F1500 X122.09 Y117.618 E526.91907
M204 S5000
M205 X30 Y30
G0 F5400 X122.366 Y118.049
M204 S3000
M205 X20 Y20
G1 F1500 X143.232 Y97.183 E528.14591
M204 S5000
M205 X30 Y30
G0 F5400 X143.45 Y97.672
M204 S3000
M205 X20 Y20
G1 F1500 X122.643 Y118.479 E529.36928
M204 S5000
M205 X30 Y30
G0 F5400 X122.919 Y118.91
M204 S3000
M205 X20 Y20
G1 F1500 X143.45 Y98.379 E530.57642
M204 S5000
M205 X30 Y30
G0 F5400 X143.45 Y99.086
M204 S3000
M205 X20 Y20
G1 F1500 X123.196 Y119.341 E531.76731
M204 S5000
M205 X30 Y30
G0 F5400 X123.472 Y119.771
M204 S3000
M205 X20 Y20
G1 F1500 X143.45 Y99.793 E532.94194
M204 S5000
M205 X30 Y30
G0 F5400 X143.45 Y100.501
M204 S3000
M205 X20 Y20
G1 F1500 X123.749 Y120.202 E534.10028
M204 S5000
M205 X30 Y30
G0 F5400 X124.025 Y120.633
M204 S3000
M205 X20 Y20
G1 F1500 X143.45 Y101.208 E535.2424
M204 S5000
M205 X30 Y30
G0 F5400 X143.45 Y101.915
M204 S3000
M205 X20 Y20
G1 F1500 X124.302 Y121.063 E536.36823
M204 S5000
M205 X30 Y30
G0 F5400 X124.578 Y121.494
M204 S3000
M205 X20 Y20
G1 F1500 X143.45 Y102.622 E537.47783
M204 S5000
M205 X30 Y30
G0 F5400 X143.45 Y103.329
M204 S3000
M205 X20 Y20
G1 F1500 X124.855 Y121.925 E538.57117
M204 S5000
M205 X30 Y30
G0 F5400 X125.131 Y122.355
M204 S3000
M205 X20 Y20
G1 F1500 X143.45 Y104.036 E539.64826
M204 S5000
M205 X30 Y30
G0 F5400 X143.45 Y104.743
M204 S3000
M205 X20 Y20
G1 F1500 X125.408 Y122.786 E540.70909
M204 S5000
M205 X30 Y30
G0 F5400 X125.684 Y123.216
M204 S3000
M205 X20 Y20
G1 F1500 X143.45 Y105.45 E541.75366
M204 S5000
M205 X30 Y30
G0 F5400 X143.45 Y106.157
M204 S3000
M205 X20 Y20
G1 F1500 X126.316 Y123.292 E542.76111
M204 S5000
M205 X30 Y30
G0 F5400 X127.023 Y123.292
M204 S3000
M205 X20 Y20
G1 F1500 X143.45 Y106.865 E543.72695
M204 S5000
M205 X30 Y30
G0 F5400 X143.45 Y107.572
M204 S3000
M205 X20 Y20
G1 F1500 X127.73 Y123.292 E544.65123
M204 S5000
M205 X30 Y30
G0 F5400 X128.436 Y123.293
M204 S3000
M205 X20 Y20
G1 F1500 X130.635 Y121.094 E544.78052
M204 S5000
M205 X30 Y30
G0 F5400 X130.571 Y121.865
M204 S3000
M205 X20 Y20
G1 F1500 X129.143 Y123.293 E544.86448
M204 S5000
M205 X30 Y30
G0 F5400 X129.85 Y123.293
M204 S3000
M205 X20 Y20
G1 F1500 X130.652 Y122.492 E544.9116
M204 S5000
M205 X30 Y30
G0 F5400 X130.823 Y123.028
M204 S3000
M205 X20 Y20
G1 F1500 X130.558 Y123.293 E544.92719
M204 S5000
M205 X30 Y30
G0 F5400 X131.33 Y120.774
G0 X133.05 Y118.679
M204 S3000
M205 X20 Y20
G1 F1500 X143.45 Y108.279 E545.53867
M204 S5000
M205 X30 Y30
G0 F5400 X143.45 Y108.986
M204 S3000
M205 X20 Y20
G1 F1500 X133.827 Y118.609 E546.10446
M204 S5000
M205 X30 Y30
G0 F5400 X134.452 Y118.691
M204 S3000
M205 X20 Y20
G1 F1500 X143.45 Y109.693 E546.63351
M204 S5000
M205 X30 Y30
G0 F5400 X143.45 Y110.4
M204 S3000
M205 X20 Y20
G1 F1500 X134.998 Y118.852 E547.13045
M204 S5000
M205 X30 Y30
G0 F5400 X135.443 Y119.114
M204 S3000
M205 X20 Y20
G1 F1500 X143.45 Y111.107 E547.60124
M204 S5000
M205 X30 Y30
G0 F5400 X143.45 Y111.814
M204 S3000
M205 X20 Y20
G1 F1500 X135.846 Y119.419 E548.04835
M204 S5000
M205 X30 Y30
G0 F5400 X136.197 Y119.775
M204 S3000
M205 X20 Y20
G1 F1500 X143.45 Y112.521 E548.47483
M204 S5000
M205 X30 Y30
G0 F5400 X143.45 Y113.229
M204 S3000
M205 X20 Y20
G1 F1500 X136.475 Y120.203 E548.8849
M204 S5000
M205 X30 Y30
G0 F5400 X136.707 Y120.679
M204 S3000
M205 X20 Y20
G1 F1500 X143.45 Y113.936 E549.28137
M204 S5000
M205 X30 Y30
G0 F5400 X143.45 Y114.643
M204 S3000
M205 X20 Y20
G1 F1500 X136.852 Y121.241 E549.6693
M204 S5000
M205 X30 Y30
G0 F5400 X136.876 Y121.924
M204 S3000
M205 X20 Y20
G1 F1500 X143.45 Y115.35 E550.05583
M204 S5000
M205 X30 Y30
G0 F5400 X143.45 Y116.057
M204 S3000
M205 X20 Y20
G1 F1500 X136.71 Y122.797 E550.45211
M204 S5000
M205 X30 Y30
G0 F5400 X136.922 Y123.293
M204 S3000
M205 X20 Y20
G1 F1500 X143.45 Y116.764 E550.83597
M204 S5000
M205 X30 Y30
G0 F5400 X143.45 Y117.471
M204 S3000
M205 X20 Y20
G1 F1500 X137.629 Y123.293 E551.17825
M204 S5000
M205 X30 Y30
G0 F5400 X138.336 Y123.293
M204 S3000
M205 X20 Y20
G1 F1500 X143.45 Y118.178 E551.47896
M204 S5000
M205 X30 Y30
G0 F5400 X143.45 Y118.885
M204 S3000
M205 X20 Y20
G1 F1500 X139.043 Y123.293 E551.7381
M204 S5000
M205 X30 Y30
G0 F5400 X139.75 Y123.293
M204 S3000
M205 X20 Y20
G1 F1500 X143.45 Y119.592 E551.95568
M204 S5000
M205 X30 Y30
G0 F5400 X143.45 Y120.3
M204 S3000
M205 X20 Y20
G1 F1500 X140.456 Y123.293 E552.13169
M204 S5000
M205 X30 Y30
G0 F5400 X141.163 Y123.293
M204 S3000
M205 X20 Y20
G1 F1500 X143.45 Y121.007 E552.26612
M204 S5000
M205 X30 Y30
G0 F5400 X143.45 Y121.714
M204 S3000
M205 X20 Y20
G1 F1500 X141.871 Y123.293 E552.35896
M204 S5000
M205 X30 Y30
G0 F5400 X142.578 Y123.293
M204 S3000
M205 X20 Y20
G1 F1500 X143.45 Y122.421 E552.41023
M204 S5000
M205 X30 Y30
G0 F5400 X143.45 Y123.128
M204 S3000
M205 X20 Y20
G1 F1500 X143.285 Y123.293 E552.41993
M204 S5000
M205 X30 Y30
G0 F5400 X139.277 Y94.269
G0 X139.632 Y92.935
G0 X140.854 Y91.846
G0 X143.352 Y91.406
M204 S3000
M205 X20 Y20
G1 F1500 X143.45 Y91.309 E552.42567
M204 S5000
M205 X30 Y30
G0 F5400 X142.866 Y91.185
M204 S3000
M205 X20 Y20
G1 F1500 X143.45 Y90.602 E552.45997
M204 S5000
M205 X30 Y30
G0 F5400 X143.45 Y89.895
M204 S3000
M205 X20 Y20
G1 F1500 X142.267 Y91.078 E552.52953
M204 S5000
M205 X30 Y30
G0 F5400 X141.556 Y91.081
M204 S3000
M205 X20 Y20
G1 F1500 X143.45 Y89.188 E552.64086
M204 S5000
M205 X30 Y30
G0 F5400 X143.45 Y88.48
M204 S3000
M205 X20 Y20
G1 F1500 X140.631 Y91.299 E552.80661
G1 X140.543 Y91.387
M204 S5000
M205 X30 Y30
G0 F5400 X137.718 Y83.606
M204 S3000
M205 X20 Y20
G1 F1500 X131.607 Y89.717 E553.16591
M204 S5000
M205 X30 Y30
G0 F5400 X131.635 Y88.981
M204 S3000
M205 X20 Y20
G1 F1500 X137.879 Y82.737 E553.53303
G1 X137.967 Y82.649
M204 S5000
M205 X30 Y30
G0 F5400 X137.591 Y81.611
M204 S3000
M205 X20 Y20
G1 F1500 X131.321 Y87.882 E553.90172
M204 S5000
M205 X30 Y30
G0 F5400 X131.059 Y87.436
M204 S3000
M205 X20 Y20
G1 F1500 X136.793 Y81.702 E554.23885
M204 S5000
M205 X30 Y30
G0 F5400 X135.995 Y81.793
M204 S3000
M205 X20 Y20
G1 F1500 X130.752 Y87.036 E554.54712
M204 S5000
M205 X30 Y30
G0 F5400 X130.363 Y86.718
M204 S3000
M205 X20 Y20
G1 F1500 X135.196 Y81.885 E554.83128
M204 S5000
M205 X30 Y30
G0 F5400 X134.398 Y81.976
M204 S3000
M205 X20 Y20
G1 F1500 X129.94 Y86.434 E555.0934
M204 S5000
M205 X30 Y30
G0 F5400 X129.433 Y86.233
M204 S3000
M205 X20 Y20
G1 F1500 X133.6 Y82.067 E555.33837
M204 S5000
M205 X30 Y30
G0 F5400 X132.801 Y82.158
M204 S3000
M205 X20 Y20
G1 F1500 X128.873 Y86.086 E555.56932
M204 S5000
M205 X30 Y30
G0 F5400 X128.189 Y86.063
M204 S3000
M205 X20 Y20
G1 F1500 X132.003 Y82.249 E555.79357
M204 S5000
M205 X30 Y30
G0 F5400 X131.205 Y82.341
M204 S3000
M205 X20 Y20
G1 F1500 X127.26 Y86.286 E556.02552
G1 X127.172 Y86.374
M204 S5000
M205 X30 Y30
G0 F5400 X128.801 Y86.642
G0 X131.527 Y88.382
M204 S3000
M205 X20 Y20
G1 F1500 X138.389 Y81.52 E556.42898
G1 X138.477 Y81.432
M204 S5000
M205 X30 Y30
G0 F5400 X107.437 Y90.552
M204 S3000
M205 X20 Y20
G1 F1500 X105.778 Y92.21 E556.52649
M204 S5000
M205 X30 Y30
G0 F5400 X105.502 Y91.78
M204 S3000
M205 X20 Y20
G1 F1500 X106.389 Y90.893 E556.57865
M204 S5000
M205 X30 Y30
G0 F5400 X105.653 Y90.922
M204 S3000
M205 X20 Y20
G1 F1500 X105.225 Y91.349 E556.60378
M204 S5000
M205 X30 Y30
G0 F5400 X104.949 Y90.919
M204 S3000
M205 X20 Y20
G1 F1500 X105.07 Y90.798 E556.6109
M204 S5000
M205 X30 Y30
G1 F1500 E550.1109
;MESH:NONMESH
G0 F600 X105.07 Y90.798 Z0.7
G0 F5400 X102.961 Y89.685
G0 X102.007 Y90.298
G0 X94.106 Y102.823
G0 X93.496 Y103.775
G0 X82.789 Y103.461
G0 X81.559 Y102.87
G0 X80.419 Y101.322
G1 F1500 E556.6109
G0 F5400 X80.532 Y101.308
;TIME_ELAPSED:466.446943
;LAYER:2
M204 S3000
M205 X20 Y20
;TYPE:WALL-INNER
;MESH:Exterior Hip L.stl
G1 F3092.3 X80.64 Y100.612 E556.64896
G1 F3121.1 X80.882 Y100.033 E556.68257
G1 F3126 X81.259 Y99.519 E556.71665
G1 F3121.1 X81.757 Y99.131 E556.75045
G1 F3097.1 X82.323 Y98.874 E556.784
G1 F3092.3 X82.989 Y98.75 E556.82061
G1 F3078.1 X83.434 Y98.791 E556.84488
G1 X83.87 Y98.889 E556.86914
G1 F3101.9 X84.501 Y99.193 E556.90688
G1 F3036.3 X84.856 Y99.468 E556.9316
G1 F3145.5 X84.922 Y99.599 E556.93939
G1 F3647.9 X85.244 Y100.143 E556.96836
G1 F4020 X85.416 Y100.562 E556.98719
G1 X85.472 Y100.8 E556.99735
G1 X85.514 Y101.45 E557.02443
G1 X85.49 Y101.694 E557.03463
G1 X85.299 Y102.307 E557.06132
G1 X85.021 Y102.78 E557.08413
G1 X84.589 Y103.22 E557.10977
G1 X84.005 Y103.56 E557.13786
G1 X83.405 Y103.715 E557.16362
G1 X82.853 Y103.722 E557.18658
G1 X82.22 Y103.58 E557.21355
G1 X81.994 Y103.478 E557.22386
G1 X81.467 Y103.123 E557.25027
G1 X81.094 Y102.743 E557.27241
G1 X80.759 Y102.066 E557.30381
G1 F3538.7 X80.561 Y101.391 E557.33704
G1 F3116.3 X80.532 Y101.308 E557.34175
M204 S5000
M205 X30 Y30
G0 F7200 X80.419 Y101.322
G0 X80.969 Y102.806
G0 X92.907 Y109.688
G0 X93.259 Y109.688
M204 S3000
M205 X20 Y20
G1 F4020 X93.15 Y109.486 E557.3513
G1 X93.109 Y109.297 E557.35934
G1 X93.107 Y103.862 E557.5853
G1 X85.849 Y99.205 E557.94382
G1 F3418.4 X85.267 Y98.935 E557.97519
G1 F3004.5 X84.643 Y98.527 E558.01667
G1 F3064 X84.124 Y98.292 E558.04774
G1 F3073.4 X83.522 Y98.137 E558.08155
G1 F3054.7 X82.787 Y98.118 E558.12177
G1 F3059.4 X82.058 Y98.272 E558.16248
G1 F3087.6 X81.494 Y98.533 E558.19612
G1 F3097.1 X81.091 Y98.812 E558.22257
G1 F3092.3 X80.728 Y99.152 E558.24945
G1 F3097.1 X80.424 Y99.544 E558.27622
G1 F3087.6 X80.187 Y99.976 E558.30289
G1 F3097.1 X80.018 Y100.437 E558.32939
G1 F3092.3 X79.918 Y100.971 E558.35875
G1 F3050.1 X79.882 Y101.315 E558.37771
G1 F3453.6 X79.742 Y101.839 E558.40395
G1 F4020 X75.984 Y134.715 E559.77968
G1 F3483.5 X75.985 Y135.381 E559.81163
G1 F3130.8 X75.915 Y135.89 E559.83906
G1 F3210.9 X75.892 Y136.411 E559.86621
G1 F3205.7 X75.966 Y137.018 E559.89809
G1 F3180.4 X76.174 Y137.586 E559.92987
G1 F3185.4 X76.465 Y138.124 E559.96197
G1 X76.95 Y138.668 E560.00021
G1 F3190.5 X77.449 Y139.02 E560.03219
G1 F3200.6 X77.993 Y139.29 E560.06391
G1 F3190.5 X78.747 Y139.47 E560.10452
G1 F3165.4 X79.495 Y139.465 E560.14401
G1 F3532.5 X80.036 Y139.534 E560.16981
G1 F4020 X88.538 Y139.533 E560.52329
G1 X88.096 Y139.296 E560.54414
G1 X87.614 Y138.827 E560.5721
G1 X87.449 Y138.592 E560.58404
G1 X87.182 Y137.987 E560.61153
G1 X87.121 Y137.756 E560.62146
G1 X87.08 Y137.13 E560.64754
G1 X87.177 Y136.536 E560.67257
G1 X87.587 Y135.749 E560.70946
G1 X88.067 Y135.28 E560.73736
G1 X88.647 Y134.954 E560.76502
G1 X89.259 Y134.802 E560.79124
G1 X89.901 Y134.8 E560.81793
G1 X90.482 Y134.952 E560.8429
G1 X91.075 Y135.271 E560.87089
G1 X91.535 Y135.719 E560.89759
G1 X91.885 Y136.294 E560.92558
G1 X92.06 Y137.05 E560.95784
G1 X92.075 Y137.291 E560.96788
G1 X92.03 Y137.756 E560.9873
G1 X91.969 Y137.987 E560.99723
G1 X91.702 Y138.592 E561.02473
G1 X91.537 Y138.827 E561.03666
G1 X91.061 Y139.289 E561.06424
G1 X90.641 Y139.533 E561.08444
G1 X119.325 Y139.534 E562.27698
G1 X119.325 Y130.049 E562.67132
G1 X119.026 Y130.592 E562.69709
G1 X118.483 Y131.093 E562.72781
G1 X117.921 Y131.387 E562.75418
G1 X117.493 Y131.502 E562.7726
G1 X116.76 Y131.531 E562.8031
G1 X116.136 Y131.355 E562.83006
G1 X115.605 Y131.058 E562.85535
G1 X115.121 Y130.584 E562.88352
G1 X114.79 Y129.995 E562.91161
G1 X114.608 Y129.105 E562.94937
G1 X114.787 Y128.182 E562.98846
G1 X115.128 Y127.581 E563.01719
G1 X115.817 Y126.97 E563.05548
G1 X116.425 Y126.723 E563.08276
G1 X116.977 Y126.643 E563.10595
G1 X117.617 Y126.701 E563.13267
G1 X118.223 Y126.926 E563.15954
G1 X118.426 Y127.052 E563.16948
G1 X118.916 Y127.479 E563.1965
G1 X119.075 Y127.672 E563.20689
G1 X119.325 Y128.129 E563.22855
G1 X119.325 Y120.694 E563.53766
G1 X102.642 Y109.984 E564.36189
G1 X93.83 Y109.984 E564.72825
G1 X93.512 Y109.901 E564.74191
G1 X93.259 Y109.688 E564.75566
M204 S5000
M205 X30 Y30
G0 F7200 X92.907 Y109.688
G0 X82.478 Y122.161
G0 X81.961 Y123.124
G0 X82.156 Y123.156
M204 S3000
M205 X20 Y20
G1 F4020 X82.232 Y122.927 E564.76569
G1 X82.534 Y122.349 E564.7928
G1 X82.675 Y122.16 E564.80261
G1 X83.159 Y121.725 E564.82966
G1 X83.641 Y121.462 E564.85249
G1 X84.232 Y121.302 E564.87795
G1 X84.909 Y121.3 E564.90609
G1 X85.513 Y121.46 E564.93207
G1 X86.077 Y121.774 E564.95891
G1 X86.548 Y122.233 E564.98625
G1 X86.896 Y122.839 E565.0153
G1 X87.086 Y123.669 E565.0507
G1 X87.019 Y124.365 E565.07977
G1 X86.639 Y125.228 E565.11898
G1 X85.968 Y125.877 E565.15779
G1 X85.366 Y126.159 E565.18543
G1 X84.753 Y126.286 E565.21145
G1 X84.173 Y126.252 E565.23561
G1 X83.95 Y126.2 E565.24513
G1 X83.283 Y125.928 E565.27508
G1 X83.097 Y125.795 E565.28458
G1 X82.509 Y125.225 E565.31863
G1 X82.182 Y124.487 E565.35219
G1 X82.121 Y124.256 E565.36212
G1 X82.077 Y123.804 E565.381
G1 X82.156 Y123.156 E565.40814
M204 S5000
M205 X30 Y30
G0 F7200 X81.961 Y123.124
G0 X76.47 Y135.572
G0 X76.571 Y135.617
M204 S3000
M205 X20 Y20
G1 F3311.4 X77.054 Y134.799 E565.45609
G1 F3736.1 X77.59 Y134.281 E565.48943
G1 F4020 X77.786 Y134.144 E565.49938
G1 X78.382 Y133.884 E565.52641
G1 X79.012 Y133.787 E565.55291
G1 X79.647 Y133.85 E565.57944
G1 X80.453 Y134.175 E565.61557
G1 X81.142 Y134.849 E565.65564
G1 X81.519 Y135.694 E565.69411
G1 X81.586 Y136.405 E565.7238
G1 X81.414 Y137.155 E565.7558
G1 X81.325 Y137.374 E565.76562
G1 X80.97 Y137.916 E565.79256
G1 X80.491 Y138.345 E565.81929
G1 X80.097 Y138.565 E565.83806
G1 F3557.5 X79.418 Y138.839 E565.87245
G1 F3205.7 X78.758 Y138.829 E565.90687
G1 F3226.3 X78.135 Y138.679 E565.94006
G1 F3236.7 X77.561 Y138.352 E565.97417
G1 X77.026 Y137.845 E566.01223
G1 F3221.2 X76.655 Y137.138 E566.05366
G1 F3226.3 X76.523 Y136.466 E566.08914
G1 F3231.5 X76.513 Y136.383 E566.09346
G1 F3190.5 X76.571 Y135.617 E566.1337
M204 S5000
M205 X30 Y30
G0 F7200 X77.122 Y135.823
M204 S3000
M205 X20 Y20
;TYPE:WALL-OUTER
G1 F2040 X77.427 Y135.134 E566.16503
G1 X77.968 Y134.611 E566.19631
G1 X78.416 Y134.395 E566.21699
G1 X78.947 Y134.283 E566.23955
G1 X79.495 Y134.326 E566.26241
G1 X80.174 Y134.602 E566.29288
G1 X80.725 Y135.136 E566.32478
G1 X81.027 Y135.828 E566.35617
G1 X81.077 Y136.38 E566.37921
G1 X80.917 Y137.083 E566.40919
G1 X80.661 Y137.507 E566.42978
G1 X80.3 Y137.869 E566.45104
G1 X79.853 Y138.128 E566.47251
G1 X79.343 Y138.269 E566.49451
G1 X78.823 Y138.271 E566.51613
G1 X78.308 Y138.134 E566.53829
G1 X77.903 Y137.908 E566.55757
G1 X77.494 Y137.52 E566.58101
G1 X77.161 Y136.88 E566.611
G1 X77.077 Y136.378 E566.63216
G1 X77.122 Y135.823 E566.65531
M204 S5000
M205 X30 Y30
G0 F7200 X77.203 Y135.64
G0 X76.564 Y135.358
G0 X77.598 Y134.08
G0 X78.905 Y133.642
G0 X80.353 Y133.983
G0 X86.999 Y138.066
G0 X87.639 Y137.785
M204 S3000
M205 X20 Y20
G1 F2040 X87.575 Y137.256 E566.67747
G1 X87.577 Y137.191 E566.68017
G1 X87.661 Y136.69 E566.70129
G1 X88 Y136.045 E566.73158
G1 X88.383 Y135.674 E566.75375
G1 X88.824 Y135.428 E566.77475
G1 X89.321 Y135.298 E566.79611
G1 X89.844 Y135.3 E566.81785
G1 X90.315 Y135.424 E566.8381
G1 X90.773 Y135.677 E566.85985
G1 X91.14 Y136.033 E566.88111
G1 X91.417 Y136.485 E566.90315
G1 X91.582 Y137.204 E566.93382
G1 X91.512 Y137.785 E566.95815
G1 X91.225 Y138.433 E566.98761
G1 X90.682 Y138.959 E567.01904
G1 F2015.8 X90.175 Y139.2 E567.04266
G1 F1783.2 X89.74 Y139.344 E567.06446
G1 F1700 X89.229 Y139.325 E567.08997
G1 F1847.8 X88.473 Y138.964 E567.12842
G1 F1939.2 X87.926 Y138.433 E567.16176
G1 F2007.9 X87.639 Y137.785 E567.1917
M204 S5000
M205 X30 Y30
G0 F7200 X87.615 Y137.587
G0 X86.911 Y137.654
G0 X81.999 Y124.566
G0 X82.639 Y124.285
M204 S3000
M205 X20 Y20
G1 F2040 X82.575 Y123.756 E567.21385
G1 X82.656 Y123.196 E567.23738
G1 X82.996 Y122.544 E567.26795
G1 X83.403 Y122.161 E567.29119
G1 X83.826 Y121.927 E567.31128
G1 X84.321 Y121.798 E567.33255
G1 X84.854 Y121.802 E567.35471
G1 X85.324 Y121.927 E567.37493
G1 X85.788 Y122.189 E567.39708
G1 X86.133 Y122.525 E567.41711
G1 X86.416 Y122.985 E567.43956
G1 X86.581 Y123.701 E567.47011
G1 X86.527 Y124.251 E567.49308
G1 X86.223 Y124.934 E567.52417
G1 X85.678 Y125.458 E567.5556
G1 X85.174 Y125.694 E567.57874
G1 X84.713 Y125.782 E567.59825
G1 X84.175 Y125.748 E567.62066
G1 X83.474 Y125.465 E567.65209
G1 X82.931 Y124.933 E567.68369
G1 X82.639 Y124.285 E567.71324
M204 S5000
M205 X30 Y30
G0 F7200 X82.615 Y124.087
G0 X81.911 Y124.154
G0 X82.043 Y122.994
G0 X92.907 Y109.367
G0 X93.644 Y109.367
M204 S3000
M205 X20 Y20
G1 F2040 X93.607 Y109.255 E567.71815
G1 X93.607 Y103.589 E567.95371
G1 X84.919 Y98.013 E568.38291
G1 X84.315 Y97.747 E568.41035
G1 X83.605 Y97.56 E568.44087
G1 X82.734 Y97.537 E568.4771
G1 X81.872 Y97.72 E568.51374
G1 X81.208 Y98.034 E568.54427
G1 X80.729 Y98.362 E568.56841
G1 X80.301 Y98.764 E568.59282
G1 X79.943 Y99.227 E568.61715
G1 X79.661 Y99.737 E568.64138
G1 X79.463 Y100.283 E568.66553
G1 X79.349 Y100.87 E568.69039
G1 X75.351 Y135.847 E570.15403
G1 X75.329 Y136.433 E570.17841
G1 X75.412 Y137.149 E570.20838
G1 X75.656 Y137.819 E570.23802
G1 X76 Y138.451 E570.26794
G1 X76.571 Y139.094 E570.30369
G1 X77.16 Y139.507 E570.3336
G1 X77.802 Y139.824 E570.36337
G1 X78.511 Y139.991 E570.39365
G1 X78.881 Y140.034 E570.40914
G1 X88.322 Y140.033 E570.80165
G1 F1888.9 X88.983 Y139.994 E570.83138
G1 F1672.1 X89.191 Y139.963 E570.84205
G1 F1606.3 X89.806 Y139.969 E570.87452
G1 F1783.2 X90.254 Y140.028 E570.89601
G1 F1992.2 X90.857 Y140.028 E570.92168
G1 X91.46 Y140.028 E570.94736
G1 X92.063 Y140.028 E570.97303
G1 X92.666 Y140.028 E570.9987
G1 F1996.1 X93.269 Y140.028 E571.02432
G1 X93.872 Y140.028 E571.04994
G1 X94.475 Y140.028 E571.07556
G1 X95.078 Y140.028 E571.10118
G1 F2000 X95.681 Y140.029 E571.12676
G1 X96.284 Y140.029 E571.15233
G1 X96.887 Y140.029 E571.1779
G1 F2003.9 X97.49 Y140.029 E571.20342
G1 X98.093 Y140.029 E571.22894
G1 X98.696 Y140.029 E571.25446
G1 X99.299 Y140.029 E571.27998
G1 F2007.9 X99.902 Y140.029 E571.30545
G1 X100.505 Y140.03 E571.33092
G1 X101.108 Y140.03 E571.35639
G1 X101.711 Y140.03 E571.38187
G1 F2011.8 X102.314 Y140.03 E571.40729
G1 X102.917 Y140.03 E571.43271
G1 X103.52 Y140.03 E571.45813
G1 X104.123 Y140.03 E571.48355
G1 F2015.8 X104.726 Y140.03 E571.50892
G1 X105.329 Y140.031 E571.53429
G1 X105.932 Y140.031 E571.55966
G1 F2019.8 X106.535 Y140.031 E571.58498
G1 X107.138 Y140.031 E571.6103
G1 X107.741 Y140.031 E571.63562
G1 X108.344 Y140.031 E571.66094
G1 F2023.8 X108.947 Y140.031 E571.68621
G1 X109.55 Y140.031 E571.71148
G1 X110.153 Y140.032 E571.73675
G1 X110.756 Y140.032 E571.76202
G1 F2027.8 X111.359 Y140.032 E571.78725
G1 X111.962 Y140.032 E571.81247
G1 X112.565 Y140.032 E571.83769
G1 X113.168 Y140.032 E571.86291
G1 F2031.9 X113.771 Y140.032 E571.88808
G1 X114.374 Y140.032 E571.91325
G1 X114.977 Y140.033 E571.93842
G1 F2035.9 X115.58 Y140.033 E571.96354
G1 X116.183 Y140.033 E571.98866
G1 X116.786 Y140.033 E572.01378
G1 X117.389 Y140.033 E572.0389
G1 F2040 X117.992 Y140.033 E572.06397
G1 X118.595 Y140.033 E572.08904
G1 X119.198 Y140.033 E572.11411
G1 X119.801 Y140.033 E572.13918
G1 X119.825 Y129.927 E572.55934
G1 F1758.6 X119.745 Y129.425 E572.58385
G1 F1550.2 X119.747 Y128.867 E572.61438
G1 F1540.8 X119.741 Y128.693 E572.62396
G1 F1734.7 X119.825 Y128.201 E572.64837
G1 F2011.8 X119.825 Y127.228 E572.68939
G1 F2015.8 X119.825 Y126.255 E572.73032
G1 F2019.8 X119.825 Y125.282 E572.77118
G1 F2023.8 X119.825 Y124.309 E572.81196
G1 F2027.8 X119.825 Y123.336 E572.85265
G1 F2031.9 X119.825 Y122.363 E572.89327
G1 F2035.9 X119.825 Y121.39 E572.9338
G1 F2040 X119.825 Y120.417 E572.97425
G1 X102.789 Y109.484 E573.81584
G1 X93.778 Y109.483 E574.19047
G1 X93.644 Y109.367 E574.19784
M204 S5000
M205 X30 Y30
G0 F7200 X93.607 Y109.255
G0 X93.607 Y109.172
G0 X92.907 Y109.172
G0 X82.043 Y103.676
G0 X80.969 Y102.806
G0 X80.494 Y101.42
G0 X81.196 Y100.755
M204 S3000
M205 X20 Y20
G1 F2040 X81.382 Y100.309 E574.21793
G1 X81.718 Y99.881 E574.24055
G1 X82.114 Y99.583 E574.26116
G1 X82.579 Y99.396 E574.28199
G1 X83.108 Y99.333 E574.30414
G1 X83.589 Y99.398 E574.32432
G1 X84.235 Y99.713 E574.3542
G1 X84.456 Y99.903 E574.36632
G1 X84.749 Y100.278 E574.3861
G1 X84.97 Y100.791 E574.40933
G1 X85.015 Y101.482 E574.43812
G1 X84.89 Y101.999 E574.46023
G1 X84.626 Y102.472 E574.48275
G1 X84.261 Y102.837 E574.50421
G1 X83.834 Y103.083 E574.5247
G1 X83.334 Y103.22 E574.54625
G1 X82.788 Y103.214 E574.56895
G1 X82.274 Y103.063 E574.59123
G1 X81.747 Y102.708 E574.61764
G1 X81.506 Y102.448 E574.63238
G1 X81.207 Y101.844 E574.6604
G1 X81.125 Y101.317 E574.68258
G1 X81.125 Y101.251 E574.68532
G1 X81.196 Y100.755 E574.70615
M204 S5000
M205 X30 Y30
G0 F7200 X81.273 Y100.571
G0 X80.628 Y100.303
G0 X80.571 Y101.995
G0 X81.151 Y103.013
G0 X114.438 Y129.275
G0 X115.125 Y129.139
M204 S3000
M205 X20 Y20
G1 F2040 X115.121 Y129.068 E574.70911
G1 X115.263 Y128.352 E574.73946
G1 X115.541 Y127.878 E574.7623
G1 X116.083 Y127.406 E574.79218
G1 X116.563 Y127.204 E574.81383
G1 X117.042 Y127.139 E574.83393
G1 X117.552 Y127.197 E574.85527
G1 X118.066 Y127.401 E574.87826
G1 X118.621 Y127.885 E574.90888
G1 F2007.9 X118.896 Y128.369 E574.93239
G1 F1728.8 X119.091 Y128.794 E574.95533
G1 F1540.8 X119.089 Y129.368 E574.98693
G1 F1758.6 X118.865 Y129.864 E575.01318
G1 F2040 X118.645 Y130.248 E575.03158
G1 X118.263 Y130.643 E575.05442
G1 X117.791 Y130.904 E575.07684
G1 X117.363 Y131.019 E575.09527
G1 X116.82 Y131.028 E575.11785
G1 X116.359 Y130.904 E575.1377
G1 X115.886 Y130.642 E575.16018
G1 X115.523 Y130.274 E575.18167
G1 X115.26 Y129.808 E575.20391
G1 X115.125 Y129.139 E575.23229
M204 S5000
M205 X30 Y30
G0 F7200 X115.121 Y129.068
G0 X115.146 Y128.942
G0 X114.459 Y128.804
G0 X92.979 Y110.112
G0 X92.707 Y109.662
M204 S3000
M205 X20 Y20
;TYPE:SKIN
G1 F1500 X92.635 Y109.342 E575.24592
G1 X92.632 Y104.122 E575.46295
G1 X85.62 Y99.623 E575.80932
G1 X85.487 Y99.581 E575.81512
G1 X85.852 Y100.368 E575.85118
G1 X85.947 Y100.766 E575.8682
G1 X85.989 Y101.413 E575.89515
G1 X85.946 Y101.836 E575.91283
G1 X85.734 Y102.496 E575.94165
G1 X85.397 Y103.077 E575.96957
G1 X84.88 Y103.6 E576.00015
G1 X84.208 Y103.994 E576.03253
G1 X83.473 Y104.188 E576.06414
G1 X82.83 Y104.197 E576.09087
G1 X82.113 Y104.044 E576.12135
G1 X81.727 Y103.871 E576.13894
G1 X81.037 Y103.406 E576.17353
G1 X80.614 Y102.848 E576.20265
G1 X80.319 Y102.242 E576.23067
G1 X80.215 Y101.923 E576.24462
G1 X76.46 Y134.749 E577.61826
G1 X76.47 Y134.836 E577.6219
G1 X76.756 Y134.431 E577.64252
G1 X77.287 Y133.914 E577.67333
G1 X77.588 Y133.709 E577.68847
G1 X78.268 Y133.42 E577.71919
G1 X79.023 Y133.309 E577.75091
G1 X79.793 Y133.398 E577.78314
G1 X80.491 Y133.674 E577.81435
G1 X80.816 Y133.864 E577.83
G1 X81.461 Y134.499 E577.86763
G1 X81.589 Y134.688 E577.87712
G1 X81.98 Y135.554 E577.91662
G1 X82.066 Y136.43 E577.95322
G1 X81.88 Y137.256 E577.98842
G1 X81.727 Y137.63 E578.00522
G1 X81.309 Y138.251 E578.03634
G1 X80.743 Y138.75 E578.06771
G1 X80.125 Y139.058 E578.09642
G1 X87.201 Y139.058 E578.3906
G1 X87.034 Y138.821 E578.40266
G1 X86.747 Y138.18 E578.43186
G1 X86.655 Y137.845 E578.4463
G1 X86.605 Y137.091 E578.47772
G1 X86.721 Y136.382 E578.50759
G1 X87.214 Y135.444 E578.55164
G1 X87.774 Y134.906 E578.58393
G1 X88.468 Y134.506 E578.61723
G1 X89.196 Y134.331 E578.64836
G1 X89.933 Y134.322 E578.679
G1 X90.662 Y134.505 E578.71025
G1 X91.349 Y134.879 E578.74277
G1 X91.928 Y135.44 E578.77629
G1 X92.339 Y136.154 E578.81054
G1 X92.522 Y136.936 E578.84393
G1 X92.549 Y137.294 E578.85886
G1 X92.496 Y137.845 E578.88187
G1 X92.404 Y138.18 E578.89631
G1 X92.117 Y138.821 E578.92551
G1 X91.95 Y139.058 E578.93757
G1 X118.85 Y139.059 E580.05594
G1 X118.85 Y131.396 E580.37453
G1 X118.288 Y131.747 E580.40208
G1 X117.589 Y131.966 E580.43253
G1 X117.281 Y132.002 E580.44542
G1 X116.546 Y131.966 E580.47602
G1 X115.831 Y131.738 E580.50722
G1 X115.254 Y131.39 E580.53523
G1 X114.755 Y130.873 E580.56511
G1 X114.346 Y130.196 E580.59799
G1 X114.147 Y129.22 E580.6394
G1 X114.15 Y128.952 E580.65055
G1 X114.339 Y127.998 E580.69098
G1 X114.786 Y127.239 E580.7276
G1 X115.565 Y126.563 E580.77048
G1 X116.3 Y126.264 E580.80347
G1 X116.941 Y126.168 E580.83042
G1 X117.702 Y126.231 E580.86216
G1 X118.399 Y126.483 E580.89298
G1 X118.85 Y126.79 E580.91566
G1 X118.85 Y120.954 E581.15829
G1 X102.502 Y110.46 E581.96594
G1 X93.81 Y110.459 E582.32732
G1 X93.324 Y110.338 E582.34814
G1 X92.912 Y110.016 E582.36988
G1 X92.707 Y109.662 E582.38689
M204 S5000
M205 X30 Y30
G0 F7200 X81.684 Y123.086
M204 S3000
M205 X20 Y20
G1 F1500 X81.796 Y122.741 E582.40197
G1 X82.131 Y122.099 E582.43207
G1 X82.357 Y121.806 E582.44746
G1 X82.907 Y121.321 E582.47794
G1 X83.492 Y121.012 E582.50545
G1 X84.19 Y120.822 E582.53553
G1 X84.916 Y120.827 E582.56571
G1 X85.67 Y121.003 E582.5979
G1 X86.339 Y121.376 E582.62974
G1 X86.906 Y121.912 E582.66218
G1 X87.333 Y122.625 E582.69674
G1 X87.537 Y123.513 E582.73462
G1 X87.553 Y123.742 E582.74416
G1 X87.479 Y124.506 E582.77607
G1 X87.098 Y125.366 E582.81518
G1 X86.927 Y125.609 E582.82753
G1 X86.352 Y126.167 E582.86084
G1 X86.086 Y126.347 E582.8742
G1 X85.462 Y126.633 E582.90273
G1 X84.81 Y126.754 E582.9303
G1 X83.979 Y126.718 E582.96489
G1 X82.936 Y126.304 E583.01154
G1 X82.109 Y125.5 E583.05949
G1 X81.747 Y124.679 E583.0968
G1 X81.648 Y124.303 E583.11296
G1 X81.593 Y123.733 E583.13677
G1 X81.594 Y123.669 E583.13943
G1 X81.684 Y123.086 E583.16396
M204 S5000
M205 X30 Y30
G0 F7200 X81.726 Y136.406
G0 X81.308 Y138.583
M204 S3000
M205 X20 Y20
G1 F1500 X81.53 Y138.805 E583.17701
M204 S5000
M205 X30 Y30
G0 F7200 X81.638 Y138.206
M204 S3000
M205 X20 Y20
G1 F1500 X82.237 Y138.805 E583.21223
M204 S5000
M205 X30 Y30
G0 F7200 X82.944 Y138.805
M204 S3000
M205 X20 Y20
G1 F1500 X81.923 Y137.784 E583.27226
M204 S5000
M205 X30 Y30
G0 F7200 X82.129 Y137.283
M204 S3000
M205 X20 Y20
G1 F1500 X83.651 Y138.805 E583.36175
M204 S5000
M205 X30 Y30
G0 F7200 X84.359 Y138.806
M204 S3000
M205 X20 Y20
G1 F1500 X82.257 Y136.704 E583.48534
M204 S5000
M205 X30 Y30
G0 F7200 X82.276 Y136.016
M204 S3000
M205 X20 Y20
G1 F1500 X85.066 Y138.806 E583.64938
M204 S5000
M205 X30 Y30
G0 F7200 X85.773 Y138.806
M204 S3000
M205 X20 Y20
G1 F1500 X82.032 Y135.065 E583.86933
G1 X81.944 Y134.977
M204 S5000
M205 X30 Y30
G0 F7200 X80.299 Y133.332
M204 S3000
M205 X20 Y20
G1 F1500 X77.224 Y130.257 E584.05013
M204 S5000
M205 X30 Y30
G0 F7200 X77.151 Y130.891
M204 S3000
M205 X20 Y20
G1 F1500 X79.352 Y133.092 E584.17954
M204 S5000
M205 X30 Y30
G0 F7200 X78.661 Y133.108
M204 S3000
M205 X20 Y20
G1 F1500 X77.079 Y131.526 E584.27256
M204 S5000
M205 X30 Y30
G0 F7200 X77.006 Y132.161
M204 S3000
M205 X20 Y20
G1 F1500 X78.074 Y133.228 E584.33532
M204 S5000
M205 X30 Y30
G0 F7200 X77.578 Y133.44
M204 S3000
M205 X20 Y20
G1 F1500 X76.934 Y132.796 E584.37319
M204 S5000
M205 X30 Y30
G0 F7200 X76.861 Y133.43
M204 S3000
M205 X20 Y20
G1 F1500 X77.14 Y133.708 E584.38956
M204 S5000
M205 X30 Y30
G0 F7200 X77.296 Y129.622
M204 S3000
M205 X20 Y20
G1 F1500 X86.48 Y138.806 E584.92955
M204 S5000
M205 X30 Y30
G0 F7200 X86.462 Y138.08
M204 S3000
M205 X20 Y20
G1 F1500 X77.369 Y128.988 E585.46415
M204 S5000
M205 X30 Y30
G0 F7200 X77.441 Y128.353
M204 S3000
M205 X20 Y20
G1 F1500 X86.366 Y137.277 E585.98888
M204 S5000
M205 X30 Y30
G0 F7200 X86.427 Y136.632
M204 S3000
M205 X20 Y20
G1 F1500 X77.514 Y127.719 E586.51293
M204 S5000
M205 X30 Y30
G0 F7200 X77.586 Y127.084
M204 S3000
M205 X20 Y20
G1 F1500 X86.592 Y136.089 E587.04242
M204 S5000
M205 X30 Y30
G0 F7200 X86.833 Y135.623
M204 S3000
M205 X20 Y20
G1 F1500 X77.659 Y126.449 E587.58181
M204 S5000
M205 X30 Y30
G0 F7200 X77.732 Y125.815
M204 S3000
M205 X20 Y20
G1 F1500 X87.11 Y135.193 E588.1332
M204 S5000
M205 X30 Y30
G0 F7200 X87.471 Y134.847
M204 S3000
M205 X20 Y20
G1 F1500 X77.804 Y125.18 E588.70159
M204 S5000
M205 X30 Y30
G0 F7200 X77.877 Y124.546
M204 S3000
M205 X20 Y20
G1 F1500 X87.882 Y134.551 E589.28984
M204 S5000
M205 X30 Y30
G0 F7200 X88.331 Y134.293
M204 S3000
M205 X20 Y20
G1 F1500 X77.949 Y123.911 E589.90026
M204 S5000
M205 X30 Y30
G0 F7200 X78.022 Y123.276
M204 S3000
M205 X20 Y20
G1 F1500 X88.891 Y134.146 E590.53935
M204 S5000
M205 X30 Y30
G0 F7200 X89.53 Y134.078
M204 S3000
M205 X20 Y20
G1 F1500 X78.094 Y122.642 E591.21174
M204 S5000
M205 X30 Y30
G0 F7200 X78.167 Y122.007
M204 S3000
M205 X20 Y20
G1 F1500 X90.322 Y134.162 E591.92641
G1 X90.41 Y134.25
M204 S5000
M205 X30 Y30
G0 F7200 X92.684 Y136.524
M204 S3000
M205 X20 Y20
G1 F1500 X94.966 Y138.807 E592.06061
M204 S5000
M205 X30 Y30
G0 F7200 X94.259 Y138.807
M204 S3000
M205 X20 Y20
G1 F1500 X92.793 Y137.341 E592.14681
M204 S5000
M205 X30 Y30
G0 F7200 X92.718 Y137.973
M204 S3000
M205 X20 Y20
G1 F1500 X93.552 Y138.807 E592.19584
M204 S5000
M205 X30 Y30
G0 F7200 X92.845 Y138.807
M204 S3000
M205 X20 Y20
G1 F1500 X92.535 Y138.497 E592.21407
M204 S5000
M205 X30 Y30
G0 F7200 X95.673 Y138.807
M204 S3000
M205 X20 Y20
G1 F1500 X83.775 Y126.908 E592.91365
M204 S5000
M205 X30 Y30
G0 F7200 X84.567 Y126.994
M204 S3000
M205 X20 Y20
G1 F1500 X96.38 Y138.807 E593.60821
M204 S5000
M205 X30 Y30
G0 F7200 X97.087 Y138.807
M204 S3000
M205 X20 Y20
G1 F1500 X85.214 Y126.934 E594.3063
M204 S5000
M205 X30 Y30
G0 F7200 X85.761 Y126.773
M204 S3000
M205 X20 Y20
G1 F1500 X97.794 Y138.807 E595.01382
M204 S5000
M205 X30 Y30
G0 F7200 X98.502 Y138.807
M204 S3000
M205 X20 Y20
G1 F1500 X86.238 Y126.543 E595.7349
M204 S5000
M205 X30 Y30
G0 F7200 X86.637 Y126.235
M204 S3000
M205 X20 Y20
G1 F1500 X99.209 Y138.807 E596.47409
M204 S5000
M205 X30 Y30
G0 F7200 X99.916 Y138.807
M204 S3000
M205 X20 Y20
G1 F1500 X86.996 Y125.887 E597.23373
M204 S5000
M205 X30 Y30
G0 F7200 X87.31 Y125.493
M204 S3000
M205 X20 Y20
G1 F1500 X100.623 Y138.807 E598.01652
M204 S5000
M205 X30 Y30
G0 F7200 X101.33 Y138.807
M204 S3000
M205 X20 Y20
G1 F1500 X87.529 Y125.005 E598.82799
M204 S5000
M205 X30 Y30
G0 F7200 X87.73 Y124.499
M204 S3000
M205 X20 Y20
G1 F1500 X102.037 Y138.807 E599.66922
M204 S5000
M205 X30 Y30
G0 F7200 X102.744 Y138.807
M204 S3000
M205 X20 Y20
G1 F1500 X87.794 Y123.856 E600.54825
M204 S5000
M205 X30 Y30
G0 F7200 X87.684 Y123.039
M204 S3000
M205 X20 Y20
G1 F1500 X103.451 Y138.807 E601.47532
M204 S5000
M205 X30 Y30
G0 F7200 X104.158 Y138.807
M204 S3000
M205 X20 Y20
G1 F1500 X79.109 Y113.757 E602.94813
M204 S5000
M205 X30 Y30
G0 F7200 X79.181 Y113.122
M204 S3000
M205 X20 Y20
G1 F1500 X104.866 Y138.807 E604.45831
M204 S5000
M205 X30 Y30
G0 F7200 X105.573 Y138.807
M204 S3000
M205 X20 Y20
G1 F1500 X79.254 Y112.488 E606.00577
M204 S5000
M205 X30 Y30
G0 F7200 X79.326 Y111.853
M204 S3000
M205 X20 Y20
G1 F1500 X106.28 Y138.807 E607.59056
M204 S5000
M205 X30 Y30
G0 F7200 X106.987 Y138.807
M204 S3000
M205 X20 Y20
G1 F1500 X79.399 Y111.219 E609.21263
M204 S5000
M205 X30 Y30
G0 F7200 X79.471 Y110.584
M204 S3000
M205 X20 Y20
G1 F1500 X107.694 Y138.807 E610.87203
M204 S5000
M205 X30 Y30
G0 F7200 X108.401 Y138.807
M204 S3000
M205 X20 Y20
G1 F1500 X79.544 Y109.95 E612.56871
M204 S5000
M205 X30 Y30
G0 F7200 X79.616 Y109.315
M204 S3000
M205 X20 Y20
G1 F1500 X109.108 Y138.807 E614.30273
M204 S5000
M205 X30 Y30
G0 F7200 X109.815 Y138.807
M204 S3000
M205 X20 Y20
G1 F1500 X79.689 Y108.68 E616.07405
M204 S5000
M205 X30 Y30
G0 F7200 X79.761 Y108.045
M204 S3000
M205 X20 Y20
G1 F1500 X110.522 Y138.807 E617.88271
M204 S5000
M205 X30 Y30
G0 F7200 X111.23 Y138.807
M204 S3000
M205 X20 Y20
G1 F1500 X79.834 Y107.411 E619.72868
M204 S5000
M205 X30 Y30
G0 F7200 X79.907 Y106.777
M204 S3000
M205 X20 Y20
G1 F1500 X111.937 Y138.807 E621.61192
M204 S5000
M205 X30 Y30
G0 F7200 X112.644 Y138.807
M204 S3000
M205 X20 Y20
G1 F1500 X79.979 Y106.142 E623.53249
M204 S5000
M205 X30 Y30
G0 F7200 X80.052 Y105.508
M204 S3000
M205 X20 Y20
G1 F1500 X113.351 Y138.807 E625.49035
M204 S5000
M205 X30 Y30
G0 F7200 X114.058 Y138.807
M204 S3000
M205 X20 Y20
G1 F1500 X80.124 Y104.873 E627.48554
M204 S5000
M205 X30 Y30
G0 F7200 X80.197 Y104.238
M204 S3000
M205 X20 Y20
G1 F1500 X114.765 Y138.807 E629.51803
M204 S5000
M205 X30 Y30
G0 F7200 X115.472 Y138.807
M204 S3000
M205 X20 Y20
G1 F1500 X80.269 Y103.603 E631.58786
M204 S5000
M205 X30 Y30
G0 F7200 X80.53 Y103.157
M204 S3000
M205 X20 Y20
G1 F1500 X80.342 Y102.969 E631.59892
M204 S5000
M205 X30 Y30
G0 F7200 X81.167 Y103.794
M204 S3000
M205 X20 Y20
G1 F1500 X116.179 Y138.807 E633.65752
M204 S5000
M205 X30 Y30
G0 F7200 X116.886 Y138.807
M204 S3000
M205 X20 Y20
G1 F1500 X82.452 Y104.372 E635.68213
M204 S5000
M205 X30 Y30
G0 F7200 X83.227 Y104.441
M204 S3000
M205 X20 Y20
G1 F1500 X117.593 Y138.807 E637.70272
M204 S5000
M205 X30 Y30
G0 F7200 X118.301 Y138.807
M204 S3000
M205 X20 Y20
G1 F1500 X83.844 Y104.35 E639.72866
M204 S5000
M205 X30 Y30
G0 F7200 X84.381 Y104.18
M204 S3000
M205 X20 Y20
G1 F1500 X118.6 Y138.399 E641.74061
M204 S5000
M205 X30 Y30
G0 F7200 X118.6 Y137.692
M204 S3000
M205 X20 Y20
G1 F1500 X84.828 Y103.919 E643.7263
M204 S5000
M205 X30 Y30
G0 F7200 X85.222 Y103.607
M204 S3000
M205 X20 Y20
G1 F1500 X118.6 Y136.984 E645.68877
M204 S5000
M205 X30 Y30
G0 F7200 X118.6 Y136.277
M204 S3000
M205 X20 Y20
G1 F1500 X85.574 Y103.251 E647.63057
M204 S5000
M205 X30 Y30
G0 F7200 X85.842 Y102.812
M204 S3000
M205 X20 Y20
G1 F1500 X92.385 Y109.356 E648.01531
M204 S5000
M205 X30 Y30
G0 F7200 X92.385 Y108.649
M204 S3000
M205 X20 Y20
G1 F1500 X86.052 Y102.316 E648.38766
M204 S5000
M205 X30 Y30
G0 F7200 X86.199 Y101.756
M204 S3000
M205 X20 Y20
G1 F1500 X92.384 Y107.941 E648.75132
M204 S5000
M205 X30 Y30
G0 F7200 X92.384 Y107.233
M204 S3000
M205 X20 Y20
G1 F1500 X86.216 Y101.066 E649.11394
M204 S5000
M205 X30 Y30
G0 F7200 X86.057 Y100.199
M204 S3000
M205 X20 Y20
G1 F1500 X92.384 Y106.526 E649.48595
M204 S5000
M205 X30 Y30
G0 F7200 X92.383 Y105.818
M204 S3000
M205 X20 Y20
G1 F1500 X88.031 Y101.466 E649.74183
G1 X87.943 Y101.378
M204 S5000
M205 X30 Y30
G0 F7200 X90.005 Y102.733
M204 S3000
M205 X20 Y20
G1 F1500 X92.382 Y105.11 E649.88158
M204 S5000
M205 X30 Y30
G0 F7200 X92.382 Y104.403
M204 S3000
M205 X20 Y20
G1 F1500 X91.979 Y104 E649.90528
M204 S5000
M205 X30 Y30
G0 F7200 X92.979 Y110.112
G0 X93.718 Y110.689
M204 S3000
M205 X20 Y20
G1 F1500 X118.6 Y135.57 E651.36822
M204 S5000
M205 X30 Y30
G0 F7200 X118.6 Y134.863
M204 S3000
M205 X20 Y20
G1 F1500 X115.667 Y131.93 E651.54067
G1 X115.579 Y131.842
M204 S5000
M205 X30 Y30
G0 F7200 X116.666 Y132.222
M204 S3000
M205 X20 Y20
G1 F1500 X118.6 Y134.156 E651.65438
M204 S5000
M205 X30 Y30
G0 F7200 X118.6 Y133.449
M204 S3000
M205 X20 Y20
G1 F1500 X117.389 Y132.238 E651.72558
M204 S5000
M205 X30 Y30
G0 F7200 X117.968 Y132.11
M204 S3000
M205 X20 Y20
G1 F1500 X118.6 Y132.742 E651.76274
M204 S5000
M205 X30 Y30
G0 F7200 X118.6 Y132.035
M204 S3000
M205 X20 Y20
G1 F1500 X118.486 Y131.921 E651.76944
M204 S5000
M205 X30 Y30
G0 F7200 X116.736 Y131.666
G0 X114.25 Y130.514
M204 S3000
M205 X20 Y20
G1 F1500 X94.445 Y110.708 E652.93393
M204 S5000
M205 X30 Y30
G0 F7200 X95.152 Y110.708
M204 S3000
M205 X20 Y20
G1 F1500 X113.949 Y129.505 E654.03912
M204 S5000
M205 X30 Y30
G0 F7200 X113.929 Y128.778
M204 S3000
M205 X20 Y20
G1 F1500 X95.859 Y110.708 E655.10157
M204 S5000
M205 X30 Y30
G0 F7200 X96.566 Y110.708
M204 S3000
M205 X20 Y20
G1 F1500 X114.046 Y128.188 E656.12932
M204 S5000
M205 X30 Y30
G0 F7200 X114.24 Y127.675
M204 S3000
M205 X20 Y20
G1 F1500 X97.273 Y110.708 E657.12692
M204 S5000
M205 X30 Y30
G0 F7200 X97.98 Y110.708
M204 S3000
M205 X20 Y20
G1 F1500 X114.502 Y127.23 E658.09835
M204 S5000
M205 X30 Y30
G0 F7200 X114.84 Y126.861
M204 S3000
M205 X20 Y20
G1 F1500 X98.688 Y110.709 E659.04803
M204 S5000
M205 X30 Y30
G0 F7200 X99.395 Y110.709
M204 S3000
M205 X20 Y20
G1 F1500 X115.217 Y126.531 E659.9783
M204 S5000
M205 X30 Y30
G0 F7200 X115.648 Y126.255
M204 S3000
M205 X20 Y20
G1 F1500 X100.102 Y110.709 E660.89234
M204 S5000
M205 X30 Y30
G0 F7200 X100.81 Y110.709
M204 S3000
M205 X20 Y20
G1 F1500 X116.154 Y126.053 E661.79451
M204 S5000
M205 X30 Y30
G0 F7200 X116.75 Y125.942
M204 S3000
M205 X20 Y20
G1 F1500 X101.517 Y110.709 E662.69015
M204 S5000
M205 X30 Y30
G0 F7200 X102.224 Y110.709
M204 S3000
M205 X20 Y20
G1 F1500 X117.474 Y125.959 E663.5868
G1 X117.562 Y126.047
M204 S5000
M205 X30 Y30
G0 F7200 X118.46 Y126.238
M204 S3000
M205 X20 Y20
G1 F1500 X103.832 Y111.61 E664.44687
G1 X103.744 Y111.522
M204 S5000
M205 X30 Y30
G0 F7200 X105.807 Y112.878
M204 S3000
M205 X20 Y20
G1 F1500 X118.6 Y125.671 E665.19904
M204 S5000
M205 X30 Y30
G0 F7200 X118.6 Y124.964
M204 S3000
M205 X20 Y20
G1 F1500 X107.782 Y114.146 E665.8351
G1 X107.694 Y114.058
M204 S5000
M205 X30 Y30
G0 F7200 X109.756 Y115.413
M204 S3000
M205 X20 Y20
G1 F1500 X118.6 Y124.257 E666.3551
M204 S5000
M205 X30 Y30
G0 F7200 X118.6 Y123.549
M204 S3000
M205 X20 Y20
G1 F1500 X111.731 Y116.681 E666.75894
G1 X111.643 Y116.593
M204 S5000
M205 X30 Y30
G0 F7200 X113.706 Y117.948
M204 S3000
M205 X20 Y20
G1 F1500 X118.6 Y122.842 E667.04669
M204 S5000
M205 X30 Y30
G0 F7200 X118.6 Y122.135
M204 S3000
M205 X20 Y20
G1 F1500 X115.681 Y119.216 E667.21831
G1 X115.593 Y119.128
M204 S5000
M205 X30 Y30
G0 F7200 X117.656 Y120.484
M204 S3000
M205 X20 Y20
G1 F1500 X118.6 Y121.428 E667.27381
G1 X118.688 Y121.516
M204 S5000
M205 X30 Y30
G0 F7200 X85.308 Y120.663
M204 S3000
M205 X20 Y20
G1 F1500 X79.036 Y114.392 E667.64255
M204 S5000
M205 X30 Y30
G0 F7200 X78.964 Y115.027
M204 S3000
M205 X20 Y20
G1 F1500 X84.512 Y120.575 E667.96876
M204 S5000
M205 X30 Y30
G0 F7200 X83.878 Y120.647
M204 S3000
M205 X20 Y20
G1 F1500 X78.891 Y115.661 E668.26194
M204 S5000
M205 X30 Y30
G0 F7200 X78.819 Y116.296
M204 S3000
M205 X20 Y20
G1 F1500 X83.331 Y120.807 E668.5272
M204 S5000
M205 X30 Y30
G0 F7200 X82.871 Y121.055
M204 S3000
M205 X20 Y20
G1 F1500 X78.746 Y116.93 E668.76974
M204 S5000
M205 X30 Y30
G0 F7200 X78.674 Y117.564
M204 S3000
M205 X20 Y20
G1 F1500 X82.476 Y121.367 E668.99331
M204 S5000
M205 X30 Y30
G0 F7200 X82.11 Y121.708
M204 S3000
M205 X20 Y20
G1 F1500 X78.601 Y118.199 E669.19962
M204 S5000
M205 X30 Y30
G0 F7200 X78.529 Y118.834
M204 S3000
M205 X20 Y20
G1 F1500 X81.827 Y122.132 E669.39353
M204 S5000
M205 X30 Y30
G0 F7200 X81.585 Y122.598
M204 S3000
M205 X20 Y20
G1 F1500 X78.457 Y119.469 E669.57748
M204 S5000
M205 X30 Y30
G0 F7200 X78.384 Y120.103
M204 S3000
M205 X20 Y20
G1 F1500 X81.422 Y123.141 E669.7561
M204 S5000
M205 X30 Y30
G0 F7200 X81.345 Y123.771
M204 S3000
M205 X20 Y20
G1 F1500 X78.312 Y120.738 E669.93443
M204 S5000
M205 X30 Y30
G0 F7200 X78.239 Y121.372
M204 S3000
M205 X20 Y20
G1 F1500 X81.468 Y124.602 E670.12431
G1 X81.556 Y124.69
M204 S5000
M205 X30 Y30
G1 F1500 E663.62431
;MESH:Hip Servo Mount L.stl
G0 F7200 X82.803 Y122.403
G0 X102.726 Y109.703
G0 X103.337 Y108.749
G0 X113.211 Y107.42
G0 X114.345 Y107.42
G0 X114.826 Y98.321
G1 F1500 E670.12431
G0 F7200 X114.591 Y98.321
M204 S3000
M205 X20 Y20
;TYPE:WALL-INNER
G1 F4020 X114.627 Y98.55 E670.13395
G1 X114.626 Y107.337 E670.49927
G1 X125.336 Y124.018 E671.32342
G1 X132.77 Y124.018 E671.63249
G1 X132.228 Y123.721 E671.65819
G1 X131.728 Y123.179 E671.68885
G1 X131.433 Y122.615 E671.71531
G1 X131.318 Y122.186 E671.73377
G1 X131.289 Y121.445 E671.7646
G1 X131.507 Y120.743 E671.79517
G1 X131.848 Y120.203 E671.82172
G1 X132.218 Y119.838 E671.84333
G1 X132.779 Y119.5 E671.87056
G1 X133.407 Y119.332 E671.89758
G1 X134.049 Y119.333 E671.92427
G1 X134.672 Y119.496 E671.95105
G1 X135.247 Y119.835 E671.9788
G1 X135.699 Y120.296 E672.00564
G1 X135.998 Y120.83 E672.03108
G1 X136.144 Y121.352 E672.05362
G1 X136.169 Y121.991 E672.08021
G1 X136.029 Y122.615 E672.10679
G1 X135.734 Y123.179 E672.13326
G1 X135.234 Y123.721 E672.16391
G1 X134.692 Y124.018 E672.18961
G1 X144.176 Y124.019 E672.58391
G1 X144.176 Y95.388 E673.77425
G1 X143.708 Y96.016 E673.80681
G1 X143.495 Y96.21 E673.81879
G1 X142.927 Y96.554 E673.84639
G1 X142.706 Y96.644 E673.85632
G1 X142.264 Y96.745 E673.87517
G1 X141.53 Y96.75 E673.90568
G1 X140.904 Y96.554 E673.93295
G1 X140.334 Y96.211 E673.96061
G1 X139.754 Y95.533 E673.99771
G1 X139.501 Y94.912 E674.02559
G1 X139.419 Y94.288 E674.05175
G1 X139.5 Y93.623 E674.0796
G1 X139.761 Y92.994 E674.10792
G1 X140.341 Y92.322 E674.14482
G1 X140.926 Y91.97 E674.17321
G1 X141.53 Y91.793 E674.19937
G1 X142.072 Y91.775 E674.22192
G1 X142.706 Y91.894 E674.24874
G1 X142.926 Y91.983 E674.25861
G1 X143.494 Y92.327 E674.28621
G1 X143.708 Y92.521 E674.29822
G1 X144.176 Y93.15 E674.33082
G1 X144.176 Y84.672 E674.68329
G1 F3532.5 X144.107 Y84.157 E674.70788
G1 F3165.4 X144.11 Y83.616 E674.73644
G1 F3190.5 X144.027 Y83.054 E674.7662
G1 X143.84 Y82.464 E674.79862
G1 F3175.4 X143.528 Y81.94 E674.83072
G1 X143.219 Y81.564 E674.85634
G1 F3200.6 X142.859 Y81.238 E674.8817
G1 F3205.7 X142.45 Y80.976 E674.90702
G1 X142.007 Y80.774 E674.93241
G1 F3221.2 X141.531 Y80.643 E674.95802
G1 F3210.9 X141.05 Y80.589 E674.98322
G1 X140.523 Y80.607 E675.01066
G1 F3145.5 X139.991 Y80.682 E675.03921
G1 F3483.5 X139.337 Y80.68 E675.07059
G1 F4020 X106.389 Y84.446 E676.44933
G1 F3477.5 X105.744 Y84.598 E676.48117
G1 F3082.8 X105.397 Y84.635 E676.50009
G1 F3068.7 X104.845 Y84.793 E676.53136
G1 F3078.1 X104.393 Y84.99 E676.55814
G1 F3082.8 X103.983 Y85.267 E676.58496
G1 F3059.4 X103.621 Y85.595 E676.61165
G1 F3064 X103.23 Y86.083 E676.64576
G1 F3082.8 X102.962 Y86.638 E676.67917
G1 F3073.4 X102.829 Y87.113 E676.70599
G1 F3068.7 X102.759 Y87.601 E676.73284
G1 F3082.8 X102.774 Y88.095 E676.75964
G1 F3054.7 X102.865 Y88.581 E676.78669
G1 F3073.4 X103.021 Y89.045 E676.81331
G1 F3092.3 X103.279 Y89.52 E676.84253
G1 F3155.4 X103.497 Y89.889 E676.86523
G1 F3589.3 X103.804 Y90.477 E676.89611
G1 F4020 X108.505 Y97.801 E677.25794
G1 X113.939 Y97.802 E677.48386
G1 X114.128 Y97.843 E677.4919
G1 X114.365 Y97.981 E677.5033
G1 X114.512 Y98.151 E677.51264
G1 X114.591 Y98.321 E677.52044
M204 S5000
M205 X30 Y30
G0 F7200 X114.826 Y98.321
G0 X125.737 Y89.067
G0 X125.934 Y89.098
M204 S3000
M205 X20 Y20
G1 F4020 X126.026 Y88.557 E677.54325
G1 X126.246 Y88.051 E677.56619
G1 X126.619 Y87.544 E677.59236
G1 X127.126 Y87.136 E677.61942
G1 X127.336 Y87.026 E677.62927
G1 X128.058 Y86.785 E677.66092
G1 X128.658 Y86.781 E677.68586
G1 X128.895 Y86.819 E677.69584
G1 X129.515 Y87.025 E677.723
G1 X129.726 Y87.135 E677.7329
G1 X130.233 Y87.543 E677.75995
G1 X130.588 Y88.009 E677.78431
G1 X130.819 Y88.531 E677.80804
G1 X130.935 Y89.187 E677.83574
G1 X130.863 Y89.879 E677.86466
G1 X130.487 Y90.711 E677.90262
G1 X129.823 Y91.358 E677.94117
G1 X129.201 Y91.653 E677.96979
G1 X128.574 Y91.774 E677.99634
G1 X127.964 Y91.727 E678.02177
G1 X127.358 Y91.537 E678.04818
G1 X126.786 Y91.17 E678.07643
G1 X126.208 Y90.451 E678.11478
G1 X125.99 Y89.843 E678.14164
G1 X125.928 Y89.288 E678.16486
G1 X125.934 Y89.098 E678.17276
M204 S5000
M205 X30 Y30
G0 F7200 X125.737 Y89.067
G0 X126.163 Y87.895
G0 X127.099 Y86.983
G0 X138.348 Y82.947
G0 X138.525 Y83.028
M204 S3000
M205 X20 Y20
G1 F4020 X138.86 Y82.365 E678.20364
G1 X139.14 Y82.023 E678.22202
G1 X139.488 Y81.724 E678.24109
G1 F3483.5 X140.119 Y81.319 E678.27707
G1 F3145.5 X140.604 Y81.225 E678.30332
G1 F3221.2 X141.389 Y81.252 E678.34407
G1 F3241.9 X141.939 Y81.414 E678.37363
G1 F3263 X142.553 Y81.777 E678.41016
G1 F3257.7 X143.128 Y82.444 E678.45534
G1 F3221.2 X143.25 Y82.692 E678.46968
G1 F3195.5 X143.431 Y83.25 E678.50036
G1 X143.478 Y83.643 E678.52107
G1 F3165.4 X143.474 Y84.103 E678.54536
G1 F3532.5 X143.223 Y84.753 E678.57832
G1 F4020 X142.889 Y85.313 E678.60543
G1 X142.45 Y85.767 E678.63169
G1 X141.8 Y86.11 E678.66224
G1 X141.223 Y86.252 E678.68695
G1 X140.715 Y86.266 E678.70807
G1 X140.09 Y86.13 E678.73467
G1 X139.526 Y85.847 E678.7609
G1 X138.966 Y85.343 E678.79222
G1 X138.55 Y84.574 E678.82857
G1 X138.435 Y83.968 E678.85422
G1 X138.431 Y83.741 E678.86366
G1 X138.525 Y83.028 E678.89356
M204 S5000
M205 X30 Y30
G0 F7200 X138.348 Y82.947
G0 X105.586 Y85.18
G0 X104.62 Y85.507
G0 X103.434 Y86.865
G0 X103.56 Y86.89
M204 S3000
M205 X20 Y20
G1 F3082.8 X103.796 Y86.422 E678.92197
G1 F3078.1 X104.032 Y86.107 E678.94334
G1 F3101.9 X104.669 Y85.564 E678.98844
G1 X105.484 Y85.282 E679.03491
G1 F3078.1 X105.76 Y85.251 E679.04999
G1 F3257.7 X106.6 Y85.407 E679.09382
G1 F3729.1 X107.074 Y85.606 E679.11686
G1 F4020 X107.277 Y85.732 E679.1268
G1 X107.767 Y86.159 E679.15382
G1 X107.926 Y86.352 E679.16422
G1 X108.15 Y86.744 E679.18299
G1 X108.365 Y87.436 E679.21311
G1 X108.357 Y88.098 E679.24064
G1 X108.201 Y88.7 E679.26649
G1 X107.865 Y89.293 E679.29483
G1 X107.22 Y89.855 E679.3304
G1 X106.653 Y90.109 E679.35623
G1 X106.411 Y90.166 E679.36656
G1 X105.755 Y90.209 E679.3939
G1 X105.464 Y90.171 E679.4061
G1 F3865.4 X104.732 Y89.923 E679.43951
G1 F3589.3 X103.953 Y89.354 E679.48443
G1 F3372.5 X103.558 Y88.695 E679.52251
G1 F3185.4 X103.412 Y87.932 E679.56327
G1 F3097.1 X103.404 Y87.66 E679.57795
G1 F3101.9 X103.56 Y86.89 E679.62028
M204 S5000
M205 X30 Y30
G0 F7200 X103.973 Y87.736
M204 S3000
M205 X20 Y20
;TYPE:WALL-OUTER
G1 F2040 X104.114 Y87.043 E679.64969
G1 X104.382 Y86.57 E679.67229
G1 X104.948 Y86.071 E679.70366
G1 X105.671 Y85.825 E679.73541
G1 X106.423 Y85.874 E679.76674
G1 X106.949 Y86.109 E679.79069
G1 X107.472 Y86.565 E679.81954
G1 X107.716 Y86.992 E679.83999
G1 X107.856 Y87.481 E679.86114
G1 X107.862 Y88.027 E679.88384
G1 X107.725 Y88.528 E679.90543
G1 X107.463 Y88.981 E679.92719
G1 X106.919 Y89.451 E679.95708
G1 X106.421 Y89.664 E679.97959
G1 X105.672 Y89.713 E680.0108
G1 X104.945 Y89.467 E680.04271
G1 X104.378 Y88.967 E680.07414
G1 X104.114 Y88.497 E680.09655
G1 X103.976 Y87.819 E680.12532
G1 X103.973 Y87.736 E680.12877
M204 S5000
M205 X30 Y30
G0 F7200 X104.012 Y87.54
G0 X103.326 Y87.402
G0 X103.507 Y88.73
G0 X114.001 Y97.6
G0 X114.001 Y98.333
M204 S3000
M205 X20 Y20
G1 F2040 X114.127 Y98.496 E680.13734
G1 X114.126 Y107.483 E680.51097
G1 X125.063 Y124.518 E681.35261
G1 X125.927 Y124.518 E681.38853
G1 F2035.9 X126.791 Y124.518 E681.42452
G1 F2031.9 X127.655 Y124.518 E681.46059
G1 F2027.8 X128.519 Y124.518 E681.49672
G1 F2023.8 X129.383 Y124.518 E681.53293
G1 F2019.8 X130.247 Y124.518 E681.56921
G1 F2015.8 X131.111 Y124.518 E681.60556
G1 F2011.8 X131.975 Y124.518 E681.64199
G1 F2007.9 X132.839 Y124.518 E681.67848
G1 F1734.7 X133.337 Y124.435 E681.70317
G1 F1540.8 X133.509 Y124.441 E681.71264
G1 X134.125 Y124.435 E681.74655
G1 F1734.7 X134.621 Y124.519 E681.77115
G1 F2007.9 X135.459 Y124.519 E681.80654
G1 F2011.8 X136.297 Y124.519 E681.84187
G1 X137.135 Y124.519 E681.8772
G1 F2015.8 X137.973 Y124.519 E681.91246
G1 F2019.8 X138.811 Y124.519 E681.94765
G1 F2023.8 X139.649 Y124.519 E681.98277
G1 X140.487 Y124.519 E682.01788
G1 F2027.8 X141.325 Y124.519 E682.05293
G1 F2031.9 X142.163 Y124.519 E682.08791
G1 F2035.9 X143.001 Y124.519 E682.12282
G1 X143.839 Y124.519 E682.15773
G1 F2040 X144.677 Y124.519 E682.19257
G1 X144.676 Y95.268 E683.40869
G1 F1786.3 X144.605 Y94.707 E683.43554
G1 F1593.8 X144.607 Y93.942 E683.47625
G1 F1578.9 X144.599 Y93.736 E683.48732
G1 F1752.6 X144.672 Y93.272 E683.51005
G1 F2007.9 X144.672 Y92.39 E683.54731
G1 F2011.8 X144.672 Y91.508 E683.58449
G1 F2015.8 X144.673 Y90.626 E683.6216
G1 X144.673 Y89.744 E683.65871
G1 F2019.8 X144.673 Y88.862 E683.69574
G1 F2023.8 X144.674 Y87.98 E683.73271
G1 F2027.8 X144.674 Y87.098 E683.7696
G1 F2031.9 X144.674 Y86.216 E683.80641
G1 X144.675 Y85.334 E683.84323
G1 F2035.9 X144.675 Y84.452 E683.87997
G1 F2040 X144.676 Y83.57 E683.91664
G1 X144.578 Y82.928 E683.94364
G1 X144.361 Y82.232 E683.97395
G1 X143.993 Y81.613 E684.00389
G1 X143.629 Y81.17 E684.02773
G1 X143.201 Y80.789 E684.05155
G1 X142.721 Y80.478 E684.07533
G1 X142.197 Y80.243 E684.0992
G1 X141.641 Y80.089 E684.12319
G1 X141.073 Y80.023 E684.14696
G1 X140.491 Y80.045 E684.17118
G1 X105.287 Y84.069 E685.64432
G1 X104.647 Y84.245 E685.67192
G1 X104.116 Y84.487 E685.69618
G1 X103.627 Y84.808 E685.7205
G1 X103.198 Y85.198 E685.7446
G1 X102.736 Y85.774 E685.7753
G1 X102.424 Y86.433 E685.80561
G1 X102.259 Y86.992 E685.82985
G1 X102.183 Y87.571 E685.85412
G1 X102.197 Y88.155 E685.87841
G1 X102.303 Y88.729 E685.90268
G1 X102.493 Y89.277 E685.92679
G1 X102.775 Y89.802 E685.95157
G1 X108.232 Y98.301 E686.37148
G1 X113.897 Y98.3 E686.60701
G1 X114.001 Y98.333 E686.61154
M204 S5000
M205 X30 Y30
G0 F7200 X114.123 Y98.491
G0 X114.826 Y98.491
G0 X125.866 Y88.411
G0 X126.506 Y88.697
M204 S3000
M205 X20 Y20
G1 F2040 X126.734 Y88.204 E686.63412
G1 X127.057 Y87.81 E686.65531
G1 X127.494 Y87.5 E686.67758
G1 X128.165 Y87.282 E686.70691
G1 X128.737 Y87.293 E686.7307
G1 X129.357 Y87.499 E686.75786
G1 X129.796 Y87.81 E686.78023
G1 X130.138 Y88.229 E686.80271
G1 X130.344 Y88.689 E686.82367
G1 X130.427 Y89.191 E686.84482
G1 X130.377 Y89.738 E686.86766
G1 X130.076 Y90.417 E686.89854
G1 X129.532 Y90.94 E686.92991
G1 X129.062 Y91.168 E686.95163
G1 X128.564 Y91.267 E686.97274
G1 X128.05 Y91.235 E686.99415
G1 X127.525 Y91.056 E687.01721
G1 X127.104 Y90.772 E687.03833
G1 X126.654 Y90.21 E687.06826
G1 X126.474 Y89.718 E687.09004
G1 X126.426 Y89.24 E687.11001
G1 X126.506 Y88.697 E687.13283
M204 S5000
M205 X30 Y30
G0 F7200 X126.589 Y88.516
G0 X125.948 Y88.229
G0 X126.585 Y87.366
G0 X138.374 Y82.889
G0 X139.009 Y83.179
M204 S3000
M205 X20 Y20
G1 F2040 X139.213 Y82.736 E687.15311
G1 X139.527 Y82.34 E687.17412
G1 X139.8 Y82.116 E687.1888
G1 X140.282 Y81.873 E687.21124
G1 X140.689 Y81.781 E687.22859
G1 X141.204 Y81.787 E687.25
G1 X141.709 Y81.925 E687.27177
G1 X142.216 Y82.231 E687.29639
G1 X142.697 Y82.822 E687.32807
G1 X142.907 Y83.469 E687.35635
G1 X142.913 Y84.005 E687.37863
G1 X142.807 Y84.454 E687.39782
G1 X142.557 Y84.937 E687.42043
G1 X142.147 Y85.361 E687.44495
G1 X141.668 Y85.628 E687.46775
G1 X141.191 Y85.753 E687.48825
G1 X140.779 Y85.765 E687.50538
G1 X140.274 Y85.661 E687.52682
G1 X139.8 Y85.424 E687.54885
G1 X139.364 Y85.03 E687.57328
G1 X139.024 Y84.397 E687.60316
G1 X138.928 Y83.882 E687.62494
G1 X138.927 Y83.806 E687.6281
G1 X139.009 Y83.179 E687.65439
M204 S5000
M205 X30 Y30
G0 F7200 X139.092 Y82.998
G0 X138.457 Y82.708
G0 X138.294 Y83.743
G0 X139.232 Y94.148
G0 X139.925 Y94.237
M204 S3000
M205 X20 Y20
G1 F2040 X139.997 Y93.732 E687.6756
G1 X140.193 Y93.261 E687.69681
G1 X140.651 Y92.726 E687.72609
G1 X141.098 Y92.446 E687.74801
G1 X141.595 Y92.294 E687.76962
G1 X142.088 Y92.275 E687.79013
G1 X142.634 Y92.39 E687.81333
G1 X143.279 Y92.781 E687.84469
G1 X143.704 Y93.352 E687.87428
G1 F1777 X143.969 Y93.857 E687.9015
G1 F1581.4 X143.967 Y94.652 E687.94414
G1 F1786.3 X143.703 Y95.186 E687.97242
G1 F2040 X143.279 Y95.756 E688.00196
G1 X142.668 Y96.126 E688.03166
G1 X142.152 Y96.257 E688.05379
G1 X141.638 Y96.249 E688.07516
G1 X141.113 Y96.1 E688.09785
G1 X140.668 Y95.827 E688.11956
G1 X140.194 Y95.278 E688.14971
G1 X139.989 Y94.782 E688.17202
G1 X139.925 Y94.301 E688.1922
G1 X139.925 Y94.237 E688.19486
M204 S5000
M205 X30 Y30
G0 F7200 X139.953 Y94.039
G0 X139.258 Y93.95
G0 X131.154 Y121.43
G0 X131.801 Y122.056
M204 S3000
M205 X20 Y20
G1 F2040 X131.793 Y121.547 E688.21602
G1 X131.927 Y121.021 E688.23859
G1 X132.181 Y120.58 E688.25975
G1 X132.536 Y120.224 E688.28065
G1 X132.971 Y119.97 E688.30159
G1 X133.466 Y119.834 E688.32294
G1 X133.974 Y119.831 E688.34406
G1 X134.477 Y119.964 E688.36569
G1 X134.918 Y120.217 E688.38682
G1 X135.282 Y120.581 E688.40823
G1 X135.536 Y121.022 E688.42938
G1 X135.661 Y121.482 E688.4492
G1 X135.67 Y122.024 E688.47174
G1 X135.546 Y122.485 E688.49159
G1 X135.3 Y122.929 E688.51269
G1 F2023.8 X134.921 Y123.321 E688.53554
G1 F1988.3 X134.448 Y123.592 E688.55879
G1 F1723 X134.039 Y123.779 E688.58093
G1 F1529.2 X133.423 Y123.779 E688.6151
G1 F1723 X133.014 Y123.592 E688.63723
G1 F2003.9 X132.571 Y123.338 E688.65885
G1 F2040 X132.178 Y122.958 E688.68157
G1 X131.916 Y122.485 E688.70405
G1 X131.801 Y122.056 E688.72252
M204 S5000
M205 X30 Y30
G0 F7200 X131.798 Y121.856
G0 X131.093 Y121.856
G0 X115.038 Y98.157
M204 S3000
M205 X20 Y20
;TYPE:SKIN
G1 F1500 X115.1 Y98.497 E688.73689
G1 X115.101 Y107.196 E689.09855
G1 X125.596 Y123.542 E689.90615
G1 X131.423 Y123.544 E690.14841
G1 X131.094 Y123.032 E690.17372
G1 X130.862 Y122.325 E690.20465
G1 X130.818 Y121.981 E690.21907
G1 X130.853 Y121.248 E690.24958
G1 X131.038 Y120.603 E690.27748
G1 X131.417 Y119.97 E690.30815
G1 X131.946 Y119.439 E690.33931
G1 X132.583 Y119.07 E690.36992
G1 X133.351 Y118.857 E690.40305
G1 X134.104 Y118.859 E690.43436
G1 X134.865 Y119.06 E690.46708
G1 X135.539 Y119.455 E690.49956
G1 X136.087 Y120.014 E690.53211
G1 X136.438 Y120.648 E690.56224
G1 X136.601 Y121.22 E690.58696
G1 X136.644 Y121.557 E690.60109
G1 X136.609 Y122.297 E690.63189
G1 X136.368 Y123.032 E690.66405
G1 X136.039 Y123.544 E690.68935
G1 X143.701 Y123.544 E691.0079
G1 X143.701 Y96.641 E692.12639
G1 X143.176 Y96.961 E692.15196
G1 X142.798 Y97.111 E692.16886
G1 X142.076 Y97.241 E692.19936
G1 X141.314 Y97.181 E692.23114
G1 X140.678 Y96.978 E692.2589
G1 X140.041 Y96.586 E692.28999
G1 X139.357 Y95.802 E692.33325
G1 X139.035 Y95.035 E692.36784
G1 X138.941 Y94.25 E692.4007
G1 X139.034 Y93.529 E692.43093
G1 X139.343 Y92.759 E692.46542
G1 X140.017 Y91.968 E692.50863
G1 X140.742 Y91.524 E692.54397
G1 X141.39 Y91.339 E692.57199
G1 X142.081 Y91.298 E692.60077
G1 X142.849 Y91.441 E692.63325
G1 X143.174 Y91.576 E692.64788
G1 X143.701 Y91.895 E692.67349
G1 X143.701 Y84.807 E692.96818
G1 X143.369 Y85.501 E693.00016
G1 X142.853 Y86.031 E693.03091
G1 X142.639 Y86.199 E693.04223
G1 X141.947 Y86.562 E693.07471
G1 X141.249 Y86.727 E693.10453
G1 X140.656 Y86.741 E693.12919
G1 X139.983 Y86.592 E693.15785
G1 X139.289 Y86.266 E693.18973
G1 X138.589 Y85.645 E693.22863
G1 X138.101 Y84.739 E693.27142
G1 X137.968 Y84.053 E693.30047
G1 X137.959 Y83.68 E693.31598
G1 X138.043 Y83.058 E693.34208
G1 X138.143 Y82.73 E693.35633
G1 X138.478 Y82.081 E693.3867
G1 X138.924 Y81.571 E693.41486
G1 X139.459 Y81.168 E693.44271
G1 X139.36 Y81.156 E693.44686
G1 X106.521 Y84.912 E694.82105
G1 X106.798 Y84.978 E694.83288
G1 X107.298 Y85.186 E694.8554
G1 X107.56 Y85.35 E694.86825
G1 X108.076 Y85.795 E694.89658
G1 X108.314 Y86.08 E694.91201
G1 X108.584 Y86.554 E694.93469
G1 X108.794 Y87.211 E694.96337
G1 X108.837 Y87.514 E694.97609
G1 X108.827 Y88.202 E695.0047
G1 X108.627 Y88.91 E695.03529
G1 X108.238 Y89.593 E695.06797
G1 X107.486 Y90.257 E695.10967
G1 X106.839 Y90.548 E695.13917
G1 X106.446 Y90.64 E695.15595
G1 X105.741 Y90.682 E695.18531
G1 X105.357 Y90.632 E695.20141
G1 X104.641 Y90.394 E695.23278
G1 X104.162 Y90.111 E695.25591
G1 X104.215 Y90.239 E695.26167
G1 X108.765 Y97.326 E695.61181
G1 X113.978 Y97.328 E695.82854
G1 X114.418 Y97.45 E695.84753
G1 X114.743 Y97.683 E695.86415
G1 X114.946 Y97.952 E695.87816
G1 X115.038 Y98.157 E695.88751
M204 S5000
M205 X30 Y30
G0 F7200 X125.444 Y89.145
M204 S3000
M205 X20 Y20
G1 F1500 X125.568 Y88.417 E695.91821
G1 X125.822 Y87.832 E695.94472
G1 X126.258 Y87.232 E695.97556
G1 X126.828 Y86.765 E696.00619
G1 X127.184 Y86.576 E696.02295
G1 X127.983 Y86.314 E696.05791
G1 X128.693 Y86.309 E696.08743
G1 X129.049 Y86.368 E696.10243
G1 X129.664 Y86.573 E696.12938
G1 X130.025 Y86.764 E696.14636
G1 X130.591 Y87.227 E696.17677
G1 X130.976 Y87.728 E696.20304
G1 X131.275 Y88.375 E696.23267
G1 X131.415 Y89.171 E696.26627
G1 X131.325 Y90.006 E696.30119
G1 X130.959 Y90.831 E696.33871
G1 X130.812 Y91.053 E696.34978
G1 X130.119 Y91.733 E696.39014
G1 X129.349 Y92.112 E696.42582
G1 X128.61 Y92.241 E696.45701
G1 X127.867 Y92.2 E696.48795
G1 X127.157 Y91.969 E696.51899
G1 X126.453 Y91.523 E696.55364
G1 X125.784 Y90.679 E696.59842
G1 X125.519 Y89.923 E696.63172
G1 X125.442 Y89.215 E696.66133
G1 X125.444 Y89.145 E696.66424
M204 S5000
M205 X30 Y30
G0 F7200 X126.163 Y87.895
G0 X127.157 Y86.94
G0 X141.305 Y86.388
G0 X143.254 Y85.978
M204 S3000
M205 X20 Y20
G1 F1500 X143.45 Y86.175 E696.6758
M204 S5000
M205 X30 Y30
G0 F7200 X142.887 Y86.319
M204 S3000
M205 X20 Y20
G1 F1500 X143.45 Y86.882 E696.7089
M204 S5000
M205 X30 Y30
G0 F7200 X143.45 Y87.589
M204 S3000
M205 X20 Y20
G1 F1500 X142.445 Y86.584 E696.76799
M204 S5000
M205 X30 Y30
G0 F7200 X141.968 Y86.814
M204 S3000
M205 X20 Y20
G1 F1500 X143.45 Y88.296 E696.85512
M204 S5000
M205 X30 Y30
G0 F7200 X143.45 Y89.003
M204 S3000
M205 X20 Y20
G1 F1500 X141.398 Y86.951 E696.97577
M204 S5000
M205 X30 Y30
G0 F7200 X140.729 Y86.988
M204 S3000
M205 X20 Y20
G1 F1500 X143.45 Y89.71 E697.13579
M204 S5000
M205 X30 Y30
G0 F7200 X143.45 Y90.417
M204 S3000
M205 X20 Y20
G1 F1500 X139.838 Y86.805 E697.34816
G1 X139.75 Y86.717
M204 S5000
M205 X30 Y30
G0 F7200 X137.87 Y84.837
M204 S3000
M205 X20 Y20
G1 F1500 X134.945 Y81.912 E697.52014
M204 S5000
M205 X30 Y30
G0 F7200 X135.579 Y81.839
M204 S3000
M205 X20 Y20
G1 F1500 X137.719 Y83.979 E697.64596
M204 S5000
M205 X30 Y30
G0 F7200 X137.757 Y83.31
M204 S3000
M205 X20 Y20
G1 F1500 X136.214 Y81.767 E697.73668
M204 S5000
M205 X30 Y30
G0 F7200 X136.849 Y81.694
M204 S3000
M205 X20 Y20
G1 F1500 X137.884 Y82.73 E697.79757
M204 S5000
M205 X30 Y30
G0 F7200 X138.109 Y82.248
M204 S3000
M205 X20 Y20
G1 F1500 X137.484 Y81.622 E697.83435
M204 S5000
M205 X30 Y30
G0 F7200 X138.118 Y81.549
M204 S3000
M205 X20 Y20
G1 F1500 X138.38 Y81.812 E697.84978
M204 S5000
M205 X30 Y30
G0 F7200 X134.31 Y81.984
M204 S3000
M205 X20 Y20
G1 F1500 X143.45 Y91.124 E698.38718
M204 S5000
M205 X30 Y30
G0 F7200 X142.789 Y91.17
M204 S3000
M205 X20 Y20
G1 F1500 X133.676 Y82.057 E698.92299
M204 S5000
M205 X30 Y30
G0 F7200 X133.042 Y82.13
M204 S3000
M205 X20 Y20
G1 F1500 X141.965 Y91.054 E699.44765
M204 S5000
M205 X30 Y30
G0 F7200 X141.307 Y91.102
M204 S3000
M205 X20 Y20
G1 F1500 X132.407 Y82.202 E699.97094
M204 S5000
M205 X30 Y30
G0 F7200 X131.772 Y82.275
M204 S3000
M205 X20 Y20
G1 F1500 X140.757 Y91.259 E700.49919
M204 S5000
M205 X30 Y30
G0 F7200 X140.294 Y91.504
M204 S3000
M205 X20 Y20
G1 F1500 X131.137 Y82.347 E701.03759
M204 S5000
M205 X30 Y30
G0 F7200 X130.503 Y82.42
M204 S3000
M205 X20 Y20
G1 F1500 X139.857 Y91.773 E701.58754
M204 S5000
M205 X30 Y30
G0 F7200 X139.529 Y92.153
M204 S3000
M205 X20 Y20
G1 F1500 X129.869 Y82.493 E702.15551
M204 S5000
M205 X30 Y30
G0 F7200 X129.234 Y82.565
M204 S3000
M205 X20 Y20
G1 F1500 X139.208 Y92.539 E702.74194
M204 S5000
M205 X30 Y30
G0 F7200 X138.969 Y93.007
M204 S3000
M205 X20 Y20
G1 F1500 X128.6 Y82.638 E703.3516
M204 S5000
M205 X30 Y30
G0 F7200 X127.965 Y82.71
M204 S3000
M205 X20 Y20
G1 F1500 X138.783 Y93.528 E703.98766
M204 S5000
M205 X30 Y30
G0 F7200 X138.7 Y94.152
M204 S3000
M205 X20 Y20
G1 F1500 X127.33 Y82.783 E704.65614
M204 S5000
M205 X30 Y30
G0 F7200 X126.696 Y82.855
M204 S3000
M205 X20 Y20
G1 F1500 X138.77 Y94.929 E705.36605
G1 X138.858 Y95.017
M204 S5000
M205 X30 Y30
G0 F7200 X139.606 Y96.472
M204 S3000
M205 X20 Y20
G1 F1500 X131.534 Y88.401 E705.84062
M204 S5000
M205 X30 Y30
G0 F7200 X131.658 Y89.231
M204 S3000
M205 X20 Y20
G1 F1500 X143.45 Y101.024 E706.53397
M204 S5000
M205 X30 Y30
G0 F7200 X143.45 Y101.731
M204 S3000
M205 X20 Y20
G1 F1500 X131.588 Y89.869 E707.23141
M204 S5000
M205 X30 Y30
G0 F7200 X131.418 Y90.406
M204 S3000
M205 X20 Y20
G1 F1500 X143.45 Y102.438 E707.93885
M204 S5000
M205 X30 Y30
G0 F7200 X143.45 Y103.145
M204 S3000
M205 X20 Y20
G1 F1500 X131.2 Y90.895 E708.6591
M204 S5000
M205 X30 Y30
G0 F7200 X130.908 Y91.31
M204 S3000
M205 X20 Y20
G1 F1500 X143.45 Y103.852 E709.39652
M204 S5000
M205 X30 Y30
G0 F7200 X143.45 Y104.559
M204 S3000
M205 X20 Y20
G1 F1500 X130.551 Y91.66 E710.15493
M204 S5000
M205 X30 Y30
G0 F7200 X130.173 Y91.989
M204 S3000
M205 X20 Y20
G1 F1500 X143.45 Y105.266 E710.93557
M204 S5000
M205 X30 Y30
G0 F7200 X143.45 Y105.974
M204 S3000
M205 X20 Y20
G1 F1500 X129.697 Y92.22 E711.74422
M204 S5000
M205 X30 Y30
G0 F7200 X129.165 Y92.396
M204 S3000
M205 X20 Y20
G1 F1500 X143.45 Y106.681 E712.58413
M204 S5000
M205 X30 Y30
G0 F7200 X143.45 Y107.388
M204 S3000
M205 X20 Y20
G1 F1500 X128.551 Y92.488 E713.46016
M204 S5000
M205 X30 Y30
G0 F7200 X127.801 Y92.445
M204 S3000
M205 X20 Y20
G1 F1500 X143.45 Y108.095 E714.38029
M204 S5000
M205 X30 Y30
G0 F7200 X143.45 Y108.802
M204 S3000
M205 X20 Y20
G1 F1500 X126.497 Y91.849 E715.37706
M204 S5000
M205 X30 Y30
G0 F7200 X126.002 Y91.353
M204 S3000
M205 X20 Y20
G1 F1500 X118.446 Y83.798 E715.8213
M204 S5000
M205 X30 Y30
G0 F7200 X117.812 Y83.871
M204 S3000
M205 X20 Y20
G1 F1500 X143.45 Y109.509 E717.32871
M204 S5000
M205 X30 Y30
G0 F7200 X143.45 Y110.216
M204 S3000
M205 X20 Y20
G1 F1500 X117.178 Y83.944 E718.87341
M204 S5000
M205 X30 Y30
G0 F7200 X116.543 Y84.016
M204 S3000
M205 X20 Y20
G1 F1500 X143.45 Y110.923 E720.45544
M204 S5000
M205 X30 Y30
G0 F7200 X143.45 Y111.63
M204 S3000
M205 X20 Y20
G1 F1500 X115.908 Y84.089 E722.07477
M204 S5000
M205 X30 Y30
G0 F7200 X115.273 Y84.161
M204 S3000
M205 X20 Y20
G1 F1500 X143.45 Y112.338 E723.73147
M204 S5000
M205 X30 Y30
G0 F7200 X143.45 Y113.045
M204 S3000
M205 X20 Y20
G1 F1500 X114.639 Y84.234 E725.42545
M204 S5000
M205 X30 Y30
G0 F7200 X114.004 Y84.306
M204 S3000
M205 X20 Y20
G1 F1500 X143.45 Y113.752 E727.15676
M204 S5000
M205 X30 Y30
G0 F7200 X143.45 Y114.459
M204 S3000
M205 X20 Y20
G1 F1500 X113.37 Y84.379 E728.92535
M204 S5000
M205 X30 Y30
G0 F7200 X112.736 Y84.451
M204 S3000
M205 X20 Y20
G1 F1500 X143.45 Y115.166 E730.73124
M204 S5000
M205 X30 Y30
G0 F7200 X143.45 Y115.873
M204 S3000
M205 X20 Y20
G1 F1500 X112.101 Y84.524 E732.57444
M204 S5000
M205 X30 Y30
G0 F7200 X111.466 Y84.596
M204 S3000
M205 X20 Y20
G1 F1500 X143.45 Y116.58 E734.45498
M204 S5000
M205 X30 Y30
G0 F7200 X143.45 Y117.287
M204 S3000
M205 X20 Y20
G1 F1500 X110.831 Y84.668 E736.37285
M204 S5000
M205 X30 Y30
G0 F7200 X110.197 Y84.741
M204 S3000
M205 X20 Y20
G1 F1500 X143.45 Y117.994 E738.328
M204 S5000
M205 X30 Y30
G0 F7200 X143.45 Y118.702
M204 S3000
M205 X20 Y20
G1 F1500 X109.563 Y84.814 E740.32046
M204 S5000
M205 X30 Y30
G0 F7200 X108.928 Y84.886
M204 S3000
M205 X20 Y20
G1 F1500 X143.45 Y119.409 E742.35025
M204 S5000
M205 X30 Y30
G0 F7200 X143.45 Y120.116
M204 S3000
M205 X20 Y20
G1 F1500 X108.294 Y84.959 E744.41731
M204 S5000
M205 X30 Y30
G0 F7200 X108.195 Y85.568
M204 S3000
M205 X20 Y20
G1 F1500 X107.659 Y85.031 E744.44886
M204 S5000
M205 X30 Y30
G0 F7200 X108.311 Y85.683
M204 S3000
M205 X20 Y20
G1 F1500 X143.45 Y120.823 E746.51493
M204 S5000
M205 X30 Y30
G0 F7200 X143.45 Y121.53
M204 S3000
M205 X20 Y20
G1 F1500 X109.019 Y87.099 E748.53934
M204 S5000
M205 X30 Y30
G0 F7200 X109.081 Y87.867
M204 S3000
M205 X20 Y20
G1 F1500 X143.45 Y122.237 E750.56013
M204 S5000
M205 X30 Y30
G0 F7200 X143.45 Y122.944
M204 S3000
M205 X20 Y20
G1 F1500 X109.001 Y88.495 E752.5856
M204 S5000
M205 X30 Y30
G0 F7200 X108.838 Y89.039
M204 S3000
M205 X20 Y20
G1 F1500 X143.092 Y123.293 E754.5996
M204 S5000
M205 X30 Y30
G0 F7200 X142.385 Y123.293
M204 S3000
M205 X20 Y20
G1 F1500 X108.584 Y89.492 E756.58697
M204 S5000
M205 X30 Y30
G0 F7200 X108.279 Y89.894
M204 S3000
M205 X20 Y20
G1 F1500 X141.678 Y123.293 E758.55071
M204 S5000
M205 X30 Y30
G0 F7200 X140.97 Y123.293
M204 S3000
M205 X20 Y20
G1 F1500 X107.902 Y90.224 E760.49501
M204 S5000
M205 X30 Y30
G0 F7200 X107.497 Y90.526
M204 S3000
M205 X20 Y20
G1 F1500 X114.066 Y97.096 E760.88127
M204 S5000
M205 X30 Y30
G0 F7200 X113.342 Y97.078
M204 S3000
M205 X20 Y20
G1 F1500 X107.009 Y90.745 E761.25363
M204 S5000
M205 X30 Y30
G0 F7200 X106.447 Y90.89
M204 S3000
M205 X20 Y20
G1 F1500 X112.634 Y97.077 E761.6174
M204 S5000
M205 X30 Y30
G0 F7200 X111.926 Y97.077
M204 S3000
M205 X20 Y20
G1 F1500 X105.783 Y90.934 E761.97858
M204 S5000
M205 X30 Y30
G0 F7200 X104.88 Y90.738
M204 S3000
M205 X20 Y20
G1 F1500 X111.219 Y97.077 E762.35129
M204 S5000
M205 X30 Y30
G0 F7200 X110.511 Y97.076
M204 S3000
M205 X20 Y20
G1 F1500 X106.014 Y92.579 E762.6157
G1 X105.926 Y92.491
M204 S5000
M205 X30 Y30
G0 F7200 X107.282 Y94.555
M204 S3000
M205 X20 Y20
G1 F1500 X109.803 Y97.075 E762.76389
M204 S5000
M205 X30 Y30
G0 F7200 X109.096 Y97.075
M204 S3000
M205 X20 Y20
G1 F1500 X108.55 Y96.529 E762.796
M204 S5000
M205 X30 Y30
G0 F7200 X114.754 Y97.672
G0 X115.33 Y98.359
M204 S3000
M205 X20 Y20
G1 F1500 X140.263 Y123.293 E764.26199
M204 S5000
M205 X30 Y30
G0 F7200 X139.556 Y123.292
M204 S3000
M205 X20 Y20
G1 F1500 X136.484 Y120.22 E764.44261
G1 X136.396 Y120.132
M204 S5000
M205 X30 Y30
G0 F7200 X136.859 Y121.303
M204 S3000
M205 X20 Y20
G1 F1500 X138.848 Y123.292 E764.55956
M204 S5000
M205 X30 Y30
G0 F7200 X138.141 Y123.292
M204 S3000
M205 X20 Y20
G1 F1500 X136.871 Y122.021 E764.63426
M204 S5000
M205 X30 Y30
G0 F7200 X136.765 Y122.623
M204 S3000
M205 X20 Y20
G1 F1500 X137.434 Y123.292 E764.67359
M204 S5000
M205 X30 Y30
G0 F7200 X136.727 Y123.292
M204 S3000
M205 X20 Y20
G1 F1500 X136.581 Y123.146 E764.68218
M204 S5000
M205 X30 Y30
G0 F7200 X136.308 Y121.43
G0 X135.282 Y119.019
M204 S3000
M205 X20 Y20
G1 F1500 X115.35 Y99.086 E765.85413
M204 S5000
M205 X30 Y30
G0 F7200 X115.35 Y99.793
M204 S3000
M205 X20 Y20
G1 F1500 X134.169 Y118.613 E766.96065
M204 S5000
M205 X30 Y30
G0 F7200 X133.457 Y118.607
M204 S3000
M205 X20 Y20
G1 F1500 X115.35 Y100.501 E768.02524
M204 S5000
M205 X30 Y30
G0 F7200 X115.35 Y101.208
M204 S3000
M205 X20 Y20
G1 F1500 X132.872 Y118.73 E769.05547
M204 S5000
M205 X30 Y30
G0 F7200 X132.349 Y118.914
M204 S3000
M205 X20 Y20
G1 F1500 X115.35 Y101.915 E770.05494
M204 S5000
M205 X30 Y30
G0 F7200 X115.35 Y102.622
M204 S3000
M205 X20 Y20
G1 F1500 X131.902 Y119.174 E771.02814
M204 S5000
M205 X30 Y30
G0 F7200 X131.526 Y119.505
M204 S3000
M205 X20 Y20
G1 F1500 X115.35 Y103.329 E771.97922
M204 S5000
M205 X30 Y30
G0 F7200 X115.35 Y104.036
M204 S3000
M205 X20 Y20
G1 F1500 X131.185 Y119.872 E772.91029
M204 S5000
M205 X30 Y30
G0 F7200 X130.92 Y120.313
M204 S3000
M205 X20 Y20
G1 F1500 X115.35 Y104.743 E773.82575
M204 S5000
M205 X30 Y30
G0 F7200 X115.35 Y105.45
M204 S3000
M205 X20 Y20
G1 F1500 X130.716 Y120.816 E774.72921
M204 S5000
M205 X30 Y30
G0 F7200 X130.594 Y121.402
M204 S3000
M205 X20 Y20
G1 F1500 X115.35 Y106.157 E775.62553
M204 S5000
M205 X30 Y30
G0 F7200 X115.35 Y106.865
M204 S3000
M205 X20 Y20
G1 F1500 X130.584 Y122.098 E776.5212
M204 S5000
M205 X30 Y30
G0 F7200 X130.832 Y123.054
M204 S3000
M205 X20 Y20
G1 F1500 X116.157 Y108.378 E777.38406
G1 X116.069 Y108.29
M204 S5000
M205 X30 Y30
G0 F7200 X117.425 Y110.354
M204 S3000
M205 X20 Y20
G1 F1500 X130.363 Y123.292 E778.14477
M204 S5000
M205 X30 Y30
G0 F7200 X129.656 Y123.292
M204 S3000
M205 X20 Y20
G1 F1500 X118.694 Y112.33 E778.78929
G1 X118.606 Y112.242
M204 S5000
M205 X30 Y30
G0 F7200 X119.962 Y114.305
M204 S3000
M205 X20 Y20
G1 F1500 X128.949 Y123.292 E779.31769
M204 S5000
M205 X30 Y30
G0 F7200 X128.241 Y123.291
M204 S3000
M205 X20 Y20
G1 F1500 X121.231 Y116.281 E779.72985
G1 X121.143 Y116.193
M204 S5000
M205 X30 Y30
G0 F7200 X122.499 Y118.257
M204 S3000
M205 X20 Y20
G1 F1500 X127.534 Y123.291 E780.02586
M204 S5000
M205 X30 Y30
G0 F7200 X126.827 Y123.291
M204 S3000
M205 X20 Y20
G1 F1500 X123.768 Y120.232 E780.20572
G1 X123.68 Y120.144
M204 S5000
M205 X30 Y30
G0 F7200 X125.036 Y122.208
M204 S3000
M205 X20 Y20
G1 F1500 X126.12 Y123.291 E780.26942
G1 X126.208 Y123.379
M204 S5000
M205 X30 Y30
G0 F7200 X143.45 Y100.317
M204 S3000
M205 X20 Y20
G1 F1500 X139.964 Y96.83 E780.47442
G1 X139.876 Y96.742
M204 S5000
M205 X30 Y30
G0 F7200 X141.269 Y97.428
M204 S3000
M205 X20 Y20
G1 F1500 X143.45 Y99.61 E780.60268
M204 S5000
M205 X30 Y30
G0 F7200 X143.45 Y98.903
M204 S3000
M205 X20 Y20
G1 F1500 X142.036 Y97.488 E780.68585
M204 S5000
M205 X30 Y30
G0 F7200 X142.647 Y97.392
M204 S3000
M205 X20 Y20
G1 F1500 X143.45 Y98.195 E780.73306
M204 S5000
M205 X30 Y30
G0 F7200 X143.45 Y97.488
M204 S3000
M205 X20 Y20
G1 F1500 X143.172 Y97.21 E780.74941
M204 S5000
M205 X30 Y30
G0 F7200 X141.505 Y96.884
G0 X140.36 Y96.392
G0 X129.332 Y86.199
M204 S3000
M205 X20 Y20
G1 F1500 X126.061 Y82.928 E780.94173
M204 S5000
M205 X30 Y30
G0 F7200 X125.427 Y83
M204 S3000
M205 X20 Y20
G1 F1500 X128.484 Y86.057 E781.12147
M204 S5000
M205 X30 Y30
G0 F7200 X127.818 Y86.099
M204 S3000
M205 X20 Y20
G1 F1500 X124.792 Y83.073 E781.29939
M204 S5000
M205 X30 Y30
G0 F7200 X124.158 Y83.145
M204 S3000
M205 X20 Y20
G1 F1500 X127.288 Y86.276 E781.48345
M204 S5000
M205 X30 Y30
G0 F7200 X126.797 Y86.492
M204 S3000
M205 X20 Y20
G1 F1500 X123.523 Y83.218 E781.67595
M204 S5000
M205 X30 Y30
G0 F7200 X122.888 Y83.29
M204 S3000
M205 X20 Y20
G1 F1500 X126.393 Y86.795 E781.88203
M204 S5000
M205 X30 Y30
G0 F7200 X126.021 Y87.131
M204 S3000
M205 X20 Y20
G1 F1500 X122.254 Y83.363 E782.10354
M204 S5000
M205 X30 Y30
G0 F7200 X121.619 Y83.435
M204 S3000
M205 X20 Y20
G1 F1500 X125.724 Y87.54 E782.3449
M204 S5000
M205 X30 Y30
G0 F7200 X125.476 Y87.999
M204 S3000
M205 X20 Y20
G1 F1500 X120.985 Y83.508 E782.60895
M204 S5000
M205 X30 Y30
G0 F7200 X120.35 Y83.581
M204 S3000
M205 X20 Y20
G1 F1500 X125.295 Y88.526 E782.8997
M204 S5000
M205 X30 Y30
G0 F7200 X125.193 Y89.13
M204 S3000
M205 X20 Y20
G1 F1500 X119.716 Y83.653 E783.22173
M204 S5000
M205 X30 Y30
G0 F7200 X119.081 Y83.726
M204 S3000
M205 X20 Y20
G1 F1500 X125.267 Y89.912 E783.58544
G1 X125.355 Y90
M204 S5000
M205 X30 Y30
G1 F1500 E777.08544
;MESH:NONMESH
G0 F600 X125.355 Y90 Z0.9
G0 F7200 X105.639 Y89.954
G0 X102.961 Y89.685
G0 X102.007 Y90.298
G0 X94 Y102.755
G0 X93.39 Y103.707
G0 X82.789 Y103.461
G0 X81.559 Y102.87
G0 X80.419 Y101.322
G1 F1500 E783.58544
G0 F7200 X80.532 Y101.308
;TIME_ELAPSED:681.939011
;LAYER:3
M204 S3000
M205 X20 Y20
;TYPE:WALL-INNER
;MESH:Exterior Hip L.stl
G1 F3092.3 X80.64 Y100.612 E783.62351
G1 F3121.1 X80.882 Y100.033 E783.65711
G1 F3126 X81.259 Y99.519 E783.69119
G1 F3121.1 X81.757 Y99.131 E783.725
G1 F3097.1 X82.323 Y98.874 E783.75854
G1 F3092.3 X82.989 Y98.75 E783.79516
G1 F3078.1 X83.434 Y98.791 E783.81942
G1 X83.87 Y98.889 E783.84369
G1 F3101.9 X84.501 Y99.193 E783.88142
G1 F3040.8 X84.856 Y99.468 E783.90611
G1 F3150.5 X84.922 Y99.599 E783.91389
G1 F3647.9 X85.244 Y100.143 E783.94285
G1 F4020 X85.416 Y100.562 E783.96168
G1 X85.472 Y100.8 E783.97185
G1 X85.514 Y101.45 E783.99893
G1 X85.49 Y101.694 E784.00912
G1 X85.299 Y102.307 E784.03581
G1 X85.02 Y102.78 E784.05864
G1 X84.573 Y103.236 E784.08519
G1 X84.001 Y103.561 E784.11254
G1 X83.405 Y103.715 E784.13814
G1 X82.853 Y103.722 E784.16109
G1 X82.22 Y103.58 E784.18806
G1 X81.994 Y103.478 E784.19837
G1 X81.467 Y103.123 E784.22479
G1 X81.094 Y102.743 E784.24692
G1 X80.759 Y102.066 E784.27833
G1 F3538.7 X80.561 Y101.391 E784.31155
G1 F3116.3 X80.532 Y101.308 E784.31627
M204 S5000
M205 X30 Y30
G0 F7200 X80.419 Y101.322
G0 X80.969 Y102.806
G0 X92.805 Y109.662
G0 X93.138 Y109.662
M204 S3000
M205 X20 Y20
G1 F4020 X93.048 Y109.487 E784.32445
G1 X93.007 Y109.295 E784.33261
G1 X93.005 Y103.796 E784.56123
G1 X85.851 Y99.205 E784.91464
G1 F3424.2 X85.267 Y98.934 E784.94606
G1 F3009 X84.643 Y98.527 E784.98744
G1 F3064 X84.124 Y98.292 E785.01852
G1 F3073.4 X83.522 Y98.137 E785.05232
G1 F3054.7 X82.787 Y98.118 E785.09255
G1 F3059.4 X82.058 Y98.272 E785.13325
G1 F3087.6 X81.494 Y98.533 E785.16689
G1 F3097.1 X81.091 Y98.812 E785.19335
G1 F3092.3 X80.728 Y99.152 E785.22023
G1 F3097.1 X80.424 Y99.544 E785.247
G1 F3087.6 X80.187 Y99.976 E785.27367
G1 F3097.1 X80.018 Y100.437 E785.30017
G1 F3092.3 X79.918 Y100.971 E785.32953
G1 F3050.1 X79.882 Y101.315 E785.34848
G1 F3453.6 X79.742 Y101.839 E785.37473
G1 F4020 X75.984 Y134.715 E786.75046
G1 F3483.5 X75.985 Y135.381 E786.78241
G1 F3130.8 X75.915 Y135.89 E786.80984
G1 F3210.9 X75.892 Y136.411 E786.83698
G1 F3205.7 X75.966 Y137.018 E786.86886
G1 F3180.4 X76.174 Y137.586 E786.90065
G1 F3185.4 X76.465 Y138.124 E786.93274
G1 X76.95 Y138.668 E786.97098
G1 F3190.5 X77.449 Y139.02 E787.00297
G1 F3200.6 X77.993 Y139.29 E787.03468
G1 F3190.5 X78.747 Y139.47 E787.07529
G1 F3165.4 X79.495 Y139.465 E787.11479
G1 F3532.5 X80.036 Y139.534 E787.14059
G1 F4020 X88.538 Y139.533 E787.49406
G1 X88.096 Y139.296 E787.51491
G1 X87.614 Y138.827 E787.54287
G1 X87.449 Y138.592 E787.55481
G1 X87.182 Y137.987 E787.58231
G1 X87.121 Y137.756 E787.59224
G1 X87.08 Y137.13 E787.61832
G1 X87.177 Y136.536 E787.64334
G1 X87.587 Y135.749 E787.68024
G1 X88.067 Y135.28 E787.70814
G1 X88.647 Y134.954 E787.7358
G1 X89.259 Y134.802 E787.76202
G1 X89.901 Y134.8 E787.78871
G1 X90.482 Y134.952 E787.81368
G1 X91.075 Y135.271 E787.84167
G1 X91.535 Y135.719 E787.86837
G1 X91.885 Y136.294 E787.89635
G1 X92.06 Y137.05 E787.92861
G1 X92.075 Y137.291 E787.93865
G1 X92.03 Y137.756 E787.95808
G1 X91.969 Y137.987 E787.96801
G1 X91.702 Y138.592 E787.9955
G1 X91.537 Y138.827 E788.00744
G1 X91.061 Y139.289 E788.03502
G1 X90.641 Y139.533 E788.05521
G1 X119.325 Y139.534 E789.24776
G1 X119.325 Y130.049 E789.6421
G1 X119.026 Y130.592 E789.66787
G1 X118.483 Y131.093 E789.69858
G1 X117.921 Y131.387 E789.72495
G1 X117.493 Y131.502 E789.74338
G1 X116.76 Y131.531 E789.77388
G1 X116.136 Y131.355 E789.80083
G1 X115.605 Y131.058 E789.82613
G1 X115.121 Y130.584 E789.85429
G1 X114.79 Y129.995 E789.88238
G1 X114.608 Y129.105 E789.92015
G1 X114.787 Y128.182 E789.95924
G1 X115.128 Y127.581 E789.98797
G1 X115.817 Y126.97 E790.02625
G1 X116.425 Y126.723 E790.05354
G1 X116.977 Y126.643 E790.07673
G1 X117.617 Y126.701 E790.10344
G1 X118.223 Y126.926 E790.13032
G1 X118.426 Y127.052 E790.14025
G1 X118.916 Y127.479 E790.16727
G1 X119.075 Y127.672 E790.17767
G1 X119.325 Y128.129 E790.19933
G1 X119.325 Y120.694 E790.50844
G1 X102.642 Y109.984 E791.33266
G1 X93.638 Y109.984 E791.707
G1 X93.374 Y109.881 E791.71879
G1 X93.138 Y109.662 E791.73217
M204 S5000
M205 X30 Y30
G0 F7200 X92.805 Y109.662
G0 X82.478 Y122.161
G0 X81.961 Y123.124
G0 X82.156 Y123.156
M204 S3000
M205 X20 Y20
G1 F4020 X82.232 Y122.927 E791.7422
G1 X82.534 Y122.349 E791.76932
G1 X82.675 Y122.16 E791.77912
G1 X83.159 Y121.725 E791.80617
G1 X83.641 Y121.462 E791.829
G1 X84.232 Y121.302 E791.85446
G1 X84.9 Y121.3 E791.88223
G1 X85.512 Y121.459 E791.90852
G1 X86.077 Y121.774 E791.93541
G1 X86.548 Y122.233 E791.96276
G1 X86.896 Y122.839 E791.99181
G1 X87.086 Y123.669 E792.02721
G1 X87.019 Y124.365 E792.05628
G1 X86.639 Y125.228 E792.09548
G1 X85.968 Y125.877 E792.13429
G1 X85.366 Y126.159 E792.16193
G1 X84.753 Y126.286 E792.18796
G1 X84.173 Y126.252 E792.21211
G1 X83.95 Y126.2 E792.22163
G1 X83.283 Y125.928 E792.25158
G1 X83.097 Y125.795 E792.26109
G1 X82.509 Y125.225 E792.29513
G1 X82.182 Y124.487 E792.32869
G1 X82.121 Y124.256 E792.33863
G1 X82.077 Y123.804 E792.35751
G1 X82.156 Y123.156 E792.38465
M204 S5000
M205 X30 Y30
G0 F7200 X81.961 Y123.124
G0 X76.47 Y135.572
G0 X76.571 Y135.617
M204 S3000
M205 X20 Y20
G1 F3311.4 X77.054 Y134.799 E792.43259
G1 F3736.1 X77.59 Y134.281 E792.46594
G1 F4020 X77.786 Y134.144 E792.47588
G1 X78.382 Y133.884 E792.50292
G1 X79.012 Y133.787 E792.52942
G1 X79.647 Y133.85 E792.55595
G1 X80.453 Y134.175 E792.59208
G1 X81.142 Y134.849 E792.63215
G1 X81.519 Y135.694 E792.67062
G1 X81.586 Y136.405 E792.70031
G1 X81.414 Y137.155 E792.7323
G1 X81.325 Y137.374 E792.74213
G1 X80.97 Y137.916 E792.76907
G1 X80.491 Y138.345 E792.7958
G1 X80.097 Y138.565 E792.81456
G1 F3557.5 X79.418 Y138.839 E792.84896
G1 F3205.7 X78.758 Y138.829 E792.88337
G1 F3226.3 X78.135 Y138.679 E792.91657
G1 F3236.7 X77.561 Y138.352 E792.95068
G1 X77.026 Y137.845 E792.98874
G1 F3221.2 X76.655 Y137.138 E793.03017
G1 F3226.3 X76.523 Y136.466 E793.06564
G1 F3231.5 X76.513 Y136.383 E793.06997
G1 F3190.5 X76.571 Y135.617 E793.11021
M204 S5000
M205 X30 Y30
G0 F7200 X77.122 Y135.823
M204 S3000
M205 X20 Y20
;TYPE:WALL-OUTER
G1 F2040 X77.427 Y135.134 E793.14154
G1 X77.968 Y134.611 E793.17282
G1 X78.416 Y134.395 E793.1935
G1 X78.947 Y134.283 E793.21606
G1 X79.495 Y134.326 E793.23891
G1 X80.174 Y134.602 E793.26938
G1 X80.725 Y135.136 E793.30129
G1 X81.027 Y135.828 E793.33268
G1 X81.077 Y136.38 E793.35572
G1 X80.917 Y137.083 E793.38569
G1 X80.661 Y137.507 E793.40629
G1 X80.3 Y137.869 E793.42754
G1 X79.853 Y138.128 E793.44902
G1 X79.343 Y138.269 E793.47102
G1 X78.823 Y138.271 E793.49264
G1 X78.308 Y138.134 E793.51479
G1 X77.903 Y137.908 E793.53407
G1 X77.494 Y137.52 E793.55751
G1 X77.161 Y136.88 E793.58751
G1 X77.077 Y136.378 E793.60867
G1 X77.122 Y135.823 E793.63182
M204 S5000
M205 X30 Y30
G0 F7200 X77.203 Y135.64
G0 X76.564 Y135.358
G0 X77.598 Y134.08
G0 X78.905 Y133.642
G0 X80.353 Y133.983
G0 X86.999 Y138.066
G0 X87.639 Y137.785
M204 S3000
M205 X20 Y20
G1 F2040 X87.575 Y137.256 E793.65397
G1 X87.577 Y137.191 E793.65668
G1 X87.661 Y136.69 E793.6778
G1 X88 Y136.045 E793.70809
G1 X88.383 Y135.674 E793.73026
G1 X88.824 Y135.428 E793.75125
G1 X89.321 Y135.298 E793.77261
G1 X89.844 Y135.3 E793.79436
G1 X90.315 Y135.424 E793.8146
G1 X90.773 Y135.677 E793.83636
G1 X91.14 Y136.033 E793.85762
G1 X91.417 Y136.485 E793.87966
G1 X91.582 Y137.204 E793.91032
G1 X91.512 Y137.785 E793.93465
G1 X91.225 Y138.433 E793.96412
G1 X90.682 Y138.959 E793.99555
G1 F2015.8 X90.175 Y139.2 E794.01917
G1 F1783.2 X89.74 Y139.344 E794.04096
G1 F1700 X89.229 Y139.325 E794.06647
G1 F1847.8 X88.473 Y138.964 E794.10493
G1 F1939.2 X87.926 Y138.433 E794.13827
G1 F2007.9 X87.639 Y137.785 E794.16821
M204 S5000
M205 X30 Y30
G0 F7200 X87.615 Y137.587
G0 X86.911 Y137.654
G0 X81.999 Y124.566
G0 X82.639 Y124.285
M204 S3000
M205 X20 Y20
G1 F2040 X82.575 Y123.756 E794.19036
G1 X82.656 Y123.196 E794.21388
G1 X82.996 Y122.544 E794.24446
G1 X83.403 Y122.161 E794.26769
G1 X83.826 Y121.927 E794.28779
G1 X84.321 Y121.798 E794.30906
G1 X84.853 Y121.802 E794.33117
G1 X85.324 Y121.927 E794.35143
G1 X85.788 Y122.189 E794.37359
G1 X86.133 Y122.525 E794.39361
G1 X86.416 Y122.985 E794.41606
G1 X86.581 Y123.701 E794.44661
G1 X86.527 Y124.251 E794.46959
G1 X86.223 Y124.934 E794.50067
G1 X85.678 Y125.458 E794.5321
G1 X85.174 Y125.694 E794.55524
G1 X84.713 Y125.782 E794.57475
G1 X84.175 Y125.748 E794.59716
G1 X83.474 Y125.465 E794.62859
G1 X82.931 Y124.933 E794.6602
G1 X82.639 Y124.285 E794.68975
M204 S5000
M205 X30 Y30
G0 F7200 X82.615 Y124.087
G0 X81.911 Y124.154
G0 X82.043 Y122.994
G0 X92.805 Y109.411
G0 X93.577 Y109.411
M204 S3000
M205 X20 Y20
G1 F2040 X93.505 Y109.297 E794.69535
G1 X93.505 Y103.523 E794.93541
G1 X84.919 Y98.013 E795.35956
G1 X84.315 Y97.747 E795.38699
G1 X83.605 Y97.56 E795.41752
G1 X82.734 Y97.537 E795.45374
G1 X81.872 Y97.72 E795.49038
G1 X81.208 Y98.034 E795.52092
G1 X80.729 Y98.362 E795.54505
G1 X80.301 Y98.764 E795.56947
G1 X79.943 Y99.227 E795.5938
G1 X79.661 Y99.737 E795.61803
G1 X79.463 Y100.283 E795.64217
G1 X79.349 Y100.87 E795.66703
G1 X75.351 Y135.847 E797.13068
G1 X75.329 Y136.433 E797.15506
G1 X75.412 Y137.149 E797.18502
G1 X75.656 Y137.819 E797.21467
G1 X76 Y138.451 E797.24459
G1 X76.571 Y139.094 E797.28034
G1 X77.16 Y139.507 E797.31025
G1 X77.802 Y139.824 E797.34001
G1 X78.511 Y139.991 E797.3703
G1 X78.881 Y140.034 E797.38578
G1 X88.322 Y140.033 E797.77829
G1 F1888.9 X88.983 Y139.994 E797.80803
G1 F1672.1 X89.191 Y139.963 E797.81869
G1 F1606.3 X89.806 Y139.969 E797.85117
G1 F1783.2 X90.254 Y140.028 E797.87266
G1 F1992.2 X90.857 Y140.028 E797.89833
G1 X91.46 Y140.028 E797.924
G1 X92.063 Y140.028 E797.94967
G1 X92.666 Y140.028 E797.97534
G1 F1996.1 X93.269 Y140.028 E798.00096
G1 X93.872 Y140.028 E798.02659
G1 X94.475 Y140.028 E798.05221
G1 X95.078 Y140.028 E798.07783
G1 F2000 X95.681 Y140.029 E798.1034
G1 X96.284 Y140.029 E798.12897
G1 X96.887 Y140.029 E798.15454
G1 F2003.9 X97.49 Y140.029 E798.18006
G1 X98.093 Y140.029 E798.20558
G1 X98.696 Y140.029 E798.23111
G1 X99.299 Y140.029 E798.25663
G1 F2007.9 X99.902 Y140.029 E798.2821
G1 X100.505 Y140.03 E798.30757
G1 X101.108 Y140.03 E798.33304
G1 X101.711 Y140.03 E798.35851
G1 F2011.8 X102.314 Y140.03 E798.38393
G1 X102.917 Y140.03 E798.40935
G1 X103.52 Y140.03 E798.43477
G1 X104.123 Y140.03 E798.46019
G1 F2015.8 X104.726 Y140.03 E798.48556
G1 X105.329 Y140.031 E798.51094
G1 X105.932 Y140.031 E798.53631
G1 F2019.8 X106.535 Y140.031 E798.56163
G1 X107.138 Y140.031 E798.58695
G1 X107.741 Y140.031 E798.61227
G1 X108.344 Y140.031 E798.63759
G1 F2023.8 X108.947 Y140.031 E798.66286
G1 X109.55 Y140.031 E798.68813
G1 X110.153 Y140.032 E798.7134
G1 X110.756 Y140.032 E798.73867
G1 F2027.8 X111.359 Y140.032 E798.76389
G1 X111.962 Y140.032 E798.78911
G1 X112.565 Y140.032 E798.81433
G1 X113.168 Y140.032 E798.83955
G1 F2031.9 X113.771 Y140.032 E798.86472
G1 X114.374 Y140.032 E798.88989
G1 X114.977 Y140.033 E798.91506
G1 F2035.9 X115.58 Y140.033 E798.94018
G1 X116.183 Y140.033 E798.9653
G1 X116.786 Y140.033 E798.99042
G1 X117.389 Y140.033 E799.01554
G1 F2040 X117.992 Y140.033 E799.04061
G1 X118.595 Y140.033 E799.06568
G1 X119.198 Y140.033 E799.09075
G1 X119.801 Y140.033 E799.11582
G1 X119.825 Y129.927 E799.53598
G1 F1758.6 X119.745 Y129.425 E799.5605
G1 F1550.2 X119.747 Y128.867 E799.59103
G1 F1540.8 X119.741 Y128.693 E799.60061
G1 F1734.7 X119.825 Y128.201 E799.62501
G1 F2011.8 X119.825 Y127.228 E799.66603
G1 F2015.8 X119.825 Y126.255 E799.70697
G1 F2019.8 X119.825 Y125.282 E799.74783
G1 F2023.8 X119.825 Y124.309 E799.7886
G1 F2027.8 X119.825 Y123.336 E799.8293
G1 F2031.9 X119.825 Y122.363 E799.86991
G1 F2035.9 X119.825 Y121.39 E799.91045
G1 F2040 X119.825 Y120.417 E799.9509
G1 X102.789 Y109.484 E800.79248
G1 X93.734 Y109.484 E801.16894
G1 X93.577 Y109.411 E801.17614
M204 S5000
M205 X30 Y30
G0 F7200 X93.505 Y109.297
G0 X93.505 Y109.231
G0 X92.805 Y109.231
G0 X82.043 Y103.676
G0 X80.969 Y102.806
G0 X80.494 Y101.42
G0 X81.196 Y100.755
M204 S3000
M205 X20 Y20
G1 F2040 X81.382 Y100.309 E801.19623
G1 X81.718 Y99.881 E801.21886
G1 X82.114 Y99.583 E801.23946
G1 X82.579 Y99.396 E801.2603
G1 X83.108 Y99.333 E801.28245
G1 X83.589 Y99.398 E801.30263
G1 X84.235 Y99.713 E801.33251
G1 X84.456 Y99.902 E801.3446
G1 X84.749 Y100.278 E801.36441
G1 X84.97 Y100.791 E801.38764
G1 X85.015 Y101.482 E801.41643
G1 X84.89 Y101.999 E801.43854
G1 X84.626 Y102.472 E801.46106
G1 X84.261 Y102.837 E801.48252
G1 X83.813 Y103.092 E801.50395
G1 X83.334 Y103.22 E801.52457
G1 X82.788 Y103.214 E801.54727
G1 X82.274 Y103.063 E801.56954
G1 X81.747 Y102.708 E801.59596
G1 X81.506 Y102.448 E801.6107
G1 X81.207 Y101.844 E801.63872
G1 X81.125 Y101.317 E801.66089
G1 X81.125 Y101.251 E801.66363
G1 X81.196 Y100.755 E801.68447
M204 S5000
M205 X30 Y30
G0 F7200 X81.273 Y100.571
G0 X80.628 Y100.303
G0 X80.571 Y101.995
G0 X81.151 Y103.013
G0 X114.438 Y129.275
G0 X115.125 Y129.139
M204 S3000
M205 X20 Y20
G1 F2040 X115.121 Y129.068 E801.68742
G1 X115.263 Y128.352 E801.71777
G1 X115.541 Y127.878 E801.74062
G1 X116.083 Y127.406 E801.7705
G1 X116.563 Y127.204 E801.79215
G1 X117.042 Y127.139 E801.81224
G1 X117.552 Y127.197 E801.83358
G1 X118.066 Y127.401 E801.85658
G1 X118.621 Y127.885 E801.88719
G1 F2007.9 X118.896 Y128.369 E801.91071
G1 F1728.8 X119.091 Y128.794 E801.93365
G1 F1540.8 X119.089 Y129.368 E801.96524
G1 F1758.6 X118.865 Y129.864 E801.99149
G1 F2040 X118.645 Y130.248 E802.00989
G1 X118.263 Y130.643 E802.03273
G1 X117.791 Y130.904 E802.05516
G1 X117.363 Y131.019 E802.07358
G1 X116.82 Y131.028 E802.09616
G1 X116.359 Y130.904 E802.11601
G1 X115.886 Y130.642 E802.13849
G1 X115.523 Y130.274 E802.15998
G1 X115.26 Y129.808 E802.18223
G1 X115.125 Y129.139 E802.2106
M204 S5000
M205 X30 Y30
G0 F7200 X115.121 Y129.068
G0 X115.146 Y128.942
G0 X114.459 Y128.804
G0 X92.877 Y110.112
G0 X92.695 Y109.855
M204 S3000
M205 X20 Y20
;TYPE:SKIN
G1 F1500 X92.533 Y109.339 E802.23309
G1 X92.53 Y104.056 E802.45273
G1 X85.621 Y99.623 E802.79401
G1 X85.488 Y99.581 E802.79981
G1 X85.87 Y100.418 E802.83806
G1 X85.946 Y100.766 E802.85287
G1 X85.989 Y101.413 E802.87983
G1 X85.946 Y101.834 E802.89742
G1 X85.725 Y102.523 E802.92751
G1 X85.395 Y103.08 E802.95442
G1 X84.827 Y103.638 E802.98753
G1 X84.188 Y103.999 E803.01804
G1 X83.474 Y104.187 E803.04874
G1 X82.83 Y104.197 E803.07551
G1 X82.113 Y104.044 E803.10599
G1 X81.727 Y103.871 E803.12358
G1 X81.037 Y103.406 E803.15817
G1 X80.614 Y102.848 E803.18729
G1 X80.319 Y102.242 E803.21531
G1 X80.215 Y101.923 E803.22926
G1 X76.459 Y134.746 E804.60278
G1 X76.47 Y134.836 E804.60655
G1 X76.756 Y134.431 E804.62717
G1 X77.287 Y133.914 E804.65798
G1 X77.588 Y133.709 E804.67312
G1 X78.268 Y133.42 E804.70384
G1 X79.023 Y133.309 E804.73556
G1 X79.793 Y133.398 E804.76779
G1 X80.491 Y133.674 E804.799
G1 X80.816 Y133.864 E804.81465
G1 X81.461 Y134.499 E804.85228
G1 X81.589 Y134.688 E804.86177
G1 X81.98 Y135.554 E804.90127
G1 X82.066 Y136.43 E804.93787
G1 X81.88 Y137.256 E804.97307
G1 X81.727 Y137.63 E804.98987
G1 X81.309 Y138.251 E805.02099
G1 X80.743 Y138.75 E805.05236
G1 X80.125 Y139.058 E805.08107
G1 X87.201 Y139.058 E805.37525
G1 X87.034 Y138.821 E805.38731
G1 X86.747 Y138.18 E805.41651
G1 X86.655 Y137.845 E805.43095
G1 X86.605 Y137.091 E805.46237
G1 X86.721 Y136.382 E805.49224
G1 X87.214 Y135.444 E805.53629
G1 X87.774 Y134.906 E805.56858
G1 X88.468 Y134.506 E805.60188
G1 X89.196 Y134.331 E805.63301
G1 X89.933 Y134.322 E805.66365
G1 X90.662 Y134.505 E805.6949
G1 X91.349 Y134.879 E805.72742
G1 X91.928 Y135.44 E805.76094
G1 X92.339 Y136.154 E805.79519
G1 X92.522 Y136.936 E805.82858
G1 X92.549 Y137.294 E805.84351
G1 X92.496 Y137.845 E805.86652
G1 X92.404 Y138.18 E805.88096
G1 X92.117 Y138.821 E805.91016
G1 X91.95 Y139.058 E805.92222
G1 X118.85 Y139.059 E807.04059
G1 X118.85 Y131.396 E807.35918
G1 X118.288 Y131.747 E807.38673
G1 X117.589 Y131.966 E807.41718
G1 X117.281 Y132.002 E807.43007
G1 X116.546 Y131.966 E807.46067
G1 X115.831 Y131.738 E807.49187
G1 X115.254 Y131.39 E807.51988
G1 X114.755 Y130.873 E807.54976
G1 X114.346 Y130.196 E807.58264
G1 X114.147 Y129.22 E807.62405
G1 X114.15 Y128.952 E807.63519
G1 X114.339 Y127.998 E807.67563
G1 X114.786 Y127.239 E807.71225
G1 X115.565 Y126.563 E807.75513
G1 X116.3 Y126.264 E807.78812
G1 X116.941 Y126.168 E807.81507
G1 X117.702 Y126.231 E807.84681
G1 X118.399 Y126.483 E807.87763
G1 X118.85 Y126.79 E807.90031
G1 X118.85 Y120.954 E808.14294
G1 X102.502 Y110.46 E808.95059
G1 X93.592 Y110.459 E809.32103
G1 X93.227 Y110.341 E809.33698
G1 X92.908 Y110.121 E809.35309
G1 X92.695 Y109.855 E809.36726
M204 S5000
M205 X30 Y30
G0 F7200 X82.478 Y122.161
G0 X81.592 Y123.723
M204 S3000
M205 X20 Y20
G1 F1500 X81.594 Y123.669 E809.3695
G1 X81.684 Y123.086 E809.39403
G1 X81.796 Y122.741 E809.40911
G1 X82.131 Y122.099 E809.43921
G1 X82.357 Y121.806 E809.4546
G1 X82.907 Y121.321 E809.48509
G1 X83.492 Y121.012 E809.51259
G1 X84.19 Y120.822 E809.54267
G1 X84.965 Y120.827 E809.57489
G1 X85.679 Y121.007 E809.6055
G1 X86.336 Y121.372 E809.63675
G1 X86.904 Y121.906 E809.66916
G1 X87.33 Y122.626 E809.70394
G1 X87.537 Y123.513 E809.74181
G1 X87.553 Y123.742 E809.75135
G1 X87.479 Y124.506 E809.78327
G1 X87.098 Y125.366 E809.82237
G1 X86.927 Y125.609 E809.83473
G1 X86.352 Y126.167 E809.86804
G1 X86.086 Y126.347 E809.88139
G1 X85.462 Y126.633 E809.90993
G1 X84.81 Y126.754 E809.9375
G1 X83.979 Y126.718 E809.97208
G1 X82.936 Y126.304 E810.01873
G1 X82.109 Y125.5 E810.06669
G1 X81.747 Y124.679 E810.10399
G1 X81.648 Y124.303 E810.12016
G1 X81.592 Y123.723 E810.14438
M204 S5000
M205 X30 Y30
G0 F7200 X80.599 Y103.248
M204 S3000
M205 X20 Y20
G1 F1500 X80.273 Y103.574 E810.16355
M204 S5000
M205 X30 Y30
G0 F7200 X80.924 Y103.63
M204 S3000
M205 X20 Y20
G1 F1500 X80.182 Y104.372 E810.20718
M204 S5000
M205 X30 Y30
G0 F7200 X80.091 Y105.17
M204 S3000
M205 X20 Y20
G1 F1500 X81.346 Y103.914 E810.281
M204 S5000
M205 X30 Y30
G0 F7200 X81.794 Y104.174
M204 S3000
M205 X20 Y20
G1 F1500 X79.999 Y105.969 E810.38653
M204 S5000
M205 X30 Y30
G0 F7200 X79.908 Y106.767
M204 S3000
M205 X20 Y20
G1 F1500 X82.33 Y104.345 E810.52894
M204 S5000
M205 X30 Y30
G0 F7200 X82.938 Y104.444
M204 S3000
M205 X20 Y20
G1 F1500 X79.817 Y107.565 E810.71244
M204 S5000
M205 X30 Y30
G0 F7200 X79.726 Y108.364
M204 S3000
M205 X20 Y20
G1 F1500 X83.705 Y104.384 E810.94642
G1 X83.793 Y104.296
M204 S5000
M205 X30 Y30
G0 F7200 X84.938 Y103.859
M204 S3000
M205 X20 Y20
G1 F1500 X79.635 Y109.162 E811.25822
M204 S5000
M205 X30 Y30
G0 F7200 X79.543 Y109.96
M204 S3000
M205 X20 Y20
G1 F1500 X88.036 Y101.467 E811.75757
M204 S5000
M205 X30 Y30
G0 F7200 X87.606 Y101.191
M204 S3000
M205 X20 Y20
G1 F1500 X85.638 Y103.159 E811.87328
G1 X85.55 Y103.247
M204 S5000
M205 X30 Y30
G0 F7200 X86.185 Y101.905
M204 S3000
M205 X20 Y20
G1 F1500 X87.175 Y100.914 E811.93152
M204 S5000
M205 X30 Y30
G0 F7200 X86.745 Y100.638
M204 S3000
M205 X20 Y20
G1 F1500 X86.223 Y101.16 E811.96221
M204 S5000
M205 X30 Y30
G0 F7200 X86.139 Y100.537
M204 S3000
M205 X20 Y20
G1 F1500 X86.314 Y100.361 E811.97253
M204 S5000
M205 X30 Y30
G0 F7200 X88.467 Y101.744
M204 S3000
M205 X20 Y20
G1 F1500 X79.452 Y110.759 E812.50258
M204 S5000
M205 X30 Y30
G0 F7200 X79.361 Y111.557
M204 S3000
M205 X20 Y20
G1 F1500 X88.898 Y102.02 E813.06332
M204 S5000
M205 X30 Y30
G0 F7200 X89.328 Y102.297
M204 S3000
M205 X20 Y20
G1 F1500 X79.27 Y112.355 E813.65469
M204 S5000
M205 X30 Y30
G0 F7200 X79.178 Y113.154
M204 S3000
M205 X20 Y20
G1 F1500 X89.759 Y102.573 E814.27681
M204 S5000
M205 X30 Y30
G0 F7200 X90.19 Y102.85
M204 S3000
M205 X20 Y20
G1 F1500 X79.087 Y113.952 E814.9296
M204 S5000
M205 X30 Y30
G0 F7200 X78.996 Y114.75
M204 S3000
M205 X20 Y20
G1 F1500 X90.62 Y103.126 E815.61304
M204 S5000
M205 X30 Y30
G0 F7200 X91.051 Y103.403
M204 S3000
M205 X20 Y20
G1 F1500 X78.905 Y115.549 E816.32718
M204 S5000
M205 X30 Y30
G0 F7200 X78.814 Y116.347
M204 S3000
M205 X20 Y20
G1 F1500 X91.481 Y103.679 E817.07198
M204 S5000
M205 X30 Y30
G0 F7200 X91.912 Y103.956
M204 S3000
M205 X20 Y20
G1 F1500 X78.722 Y117.145 E817.84747
M204 S5000
M205 X30 Y30
G0 F7200 X78.631 Y117.943
M204 S3000
M205 X20 Y20
G1 F1500 X92.28 Y104.295 E818.64995
M204 S5000
M205 X30 Y30
G0 F7200 X92.28 Y105.002
M204 S3000
M205 X20 Y20
G1 F1500 X78.54 Y118.742 E819.45781
M204 S5000
M205 X30 Y30
G0 F7200 X78.449 Y119.54
M204 S3000
M205 X20 Y20
G1 F1500 X92.28 Y105.708 E820.27105
M204 S5000
M205 X30 Y30
G0 F7200 X92.281 Y106.415
M204 S3000
M205 X20 Y20
G1 F1500 X78.358 Y120.338 E821.08967
M204 S5000
M205 X30 Y30
G0 F7200 X78.266 Y121.137
M204 S3000
M205 X20 Y20
G1 F1500 X92.281 Y107.122 E821.9137
M204 S5000
M205 X30 Y30
G0 F7200 X92.282 Y107.828
M204 S3000
M205 X20 Y20
G1 F1500 X78.175 Y121.935 E822.74314
M204 S5000
M205 X30 Y30
G0 F7200 X78.084 Y122.733
M204 S3000
M205 X20 Y20
G1 F1500 X92.283 Y108.535 E823.57795
M204 S5000
M205 X30 Y30
G0 F7200 X92.283 Y109.242
M204 S3000
M205 X20 Y20
G1 F1500 X77.993 Y123.532 E824.41815
M204 S5000
M205 X30 Y30
G0 F7200 X77.901 Y124.33
M204 S3000
M205 X20 Y20
G1 F1500 X92.417 Y109.815 E825.27161
M204 S5000
M205 X30 Y30
G0 F7200 X92.688 Y110.251
M204 S3000
M205 X20 Y20
G1 F1500 X77.81 Y125.128 E826.14635
M204 S5000
M205 X30 Y30
G0 F7200 X77.719 Y125.927
M204 S3000
M205 X20 Y20
G1 F1500 X93.099 Y110.546 E827.05066
M204 S5000
M205 X30 Y30
G0 F7200 X93.646 Y110.707
M204 S3000
M205 X20 Y20
G1 F1500 X83.641 Y120.712 E827.63892
M204 S5000
M205 X30 Y30
G0 F7200 X84.485 Y120.575
M204 S3000
M205 X20 Y20
G1 F1500 X94.353 Y110.707 E828.21912
M204 S5000
M205 X30 Y30
G0 F7200 X95.06 Y110.707
M204 S3000
M205 X20 Y20
G1 F1500 X85.154 Y120.614 E828.80158
M204 S5000
M205 X30 Y30
G0 F7200 X85.714 Y120.761
M204 S3000
M205 X20 Y20
G1 F1500 X95.767 Y110.707 E829.39269
M204 S5000
M205 X30 Y30
G0 F7200 X96.474 Y110.707
M204 S3000
M205 X20 Y20
G1 F1500 X86.179 Y121.002 E829.998
M204 S5000
M205 X30 Y30
G0 F7200 X86.603 Y121.285
M204 S3000
M205 X20 Y20
G1 F1500 X97.181 Y110.708 E830.61991
M204 S5000
M205 X30 Y30
G0 F7200 X97.888 Y110.708
M204 S3000
M205 X20 Y20
G1 F1500 X86.969 Y121.626 E831.26188
M204 S5000
M205 X30 Y30
G0 F7200 X87.271 Y122.031
M204 S3000
M205 X20 Y20
G1 F1500 X98.595 Y110.708 E831.92766
M204 S5000
M205 X30 Y30
G0 F7200 X99.302 Y110.708
M204 S3000
M205 X20 Y20
G1 F1500 X87.536 Y122.474 E832.61945
M204 S5000
M205 X30 Y30
G0 F7200 X87.683 Y123.034
M204 S3000
M205 X20 Y20
G1 F1500 X100.008 Y110.708 E833.34414
M204 S5000
M205 X30 Y30
G0 F7200 X100.716 Y110.708
M204 S3000
M205 X20 Y20
G1 F1500 X87.794 Y123.63 E834.10391
M204 S5000
M205 X30 Y30
G0 F7200 X87.741 Y124.39
M204 S3000
M205 X20 Y20
G1 F1500 X101.423 Y110.708 E834.90836
M204 S5000
M205 X30 Y30
G0 F7200 X102.13 Y110.708
M204 S3000
M205 X20 Y20
G1 F1500 X87.24 Y125.598 E835.78383
G1 X87.152 Y125.686
M204 S5000
M205 X30 Y30
G0 F7200 X86.406 Y126.432
M204 S3000
M205 X20 Y20
G1 F1500 X79.707 Y133.131 E836.17771
M204 S5000
M205 X30 Y30
G0 F7200 X80.237 Y133.308
M204 S3000
M205 X20 Y20
G1 F1500 X102.677 Y110.868 E837.49709
M204 S5000
M205 X30 Y30
G0 F7200 X103.108 Y111.145
M204 S3000
M205 X20 Y20
G1 F1500 X80.731 Y133.522 E838.81278
M204 S5000
M205 X30 Y30
G0 F7200 X81.131 Y133.829
M204 S3000
M205 X20 Y20
G1 F1500 X103.538 Y111.421 E840.13025
M204 S5000
M205 X30 Y30
G0 F7200 X103.969 Y111.698
M204 S3000
M205 X20 Y20
G1 F1500 X81.488 Y134.179 E841.45205
M204 S5000
M205 X30 Y30
G0 F7200 X81.806 Y134.568
M204 S3000
M205 X20 Y20
G1 F1500 X104.4 Y111.974 E842.78049
M204 S5000
M205 X30 Y30
G0 F7200 X104.83 Y112.251
M204 S3000
M205 X20 Y20
G1 F1500 X82.027 Y135.053 E844.12119
M204 S5000
M205 X30 Y30
G0 F7200 X82.232 Y135.556
M204 S3000
M205 X20 Y20
G1 F1500 X105.261 Y112.527 E845.47521
M204 S5000
M205 X30 Y30
G0 F7200 X105.691 Y112.804
M204 S3000
M205 X20 Y20
G1 F1500 X82.295 Y136.2 E846.8508
M204 S5000
M205 X30 Y30
G0 F7200 X82.189 Y137.013
M204 S3000
M205 X20 Y20
G1 F1500 X106.123 Y113.079 E848.25803
M204 S5000
M205 X30 Y30
G0 F7200 X106.553 Y113.356
M204 S3000
M205 X20 Y20
G1 F1500 X81.506 Y138.404 E849.73072
G1 X81.462 Y138.447
G1 X81.103 Y138.806 E849.75183
M204 S5000
M205 X30 Y30
G0 F7200 X81.81 Y138.806
M204 S3000
M205 X20 Y20
G1 F1500 X106.984 Y113.632 E851.23197
M204 S5000
M205 X30 Y30
G0 F7200 X107.415 Y113.909
M204 S3000
M205 X20 Y20
G1 F1500 X82.517 Y138.806 E852.69584
M204 S5000
M205 X30 Y30
G0 F7200 X83.225 Y138.806
M204 S3000
M205 X20 Y20
G1 F1500 X107.845 Y114.185 E854.14344
M204 S5000
M205 X30 Y30
G0 F7200 X108.276 Y114.462
M204 S3000
M205 X20 Y20
G1 F1500 X88.496 Y134.242 E855.30642
M204 S5000
M205 X30 Y30
G0 F7200 X89.364 Y134.08
M204 S3000
M205 X20 Y20
G1 F1500 X108.707 Y114.738 E856.44369
M204 S5000
M205 X30 Y30
G0 F7200 X109.137 Y115.015
M204 S3000
M205 X20 Y20
G1 F1500 X90.055 Y134.097 E857.56564
M204 S5000
M205 X30 Y30
G0 F7200 X90.621 Y134.238
M204 S3000
M205 X20 Y20
G1 F1500 X109.568 Y115.291 E858.67965
M204 S5000
M205 X30 Y30
G0 F7200 X109.998 Y115.568
M204 S3000
M205 X20 Y20
G1 F1500 X91.106 Y134.46 E859.79043
M204 S5000
M205 X30 Y30
G0 F7200 X91.548 Y134.725
M204 S3000
M205 X20 Y20
G1 F1500 X110.429 Y115.844 E860.90056
M204 S5000
M205 X30 Y30
G0 F7200 X110.86 Y116.121
M204 S3000
M205 X20 Y20
G1 F1500 X91.91 Y135.07 E862.01471
M204 S5000
M205 X30 Y30
G0 F7200 X92.227 Y135.46
M204 S3000
M205 X20 Y20
G1 F1500 X111.29 Y116.397 E863.13555
M204 S5000
M205 X30 Y30
G0 F7200 X111.721 Y116.674
M204 S3000
M205 X20 Y20
G1 F1500 X92.486 Y135.909 E864.26649
M204 S5000
M205 X30 Y30
G0 F7200 X92.664 Y136.437
M204 S3000
M205 X20 Y20
G1 F1500 X112.152 Y116.95 E865.41228
M204 S5000
M205 X30 Y30
G0 F7200 X112.582 Y117.226
M204 S3000
M205 X20 Y20
G1 F1500 X92.778 Y137.03 E866.57668
M204 S5000
M205 X30 Y30
G0 F7200 X92.757 Y137.759
M204 S3000
M205 X20 Y20
G1 F1500 X113.013 Y117.503 E867.76765
M204 S5000
M205 X30 Y30
G0 F7200 X113.443 Y117.779
M204 S3000
M205 X20 Y20
G1 F1500 X92.416 Y138.807 E869.00399
M204 S5000
M205 X30 Y30
G0 F7200 X93.123 Y138.807
M204 S3000
M205 X20 Y20
G1 F1500 X113.874 Y118.056 E870.22407
M204 S5000
M205 X30 Y30
G0 F7200 X114.305 Y118.332
M204 S3000
M205 X20 Y20
G1 F1500 X93.83 Y138.807 E871.42792
M204 S5000
M205 X30 Y30
G0 F7200 X94.537 Y138.807
M204 S3000
M205 X20 Y20
G1 F1500 X114.735 Y118.609 E872.61549
M204 S5000
M205 X30 Y30
G0 F7200 X115.166 Y118.885
M204 S3000
M205 X20 Y20
G1 F1500 X95.244 Y138.807 E873.78682
M204 S5000
M205 X30 Y30
G0 F7200 X95.951 Y138.807
M204 S3000
M205 X20 Y20
G1 F1500 X115.597 Y119.162 E874.9419
M204 S5000
M205 X30 Y30
G0 F7200 X116.027 Y119.438
M204 S3000
M205 X20 Y20
G1 F1500 X96.658 Y138.807 E876.08073
M204 S5000
M205 X30 Y30
G0 F7200 X97.365 Y138.807
M204 S3000
M205 X20 Y20
G1 F1500 X116.458 Y119.715 E877.20329
M204 S5000
M205 X30 Y30
G0 F7200 X116.888 Y119.991
M204 S3000
M205 X20 Y20
G1 F1500 X98.072 Y138.807 E878.3096
M204 S5000
M205 X30 Y30
G0 F7200 X98.779 Y138.807
M204 S3000
M205 X20 Y20
G1 F1500 X117.319 Y120.268 E879.39965
M204 S5000
M205 X30 Y30
G0 F7200 X117.75 Y120.544
M204 S3000
M205 X20 Y20
G1 F1500 X99.487 Y138.807 E880.47345
M204 S5000
M205 X30 Y30
G0 F7200 X100.194 Y138.807
M204 S3000
M205 X20 Y20
G1 F1500 X118.18 Y120.821 E881.53096
M204 S5000
M205 X30 Y30
G0 F7200 X118.6 Y121.109
M204 S3000
M205 X20 Y20
G1 F1500 X100.901 Y138.807 E882.57156
M204 S5000
M205 X30 Y30
G0 F7200 X101.608 Y138.807
M204 S3000
M205 X20 Y20
G1 F1500 X118.6 Y121.816 E883.57059
M204 S5000
M205 X30 Y30
G0 F7200 X118.6 Y122.523
M204 S3000
M205 X20 Y20
G1 F1500 X102.315 Y138.807 E884.52806
M204 S5000
M205 X30 Y30
G0 F7200 X103.022 Y138.807
M204 S3000
M205 X20 Y20
G1 F1500 X114.359 Y127.47 E885.19463
G1 X114.447 Y127.382
M204 S5000
M205 X30 Y30
G0 F7200 X113.97 Y128.567
M204 S3000
M205 X20 Y20
G1 F1500 X103.729 Y138.807 E885.79673
M204 S5000
M205 X30 Y30
G0 F7200 X104.436 Y138.807
M204 S3000
M205 X20 Y20
G1 F1500 X113.913 Y129.331 E886.35392
M204 S5000
M205 X30 Y30
G0 F7200 X114.032 Y129.918
M204 S3000
M205 X20 Y20
G1 F1500 X105.143 Y138.807 E886.87656
M204 S5000
M205 X30 Y30
G0 F7200 X105.851 Y138.807
M204 S3000
M205 X20 Y20
G1 F1500 X114.21 Y130.448 E887.36803
M204 S5000
M205 X30 Y30
G0 F7200 X114.474 Y130.891
M204 S3000
M205 X20 Y20
G1 F1500 X106.558 Y138.807 E887.83346
M204 S5000
M205 X30 Y30
G0 F7200 X107.265 Y138.807
M204 S3000
M205 X20 Y20
G1 F1500 X114.798 Y131.275 E888.27635
M204 S5000
M205 X30 Y30
G0 F7200 X115.158 Y131.621
M204 S3000
M205 X20 Y20
G1 F1500 X107.972 Y138.807 E888.69885
M204 S5000
M205 X30 Y30
G0 F7200 X108.679 Y138.807
M204 S3000
M205 X20 Y20
G1 F1500 X115.599 Y131.888 E889.1057
M204 S5000
M205 X30 Y30
G0 F7200 X116.106 Y132.087
M204 S3000
M205 X20 Y20
G1 F1500 X109.386 Y138.807 E889.50081
M204 S5000
M205 X30 Y30
G0 F7200 X110.093 Y138.807
M204 S3000
M205 X20 Y20
G1 F1500 X116.678 Y132.222 E889.88798
M204 S5000
M205 X30 Y30
G0 F7200 X117.368 Y132.24
M204 S3000
M205 X20 Y20
G1 F1500 X110.8 Y138.807 E890.27412
M204 S5000
M205 X30 Y30
G0 F7200 X111.507 Y138.807
M204 S3000
M205 X20 Y20
G1 F1500 X118.316 Y131.999 E890.67444
M204 S5000
M205 X30 Y30
G0 F7200 X118.6 Y132.422
M204 S3000
M205 X20 Y20
G1 F1500 X112.215 Y138.807 E891.04985
M204 S5000
M205 X30 Y30
G0 F7200 X112.922 Y138.807
M204 S3000
M205 X20 Y20
G1 F1500 X118.6 Y133.129 E891.38369
M204 S5000
M205 X30 Y30
G0 F7200 X118.6 Y133.836
M204 S3000
M205 X20 Y20
G1 F1500 X113.629 Y138.807 E891.67597
M204 S5000
M205 X30 Y30
G0 F7200 X114.336 Y138.807
M204 S3000
M205 X20 Y20
G1 F1500 X118.6 Y134.544 E891.92665
M204 S5000
M205 X30 Y30
G0 F7200 X118.6 Y135.251
M204 S3000
M205 X20 Y20
G1 F1500 X115.043 Y138.807 E892.13576
M204 S5000
M205 X30 Y30
G0 F7200 X115.75 Y138.807
M204 S3000
M205 X20 Y20
G1 F1500 X118.6 Y135.958 E892.3033
M204 S5000
M205 X30 Y30
G0 F7200 X118.6 Y136.665
M204 S3000
M205 X20 Y20
G1 F1500 X116.457 Y138.807 E892.42927
M204 S5000
M205 X30 Y30
G0 F7200 X117.164 Y138.807
M204 S3000
M205 X20 Y20
G1 F1500 X118.6 Y137.372 E892.51367
M204 S5000
M205 X30 Y30
G0 F7200 X118.6 Y138.079
M204 S3000
M205 X20 Y20
G1 F1500 X117.871 Y138.807 E892.5565
G1 X117.783 Y138.895
M204 S5000
M205 X30 Y30
G0 F7200 X114.656 Y130.051
G0 X114.656 Y128.128
G0 X115.74 Y126.853
G0 X118.43 Y126.228
M204 S3000
M205 X20 Y20
G1 F1500 X118.6 Y126.058 E892.5665
M204 S5000
M205 X30 Y30
G0 F7200 X117.911 Y126.04
M204 S3000
M205 X20 Y20
G1 F1500 X118.6 Y125.351 E892.60701
M204 S5000
M205 X30 Y30
G0 F7200 X118.6 Y124.644
M204 S3000
M205 X20 Y20
G1 F1500 X117.298 Y125.946 E892.68356
M204 S5000
M205 X30 Y30
G0 F7200 X116.565 Y125.972
M204 S3000
M205 X20 Y20
G1 F1500 X118.6 Y123.937 E892.80321
M204 S5000
M205 X30 Y30
G0 F7200 X118.6 Y123.23
M204 S3000
M205 X20 Y20
G1 F1500 X115.524 Y126.305 E892.98404
G1 X115.436 Y126.393
M204 S5000
M205 X30 Y30
G0 F7200 X85.195 Y126.936
M204 S3000
M205 X20 Y20
G1 F1500 X79.07 Y133.061 E893.34416
M204 S5000
M205 X30 Y30
G0 F7200 X78.256 Y133.168
M204 S3000
M205 X20 Y20
G1 F1500 X84.437 Y126.987 E893.70758
M204 S5000
M205 X30 Y30
G0 F7200 X83.799 Y126.917
M204 S3000
M205 X20 Y20
G1 F1500 X76.808 Y133.909 E894.11866
M204 S5000
M205 X30 Y30
G0 F7200 X76.899 Y133.111
M204 S3000
M205 X20 Y20
G1 F1500 X83.296 Y126.714 E894.49478
M204 S5000
M205 X30 Y30
G0 F7200 X82.793 Y126.509
M204 S3000
M205 X20 Y20
G1 F1500 X76.99 Y132.313 E894.836
M204 S5000
M205 X30 Y30
G0 F7200 X77.081 Y131.514
M204 S3000
M205 X20 Y20
G1 F1500 X82.434 Y126.161 E895.15073
M204 S5000
M205 X30 Y30
G0 F7200 X82.076 Y125.813
M204 S3000
M205 X20 Y20
G1 F1500 X77.172 Y130.716 E895.43904
M204 S5000
M205 X30 Y30
G0 F7200 X77.264 Y129.918
M204 S3000
M205 X20 Y20
G1 F1500 X81.788 Y125.394 E895.70504
M204 S5000
M205 X30 Y30
G0 F7200 X81.572 Y124.902
M204 S3000
M205 X20 Y20
G1 F1500 X77.355 Y129.119 E895.95298
M204 S5000
M205 X30 Y30
G0 F7200 X77.446 Y128.321
M204 S3000
M205 X20 Y20
G1 F1500 X81.402 Y124.365 E896.18558
M204 S5000
M205 X30 Y30
G0 F7200 X81.339 Y123.721
M204 S3000
M205 X20 Y20
G1 F1500 X77.537 Y127.523 E896.40912
M204 S5000
M205 X30 Y30
G0 F7200 X77.628 Y126.725
M204 S3000
M205 X20 Y20
G1 F1500 X81.497 Y122.856 E896.6366
G1 X81.585 Y122.768
M204 S5000
M205 X30 Y30
G0 F7200 X81.918 Y124.097
G0 X86.528 Y136.209
M204 S3000
M205 X20 Y20
G1 F1500 X83.931 Y138.807 E896.78933
M204 S5000
M205 X30 Y30
G0 F7200 X84.638 Y138.807
M204 S3000
M205 X20 Y20
G1 F1500 X86.354 Y137.091 E896.89022
M204 S5000
M205 X30 Y30
G0 F7200 X86.393 Y137.759
M204 S3000
M205 X20 Y20
G1 F1500 X85.345 Y138.807 E896.95184
M204 S5000
M205 X30 Y30
G0 F7200 X86.052 Y138.807
M204 S3000
M205 X20 Y20
G1 F1500 X86.536 Y138.323 E896.9803
M204 S5000
M205 X30 Y30
G1 F1500 E890.4803
;MESH:Hip Servo Mount L.stl
G0 F7200 X87.803 Y135.903
G0 X88.648 Y135.273
G0 X105.262 Y111.309
G0 X105.863 Y110.371
G0 X113.392 Y108.032
G0 X114.345 Y107.42
G0 X114.354 Y97.97
G1 F1500 E896.9803
G0 F7200 X114.129 Y97.741
M204 S3000
M205 X20 Y20
;TYPE:WALL-INNER
G1 F4020 X114.403 Y97.913 E896.99375
G1 X114.572 Y98.167 E897.00643
G1 X114.625 Y98.396 E897.0162
G1 X114.626 Y107.337 E897.38793
G1 X125.336 Y124.018 E898.21208
G1 X132.77 Y124.018 E898.52115
G1 X132.228 Y123.721 E898.54684
G1 X131.728 Y123.179 E898.5775
G1 X131.433 Y122.615 E898.60396
G1 X131.318 Y122.186 E898.62243
G1 X131.289 Y121.445 E898.65326
G1 X131.507 Y120.743 E898.68382
G1 X131.848 Y120.203 E898.71037
G1 X132.218 Y119.838 E898.73198
G1 X132.779 Y119.5 E898.75921
G1 X133.407 Y119.332 E898.78624
G1 X134.049 Y119.333 E898.81293
G1 X134.672 Y119.496 E898.8397
G1 X135.247 Y119.835 E898.86745
G1 X135.699 Y120.296 E898.8943
G1 X135.998 Y120.83 E898.91974
G1 X136.144 Y121.352 E898.94227
G1 X136.169 Y121.991 E898.96886
G1 X136.029 Y122.615 E898.99545
G1 X135.734 Y123.179 E899.02191
G1 X135.234 Y123.721 E899.05257
G1 X134.692 Y124.018 E899.07826
G1 X144.176 Y124.019 E899.47256
G1 X144.176 Y95.388 E900.6629
G1 X143.708 Y96.016 E900.69546
G1 X143.495 Y96.21 E900.70744
G1 X142.927 Y96.554 E900.73505
G1 X142.706 Y96.644 E900.74497
G1 X142.264 Y96.745 E900.76382
G1 X141.53 Y96.75 E900.79434
G1 X140.904 Y96.554 E900.82161
G1 X140.334 Y96.211 E900.84927
G1 X139.754 Y95.533 E900.88636
G1 X139.501 Y94.912 E900.91424
G1 X139.419 Y94.288 E900.94041
G1 X139.5 Y93.623 E900.96826
G1 X139.755 Y93.009 E900.9959
G1 X140.328 Y92.334 E901.03271
G1 X140.916 Y91.972 E901.06142
G1 X141.487 Y91.805 E901.08615
G1 X142.072 Y91.775 E901.11051
G1 X142.706 Y91.894 E901.13732
G1 X142.926 Y91.983 E901.14719
G1 X143.494 Y92.327 E901.1748
G1 X143.708 Y92.521 E901.18681
G1 X144.176 Y93.15 E901.2194
G1 X144.176 Y85.326 E901.54469
G1 F3792.5 X144.146 Y84.677 E901.57332
G1 F3305.9 X144.099 Y84.378 E901.58862
G1 F3140.6 X144.113 Y83.615 E901.62923
G1 F3226.3 X144.031 Y83.054 E901.6586
G1 F3210.9 X143.841 Y82.464 E901.69087
G1 F3180.4 X143.529 Y81.939 E901.72296
G1 F3205.7 X143.223 Y81.561 E901.74831
G1 F3210.9 X142.858 Y81.239 E901.77365
G1 F3216 X142.452 Y80.972 E901.7989
G1 F3195.5 X142.004 Y80.779 E901.82442
G1 F3190.5 X141.533 Y80.643 E901.8501
G1 F3216 X141.05 Y80.588 E901.87536
G1 F3205.7 X140.522 Y80.609 E901.90291
G1 F3135.7 X139.993 Y80.681 E901.93136
G1 F3289.7 X139.718 Y80.67 E901.94535
G1 F3764 X139.071 Y80.711 E901.97413
G1 F4020 X106.389 Y84.446 E903.34174
G1 F3477.5 X105.744 Y84.598 E903.37359
G1 F3082.8 X105.397 Y84.635 E903.3925
G1 F3068.7 X104.845 Y84.793 E903.42378
G1 F3078.1 X104.393 Y84.99 E903.45055
G1 F3082.8 X103.983 Y85.267 E903.47737
G1 F3059.4 X103.621 Y85.595 E903.50406
G1 F3064 X103.23 Y86.083 E903.53817
G1 F3082.8 X102.962 Y86.638 E903.57158
G1 F3073.4 X102.829 Y87.113 E903.59841
G1 F3068.7 X102.759 Y87.601 E903.62526
G1 F3082.8 X102.774 Y88.095 E903.65205
G1 F3054.7 X102.865 Y88.581 E903.6791
G1 F3073.4 X103.021 Y89.045 E903.70572
G1 F3092.3 X103.279 Y89.52 E903.73494
G1 F3155.4 X103.497 Y89.889 E903.75764
G1 F3589.3 X103.804 Y90.477 E903.78853
G1 F4020 X108.439 Y97.699 E904.1453
G1 X113.937 Y97.7 E904.37388
G1 X114.129 Y97.741 E904.38204
M204 S5000
M205 X30 Y30
G0 F7200 X114.129 Y97.498
G0 X125.737 Y89.067
G0 X125.934 Y89.098
M204 S3000
M205 X20 Y20
G1 F4020 X126.026 Y88.557 E904.40486
G1 X126.246 Y88.051 E904.4278
G1 X126.619 Y87.544 E904.45396
G1 X127.126 Y87.136 E904.48102
G1 X127.336 Y87.026 E904.49088
G1 X128.058 Y86.785 E904.52252
G1 X128.658 Y86.781 E904.54747
G1 X128.895 Y86.819 E904.55745
G1 X129.515 Y87.025 E904.58461
G1 X129.726 Y87.135 E904.5945
G1 X130.233 Y87.543 E904.62156
G1 X130.584 Y88.001 E904.64555
G1 X130.832 Y88.559 E904.67094
G1 X130.932 Y89.19 E904.6975
G1 X130.863 Y89.878 E904.72624
G1 X130.487 Y90.711 E904.76424
G1 X129.823 Y91.358 E904.80278
G1 X129.201 Y91.653 E904.83141
G1 X128.574 Y91.774 E904.85795
G1 X127.964 Y91.727 E904.88339
G1 X127.354 Y91.536 E904.90997
G1 X126.784 Y91.169 E904.93815
G1 X126.212 Y90.462 E904.97596
G1 X125.99 Y89.842 E905.00334
G1 X125.928 Y89.288 E905.02651
G1 X125.934 Y89.098 E905.03442
M204 S5000
M205 X30 Y30
G0 F7200 X125.737 Y89.067
G0 X126.163 Y87.895
G0 X127.099 Y86.983
G0 X138.26 Y83.324
G0 X138.454 Y83.337
M204 S3000
M205 X20 Y20
G1 F4020 X138.688 Y82.634 E905.06522
G1 X139.022 Y82.15 E905.08967
G1 F3887.8 X139.309 Y81.853 E905.10743
G1 F3647.9 X139.965 Y81.431 E905.14316
G1 F3289.7 X140.121 Y81.318 E905.15295
G1 F3116.3 X140.711 Y81.211 E905.18511
G1 F3175.4 X141.34 Y81.233 E905.21823
G1 F3221.2 X142.176 Y81.521 E905.26411
G1 F3247.2 X142.747 Y81.953 E905.30097
G1 X143.212 Y82.588 E905.34148
G1 F3241.9 X143.424 Y83.19 E905.37438
G1 F3190.5 X143.495 Y83.712 E905.40198
G1 F3106.6 X143.448 Y84.322 E905.43489
G1 F3305.9 X143.342 Y84.503 E905.44549
G1 F3688.1 X142.984 Y85.201 E905.48104
G1 F3902.9 X142.603 Y85.62 E905.50529
G1 F4020 X142.029 Y86.007 E905.53408
G1 X141.306 Y86.252 E905.56581
G1 X140.722 Y86.266 E905.5901
G1 X140.085 Y86.132 E905.61716
G1 X139.334 Y85.704 E905.6531
G1 X138.951 Y85.304 E905.67613
G1 X138.685 Y84.883 E905.69683
G1 X138.527 Y84.479 E905.71486
G1 X138.436 Y83.96 E905.73677
G1 X138.454 Y83.337 E905.76268
M204 S5000
M205 X30 Y30
G0 F7200 X138.26 Y83.324
G0 X105.586 Y85.18
G0 X104.62 Y85.507
G0 X103.434 Y86.865
G0 X103.56 Y86.89
M204 S3000
M205 X20 Y20
G1 F3082.8 X103.796 Y86.422 E905.7911
G1 F3078.1 X104.032 Y86.107 E905.81247
G1 F3101.9 X104.669 Y85.564 E905.85757
G1 X105.484 Y85.282 E905.90404
G1 F3078.1 X105.76 Y85.251 E905.91912
G1 F3257.7 X106.6 Y85.407 E905.96295
G1 F3729.1 X107.074 Y85.606 E905.98599
G1 F4020 X107.277 Y85.732 E905.99592
G1 X107.767 Y86.159 E906.02295
G1 X107.926 Y86.352 E906.03334
G1 X108.15 Y86.744 E906.05211
G1 X108.365 Y87.436 E906.08224
G1 X108.357 Y88.098 E906.10976
G1 X108.202 Y88.698 E906.13553
G1 X107.865 Y89.293 E906.16396
G1 X107.22 Y89.856 E906.19955
G1 X106.653 Y90.109 E906.22537
G1 X106.411 Y90.166 E906.2357
G1 X105.755 Y90.209 E906.26303
G1 X105.464 Y90.171 E906.27523
G1 F3792.5 X104.732 Y89.923 E906.30929
G1 F3406.8 X104.043 Y89.42 E906.35115
G1 F3150.5 X103.939 Y89.358 E906.35757
G1 F3078.1 X103.556 Y88.686 E906.39957
G1 F3092.3 X103.412 Y87.932 E906.44105
G1 F3097.1 X103.404 Y87.66 E906.45574
G1 F3101.9 X103.56 Y86.89 E906.49807
M204 S5000
M205 X30 Y30
G0 F7200 X103.973 Y87.736
M204 S3000
M205 X20 Y20
;TYPE:WALL-OUTER
G1 F2040 X104.114 Y87.043 E906.52747
G1 X104.382 Y86.57 E906.55008
G1 X104.948 Y86.071 E906.58145
G1 X105.671 Y85.825 E906.6132
G1 X106.423 Y85.874 E906.64453
G1 X106.949 Y86.109 E906.66848
G1 X107.472 Y86.565 E906.69733
G1 X107.716 Y86.992 E906.71777
G1 X107.856 Y87.481 E906.73892
G1 X107.862 Y88.027 E906.76162
G1 X107.734 Y88.507 E906.78228
G1 X107.471 Y88.968 E906.80434
G1 X106.919 Y89.451 E906.83484
G1 X106.421 Y89.664 E906.85736
G1 X105.672 Y89.713 E906.88856
G1 X104.945 Y89.467 E906.92047
G1 X104.378 Y88.967 E906.9519
G1 X104.114 Y88.497 E906.97431
G1 X103.976 Y87.819 E907.00308
G1 X103.973 Y87.736 E907.00653
M204 S5000
M205 X30 Y30
G0 F7200 X104.012 Y87.54
G0 X103.326 Y87.402
G0 X103.507 Y88.73
G0 X104.091 Y89.567
G0 X114.052 Y97.498
G0 X114.052 Y98.269
M204 S3000
M205 X20 Y20
G1 F2040 X114.126 Y98.43 E907.0139
G1 X114.126 Y107.483 E907.39028
G1 X125.063 Y124.518 E908.23191
G1 X125.927 Y124.518 E908.26784
G1 F2035.9 X126.791 Y124.518 E908.30383
G1 F2031.9 X127.655 Y124.518 E908.33989
G1 F2027.8 X128.519 Y124.518 E908.37603
G1 F2023.8 X129.383 Y124.518 E908.41224
G1 F2019.8 X130.247 Y124.518 E908.44852
G1 F2015.8 X131.111 Y124.518 E908.48487
G1 F2011.8 X131.975 Y124.518 E908.52129
G1 F2007.9 X132.839 Y124.518 E908.55779
G1 F1734.7 X133.337 Y124.435 E908.58247
G1 F1540.8 X133.509 Y124.441 E908.59195
G1 X134.125 Y124.435 E908.62586
G1 F1734.7 X134.621 Y124.519 E908.65045
G1 F2007.9 X135.459 Y124.519 E908.68585
G1 F2011.8 X136.297 Y124.519 E908.72118
G1 X137.135 Y124.519 E908.75651
G1 F2015.8 X137.973 Y124.519 E908.79176
G1 F2019.8 X138.811 Y124.519 E908.82695
G1 F2023.8 X139.649 Y124.519 E908.86207
G1 X140.487 Y124.519 E908.89719
G1 F2027.8 X141.325 Y124.519 E908.93224
G1 F2031.9 X142.163 Y124.519 E908.96722
G1 F2035.9 X143.001 Y124.519 E909.00213
G1 X143.839 Y124.519 E909.03704
G1 F2040 X144.677 Y124.519 E909.07188
G1 X144.676 Y95.268 E910.28799
G1 F1786.3 X144.605 Y94.707 E910.31484
G1 F1593.8 X144.607 Y93.942 E910.35555
G1 F1578.9 X144.599 Y93.736 E910.36663
G1 F1752.6 X144.672 Y93.272 E910.38936
G1 F2007.9 X144.672 Y92.39 E910.42661
G1 F2011.8 X144.672 Y91.508 E910.46379
G1 F2015.8 X144.673 Y90.626 E910.5009
G1 X144.673 Y89.744 E910.53801
G1 F2019.8 X144.673 Y88.862 E910.57505
G1 F2023.8 X144.674 Y87.98 E910.61201
G1 F2027.8 X144.674 Y87.098 E910.6489
G1 F2031.9 X144.674 Y86.216 E910.68572
G1 X144.675 Y85.334 E910.72253
G1 F2035.9 X144.675 Y84.452 E910.75928
G1 F2040 X144.676 Y83.57 E910.79595
G1 X144.578 Y82.928 E910.82295
G1 X144.362 Y82.232 E910.85324
G1 X143.993 Y81.613 E910.8832
G1 X143.629 Y81.17 E910.90704
G1 X143.201 Y80.789 E910.93087
G1 X142.721 Y80.478 E910.95464
G1 X142.197 Y80.243 E910.97852
G1 X141.641 Y80.09 E911.00249
G1 X141.073 Y80.023 E911.02627
G1 X140.491 Y80.045 E911.05049
G1 X105.287 Y84.069 E912.52363
G1 X104.647 Y84.245 E912.55123
G1 X104.116 Y84.487 E912.57549
G1 X103.627 Y84.808 E912.59981
G1 X103.198 Y85.198 E912.62391
G1 X102.736 Y85.774 E912.65461
G1 X102.424 Y86.433 E912.68492
G1 X102.259 Y86.992 E912.70915
G1 X102.183 Y87.571 E912.73343
G1 X102.197 Y88.155 E912.75772
G1 X102.303 Y88.729 E912.78199
G1 X102.493 Y89.277 E912.8061
G1 X102.775 Y89.802 E912.83088
G1 X108.166 Y98.199 E913.24574
G1 X113.939 Y98.198 E913.48575
G1 X114.052 Y98.269 E913.4913
M204 S5000
M205 X30 Y30
G0 F7200 X114.126 Y98.43
G0 X114.126 Y98.453
G0 X114.826 Y98.453
G0 X125.866 Y88.411
G0 X126.506 Y88.697
M204 S3000
M205 X20 Y20
G1 F2040 X126.734 Y88.204 E913.51388
G1 X127.057 Y87.81 E913.53507
G1 X127.494 Y87.5 E913.55734
G1 X128.165 Y87.282 E913.58667
G1 X128.737 Y87.293 E913.61046
G1 X129.357 Y87.499 E913.63762
G1 X129.796 Y87.81 E913.65999
G1 X130.138 Y88.229 E913.68247
G1 X130.342 Y88.684 E913.70321
G1 X130.429 Y89.218 E913.7257
G1 X130.377 Y89.738 E913.74743
G1 X130.076 Y90.417 E913.77831
G1 X129.532 Y90.94 E913.80968
G1 X129.062 Y91.168 E913.8314
G1 X128.564 Y91.267 E913.85251
G1 X128.05 Y91.235 E913.87392
G1 X127.566 Y91.077 E913.89509
G1 X127.104 Y90.772 E913.9181
G1 X126.654 Y90.21 E913.94803
G1 X126.474 Y89.718 E913.96981
G1 X126.426 Y89.24 E913.98979
G1 X126.506 Y88.697 E914.01261
M204 S5000
M205 X30 Y30
G0 F7200 X126.589 Y88.516
G0 X125.948 Y88.229
G0 X126.585 Y87.366
G0 X138.256 Y83.378
G0 X138.953 Y83.425
M204 S3000
M205 X20 Y20
G1 F2040 X139.129 Y82.892 E914.03594
G1 X139.352 Y82.535 E914.05344
G1 X139.669 Y82.215 E914.07217
G1 X140.23 Y81.894 E914.09904
G1 X140.791 Y81.772 E914.12291
G1 X141.221 Y81.786 E914.1408
G1 X141.891 Y82.014 E914.17022
G1 X142.323 Y82.332 E914.19252
G1 X142.69 Y82.818 E914.21784
G1 X142.872 Y83.293 E914.23899
G1 X142.928 Y83.728 E914.25722
G1 X142.876 Y84.246 E914.27887
G1 X142.575 Y84.907 E914.30907
G1 X142.301 Y85.222 E914.32642
G1 X141.869 Y85.533 E914.34855
G1 X141.216 Y85.754 E914.37721
G1 X140.787 Y85.765 E914.39506
G1 X140.277 Y85.664 E914.41667
G1 X139.651 Y85.31 E914.44657
G1 X139.351 Y85.003 E914.46442
G1 X139.134 Y84.662 E914.48122
G1 X139.016 Y84.368 E914.49439
G1 X138.929 Y83.878 E914.51508
G1 X138.953 Y83.425 E914.53394
M204 S5000
M205 X30 Y30
G0 F7200 X139.015 Y83.235
G0 X138.352 Y83.015
G0 X139.232 Y94.148
G0 X139.925 Y94.237
M204 S3000
M205 X20 Y20
G1 F2040 X139.997 Y93.732 E914.55515
G1 X140.193 Y93.261 E914.57636
G1 X140.651 Y92.727 E914.60561
G1 X141.099 Y92.445 E914.62762
G1 X141.596 Y92.294 E914.64921
G1 X142.088 Y92.275 E914.66968
G1 X142.634 Y92.39 E914.69288
G1 X143.279 Y92.781 E914.72424
G1 X143.704 Y93.352 E914.75383
G1 F1777 X143.969 Y93.857 E914.78105
G1 F1581.4 X143.967 Y94.652 E914.82369
G1 F1786.3 X143.703 Y95.186 E914.85197
G1 F2040 X143.279 Y95.756 E914.88151
G1 X142.668 Y96.126 E914.9112
G1 X142.152 Y96.257 E914.93334
G1 X141.638 Y96.249 E914.95471
G1 X141.113 Y96.1 E914.9774
G1 X140.668 Y95.827 E914.9991
G1 X140.194 Y95.278 E915.02926
G1 X139.989 Y94.782 E915.05157
G1 X139.925 Y94.301 E915.07175
G1 X139.925 Y94.237 E915.07441
M204 S5000
M205 X30 Y30
G0 F7200 X139.953 Y94.039
G0 X139.258 Y93.95
G0 X131.154 Y121.43
G0 X131.793 Y121.991
M204 S3000
M205 X20 Y20
G1 F2040 X131.801 Y121.482 E915.09557
G1 X131.927 Y121.021 E915.11544
G1 X132.181 Y120.58 E915.1366
G1 X132.536 Y120.224 E915.1575
G1 X132.971 Y119.97 E915.17844
G1 X133.466 Y119.834 E915.19979
G1 X133.974 Y119.831 E915.22091
G1 X134.477 Y119.964 E915.24254
G1 X134.918 Y120.217 E915.26367
G1 X135.282 Y120.581 E915.28508
G1 X135.536 Y121.022 E915.30623
G1 X135.661 Y121.482 E915.32605
G1 X135.67 Y122.024 E915.34859
G1 X135.546 Y122.485 E915.36844
G1 X135.3 Y122.929 E915.38954
G1 F2023.8 X134.921 Y123.321 E915.41239
G1 F1988.3 X134.448 Y123.592 E915.43564
G1 F1723 X134.039 Y123.779 E915.45778
G1 F1529.2 X133.423 Y123.779 E915.49195
G1 F1723 X133.014 Y123.592 E915.51408
G1 F2003.9 X132.571 Y123.338 E915.5357
G1 F2040 X132.178 Y122.958 E915.55842
G1 X131.916 Y122.485 E915.5809
G1 X131.793 Y121.991 E915.60207
M204 S5000
M205 X30 Y30
G0 F7200 X131.796 Y121.791
G0 X131.093 Y121.791
G0 X115.043 Y98.071
M204 S3000
M205 X20 Y20
;TYPE:SKIN
G1 F1500 X115.099 Y98.357 E915.61419
G1 X115.101 Y107.196 E915.98167
G1 X125.596 Y123.542 E916.78927
G1 X131.423 Y123.544 E917.03153
G1 X131.094 Y123.032 E917.05683
G1 X130.862 Y122.325 E917.08777
G1 X130.818 Y121.981 E917.10219
G1 X130.853 Y121.248 E917.1327
G1 X131.038 Y120.603 E917.16059
G1 X131.417 Y119.97 E917.19127
G1 X131.946 Y119.439 E917.22243
G1 X132.583 Y119.07 E917.25304
G1 X133.351 Y118.857 E917.28617
G1 X134.104 Y118.859 E917.31748
G1 X134.865 Y119.06 E917.3502
G1 X135.539 Y119.455 E917.38268
G1 X136.087 Y120.014 E917.41523
G1 X136.438 Y120.648 E917.44535
G1 X136.601 Y121.22 E917.47008
G1 X136.644 Y121.557 E917.48421
G1 X136.609 Y122.297 E917.51501
G1 X136.368 Y123.032 E917.54716
G1 X136.039 Y123.544 E917.57247
G1 X143.701 Y123.544 E917.89102
G1 X143.701 Y96.641 E919.00951
G1 X143.176 Y96.961 E919.03507
G1 X142.798 Y97.111 E919.05198
G1 X142.076 Y97.241 E919.08248
G1 X141.314 Y97.181 E919.11426
G1 X140.678 Y96.978 E919.14202
G1 X140.041 Y96.586 E919.17311
G1 X139.357 Y95.802 E919.21637
G1 X139.035 Y95.035 E919.25095
G1 X138.941 Y94.275 E919.28279
G1 X139.036 Y93.508 E919.31492
G1 X139.358 Y92.736 E919.3497
G1 X139.931 Y92.066 E919.38635
G1 X140.175 Y91.864 E919.39952
G1 X140.745 Y91.525 E919.42709
G1 X141.44 Y91.325 E919.45716
G1 X142.107 Y91.303 E919.48491
G1 X142.849 Y91.441 E919.51629
G1 X143.174 Y91.576 E919.53092
G1 X143.701 Y91.895 E919.55653
G1 X143.7 Y85.331 E919.82943
G1 X143.665 Y84.952 E919.84525
G1 X143.342 Y85.51 E919.87206
G1 X143.091 Y85.809 E919.88829
G1 X142.496 Y86.294 E919.9202
G1 X142.184 Y86.455 E919.9348
G1 X141.538 Y86.674 E919.96316
G1 X141.247 Y86.729 E919.97547
G1 X140.652 Y86.736 E920.00021
G1 X140.042 Y86.612 E920.02609
G1 X139.799 Y86.518 E920.03692
G1 X139.103 Y86.118 E920.07029
G1 X138.633 Y85.668 E920.09735
G1 X138.257 Y85.09 E920.12601
G1 X138.085 Y84.666 E920.14504
G1 X137.968 Y84.041 E920.17147
G1 X137.982 Y83.25 E920.20436
G1 X138.202 Y82.589 E920.23333
G1 X138.539 Y81.994 E920.26176
G1 X138.956 Y81.532 E920.28763
G1 X139.442 Y81.182 E920.31253
G1 X139.11 Y81.185 E920.32634
G1 X106.521 Y84.912 E921.69006
G1 X106.798 Y84.978 E921.7019
G1 X107.298 Y85.186 E921.72441
G1 X107.56 Y85.35 E921.73726
G1 X108.076 Y85.795 E921.76559
G1 X108.314 Y86.08 E921.78103
G1 X108.584 Y86.554 E921.80371
G1 X108.794 Y87.211 E921.83239
G1 X108.839 Y87.552 E921.84669
G1 X108.825 Y88.208 E921.87397
G1 X108.628 Y88.907 E921.90416
G1 X108.238 Y89.592 E921.93693
G1 X107.484 Y90.258 E921.97876
G1 X106.839 Y90.548 E922.00816
G1 X106.446 Y90.64 E922.02494
G1 X105.741 Y90.682 E922.0543
G1 X105.357 Y90.632 E922.0704
G1 X104.643 Y90.395 E922.10168
G1 X104.163 Y90.112 E922.12484
G1 X104.215 Y90.239 E922.13055
G1 X108.699 Y97.224 E922.47564
G1 X113.904 Y97.224 E922.69204
G1 X114.204 Y97.267 E922.70464
G1 X114.566 Y97.435 E922.72123
G1 X114.861 Y97.717 E922.7382
G1 X115.043 Y98.071 E922.75475
M204 S5000
M205 X30 Y30
G0 F7200 X125.511 Y89.899
M204 S3000
M205 X20 Y20
G1 F1500 X125.442 Y89.209 E922.78358
G1 X125.444 Y89.141 E922.7864
G1 X125.568 Y88.417 E922.81694
G1 X125.822 Y87.832 E922.84346
G1 X126.258 Y87.232 E922.87429
G1 X126.828 Y86.765 E922.90493
G1 X127.184 Y86.576 E922.92169
G1 X127.983 Y86.314 E922.95665
G1 X128.693 Y86.309 E922.98616
G1 X129.049 Y86.368 E923.00117
G1 X129.664 Y86.573 E923.02812
G1 X130.025 Y86.764 E923.0451
G1 X130.589 Y87.226 E923.07541
G1 X130.997 Y87.758 E923.10328
G1 X131.288 Y88.413 E923.13308
G1 X131.411 Y89.169 E923.16493
G1 X131.335 Y89.987 E923.19908
G1 X130.953 Y90.842 E923.23801
G1 X130.797 Y91.072 E923.24957
G1 X130.09 Y91.75 E923.29029
G1 X129.35 Y92.112 E923.32454
G1 X128.61 Y92.241 E923.35577
G1 X127.869 Y92.2 E923.38663
G1 X127.15 Y91.965 E923.41808
G1 X126.47 Y91.531 E923.45161
G1 X125.792 Y90.697 E923.4963
G1 X125.511 Y89.899 E923.53147
M204 S5000
M205 X30 Y30
G0 F7200 X107.808 Y85.231
M204 S3000
M205 X20 Y20
G1 F1500 X108.053 Y84.986 E923.54588
M204 S5000
M205 X30 Y30
G0 F7200 X108.186 Y85.56
M204 S3000
M205 X20 Y20
G1 F1500 X108.852 Y84.895 E923.58501
M204 S5000
M205 X30 Y30
G0 F7200 X109.65 Y84.804
M204 S3000
M205 X20 Y20
G1 F1500 X108.514 Y85.939 E923.65177
M204 S5000
M205 X30 Y30
G0 F7200 X108.772 Y86.388
M204 S3000
M205 X20 Y20
G1 F1500 X110.448 Y84.712 E923.75031
M204 S5000
M205 X30 Y30
G0 F7200 X111.246 Y84.621
M204 S3000
M205 X20 Y20
G1 F1500 X108.959 Y86.909 E923.88481
M204 S5000
M205 X30 Y30
G0 F7200 X109.08 Y87.495
M204 S3000
M205 X20 Y20
G1 F1500 X112.045 Y84.53 E924.05914
M204 S5000
M205 X30 Y30
G0 F7200 X112.844 Y84.438
M204 S3000
M205 X20 Y20
G1 F1500 X109.072 Y88.21 E924.28092
G1 X108.984 Y88.298
M204 S5000
M205 X30 Y30
G0 F7200 X108.697 Y89.292
M204 S3000
M205 X20 Y20
G1 F1500 X113.642 Y84.347 E924.57167
M204 S5000
M205 X30 Y30
G0 F7200 X114.44 Y84.256
M204 S3000
M205 X20 Y20
G1 F1500 X106.054 Y92.642 E925.06473
M204 S5000
M205 X30 Y30
G0 F7200 X106.331 Y93.072
M204 S3000
M205 X20 Y20
G1 F1500 X115.239 Y84.164 E925.58849
M204 S5000
M205 X30 Y30
G0 F7200 X116.037 Y84.073
M204 S3000
M205 X20 Y20
G1 F1500 X106.607 Y93.503 E926.14294
M204 S5000
M205 X30 Y30
G0 F7200 X106.884 Y93.934
M204 S3000
M205 X20 Y20
G1 F1500 X116.835 Y83.982 E926.72805
M204 S5000
M205 X30 Y30
G0 F7200 X117.634 Y83.891
M204 S3000
M205 X20 Y20
G1 F1500 X107.16 Y94.364 E927.34385
M204 S5000
M205 X30 Y30
G0 F7200 X107.437 Y94.795
M204 S3000
M205 X20 Y20
G1 F1500 X118.432 Y83.799 E927.99034
M204 S5000
M205 X30 Y30
G0 F7200 X119.23 Y83.708
M204 S3000
M205 X20 Y20
G1 F1500 X107.713 Y95.226 E928.66753
M204 S5000
M205 X30 Y30
G0 F7200 X107.99 Y95.656
M204 S3000
M205 X20 Y20
G1 F1500 X120.029 Y83.617 E929.37537
M204 S5000
M205 X30 Y30
G0 F7200 X120.827 Y83.526
M204 S3000
M205 X20 Y20
G1 F1500 X108.266 Y96.087 E930.11391
M204 S5000
M205 X30 Y30
G0 F7200 X108.543 Y96.517
M204 S3000
M205 X20 Y20
G1 F1500 X121.625 Y83.435 E930.88308
M204 S5000
M205 X30 Y30
G0 F7200 X122.424 Y83.343
M204 S3000
M205 X20 Y20
G1 F1500 X108.819 Y96.948 E931.683
M204 S5000
M205 X30 Y30
G0 F7200 X109.501 Y96.974
M204 S3000
M205 X20 Y20
G1 F1500 X123.222 Y83.252 E932.48978
M204 S5000
M205 X30 Y30
G0 F7200 X124.02 Y83.161
M204 S3000
M205 X20 Y20
G1 F1500 X110.208 Y96.974 E933.3019
M204 S5000
M205 X30 Y30
G0 F7200 X110.915 Y96.974
M204 S3000
M205 X20 Y20
G1 F1500 X124.819 Y83.07 E934.1194
M204 S5000
M205 X30 Y30
G0 F7200 X125.617 Y82.978
M204 S3000
M205 X20 Y20
G1 F1500 X111.622 Y96.974 E934.94228
M204 S5000
M205 X30 Y30
G0 F7200 X112.329 Y96.974
M204 S3000
M205 X20 Y20
G1 F1500 X126.415 Y82.887 E935.77051
M204 S5000
M205 X30 Y30
G0 F7200 X127.214 Y82.796
M204 S3000
M205 X20 Y20
G1 F1500 X113.036 Y96.974 E936.60413
M204 S5000
M205 X30 Y30
G0 F7200 X113.743 Y96.974
M204 S3000
M205 X20 Y20
G1 F1500 X128.012 Y82.705 E937.44309
M204 S5000
M205 X30 Y30
G0 F7200 X128.81 Y82.614
M204 S3000
M205 X20 Y20
G1 F1500 X114.357 Y97.067 E938.29287
M204 S5000
M205 X30 Y30
G0 F7200 X114.812 Y97.319
M204 S3000
M205 X20 Y20
G1 F1500 X129.609 Y82.522 E939.16288
M204 S5000
M205 X30 Y30
G0 F7200 X130.407 Y82.431
M204 S3000
M205 X20 Y20
G1 F1500 X115.132 Y97.706 E940.06099
M204 S5000
M205 X30 Y30
G0 F7200 X115.327 Y98.218
M204 S3000
M205 X20 Y20
G1 F1500 X125.42 Y88.125 E940.65442
M204 S5000
M205 X30 Y30
G0 F7200 X125.21 Y89.042
M204 S3000
M205 X20 Y20
G1 F1500 X115.345 Y98.907 E941.23444
M204 S5000
M205 X30 Y30
G0 F7200 X115.346 Y99.614
M204 S3000
M205 X20 Y20
G1 F1500 X125.244 Y89.715 E941.81644
M204 S5000
M205 X30 Y30
G0 F7200 X125.38 Y90.286
M204 S3000
M205 X20 Y20
G1 F1500 X115.346 Y100.321 E942.40643
M204 S5000
M205 X30 Y30
G0 F7200 X115.346 Y101.027
M204 S3000
M205 X20 Y20
G1 F1500 X125.566 Y90.808 E943.00729
M204 S5000
M205 X30 Y30
G0 F7200 X125.879 Y91.202
M204 S3000
M205 X20 Y20
G1 F1500 X115.347 Y101.734 E943.62653
M204 S5000
M205 X30 Y30
G0 F7200 X115.347 Y102.441
M204 S3000
M205 X20 Y20
G1 F1500 X126.195 Y91.592 E944.26438
M204 S5000
M205 X30 Y30
G0 F7200 X126.59 Y91.905
M204 S3000
M205 X20 Y20
G1 F1500 X115.348 Y103.147 E944.92537
M204 S5000
M205 X30 Y30
G0 F7200 X115.348 Y103.854
M204 S3000
M205 X20 Y20
G1 F1500 X127.019 Y92.183 E945.61158
M204 S5000
M205 X30 Y30
G0 F7200 X127.55 Y92.359
M204 S3000
M205 X20 Y20
G1 F1500 X115.348 Y104.561 E946.32901
M204 S5000
M205 X30 Y30
G0 F7200 X115.349 Y105.267
M204 S3000
M205 X20 Y20
G1 F1500 X128.15 Y92.466 E947.08166
M204 S5000
M205 X30 Y30
G0 F7200 X128.879 Y92.445
M204 S3000
M205 X20 Y20
G1 F1500 X115.349 Y105.974 E947.87714
M204 S5000
M205 X30 Y30
G0 F7200 X115.35 Y106.681
M204 S3000
M205 X20 Y20
G1 F1500 X129.918 Y92.113 E948.73369
G1 X130.006 Y92.025
M204 S5000
M205 X30 Y30
G0 F7200 X131.253 Y90.777
M204 S3000
M205 X20 Y20
G1 F1500 X137.756 Y84.275 E949.11601
M204 S5000
M205 X30 Y30
G0 F7200 X137.888 Y84.849
M204 S3000
M205 X20 Y20
G1 F1500 X115.454 Y107.283 E950.43504
M204 S5000
M205 X30 Y30
G0 F7200 X115.731 Y107.714
M204 S3000
M205 X20 Y20
G1 F1500 X138.114 Y85.33 E951.75111
M204 S5000
M205 X30 Y30
G0 F7200 X138.39 Y85.762
M204 S3000
M205 X20 Y20
G1 F1500 X116.007 Y108.144 E953.06711
M204 S5000
M205 X30 Y30
G0 F7200 X116.284 Y108.575
M204 S3000
M205 X20 Y20
G1 F1500 X138.74 Y86.119 E954.38744
M204 S5000
M205 X30 Y30
G0 F7200 X139.139 Y86.427
M204 S3000
M205 X20 Y20
G1 F1500 X116.56 Y109.006 E955.715
M204 S5000
M205 X30 Y30
G0 F7200 X116.837 Y109.436
M204 S3000
M205 X20 Y20
G1 F1500 X139.588 Y86.685 E957.05267
M204 S5000
M205 X30 Y30
G0 F7200 X140.101 Y86.879
M204 S3000
M205 X20 Y20
G1 F1500 X117.113 Y109.867 E958.40428
M204 S5000
M205 X30 Y30
G0 F7200 X117.39 Y110.298
M204 S3000
M205 X20 Y20
G1 F1500 X140.698 Y86.989 E959.77473
M204 S5000
M205 X30 Y30
G0 F7200 X141.454 Y86.94
M204 S3000
M205 X20 Y20
G1 F1500 X117.666 Y110.728 E961.17337
M204 S5000
M205 X30 Y30
G0 F7200 X117.943 Y111.159
M204 S3000
M205 X20 Y20
G1 F1500 X142.561 Y86.54 E962.62084
M204 S5000
M205 X30 Y30
G0 F7200 X143.45 Y86.359
M204 S3000
M205 X20 Y20
G1 F1500 X118.219 Y111.589 E964.1043
M204 S5000
M205 X30 Y30
G0 F7200 X118.496 Y112.02
M204 S3000
M205 X20 Y20
G1 F1500 X143.45 Y87.066 E965.5715
M204 S5000
M205 X30 Y30
G0 F7200 X143.45 Y87.773
M204 S3000
M205 X20 Y20
G1 F1500 X118.772 Y112.451 E967.02247
M204 S5000
M205 X30 Y30
G0 F7200 X119.049 Y112.881
M204 S3000
M205 X20 Y20
G1 F1500 X139.005 Y92.925 E968.19581
G1 X139.093 Y92.837
M204 S5000
M205 X30 Y30
G0 F7200 X138.732 Y93.905
M204 S3000
M205 X20 Y20
G1 F1500 X119.325 Y113.312 E969.33686
M204 S5000
M205 X30 Y30
G0 F7200 X119.602 Y113.743
M204 S3000
M205 X20 Y20
G1 F1500 X138.73 Y94.615 E970.46152
M204 S5000
M205 X30 Y30
G0 F7200 X138.84 Y95.211
M204 S3000
M205 X20 Y20
G1 F1500 X119.878 Y114.173 E971.57641
M204 S5000
M205 X30 Y30
G0 F7200 X120.155 Y114.604
M204 S3000
M205 X20 Y20
G1 F1500 X139.047 Y95.711 E972.68722
M204 S5000
M205 X30 Y30
G0 F7200 X139.321 Y96.144
M204 S3000
M205 X20 Y20
G1 F1500 X120.431 Y115.034 E973.79788
M204 S5000
M205 X30 Y30
G0 F7200 X120.708 Y115.465
M204 S3000
M205 X20 Y20
G1 F1500 X139.65 Y96.523 E974.91159
M204 S5000
M205 X30 Y30
G0 F7200 X140.017 Y96.863
M204 S3000
M205 X20 Y20
G1 F1500 X120.984 Y115.896 E976.03066
M204 S5000
M205 X30 Y30
G0 F7200 X121.261 Y116.326
M204 S3000
M205 X20 Y20
G1 F1500 X140.455 Y97.132 E977.15919
M204 S5000
M205 X30 Y30
G0 F7200 X140.964 Y97.33
M204 S3000
M205 X20 Y20
G1 F1500 X121.537 Y116.757 E978.30143
M204 S5000
M205 X30 Y30
G0 F7200 X121.813 Y117.188
M204 S3000
M205 X20 Y20
G1 F1500 X141.552 Y97.449 E979.462
M204 S5000
M205 X30 Y30
G0 F7200 X142.245 Y97.464
M204 S3000
M205 X20 Y20
G1 F1500 X122.09 Y117.618 E980.64701
M204 S5000
M205 X30 Y30
G0 F7200 X122.366 Y118.049
M204 S3000
M205 X20 Y20
G1 F1500 X143.232 Y97.183 E981.87385
M204 S5000
M205 X30 Y30
G0 F7200 X143.45 Y97.672
M204 S3000
M205 X20 Y20
G1 F1500 X122.643 Y118.479 E983.09722
M204 S5000
M205 X30 Y30
G0 F7200 X122.919 Y118.91
M204 S3000
M205 X20 Y20
G1 F1500 X143.45 Y98.379 E984.30437
M204 S5000
M205 X30 Y30
G0 F7200 X143.45 Y99.086
M204 S3000
M205 X20 Y20
G1 F1500 X123.196 Y119.341 E985.49526
M204 S5000
M205 X30 Y30
G0 F7200 X123.472 Y119.771
M204 S3000
M205 X20 Y20
G1 F1500 X143.45 Y99.793 E986.66989
M204 S5000
M205 X30 Y30
G0 F7200 X143.45 Y100.501
M204 S3000
M205 X20 Y20
G1 F1500 X123.749 Y120.202 E987.82823
M204 S5000
M205 X30 Y30
G0 F7200 X124.025 Y120.633
M204 S3000
M205 X20 Y20
G1 F1500 X143.45 Y101.208 E988.97034
M204 S5000
M205 X30 Y30
G0 F7200 X143.45 Y101.915
M204 S3000
M205 X20 Y20
G1 F1500 X124.302 Y121.063 E990.09617
M204 S5000
M205 X30 Y30
G0 F7200 X124.578 Y121.494
M204 S3000
M205 X20 Y20
G1 F1500 X143.45 Y102.622 E991.20577
M204 S5000
M205 X30 Y30
G0 F7200 X143.45 Y103.329
M204 S3000
M205 X20 Y20
G1 F1500 X124.855 Y121.925 E992.29912
M204 S5000
M205 X30 Y30
G0 F7200 X125.131 Y122.355
M204 S3000
M205 X20 Y20
G1 F1500 X143.45 Y104.036 E993.37621
M204 S5000
M205 X30 Y30
G0 F7200 X143.45 Y104.743
M204 S3000
M205 X20 Y20
G1 F1500 X125.408 Y122.786 E994.43704
M204 S5000
M205 X30 Y30
G0 F7200 X125.684 Y123.216
M204 S3000
M205 X20 Y20
G1 F1500 X143.45 Y105.45 E995.48161
M204 S5000
M205 X30 Y30
G0 F7200 X143.45 Y106.157
M204 S3000
M205 X20 Y20
G1 F1500 X126.316 Y123.292 E996.48905
M204 S5000
M205 X30 Y30
G0 F7200 X127.023 Y123.292
M204 S3000
M205 X20 Y20
G1 F1500 X143.45 Y106.865 E997.4549
M204 S5000
M205 X30 Y30
G0 F7200 X143.45 Y107.572
M204 S3000
M205 X20 Y20
G1 F1500 X127.73 Y123.292 E998.37917
M204 S5000
M205 X30 Y30
G0 F7200 X128.436 Y123.293
M204 S3000
M205 X20 Y20
G1 F1500 X130.635 Y121.094 E998.50846
M204 S5000
M205 X30 Y30
G0 F7200 X130.571 Y121.865
M204 S3000
M205 X20 Y20
G1 F1500 X129.143 Y123.293 E998.59243
M204 S5000
M205 X30 Y30
G0 F7200 X129.85 Y123.293
M204 S3000
M205 X20 Y20
G1 F1500 X130.652 Y122.492 E998.63955
M204 S5000
M205 X30 Y30
G0 F7200 X130.823 Y123.028
M204 S3000
M205 X20 Y20
G1 F1500 X130.558 Y123.293 E998.65513
M204 S5000
M205 X30 Y30
G0 F7200 X131.33 Y120.774
G0 X133.05 Y118.679
M204 S3000
M205 X20 Y20
G1 F1500 X143.45 Y108.279 E999.26661
M204 S5000
M205 X30 Y30
G0 F7200 X143.45 Y108.986
M204 S3000
M205 X20 Y20
G1 F1500 X133.827 Y118.609 E999.83241
M204 S5000
M205 X30 Y30
G0 F7200 X134.452 Y118.691
M204 S3000
M205 X20 Y20
G1 F1500 X143.45 Y109.693 E1000.36146
M204 S5000
M205 X30 Y30
G0 F7200 X143.45 Y110.4
M204 S3000
M205 X20 Y20
G1 F1500 X134.998 Y118.852 E1000.8584
M204 S5000
M205 X30 Y30
G0 F7200 X135.443 Y119.114
M204 S3000
M205 X20 Y20
G1 F1500 X143.45 Y111.107 E1001.32918
M204 S5000
M205 X30 Y30
G0 F7200 X143.45 Y111.814
M204 S3000
M205 X20 Y20
G1 F1500 X135.846 Y119.419 E1001.7763
M204 S5000
M205 X30 Y30
G0 F7200 X136.197 Y119.775
M204 S3000
M205 X20 Y20
G1 F1500 X143.45 Y112.521 E1002.20278
M204 S5000
M205 X30 Y30
G0 F7200 X143.45 Y113.229
M204 S3000
M205 X20 Y20
G1 F1500 X136.475 Y120.203 E1002.61285
M204 S5000
M205 X30 Y30
G0 F7200 X136.707 Y120.679
M204 S3000
M205 X20 Y20
G1 F1500 X143.45 Y113.936 E1003.00931
M204 S5000
M205 X30 Y30
G0 F7200 X143.45 Y114.643
M204 S3000
M205 X20 Y20
G1 F1500 X136.852 Y121.241 E1003.39725
M204 S5000
M205 X30 Y30
G0 F7200 X136.876 Y121.924
M204 S3000
M205 X20 Y20
G1 F1500 X143.45 Y115.35 E1003.78377
M204 S5000
M205 X30 Y30
G0 F7200 X143.45 Y116.057
M204 S3000
M205 X20 Y20
G1 F1500 X136.71 Y122.797 E1004.18006
M204 S5000
M205 X30 Y30
G0 F7200 X136.922 Y123.293
M204 S3000
M205 X20 Y20
G1 F1500 X143.45 Y116.764 E1004.56391
M204 S5000
M205 X30 Y30
G0 F7200 X143.45 Y117.471
M204 S3000
M205 X20 Y20
G1 F1500 X137.629 Y123.293 E1004.90619
M204 S5000
M205 X30 Y30
G0 F7200 X138.336 Y123.293
M204 S3000
M205 X20 Y20
G1 F1500 X143.45 Y118.178 E1005.20691
M204 S5000
M205 X30 Y30
G0 F7200 X143.45 Y118.885
M204 S3000
M205 X20 Y20
G1 F1500 X139.043 Y123.293 E1005.46605
M204 S5000
M205 X30 Y30
G0 F7200 X139.75 Y123.293
M204 S3000
M205 X20 Y20
G1 F1500 X143.45 Y119.592 E1005.68363
M204 S5000
M205 X30 Y30
G0 F7200 X143.45 Y120.3
M204 S3000
M205 X20 Y20
G1 F1500 X140.456 Y123.293 E1005.85963
M204 S5000
M205 X30 Y30
G0 F7200 X141.163 Y123.293
M204 S3000
M205 X20 Y20
G1 F1500 X143.45 Y121.007 E1005.99407
M204 S5000
M205 X30 Y30
G0 F7200 X143.45 Y121.714
M204 S3000
M205 X20 Y20
G1 F1500 X141.871 Y123.293 E1006.08691
M204 S5000
M205 X30 Y30
G0 F7200 X142.578 Y123.293
M204 S3000
M205 X20 Y20
G1 F1500 X143.45 Y122.421 E1006.13818
M204 S5000
M205 X30 Y30
G0 F7200 X143.45 Y123.128
M204 S3000
M205 X20 Y20
G1 F1500 X143.285 Y123.293 E1006.14788
M204 S5000
M205 X30 Y30
G0 F7200 X139.277 Y94.269
G0 X139.632 Y92.935
G0 X140.854 Y91.846
G0 X143.352 Y91.406
M204 S3000
M205 X20 Y20
G1 F1500 X143.45 Y91.309 E1006.15361
M204 S5000
M205 X30 Y30
G0 F7200 X142.866 Y91.185
M204 S3000
M205 X20 Y20
G1 F1500 X143.45 Y90.602 E1006.18792
M204 S5000
M205 X30 Y30
G0 F7200 X143.45 Y89.895
M204 S3000
M205 X20 Y20
G1 F1500 X142.267 Y91.078 E1006.25748
M204 S5000
M205 X30 Y30
G0 F7200 X141.57 Y91.067
M204 S3000
M205 X20 Y20
G1 F1500 X143.45 Y89.188 E1006.36798
M204 S5000
M205 X30 Y30
G0 F7200 X143.45 Y88.48
M204 S3000
M205 X20 Y20
G1 F1500 X140.623 Y91.307 E1006.5342
G1 X140.535 Y91.395
M204 S5000
M205 X30 Y30
G0 F7200 X137.722 Y83.601
M204 S3000
M205 X20 Y20
G1 F1500 X131.61 Y89.714 E1006.89359
M204 S5000
M205 X30 Y30
G0 F7200 X131.634 Y88.982
M204 S3000
M205 X20 Y20
G1 F1500 X137.892 Y82.724 E1007.26154
G1 X137.98 Y82.636
M204 S5000
M205 X30 Y30
G0 F7200 X137.592 Y81.61
M204 S3000
M205 X20 Y20
G1 F1500 X131.323 Y87.879 E1007.63013
M204 S5000
M205 X30 Y30
G0 F7200 X131.062 Y87.433
M204 S3000
M205 X20 Y20
G1 F1500 X136.794 Y81.701 E1007.96715
M204 S5000
M205 X30 Y30
G0 F7200 X135.995 Y81.793
M204 S3000
M205 X20 Y20
G1 F1500 X130.751 Y87.037 E1008.27548
M204 S5000
M205 X30 Y30
G0 F7200 X130.363 Y86.718
M204 S3000
M205 X20 Y20
G1 F1500 X135.197 Y81.884 E1008.5597
M204 S5000
M205 X30 Y30
G0 F7200 X134.399 Y81.975
M204 S3000
M205 X20 Y20
G1 F1500 X129.94 Y86.434 E1008.82187
M204 S5000
M205 X30 Y30
G0 F7200 X129.433 Y86.233
M204 S3000
M205 X20 Y20
G1 F1500 X133.6 Y82.066 E1009.06687
M204 S5000
M205 X30 Y30
G0 F7200 X132.802 Y82.158
M204 S3000
M205 X20 Y20
G1 F1500 X128.873 Y86.086 E1009.29786
M204 S5000
M205 X30 Y30
G0 F7200 X128.189 Y86.063
M204 S3000
M205 X20 Y20
G1 F1500 X132.004 Y82.249 E1009.52213
M204 S5000
M205 X30 Y30
G0 F7200 X131.205 Y82.34
M204 S3000
M205 X20 Y20
G1 F1500 X127.26 Y86.286 E1009.75411
G1 X127.172 Y86.374
M204 S5000
M205 X30 Y30
G0 F7200 X128.801 Y86.642
G0 X131.539 Y88.37
M204 S3000
M205 X20 Y20
G1 F1500 X138.39 Y81.519 E1010.15693
G1 X138.478 Y81.431
M204 S5000
M205 X30 Y30
G0 F7200 X107.437 Y90.552
M204 S3000
M205 X20 Y20
G1 F1500 X105.778 Y92.211 E1010.25447
M204 S5000
M205 X30 Y30
G0 F7200 X105.502 Y91.78
M204 S3000
M205 X20 Y20
G1 F1500 X106.389 Y90.893 E1010.30662
M204 S5000
M205 X30 Y30
G0 F7200 X105.653 Y90.922
M204 S3000
M205 X20 Y20
G1 F1500 X105.225 Y91.349 E1010.33176
M204 S5000
M205 X30 Y30
G0 F7200 X104.949 Y90.919
M204 S3000
M205 X20 Y20
G1 F1500 X105.07 Y90.798 E1010.33887
M204 S5000
M205 X30 Y30
G1 F1500 E1003.83887
;MESH:NONMESH
G0 F600 X105.07 Y90.798 Z1.1
G0 F7200 X102.961 Y89.685
G0 X102.007 Y90.298
G0 X93.898 Y102.689
G0 X93.288 Y103.641
G0 X82.789 Y103.461
G0 X81.559 Y102.87
G0 X80.419 Y101.322
G1 F1500 E1010.33887
G0 F7200 X80.532 Y101.308
;TIME_ELAPSED:897.713468
;LAYER:4
M204 S3000
M205 X20 Y20
;TYPE:WALL-INNER
;MESH:Exterior Hip L.stl
G1 F3092.3 X80.64 Y100.612 E1010.37694
G1 F3121.1 X80.882 Y100.033 E1010.41054
G1 F3126 X81.259 Y99.519 E1010.44462
G1 F3121.1 X81.757 Y99.131 E1010.47843
G1 F3097.1 X82.323 Y98.874 E1010.51197
G1 F3092.3 X82.989 Y98.75 E1010.54859
G1 F3078.1 X83.434 Y98.791 E1010.57285
G1 X83.87 Y98.889 E1010.59712
G1 F3101.9 X84.501 Y99.193 E1010.63486
G1 F3036.3 X84.856 Y99.468 E1010.65958
G1 F3145.5 X84.922 Y99.599 E1010.66737
G1 F3647.9 X85.244 Y100.143 E1010.69633
G1 F4020 X85.416 Y100.562 E1010.71516
G1 X85.472 Y100.8 E1010.72533
G1 X85.514 Y101.45 E1010.75241
G1 X85.49 Y101.694 E1010.7626
G1 X85.299 Y102.307 E1010.7893
G1 X85.021 Y102.78 E1010.81211
G1 X84.573 Y103.236 E1010.83868
G1 X84 Y103.562 E1010.86609
G1 X83.405 Y103.715 E1010.89163
G1 X82.853 Y103.722 E1010.91458
G1 X82.22 Y103.58 E1010.94155
G1 X81.994 Y103.478 E1010.95186
G1 X81.467 Y103.123 E1010.97828
G1 X81.094 Y102.743 E1011.00042
G1 X80.759 Y102.066 E1011.03182
G1 F3538.7 X80.561 Y101.391 E1011.06505
G1 F3116.3 X80.532 Y101.308 E1011.06976
M204 S5000
M205 X30 Y30
G0 F7200 X80.419 Y101.322
G0 X81.961 Y123.124
G0 X82.156 Y123.156
M204 S3000
M205 X20 Y20
G1 F4020 X82.232 Y122.927 E1011.07979
G1 X82.534 Y122.349 E1011.10691
G1 X82.675 Y122.16 E1011.11671
G1 X83.159 Y121.725 E1011.14376
G1 X83.641 Y121.462 E1011.16659
G1 X84.232 Y121.302 E1011.19205
G1 X84.867 Y121.299 E1011.21845
G1 X85.51 Y121.458 E1011.24599
G1 X86.077 Y121.774 E1011.27297
G1 X86.548 Y122.233 E1011.30032
G1 X86.896 Y122.839 E1011.32937
G1 X87.086 Y123.669 E1011.36477
G1 X87.019 Y124.365 E1011.39384
G1 X86.639 Y125.228 E1011.43304
G1 X85.968 Y125.877 E1011.47185
G1 X85.366 Y126.159 E1011.49949
G1 X84.753 Y126.286 E1011.52552
G1 X84.173 Y126.252 E1011.54967
G1 X83.95 Y126.2 E1011.55919
G1 X83.283 Y125.928 E1011.58914
G1 X83.097 Y125.795 E1011.59865
G1 X82.509 Y125.225 E1011.63269
G1 X82.182 Y124.487 E1011.66625
G1 X82.121 Y124.256 E1011.67619
G1 X82.077 Y123.804 E1011.69507
G1 X82.156 Y123.156 E1011.72221
M204 S5000
M205 X30 Y30
G0 F7200 X81.961 Y123.124
G0 X76.47 Y135.572
G0 X76.571 Y135.617
M204 S3000
M205 X20 Y20
G1 F3311.4 X77.054 Y134.799 E1011.77015
G1 F3736.1 X77.59 Y134.281 E1011.8035
G1 F4020 X77.786 Y134.144 E1011.81344
G1 X78.382 Y133.884 E1011.84048
G1 X79.012 Y133.787 E1011.86698
G1 X79.647 Y133.85 E1011.89351
G1 X80.453 Y134.175 E1011.92964
G1 X81.142 Y134.849 E1011.96971
G1 X81.519 Y135.694 E1012.00818
G1 X81.586 Y136.405 E1012.03787
G1 X81.414 Y137.155 E1012.06986
G1 X81.325 Y137.374 E1012.07969
G1 X80.97 Y137.916 E1012.10663
G1 X80.491 Y138.345 E1012.13336
G1 X80.097 Y138.565 E1012.15212
G1 F3557.5 X79.418 Y138.839 E1012.18652
G1 F3205.7 X78.758 Y138.829 E1012.22093
G1 F3226.3 X78.135 Y138.679 E1012.25413
G1 F3236.7 X77.561 Y138.352 E1012.28824
G1 X77.026 Y137.845 E1012.3263
G1 F3221.2 X76.655 Y137.138 E1012.36773
G1 F3226.3 X76.523 Y136.466 E1012.4032
G1 F3231.5 X76.513 Y136.383 E1012.40753
G1 F3190.5 X76.571 Y135.617 E1012.44777
M204 S5000
M205 X30 Y30
G0 F7200 X76.47 Y135.572
G0 X77.598 Y134.08
G0 X114.412 Y129.143
G0 X114.608 Y129.105
M204 S3000
M205 X20 Y20
G1 F4020 X114.787 Y128.182 E1012.48686
G1 X115.128 Y127.581 E1012.51559
G1 X115.817 Y126.97 E1012.55387
G1 X116.425 Y126.723 E1012.58116
G1 X116.977 Y126.643 E1012.60435
G1 X117.617 Y126.701 E1012.63106
G1 X118.223 Y126.926 E1012.65794
G1 X118.426 Y127.052 E1012.66787
G1 X118.916 Y127.479 E1012.69489
G1 X119.075 Y127.672 E1012.70529
G1 X119.325 Y128.129 E1012.72695
G1 X119.325 Y120.694 E1013.03606
G1 X102.642 Y109.984 E1013.86028
G1 X93.504 Y109.983 E1014.24019
G1 X93.201 Y109.834 E1014.25423
G1 X92.974 Y109.555 E1014.26919
G1 X92.905 Y109.293 E1014.28045
G1 X92.903 Y103.732 E1014.51165
G1 X85.849 Y99.205 E1014.86012
G1 F3418.4 X85.267 Y98.935 E1014.89149
G1 F3004.5 X84.643 Y98.527 E1014.93296
G1 F3064 X84.124 Y98.292 E1014.96404
G1 F3073.4 X83.522 Y98.137 E1014.99784
G1 F3054.7 X82.787 Y98.118 E1015.03807
G1 F3059.4 X82.058 Y98.272 E1015.07877
G1 F3087.6 X81.494 Y98.533 E1015.11241
G1 F3097.1 X81.091 Y98.812 E1015.13887
G1 F3092.3 X80.728 Y99.152 E1015.16575
G1 F3097.1 X80.424 Y99.544 E1015.19252
G1 F3087.6 X80.187 Y99.976 E1015.21919
G1 F3097.1 X80.018 Y100.437 E1015.24569
G1 F3092.3 X79.918 Y100.971 E1015.27505
G1 F3050.1 X79.882 Y101.315 E1015.294
G1 F3453.6 X79.742 Y101.839 E1015.32025
G1 F4020 X75.984 Y134.715 E1016.69597
G1 F3483.5 X75.985 Y135.381 E1016.72793
G1 F3130.8 X75.915 Y135.89 E1016.75536
G1 F3210.9 X75.892 Y136.411 E1016.7825
G1 F3205.7 X75.966 Y137.018 E1016.81438
G1 F3180.4 X76.174 Y137.586 E1016.84617
G1 F3185.4 X76.465 Y138.124 E1016.87826
G1 X76.95 Y138.668 E1016.9165
G1 F3190.5 X77.449 Y139.02 E1016.94849
G1 F3200.6 X77.993 Y139.29 E1016.9802
G1 F3190.5 X78.747 Y139.47 E1017.02081
G1 F3165.4 X79.495 Y139.465 E1017.06031
G1 F3532.5 X80.036 Y139.534 E1017.08611
G1 F4020 X88.538 Y139.533 E1017.43958
G1 X88.096 Y139.296 E1017.46043
G1 X87.614 Y138.827 E1017.48839
G1 X87.449 Y138.592 E1017.50033
G1 X87.182 Y137.987 E1017.52782
G1 X87.121 Y137.756 E1017.53776
G1 X87.08 Y137.13 E1017.56384
G1 X87.177 Y136.536 E1017.58886
G1 X87.587 Y135.749 E1017.62576
G1 X88.067 Y135.28 E1017.65366
G1 X88.647 Y134.954 E1017.68132
G1 X89.259 Y134.802 E1017.70754
G1 X89.901 Y134.8 E1017.73423
G1 X90.482 Y134.952 E1017.75919
G1 X91.075 Y135.271 E1017.78719
G1 X91.535 Y135.719 E1017.81389
G1 X91.885 Y136.294 E1017.84187
G1 X92.06 Y137.05 E1017.87413
G1 X92.075 Y137.291 E1017.88417
G1 X92.03 Y137.756 E1017.9036
G1 X91.969 Y137.987 E1017.91353
G1 X91.702 Y138.592 E1017.94102
G1 X91.537 Y138.827 E1017.95296
G1 X91.061 Y139.289 E1017.98054
G1 X90.641 Y139.533 E1018.00073
G1 X119.325 Y139.534 E1019.19328
G1 X119.325 Y130.049 E1019.58762
G1 X119.026 Y130.592 E1019.61339
G1 X118.483 Y131.093 E1019.6441
G1 X117.921 Y131.387 E1019.67047
G1 X117.493 Y131.502 E1019.6889
G1 X116.76 Y131.531 E1019.7194
G1 X116.136 Y131.355 E1019.74635
G1 X115.605 Y131.058 E1019.77165
G1 X115.121 Y130.584 E1019.79981
G1 X114.79 Y129.995 E1019.8279
G1 X114.608 Y129.105 E1019.86567
M204 S5000
M205 X30 Y30
G0 F7200 X115.125 Y129.139
M204 S3000
M205 X20 Y20
;TYPE:WALL-OUTER
G1 F2040 X115.121 Y129.068 E1019.86863
G1 X115.263 Y128.352 E1019.89897
G1 X115.541 Y127.878 E1019.92182
G1 X116.083 Y127.406 E1019.9517
G1 X116.563 Y127.204 E1019.97335
G1 X117.042 Y127.139 E1019.99345
G1 X117.552 Y127.197 E1020.01479
G1 X118.066 Y127.401 E1020.03778
G1 X118.621 Y127.885 E1020.06839
G1 F2007.9 X118.896 Y128.369 E1020.09191
G1 F1728.8 X119.091 Y128.794 E1020.11485
G1 F1540.8 X119.089 Y129.368 E1020.14644
G1 F1758.6 X118.865 Y129.864 E1020.17269
G1 F2040 X118.645 Y130.248 E1020.19109
G1 X118.263 Y130.643 E1020.21394
G1 X117.791 Y130.904 E1020.23636
G1 X117.363 Y131.019 E1020.25479
G1 X116.82 Y131.028 E1020.27736
G1 X116.359 Y130.904 E1020.29721
G1 X115.886 Y130.642 E1020.31969
G1 X115.523 Y130.274 E1020.34118
G1 X115.26 Y129.808 E1020.36343
G1 X115.125 Y129.139 E1020.3918
M204 S5000
M205 X30 Y30
G0 F7200 X115.121 Y129.068
G0 X115.146 Y128.942
G0 X114.459 Y128.804
G0 X88.583 Y134.828
G0 X87.478 Y135.661
G0 X86.951 Y137.064
G0 X86.999 Y138.066
G0 X87.639 Y137.785
M204 S3000
M205 X20 Y20
G1 F2040 X87.575 Y137.256 E1020.41396
G1 X87.577 Y137.191 E1020.41666
G1 X87.661 Y136.69 E1020.43778
G1 X88 Y136.045 E1020.46807
G1 X88.383 Y135.674 E1020.49024
G1 X88.824 Y135.428 E1020.51124
G1 X89.321 Y135.298 E1020.5326
G1 X89.844 Y135.3 E1020.55434
G1 X90.315 Y135.424 E1020.57459
G1 X90.773 Y135.677 E1020.59634
G1 X91.14 Y136.033 E1020.6176
G1 X91.417 Y136.485 E1020.63964
G1 X91.582 Y137.204 E1020.67031
G1 X91.512 Y137.785 E1020.69464
G1 X91.225 Y138.433 E1020.7241
G1 X90.682 Y138.959 E1020.75553
G1 F2015.8 X90.175 Y139.2 E1020.77915
G1 F1783.2 X89.74 Y139.344 E1020.80095
G1 F1700 X89.229 Y139.325 E1020.82646
G1 F1847.8 X88.473 Y138.964 E1020.86491
G1 F1939.2 X87.926 Y138.433 E1020.89825
G1 F2007.9 X87.639 Y137.785 E1020.92819
M204 S5000
M205 X30 Y30
G0 F7200 X87.615 Y137.587
G0 X86.911 Y137.654
G0 X80.526 Y134.054
G0 X78.905 Y133.642
G0 X77.598 Y134.08
G0 X76.427 Y135.756
G0 X77.122 Y135.823
M204 S3000
M205 X20 Y20
G1 F2040 X77.427 Y135.134 E1020.95952
G1 X77.968 Y134.611 E1020.9908
G1 X78.416 Y134.395 E1021.01148
G1 X78.947 Y134.283 E1021.03404
G1 X79.495 Y134.326 E1021.05689
G1 X80.174 Y134.602 E1021.08737
G1 X80.725 Y135.136 E1021.11927
G1 X81.027 Y135.828 E1021.15066
G1 X81.077 Y136.38 E1021.1737
G1 X80.917 Y137.083 E1021.20368
G1 X80.661 Y137.507 E1021.22427
G1 X80.3 Y137.869 E1021.24552
G1 X79.853 Y138.128 E1021.267
G1 X79.343 Y138.269 E1021.289
G1 X78.823 Y138.271 E1021.31062
G1 X78.308 Y138.134 E1021.33277
G1 X77.903 Y137.908 E1021.35206
G1 X77.494 Y137.52 E1021.3755
G1 X77.161 Y136.88 E1021.40549
G1 X77.077 Y136.378 E1021.42665
G1 X77.122 Y135.823 E1021.4498
M204 S5000
M205 X30 Y30
G0 F7200 X77.203 Y135.64
G0 X76.564 Y135.358
G0 X81.999 Y124.566
G0 X82.639 Y124.285
M204 S3000
M205 X20 Y20
G1 F2040 X82.575 Y123.756 E1021.47195
G1 X82.656 Y123.196 E1021.49548
G1 X82.996 Y122.544 E1021.52605
G1 X83.403 Y122.161 E1021.54929
G1 X83.826 Y121.927 E1021.56938
G1 X84.321 Y121.798 E1021.59065
G1 X84.822 Y121.797 E1021.61148
G1 X85.324 Y121.927 E1021.63304
G1 X85.788 Y122.189 E1021.65519
G1 X86.133 Y122.525 E1021.67521
G1 X86.416 Y122.985 E1021.69767
G1 X86.581 Y123.701 E1021.72822
G1 X86.527 Y124.251 E1021.75119
G1 X86.223 Y124.934 E1021.78227
G1 X85.678 Y125.458 E1021.81371
G1 X85.174 Y125.694 E1021.83684
G1 X84.713 Y125.782 E1021.85636
G1 X84.175 Y125.748 E1021.87877
G1 X83.474 Y125.465 E1021.9102
G1 X82.931 Y124.933 E1021.9418
G1 X82.639 Y124.285 E1021.97135
M204 S5000
M205 X30 Y30
G0 F7200 X82.615 Y124.087
G0 X81.911 Y124.154
G0 X82.043 Y122.994
G0 X92.704 Y109.361
G0 X93.437 Y109.362
M204 S3000
M205 X20 Y20
G1 F2040 X93.403 Y109.254 E1021.97606
G1 X93.403 Y103.459 E1022.21699
G1 X84.919 Y98.013 E1022.63613
G1 X84.315 Y97.747 E1022.66357
G1 X83.605 Y97.56 E1022.69409
G1 X82.734 Y97.537 E1022.73032
G1 X81.872 Y97.72 E1022.76695
G1 X81.208 Y98.034 E1022.79749
G1 X80.729 Y98.362 E1022.82163
G1 X80.301 Y98.764 E1022.84604
G1 X79.943 Y99.227 E1022.87037
G1 X79.661 Y99.737 E1022.8946
G1 X79.463 Y100.283 E1022.91875
G1 X79.349 Y100.87 E1022.94361
G1 X75.351 Y135.847 E1024.40725
G1 X75.329 Y136.433 E1024.43163
G1 X75.412 Y137.149 E1024.4616
G1 X75.656 Y137.819 E1024.49124
G1 X76 Y138.451 E1024.52116
G1 X76.571 Y139.094 E1024.55691
G1 X77.16 Y139.507 E1024.58682
G1 X77.802 Y139.824 E1024.61659
G1 X78.511 Y139.991 E1024.64687
G1 X78.881 Y140.034 E1024.66236
G1 X88.322 Y140.033 E1025.05487
G1 F1888.9 X88.983 Y139.994 E1025.0846
G1 F1672.1 X89.191 Y139.963 E1025.09527
G1 F1606.3 X89.806 Y139.969 E1025.12774
G1 F1783.2 X90.254 Y140.028 E1025.14923
G1 F1992.2 X90.857 Y140.028 E1025.1749
G1 X91.46 Y140.028 E1025.20057
G1 X92.063 Y140.028 E1025.22625
G1 X92.666 Y140.028 E1025.25192
G1 F1996.1 X93.269 Y140.028 E1025.27754
G1 X93.872 Y140.028 E1025.30316
G1 X94.475 Y140.028 E1025.32878
G1 X95.078 Y140.028 E1025.3544
G1 F2000 X95.681 Y140.029 E1025.37997
G1 X96.284 Y140.029 E1025.40554
G1 X96.887 Y140.029 E1025.43112
G1 F2003.9 X97.49 Y140.029 E1025.45664
G1 X98.093 Y140.029 E1025.48216
G1 X98.696 Y140.029 E1025.50768
G1 X99.299 Y140.029 E1025.5332
G1 F2007.9 X99.902 Y140.029 E1025.55867
G1 X100.505 Y140.03 E1025.58414
G1 X101.108 Y140.03 E1025.60961
G1 X101.711 Y140.03 E1025.63508
G1 F2011.8 X102.314 Y140.03 E1025.6605
G1 X102.917 Y140.03 E1025.68593
G1 X103.52 Y140.03 E1025.71135
G1 X104.123 Y140.03 E1025.73677
G1 F2015.8 X104.726 Y140.03 E1025.76214
G1 X105.329 Y140.031 E1025.78751
G1 X105.932 Y140.031 E1025.81288
G1 F2019.8 X106.535 Y140.031 E1025.8382
G1 X107.138 Y140.031 E1025.86352
G1 X107.741 Y140.031 E1025.88884
G1 X108.344 Y140.031 E1025.91416
G1 F2023.8 X108.947 Y140.031 E1025.93943
G1 X109.55 Y140.031 E1025.9647
G1 X110.153 Y140.032 E1025.98997
G1 X110.756 Y140.032 E1026.01524
G1 F2027.8 X111.359 Y140.032 E1026.04046
G1 X111.962 Y140.032 E1026.06568
G1 X112.565 Y140.032 E1026.0909
G1 X113.168 Y140.032 E1026.11612
G1 F2031.9 X113.771 Y140.032 E1026.14129
G1 X114.374 Y140.032 E1026.16646
G1 X114.977 Y140.033 E1026.19163
G1 F2035.9 X115.58 Y140.033 E1026.21675
G1 X116.183 Y140.033 E1026.24187
G1 X116.786 Y140.033 E1026.26699
G1 X117.389 Y140.033 E1026.29211
G1 F2040 X117.992 Y140.033 E1026.31718
G1 X118.595 Y140.033 E1026.34225
G1 X119.198 Y140.033 E1026.36732
G1 X119.801 Y140.033 E1026.39239
G1 X119.825 Y129.927 E1026.81255
G1 F1758.6 X119.745 Y129.425 E1026.83707
G1 F1550.2 X119.747 Y128.867 E1026.8676
G1 F1540.8 X119.741 Y128.693 E1026.87718
G1 F1734.7 X119.825 Y128.201 E1026.90159
G1 F2011.8 X119.825 Y127.228 E1026.9426
G1 F2015.8 X119.825 Y126.255 E1026.98354
G1 F2019.8 X119.825 Y125.282 E1027.0244
G1 F2023.8 X119.825 Y124.309 E1027.06518
G1 F2027.8 X119.825 Y123.336 E1027.10587
G1 F2031.9 X119.825 Y122.363 E1027.14649
G1 F2035.9 X119.825 Y121.39 E1027.18702
G1 F2040 X119.825 Y120.417 E1027.22747
G1 X102.789 Y109.484 E1028.06905
G1 X93.603 Y109.484 E1028.45096
G1 X93.437 Y109.362 E1028.45953
M204 S5000
M205 X30 Y30
G0 F7200 X93.403 Y109.254
G0 X93.403 Y109.167
G0 X92.704 Y109.166
G0 X82.043 Y103.676
G0 X80.969 Y102.806
G0 X80.494 Y101.42
G0 X81.196 Y100.755
M204 S3000
M205 X20 Y20
G1 F2040 X81.382 Y100.309 E1028.47962
G1 X81.718 Y99.881 E1028.50224
G1 X82.114 Y99.583 E1028.52285
G1 X82.579 Y99.396 E1028.54368
G1 X83.108 Y99.333 E1028.56583
G1 X83.589 Y99.398 E1028.58601
G1 X84.235 Y99.713 E1028.61589
G1 X84.456 Y99.903 E1028.62801
G1 X84.749 Y100.278 E1028.64779
G1 X84.97 Y100.791 E1028.67102
G1 X85.015 Y101.482 E1028.69981
G1 X84.89 Y101.999 E1028.72192
G1 X84.626 Y102.472 E1028.74444
G1 X84.261 Y102.837 E1028.7659
G1 X83.83 Y103.085 E1028.78658
G1 X83.334 Y103.22 E1028.80795
G1 X82.788 Y103.214 E1028.83065
G1 X82.274 Y103.063 E1028.85292
G1 X81.747 Y102.708 E1028.87934
G1 X81.506 Y102.448 E1028.89408
G1 X81.207 Y101.844 E1028.9221
G1 X81.125 Y101.317 E1028.94427
G1 X81.125 Y101.251 E1028.94701
G1 X81.196 Y100.755 E1028.96785
M204 S5000
M205 X30 Y30
G0 F7200 X81.273 Y100.571
G0 X80.628 Y100.303
G0 X80.571 Y101.995
G0 X81.293 Y103.174
G0 X91.701 Y109.468
G0 X93.451 Y110.454
M204 S3000
M205 X20 Y20
;TYPE:SKIN
G1 F1500 X93.136 Y110.346 E1028.98169
G1 X92.791 Y110.108 E1028.99912
G1 X92.593 Y109.855 E1029.01247
G1 X92.43 Y109.375 E1029.03355
G1 X92.428 Y103.992 E1029.25735
G1 X85.62 Y99.623 E1029.59366
G1 X85.487 Y99.581 E1029.59946
G1 X85.852 Y100.368 E1029.63553
G1 X85.947 Y100.766 E1029.65254
G1 X85.989 Y101.413 E1029.6795
G1 X85.955 Y101.806 E1029.6959
G1 X85.725 Y102.523 E1029.7272
G1 X85.395 Y103.079 E1029.75408
G1 X84.825 Y103.641 E1029.78736
G1 X84.174 Y104.003 E1029.81833
G1 X83.511 Y104.184 E1029.8469
G1 X82.83 Y104.198 E1029.87522
G1 X82.113 Y104.044 E1029.90571
G1 X81.727 Y103.871 E1029.9233
G1 X81.037 Y103.406 E1029.95789
G1 X80.614 Y102.848 E1029.987
G1 X80.319 Y102.242 E1030.01502
G1 X80.215 Y101.923 E1030.02897
G1 X76.459 Y134.746 E1031.4025
G1 X76.47 Y134.836 E1031.40627
G1 X76.756 Y134.431 E1031.42688
G1 X77.287 Y133.914 E1031.45769
G1 X77.588 Y133.709 E1031.47283
G1 X78.268 Y133.42 E1031.50355
G1 X79.023 Y133.309 E1031.53528
G1 X79.793 Y133.398 E1031.56751
G1 X80.491 Y133.674 E1031.59871
G1 X80.816 Y133.864 E1031.61436
G1 X81.461 Y134.499 E1031.65199
G1 X81.589 Y134.688 E1031.66148
G1 X81.98 Y135.554 E1031.70099
G1 X82.066 Y136.43 E1031.73758
G1 X81.88 Y137.256 E1031.77278
G1 X81.727 Y137.63 E1031.78958
G1 X81.309 Y138.251 E1031.82071
G1 X80.743 Y138.75 E1031.85208
G1 X80.125 Y139.058 E1031.88078
G1 X87.201 Y139.058 E1032.17497
G1 X87.034 Y138.821 E1032.18702
G1 X86.747 Y138.18 E1032.21622
G1 X86.655 Y137.845 E1032.23067
G1 X86.605 Y137.091 E1032.26208
G1 X86.721 Y136.382 E1032.29195
G1 X87.214 Y135.444 E1032.33601
G1 X87.774 Y134.906 E1032.36829
G1 X88.468 Y134.506 E1032.4016
G1 X89.196 Y134.331 E1032.43272
G1 X89.933 Y134.322 E1032.46337
G1 X90.662 Y134.505 E1032.49462
G1 X91.349 Y134.879 E1032.52714
G1 X91.928 Y135.44 E1032.56065
G1 X92.339 Y136.154 E1032.59491
G1 X92.522 Y136.936 E1032.6283
G1 X92.549 Y137.294 E1032.64322
G1 X92.496 Y137.845 E1032.66624
G1 X92.404 Y138.18 E1032.68068
G1 X92.117 Y138.821 E1032.70988
G1 X91.95 Y139.058 E1032.72193
G1 X118.85 Y139.059 E1033.8403
G1 X118.85 Y131.396 E1034.15889
G1 X118.288 Y131.747 E1034.18644
G1 X117.589 Y131.966 E1034.2169
G1 X117.281 Y132.002 E1034.22979
G1 X116.546 Y131.966 E1034.26038
G1 X115.831 Y131.738 E1034.29158
G1 X115.254 Y131.39 E1034.3196
G1 X114.755 Y130.873 E1034.34947
G1 X114.346 Y130.196 E1034.38236
G1 X114.147 Y129.22 E1034.42377
G1 X114.15 Y128.952 E1034.43491
G1 X114.339 Y127.998 E1034.47534
G1 X114.786 Y127.239 E1034.51197
G1 X115.565 Y126.563 E1034.55485
G1 X116.3 Y126.264 E1034.58784
G1 X116.941 Y126.168 E1034.61478
G1 X117.702 Y126.231 E1034.64653
G1 X118.399 Y126.483 E1034.67734
G1 X118.85 Y126.79 E1034.70003
G1 X118.85 Y120.954 E1034.94266
G1 X102.504 Y110.46 E1035.75024
G1 X93.451 Y110.454 E1036.12662
M204 S5000
M205 X30 Y30
G0 F7200 X84.564 Y119.936
G0 X81.684 Y123.086
M204 S3000
M205 X20 Y20
G1 F1500 X81.796 Y122.741 E1036.1417
G1 X82.131 Y122.099 E1036.17181
G1 X82.357 Y121.806 E1036.18719
G1 X82.906 Y121.321 E1036.21765
G1 X83.466 Y121.02 E1036.24408
G1 X84.185 Y120.823 E1036.27507
G1 X84.91 Y120.826 E1036.30522
G1 X85.674 Y121.005 E1036.33784
G1 X86.33 Y121.369 E1036.36903
G1 X86.904 Y121.907 E1036.40174
G1 X87.33 Y122.626 E1036.43648
G1 X87.537 Y123.513 E1036.47435
G1 X87.553 Y123.742 E1036.4839
G1 X87.479 Y124.506 E1036.51581
G1 X87.098 Y125.366 E1036.55491
G1 X86.927 Y125.609 E1036.56727
G1 X86.352 Y126.167 E1036.60058
G1 X86.086 Y126.347 E1036.61393
G1 X85.462 Y126.633 E1036.64247
G1 X84.81 Y126.754 E1036.67004
G1 X83.979 Y126.718 E1036.70462
G1 X82.936 Y126.304 E1036.75128
G1 X82.109 Y125.5 E1036.79923
G1 X81.747 Y124.679 E1036.83653
G1 X81.648 Y124.303 E1036.8527
G1 X81.593 Y123.733 E1036.87651
G1 X81.594 Y123.669 E1036.87917
G1 X81.684 Y123.086 E1036.90369
M204 S5000
M205 X30 Y30
G0 F7200 X81.726 Y136.406
G0 X81.308 Y138.583
M204 S3000
M205 X20 Y20
G1 F1500 X81.53 Y138.805 E1036.91674
M204 S5000
M205 X30 Y30
G0 F7200 X81.638 Y138.206
M204 S3000
M205 X20 Y20
G1 F1500 X82.237 Y138.805 E1036.95196
M204 S5000
M205 X30 Y30
G0 F7200 X82.944 Y138.805
M204 S3000
M205 X20 Y20
G1 F1500 X81.923 Y137.784 E1037.01199
M204 S5000
M205 X30 Y30
G0 F7200 X82.129 Y137.283
M204 S3000
M205 X20 Y20
G1 F1500 X83.651 Y138.805 E1037.10148
M204 S5000
M205 X30 Y30
G0 F7200 X84.359 Y138.806
M204 S3000
M205 X20 Y20
G1 F1500 X82.257 Y136.704 E1037.22507
M204 S5000
M205 X30 Y30
G0 F7200 X82.276 Y136.016
M204 S3000
M205 X20 Y20
G1 F1500 X85.066 Y138.806 E1037.38911
M204 S5000
M205 X30 Y30
G0 F7200 X85.773 Y138.806
M204 S3000
M205 X20 Y20
G1 F1500 X82.032 Y135.065 E1037.60907
G1 X81.944 Y134.977
M204 S5000
M205 X30 Y30
G0 F7200 X80.299 Y133.332
M204 S3000
M205 X20 Y20
G1 F1500 X77.224 Y130.257 E1037.78987
M204 S5000
M205 X30 Y30
G0 F7200 X77.151 Y130.891
M204 S3000
M205 X20 Y20
G1 F1500 X79.352 Y133.092 E1037.91928
M204 S5000
M205 X30 Y30
G0 F7200 X78.661 Y133.108
M204 S3000
M205 X20 Y20
G1 F1500 X77.079 Y131.526 E1038.01229
M204 S5000
M205 X30 Y30
G0 F7200 X77.006 Y132.161
M204 S3000
M205 X20 Y20
G1 F1500 X78.074 Y133.228 E1038.07506
M204 S5000
M205 X30 Y30
G0 F7200 X77.578 Y133.44
M204 S3000
M205 X20 Y20
G1 F1500 X76.934 Y132.796 E1038.11292
M204 S5000
M205 X30 Y30
G0 F7200 X76.861 Y133.43
M204 S3000
M205 X20 Y20
G1 F1500 X77.14 Y133.708 E1038.1293
M204 S5000
M205 X30 Y30
G0 F7200 X77.296 Y129.622
M204 S3000
M205 X20 Y20
G1 F1500 X86.48 Y138.806 E1038.66928
M204 S5000
M205 X30 Y30
G0 F7200 X86.462 Y138.08
M204 S3000
M205 X20 Y20
G1 F1500 X77.369 Y128.988 E1039.20389
M204 S5000
M205 X30 Y30
G0 F7200 X77.441 Y128.353
M204 S3000
M205 X20 Y20
G1 F1500 X86.366 Y137.277 E1039.72861
M204 S5000
M205 X30 Y30
G0 F7200 X86.427 Y136.632
M204 S3000
M205 X20 Y20
G1 F1500 X77.514 Y127.719 E1040.25266
M204 S5000
M205 X30 Y30
G0 F7200 X77.586 Y127.084
M204 S3000
M205 X20 Y20
G1 F1500 X86.592 Y136.089 E1040.78215
M204 S5000
M205 X30 Y30
G0 F7200 X86.833 Y135.623
M204 S3000
M205 X20 Y20
G1 F1500 X77.659 Y126.449 E1041.32155
M204 S5000
M205 X30 Y30
G0 F7200 X77.732 Y125.815
M204 S3000
M205 X20 Y20
G1 F1500 X87.11 Y135.193 E1041.87294
M204 S5000
M205 X30 Y30
G0 F7200 X87.471 Y134.847
M204 S3000
M205 X20 Y20
G1 F1500 X77.804 Y125.18 E1042.44132
M204 S5000
M205 X30 Y30
G0 F7200 X77.877 Y124.546
M204 S3000
M205 X20 Y20
G1 F1500 X87.882 Y134.551 E1043.02958
M204 S5000
M205 X30 Y30
G0 F7200 X88.331 Y134.293
M204 S3000
M205 X20 Y20
G1 F1500 X77.949 Y123.911 E1043.64
M204 S5000
M205 X30 Y30
G0 F7200 X78.022 Y123.276
M204 S3000
M205 X20 Y20
G1 F1500 X88.891 Y134.146 E1044.27908
M204 S5000
M205 X30 Y30
G0 F7200 X89.53 Y134.078
M204 S3000
M205 X20 Y20
G1 F1500 X78.094 Y122.642 E1044.95148
M204 S5000
M205 X30 Y30
G0 F7200 X78.167 Y122.007
M204 S3000
M205 X20 Y20
G1 F1500 X90.322 Y134.162 E1045.66614
G1 X90.41 Y134.25
M204 S5000
M205 X30 Y30
G0 F7200 X92.684 Y136.524
M204 S3000
M205 X20 Y20
G1 F1500 X94.966 Y138.807 E1045.80035
M204 S5000
M205 X30 Y30
G0 F7200 X94.259 Y138.807
M204 S3000
M205 X20 Y20
G1 F1500 X92.793 Y137.341 E1045.88654
M204 S5000
M205 X30 Y30
G0 F7200 X92.718 Y137.973
M204 S3000
M205 X20 Y20
G1 F1500 X93.552 Y138.807 E1045.93558
M204 S5000
M205 X30 Y30
G0 F7200 X92.845 Y138.807
M204 S3000
M205 X20 Y20
G1 F1500 X92.535 Y138.497 E1045.9538
M204 S5000
M205 X30 Y30
G0 F7200 X95.673 Y138.807
M204 S3000
M205 X20 Y20
G1 F1500 X83.775 Y126.908 E1046.65339
M204 S5000
M205 X30 Y30
G0 F7200 X84.567 Y126.994
M204 S3000
M205 X20 Y20
G1 F1500 X96.38 Y138.807 E1047.34795
M204 S5000
M205 X30 Y30
G0 F7200 X97.087 Y138.807
M204 S3000
M205 X20 Y20
G1 F1500 X85.214 Y126.934 E1048.04604
M204 S5000
M205 X30 Y30
G0 F7200 X85.761 Y126.773
M204 S3000
M205 X20 Y20
G1 F1500 X97.794 Y138.807 E1048.75356
M204 S5000
M205 X30 Y30
G0 F7200 X98.502 Y138.807
M204 S3000
M205 X20 Y20
G1 F1500 X86.238 Y126.543 E1049.47464
M204 S5000
M205 X30 Y30
G0 F7200 X86.637 Y126.235
M204 S3000
M205 X20 Y20
G1 F1500 X99.209 Y138.807 E1050.21382
M204 S5000
M205 X30 Y30
G0 F7200 X99.916 Y138.807
M204 S3000
M205 X20 Y20
G1 F1500 X86.996 Y125.887 E1050.97347
M204 S5000
M205 X30 Y30
G0 F7200 X87.31 Y125.493
M204 S3000
M205 X20 Y20
G1 F1500 X100.623 Y138.807 E1051.75625
M204 S5000
M205 X30 Y30
G0 F7200 X101.33 Y138.807
M204 S3000
M205 X20 Y20
G1 F1500 X87.529 Y125.005 E1052.56773
M204 S5000
M205 X30 Y30
G0 F7200 X87.73 Y124.499
M204 S3000
M205 X20 Y20
G1 F1500 X102.037 Y138.807 E1053.40895
M204 S5000
M205 X30 Y30
G0 F7200 X102.744 Y138.807
M204 S3000
M205 X20 Y20
G1 F1500 X87.794 Y123.856 E1054.28798
M204 S5000
M205 X30 Y30
G0 F7200 X87.684 Y123.039
M204 S3000
M205 X20 Y20
G1 F1500 X103.451 Y138.807 E1055.21505
M204 S5000
M205 X30 Y30
G0 F7200 X104.158 Y138.807
M204 S3000
M205 X20 Y20
G1 F1500 X79.109 Y113.757 E1056.68787
M204 S5000
M205 X30 Y30
G0 F7200 X79.181 Y113.122
M204 S3000
M205 X20 Y20
G1 F1500 X104.866 Y138.807 E1058.19805
M204 S5000
M205 X30 Y30
G0 F7200 X105.573 Y138.807
M204 S3000
M205 X20 Y20
G1 F1500 X79.254 Y112.488 E1059.7455
M204 S5000
M205 X30 Y30
G0 F7200 X79.326 Y111.853
M204 S3000
M205 X20 Y20
G1 F1500 X106.28 Y138.807 E1061.3303
M204 S5000
M205 X30 Y30
G0 F7200 X106.987 Y138.807
M204 S3000
M205 X20 Y20
G1 F1500 X79.399 Y111.219 E1062.95236
M204 S5000
M205 X30 Y30
G0 F7200 X79.471 Y110.584
M204 S3000
M205 X20 Y20
G1 F1500 X107.694 Y138.807 E1064.61177
M204 S5000
M205 X30 Y30
G0 F7200 X108.401 Y138.807
M204 S3000
M205 X20 Y20
G1 F1500 X79.544 Y109.95 E1066.30845
M204 S5000
M205 X30 Y30
G0 F7200 X79.616 Y109.315
M204 S3000
M205 X20 Y20
G1 F1500 X109.108 Y138.807 E1068.04247
M204 S5000
M205 X30 Y30
G0 F7200 X109.815 Y138.807
M204 S3000
M205 X20 Y20
G1 F1500 X79.689 Y108.68 E1069.81379
M204 S5000
M205 X30 Y30
G0 F7200 X79.761 Y108.045
M204 S3000
M205 X20 Y20
G1 F1500 X110.522 Y138.807 E1071.62245
M204 S5000
M205 X30 Y30
G0 F7200 X111.23 Y138.807
M204 S3000
M205 X20 Y20
G1 F1500 X79.834 Y107.411 E1073.46841
M204 S5000
M205 X30 Y30
G0 F7200 X79.907 Y106.777
M204 S3000
M205 X20 Y20
G1 F1500 X111.937 Y138.807 E1075.35165
M204 S5000
M205 X30 Y30
G0 F7200 X112.644 Y138.807
M204 S3000
M205 X20 Y20
G1 F1500 X79.979 Y106.142 E1077.27223
M204 S5000
M205 X30 Y30
G0 F7200 X80.052 Y105.508
M204 S3000
M205 X20 Y20
G1 F1500 X113.351 Y138.807 E1079.23008
M204 S5000
M205 X30 Y30
G0 F7200 X114.058 Y138.807
M204 S3000
M205 X20 Y20
G1 F1500 X80.124 Y104.873 E1081.22527
M204 S5000
M205 X30 Y30
G0 F7200 X80.197 Y104.238
M204 S3000
M205 X20 Y20
G1 F1500 X114.765 Y138.807 E1083.25777
M204 S5000
M205 X30 Y30
G0 F7200 X115.472 Y138.807
M204 S3000
M205 X20 Y20
G1 F1500 X80.269 Y103.603 E1085.3276
M204 S5000
M205 X30 Y30
G0 F7200 X80.53 Y103.157
M204 S3000
M205 X20 Y20
G1 F1500 X80.342 Y102.969 E1085.33865
M204 S5000
M205 X30 Y30
G0 F7200 X81.167 Y103.794
M204 S3000
M205 X20 Y20
G1 F1500 X116.179 Y138.807 E1087.39725
M204 S5000
M205 X30 Y30
G0 F7200 X116.886 Y138.807
M204 S3000
M205 X20 Y20
G1 F1500 X82.451 Y104.371 E1089.42193
M204 S5000
M205 X30 Y30
G0 F7200 X83.224 Y104.437
M204 S3000
M205 X20 Y20
G1 F1500 X117.593 Y138.807 E1091.44272
M204 S5000
M205 X30 Y30
G0 F7200 X118.301 Y138.807
M204 S3000
M205 X20 Y20
G1 F1500 X83.843 Y104.349 E1093.46872
M204 S5000
M205 X30 Y30
G0 F7200 X84.379 Y104.178
M204 S3000
M205 X20 Y20
G1 F1500 X118.6 Y138.399 E1095.48079
M204 S5000
M205 X30 Y30
G0 F7200 X118.6 Y137.692
M204 S3000
M205 X20 Y20
G1 F1500 X84.83 Y103.922 E1097.46633
M204 S5000
M205 X30 Y30
G0 F7200 X85.218 Y103.603
M204 S3000
M205 X20 Y20
G1 F1500 X118.6 Y136.984 E1099.42904
M204 S5000
M205 X30 Y30
G0 F7200 X118.6 Y136.277
M204 S3000
M205 X20 Y20
G1 F1500 X85.575 Y103.253 E1101.37075
M204 S5000
M205 X30 Y30
G0 F7200 X85.842 Y102.813
M204 S3000
M205 X20 Y20
G1 F1500 X92.181 Y109.151 E1101.74343
M204 S5000
M205 X30 Y30
G0 F7200 X92.181 Y108.444
M204 S3000
M205 X20 Y20
G1 F1500 X86.052 Y102.316 E1102.10376
M204 S5000
M205 X30 Y30
G0 F7200 X86.208 Y101.764
M204 S3000
M205 X20 Y20
G1 F1500 X92.18 Y107.736 E1102.45489
M204 S5000
M205 X30 Y30
G0 F7200 X92.18 Y107.029
M204 S3000
M205 X20 Y20
G1 F1500 X86.216 Y101.066 E1102.80552
M204 S5000
M205 X30 Y30
G0 F7200 X86.057 Y100.199
M204 S3000
M205 X20 Y20
G1 F1500 X92.179 Y106.321 E1103.16547
M204 S5000
M205 X30 Y30
G0 F7200 X92.179 Y105.614
M204 S3000
M205 X20 Y20
G1 F1500 X88.032 Y101.467 E1103.4093
G1 X87.944 Y101.379
M204 S5000
M205 X30 Y30
G0 F7200 X90.006 Y102.734
M204 S3000
M205 X20 Y20
G1 F1500 X92.179 Y104.907 E1103.53707
M204 S5000
M205 X30 Y30
G0 F7200 X92.179 Y104.199
M204 S3000
M205 X20 Y20
G1 F1500 X91.981 Y104.001 E1103.54871
M204 S5000
M205 X30 Y30
G0 F7200 X92.775 Y110.112
G0 X93.734 Y110.705
M204 S3000
M205 X20 Y20
G1 F1500 X118.6 Y135.57 E1105.0107
M204 S5000
M205 X30 Y30
G0 F7200 X118.6 Y134.863
M204 S3000
M205 X20 Y20
G1 F1500 X115.667 Y131.93 E1105.18315
G1 X115.579 Y131.842
M204 S5000
M205 X30 Y30
G0 F7200 X116.666 Y132.222
M204 S3000
M205 X20 Y20
G1 F1500 X118.6 Y134.156 E1105.29686
M204 S5000
M205 X30 Y30
G0 F7200 X118.6 Y133.449
M204 S3000
M205 X20 Y20
G1 F1500 X117.389 Y132.238 E1105.36807
M204 S5000
M205 X30 Y30
G0 F7200 X117.968 Y132.11
M204 S3000
M205 X20 Y20
G1 F1500 X118.6 Y132.742 E1105.40523
M204 S5000
M205 X30 Y30
G0 F7200 X118.6 Y132.035
M204 S3000
M205 X20 Y20
G1 F1500 X118.486 Y131.921 E1105.41193
M204 S5000
M205 X30 Y30
G0 F7200 X116.736 Y131.666
G0 X114.25 Y130.514
M204 S3000
M205 X20 Y20
G1 F1500 X94.441 Y110.705 E1106.57662
M204 S5000
M205 X30 Y30
G0 F7200 X95.149 Y110.706
M204 S3000
M205 X20 Y20
G1 F1500 X113.949 Y129.505 E1107.68196
M204 S5000
M205 X30 Y30
G0 F7200 X113.929 Y128.778
M204 S3000
M205 X20 Y20
G1 F1500 X95.856 Y110.706 E1108.74455
M204 S5000
M205 X30 Y30
G0 F7200 X96.564 Y110.706
M204 S3000
M205 X20 Y20
G1 F1500 X114.046 Y128.188 E1109.77243
M204 S5000
M205 X30 Y30
G0 F7200 X114.24 Y127.675
M204 S3000
M205 X20 Y20
G1 F1500 X97.271 Y110.706 E1110.77014
M204 S5000
M205 X30 Y30
G0 F7200 X97.979 Y110.707
M204 S3000
M205 X20 Y20
G1 F1500 X114.502 Y127.23 E1111.74163
M204 S5000
M205 X30 Y30
G0 F7200 X114.84 Y126.861
M204 S3000
M205 X20 Y20
G1 F1500 X98.687 Y110.708 E1112.69136
M204 S5000
M205 X30 Y30
G0 F7200 X99.394 Y110.708
M204 S3000
M205 X20 Y20
G1 F1500 X115.217 Y126.531 E1113.6217
M204 S5000
M205 X30 Y30
G0 F7200 X115.648 Y126.255
M204 S3000
M205 X20 Y20
G1 F1500 X100.102 Y110.708 E1114.53577
M204 S5000
M205 X30 Y30
G0 F7200 X100.809 Y110.708
M204 S3000
M205 X20 Y20
G1 F1500 X116.154 Y126.053 E1115.438
M204 S5000
M205 X30 Y30
G0 F7200 X116.75 Y125.942
M204 S3000
M205 X20 Y20
G1 F1500 X101.517 Y110.709 E1116.33364
M204 S5000
M205 X30 Y30
G0 F7200 X102.224 Y110.709
M204 S3000
M205 X20 Y20
G1 F1500 X117.474 Y125.959 E1117.23028
G1 X117.562 Y126.047
M204 S5000
M205 X30 Y30
G0 F7200 X118.46 Y126.238
M204 S3000
M205 X20 Y20
G1 F1500 X103.829 Y111.607 E1118.09053
G1 X103.741 Y111.519
M204 S5000
M205 X30 Y30
G0 F7200 X105.805 Y112.876
M204 S3000
M205 X20 Y20
G1 F1500 X118.6 Y125.671 E1118.84283
M204 S5000
M205 X30 Y30
G0 F7200 X118.6 Y124.964
M204 S3000
M205 X20 Y20
G1 F1500 X107.78 Y114.144 E1119.479
G1 X107.692 Y114.056
M204 S5000
M205 X30 Y30
G0 F7200 X109.755 Y115.412
M204 S3000
M205 X20 Y20
G1 F1500 X118.6 Y124.257 E1119.99905
M204 S5000
M205 X30 Y30
G0 F7200 X118.6 Y123.549
M204 S3000
M205 X20 Y20
G1 F1500 X111.73 Y116.68 E1120.40295
G1 X111.642 Y116.592
M204 S5000
M205 X30 Y30
G0 F7200 X113.705 Y117.948
M204 S3000
M205 X20 Y20
G1 F1500 X118.6 Y122.842 E1120.69073
M204 S5000
M205 X30 Y30
G0 F7200 X118.6 Y122.135
M204 S3000
M205 X20 Y20
G1 F1500 X115.681 Y119.216 E1120.86236
G1 X115.593 Y119.128
M204 S5000
M205 X30 Y30
G0 F7200 X117.656 Y120.484
M204 S3000
M205 X20 Y20
G1 F1500 X118.6 Y121.428 E1120.91786
G1 X118.688 Y121.516
M204 S5000
M205 X30 Y30
G0 F7200 X85.31 Y120.665
M204 S3000
M205 X20 Y20
G1 F1500 X79.036 Y114.392 E1121.28672
M204 S5000
M205 X30 Y30
G0 F7200 X78.964 Y115.027
M204 S3000
M205 X20 Y20
G1 F1500 X84.512 Y120.575 E1121.61292
M204 S5000
M205 X30 Y30
G0 F7200 X83.879 Y120.648
M204 S3000
M205 X20 Y20
G1 F1500 X78.891 Y115.661 E1121.90616
M204 S5000
M205 X30 Y30
G0 F7200 X78.819 Y116.296
M204 S3000
M205 X20 Y20
G1 F1500 X83.331 Y120.807 E1122.17142
M204 S5000
M205 X30 Y30
G0 F7200 X82.871 Y121.055
M204 S3000
M205 X20 Y20
G1 F1500 X78.746 Y116.93 E1122.41396
M204 S5000
M205 X30 Y30
G0 F7200 X78.674 Y117.564
M204 S3000
M205 X20 Y20
G1 F1500 X82.476 Y121.367 E1122.63753
M204 S5000
M205 X30 Y30
G0 F7200 X82.11 Y121.708
M204 S3000
M205 X20 Y20
G1 F1500 X78.601 Y118.199 E1122.84385
M204 S5000
M205 X30 Y30
G0 F7200 X78.529 Y118.834
M204 S3000
M205 X20 Y20
G1 F1500 X81.827 Y122.132 E1123.03776
M204 S5000
M205 X30 Y30
G0 F7200 X81.585 Y122.598
M204 S3000
M205 X20 Y20
G1 F1500 X78.457 Y119.469 E1123.2217
M204 S5000
M205 X30 Y30
G0 F7200 X78.384 Y120.103
M204 S3000
M205 X20 Y20
G1 F1500 X81.422 Y123.141 E1123.40032
M204 S5000
M205 X30 Y30
G0 F7200 X81.345 Y123.771
M204 S3000
M205 X20 Y20
G1 F1500 X78.312 Y120.738 E1123.57865
M204 S5000
M205 X30 Y30
G0 F7200 X78.239 Y121.372
M204 S3000
M205 X20 Y20
G1 F1500 X81.468 Y124.602 E1123.76853
G1 X81.556 Y124.69
M204 S5000
M205 X30 Y30
G1 F1500 E1117.26853
;MESH:Hip Servo Mount L.stl
G0 F7200 X82.803 Y122.403
G0 X102.726 Y109.703
G0 X103.337 Y108.749
G0 X113.211 Y107.42
G0 X114.345 Y107.42
G0 X114.826 Y97.818
G1 F1500 E1123.76853
G0 F7200 X114.409 Y97.818
M204 S3000
M205 X20 Y20
;TYPE:WALL-INNER
G1 F4020 X114.521 Y97.962 E1123.77612
G1 X114.625 Y98.304 E1123.79098
G1 X114.626 Y107.337 E1124.16653
G1 X125.336 Y124.018 E1124.99068
G1 X132.77 Y124.018 E1125.29975
G1 X132.228 Y123.721 E1125.32545
G1 X131.728 Y123.179 E1125.3561
G1 X131.433 Y122.615 E1125.38257
G1 X131.318 Y122.186 E1125.40103
G1 X131.289 Y121.445 E1125.43186
G1 X131.507 Y120.743 E1125.46242
G1 X131.848 Y120.203 E1125.48897
G1 X132.218 Y119.838 E1125.51058
G1 X132.779 Y119.5 E1125.53781
G1 X133.407 Y119.332 E1125.56484
G1 X134.049 Y119.333 E1125.59153
G1 X134.672 Y119.496 E1125.6183
G1 X135.247 Y119.835 E1125.64606
G1 X135.699 Y120.296 E1125.6729
G1 X135.998 Y120.83 E1125.69834
G1 X136.144 Y121.352 E1125.72088
G1 X136.169 Y121.991 E1125.74746
G1 X136.029 Y122.615 E1125.77405
G1 X135.734 Y123.179 E1125.80051
G1 X135.234 Y123.721 E1125.83117
G1 X134.692 Y124.018 E1125.85687
G1 X144.176 Y124.019 E1126.25117
G1 X144.176 Y95.388 E1127.4415
G1 X143.708 Y96.016 E1127.47407
G1 X143.495 Y96.21 E1127.48604
G1 X142.927 Y96.554 E1127.51365
G1 X142.706 Y96.644 E1127.52357
G1 X142.264 Y96.745 E1127.54242
G1 X141.53 Y96.75 E1127.57294
G1 X140.904 Y96.554 E1127.60021
G1 X140.334 Y96.211 E1127.62787
G1 X139.754 Y95.533 E1127.66496
G1 X139.501 Y94.912 E1127.69284
G1 X139.419 Y94.288 E1127.71901
G1 X139.5 Y93.623 E1127.74686
G1 X139.755 Y93.009 E1127.7745
G1 X140.336 Y92.327 E1127.81175
G1 X140.921 Y91.969 E1127.84026
G1 X141.563 Y91.793 E1127.86794
G1 X142.072 Y91.775 E1127.88912
G1 X142.706 Y91.894 E1127.91593
G1 X142.926 Y91.983 E1127.9258
G1 X143.494 Y92.327 E1127.95341
G1 X143.708 Y92.521 E1127.96542
G1 X144.176 Y93.15 E1127.99801
G1 X144.176 Y85.018 E1128.3361
G1 F3489.6 X144.1 Y84.349 E1128.36835
G1 F3121.1 X144.108 Y83.616 E1128.4076
G1 F3185.4 X144.028 Y83.054 E1128.43739
G1 F3205.7 X143.842 Y82.463 E1128.46969
G1 F3216 X143.533 Y81.936 E1128.50144
G1 F3210.9 X143.22 Y81.563 E1128.52678
G1 F3205.7 X142.859 Y81.238 E1128.55211
G1 X142.45 Y80.976 E1128.57743
G1 X142.006 Y80.773 E1128.60288
G1 F3221.2 X141.534 Y80.644 E1128.62827
G1 F3216 X141.05 Y80.587 E1128.6536
G1 F3210.9 X140.522 Y80.609 E1128.68111
G1 F3140.6 X140.005 Y80.68 E1128.70888
G1 F3284.3 X139.741 Y80.671 E1128.72232
G1 F3750 X139.085 Y80.71 E1128.75161
G1 F4020 X106.389 Y84.446 E1130.11979
G1 F3477.5 X105.744 Y84.598 E1130.15164
G1 F3082.8 X105.397 Y84.635 E1130.17056
G1 F3068.7 X104.845 Y84.793 E1130.20183
G1 F3078.1 X104.393 Y84.99 E1130.22861
G1 F3082.8 X103.983 Y85.267 E1130.25543
G1 F3059.4 X103.621 Y85.595 E1130.28212
G1 F3064 X103.23 Y86.083 E1130.31623
G1 F3082.8 X102.962 Y86.638 E1130.34964
G1 F3073.4 X102.829 Y87.113 E1130.37646
G1 F3068.7 X102.759 Y87.601 E1130.40331
G1 F3082.8 X102.774 Y88.095 E1130.43011
G1 F3054.7 X102.865 Y88.581 E1130.45716
G1 F3073.4 X103.021 Y89.045 E1130.48378
G1 F3092.3 X103.279 Y89.52 E1130.513
G1 F3155.4 X103.497 Y89.889 E1130.5357
G1 F3589.3 X103.804 Y90.477 E1130.56658
G1 F4020 X108.374 Y97.597 E1130.91833
G1 X113.935 Y97.599 E1131.14953
G1 X114.197 Y97.668 E1131.16079
G1 X114.409 Y97.818 E1131.17159
M204 S5000
M205 X30 Y30
G0 F7200 X114.826 Y97.818
G0 X125.794 Y89.899
G0 X125.981 Y89.831
M204 S3000
M205 X20 Y20
G1 F4020 X125.928 Y89.288 E1131.19427
G1 X125.934 Y89.098 E1131.20217
G1 X126.026 Y88.557 E1131.22499
G1 X126.246 Y88.051 E1131.24793
G1 X126.619 Y87.544 E1131.2741
G1 X127.126 Y87.136 E1131.30115
G1 X127.336 Y87.026 E1131.31101
G1 X128.058 Y86.785 E1131.34266
G1 X128.658 Y86.781 E1131.3676
G1 X128.895 Y86.819 E1131.37758
G1 X129.515 Y87.025 E1131.40474
G1 X129.726 Y87.135 E1131.41464
G1 X130.233 Y87.543 E1131.44169
G1 X130.564 Y87.967 E1131.46405
G1 X130.828 Y88.541 E1131.49032
G1 X130.934 Y89.205 E1131.51828
G1 X130.863 Y89.879 E1131.54645
G1 X130.487 Y90.711 E1131.58441
G1 X129.823 Y91.358 E1131.62296
G1 X129.201 Y91.653 E1131.65158
G1 X128.574 Y91.774 E1131.67813
G1 X127.964 Y91.727 E1131.70356
G1 X127.353 Y91.536 E1131.73018
G1 X126.778 Y91.162 E1131.75869
G1 X126.223 Y90.469 E1131.79561
G1 X125.981 Y89.831 E1131.82398
M204 S5000
M205 X30 Y30
G0 F7200 X125.794 Y89.899
G0 X125.886 Y88.514
G0 X126.585 Y87.366
G0 X138.233 Y83.695
G0 X138.431 Y83.722
M204 S3000
M205 X20 Y20
G1 F4020 X138.518 Y83.05 E1131.85215
G1 X138.857 Y82.374 E1131.88359
G1 F3880.3 X139.292 Y81.858 E1131.91266
G1 F3628.2 X139.982 Y81.422 E1131.95026
G1 F3284.3 X140.132 Y81.315 E1131.95963
G1 F3165.4 X140.78 Y81.212 E1131.99428
G1 F3252.4 X141.25 Y81.229 E1132.01844
G1 X141.867 Y81.375 E1132.05103
G1 F3263 X142.561 Y81.783 E1132.09226
G1 F3252.4 X142.987 Y82.249 E1132.12471
G1 F3221.2 X143.269 Y82.722 E1132.15328
G1 F3180.4 X143.48 Y83.407 E1132.19094
G1 F3121.1 X143.453 Y84.293 E1132.23841
G1 F3489.6 X143.094 Y85.01 E1132.27682
G1 F4020 X142.837 Y85.377 E1132.29544
G1 X142.37 Y85.806 E1132.32181
G1 X141.859 Y86.099 E1132.3463
G1 X141.208 Y86.255 E1132.37413
G1 X140.733 Y86.266 E1132.39388
G1 X140.114 Y86.142 E1132.42013
G1 X139.438 Y85.791 E1132.4518
G1 X138.947 Y85.317 E1132.48017
G1 X138.561 Y84.582 E1132.51468
G1 X138.434 Y83.936 E1132.54206
G1 X138.431 Y83.722 E1132.55095
M204 S5000
M205 X30 Y30
G0 F7200 X138.233 Y83.695
G0 X105.586 Y85.18
G0 X104.62 Y85.507
G0 X103.434 Y86.865
G0 X103.56 Y86.89
M204 S3000
M205 X20 Y20
G1 F3082.8 X103.796 Y86.422 E1132.57937
G1 F3078.1 X104.032 Y86.107 E1132.60074
G1 F3101.9 X104.669 Y85.564 E1132.64584
G1 X105.484 Y85.282 E1132.69231
G1 F3078.1 X105.76 Y85.251 E1132.70739
G1 F3257.7 X106.6 Y85.407 E1132.75122
G1 F3729.1 X107.074 Y85.606 E1132.77426
G1 F4020 X107.277 Y85.732 E1132.78419
G1 X107.767 Y86.159 E1132.81122
G1 X107.926 Y86.352 E1132.82161
G1 X108.15 Y86.744 E1132.84038
G1 X108.366 Y87.437 E1132.87056
G1 X108.355 Y88.128 E1132.89929
G1 X108.196 Y88.706 E1132.92422
G1 X107.863 Y89.296 E1132.95238
G1 X107.22 Y89.856 E1132.98783
G1 X106.653 Y90.109 E1133.01365
G1 X106.411 Y90.166 E1133.02398
G1 X105.755 Y90.209 E1133.05132
G1 X105.464 Y90.171 E1133.06352
G1 F3792.5 X104.732 Y89.923 E1133.09758
G1 F3406.8 X104.043 Y89.42 E1133.13943
G1 F3150.5 X103.939 Y89.358 E1133.14585
G1 F3078.1 X103.556 Y88.686 E1133.18785
G1 F3092.3 X103.412 Y87.932 E1133.22934
G1 F3097.1 X103.404 Y87.66 E1133.24402
G1 F3101.9 X103.56 Y86.89 E1133.28635
M204 S5000
M205 X30 Y30
G0 F7200 X103.973 Y87.736
M204 S3000
M205 X20 Y20
;TYPE:WALL-OUTER
G1 F2040 X104.114 Y87.043 E1133.31575
G1 X104.382 Y86.57 E1133.33836
G1 X104.948 Y86.071 E1133.36973
G1 X105.671 Y85.825 E1133.40148
G1 X106.423 Y85.874 E1133.43281
G1 X106.949 Y86.109 E1133.45676
G1 X107.472 Y86.565 E1133.48561
G1 X107.716 Y86.992 E1133.50606
G1 X107.856 Y87.481 E1133.5272
G1 X107.862 Y88.027 E1133.5499
G1 X107.74 Y88.489 E1133.56977
G1 X107.47 Y88.969 E1133.59267
G1 X106.919 Y89.451 E1133.6231
G1 X106.421 Y89.664 E1133.64562
G1 X105.672 Y89.713 E1133.67683
G1 X104.945 Y89.467 E1133.70874
G1 X104.378 Y88.967 E1133.74017
G1 X104.114 Y88.497 E1133.76258
G1 X103.976 Y87.819 E1133.79134
G1 X103.973 Y87.736 E1133.7948
M204 S5000
M205 X30 Y30
G0 F7200 X104.012 Y87.54
G0 X103.326 Y87.402
G0 X103.507 Y88.73
G0 X104.62 Y90.031
G0 X114.754 Y97.469
G0 X114.08 Y98.201
M204 S3000
M205 X20 Y20
G1 F2040 X114.126 Y98.332 E1133.80057
G1 X114.126 Y107.483 E1134.18102
G1 X125.063 Y124.518 E1135.02266
G1 X125.927 Y124.518 E1135.05858
G1 F2035.9 X126.791 Y124.518 E1135.09458
G1 F2031.9 X127.655 Y124.518 E1135.13064
G1 F2027.8 X128.519 Y124.518 E1135.16678
G1 F2023.8 X129.383 Y124.518 E1135.20298
G1 F2019.8 X130.247 Y124.518 E1135.23926
G1 F2015.8 X131.111 Y124.518 E1135.27562
G1 F2011.8 X131.975 Y124.518 E1135.31204
G1 F2007.9 X132.839 Y124.518 E1135.34854
G1 F1734.7 X133.337 Y124.435 E1135.37322
G1 F1540.8 X133.509 Y124.441 E1135.38269
G1 X134.125 Y124.435 E1135.4166
G1 F1734.7 X134.621 Y124.519 E1135.4412
G1 F2007.9 X135.459 Y124.519 E1135.4766
G1 F2011.8 X136.297 Y124.519 E1135.51192
G1 X137.135 Y124.519 E1135.54725
G1 F2015.8 X137.973 Y124.519 E1135.58251
G1 F2019.8 X138.811 Y124.519 E1135.6177
G1 F2023.8 X139.649 Y124.519 E1135.65282
G1 X140.487 Y124.519 E1135.68794
G1 F2027.8 X141.325 Y124.519 E1135.72299
G1 F2031.9 X142.163 Y124.519 E1135.75796
G1 F2035.9 X143.001 Y124.519 E1135.79287
G1 X143.839 Y124.519 E1135.82778
G1 F2040 X144.677 Y124.519 E1135.86262
G1 X144.676 Y95.268 E1137.07874
G1 F1786.3 X144.605 Y94.707 E1137.10559
G1 F1593.8 X144.607 Y93.942 E1137.1463
G1 F1578.9 X144.599 Y93.736 E1137.15737
G1 F1752.6 X144.672 Y93.272 E1137.1801
G1 F2007.9 X144.672 Y92.39 E1137.21736
G1 F2011.8 X144.672 Y91.508 E1137.25454
G1 F2015.8 X144.673 Y90.626 E1137.29165
G1 X144.673 Y89.744 E1137.32876
G1 F2019.8 X144.673 Y88.862 E1137.3658
G1 F2023.8 X144.674 Y87.98 E1137.40276
G1 F2027.8 X144.674 Y87.098 E1137.43965
G1 F2031.9 X144.674 Y86.216 E1137.47646
G1 X144.675 Y85.334 E1137.51328
G1 F2035.9 X144.675 Y84.452 E1137.55002
G1 F2040 X144.676 Y83.57 E1137.58669
G1 X144.578 Y82.928 E1137.61369
G1 X144.361 Y82.232 E1137.644
G1 X143.993 Y81.613 E1137.67394
G1 X143.629 Y81.17 E1137.69778
G1 X143.201 Y80.789 E1137.7216
G1 X142.721 Y80.478 E1137.74538
G1 X142.197 Y80.242 E1137.76927
G1 X141.642 Y80.09 E1137.7932
G1 X141.073 Y80.023 E1137.81702
G1 X140.491 Y80.045 E1137.84123
G1 X105.287 Y84.069 E1139.31437
G1 X104.647 Y84.245 E1139.34197
G1 X104.116 Y84.487 E1139.36623
G1 X103.627 Y84.808 E1139.39055
G1 X103.198 Y85.198 E1139.41466
G1 X102.736 Y85.774 E1139.44535
G1 X102.424 Y86.433 E1139.47567
G1 X102.259 Y86.992 E1139.4999
G1 X102.183 Y87.571 E1139.52418
G1 X102.197 Y88.155 E1139.54846
G1 X102.303 Y88.729 E1139.57273
G1 X102.493 Y89.277 E1139.59685
G1 X102.775 Y89.802 E1139.62162
G1 X108.101 Y98.097 E1140.03146
G1 X113.955 Y98.097 E1140.27484
G1 X114.08 Y98.201 E1140.2816
M204 S5000
M205 X30 Y30
G0 F7200 X114.126 Y98.332
G0 X114.126 Y98.394
G0 X114.826 Y98.394
G0 X125.866 Y88.411
G0 X126.506 Y88.697
M204 S3000
M205 X20 Y20
G1 F2040 X126.734 Y88.204 E1140.30418
G1 X127.057 Y87.81 E1140.32536
G1 X127.494 Y87.5 E1140.34764
G1 X128.165 Y87.282 E1140.37697
G1 X128.737 Y87.293 E1140.40075
G1 X129.357 Y87.499 E1140.42792
G1 X129.796 Y87.81 E1140.45028
G1 X130.138 Y88.229 E1140.47277
G1 X130.35 Y88.71 E1140.49462
G1 X130.428 Y89.198 E1140.51517
G1 X130.377 Y89.738 E1140.53772
G1 X130.076 Y90.417 E1140.5686
G1 X129.532 Y90.94 E1140.59997
G1 X129.062 Y91.168 E1140.62169
G1 X128.564 Y91.267 E1140.6428
G1 X128.05 Y91.235 E1140.66421
G1 X127.565 Y91.077 E1140.68542
G1 X127.104 Y90.772 E1140.7084
G1 X126.654 Y90.21 E1140.73833
G1 X126.474 Y89.717 E1140.76015
G1 X126.426 Y89.24 E1140.78008
G1 X126.506 Y88.697 E1140.8029
M204 S5000
M205 X30 Y30
G0 F7200 X126.589 Y88.516
G0 X125.948 Y88.229
G0 X126.585 Y87.366
G0 X138.365 Y82.918
G0 X139.003 Y83.201
M204 S3000
M205 X20 Y20
G1 F2040 X139.239 Y82.696 E1140.82608
G1 X139.63 Y82.232 E1140.85131
G1 X140.295 Y81.868 E1140.88282
G1 X140.802 Y81.771 E1140.90428
G1 X141.186 Y81.784 E1140.92026
G1 X141.69 Y81.917 E1140.94193
G1 X142.227 Y82.244 E1140.96807
G1 X142.554 Y82.606 E1140.98835
G1 X142.77 Y82.989 E1141.00663
G1 X142.906 Y83.46 E1141.02701
G1 X142.884 Y84.194 E1141.05754
G1 X142.701 Y84.701 E1141.07995
G1 X142.385 Y85.137 E1141.10234
G1 X142.046 Y85.426 E1141.12086
G1 X141.698 Y85.616 E1141.13734
G1 X141.173 Y85.756 E1141.15993
G1 X140.797 Y85.766 E1141.17557
G1 X140.283 Y85.667 E1141.19733
G1 X139.747 Y85.387 E1141.22248
G1 X139.349 Y85.009 E1141.2453
G1 X139.017 Y84.375 E1141.27505
G1 X138.928 Y83.858 E1141.29686
G1 X138.927 Y83.786 E1141.29985
G1 X139.003 Y83.201 E1141.32438
M204 S5000
M205 X30 Y30
G0 F7200 X139.087 Y83.02
G0 X138.446 Y82.736
G0 X139.232 Y94.148
G0 X139.925 Y94.237
M204 S3000
M205 X20 Y20
G1 F2040 X139.997 Y93.732 E1141.34559
G1 X140.193 Y93.261 E1141.3668
G1 X140.662 Y92.716 E1141.39669
G1 X141.1 Y92.445 E1141.41811
G1 X141.595 Y92.294 E1141.43962
G1 X142.088 Y92.275 E1141.46013
G1 X142.634 Y92.39 E1141.48333
G1 X143.279 Y92.781 E1141.51469
G1 X143.704 Y93.352 E1141.54428
G1 F1777 X143.969 Y93.857 E1141.5715
G1 F1581.4 X143.967 Y94.652 E1141.61414
G1 F1786.3 X143.703 Y95.186 E1141.64242
G1 F2040 X143.279 Y95.756 E1141.67196
G1 X142.668 Y96.126 E1141.70166
G1 X142.152 Y96.257 E1141.72379
G1 X141.638 Y96.249 E1141.74516
G1 X141.113 Y96.1 E1141.76785
G1 X140.668 Y95.827 E1141.78955
G1 X140.194 Y95.278 E1141.81971
G1 X139.989 Y94.782 E1141.84202
G1 X139.925 Y94.301 E1141.8622
G1 X139.925 Y94.237 E1141.86486
M204 S5000
M205 X30 Y30
G0 F7200 X139.953 Y94.039
G0 X139.258 Y93.95
G0 X131.154 Y121.43
G0 X131.801 Y122.056
M204 S3000
M205 X20 Y20
G1 F2040 X131.793 Y121.547 E1141.88602
G1 X131.927 Y121.021 E1141.90859
G1 X132.181 Y120.58 E1141.92975
G1 X132.536 Y120.224 E1141.95065
G1 X132.971 Y119.97 E1141.97159
G1 X133.466 Y119.834 E1141.99293
G1 X133.974 Y119.831 E1142.01405
G1 X134.477 Y119.964 E1142.03569
G1 X134.918 Y120.217 E1142.05682
G1 X135.282 Y120.581 E1142.07823
G1 X135.536 Y121.022 E1142.09938
G1 X135.661 Y121.482 E1142.1192
G1 X135.67 Y122.024 E1142.14174
G1 X135.546 Y122.485 E1142.16159
G1 X135.3 Y122.929 E1142.18269
G1 F2023.8 X134.921 Y123.321 E1142.20554
G1 F1988.3 X134.448 Y123.592 E1142.22879
G1 F1723 X134.039 Y123.779 E1142.25093
G1 F1529.2 X133.423 Y123.779 E1142.28509
G1 F1723 X133.014 Y123.592 E1142.30723
G1 F2003.9 X132.571 Y123.338 E1142.32884
G1 F2040 X132.178 Y122.958 E1142.35157
G1 X131.916 Y122.485 E1142.37405
G1 X131.801 Y122.056 E1142.39252
M204 S5000
M205 X30 Y30
G0 F7200 X131.798 Y121.856
G0 X131.093 Y121.856
G0 X114.754 Y97.469
G0 X114.294 Y97.194
M204 S3000
M205 X20 Y20
;TYPE:SKIN
G1 F1500 X114.575 Y97.341 E1142.4057
G1 X114.819 Y97.563 E1142.41942
G1 X114.969 Y97.789 E1142.4307
G1 X115.1 Y98.271 E1142.45146
G1 X115.102 Y107.196 E1142.82252
G1 X125.596 Y123.542 E1143.6301
G1 X131.423 Y123.544 E1143.87236
G1 X131.094 Y123.032 E1143.89766
G1 X130.862 Y122.325 E1143.9286
G1 X130.818 Y121.981 E1143.94302
G1 X130.853 Y121.248 E1143.97353
G1 X131.038 Y120.603 E1144.00142
G1 X131.417 Y119.97 E1144.0321
G1 X131.946 Y119.439 E1144.06326
G1 X132.583 Y119.07 E1144.09386
G1 X133.351 Y118.857 E1144.127
G1 X134.104 Y118.859 E1144.15831
G1 X134.865 Y119.06 E1144.19103
G1 X135.539 Y119.455 E1144.22351
G1 X136.087 Y120.014 E1144.25605
G1 X136.438 Y120.648 E1144.28618
G1 X136.601 Y121.22 E1144.31091
G1 X136.644 Y121.557 E1144.32503
G1 X136.609 Y122.297 E1144.35583
G1 X136.368 Y123.032 E1144.38799
G1 X136.039 Y123.544 E1144.4133
G1 X143.701 Y123.544 E1144.73184
G1 X143.701 Y96.641 E1145.85034
G1 X143.176 Y96.961 E1145.8759
G1 X142.798 Y97.111 E1145.89281
G1 X142.076 Y97.241 E1145.92331
G1 X141.314 Y97.181 E1145.95509
G1 X140.678 Y96.978 E1145.98285
G1 X140.041 Y96.586 E1146.01394
G1 X139.357 Y95.802 E1146.0572
G1 X139.035 Y95.035 E1146.09178
G1 X138.941 Y94.275 E1146.12362
G1 X139.034 Y93.529 E1146.15488
G1 X139.343 Y92.759 E1146.18937
G1 X139.894 Y92.106 E1146.22489
G1 X140.11 Y91.912 E1146.23696
G1 X140.717 Y91.535 E1146.26667
G1 X141.443 Y91.325 E1146.29809
G1 X142.107 Y91.303 E1146.32571
G1 X142.849 Y91.441 E1146.35709
G1 X143.174 Y91.576 E1146.37172
G1 X143.701 Y91.895 E1146.39733
G1 X143.701 Y85.043 E1146.68221
G1 X143.676 Y84.936 E1146.68677
G1 X143.22 Y85.664 E1146.72249
G1 X142.667 Y86.181 E1146.75396
G1 X142.04 Y86.546 E1146.78412
G1 X141.237 Y86.729 E1146.81837
G1 X140.765 Y86.741 E1146.83799
G1 X139.99 Y86.609 E1146.87068
G1 X139.155 Y86.179 E1146.90973
G1 X138.552 Y85.584 E1146.94495
G1 X138.077 Y84.68 E1146.9874
G1 X137.965 Y84.015 E1147.01544
G1 X137.959 Y83.662 E1147.03012
G1 X138.029 Y83.117 E1147.05296
G1 X138.132 Y82.762 E1147.06833
G1 X138.478 Y82.086 E1147.0999
G1 X138.937 Y81.539 E1147.12959
G1 X139.443 Y81.182 E1147.15534
G1 X139.123 Y81.183 E1147.16864
G1 X106.521 Y84.912 E1148.53291
G1 X106.798 Y84.978 E1148.54475
G1 X107.298 Y85.186 E1148.56727
G1 X107.56 Y85.35 E1148.58012
G1 X108.076 Y85.795 E1148.60844
G1 X108.314 Y86.08 E1148.62388
G1 X108.584 Y86.554 E1148.64656
G1 X108.794 Y87.211 E1148.67524
G1 X108.839 Y87.552 E1148.68954
G1 X108.825 Y88.208 E1148.71682
G1 X108.641 Y88.875 E1148.74558
G1 X108.238 Y89.595 E1148.77989
G1 X107.487 Y90.255 E1148.82145
G1 X106.793 Y90.563 E1148.85302
G1 X106.446 Y90.64 E1148.8678
G1 X105.741 Y90.682 E1148.89716
G1 X105.357 Y90.632 E1148.91326
G1 X104.643 Y90.395 E1148.94454
G1 X104.163 Y90.112 E1148.9677
G1 X104.215 Y90.239 E1148.97341
G1 X108.634 Y97.122 E1149.31347
G1 X113.972 Y97.124 E1149.5354
G1 X114.294 Y97.194 E1149.5491
M204 S5000
M205 X30 Y30
G0 F7200 X125.514 Y89.957
M204 S3000
M205 X20 Y20
G1 F1500 X125.446 Y89.175 E1149.58173
G1 X125.449 Y89.11 E1149.58444
G1 X125.568 Y88.416 E1149.61371
G1 X125.822 Y87.832 E1149.64019
G1 X126.258 Y87.232 E1149.67103
G1 X126.828 Y86.765 E1149.70166
G1 X127.184 Y86.576 E1149.71842
G1 X127.983 Y86.314 E1149.75338
G1 X128.693 Y86.309 E1149.7829
G1 X129.049 Y86.368 E1149.7979
G1 X129.664 Y86.573 E1149.82485
G1 X130.025 Y86.764 E1149.84183
G1 X130.591 Y87.227 E1149.87223
G1 X131 Y87.76 E1149.90017
G1 X131.297 Y88.443 E1149.93113
G1 X131.412 Y89.196 E1149.9628
G1 X131.325 Y90.006 E1149.99667
G1 X130.959 Y90.831 E1150.03419
G1 X130.797 Y91.072 E1150.04627
G1 X130.09 Y91.75 E1150.08699
G1 X129.35 Y92.112 E1150.12124
G1 X128.61 Y92.241 E1150.15247
G1 X127.868 Y92.2 E1150.18337
G1 X127.142 Y91.962 E1150.21513
G1 X126.468 Y91.533 E1150.24835
G1 X125.826 Y90.742 E1150.2907
G1 X125.514 Y89.957 E1150.32582
M204 S5000
M205 X30 Y30
G0 F7200 X126.68 Y91.266
G0 X127.92 Y91.868
G0 X129.133 Y91.807
G0 X143.251 Y85.975
M204 S3000
M205 X20 Y20
G1 F1500 X143.449 Y86.173 E1150.33746
M204 S5000
M205 X30 Y30
G0 F7200 X142.886 Y86.317
M204 S3000
M205 X20 Y20
G1 F1500 X143.449 Y86.88 E1150.37056
M204 S5000
M205 X30 Y30
G0 F7200 X143.449 Y87.587
M204 S3000
M205 X20 Y20
G1 F1500 X142.455 Y86.593 E1150.42901
M204 S5000
M205 X30 Y30
G0 F7200 X141.971 Y86.817
M204 S3000
M205 X20 Y20
G1 F1500 X143.449 Y88.295 E1150.51591
M204 S5000
M205 X30 Y30
G0 F7200 X143.45 Y89.002
M204 S3000
M205 X20 Y20
G1 F1500 X141.394 Y86.947 E1150.63676
M204 S5000
M205 X30 Y30
G0 F7200 X140.731 Y86.991
M204 S3000
M205 X20 Y20
G1 F1500 X143.45 Y89.709 E1150.7966
M204 S5000
M205 X30 Y30
G0 F7200 X143.45 Y90.417
M204 S3000
M205 X20 Y20
G1 F1500 X139.865 Y86.832 E1151.00739
G1 X139.777 Y86.744
M204 S5000
M205 X30 Y30
G0 F7200 X137.886 Y84.853
M204 S3000
M205 X20 Y20
G1 F1500 X134.946 Y81.913 E1151.18025
M204 S5000
M205 X30 Y30
G0 F7200 X135.58 Y81.84
M204 S3000
M205 X20 Y20
G1 F1500 X137.716 Y83.976 E1151.30583
M204 S5000
M205 X30 Y30
G0 F7200 X137.752 Y83.304
M204 S3000
M205 X20 Y20
G1 F1500 X136.215 Y81.768 E1151.39618
M204 S5000
M205 X30 Y30
G0 F7200 X136.849 Y81.695
M204 S3000
M205 X20 Y20
G1 F1500 X137.877 Y82.723 E1151.45662
M204 S5000
M205 X30 Y30
G0 F7200 X138.111 Y82.249
M204 S3000
M205 X20 Y20
G1 F1500 X137.484 Y81.622 E1151.49348
M204 S5000
M205 X30 Y30
G0 F7200 X138.119 Y81.55
M204 S3000
M205 X20 Y20
G1 F1500 X138.38 Y81.812 E1151.50886
M204 S5000
M205 X30 Y30
G0 F7200 X134.311 Y81.985
M204 S3000
M205 X20 Y20
G1 F1500 X143.45 Y91.124 E1152.0462
M204 S5000
M205 X30 Y30
G0 F7200 X142.789 Y91.17
M204 S3000
M205 X20 Y20
G1 F1500 X133.677 Y82.058 E1152.58195
M204 S5000
M205 X30 Y30
G0 F7200 X133.042 Y82.13
M204 S3000
M205 X20 Y20
G1 F1500 X141.964 Y91.052 E1153.10653
M204 S5000
M205 X30 Y30
G0 F7200 X141.306 Y91.102
M204 S3000
M205 X20 Y20
G1 F1500 X132.407 Y82.203 E1153.62975
M204 S5000
M205 X30 Y30
G0 F7200 X131.773 Y82.276
M204 S3000
M205 X20 Y20
G1 F1500 X140.756 Y91.259 E1154.15792
M204 S5000
M205 X30 Y30
G0 F7200 X140.292 Y91.501
M204 S3000
M205 X20 Y20
G1 F1500 X131.138 Y82.348 E1154.69611
M204 S5000
M205 X30 Y30
G0 F7200 X130.504 Y82.421
M204 S3000
M205 X20 Y20
G1 F1500 X139.874 Y91.79 E1155.247
M204 S5000
M205 X30 Y30
G0 F7200 X139.529 Y92.153
M204 S3000
M205 X20 Y20
G1 F1500 X129.869 Y82.493 E1155.81497
M204 S5000
M205 X30 Y30
G0 F7200 X129.235 Y82.566
M204 S3000
M205 X20 Y20
G1 F1500 X139.207 Y92.538 E1156.40129
M204 S5000
M205 X30 Y30
G0 F7200 X138.969 Y93.007
M204 S3000
M205 X20 Y20
G1 F1500 X128.6 Y82.638 E1157.01094
M204 S5000
M205 X30 Y30
G0 F7200 X127.965 Y82.71
M204 S3000
M205 X20 Y20
G1 F1500 X138.783 Y93.528 E1157.647
M204 S5000
M205 X30 Y30
G0 F7200 X138.7 Y94.152
M204 S3000
M205 X20 Y20
G1 F1500 X127.331 Y82.783 E1158.31546
M204 S5000
M205 X30 Y30
G0 F7200 X126.696 Y82.855
M204 S3000
M205 X20 Y20
G1 F1500 X138.769 Y94.929 E1159.02533
G1 X138.857 Y95.017
M204 S5000
M205 X30 Y30
G0 F7200 X139.606 Y96.472
M204 S3000
M205 X20 Y20
G1 F1500 X131.539 Y88.406 E1159.49961
M204 S5000
M205 X30 Y30
G0 F7200 X131.657 Y89.231
M204 S3000
M205 X20 Y20
G1 F1500 X143.45 Y101.024 E1160.19299
M204 S5000
M205 X30 Y30
G0 F7200 X143.45 Y101.731
M204 S3000
M205 X20 Y20
G1 F1500 X131.589 Y89.869 E1160.8904
M204 S5000
M205 X30 Y30
G0 F7200 X131.418 Y90.406
M204 S3000
M205 X20 Y20
G1 F1500 X143.45 Y102.438 E1161.59784
M204 S5000
M205 X30 Y30
G0 F7200 X143.45 Y103.145
M204 S3000
M205 X20 Y20
G1 F1500 X131.2 Y90.895 E1162.31809
M204 S5000
M205 X30 Y30
G0 F7200 X130.908 Y91.31
M204 S3000
M205 X20 Y20
G1 F1500 X143.45 Y103.852 E1163.05551
M204 S5000
M205 X30 Y30
G0 F7200 X143.45 Y104.559
M204 S3000
M205 X20 Y20
G1 F1500 X130.548 Y91.657 E1163.8141
M204 S5000
M205 X30 Y30
G0 F7200 X130.173 Y91.989
M204 S3000
M205 X20 Y20
G1 F1500 X143.45 Y105.266 E1164.59474
M204 S5000
M205 X30 Y30
G0 F7200 X143.45 Y105.974
M204 S3000
M205 X20 Y20
G1 F1500 X129.697 Y92.22 E1165.40339
M204 S5000
M205 X30 Y30
G0 F7200 X129.166 Y92.396
M204 S3000
M205 X20 Y20
G1 F1500 X143.45 Y106.681 E1166.24327
M204 S5000
M205 X30 Y30
G0 F7200 X143.45 Y107.388
M204 S3000
M205 X20 Y20
G1 F1500 X128.551 Y92.488 E1167.1193
M204 S5000
M205 X30 Y30
G0 F7200 X127.796 Y92.441
M204 S3000
M205 X20 Y20
G1 F1500 X143.45 Y108.095 E1168.03969
M204 S5000
M205 X30 Y30
G0 F7200 X143.45 Y108.802
M204 S3000
M205 X20 Y20
G1 F1500 X126.487 Y91.839 E1169.03705
M204 S5000
M205 X30 Y30
G0 F7200 X125.992 Y91.344
M204 S3000
M205 X20 Y20
G1 F1500 X118.447 Y83.799 E1169.48067
M204 S5000
M205 X30 Y30
G0 F7200 X119.081 Y83.726
M204 S3000
M205 X20 Y20
G1 F1500 X125.259 Y89.903 E1169.84388
M204 S5000
M205 X30 Y30
G0 F7200 X125.193 Y89.13
M204 S3000
M205 X20 Y20
G1 F1500 X119.716 Y83.654 E1170.16588
M204 S5000
M205 X30 Y30
G0 F7200 X120.35 Y83.581
M204 S3000
M205 X20 Y20
G1 F1500 X125.295 Y88.526 E1170.45663
M204 S5000
M205 X30 Y30
G0 F7200 X125.476 Y87.999
M204 S3000
M205 X20 Y20
G1 F1500 X120.985 Y83.508 E1170.72068
M204 S5000
M205 X30 Y30
G0 F7200 X121.62 Y83.436
M204 S3000
M205 X20 Y20
G1 F1500 X125.724 Y87.54 E1170.96198
M204 S5000
M205 X30 Y30
G0 F7200 X126.021 Y87.131
M204 S3000
M205 X20 Y20
G1 F1500 X122.254 Y83.363 E1171.1835
M204 S5000
M205 X30 Y30
G0 F7200 X122.889 Y83.291
M204 S3000
M205 X20 Y20
G1 F1500 X126.393 Y86.795 E1171.38952
M204 S5000
M205 X30 Y30
G0 F7200 X126.797 Y86.492
M204 S3000
M205 X20 Y20
G1 F1500 X123.523 Y83.218 E1171.58202
M204 S5000
M205 X30 Y30
G0 F7200 X124.158 Y83.145
M204 S3000
M205 X20 Y20
G1 F1500 X127.288 Y86.276 E1171.76608
M204 S5000
M205 X30 Y30
G0 F7200 X127.818 Y86.099
M204 S3000
M205 X20 Y20
G1 F1500 X124.793 Y83.073 E1171.94397
M204 S5000
M205 X30 Y30
G0 F7200 X125.427 Y83
M204 S3000
M205 X20 Y20
G1 F1500 X128.484 Y86.057 E1172.12371
M204 S5000
M205 X30 Y30
G0 F7200 X129.332 Y86.199
M204 S3000
M205 X20 Y20
G1 F1500 X126.062 Y82.928 E1172.316
G1 X125.974 Y82.84
M204 S5000
M205 X30 Y30
G0 F7200 X117.812 Y83.871
M204 S3000
M205 X20 Y20
G1 F1500 X143.45 Y109.509 E1173.82341
M204 S5000
M205 X30 Y30
G0 F7200 X143.45 Y110.216
M204 S3000
M205 X20 Y20
G1 F1500 X117.178 Y83.944 E1175.36811
M204 S5000
M205 X30 Y30
G0 F7200 X116.543 Y84.016
M204 S3000
M205 X20 Y20
G1 F1500 X143.45 Y110.923 E1176.95014
M204 S5000
M205 X30 Y30
G0 F7200 X143.45 Y111.63
M204 S3000
M205 X20 Y20
G1 F1500 X115.908 Y84.089 E1178.56947
M204 S5000
M205 X30 Y30
G0 F7200 X115.274 Y84.161
M204 S3000
M205 X20 Y20
G1 F1500 X143.45 Y112.338 E1180.22614
M204 S5000
M205 X30 Y30
G0 F7200 X143.45 Y113.045
M204 S3000
M205 X20 Y20
G1 F1500 X114.639 Y84.234 E1181.92012
M204 S5000
M205 X30 Y30
G0 F7200 X114.005 Y84.306
M204 S3000
M205 X20 Y20
G1 F1500 X143.45 Y113.752 E1183.6514
M204 S5000
M205 X30 Y30
G0 F7200 X143.45 Y114.459
M204 S3000
M205 X20 Y20
G1 F1500 X113.37 Y84.379 E1185.41999
M204 S5000
M205 X30 Y30
G0 F7200 X112.736 Y84.451
M204 S3000
M205 X20 Y20
G1 F1500 X143.45 Y115.166 E1187.22588
M204 S5000
M205 X30 Y30
G0 F7200 X143.45 Y115.873
M204 S3000
M205 X20 Y20
G1 F1500 X112.101 Y84.524 E1189.06908
M204 S5000
M205 X30 Y30
G0 F7200 X111.466 Y84.596
M204 S3000
M205 X20 Y20
G1 F1500 X143.45 Y116.58 E1190.94962
M204 S5000
M205 X30 Y30
G0 F7200 X143.45 Y117.287
M204 S3000
M205 X20 Y20
G1 F1500 X110.832 Y84.669 E1192.86743
M204 S5000
M205 X30 Y30
G0 F7200 X110.197 Y84.741
M204 S3000
M205 X20 Y20
G1 F1500 X143.45 Y117.994 E1194.82258
M204 S5000
M205 X30 Y30
G0 F7200 X143.45 Y118.702
M204 S3000
M205 X20 Y20
G1 F1500 X109.563 Y84.814 E1196.81504
M204 S5000
M205 X30 Y30
G0 F7200 X108.928 Y84.886
M204 S3000
M205 X20 Y20
G1 F1500 X143.45 Y119.409 E1198.84483
M204 S5000
M205 X30 Y30
G0 F7200 X143.45 Y120.116
M204 S3000
M205 X20 Y20
G1 F1500 X108.294 Y84.959 E1200.9119
M204 S5000
M205 X30 Y30
G0 F7200 X108.195 Y85.568
M204 S3000
M205 X20 Y20
G1 F1500 X107.659 Y85.031 E1200.94344
M204 S5000
M205 X30 Y30
G0 F7200 X108.311 Y85.683
M204 S3000
M205 X20 Y20
G1 F1500 X143.45 Y120.823 E1203.00951
M204 S5000
M205 X30 Y30
G0 F7200 X143.45 Y121.53
M204 S3000
M205 X20 Y20
G1 F1500 X109.019 Y87.099 E1205.03392
M204 S5000
M205 X30 Y30
G0 F7200 X109.08 Y87.867
M204 S3000
M205 X20 Y20
G1 F1500 X143.45 Y122.237 E1207.05474
M204 S5000
M205 X30 Y30
G0 F7200 X143.45 Y122.944
M204 S3000
M205 X20 Y20
G1 F1500 X109.001 Y88.495 E1209.08021
M204 S5000
M205 X30 Y30
G0 F7200 X108.838 Y89.039
M204 S3000
M205 X20 Y20
G1 F1500 X143.092 Y123.293 E1211.09422
M204 S5000
M205 X30 Y30
G0 F7200 X142.385 Y123.293
M204 S3000
M205 X20 Y20
G1 F1500 X108.584 Y89.492 E1213.08159
M204 S5000
M205 X30 Y30
G0 F7200 X108.279 Y89.894
M204 S3000
M205 X20 Y20
G1 F1500 X141.678 Y123.293 E1215.04532
M204 S5000
M205 X30 Y30
G0 F7200 X140.97 Y123.293
M204 S3000
M205 X20 Y20
G1 F1500 X107.901 Y90.223 E1216.98968
M204 S5000
M205 X30 Y30
G0 F7200 X107.495 Y90.525
M204 S3000
M205 X20 Y20
G1 F1500 X113.844 Y96.874 E1217.36298
M204 S5000
M205 X30 Y30
G0 F7200 X113.137 Y96.874
M204 S3000
M205 X20 Y20
G1 F1500 X107.008 Y90.745 E1217.72334
M204 S5000
M205 X30 Y30
G0 F7200 X106.447 Y90.89
M204 S3000
M205 X20 Y20
G1 F1500 X112.429 Y96.873 E1218.07509
M204 S5000
M205 X30 Y30
G0 F7200 X111.722 Y96.873
M204 S3000
M205 X20 Y20
G1 F1500 X105.783 Y90.934 E1218.42428
M204 S5000
M205 X30 Y30
G0 F7200 X104.88 Y90.738
M204 S3000
M205 X20 Y20
G1 F1500 X111.015 Y96.872 E1218.78496
M204 S5000
M205 X30 Y30
G0 F7200 X110.307 Y96.872
M204 S3000
M205 X20 Y20
G1 F1500 X106.013 Y92.578 E1219.03743
G1 X105.925 Y92.49
M204 S5000
M205 X30 Y30
G0 F7200 X107.281 Y94.553
M204 S3000
M205 X20 Y20
G1 F1500 X109.6 Y96.872 E1219.17378
M204 S5000
M205 X30 Y30
G0 F7200 X108.893 Y96.872
M204 S3000
M205 X20 Y20
G1 F1500 X108.549 Y96.528 E1219.19401
M204 S5000
M205 X30 Y30
G0 F7200 X114.754 Y97.469
G0 X115.35 Y98.379
M204 S3000
M205 X20 Y20
G1 F1500 X140.263 Y123.293 E1220.65882
M204 S5000
M205 X30 Y30
G0 F7200 X139.556 Y123.292
M204 S3000
M205 X20 Y20
G1 F1500 X136.484 Y120.22 E1220.83945
G1 X136.396 Y120.132
M204 S5000
M205 X30 Y30
G0 F7200 X136.859 Y121.303
M204 S3000
M205 X20 Y20
G1 F1500 X138.848 Y123.292 E1220.95639
M204 S5000
M205 X30 Y30
G0 F7200 X138.141 Y123.292
M204 S3000
M205 X20 Y20
G1 F1500 X136.871 Y122.021 E1221.03109
M204 S5000
M205 X30 Y30
G0 F7200 X136.765 Y122.623
M204 S3000
M205 X20 Y20
G1 F1500 X137.434 Y123.292 E1221.07043
M204 S5000
M205 X30 Y30
G0 F7200 X136.727 Y123.292
M204 S3000
M205 X20 Y20
G1 F1500 X136.581 Y123.146 E1221.07901
M204 S5000
M205 X30 Y30
G0 F7200 X136.308 Y121.43
G0 X135.282 Y119.019
M204 S3000
M205 X20 Y20
G1 F1500 X115.35 Y99.086 E1222.25097
M204 S5000
M205 X30 Y30
G0 F7200 X115.35 Y99.793
M204 S3000
M205 X20 Y20
G1 F1500 X134.169 Y118.613 E1223.35748
M204 S5000
M205 X30 Y30
G0 F7200 X133.457 Y118.607
M204 S3000
M205 X20 Y20
G1 F1500 X115.35 Y100.501 E1224.42207
M204 S5000
M205 X30 Y30
G0 F7200 X115.35 Y101.208
M204 S3000
M205 X20 Y20
G1 F1500 X132.872 Y118.73 E1225.4523
M204 S5000
M205 X30 Y30
G0 F7200 X132.349 Y118.914
M204 S3000
M205 X20 Y20
G1 F1500 X115.35 Y101.915 E1226.45178
M204 S5000
M205 X30 Y30
G0 F7200 X115.35 Y102.622
M204 S3000
M205 X20 Y20
G1 F1500 X131.902 Y119.174 E1227.42497
M204 S5000
M205 X30 Y30
G0 F7200 X131.526 Y119.505
M204 S3000
M205 X20 Y20
G1 F1500 X115.35 Y103.329 E1228.37606
M204 S5000
M205 X30 Y30
G0 F7200 X115.35 Y104.036
M204 S3000
M205 X20 Y20
G1 F1500 X131.185 Y119.872 E1229.30712
M204 S5000
M205 X30 Y30
G0 F7200 X130.92 Y120.313
M204 S3000
M205 X20 Y20
G1 F1500 X115.35 Y104.743 E1230.22258
M204 S5000
M205 X30 Y30
G0 F7200 X115.35 Y105.45
M204 S3000
M205 X20 Y20
G1 F1500 X130.716 Y120.816 E1231.12604
M204 S5000
M205 X30 Y30
G0 F7200 X130.594 Y121.402
M204 S3000
M205 X20 Y20
G1 F1500 X115.35 Y106.157 E1232.02236
M204 S5000
M205 X30 Y30
G0 F7200 X115.35 Y106.865
M204 S3000
M205 X20 Y20
G1 F1500 X130.584 Y122.098 E1232.91803
M204 S5000
M205 X30 Y30
G0 F7200 X130.832 Y123.054
M204 S3000
M205 X20 Y20
G1 F1500 X116.157 Y108.378 E1233.78089
G1 X116.069 Y108.29
M204 S5000
M205 X30 Y30
G0 F7200 X117.425 Y110.354
M204 S3000
M205 X20 Y20
G1 F1500 X130.363 Y123.292 E1234.5416
M204 S5000
M205 X30 Y30
G0 F7200 X129.656 Y123.292
M204 S3000
M205 X20 Y20
G1 F1500 X118.694 Y112.33 E1235.18612
G1 X118.606 Y112.242
M204 S5000
M205 X30 Y30
G0 F7200 X119.962 Y114.305
M204 S3000
M205 X20 Y20
G1 F1500 X128.949 Y123.292 E1235.71452
M204 S5000
M205 X30 Y30
G0 F7200 X128.241 Y123.291
M204 S3000
M205 X20 Y20
G1 F1500 X121.231 Y116.281 E1236.12669
G1 X121.143 Y116.193
M204 S5000
M205 X30 Y30
G0 F7200 X122.499 Y118.257
M204 S3000
M205 X20 Y20
G1 F1500 X127.534 Y123.291 E1236.42269
M204 S5000
M205 X30 Y30
G0 F7200 X126.827 Y123.291
M204 S3000
M205 X20 Y20
G1 F1500 X123.768 Y120.232 E1236.60255
G1 X123.68 Y120.144
M204 S5000
M205 X30 Y30
G0 F7200 X125.036 Y122.208
M204 S3000
M205 X20 Y20
G1 F1500 X126.12 Y123.291 E1236.66626
G1 X126.208 Y123.379
M204 S5000
M205 X30 Y30
G0 F7200 X143.45 Y100.317
M204 S3000
M205 X20 Y20
G1 F1500 X139.964 Y96.83 E1236.87125
G1 X139.876 Y96.742
M204 S5000
M205 X30 Y30
G0 F7200 X141.269 Y97.428
M204 S3000
M205 X20 Y20
G1 F1500 X143.45 Y99.61 E1236.99951
M204 S5000
M205 X30 Y30
G0 F7200 X143.45 Y98.903
M204 S3000
M205 X20 Y20
G1 F1500 X142.036 Y97.488 E1237.08268
M204 S5000
M205 X30 Y30
G0 F7200 X142.647 Y97.392
M204 S3000
M205 X20 Y20
G1 F1500 X143.45 Y98.195 E1237.1299
M204 S5000
M205 X30 Y30
G0 F7200 X143.45 Y97.488
M204 S3000
M205 X20 Y20
G1 F1500 X143.172 Y97.21 E1237.14624
M204 S5000
M205 X30 Y30
G1 F1500 E1230.64624
;MESH:NONMESH
G0 F600 X143.172 Y97.21 Z1.3
G0 F7200 X114.346 Y101.322
G0 X113.211 Y101.322
G0 X94.319 Y103.577
G0 X93.187 Y103.577
G0 X82.789 Y103.461
G0 X81.559 Y102.87
G0 X80.419 Y101.322
G1 F1500 E1237.14624
G0 F7200 X80.532 Y101.308
;TIME_ELAPSED:1113.060954
;LAYER:5
M204 S3000
M205 X20 Y20
;TYPE:WALL-INNER
;MESH:Exterior Hip L.stl
G1 F3092.3 X80.64 Y100.612 E1237.18431
G1 F3121.1 X80.882 Y100.033 E1237.21791
G1 F3126 X81.259 Y99.519 E1237.25199
G1 F3121.1 X81.757 Y99.131 E1237.2858
G1 F3097.1 X82.323 Y98.874 E1237.31934
G1 F3092.3 X82.989 Y98.75 E1237.35596
G1 F3078.1 X83.434 Y98.791 E1237.38022
G1 X83.87 Y98.889 E1237.40449
G1 F3101.9 X84.501 Y99.193 E1237.44223
G1 F3040.8 X84.856 Y99.468 E1237.46691
G1 F3145.5 X84.922 Y99.599 E1237.4747
G1 F3647.9 X85.244 Y100.143 E1237.50366
G1 F4020 X85.417 Y100.562 E1237.52251
G1 X85.472 Y100.8 E1237.53267
G1 X85.514 Y101.45 E1237.55975
G1 X85.49 Y101.694 E1237.56994
G1 X85.299 Y102.307 E1237.59663
G1 X85.021 Y102.78 E1237.61944
G1 X84.589 Y103.219 E1237.64505
G1 X84.024 Y103.552 E1237.67232
G1 X83.436 Y103.713 E1237.69766
G1 X82.853 Y103.722 E1237.7219
G1 X82.22 Y103.58 E1237.74887
G1 X81.994 Y103.478 E1237.75918
G1 X81.467 Y103.123 E1237.7856
G1 X81.094 Y102.743 E1237.80774
G1 X80.759 Y102.066 E1237.83914
G1 F3538.7 X80.561 Y101.391 E1237.87237
G1 F3116.3 X80.532 Y101.308 E1237.87708
M204 S5000
M205 X30 Y30
G0 F7200 X80.419 Y101.322
G0 X81.961 Y123.124
G0 X82.156 Y123.156
M204 S3000
M205 X20 Y20
G1 F4020 X82.232 Y122.927 E1237.88711
G1 X82.534 Y122.349 E1237.91422
G1 X82.675 Y122.16 E1237.92403
G1 X83.159 Y121.725 E1237.95108
G1 X83.641 Y121.462 E1237.97391
G1 X84.232 Y121.302 E1237.99937
G1 X84.895 Y121.299 E1238.02693
G1 X85.512 Y121.459 E1238.05343
G1 X86.077 Y121.774 E1238.08033
G1 X86.539 Y122.224 E1238.10714
G1 X86.886 Y122.796 E1238.13495
G1 X87.086 Y123.669 E1238.17219
G1 X87.019 Y124.365 E1238.20126
G1 X86.639 Y125.228 E1238.24046
G1 X85.968 Y125.877 E1238.27927
G1 X85.366 Y126.159 E1238.30691
G1 X84.753 Y126.286 E1238.33294
G1 X84.173 Y126.252 E1238.35709
G1 X83.95 Y126.2 E1238.36661
G1 X83.283 Y125.928 E1238.39656
G1 X83.097 Y125.795 E1238.40607
G1 X82.509 Y125.225 E1238.44012
G1 X82.182 Y124.487 E1238.47368
G1 X82.121 Y124.256 E1238.48361
G1 X82.077 Y123.804 E1238.50249
G1 X82.156 Y123.156 E1238.52963
M204 S5000
M205 X30 Y30
G0 F7200 X81.961 Y123.124
G0 X76.47 Y135.572
G0 X76.571 Y135.617
M204 S3000
M205 X20 Y20
G1 F3311.4 X77.054 Y134.799 E1238.57758
G1 F3736.1 X77.59 Y134.281 E1238.61092
G1 F4020 X77.786 Y134.144 E1238.62086
G1 X78.382 Y133.884 E1238.6479
G1 X79.012 Y133.787 E1238.6744
G1 X79.647 Y133.85 E1238.70093
G1 X80.453 Y134.175 E1238.73706
G1 X81.142 Y134.849 E1238.77713
G1 X81.519 Y135.694 E1238.8156
G1 X81.586 Y136.405 E1238.84529
G1 X81.414 Y137.155 E1238.87728
G1 X81.325 Y137.374 E1238.88711
G1 X80.97 Y137.916 E1238.91405
G1 X80.491 Y138.345 E1238.94078
G1 X80.097 Y138.565 E1238.95954
G1 F3557.5 X79.418 Y138.839 E1238.99394
G1 F3205.7 X78.758 Y138.829 E1239.02835
G1 F3226.3 X78.135 Y138.679 E1239.06155
G1 F3236.7 X77.561 Y138.352 E1239.09566
G1 X77.026 Y137.845 E1239.13372
G1 F3221.2 X76.655 Y137.138 E1239.17515
G1 F3226.3 X76.523 Y136.466 E1239.21062
G1 F3231.5 X76.513 Y136.383 E1239.21495
G1 F3190.5 X76.571 Y135.617 E1239.25519
M204 S5000
M205 X30 Y30
G0 F7200 X76.47 Y135.572
G0 X77.598 Y134.08
G0 X114.412 Y129.143
G0 X114.608 Y129.105
M204 S3000
M205 X20 Y20
G1 F4020 X114.787 Y128.182 E1239.29428
G1 X115.128 Y127.581 E1239.32301
G1 X115.817 Y126.97 E1239.36129
G1 X116.425 Y126.723 E1239.38858
G1 X116.977 Y126.643 E1239.41177
G1 X117.617 Y126.701 E1239.43848
G1 X118.223 Y126.926 E1239.46536
G1 X118.426 Y127.052 E1239.47529
G1 X118.916 Y127.479 E1239.50231
G1 X119.075 Y127.672 E1239.51271
G1 X119.325 Y128.129 E1239.53437
G1 X119.325 Y120.694 E1239.84348
G1 X102.642 Y109.984 E1240.6677
G1 X93.466 Y109.979 E1241.0492
G1 X93.228 Y109.908 E1241.05952
G1 X92.951 Y109.675 E1241.07457
G1 X92.809 Y109.37 E1241.08856
G1 X92.809 Y103.672 E1241.32545
G1 X85.85 Y99.205 E1241.66925
G1 F3424.2 X85.267 Y98.935 E1241.70061
G1 F3009 X84.643 Y98.527 E1241.74202
G1 F3064 X84.124 Y98.292 E1241.7731
G1 F3073.4 X83.522 Y98.137 E1241.8069
G1 F3054.7 X82.787 Y98.118 E1241.84713
G1 F3059.4 X82.058 Y98.272 E1241.88783
G1 F3087.6 X81.494 Y98.533 E1241.92147
G1 F3097.1 X81.091 Y98.812 E1241.94793
G1 F3092.3 X80.728 Y99.152 E1241.97481
G1 F3097.1 X80.424 Y99.544 E1242.00158
G1 F3087.6 X80.187 Y99.976 E1242.02825
G1 F3097.1 X80.018 Y100.437 E1242.05475
G1 F3092.3 X79.918 Y100.971 E1242.08411
G1 F3050.1 X79.882 Y101.315 E1242.10306
G1 F3453.6 X79.742 Y101.839 E1242.12931
G1 F4020 X75.984 Y134.715 E1243.50504
G1 F3483.5 X75.985 Y135.381 E1243.53699
G1 F3130.8 X75.915 Y135.89 E1243.56442
G1 F3210.9 X75.892 Y136.411 E1243.59156
G1 F3205.7 X75.966 Y137.018 E1243.62344
G1 F3180.4 X76.174 Y137.586 E1243.65523
G1 F3185.4 X76.465 Y138.124 E1243.68732
G1 X76.95 Y138.668 E1243.72556
G1 F3190.5 X77.449 Y139.02 E1243.75755
G1 F3200.6 X77.993 Y139.29 E1243.78926
G1 F3190.5 X78.747 Y139.47 E1243.82987
G1 F3165.4 X79.495 Y139.465 E1243.86937
G1 F3532.5 X80.036 Y139.534 E1243.89517
G1 F4020 X88.538 Y139.533 E1244.24864
G1 X88.096 Y139.296 E1244.26949
G1 X87.614 Y138.827 E1244.29745
G1 X87.449 Y138.592 E1244.30939
G1 X87.182 Y137.987 E1244.33689
G1 X87.121 Y137.756 E1244.34682
G1 X87.08 Y137.13 E1244.3729
G1 X87.177 Y136.536 E1244.39792
G1 X87.587 Y135.749 E1244.43482
G1 X88.067 Y135.28 E1244.46272
G1 X88.647 Y134.954 E1244.49038
G1 X89.259 Y134.802 E1244.5166
G1 X89.901 Y134.8 E1244.54329
G1 X90.482 Y134.952 E1244.56826
G1 X91.075 Y135.271 E1244.59625
G1 X91.535 Y135.719 E1244.62295
G1 X91.885 Y136.294 E1244.65093
G1 X92.06 Y137.05 E1244.68319
G1 X92.075 Y137.291 E1244.69323
G1 X92.03 Y137.756 E1244.71266
G1 X91.969 Y137.987 E1244.72259
G1 X91.702 Y138.592 E1244.75008
G1 X91.537 Y138.827 E1244.76202
G1 X91.061 Y139.289 E1244.7896
G1 X90.641 Y139.533 E1244.80979
G1 X119.325 Y139.534 E1246.00234
G1 X119.325 Y130.049 E1246.39668
G1 X119.026 Y130.592 E1246.42245
G1 X118.483 Y131.093 E1246.45316
G1 X117.921 Y131.387 E1246.47953
G1 X117.493 Y131.502 E1246.49796
G1 X116.76 Y131.531 E1246.52846
G1 X116.136 Y131.355 E1246.55541
G1 X115.605 Y131.058 E1246.58071
G1 X115.121 Y130.584 E1246.60887
G1 X114.79 Y129.995 E1246.63696
G1 X114.608 Y129.105 E1246.67473
M204 S5000
M205 X30 Y30
G0 F7200 X115.122 Y129.119
M204 S3000
M205 X20 Y20
;TYPE:WALL-OUTER
G1 F2040 X115.121 Y129.068 E1246.67685
G1 X115.263 Y128.352 E1246.7072
G1 X115.541 Y127.878 E1246.73004
G1 X116.083 Y127.406 E1246.75992
G1 X116.563 Y127.204 E1246.78158
G1 X117.042 Y127.139 E1246.80167
G1 X117.552 Y127.197 E1246.82301
G1 X118.066 Y127.401 E1246.846
G1 X118.621 Y127.885 E1246.87662
G1 F2007.9 X118.896 Y128.369 E1246.90013
G1 F1728.8 X119.091 Y128.794 E1246.92307
G1 F1540.8 X119.089 Y129.368 E1246.95467
G1 F1758.6 X118.865 Y129.864 E1246.98092
G1 F2040 X118.645 Y130.248 E1246.99932
G1 X118.263 Y130.643 E1247.02216
G1 X117.791 Y130.904 E1247.04459
G1 X117.363 Y131.019 E1247.06301
G1 X116.82 Y131.028 E1247.08559
G1 X116.359 Y130.904 E1247.10544
G1 X115.886 Y130.642 E1247.12792
G1 X115.523 Y130.274 E1247.14941
G1 X115.26 Y129.808 E1247.17165
G1 X115.122 Y129.119 E1247.20087
M204 S5000
M205 X30 Y30
G0 F7200 X115.121 Y129.068
G0 X115.15 Y128.922
G0 X114.463 Y128.784
G0 X88.583 Y134.828
G0 X87.478 Y135.661
G0 X86.951 Y137.064
G0 X86.999 Y138.066
G0 X87.639 Y137.785
M204 S3000
M205 X20 Y20
G1 F2040 X87.575 Y137.256 E1247.22302
G1 X87.577 Y137.191 E1247.22573
G1 X87.661 Y136.69 E1247.24685
G1 X88 Y136.045 E1247.27714
G1 X88.383 Y135.674 E1247.29931
G1 X88.824 Y135.428 E1247.3203
G1 X89.321 Y135.298 E1247.34166
G1 X89.844 Y135.3 E1247.3634
G1 X90.315 Y135.424 E1247.38365
G1 X90.773 Y135.677 E1247.40541
G1 X91.14 Y136.033 E1247.42666
G1 X91.417 Y136.485 E1247.4487
G1 X91.582 Y137.204 E1247.47937
G1 X91.512 Y137.785 E1247.5037
G1 X91.225 Y138.433 E1247.53317
G1 X90.682 Y138.959 E1247.5646
G1 F2015.8 X90.175 Y139.2 E1247.58822
G1 F1783.2 X89.74 Y139.344 E1247.61001
G1 F1700 X89.229 Y139.325 E1247.63552
G1 F1847.8 X88.473 Y138.964 E1247.67398
G1 F1939.2 X87.926 Y138.433 E1247.70732
G1 F2007.9 X87.639 Y137.785 E1247.73726
M204 S5000
M205 X30 Y30
G0 F7200 X87.615 Y137.587
G0 X86.911 Y137.654
G0 X80.526 Y134.054
G0 X78.905 Y133.642
G0 X77.598 Y134.08
G0 X76.427 Y135.756
G0 X77.122 Y135.823
M204 S3000
M205 X20 Y20
G1 F2040 X77.427 Y135.134 E1247.76858
G1 X77.968 Y134.611 E1247.79987
G1 X78.416 Y134.395 E1247.82054
G1 X78.947 Y134.283 E1247.84311
G1 X79.495 Y134.326 E1247.86596
G1 X80.174 Y134.602 E1247.89643
G1 X80.725 Y135.136 E1247.92833
G1 X81.027 Y135.828 E1247.95972
G1 X81.077 Y136.38 E1247.98277
G1 X80.917 Y137.083 E1248.01274
G1 X80.661 Y137.507 E1248.03333
G1 X80.3 Y137.869 E1248.05459
G1 X79.853 Y138.128 E1248.07607
G1 X79.343 Y138.269 E1248.09806
G1 X78.823 Y138.271 E1248.11968
G1 X78.308 Y138.134 E1248.14184
G1 X77.903 Y137.908 E1248.16112
G1 X77.494 Y137.52 E1248.18456
G1 X77.161 Y136.88 E1248.21455
G1 X77.077 Y136.378 E1248.23572
G1 X77.122 Y135.823 E1248.25887
M204 S5000
M205 X30 Y30
G0 F7200 X77.203 Y135.64
G0 X76.564 Y135.358
G0 X81.999 Y124.566
G0 X82.639 Y124.285
M204 S3000
M205 X20 Y20
G1 F2040 X82.575 Y123.756 E1248.28102
G1 X82.656 Y123.196 E1248.30454
G1 X82.996 Y122.544 E1248.33511
G1 X83.403 Y122.161 E1248.35835
G1 X83.826 Y121.927 E1248.37845
G1 X84.321 Y121.798 E1248.39971
G1 X84.821 Y121.797 E1248.4205
G1 X85.324 Y121.927 E1248.4421
G1 X85.775 Y122.179 E1248.46358
G1 X86.133 Y122.525 E1248.48428
G1 X86.416 Y122.985 E1248.50673
G1 X86.581 Y123.701 E1248.53728
G1 X86.527 Y124.251 E1248.56026
G1 X86.223 Y124.934 E1248.59134
G1 X85.678 Y125.458 E1248.62277
G1 X85.174 Y125.694 E1248.64591
G1 X84.713 Y125.782 E1248.66542
G1 X84.175 Y125.748 E1248.68783
G1 X83.474 Y125.465 E1248.71926
G1 X82.931 Y124.933 E1248.75087
G1 X82.639 Y124.285 E1248.78042
M204 S5000
M205 X30 Y30
G0 F7200 X82.615 Y124.087
G0 X81.911 Y124.154
G0 X82.043 Y122.994
G0 X92.61 Y109.403
G0 X93.374 Y109.404
M204 S3000
M205 X20 Y20
G1 F2040 X93.309 Y109.253 E1248.78725
G1 X93.309 Y103.399 E1249.03063
G1 X84.919 Y98.013 E1249.44514
G1 X84.315 Y97.747 E1249.47258
G1 X83.605 Y97.56 E1249.5031
G1 X82.734 Y97.537 E1249.53933
G1 X81.872 Y97.72 E1249.57596
G1 X81.208 Y98.034 E1249.6065
G1 X80.729 Y98.362 E1249.63064
G1 X80.301 Y98.764 E1249.65505
G1 X79.943 Y99.227 E1249.67938
G1 X79.661 Y99.737 E1249.70361
G1 X79.463 Y100.283 E1249.72776
G1 X79.349 Y100.87 E1249.75262
G1 X75.351 Y135.847 E1251.21626
G1 X75.329 Y136.433 E1251.24064
G1 X75.412 Y137.149 E1251.27061
G1 X75.656 Y137.819 E1251.30025
G1 X76 Y138.451 E1251.33017
G1 X76.571 Y139.094 E1251.36592
G1 X77.16 Y139.507 E1251.39583
G1 X77.802 Y139.824 E1251.4256
G1 X78.511 Y139.991 E1251.45588
G1 X78.881 Y140.034 E1251.47137
G1 X88.322 Y140.033 E1251.86388
G1 F1888.9 X88.983 Y139.994 E1251.89361
G1 F1672.1 X89.191 Y139.963 E1251.90427
G1 F1606.3 X89.806 Y139.969 E1251.93675
G1 F1783.2 X90.254 Y140.028 E1251.95824
G1 F1992.2 X90.857 Y140.028 E1251.98391
G1 X91.46 Y140.028 E1252.00958
G1 X92.063 Y140.028 E1252.03526
G1 X92.666 Y140.028 E1252.06093
G1 F1996.1 X93.269 Y140.028 E1252.08655
G1 X93.872 Y140.028 E1252.11217
G1 X94.475 Y140.028 E1252.13779
G1 X95.078 Y140.028 E1252.16341
G1 F2000 X95.681 Y140.029 E1252.18898
G1 X96.284 Y140.029 E1252.21455
G1 X96.887 Y140.029 E1252.24013
G1 F2003.9 X97.49 Y140.029 E1252.26565
G1 X98.093 Y140.029 E1252.29117
G1 X98.696 Y140.029 E1252.31669
G1 X99.299 Y140.029 E1252.34221
G1 F2007.9 X99.902 Y140.029 E1252.36768
G1 X100.505 Y140.03 E1252.39315
G1 X101.108 Y140.03 E1252.41862
G1 X101.711 Y140.03 E1252.44409
G1 F2011.8 X102.314 Y140.03 E1252.46951
G1 X102.917 Y140.03 E1252.49494
G1 X103.52 Y140.03 E1252.52036
G1 X104.123 Y140.03 E1252.54578
G1 F2015.8 X104.726 Y140.03 E1252.57115
G1 X105.329 Y140.031 E1252.59652
G1 X105.932 Y140.031 E1252.62189
G1 F2019.8 X106.535 Y140.031 E1252.64721
G1 X107.138 Y140.031 E1252.67253
G1 X107.741 Y140.031 E1252.69785
G1 X108.344 Y140.031 E1252.72317
G1 F2023.8 X108.947 Y140.031 E1252.74844
G1 X109.55 Y140.031 E1252.77371
G1 X110.153 Y140.032 E1252.79898
G1 X110.756 Y140.032 E1252.82425
G1 F2027.8 X111.359 Y140.032 E1252.84947
G1 X111.962 Y140.032 E1252.87469
G1 X112.565 Y140.032 E1252.89991
G1 X113.168 Y140.032 E1252.92513
G1 F2031.9 X113.771 Y140.032 E1252.9503
G1 X114.374 Y140.032 E1252.97547
G1 X114.977 Y140.033 E1253.00064
G1 F2035.9 X115.58 Y140.033 E1253.02576
G1 X116.183 Y140.033 E1253.05088
G1 X116.786 Y140.033 E1253.076
G1 X117.389 Y140.033 E1253.10112
G1 F2040 X117.992 Y140.033 E1253.12619
G1 X118.595 Y140.033 E1253.15126
G1 X119.198 Y140.033 E1253.17633
G1 X119.801 Y140.033 E1253.2014
G1 X119.825 Y129.927 E1253.62156
G1 F1758.6 X119.745 Y129.425 E1253.64608
G1 F1550.2 X119.747 Y128.867 E1253.67661
G1 F1540.8 X119.741 Y128.693 E1253.68619
G1 F1734.7 X119.825 Y128.201 E1253.7106
G1 F2011.8 X119.825 Y127.228 E1253.75161
G1 F2015.8 X119.825 Y126.255 E1253.79255
G1 F2019.8 X119.825 Y125.282 E1253.83341
G1 F2023.8 X119.825 Y124.309 E1253.87419
G1 F2027.8 X119.825 Y123.336 E1253.91488
G1 F2031.9 X119.825 Y122.363 E1253.9555
G1 F2035.9 X119.825 Y121.39 E1253.99603
G1 F2040 X119.825 Y120.417 E1254.03648
G1 X102.789 Y109.484 E1254.87806
G1 X93.528 Y109.483 E1255.26309
G1 X93.374 Y109.404 E1255.27029
M204 S5000
M205 X30 Y30
G0 F7200 X93.309 Y109.253
G0 X93.309 Y109.217
G0 X92.61 Y109.216
G0 X82.043 Y103.676
G0 X80.969 Y102.806
G0 X80.494 Y101.42
G0 X81.196 Y100.755
M204 S3000
M205 X20 Y20
G1 F2040 X81.382 Y100.309 E1255.29038
G1 X81.718 Y99.881 E1255.313
G1 X82.114 Y99.583 E1255.33361
G1 X82.579 Y99.396 E1255.35444
G1 X83.108 Y99.333 E1255.37659
G1 X83.589 Y99.398 E1255.39677
G1 X84.235 Y99.713 E1255.42665
G1 X84.456 Y99.903 E1255.43877
G1 X84.749 Y100.278 E1255.45855
G1 X84.97 Y100.788 E1255.48166
G1 X85.015 Y101.482 E1255.51058
G1 X84.89 Y101.999 E1255.53269
G1 X84.626 Y102.472 E1255.55521
G1 X84.261 Y102.837 E1255.57667
G1 X83.828 Y103.086 E1255.59744
G1 X83.334 Y103.22 E1255.61872
G1 X82.788 Y103.214 E1255.64142
G1 X82.274 Y103.063 E1255.66369
G1 X81.747 Y102.708 E1255.69011
G1 X81.506 Y102.448 E1255.70485
G1 X81.207 Y101.844 E1255.73287
G1 X81.125 Y101.317 E1255.75504
G1 X81.125 Y101.251 E1255.75779
G1 X81.196 Y100.755 E1255.77862
M204 S5000
M205 X30 Y30
G0 F7200 X81.273 Y100.571
G0 X80.628 Y100.303
G0 X80.571 Y101.995
G0 X81.293 Y103.174
G0 X92.396 Y109.626
M204 S3000
M205 X20 Y20
;TYPE:SKIN
G1 F1500 X92.336 Y109.331 E1255.79113
G1 X92.334 Y103.932 E1256.0156
G1 X85.621 Y99.622 E1256.34726
G1 X85.486 Y99.58 E1256.35314
G1 X85.871 Y100.418 E1256.39148
G1 X85.947 Y100.766 E1256.40629
G1 X85.989 Y101.413 E1256.43325
G1 X85.955 Y101.808 E1256.44973
G1 X85.725 Y102.523 E1256.48096
G1 X85.378 Y103.105 E1256.50913
G1 X84.859 Y103.607 E1256.53915
G1 X84.218 Y103.989 E1256.57017
G1 X83.512 Y104.184 E1256.60062
G1 X82.83 Y104.198 E1256.62898
G1 X82.113 Y104.044 E1256.65947
G1 X81.727 Y103.871 E1256.67706
G1 X81.037 Y103.406 E1256.71165
G1 X80.614 Y102.848 E1256.74076
G1 X80.319 Y102.242 E1256.76878
G1 X80.215 Y101.923 E1256.78273
G1 X76.459 Y134.746 E1258.15626
G1 X76.47 Y134.836 E1258.16003
G1 X76.756 Y134.431 E1258.18064
G1 X77.287 Y133.914 E1258.21145
G1 X77.588 Y133.709 E1258.22659
G1 X78.268 Y133.42 E1258.25731
G1 X79.023 Y133.309 E1258.28904
G1 X79.793 Y133.398 E1258.32127
G1 X80.491 Y133.674 E1258.35247
G1 X80.816 Y133.864 E1258.36812
G1 X81.461 Y134.499 E1258.40575
G1 X81.589 Y134.688 E1258.41524
G1 X81.98 Y135.554 E1258.45475
G1 X82.066 Y136.43 E1258.49134
G1 X81.88 Y137.256 E1258.52654
G1 X81.727 Y137.63 E1258.54334
G1 X81.309 Y138.251 E1258.57447
G1 X80.743 Y138.75 E1258.60584
G1 X80.125 Y139.058 E1258.63454
G1 X87.201 Y139.058 E1258.92873
G1 X87.034 Y138.821 E1258.94078
G1 X86.747 Y138.18 E1258.96998
G1 X86.655 Y137.845 E1258.98443
G1 X86.605 Y137.091 E1259.01584
G1 X86.721 Y136.382 E1259.04571
G1 X87.214 Y135.444 E1259.08977
G1 X87.774 Y134.906 E1259.12205
G1 X88.468 Y134.506 E1259.15536
G1 X89.196 Y134.331 E1259.18648
G1 X89.933 Y134.322 E1259.21713
G1 X90.662 Y134.505 E1259.24838
G1 X91.349 Y134.879 E1259.2809
G1 X91.928 Y135.44 E1259.31441
G1 X92.339 Y136.154 E1259.34867
G1 X92.522 Y136.936 E1259.38206
G1 X92.549 Y137.294 E1259.39698
G1 X92.496 Y137.845 E1259.42
G1 X92.404 Y138.18 E1259.43444
G1 X92.117 Y138.821 E1259.46364
G1 X91.95 Y139.058 E1259.47569
G1 X118.85 Y139.059 E1260.59406
G1 X118.85 Y131.396 E1260.91265
G1 X118.288 Y131.747 E1260.9402
G1 X117.589 Y131.966 E1260.97066
G1 X117.281 Y132.002 E1260.98355
G1 X116.546 Y131.966 E1261.01414
G1 X115.831 Y131.738 E1261.04534
G1 X115.254 Y131.39 E1261.07336
G1 X114.755 Y130.873 E1261.10323
G1 X114.346 Y130.196 E1261.13612
G1 X114.147 Y129.22 E1261.17753
G1 X114.15 Y128.952 E1261.18867
G1 X114.339 Y127.998 E1261.2291
G1 X114.786 Y127.239 E1261.26573
G1 X115.565 Y126.563 E1261.30861
G1 X116.3 Y126.264 E1261.3416
G1 X116.941 Y126.168 E1261.36854
G1 X117.702 Y126.231 E1261.40029
G1 X118.399 Y126.483 E1261.4311
G1 X118.85 Y126.79 E1261.45379
G1 X118.85 Y120.954 E1261.69642
G1 X102.504 Y110.459 E1262.50402
G1 X93.479 Y110.458 E1262.87924
G1 X93.246 Y110.42 E1262.88905
G1 X92.858 Y110.239 E1262.90685
G1 X92.628 Y110.032 E1262.91972
G1 X92.396 Y109.626 E1262.93916
M204 S5000
M205 X30 Y30
G0 F7200 X81.684 Y123.086
M204 S3000
M205 X20 Y20
G1 F1500 X81.796 Y122.741 E1262.95424
G1 X82.131 Y122.099 E1262.98435
G1 X82.357 Y121.806 E1262.99973
G1 X82.906 Y121.321 E1263.03019
G1 X83.466 Y121.02 E1263.05662
G1 X84.185 Y120.823 E1263.08761
G1 X84.907 Y120.826 E1263.11763
G1 X85.672 Y121.006 E1263.1503
G1 X86.313 Y121.359 E1263.18073
G1 X86.902 Y121.906 E1263.21415
G1 X87.33 Y122.626 E1263.24897
G1 X87.537 Y123.513 E1263.28684
G1 X87.553 Y123.742 E1263.29638
G1 X87.479 Y124.506 E1263.32829
G1 X87.098 Y125.366 E1263.3674
G1 X86.927 Y125.609 E1263.37975
G1 X86.352 Y126.167 E1263.41307
G1 X86.086 Y126.347 E1263.42642
G1 X85.462 Y126.633 E1263.45496
G1 X84.81 Y126.754 E1263.48253
G1 X83.979 Y126.718 E1263.51711
G1 X82.936 Y126.304 E1263.56376
G1 X82.109 Y125.5 E1263.61171
G1 X81.747 Y124.679 E1263.64902
G1 X81.648 Y124.303 E1263.66518
G1 X81.593 Y123.733 E1263.68899
G1 X81.594 Y123.669 E1263.69165
G1 X81.684 Y123.086 E1263.71618
M204 S5000
M205 X30 Y30
G0 F7200 X80.599 Y103.248
M204 S3000
M205 X20 Y20
G1 F1500 X80.273 Y103.574 E1263.73535
M204 S5000
M205 X30 Y30
G0 F7200 X80.924 Y103.63
M204 S3000
M205 X20 Y20
G1 F1500 X80.182 Y104.372 E1263.77897
M204 S5000
M205 X30 Y30
G0 F7200 X80.091 Y105.17
M204 S3000
M205 X20 Y20
G1 F1500 X81.346 Y103.914 E1263.85279
M204 S5000
M205 X30 Y30
G0 F7200 X81.794 Y104.174
M204 S3000
M205 X20 Y20
G1 F1500 X79.999 Y105.969 E1263.95833
M204 S5000
M205 X30 Y30
G0 F7200 X79.908 Y106.767
M204 S3000
M205 X20 Y20
G1 F1500 X82.33 Y104.345 E1264.10073
M204 S5000
M205 X30 Y30
G0 F7200 X82.94 Y104.443
M204 S3000
M205 X20 Y20
G1 F1500 X79.817 Y107.565 E1264.28433
M204 S5000
M205 X30 Y30
G0 F7200 X79.726 Y108.364
M204 S3000
M205 X20 Y20
G1 F1500 X83.701 Y104.388 E1264.51807
G1 X83.789 Y104.3
M204 S5000
M205 X30 Y30
G0 F7200 X84.961 Y103.835
M204 S3000
M205 X20 Y20
G1 F1500 X79.635 Y109.162 E1264.83125
M204 S5000
M205 X30 Y30
G0 F7200 X79.543 Y109.96
M204 S3000
M205 X20 Y20
G1 F1500 X88.036 Y101.468 E1265.33057
M204 S5000
M205 X30 Y30
G0 F7200 X88.466 Y101.744
M204 S3000
M205 X20 Y20
G1 F1500 X79.452 Y110.759 E1265.86059
M204 S5000
M205 X30 Y30
G0 F7200 X79.361 Y111.557
M204 S3000
M205 X20 Y20
G1 F1500 X88.897 Y102.021 E1266.42127
M204 S5000
M205 X30 Y30
G0 F7200 X89.328 Y102.297
M204 S3000
M205 X20 Y20
G1 F1500 X79.27 Y112.355 E1267.01264
M204 S5000
M205 X30 Y30
G0 F7200 X79.178 Y113.154
M204 S3000
M205 X20 Y20
G1 F1500 X89.758 Y102.574 E1267.63471
M204 S5000
M205 X30 Y30
G0 F7200 X90.189 Y102.85
M204 S3000
M205 X20 Y20
G1 F1500 X79.087 Y113.952 E1268.28746
M204 S5000
M205 X30 Y30
G0 F7200 X78.996 Y114.75
M204 S3000
M205 X20 Y20
G1 F1500 X90.619 Y103.127 E1268.97085
M204 S5000
M205 X30 Y30
G0 F7200 X91.05 Y103.403
M204 S3000
M205 X20 Y20
G1 F1500 X78.905 Y115.549 E1269.68496
M204 S5000
M205 X30 Y30
G0 F7200 X78.814 Y116.347
M204 S3000
M205 X20 Y20
G1 F1500 X91.481 Y103.68 E1270.42973
M204 S5000
M205 X30 Y30
G0 F7200 X91.911 Y103.956
M204 S3000
M205 X20 Y20
G1 F1500 X78.722 Y117.145 E1271.20519
M204 S5000
M205 X30 Y30
G0 F7200 X78.631 Y117.943
M204 S3000
M205 X20 Y20
G1 F1500 X92.084 Y104.491 E1271.99615
M204 S5000
M205 X30 Y30
G0 F7200 X92.084 Y105.198
M204 S3000
M205 X20 Y20
G1 F1500 X78.54 Y118.742 E1272.79248
M204 S5000
M205 X30 Y30
G0 F7200 X78.449 Y119.54
M204 S3000
M205 X20 Y20
G1 F1500 X92.085 Y105.904 E1273.59423
M204 S5000
M205 X30 Y30
G0 F7200 X92.085 Y106.611
M204 S3000
M205 X20 Y20
G1 F1500 X78.358 Y120.338 E1274.40132
M204 S5000
M205 X30 Y30
G0 F7200 X78.266 Y121.137
M204 S3000
M205 X20 Y20
G1 F1500 X92.085 Y107.318 E1275.21383
M204 S5000
M205 X30 Y30
G0 F7200 X92.085 Y108.025
M204 S3000
M205 X20 Y20
G1 F1500 X78.175 Y121.935 E1276.03168
M204 S5000
M205 X30 Y30
G0 F7200 X78.084 Y122.733
M204 S3000
M205 X20 Y20
G1 F1500 X92.086 Y108.731 E1276.85495
M204 S5000
M205 X30 Y30
G0 F7200 X92.102 Y109.422
M204 S3000
M205 X20 Y20
G1 F1500 X77.993 Y123.532 E1277.68453
M204 S5000
M205 X30 Y30
G0 F7200 X77.901 Y124.33
M204 S3000
M205 X20 Y20
G1 F1500 X92.288 Y109.943 E1278.53043
M204 S5000
M205 X30 Y30
G0 F7200 X92.602 Y110.336
M204 S3000
M205 X20 Y20
G1 F1500 X77.81 Y125.128 E1279.40014
M204 S5000
M205 X30 Y30
G0 F7200 X77.719 Y125.927
M204 S3000
M205 X20 Y20
G1 F1500 X93.047 Y110.599 E1280.30137
M204 S5000
M205 X30 Y30
G0 F7200 X93.647 Y110.706
M204 S3000
M205 X20 Y20
G1 F1500 X83.64 Y120.713 E1280.88975
M204 S5000
M205 X30 Y30
G0 F7200 X84.485 Y120.575
M204 S3000
M205 X20 Y20
G1 F1500 X94.354 Y110.706 E1281.47
M204 S5000
M205 X30 Y30
G0 F7200 X95.061 Y110.706
M204 S3000
M205 X20 Y20
G1 F1500 X85.142 Y120.625 E1282.0532
M204 S5000
M205 X30 Y30
G0 F7200 X85.718 Y120.756
M204 S3000
M205 X20 Y20
G1 F1500 X95.768 Y110.706 E1282.64411
M204 S5000
M205 X30 Y30
G0 F7200 X96.475 Y110.706
M204 S3000
M205 X20 Y20
G1 F1500 X86.182 Y121 E1283.24932
M204 S5000
M205 X30 Y30
G0 F7200 X86.605 Y121.284
M204 S3000
M205 X20 Y20
G1 F1500 X97.182 Y110.706 E1283.87124
M204 S5000
M205 X30 Y30
G0 F7200 X97.889 Y110.706
M204 S3000
M205 X20 Y20
G1 F1500 X86.969 Y121.626 E1284.51329
M204 S5000
M205 X30 Y30
G0 F7200 X87.27 Y122.033
M204 S3000
M205 X20 Y20
G1 F1500 X98.596 Y110.707 E1285.17922
M204 S5000
M205 X30 Y30
G0 F7200 X99.303 Y110.707
M204 S3000
M205 X20 Y20
G1 F1500 X87.536 Y122.473 E1285.87104
M204 S5000
M205 X30 Y30
G0 F7200 X87.683 Y123.034
M204 S3000
M205 X20 Y20
G1 F1500 X100.01 Y110.707 E1286.59583
M204 S5000
M205 X30 Y30
G0 F7200 X100.717 Y110.707
M204 S3000
M205 X20 Y20
G1 F1500 X87.794 Y123.63 E1287.35565
M204 S5000
M205 X30 Y30
G0 F7200 X87.741 Y124.39
M204 S3000
M205 X20 Y20
G1 F1500 X101.424 Y110.707 E1288.16016
M204 S5000
M205 X30 Y30
G0 F7200 X102.131 Y110.707
M204 S3000
M205 X20 Y20
G1 F1500 X87.24 Y125.598 E1289.03569
G1 X87.152 Y125.686
M204 S5000
M205 X30 Y30
G0 F7200 X86.406 Y126.432
M204 S3000
M205 X20 Y20
G1 F1500 X79.707 Y133.131 E1289.42957
M204 S5000
M205 X30 Y30
G0 F7200 X80.237 Y133.308
M204 S3000
M205 X20 Y20
G1 F1500 X102.678 Y110.867 E1290.74901
M204 S5000
M205 X30 Y30
G0 F7200 X103.109 Y111.143
M204 S3000
M205 X20 Y20
G1 F1500 X80.731 Y133.522 E1292.06478
M204 S5000
M205 X30 Y30
G0 F7200 X81.131 Y133.829
M204 S3000
M205 X20 Y20
G1 F1500 X103.54 Y111.42 E1293.38234
M204 S5000
M205 X30 Y30
G0 F7200 X103.97 Y111.696
M204 S3000
M205 X20 Y20
G1 F1500 X81.488 Y134.179 E1294.70423
M204 S5000
M205 X30 Y30
G0 F7200 X81.806 Y134.568
M204 S3000
M205 X20 Y20
G1 F1500 X104.401 Y111.973 E1296.03273
M204 S5000
M205 X30 Y30
G0 F7200 X104.832 Y112.249
M204 S3000
M205 X20 Y20
G1 F1500 X82.027 Y135.053 E1297.37354
M204 S5000
M205 X30 Y30
G0 F7200 X82.232 Y135.556
M204 S3000
M205 X20 Y20
G1 F1500 X105.262 Y112.526 E1298.72762
M204 S5000
M205 X30 Y30
G0 F7200 X105.693 Y112.802
M204 S3000
M205 X20 Y20
G1 F1500 X82.295 Y136.2 E1300.10333
M204 S5000
M205 X30 Y30
G0 F7200 X82.189 Y137.013
M204 S3000
M205 X20 Y20
G1 F1500 X106.123 Y113.079 E1301.51056
M204 S5000
M205 X30 Y30
G0 F7200 X106.554 Y113.355
M204 S3000
M205 X20 Y20
G1 F1500 X81.506 Y138.404 E1302.98332
G1 X81.462 Y138.447
G1 X81.103 Y138.806 E1303.00442
M204 S5000
M205 X30 Y30
G0 F7200 X81.81 Y138.806
M204 S3000
M205 X20 Y20
G1 F1500 X106.985 Y113.632 E1304.48459
M204 S5000
M205 X30 Y30
G0 F7200 X107.415 Y113.908
M204 S3000
M205 X20 Y20
G1 F1500 X82.517 Y138.806 E1305.9485
M204 S5000
M205 X30 Y30
G0 F7200 X83.225 Y138.806
M204 S3000
M205 X20 Y20
G1 F1500 X107.846 Y114.185 E1307.39612
M204 S5000
M205 X30 Y30
G0 F7200 X108.277 Y114.461
M204 S3000
M205 X20 Y20
G1 F1500 X88.496 Y134.242 E1308.55916
M204 S5000
M205 X30 Y30
G0 F7200 X89.364 Y134.08
M204 S3000
M205 X20 Y20
G1 F1500 X108.707 Y114.737 E1309.69646
M204 S5000
M205 X30 Y30
G0 F7200 X109.138 Y115.014
M204 S3000
M205 X20 Y20
G1 F1500 X90.055 Y134.097 E1310.81846
M204 S5000
M205 X30 Y30
G0 F7200 X90.621 Y134.238
M204 S3000
M205 X20 Y20
G1 F1500 X109.569 Y115.29 E1311.93253
M204 S5000
M205 X30 Y30
G0 F7200 X109.999 Y115.567
M204 S3000
M205 X20 Y20
G1 F1500 X91.106 Y134.46 E1313.04337
M204 S5000
M205 X30 Y30
G0 F7200 X91.548 Y134.725
M204 S3000
M205 X20 Y20
G1 F1500 X110.43 Y115.843 E1314.15356
M204 S5000
M205 X30 Y30
G0 F7200 X110.86 Y116.12
M204 S3000
M205 X20 Y20
G1 F1500 X91.91 Y135.07 E1315.26775
M204 S5000
M205 X30 Y30
G0 F7200 X92.227 Y135.46
M204 S3000
M205 X20 Y20
G1 F1500 X111.291 Y116.396 E1316.38864
M204 S5000
M205 X30 Y30
G0 F7200 X111.722 Y116.673
M204 S3000
M205 X20 Y20
G1 F1500 X92.486 Y135.909 E1317.51964
M204 S5000
M205 X30 Y30
G0 F7200 X92.664 Y136.437
M204 S3000
M205 X20 Y20
G1 F1500 X112.152 Y116.949 E1318.66546
M204 S5000
M205 X30 Y30
G0 F7200 X112.583 Y117.226
M204 S3000
M205 X20 Y20
G1 F1500 X92.778 Y137.03 E1319.82989
M204 S5000
M205 X30 Y30
G0 F7200 X92.757 Y137.759
M204 S3000
M205 X20 Y20
G1 F1500 X113.014 Y117.502 E1321.02092
M204 S5000
M205 X30 Y30
G0 F7200 X113.444 Y117.779
M204 S3000
M205 X20 Y20
G1 F1500 X92.416 Y138.807 E1322.25729
M204 S5000
M205 X30 Y30
G0 F7200 X93.123 Y138.807
M204 S3000
M205 X20 Y20
G1 F1500 X113.875 Y118.055 E1323.47743
M204 S5000
M205 X30 Y30
G0 F7200 X114.305 Y118.332
M204 S3000
M205 X20 Y20
G1 F1500 X93.83 Y138.807 E1324.68128
M204 S5000
M205 X30 Y30
G0 F7200 X94.537 Y138.807
M204 S3000
M205 X20 Y20
G1 F1500 X114.736 Y118.608 E1325.8689
M204 S5000
M205 X30 Y30
G0 F7200 X115.167 Y118.885
M204 S3000
M205 X20 Y20
G1 F1500 X95.244 Y138.807 E1327.04027
M204 S5000
M205 X30 Y30
G0 F7200 X95.951 Y138.807
M204 S3000
M205 X20 Y20
G1 F1500 X115.597 Y119.161 E1328.19538
M204 S5000
M205 X30 Y30
G0 F7200 X116.027 Y119.438
M204 S3000
M205 X20 Y20
G1 F1500 X96.658 Y138.807 E1329.3342
M204 S5000
M205 X30 Y30
G0 F7200 X97.365 Y138.807
M204 S3000
M205 X20 Y20
G1 F1500 X116.458 Y119.715 E1330.45677
M204 S5000
M205 X30 Y30
G0 F7200 X116.888 Y119.991
M204 S3000
M205 X20 Y20
G1 F1500 X98.072 Y138.807 E1331.56308
M204 S5000
M205 X30 Y30
G0 F7200 X98.779 Y138.807
M204 S3000
M205 X20 Y20
G1 F1500 X117.319 Y120.268 E1332.65313
M204 S5000
M205 X30 Y30
G0 F7200 X117.75 Y120.544
M204 S3000
M205 X20 Y20
G1 F1500 X99.487 Y138.807 E1333.72692
M204 S5000
M205 X30 Y30
G0 F7200 X100.194 Y138.807
M204 S3000
M205 X20 Y20
G1 F1500 X118.18 Y120.821 E1334.78443
M204 S5000
M205 X30 Y30
G0 F7200 X118.6 Y121.109
M204 S3000
M205 X20 Y20
G1 F1500 X100.901 Y138.807 E1335.82503
M204 S5000
M205 X30 Y30
G0 F7200 X101.608 Y138.807
M204 S3000
M205 X20 Y20
G1 F1500 X118.6 Y121.816 E1336.82407
M204 S5000
M205 X30 Y30
G0 F7200 X118.6 Y122.523
M204 S3000
M205 X20 Y20
G1 F1500 X102.315 Y138.807 E1337.78153
M204 S5000
M205 X30 Y30
G0 F7200 X103.022 Y138.807
M204 S3000
M205 X20 Y20
G1 F1500 X114.359 Y127.47 E1338.44811
G1 X114.447 Y127.382
M204 S5000
M205 X30 Y30
G0 F7200 X113.97 Y128.567
M204 S3000
M205 X20 Y20
G1 F1500 X103.729 Y138.807 E1339.05021
M204 S5000
M205 X30 Y30
G0 F7200 X104.436 Y138.807
M204 S3000
M205 X20 Y20
G1 F1500 X113.913 Y129.331 E1339.60739
M204 S5000
M205 X30 Y30
G0 F7200 X114.032 Y129.918
M204 S3000
M205 X20 Y20
G1 F1500 X105.143 Y138.807 E1340.13003
M204 S5000
M205 X30 Y30
G0 F7200 X105.851 Y138.807
M204 S3000
M205 X20 Y20
G1 F1500 X114.21 Y130.448 E1340.62151
M204 S5000
M205 X30 Y30
G0 F7200 X114.474 Y130.891
M204 S3000
M205 X20 Y20
G1 F1500 X106.558 Y138.807 E1341.08694
M204 S5000
M205 X30 Y30
G0 F7200 X107.265 Y138.807
M204 S3000
M205 X20 Y20
G1 F1500 X114.798 Y131.275 E1341.52982
M204 S5000
M205 X30 Y30
G0 F7200 X115.158 Y131.621
M204 S3000
M205 X20 Y20
G1 F1500 X107.972 Y138.807 E1341.95233
M204 S5000
M205 X30 Y30
G0 F7200 X108.679 Y138.807
M204 S3000
M205 X20 Y20
G1 F1500 X115.599 Y131.888 E1342.35917
M204 S5000
M205 X30 Y30
G0 F7200 X116.106 Y132.087
M204 S3000
M205 X20 Y20
G1 F1500 X109.386 Y138.807 E1342.75428
M204 S5000
M205 X30 Y30
G0 F7200 X110.093 Y138.807
M204 S3000
M205 X20 Y20
G1 F1500 X116.678 Y132.222 E1343.14145
M204 S5000
M205 X30 Y30
G0 F7200 X117.368 Y132.24
M204 S3000
M205 X20 Y20
G1 F1500 X110.8 Y138.807 E1343.5276
M204 S5000
M205 X30 Y30
G0 F7200 X111.507 Y138.807
M204 S3000
M205 X20 Y20
G1 F1500 X118.316 Y131.999 E1343.92791
M204 S5000
M205 X30 Y30
G0 F7200 X118.6 Y132.422
M204 S3000
M205 X20 Y20
G1 F1500 X112.215 Y138.807 E1344.30332
M204 S5000
M205 X30 Y30
G0 F7200 X112.922 Y138.807
M204 S3000
M205 X20 Y20
G1 F1500 X118.6 Y133.129 E1344.63717
M204 S5000
M205 X30 Y30
G0 F7200 X118.6 Y133.836
M204 S3000
M205 X20 Y20
G1 F1500 X113.629 Y138.807 E1344.92944
M204 S5000
M205 X30 Y30
G0 F7200 X114.336 Y138.807
M204 S3000
M205 X20 Y20
G1 F1500 X118.6 Y134.544 E1345.18012
M204 S5000
M205 X30 Y30
G0 F7200 X118.6 Y135.251
M204 S3000
M205 X20 Y20
G1 F1500 X115.043 Y138.807 E1345.38923
M204 S5000
M205 X30 Y30
G0 F7200 X115.75 Y138.807
M204 S3000
M205 X20 Y20
G1 F1500 X118.6 Y135.958 E1345.55677
M204 S5000
M205 X30 Y30
G0 F7200 X118.6 Y136.665
M204 S3000
M205 X20 Y20
G1 F1500 X116.457 Y138.807 E1345.68274
M204 S5000
M205 X30 Y30
G0 F7200 X117.164 Y138.807
M204 S3000
M205 X20 Y20
G1 F1500 X118.6 Y137.372 E1345.76714
M204 S5000
M205 X30 Y30
G0 F7200 X118.6 Y138.079
M204 S3000
M205 X20 Y20
G1 F1500 X117.871 Y138.807 E1345.80997
G1 X117.783 Y138.895
M204 S5000
M205 X30 Y30
G0 F7200 X114.656 Y130.051
G0 X114.656 Y128.128
G0 X115.74 Y126.853
G0 X118.43 Y126.228
M204 S3000
M205 X20 Y20
G1 F1500 X118.6 Y126.058 E1345.81997
M204 S5000
M205 X30 Y30
G0 F7200 X117.911 Y126.04
M204 S3000
M205 X20 Y20
G1 F1500 X118.6 Y125.351 E1345.86048
M204 S5000
M205 X30 Y30
G0 F7200 X118.6 Y124.644
M204 S3000
M205 X20 Y20
G1 F1500 X117.298 Y125.946 E1345.93703
M204 S5000
M205 X30 Y30
G0 F7200 X116.565 Y125.972
M204 S3000
M205 X20 Y20
G1 F1500 X118.6 Y123.937 E1346.05668
M204 S5000
M205 X30 Y30
G0 F7200 X118.6 Y123.23
M204 S3000
M205 X20 Y20
G1 F1500 X115.524 Y126.305 E1346.23751
G1 X115.436 Y126.393
M204 S5000
M205 X30 Y30
G0 F7200 X85.195 Y126.936
M204 S3000
M205 X20 Y20
G1 F1500 X79.07 Y133.061 E1346.59764
M204 S5000
M205 X30 Y30
G0 F7200 X78.256 Y133.168
M204 S3000
M205 X20 Y20
G1 F1500 X84.437 Y126.987 E1346.96106
M204 S5000
M205 X30 Y30
G0 F7200 X83.799 Y126.917
M204 S3000
M205 X20 Y20
G1 F1500 X76.808 Y133.909 E1347.37213
M204 S5000
M205 X30 Y30
G0 F7200 X76.899 Y133.111
M204 S3000
M205 X20 Y20
G1 F1500 X83.296 Y126.714 E1347.74825
M204 S5000
M205 X30 Y30
G0 F7200 X82.793 Y126.509
M204 S3000
M205 X20 Y20
G1 F1500 X76.99 Y132.313 E1348.08947
M204 S5000
M205 X30 Y30
G0 F7200 X77.081 Y131.514
M204 S3000
M205 X20 Y20
G1 F1500 X82.434 Y126.161 E1348.40421
M204 S5000
M205 X30 Y30
G0 F7200 X82.076 Y125.813
M204 S3000
M205 X20 Y20
G1 F1500 X77.172 Y130.716 E1348.69252
M204 S5000
M205 X30 Y30
G0 F7200 X77.264 Y129.918
M204 S3000
M205 X20 Y20
G1 F1500 X81.788 Y125.394 E1348.95851
M204 S5000
M205 X30 Y30
G0 F7200 X81.572 Y124.902
M204 S3000
M205 X20 Y20
G1 F1500 X77.355 Y129.119 E1349.20645
M204 S5000
M205 X30 Y30
G0 F7200 X77.446 Y128.321
M204 S3000
M205 X20 Y20
G1 F1500 X81.402 Y124.365 E1349.43905
M204 S5000
M205 X30 Y30
G0 F7200 X81.339 Y123.721
M204 S3000
M205 X20 Y20
G1 F1500 X77.537 Y127.523 E1349.66259
M204 S5000
M205 X30 Y30
G0 F7200 X77.628 Y126.725
M204 S3000
M205 X20 Y20
G1 F1500 X81.497 Y122.856 E1349.89008
G1 X81.585 Y122.768
M204 S5000
M205 X30 Y30
G0 F7200 X81.918 Y124.097
G0 X86.528 Y136.209
M204 S3000
M205 X20 Y20
G1 F1500 X83.931 Y138.807 E1350.0428
M204 S5000
M205 X30 Y30
G0 F7200 X84.638 Y138.807
M204 S3000
M205 X20 Y20
G1 F1500 X86.354 Y137.091 E1350.14369
M204 S5000
M205 X30 Y30
G0 F7200 X86.393 Y137.759
M204 S3000
M205 X20 Y20
G1 F1500 X85.345 Y138.807 E1350.20531
M204 S5000
M205 X30 Y30
G0 F7200 X86.052 Y138.807
M204 S3000
M205 X20 Y20
G1 F1500 X86.536 Y138.323 E1350.23377
M204 S5000
M205 X30 Y30
G0 F7200 X87.226 Y123.663
G0 X85.636 Y103.16
M204 S3000
M205 X20 Y20
G1 F1500 X87.605 Y101.191 E1350.34954
M204 S5000
M205 X30 Y30
G0 F7200 X87.174 Y100.915
M204 S3000
M205 X20 Y20
G1 F1500 X86.186 Y101.903 E1350.40763
M204 S5000
M205 X30 Y30
G0 F7200 X86.223 Y101.159
M204 S3000
M205 X20 Y20
G1 F1500 X86.744 Y100.638 E1350.43826
M204 S5000
M205 X30 Y30
G0 F7200 X86.313 Y100.362
M204 S3000
M205 X20 Y20
G1 F1500 X86.139 Y100.536 E1350.44849
M204 S5000
M205 X30 Y30
G1 F1500 E1343.94849
;MESH:Hip Servo Mount L.stl
G0 F7200 X92.843 Y103.359
G0 X93.454 Y102.405
G0 X105.271 Y95.38
G0 X106.208 Y94.778
G0 X103.886 Y88.588
G0 X103.434 Y86.865
G1 F1500 E1350.44849
G0 F7200 X103.56 Y86.89
M204 S3000
M205 X20 Y20
;TYPE:WALL-INNER
G1 F3082.8 X103.796 Y86.422 E1350.47691
G1 F3078.1 X104.032 Y86.107 E1350.49828
G1 F3101.9 X104.669 Y85.564 E1350.54338
G1 X105.484 Y85.282 E1350.58985
G1 F3078.1 X105.76 Y85.251 E1350.60493
G1 F3257.7 X106.6 Y85.407 E1350.64876
G1 F3729.1 X107.074 Y85.606 E1350.6718
G1 F4020 X107.277 Y85.732 E1350.68173
G1 X107.767 Y86.159 E1350.70875
G1 X107.926 Y86.352 E1350.71915
G1 X108.15 Y86.744 E1350.73792
G1 X108.365 Y87.436 E1350.76805
G1 X108.357 Y88.098 E1350.79557
G1 X108.194 Y88.718 E1350.82223
G1 X107.842 Y89.314 E1350.851
G1 X107.22 Y89.856 E1350.8853
G1 X106.653 Y90.109 E1350.91112
G1 X106.411 Y90.166 E1350.92145
G1 X105.755 Y90.209 E1350.94879
G1 X105.464 Y90.171 E1350.96099
G1 F3865.4 X104.732 Y89.923 E1350.9944
G1 F3589.3 X103.953 Y89.354 E1351.03932
G1 F3372.5 X103.558 Y88.695 E1351.0774
G1 F3185.4 X103.412 Y87.932 E1351.11816
G1 F3097.1 X103.404 Y87.66 E1351.13284
G1 F3101.9 X103.56 Y86.89 E1351.17517
M204 S5000
M205 X30 Y30
G0 F7200 X103.434 Y86.865
G0 X103.507 Y88.73
G0 X104.62 Y90.031
G0 X114.754 Y97.375
G0 X114.475 Y97.8
M204 S3000
M205 X20 Y20
G1 F4020 X114.578 Y97.988 E1351.18409
G1 X114.626 Y98.218 E1351.19386
G1 X114.626 Y107.337 E1351.57298
G1 X125.336 Y124.018 E1352.39713
G1 X132.77 Y124.018 E1352.7062
G1 X132.228 Y123.721 E1352.7319
G1 X131.728 Y123.179 E1352.76256
G1 X131.433 Y122.615 E1352.78902
G1 X131.318 Y122.186 E1352.80748
G1 X131.289 Y121.445 E1352.83831
G1 X131.507 Y120.743 E1352.86887
G1 X131.848 Y120.203 E1352.89543
G1 X132.218 Y119.838 E1352.91703
G1 X132.779 Y119.5 E1352.94426
G1 X133.407 Y119.332 E1352.97129
G1 X134.049 Y119.333 E1352.99798
G1 X134.672 Y119.496 E1353.02476
G1 X135.247 Y119.835 E1353.05251
G1 X135.699 Y120.296 E1353.07935
G1 X135.998 Y120.83 E1353.10479
G1 X136.144 Y121.352 E1353.12733
G1 X136.169 Y121.991 E1353.15392
G1 X136.029 Y122.615 E1353.1805
G1 X135.734 Y123.179 E1353.20697
G1 X135.234 Y123.721 E1353.23762
G1 X134.692 Y124.018 E1353.26332
G1 X144.176 Y124.019 E1353.65762
G1 X144.176 Y95.388 E1354.84796
G1 X143.708 Y96.016 E1354.88052
G1 X143.495 Y96.21 E1354.8925
G1 X142.927 Y96.554 E1354.9201
G1 X142.706 Y96.644 E1354.93002
G1 X142.264 Y96.745 E1354.94887
G1 X141.53 Y96.75 E1354.97939
G1 X140.904 Y96.554 E1355.00666
G1 X140.334 Y96.211 E1355.03432
G1 X139.754 Y95.533 E1355.07142
G1 X139.501 Y94.912 E1355.09929
G1 X139.419 Y94.288 E1355.12546
G1 X139.5 Y93.623 E1355.15331
G1 X139.755 Y93.009 E1355.18095
G1 X140.322 Y92.339 E1355.21744
G1 X140.911 Y91.975 E1355.24623
G1 X141.512 Y91.8 E1355.27226
G1 X142.072 Y91.775 E1355.29556
G1 X142.706 Y91.894 E1355.32238
G1 X142.926 Y91.983 E1355.33225
G1 X143.494 Y92.327 E1355.35985
G1 X143.708 Y92.521 E1355.37186
G1 X144.176 Y93.15 E1355.40446
G1 X144.176 Y90.307 E1355.52266
G1 F4012 X144.176 Y87.464 E1355.64109
G1 X144.176 Y84.621 E1355.75953
G1 F3532.5 X144.108 Y84.13 E1355.78298
G1 F3180.4 X144.112 Y83.616 E1355.80999
G1 F3200.6 X144.027 Y83.054 E1355.83967
G1 F3190.5 X143.84 Y82.464 E1355.87209
G1 F3200.6 X143.533 Y81.936 E1355.90399
G1 F3216 X143.221 Y81.563 E1355.92926
G1 F3205.7 X142.859 Y81.238 E1355.95462
G1 F3195.5 X142.449 Y80.977 E1355.98004
G1 F3200.6 X142.006 Y80.773 E1356.00551
G1 F3221.2 X141.534 Y80.644 E1356.0309
G1 F3216 X141.05 Y80.587 E1356.05622
G1 F3205.7 X140.522 Y80.609 E1356.08377
G1 F3145.5 X140.023 Y80.676 E1356.11053
G1 F3495.7 X139.388 Y80.675 E1356.14089
G1 F4020 X106.389 Y84.446 E1357.52175
G1 F3477.5 X105.744 Y84.598 E1357.5536
G1 F3082.8 X105.397 Y84.635 E1357.57252
G1 F3068.7 X104.845 Y84.793 E1357.60379
G1 F3078.1 X104.393 Y84.99 E1357.63056
G1 F3082.8 X103.983 Y85.267 E1357.65739
G1 F3059.4 X103.621 Y85.595 E1357.68408
G1 F3064 X103.23 Y86.083 E1357.71819
G1 F3082.8 X102.962 Y86.638 E1357.7516
G1 F3073.4 X102.829 Y87.113 E1357.77842
G1 F3068.7 X102.759 Y87.625 E1357.80657
G1 F3082.8 X102.774 Y88.095 E1357.83206
G1 F3054.7 X102.865 Y88.581 E1357.85911
G1 F3073.4 X103.021 Y89.045 E1357.88573
G1 F3092.3 X103.279 Y89.52 E1357.91495
G1 F3155.4 X103.497 Y89.889 E1357.93765
G1 F3589.3 X103.804 Y90.477 E1357.96854
G1 F4020 X108.314 Y97.503 E1358.31565
G1 X113.956 Y97.503 E1358.55021
G1 X114.262 Y97.609 E1358.56368
G1 X114.475 Y97.8 E1358.57557
M204 S5000
M205 X30 Y30
G0 F7200 X114.826 Y97.8
G0 X125.737 Y89.067
G0 X125.934 Y89.098
M204 S3000
M205 X20 Y20
G1 F4020 X126.026 Y88.557 E1358.59839
G1 X126.246 Y88.051 E1358.62133
G1 X126.619 Y87.544 E1358.64749
G1 X127.126 Y87.136 E1358.67455
G1 X127.336 Y87.026 E1358.68441
G1 X128.058 Y86.785 E1358.71605
G1 X128.658 Y86.781 E1358.741
G1 X128.895 Y86.819 E1358.75098
G1 X129.515 Y87.025 E1358.77814
G1 X129.726 Y87.135 E1358.78803
G1 X130.233 Y87.543 E1358.81509
G1 X130.582 Y87.991 E1358.8387
G1 X130.822 Y88.541 E1358.86365
G1 X130.934 Y89.196 E1358.89127
G1 X130.863 Y89.878 E1358.91978
G1 X130.487 Y90.711 E1358.95778
G1 X129.823 Y91.358 E1358.99632
G1 X129.201 Y91.653 E1359.02494
G1 X128.574 Y91.774 E1359.05149
G1 X127.964 Y91.727 E1359.07693
G1 X127.352 Y91.535 E1359.10359
G1 X126.779 Y91.163 E1359.132
G1 X126.208 Y90.452 E1359.16991
G1 X125.989 Y89.839 E1359.19697
G1 X125.928 Y89.288 E1359.22002
G1 X125.934 Y89.098 E1359.22792
M204 S5000
M205 X30 Y30
G0 F7200 X125.737 Y89.067
G0 X126.163 Y87.895
G0 X127.099 Y86.983
G0 X138.302 Y83.156
G0 X138.499 Y83.183
M204 S3000
M205 X20 Y20
G1 F4020 X138.734 Y82.571 E1359.25518
G1 X139.109 Y82.056 E1359.28166
G1 X139.517 Y81.706 E1359.30401
G1 F3495.7 X140.15 Y81.31 E1359.33971
G1 F3130.8 X140.742 Y81.21 E1359.37176
G1 F3210.9 X141.242 Y81.228 E1359.39781
G1 F3252.4 X141.855 Y81.372 E1359.43016
G1 F3257.7 X142.568 Y81.789 E1359.47254
G1 X143.038 Y82.306 E1359.50839
G1 X143.349 Y82.935 E1359.54438
G1 F3252.4 X143.471 Y83.484 E1359.57328
G1 F3205.7 X143.477 Y84.076 E1359.60415
G1 F3538.7 X143.241 Y84.705 E1359.63588
G1 F4020 X142.927 Y85.264 E1359.66254
G1 X142.455 Y85.742 E1359.69046
G1 X141.863 Y86.1 E1359.71923
G1 X141.193 Y86.257 E1359.74784
G1 X140.521 Y86.236 E1359.77579
G1 X140.11 Y86.135 E1359.79338
G1 X139.552 Y85.867 E1359.81912
G1 X138.941 Y85.316 E1359.85333
G1 X138.528 Y84.508 E1359.89105
G1 X138.431 Y83.926 E1359.91558
G1 X138.429 Y83.711 E1359.92452
G1 X138.499 Y83.183 E1359.94667
M204 S5000
M205 X30 Y30
G0 F7200 X139 Y83.21
M204 S3000
M205 X20 Y20
;TYPE:WALL-OUTER
G1 F2040 X139.225 Y82.716 E1359.96924
G1 X139.542 Y82.325 E1359.99016
G1 X139.875 Y82.068 E1360.00765
G1 X140.313 Y81.862 E1360.02777
G1 X140.812 Y81.771 E1360.04886
G1 X141.178 Y81.783 E1360.06409
G1 X141.679 Y81.914 E1360.08562
G1 X142.236 Y82.251 E1360.11268
G1 X142.584 Y82.646 E1360.13457
G1 X142.815 Y83.102 E1360.15582
G1 X142.918 Y83.568 E1360.17566
G1 X142.916 Y83.978 E1360.19271
G1 X142.819 Y84.417 E1360.2114
G1 X142.591 Y84.878 E1360.23278
G1 X142.229 Y85.295 E1360.25574
G1 X141.673 Y85.63 E1360.28273
G1 X141.155 Y85.759 E1360.30492
G1 X140.581 Y85.74 E1360.3288
G1 X140.315 Y85.674 E1360.34019
G1 X139.825 Y85.442 E1360.36273
G1 X139.341 Y85 E1360.38998
G1 X139.013 Y84.36 E1360.41988
G1 X138.925 Y83.849 E1360.44144
G1 X138.925 Y83.777 E1360.44443
G1 X139 Y83.21 E1360.46821
M204 S5000
M205 X30 Y30
G0 F7200 X139.083 Y83.028
G0 X138.442 Y82.746
G0 X139.232 Y94.148
G0 X139.925 Y94.237
M204 S3000
M205 X20 Y20
G1 F2040 X139.997 Y93.732 E1360.48942
G1 X140.193 Y93.261 E1360.51063
G1 X140.669 Y92.707 E1360.541
G1 X141.13 Y92.431 E1360.56333
G1 X141.601 Y92.292 E1360.58375
G1 X142.152 Y92.281 E1360.60666
G1 X142.668 Y92.411 E1360.62879
G1 X143.279 Y92.781 E1360.65848
G1 X143.704 Y93.352 E1360.68808
G1 F1777 X143.969 Y93.857 E1360.7153
G1 F1581.4 X143.967 Y94.652 E1360.75793
G1 F1786.3 X143.703 Y95.186 E1360.78622
G1 F2040 X143.279 Y95.756 E1360.81575
G1 X142.668 Y96.126 E1360.84545
G1 X142.152 Y96.257 E1360.86758
G1 X141.638 Y96.249 E1360.88896
G1 X141.113 Y96.1 E1360.91164
G1 X140.668 Y95.827 E1360.93335
G1 X140.194 Y95.278 E1360.9635
G1 X139.989 Y94.782 E1360.98582
G1 X139.925 Y94.301 E1361.00599
G1 X139.925 Y94.237 E1361.00865
M204 S5000
M205 X30 Y30
G0 F7200 X139.953 Y94.039
G0 X139.258 Y93.95
G0 X127.92 Y91.868
G0 X126.68 Y91.266
G0 X125.844 Y89.857
G0 X125.866 Y88.411
G0 X126.506 Y88.697
M204 S3000
M205 X20 Y20
G1 F2040 X126.734 Y88.204 E1361.03123
G1 X127.057 Y87.81 E1361.05242
G1 X127.494 Y87.5 E1361.07469
G1 X128.165 Y87.282 E1361.10402
G1 X128.737 Y87.293 E1361.12781
G1 X129.357 Y87.499 E1361.15497
G1 X129.796 Y87.81 E1361.17734
G1 X130.146 Y88.243 E1361.20049
G1 X130.35 Y88.709 E1361.22164
G1 X130.427 Y89.19 E1361.24189
G1 X130.377 Y89.738 E1361.26477
G1 X130.076 Y90.417 E1361.29565
G1 X129.532 Y90.94 E1361.32702
G1 X129.062 Y91.168 E1361.34874
G1 X128.564 Y91.267 E1361.36985
G1 X128.05 Y91.235 E1361.39126
G1 X127.565 Y91.077 E1361.41246
G1 X127.104 Y90.772 E1361.43545
G1 X126.654 Y90.212 E1361.46531
G1 X126.474 Y89.717 E1361.48721
G1 X126.426 Y89.24 E1361.50714
G1 X126.506 Y88.697 E1361.52996
M204 S5000
M205 X30 Y30
G0 F7200 X126.589 Y88.516
G0 X125.948 Y88.229
G0 X114.826 Y98.078
G0 X114.056 Y98.078
M204 S3000
M205 X20 Y20
G1 F2040 X114.125 Y98.223 E1361.53664
G1 X114.126 Y107.483 E1361.92162
G1 X125.063 Y124.518 E1362.76326
G1 X125.927 Y124.518 E1362.79918
G1 F2035.9 X126.791 Y124.518 E1362.83518
G1 F2031.9 X127.655 Y124.518 E1362.87124
G1 F2027.8 X128.519 Y124.518 E1362.90738
G1 F2023.8 X129.383 Y124.518 E1362.94358
G1 F2019.8 X130.247 Y124.518 E1362.97986
G1 F2015.8 X131.111 Y124.518 E1363.01622
G1 F2011.8 X131.975 Y124.518 E1363.05264
G1 F2007.9 X132.839 Y124.518 E1363.08914
G1 F1734.7 X133.337 Y124.435 E1363.11382
G1 F1540.8 X133.509 Y124.441 E1363.12329
G1 X134.125 Y124.435 E1363.1572
G1 F1734.7 X134.621 Y124.519 E1363.1818
G1 F2007.9 X135.459 Y124.519 E1363.2172
G1 F2011.8 X136.297 Y124.519 E1363.25252
G1 X137.135 Y124.519 E1363.28785
G1 F2015.8 X137.973 Y124.519 E1363.32311
G1 F2019.8 X138.811 Y124.519 E1363.3583
G1 F2023.8 X139.649 Y124.519 E1363.39342
G1 X140.487 Y124.519 E1363.42854
G1 F2027.8 X141.325 Y124.519 E1363.46359
G1 F2031.9 X142.163 Y124.519 E1363.49856
G1 F2035.9 X143.001 Y124.519 E1363.53347
G1 X143.839 Y124.519 E1363.56838
G1 F2040 X144.677 Y124.519 E1363.60322
G1 X144.676 Y95.268 E1364.81934
G1 F1786.3 X144.605 Y94.707 E1364.84619
G1 F1593.8 X144.607 Y93.942 E1364.8869
G1 F1578.9 X144.599 Y93.736 E1364.89797
G1 F1752.6 X144.672 Y93.272 E1364.9207
G1 F2007.9 X144.672 Y92.39 E1364.95796
G1 F2011.8 X144.672 Y91.508 E1364.99514
G1 F2015.8 X144.673 Y90.626 E1365.03225
G1 X144.673 Y89.744 E1365.06936
G1 F2019.8 X144.673 Y88.862 E1365.1064
G1 F2023.8 X144.674 Y87.98 E1365.14336
G1 F2027.8 X144.674 Y87.098 E1365.18025
G1 F2031.9 X144.674 Y86.216 E1365.21706
G1 X144.675 Y85.334 E1365.25388
G1 F2035.9 X144.675 Y84.452 E1365.29062
G1 F2040 X144.676 Y83.57 E1365.32729
G1 X144.578 Y82.928 E1365.35429
G1 X144.361 Y82.232 E1365.3846
G1 X143.993 Y81.613 E1365.41454
G1 X143.629 Y81.17 E1365.43838
G1 X143.201 Y80.789 E1365.4622
G1 X142.721 Y80.478 E1365.48598
G1 X142.197 Y80.242 E1365.50987
G1 X141.642 Y80.09 E1365.5338
G1 X141.073 Y80.023 E1365.55762
G1 X140.491 Y80.045 E1365.58183
G1 X105.287 Y84.069 E1367.05497
G1 X104.647 Y84.245 E1367.08257
G1 X104.116 Y84.487 E1367.10683
G1 X103.627 Y84.808 E1367.13115
G1 X103.198 Y85.198 E1367.15526
G1 X102.736 Y85.774 E1367.18595
G1 X102.424 Y86.433 E1367.21627
G1 X102.259 Y86.992 E1367.2405
G1 X102.183 Y87.571 E1367.26478
G1 X102.185 Y87.639 E1367.26761
G1 X102.197 Y88.155 E1367.28906
G1 X102.303 Y88.729 E1367.31333
G1 X102.493 Y89.277 E1367.33745
G1 X102.775 Y89.802 E1367.36222
G1 X108.041 Y98.003 E1367.76742
G1 X113.939 Y98.003 E1368.01263
G1 X114.056 Y98.078 E1368.01841
M204 S5000
M205 X30 Y30
G0 F7200 X114.125 Y98.223
G0 X114.125 Y98.263
G0 X114.826 Y98.263
G0 X104.62 Y90.031
G0 X103.545 Y88.796
G0 X103.287 Y87.598
G0 X103.973 Y87.736
M204 S3000
M205 X20 Y20
G1 F2040 X104.114 Y87.043 E1368.04781
G1 X104.382 Y86.57 E1368.07041
G1 X104.948 Y86.071 E1368.10178
G1 X105.671 Y85.825 E1368.13353
G1 X106.423 Y85.874 E1368.16486
G1 X106.949 Y86.109 E1368.18882
G1 X107.472 Y86.565 E1368.21766
G1 X107.716 Y86.992 E1368.23811
G1 X107.856 Y87.481 E1368.25926
G1 X107.862 Y88.027 E1368.28196
G1 X107.735 Y88.504 E1368.30248
G1 X107.47 Y88.97 E1368.32477
G1 X106.919 Y89.451 E1368.35518
G1 X106.421 Y89.664 E1368.3777
G1 X105.672 Y89.713 E1368.4089
G1 X104.945 Y89.467 E1368.44081
G1 X104.378 Y88.967 E1368.47224
G1 X104.114 Y88.497 E1368.49465
G1 X103.976 Y87.819 E1368.52342
G1 X103.973 Y87.736 E1368.52687
M204 S5000
M205 X30 Y30
G0 F7200 X104.012 Y87.54
G0 X103.326 Y87.402
G0 X103.507 Y88.73
G0 X111.282 Y97.371
G0 X114.754 Y97.375
G0 X131.125 Y122.236
G0 X131.801 Y122.056
M204 S3000
M205 X20 Y20
G1 F2040 X131.793 Y121.547 E1368.54804
G1 X131.927 Y121.021 E1368.5706
G1 X132.181 Y120.58 E1368.59176
G1 X132.536 Y120.224 E1368.61266
G1 X132.971 Y119.97 E1368.63361
G1 X133.466 Y119.834 E1368.65495
G1 X133.974 Y119.831 E1368.67607
G1 X134.477 Y119.964 E1368.6977
G1 X134.918 Y120.217 E1368.71884
G1 X135.282 Y120.581 E1368.74024
G1 X135.536 Y121.022 E1368.7614
G1 X135.661 Y121.482 E1368.78122
G1 X135.67 Y122.024 E1368.80375
G1 X135.546 Y122.485 E1368.8236
G1 X135.3 Y122.929 E1368.8447
G1 F2023.8 X134.921 Y123.321 E1368.86755
G1 F1988.3 X134.448 Y123.592 E1368.89081
G1 F1723 X134.039 Y123.779 E1368.91295
G1 F1529.2 X133.423 Y123.779 E1368.94711
G1 F1723 X133.014 Y123.592 E1368.96925
G1 F2003.9 X132.571 Y123.338 E1368.99086
G1 F2040 X132.178 Y122.958 E1369.01359
G1 X131.916 Y122.485 E1369.03607
G1 X131.801 Y122.056 E1369.05453
M204 S5000
M205 X30 Y30
G0 F7200 X131.798 Y121.856
G0 X131.093 Y121.856
G0 X125.788 Y90.684
M204 S3000
M205 X20 Y20
;TYPE:SKIN
G1 F1500 X125.508 Y89.894 E1369.08938
G1 X125.447 Y89.173 E1369.11946
G1 X125.45 Y89.109 E1369.12213
G1 X125.568 Y88.417 E1369.15131
G1 X125.822 Y87.832 E1369.17783
G1 X126.258 Y87.232 E1369.20866
G1 X126.828 Y86.765 E1369.2393
G1 X127.184 Y86.576 E1369.25606
G1 X127.983 Y86.314 E1369.29101
G1 X128.693 Y86.309 E1369.32053
G1 X129.049 Y86.368 E1369.33554
G1 X129.664 Y86.573 E1369.36249
G1 X130.025 Y86.764 E1369.37947
G1 X130.593 Y87.229 E1369.40999
G1 X131.001 Y87.771 E1369.43819
G1 X131.283 Y88.401 E1369.46689
G1 X131.414 Y89.182 E1369.49981
G1 X131.325 Y90.008 E1369.53435
G1 X130.959 Y90.831 E1369.5718
G1 X130.812 Y91.053 E1369.58287
G1 X130.119 Y91.733 E1369.62323
G1 X129.349 Y92.112 E1369.65891
G1 X128.61 Y92.241 E1369.6901
G1 X127.867 Y92.2 E1369.72104
G1 X127.151 Y91.967 E1369.75234
G1 X126.603 Y91.619 E1369.77933
G1 X126.341 Y91.382 E1369.79402
G1 X125.788 Y90.684 E1369.83104
M204 S5000
M205 X30 Y30
G0 F7200 X108.839 Y87.552
M204 S3000
M205 X20 Y20
G1 F1500 X108.825 Y88.208 E1369.85832
G1 X108.636 Y88.899 E1369.88811
G1 X108.211 Y89.616 E1369.92276
G1 X107.487 Y90.257 E1369.96296
G1 X106.839 Y90.548 E1369.9925
G1 X106.446 Y90.64 E1370.00928
G1 X105.741 Y90.682 E1370.03864
G1 X105.357 Y90.632 E1370.05474
G1 X104.641 Y90.394 E1370.08611
G1 X104.162 Y90.111 E1370.10924
G1 X104.215 Y90.239 E1370.115
G1 X108.574 Y97.028 E1370.45042
G1 X113.987 Y97.032 E1370.67547
G1 X114.383 Y97.136 E1370.69249
G1 X114.832 Y97.485 E1370.71614
G1 X115.056 Y97.915 E1370.73629
G1 X115.101 Y98.205 E1370.74849
G1 X115.102 Y107.196 E1371.1223
G1 X125.596 Y123.542 E1371.92988
G1 X131.423 Y123.544 E1372.17214
G1 X131.094 Y123.032 E1372.19744
G1 X130.862 Y122.325 E1372.22837
G1 X130.818 Y121.981 E1372.24279
G1 X130.853 Y121.248 E1372.2733
G1 X131.038 Y120.603 E1372.3012
G1 X131.417 Y119.97 E1372.33187
G1 X131.946 Y119.439 E1372.36304
G1 X132.583 Y119.07 E1372.39364
G1 X133.351 Y118.857 E1372.42678
G1 X134.104 Y118.859 E1372.45808
G1 X134.865 Y119.06 E1372.49081
G1 X135.539 Y119.455 E1372.52329
G1 X136.087 Y120.014 E1372.55583
G1 X136.438 Y120.648 E1372.58596
G1 X136.601 Y121.22 E1372.61069
G1 X136.644 Y121.557 E1372.62481
G1 X136.609 Y122.297 E1372.65561
G1 X136.368 Y123.032 E1372.68777
G1 X136.039 Y123.544 E1372.71307
G1 X143.701 Y123.544 E1373.03162
G1 X143.701 Y96.641 E1374.15012
G1 X143.176 Y96.961 E1374.17568
G1 X142.798 Y97.111 E1374.19259
G1 X142.076 Y97.241 E1374.22309
G1 X141.314 Y97.181 E1374.25487
G1 X140.678 Y96.978 E1374.28262
G1 X140.041 Y96.586 E1374.31372
G1 X139.357 Y95.802 E1374.35697
G1 X139.035 Y95.035 E1374.39156
G1 X138.941 Y94.25 E1374.42443
G1 X139.034 Y93.529 E1374.45465
G1 X139.349 Y92.745 E1374.48978
G1 X140.002 Y91.979 E1374.53163
G1 X140.711 Y91.54 E1374.5663
G1 X141.405 Y91.334 E1374.59639
G1 X142.076 Y91.299 E1374.62433
G1 X142.8 Y91.427 E1374.6549
G1 X143.174 Y91.576 E1374.67163
G1 X143.701 Y91.896 E1374.69727
G1 X143.7 Y84.797 E1374.99241
G1 X143.447 Y85.346 E1375.01754
G1 X142.955 Y85.941 E1375.04964
G1 X142.728 Y86.129 E1375.06189
G1 X142.18 Y86.461 E1375.08853
G1 X141.869 Y86.587 E1375.10248
G1 X141.225 Y86.732 E1375.12993
G1 X140.443 Y86.711 E1375.16245
G1 X139.997 Y86.597 E1375.18159
G1 X139.314 Y86.286 E1375.21279
G1 X138.658 Y85.701 E1375.24933
G1 X138.509 Y85.504 E1375.2596
G1 X138.091 Y84.692 E1375.29757
G1 X137.963 Y84.008 E1375.3265
G1 X137.958 Y83.649 E1375.34143
G1 X138.034 Y83.088 E1375.36497
G1 X138.124 Y82.783 E1375.37819
G1 X138.444 Y82.129 E1375.40846
G1 X138.922 Y81.572 E1375.43897
G1 X139.48 Y81.159 E1375.46784
G1 X139.417 Y81.151 E1375.47048
G1 X106.521 Y84.912 E1376.84704
G1 X106.798 Y84.978 E1376.85888
G1 X107.298 Y85.186 E1376.8814
G1 X107.56 Y85.35 E1376.89425
G1 X108.076 Y85.795 E1376.92258
G1 X108.314 Y86.08 E1376.93801
G1 X108.584 Y86.554 E1376.96069
G1 X108.794 Y87.211 E1376.98937
G1 X108.839 Y87.552 E1377.00367
M204 S5000
M205 X30 Y30
G0 F7200 X107.808 Y85.231
M204 S3000
M205 X20 Y20
G1 F1500 X108.053 Y84.986 E1377.01807
M204 S5000
M205 X30 Y30
G0 F7200 X108.186 Y85.56
M204 S3000
M205 X20 Y20
G1 F1500 X108.852 Y84.895 E1377.0572
M204 S5000
M205 X30 Y30
G0 F7200 X109.65 Y84.804
M204 S3000
M205 X20 Y20
G1 F1500 X108.514 Y85.939 E1377.12397
M204 S5000
M205 X30 Y30
G0 F7200 X108.772 Y86.388
M204 S3000
M205 X20 Y20
G1 F1500 X110.448 Y84.712 E1377.22251
M204 S5000
M205 X30 Y30
G0 F7200 X111.246 Y84.621
M204 S3000
M205 X20 Y20
G1 F1500 X108.959 Y86.909 E1377.357
M204 S5000
M205 X30 Y30
G0 F7200 X109.08 Y87.495
M204 S3000
M205 X20 Y20
G1 F1500 X112.045 Y84.53 E1377.53133
M204 S5000
M205 X30 Y30
G0 F7200 X112.843 Y84.439
M204 S3000
M205 X20 Y20
G1 F1500 X109.072 Y88.21 E1377.75306
G1 X108.984 Y88.298
M204 S5000
M205 X30 Y30
G0 F7200 X108.698 Y89.291
M204 S3000
M205 X20 Y20
G1 F1500 X113.641 Y84.347 E1378.04371
M204 S5000
M205 X30 Y30
G0 F7200 X114.44 Y84.256
M204 S3000
M205 X20 Y20
G1 F1500 X106.055 Y92.641 E1378.53672
M204 S5000
M205 X30 Y30
G0 F7200 X106.331 Y93.072
M204 S3000
M205 X20 Y20
G1 F1500 X115.238 Y84.165 E1379.06042
M204 S5000
M205 X30 Y30
G0 F7200 X116.036 Y84.074
M204 S3000
M205 X20 Y20
G1 F1500 X106.608 Y93.502 E1379.61475
M204 S5000
M205 X30 Y30
G0 F7200 X106.884 Y93.933
M204 S3000
M205 X20 Y20
G1 F1500 X116.835 Y83.983 E1380.1998
M204 S5000
M205 X30 Y30
G0 F7200 X117.633 Y83.891
M204 S3000
M205 X20 Y20
G1 F1500 X107.16 Y94.364 E1380.81557
M204 S5000
M205 X30 Y30
G0 F7200 X107.437 Y94.795
M204 S3000
M205 X20 Y20
G1 F1500 X118.431 Y83.8 E1381.46201
M204 S5000
M205 X30 Y30
G0 F7200 X119.23 Y83.709
M204 S3000
M205 X20 Y20
G1 F1500 X107.713 Y95.226 E1382.13916
M204 S5000
M205 X30 Y30
G0 F7200 X107.99 Y95.656
M204 S3000
M205 X20 Y20
G1 F1500 X120.028 Y83.618 E1382.84695
M204 S5000
M205 X30 Y30
G0 F7200 X120.826 Y83.526
M204 S3000
M205 X20 Y20
G1 F1500 X108.266 Y96.087 E1383.58546
M204 S5000
M205 X30 Y30
G0 F7200 X108.543 Y96.517
M204 S3000
M205 X20 Y20
G1 F1500 X121.625 Y83.435 E1384.35463
M204 S5000
M205 X30 Y30
G0 F7200 X122.423 Y83.344
M204 S3000
M205 X20 Y20
G1 F1500 X108.989 Y96.778 E1385.1445
M204 S5000
M205 X30 Y30
G0 F7200 X109.695 Y96.779
M204 S3000
M205 X20 Y20
G1 F1500 X123.221 Y83.253 E1385.93977
M204 S5000
M205 X30 Y30
G0 F7200 X124.02 Y83.162
M204 S3000
M205 X20 Y20
G1 F1500 X110.401 Y96.78 E1386.74049
M204 S5000
M205 X30 Y30
G0 F7200 X111.107 Y96.781
M204 S3000
M205 X20 Y20
G1 F1500 X124.818 Y83.07 E1387.54664
M204 S5000
M205 X30 Y30
G0 F7200 X125.616 Y82.979
M204 S3000
M205 X20 Y20
G1 F1500 X111.814 Y96.782 E1388.35818
M204 S5000
M205 X30 Y30
G0 F7200 X112.52 Y96.783
M204 S3000
M205 X20 Y20
G1 F1500 X126.415 Y82.888 E1389.17515
M204 S5000
M205 X30 Y30
G0 F7200 X127.213 Y82.797
M204 S3000
M205 X20 Y20
G1 F1500 X113.226 Y96.783 E1389.9975
M204 S5000
M205 X30 Y30
G0 F7200 X113.933 Y96.784
M204 S3000
M205 X20 Y20
G1 F1500 X128.011 Y82.706 E1390.82524
M204 S5000
M205 X30 Y30
G0 F7200 X128.81 Y82.614
M204 S3000
M205 X20 Y20
G1 F1500 X114.51 Y96.913 E1391.66599
M204 S5000
M205 X30 Y30
G0 F7200 X114.903 Y97.228
M204 S3000
M205 X20 Y20
G1 F1500 X129.608 Y82.523 E1392.53059
M204 S5000
M205 X30 Y30
G0 F7200 X130.406 Y82.432
M204 S3000
M205 X20 Y20
G1 F1500 X115.196 Y97.642 E1393.42488
M204 S5000
M205 X30 Y30
G0 F7200 X115.35 Y98.195
M204 S3000
M205 X20 Y20
G1 F1500 X125.42 Y88.125 E1394.01696
M204 S5000
M205 X30 Y30
G0 F7200 X125.211 Y89.041
M204 S3000
M205 X20 Y20
G1 F1500 X115.35 Y98.903 E1394.59678
M204 S5000
M205 X30 Y30
G0 F7200 X115.35 Y99.61
M204 S3000
M205 X20 Y20
G1 F1500 X125.243 Y89.717 E1395.17845
M204 S5000
M205 X30 Y30
G0 F7200 X125.379 Y90.287
M204 S3000
M205 X20 Y20
G1 F1500 X115.35 Y100.317 E1395.76814
M204 S5000
M205 X30 Y30
G0 F7200 X115.35 Y101.024
M204 S3000
M205 X20 Y20
G1 F1500 X125.567 Y90.807 E1396.36886
M204 S5000
M205 X30 Y30
G0 F7200 X125.877 Y91.204
M204 S3000
M205 X20 Y20
G1 F1500 X115.35 Y101.731 E1396.98781
M204 S5000
M205 X30 Y30
G0 F7200 X115.35 Y102.438
M204 S3000
M205 X20 Y20
G1 F1500 X126.199 Y91.589 E1397.62569
M204 S5000
M205 X30 Y30
G0 F7200 X126.59 Y91.905
M204 S3000
M205 X20 Y20
G1 F1500 X115.351 Y103.144 E1398.2865
M204 S5000
M205 X30 Y30
G0 F7200 X115.351 Y103.852
M204 S3000
M205 X20 Y20
G1 F1500 X127.021 Y92.181 E1398.97268
M204 S5000
M205 X30 Y30
G0 F7200 X127.55 Y92.36
M204 S3000
M205 X20 Y20
G1 F1500 X115.351 Y104.559 E1399.68993
M204 S5000
M205 X30 Y30
G0 F7200 X115.351 Y105.266
M204 S3000
M205 X20 Y20
G1 F1500 X128.151 Y92.465 E1400.44255
M204 S5000
M205 X30 Y30
G0 F7200 X128.879 Y92.445
M204 S3000
M205 X20 Y20
G1 F1500 X115.351 Y105.973 E1401.23795
M204 S5000
M205 X30 Y30
G0 F7200 X115.351 Y106.68
M204 S3000
M205 X20 Y20
G1 F1500 X129.919 Y92.111 E1402.09452
G1 X130.007 Y92.023
M204 S5000
M205 X30 Y30
G0 F7200 X131.253 Y90.777
M204 S3000
M205 X20 Y20
G1 F1500 X137.757 Y84.273 E1402.47693
M204 S5000
M205 X30 Y30
G0 F7200 X137.887 Y84.85
M204 S3000
M205 X20 Y20
G1 F1500 X115.454 Y107.283 E1403.79591
M204 S5000
M205 X30 Y30
G0 F7200 X115.731 Y107.714
M204 S3000
M205 X20 Y20
G1 F1500 X138.127 Y85.318 E1405.11271
M204 S5000
M205 X30 Y30
G0 F7200 X138.391 Y85.761
M204 S3000
M205 X20 Y20
G1 F1500 X116.007 Y108.144 E1406.42877
M204 S5000
M205 X30 Y30
G0 F7200 X116.284 Y108.575
M204 S3000
M205 X20 Y20
G1 F1500 X138.746 Y86.113 E1407.74945
M204 S5000
M205 X30 Y30
G0 F7200 X139.118 Y86.448
M204 S3000
M205 X20 Y20
G1 F1500 X116.56 Y109.006 E1409.07577
M204 S5000
M205 X30 Y30
G0 F7200 X116.837 Y109.436
M204 S3000
M205 X20 Y20
G1 F1500 X139.588 Y86.685 E1410.41344
M204 S5000
M205 X30 Y30
G0 F7200 X140.1 Y86.88
M204 S3000
M205 X20 Y20
G1 F1500 X117.113 Y109.867 E1411.76499
M204 S5000
M205 X30 Y30
G0 F7200 X117.39 Y110.298
M204 S3000
M205 X20 Y20
G1 F1500 X140.722 Y86.966 E1413.13682
M204 S5000
M205 X30 Y30
G0 F7200 X141.458 Y86.937
M204 S3000
M205 X20 Y20
G1 F1500 X117.666 Y110.728 E1414.53567
M204 S5000
M205 X30 Y30
G0 F7200 X117.943 Y111.159
M204 S3000
M205 X20 Y20
G1 F1500 X142.607 Y86.494 E1415.98585
M204 S5000
M205 X30 Y30
G0 F7200 X143.448 Y86.361
M204 S3000
M205 X20 Y20
G1 F1500 X118.219 Y111.589 E1417.46919
M204 S5000
M205 X30 Y30
G0 F7200 X118.496 Y112.02
M204 S3000
M205 X20 Y20
G1 F1500 X143.448 Y87.068 E1418.93627
M204 S5000
M205 X30 Y30
G0 F7200 X143.448 Y87.775
M204 S3000
M205 X20 Y20
G1 F1500 X118.772 Y112.451 E1420.38713
M204 S5000
M205 X30 Y30
G0 F7200 X119.049 Y112.881
M204 S3000
M205 X20 Y20
G1 F1500 X139.005 Y92.925 E1421.56046
G1 X139.093 Y92.837
M204 S5000
M205 X30 Y30
G0 F7200 X138.732 Y93.905
M204 S3000
M205 X20 Y20
G1 F1500 X119.325 Y113.312 E1422.70152
M204 S5000
M205 X30 Y30
G0 F7200 X119.602 Y113.743
M204 S3000
M205 X20 Y20
G1 F1500 X138.73 Y94.615 E1423.82617
M204 S5000
M205 X30 Y30
G0 F7200 X138.84 Y95.211
M204 S3000
M205 X20 Y20
G1 F1500 X119.878 Y114.173 E1424.94107
M204 S5000
M205 X30 Y30
G0 F7200 X120.155 Y114.604
M204 S3000
M205 X20 Y20
G1 F1500 X139.047 Y95.711 E1426.05187
M204 S5000
M205 X30 Y30
G0 F7200 X139.321 Y96.144
M204 S3000
M205 X20 Y20
G1 F1500 X120.431 Y115.034 E1427.16253
M204 S5000
M205 X30 Y30
G0 F7200 X120.708 Y115.465
M204 S3000
M205 X20 Y20
G1 F1500 X139.65 Y96.523 E1428.27625
M204 S5000
M205 X30 Y30
G0 F7200 X140.017 Y96.863
M204 S3000
M205 X20 Y20
G1 F1500 X120.984 Y115.896 E1429.39532
M204 S5000
M205 X30 Y30
G0 F7200 X121.261 Y116.326
M204 S3000
M205 X20 Y20
G1 F1500 X140.455 Y97.132 E1430.52385
M204 S5000
M205 X30 Y30
G0 F7200 X140.964 Y97.33
M204 S3000
M205 X20 Y20
G1 F1500 X121.537 Y116.757 E1431.66608
M204 S5000
M205 X30 Y30
G0 F7200 X121.813 Y117.188
M204 S3000
M205 X20 Y20
G1 F1500 X141.552 Y97.449 E1432.82666
M204 S5000
M205 X30 Y30
G0 F7200 X142.245 Y97.464
M204 S3000
M205 X20 Y20
G1 F1500 X122.09 Y117.618 E1434.01167
M204 S5000
M205 X30 Y30
G0 F7200 X122.366 Y118.049
M204 S3000
M205 X20 Y20
G1 F1500 X143.232 Y97.183 E1435.23851
M204 S5000
M205 X30 Y30
G0 F7200 X143.45 Y97.672
M204 S3000
M205 X20 Y20
G1 F1500 X122.643 Y118.479 E1436.46188
M204 S5000
M205 X30 Y30
G0 F7200 X122.919 Y118.91
M204 S3000
M205 X20 Y20
G1 F1500 X143.45 Y98.379 E1437.66903
M204 S5000
M205 X30 Y30
G0 F7200 X143.45 Y99.086
M204 S3000
M205 X20 Y20
G1 F1500 X123.196 Y119.341 E1438.85991
M204 S5000
M205 X30 Y30
G0 F7200 X123.472 Y119.771
M204 S3000
M205 X20 Y20
G1 F1500 X143.45 Y99.793 E1440.03454
M204 S5000
M205 X30 Y30
G0 F7200 X143.45 Y100.501
M204 S3000
M205 X20 Y20
G1 F1500 X123.749 Y120.202 E1441.19289
M204 S5000
M205 X30 Y30
G0 F7200 X124.025 Y120.633
M204 S3000
M205 X20 Y20
G1 F1500 X143.45 Y101.208 E1442.335
M204 S5000
M205 X30 Y30
G0 F7200 X143.45 Y101.915
M204 S3000
M205 X20 Y20
G1 F1500 X124.302 Y121.063 E1443.46083
M204 S5000
M205 X30 Y30
G0 F7200 X124.578 Y121.494
M204 S3000
M205 X20 Y20
G1 F1500 X143.45 Y102.622 E1444.57043
M204 S5000
M205 X30 Y30
G0 F7200 X143.45 Y103.329
M204 S3000
M205 X20 Y20
G1 F1500 X124.855 Y121.925 E1445.66378
M204 S5000
M205 X30 Y30
G0 F7200 X125.131 Y122.355
M204 S3000
M205 X20 Y20
G1 F1500 X143.45 Y104.036 E1446.74086
M204 S5000
M205 X30 Y30
G0 F7200 X143.45 Y104.743
M204 S3000
M205 X20 Y20
G1 F1500 X125.408 Y122.786 E1447.80169
M204 S5000
M205 X30 Y30
G0 F7200 X125.684 Y123.216
M204 S3000
M205 X20 Y20
G1 F1500 X143.45 Y105.45 E1448.84626
M204 S5000
M205 X30 Y30
G0 F7200 X143.45 Y106.157
M204 S3000
M205 X20 Y20
G1 F1500 X126.316 Y123.292 E1449.85371
M204 S5000
M205 X30 Y30
G0 F7200 X127.023 Y123.292
M204 S3000
M205 X20 Y20
G1 F1500 X143.45 Y106.865 E1450.81955
M204 S5000
M205 X30 Y30
G0 F7200 X143.45 Y107.572
M204 S3000
M205 X20 Y20
G1 F1500 X127.73 Y123.292 E1451.74383
M204 S5000
M205 X30 Y30
G0 F7200 X128.436 Y123.293
M204 S3000
M205 X20 Y20
G1 F1500 X130.635 Y121.094 E1451.87312
M204 S5000
M205 X30 Y30
G0 F7200 X130.571 Y121.865
M204 S3000
M205 X20 Y20
G1 F1500 X129.143 Y123.293 E1451.95708
M204 S5000
M205 X30 Y30
G0 F7200 X129.85 Y123.293
M204 S3000
M205 X20 Y20
G1 F1500 X130.652 Y122.492 E1452.00421
M204 S5000
M205 X30 Y30
G0 F7200 X130.823 Y123.028
M204 S3000
M205 X20 Y20
G1 F1500 X130.558 Y123.293 E1452.01979
M204 S5000
M205 X30 Y30
G0 F7200 X131.33 Y120.774
G0 X133.05 Y118.679
M204 S3000
M205 X20 Y20
G1 F1500 X143.45 Y108.279 E1452.63127
M204 S5000
M205 X30 Y30
G0 F7200 X143.45 Y108.986
M204 S3000
M205 X20 Y20
G1 F1500 X133.827 Y118.609 E1453.19706
M204 S5000
M205 X30 Y30
G0 F7200 X134.452 Y118.691
M204 S3000
M205 X20 Y20
G1 F1500 X143.45 Y109.693 E1453.72611
M204 S5000
M205 X30 Y30
G0 F7200 X143.45 Y110.4
M204 S3000
M205 X20 Y20
G1 F1500 X134.998 Y118.852 E1454.22306
M204 S5000
M205 X30 Y30
G0 F7200 X135.443 Y119.114
M204 S3000
M205 X20 Y20
G1 F1500 X143.45 Y111.107 E1454.69384
M204 S5000
M205 X30 Y30
G0 F7200 X143.45 Y111.814
M204 S3000
M205 X20 Y20
G1 F1500 X135.846 Y119.419 E1455.14095
M204 S5000
M205 X30 Y30
G0 F7200 X136.197 Y119.775
M204 S3000
M205 X20 Y20
G1 F1500 X143.45 Y112.521 E1455.56743
M204 S5000
M205 X30 Y30
G0 F7200 X143.45 Y113.229
M204 S3000
M205 X20 Y20
G1 F1500 X136.475 Y120.203 E1455.9775
M204 S5000
M205 X30 Y30
G0 F7200 X136.707 Y120.679
M204 S3000
M205 X20 Y20
G1 F1500 X143.45 Y113.936 E1456.37397
M204 S5000
M205 X30 Y30
G0 F7200 X143.45 Y114.643
M204 S3000
M205 X20 Y20
G1 F1500 X136.852 Y121.241 E1456.7619
M204 S5000
M205 X30 Y30
G0 F7200 X136.876 Y121.924
M204 S3000
M205 X20 Y20
G1 F1500 X143.45 Y115.35 E1457.14843
M204 S5000
M205 X30 Y30
G0 F7200 X143.45 Y116.057
M204 S3000
M205 X20 Y20
G1 F1500 X136.71 Y122.797 E1457.54472
M204 S5000
M205 X30 Y30
G0 F7200 X136.922 Y123.293
M204 S3000
M205 X20 Y20
G1 F1500 X143.45 Y116.764 E1457.92857
M204 S5000
M205 X30 Y30
G0 F7200 X143.45 Y117.471
M204 S3000
M205 X20 Y20
G1 F1500 X137.629 Y123.293 E1458.27085
M204 S5000
M205 X30 Y30
G0 F7200 X138.336 Y123.293
M204 S3000
M205 X20 Y20
G1 F1500 X143.45 Y118.178 E1458.57156
M204 S5000
M205 X30 Y30
G0 F7200 X143.45 Y118.885
M204 S3000
M205 X20 Y20
G1 F1500 X139.043 Y123.293 E1458.83071
M204 S5000
M205 X30 Y30
G0 F7200 X139.75 Y123.293
M204 S3000
M205 X20 Y20
G1 F1500 X143.45 Y119.592 E1459.04828
M204 S5000
M205 X30 Y30
G0 F7200 X143.45 Y120.3
M204 S3000
M205 X20 Y20
G1 F1500 X140.456 Y123.293 E1459.22429
M204 S5000
M205 X30 Y30
G0 F7200 X141.163 Y123.293
M204 S3000
M205 X20 Y20
G1 F1500 X143.45 Y121.007 E1459.35873
M204 S5000
M205 X30 Y30
G0 F7200 X143.45 Y121.714
M204 S3000
M205 X20 Y20
G1 F1500 X141.871 Y123.293 E1459.45156
M204 S5000
M205 X30 Y30
G0 F7200 X142.578 Y123.293
M204 S3000
M205 X20 Y20
G1 F1500 X143.45 Y122.421 E1459.50283
M204 S5000
M205 X30 Y30
G0 F7200 X143.45 Y123.128
M204 S3000
M205 X20 Y20
G1 F1500 X143.285 Y123.293 E1459.51254
M204 S5000
M205 X30 Y30
G0 F7200 X139.277 Y94.269
G0 X139.632 Y92.935
G0 X140.854 Y91.846
G0 X143.358 Y91.4
M204 S3000
M205 X20 Y20
G1 F1500 X143.449 Y91.31 E1459.51786
M204 S5000
M205 X30 Y30
G0 F7200 X142.863 Y91.188
M204 S3000
M205 X20 Y20
G1 F1500 X143.449 Y90.603 E1459.55228
M204 S5000
M205 X30 Y30
G0 F7200 X143.449 Y89.895
M204 S3000
M205 X20 Y20
G1 F1500 X142.265 Y91.079 E1459.6219
M204 S5000
M205 X30 Y30
G0 F7200 X141.56 Y91.077
M204 S3000
M205 X20 Y20
G1 F1500 X143.449 Y89.188 E1459.73296
M204 S5000
M205 X30 Y30
G0 F7200 X143.448 Y88.482
M204 S3000
M205 X20 Y20
G1 F1500 X140.624 Y91.306 E1459.899
G1 X140.536 Y91.394
M204 S5000
M205 X30 Y30
G0 F7200 X137.709 Y83.614
M204 S3000
M205 X20 Y20
G1 F1500 X131.607 Y89.717 E1460.25781
M204 S5000
M205 X30 Y30
G0 F7200 X131.632 Y88.985
M204 S3000
M205 X20 Y20
G1 F1500 X137.877 Y82.739 E1460.62502
G1 X137.965 Y82.651
M204 S5000
M205 X30 Y30
G0 F7200 X137.591 Y81.611
M204 S3000
M205 X20 Y20
G1 F1500 X131.323 Y87.879 E1460.99355
M204 S5000
M205 X30 Y30
G0 F7200 X131.062 Y87.433
M204 S3000
M205 X20 Y20
G1 F1500 X136.793 Y81.702 E1461.33051
M204 S5000
M205 X30 Y30
G0 F7200 X135.995 Y81.793
M204 S3000
M205 X20 Y20
G1 F1500 X130.751 Y87.037 E1461.63884
M204 S5000
M205 X30 Y30
G0 F7200 X130.363 Y86.718
M204 S3000
M205 X20 Y20
G1 F1500 X135.196 Y81.885 E1461.923
M204 S5000
M205 X30 Y30
G0 F7200 X134.398 Y81.976
M204 S3000
M205 X20 Y20
G1 F1500 X129.94 Y86.434 E1462.18512
M204 S5000
M205 X30 Y30
G0 F7200 X129.433 Y86.233
M204 S3000
M205 X20 Y20
G1 F1500 X133.6 Y82.067 E1462.43009
M204 S5000
M205 X30 Y30
G0 F7200 X132.801 Y82.158
M204 S3000
M205 X20 Y20
G1 F1500 X128.873 Y86.086 E1462.66104
M204 S5000
M205 X30 Y30
G0 F7200 X128.189 Y86.063
M204 S3000
M205 X20 Y20
G1 F1500 X132.003 Y82.249 E1462.88529
M204 S5000
M205 X30 Y30
G0 F7200 X131.205 Y82.341
M204 S3000
M205 X20 Y20
G1 F1500 X127.26 Y86.286 E1463.11724
G1 X127.172 Y86.374
M204 S5000
M205 X30 Y30
G0 F7200 X128.801 Y86.642
G0 X131.533 Y88.376
M204 S3000
M205 X20 Y20
G1 F1500 X138.389 Y81.52 E1463.52035
G1 X138.477 Y81.432
M204 S5000
M205 X30 Y30
G0 F7200 X107.437 Y90.552
M204 S3000
M205 X20 Y20
G1 F1500 X105.778 Y92.21 E1463.61786
M204 S5000
M205 X30 Y30
G0 F7200 X105.502 Y91.78
M204 S3000
M205 X20 Y20
G1 F1500 X106.389 Y90.893 E1463.67001
M204 S5000
M205 X30 Y30
G0 F7200 X105.653 Y90.922
M204 S3000
M205 X20 Y20
G1 F1500 X105.225 Y91.349 E1463.69515
M204 S5000
M205 X30 Y30
G0 F7200 X104.949 Y90.919
M204 S3000
M205 X20 Y20
G1 F1500 X105.07 Y90.798 E1463.70226
M204 S5000
M205 X30 Y30
G1 F1500 E1457.20226
;MESH:NONMESH
G0 F600 X105.07 Y90.798 Z1.5
G0 F7200 X102.961 Y89.685
G0 X102.007 Y90.298
G0 X93.703 Y102.565
G0 X93.093 Y103.517
G0 X82.789 Y103.461
G0 X81.559 Y102.87
G0 X80.419 Y101.322
G1 F1500 E1463.70226
G0 F7200 X80.532 Y101.308
;TIME_ELAPSED:1328.706857
;LAYER:6
M204 S3000
M205 X20 Y20
;TYPE:WALL-INNER
;MESH:Exterior Hip L.stl
G1 F3092.3 X80.64 Y100.612 E1463.74033
G1 F3121.1 X80.882 Y100.033 E1463.77393
G1 F3126 X81.259 Y99.519 E1463.80802
G1 F3121.1 X81.757 Y99.131 E1463.84182
G1 F3097.1 X82.323 Y98.874 E1463.87537
G1 F3092.3 X82.989 Y98.75 E1463.91198
G1 F3078.1 X83.434 Y98.791 E1463.93625
G1 X83.87 Y98.889 E1463.96051
G1 F3101.9 X84.501 Y99.193 E1463.99825
G1 F3040.8 X84.856 Y99.468 E1464.02293
G1 F3145.5 X84.922 Y99.599 E1464.03072
G1 F3647.9 X85.244 Y100.143 E1464.05969
G1 F4020 X85.417 Y100.562 E1464.07853
G1 X85.472 Y100.8 E1464.08869
G1 X85.514 Y101.45 E1464.11577
G1 X85.49 Y101.694 E1464.12596
G1 X85.299 Y102.307 E1464.15266
G1 X85.021 Y102.78 E1464.17547
G1 X84.572 Y103.238 E1464.20213
G1 X83.993 Y103.563 E1464.22974
G1 X83.405 Y103.715 E1464.25499
G1 X82.853 Y103.722 E1464.27794
G1 X82.22 Y103.58 E1464.30491
G1 X81.994 Y103.478 E1464.31522
G1 X81.467 Y103.123 E1464.34163
G1 X81.094 Y102.743 E1464.36377
G1 X80.759 Y102.066 E1464.39518
G1 F3538.7 X80.561 Y101.391 E1464.4284
G1 F3116.3 X80.532 Y101.308 E1464.43311
M204 S5000
M205 X30 Y30
G0 F7200 X80.419 Y101.322
G0 X81.961 Y123.124
G0 X82.156 Y123.156
M204 S3000
M205 X20 Y20
G1 F4020 X82.232 Y122.927 E1464.44315
G1 X82.534 Y122.349 E1464.47026
G1 X82.675 Y122.16 E1464.48006
G1 X83.159 Y121.725 E1464.50712
G1 X83.641 Y121.462 E1464.52995
G1 X84.232 Y121.302 E1464.5554
G1 X84.902 Y121.299 E1464.58326
G1 X85.513 Y121.46 E1464.60953
G1 X86.077 Y121.774 E1464.63636
G1 X86.548 Y122.233 E1464.66371
G1 X86.896 Y122.839 E1464.69276
G1 X87.086 Y123.669 E1464.72816
G1 X87.019 Y124.365 E1464.75723
G1 X86.639 Y125.228 E1464.79643
G1 X85.968 Y125.877 E1464.83524
G1 X85.366 Y126.159 E1464.86288
G1 X84.753 Y126.286 E1464.88891
G1 X84.173 Y126.252 E1464.91306
G1 X83.95 Y126.2 E1464.92258
G1 X83.283 Y125.928 E1464.95253
G1 X83.097 Y125.795 E1464.96204
G1 X82.509 Y125.225 E1464.99609
G1 X82.182 Y124.487 E1465.02965
G1 X82.121 Y124.256 E1465.03958
G1 X82.077 Y123.804 E1465.05846
G1 X82.156 Y123.156 E1465.0856
M204 S5000
M205 X30 Y30
G0 F7200 X81.961 Y123.124
G0 X76.47 Y135.572
G0 X76.571 Y135.617
M204 S3000
M205 X20 Y20
G1 F3311.4 X77.054 Y134.799 E1465.13355
G1 F3736.1 X77.59 Y134.281 E1465.16689
G1 F4020 X77.786 Y134.144 E1465.17683
G1 X78.382 Y133.884 E1465.20387
G1 X79.012 Y133.787 E1465.23037
G1 X79.647 Y133.85 E1465.2569
G1 X80.453 Y134.175 E1465.29303
G1 X81.142 Y134.849 E1465.3331
G1 X81.519 Y135.694 E1465.37157
G1 X81.586 Y136.405 E1465.40126
G1 X81.414 Y137.155 E1465.43325
G1 X81.325 Y137.374 E1465.44308
G1 X80.97 Y137.916 E1465.47002
G1 X80.491 Y138.345 E1465.49675
G1 X80.097 Y138.565 E1465.51551
G1 F3557.5 X79.418 Y138.839 E1465.54991
G1 F3205.7 X78.758 Y138.829 E1465.58432
G1 F3226.3 X78.135 Y138.679 E1465.61752
G1 F3236.7 X77.561 Y138.352 E1465.65163
G1 X77.026 Y137.845 E1465.68969
G1 F3221.2 X76.655 Y137.138 E1465.73112
G1 F3226.3 X76.523 Y136.466 E1465.76659
G1 F3231.5 X76.513 Y136.383 E1465.77092
G1 F3190.5 X76.571 Y135.617 E1465.81116
M204 S5000
M205 X30 Y30
G0 F7200 X76.47 Y135.572
G0 X77.598 Y134.08
G0 X114.412 Y129.143
G0 X114.608 Y129.105
M204 S3000
M205 X20 Y20
G1 F4020 X114.787 Y128.182 E1465.85025
G1 X115.128 Y127.581 E1465.87898
G1 X115.817 Y126.97 E1465.91726
G1 X116.425 Y126.723 E1465.94455
G1 X116.977 Y126.643 E1465.96774
G1 X117.617 Y126.701 E1465.99445
G1 X118.223 Y126.926 E1466.02133
G1 X118.426 Y127.052 E1466.03126
G1 X118.916 Y127.479 E1466.05828
G1 X119.075 Y127.672 E1466.06868
G1 X119.325 Y128.129 E1466.09034
G1 X119.325 Y120.694 E1466.39945
G1 X102.642 Y109.984 E1467.22367
G1 X93.423 Y109.983 E1467.60695
G1 X93.106 Y109.893 E1467.62065
G1 X92.951 Y109.781 E1467.6286
G1 X92.76 Y109.49 E1467.64308
G1 X92.717 Y109.289 E1467.65162
G1 X92.716 Y103.612 E1467.88764
G1 X85.85 Y99.205 E1468.22684
G1 F3424.2 X85.267 Y98.935 E1468.2582
G1 F3009 X84.643 Y98.527 E1468.29961
G1 F3064 X84.124 Y98.292 E1468.33069
G1 F3073.4 X83.522 Y98.137 E1468.36449
G1 F3054.7 X82.787 Y98.118 E1468.40472
G1 F3059.4 X82.058 Y98.272 E1468.44542
G1 F3087.6 X81.494 Y98.533 E1468.47906
G1 F3097.1 X81.091 Y98.812 E1468.50551
G1 F3092.3 X80.728 Y99.152 E1468.5324
G1 F3097.1 X80.424 Y99.544 E1468.55917
G1 F3087.6 X80.187 Y99.976 E1468.58584
G1 F3097.1 X80.018 Y100.437 E1468.61234
G1 F3092.3 X79.918 Y100.971 E1468.6417
G1 F3050.1 X79.882 Y101.315 E1468.66065
G1 F3453.6 X79.742 Y101.839 E1468.6869
G1 F4020 X75.984 Y134.715 E1470.06262
G1 F3483.5 X75.985 Y135.381 E1470.09458
G1 F3130.8 X75.915 Y135.89 E1470.12201
G1 F3210.9 X75.892 Y136.411 E1470.14915
G1 F3205.7 X75.966 Y137.018 E1470.18103
G1 F3180.4 X76.174 Y137.586 E1470.21282
G1 F3185.4 X76.465 Y138.124 E1470.24491
G1 X76.95 Y138.668 E1470.28315
G1 F3190.5 X77.449 Y139.02 E1470.31514
G1 F3200.6 X77.993 Y139.29 E1470.34685
G1 F3190.5 X78.747 Y139.47 E1470.38746
G1 F3165.4 X79.495 Y139.465 E1470.42696
G1 F3532.5 X80.036 Y139.534 E1470.45276
G1 F4020 X88.538 Y139.533 E1470.80623
G1 X88.096 Y139.296 E1470.82708
G1 X87.614 Y138.827 E1470.85504
G1 X87.449 Y138.592 E1470.86698
G1 X87.182 Y137.987 E1470.89447
G1 X87.121 Y137.756 E1470.90441
G1 X87.08 Y137.13 E1470.93049
G1 X87.177 Y136.536 E1470.95551
G1 X87.587 Y135.749 E1470.99241
G1 X88.067 Y135.28 E1471.02031
G1 X88.647 Y134.954 E1471.04797
G1 X89.259 Y134.802 E1471.07419
G1 X89.901 Y134.8 E1471.10088
G1 X90.482 Y134.952 E1471.12584
G1 X91.075 Y135.271 E1471.15384
G1 X91.535 Y135.719 E1471.18054
G1 X91.885 Y136.294 E1471.20852
G1 X92.06 Y137.05 E1471.24078
G1 X92.075 Y137.291 E1471.25082
G1 X92.03 Y137.756 E1471.27025
G1 X91.969 Y137.987 E1471.28018
G1 X91.702 Y138.592 E1471.30767
G1 X91.537 Y138.827 E1471.31961
G1 X91.061 Y139.289 E1471.34719
G1 X90.641 Y139.533 E1471.36738
G1 X119.325 Y139.534 E1472.55992
G1 X119.325 Y130.049 E1472.95427
G1 X119.026 Y130.592 E1472.98004
G1 X118.483 Y131.093 E1473.01075
G1 X117.921 Y131.387 E1473.03712
G1 X117.493 Y131.502 E1473.05555
G1 X116.76 Y131.531 E1473.08605
G1 X116.136 Y131.355 E1473.113
G1 X115.605 Y131.058 E1473.1383
G1 X115.121 Y130.584 E1473.16646
G1 X114.79 Y129.995 E1473.19455
G1 X114.608 Y129.105 E1473.23232
M204 S5000
M205 X30 Y30
G0 F7200 X115.125 Y129.139
M204 S3000
M205 X20 Y20
;TYPE:WALL-OUTER
G1 F2040 X115.121 Y129.068 E1473.23528
G1 X115.263 Y128.352 E1473.26562
G1 X115.541 Y127.878 E1473.28847
G1 X116.083 Y127.406 E1473.31835
G1 X116.563 Y127.204 E1473.34
G1 X117.042 Y127.139 E1473.3601
G1 X117.552 Y127.197 E1473.38144
G1 X118.066 Y127.401 E1473.40443
G1 X118.621 Y127.885 E1473.43504
G1 F2007.9 X118.896 Y128.369 E1473.45856
G1 F1728.8 X119.091 Y128.794 E1473.4815
G1 F1540.8 X119.089 Y129.368 E1473.51309
G1 F1758.6 X118.865 Y129.864 E1473.53934
G1 F2040 X118.645 Y130.248 E1473.55774
G1 X118.263 Y130.643 E1473.58059
G1 X117.791 Y130.904 E1473.60301
G1 X117.363 Y131.019 E1473.62144
G1 X116.82 Y131.028 E1473.64401
G1 X116.359 Y130.904 E1473.66386
G1 X115.886 Y130.642 E1473.68634
G1 X115.523 Y130.274 E1473.70783
G1 X115.26 Y129.808 E1473.73008
G1 X115.125 Y129.139 E1473.75845
M204 S5000
M205 X30 Y30
G0 F7200 X115.121 Y129.068
G0 X115.146 Y128.942
G0 X114.459 Y128.804
G0 X88.583 Y134.828
G0 X87.478 Y135.661
G0 X86.951 Y137.064
G0 X86.999 Y138.066
G0 X87.639 Y137.785
M204 S3000
M205 X20 Y20
G1 F2040 X87.575 Y137.256 E1473.78061
G1 X87.577 Y137.191 E1473.78331
G1 X87.661 Y136.69 E1473.80443
G1 X88 Y136.045 E1473.83472
G1 X88.383 Y135.674 E1473.85689
G1 X88.824 Y135.428 E1473.87789
G1 X89.321 Y135.298 E1473.89925
G1 X89.844 Y135.3 E1473.92099
G1 X90.315 Y135.424 E1473.94124
G1 X90.773 Y135.677 E1473.96299
G1 X91.14 Y136.033 E1473.98425
G1 X91.417 Y136.485 E1474.00629
G1 X91.582 Y137.204 E1474.03696
G1 X91.512 Y137.785 E1474.06129
G1 X91.225 Y138.433 E1474.09075
G1 X90.682 Y138.959 E1474.12218
G1 F2015.8 X90.175 Y139.2 E1474.1458
G1 F1783.2 X89.74 Y139.344 E1474.1676
G1 F1700 X89.229 Y139.325 E1474.19311
G1 F1847.8 X88.473 Y138.964 E1474.23156
G1 F1939.2 X87.926 Y138.433 E1474.2649
G1 F2007.9 X87.639 Y137.785 E1474.29484
M204 S5000
M205 X30 Y30
G0 F7200 X87.615 Y137.587
G0 X86.911 Y137.654
G0 X80.526 Y134.054
G0 X78.905 Y133.642
G0 X77.598 Y134.08
G0 X76.427 Y135.756
G0 X77.122 Y135.823
M204 S3000
M205 X20 Y20
G1 F2040 X77.427 Y135.134 E1474.32617
G1 X77.968 Y134.611 E1474.35745
G1 X78.416 Y134.395 E1474.37813
G1 X78.947 Y134.283 E1474.40069
G1 X79.495 Y134.326 E1474.42354
G1 X80.174 Y134.602 E1474.45402
G1 X80.725 Y135.136 E1474.48592
G1 X81.027 Y135.828 E1474.51731
G1 X81.077 Y136.38 E1474.54035
G1 X80.917 Y137.083 E1474.57033
G1 X80.661 Y137.507 E1474.59092
G1 X80.3 Y137.869 E1474.61217
G1 X79.853 Y138.128 E1474.63365
G1 X79.343 Y138.269 E1474.65565
G1 X78.823 Y138.271 E1474.67727
G1 X78.308 Y138.134 E1474.69942
G1 X77.903 Y137.908 E1474.71871
G1 X77.494 Y137.52 E1474.74215
G1 X77.161 Y136.88 E1474.77214
G1 X77.077 Y136.378 E1474.7933
G1 X77.122 Y135.823 E1474.81645
M204 S5000
M205 X30 Y30
G0 F7200 X77.203 Y135.64
G0 X76.564 Y135.358
G0 X81.999 Y124.566
G0 X82.639 Y124.285
M204 S3000
M205 X20 Y20
G1 F2040 X82.575 Y123.756 E1474.8386
G1 X82.656 Y123.196 E1474.86213
G1 X82.996 Y122.544 E1474.8927
G1 X83.403 Y122.161 E1474.91593
G1 X83.826 Y121.927 E1474.93603
G1 X84.321 Y121.798 E1474.9573
G1 X84.821 Y121.797 E1474.97809
G1 X85.324 Y121.927 E1474.99969
G1 X85.788 Y122.189 E1475.02184
G1 X86.143 Y122.536 E1475.04248
G1 X86.417 Y122.985 E1475.06435
G1 X86.581 Y123.701 E1475.09489
G1 X86.527 Y124.251 E1475.11786
G1 X86.223 Y124.934 E1475.14894
G1 X85.678 Y125.458 E1475.18038
G1 X85.174 Y125.694 E1475.20351
G1 X84.713 Y125.782 E1475.22303
G1 X84.175 Y125.748 E1475.24544
G1 X83.474 Y125.465 E1475.27687
G1 X82.931 Y124.933 E1475.30847
G1 X82.639 Y124.285 E1475.33802
M204 S5000
M205 X30 Y30
G0 F7200 X82.615 Y124.087
G0 X81.911 Y124.154
G0 X82.043 Y122.994
G0 X93.319 Y110.184
G0 X93.319 Y109.437
M204 S3000
M205 X20 Y20
G1 F2040 X93.216 Y109.253 E1475.34679
G1 X93.216 Y103.339 E1475.59266
G1 X84.919 Y98.013 E1476.00257
G1 X84.315 Y97.747 E1476.03001
G1 X83.605 Y97.56 E1476.06053
G1 X82.734 Y97.537 E1476.09676
G1 X81.872 Y97.72 E1476.13339
G1 X81.208 Y98.034 E1476.16393
G1 X80.729 Y98.362 E1476.18807
G1 X80.301 Y98.764 E1476.21248
G1 X79.943 Y99.227 E1476.23681
G1 X79.661 Y99.737 E1476.26104
G1 X79.463 Y100.283 E1476.28519
G1 X79.349 Y100.87 E1476.31005
G1 X75.351 Y135.847 E1477.77369
G1 X75.329 Y136.433 E1477.79807
G1 X75.412 Y137.149 E1477.82804
G1 X75.656 Y137.819 E1477.85768
G1 X76 Y138.451 E1477.8876
G1 X76.571 Y139.094 E1477.92335
G1 X77.16 Y139.507 E1477.95326
G1 X77.802 Y139.824 E1477.98303
G1 X78.511 Y139.991 E1478.01331
G1 X78.881 Y140.034 E1478.0288
G1 X88.322 Y140.033 E1478.42131
G1 F1888.9 X88.983 Y139.994 E1478.45104
G1 F1672.1 X89.191 Y139.963 E1478.46171
G1 F1606.3 X89.806 Y139.969 E1478.49418
G1 F1783.2 X90.254 Y140.028 E1478.51567
G1 F1992.2 X90.857 Y140.028 E1478.54134
G1 X91.46 Y140.028 E1478.56701
G1 X92.063 Y140.028 E1478.59269
G1 X92.666 Y140.028 E1478.61836
G1 F1996.1 X93.269 Y140.028 E1478.64398
G1 X93.872 Y140.028 E1478.6696
G1 X94.475 Y140.028 E1478.69522
G1 X95.078 Y140.028 E1478.72084
G1 F2000 X95.681 Y140.029 E1478.74641
G1 X96.284 Y140.029 E1478.77198
G1 X96.887 Y140.029 E1478.79756
G1 F2003.9 X97.49 Y140.029 E1478.82308
G1 X98.093 Y140.029 E1478.8486
G1 X98.696 Y140.029 E1478.87412
G1 X99.299 Y140.029 E1478.89964
G1 F2007.9 X99.902 Y140.029 E1478.92511
G1 X100.505 Y140.03 E1478.95058
G1 X101.108 Y140.03 E1478.97605
G1 X101.711 Y140.03 E1479.00152
G1 F2011.8 X102.314 Y140.03 E1479.02694
G1 X102.917 Y140.03 E1479.05237
G1 X103.52 Y140.03 E1479.07779
G1 X104.123 Y140.03 E1479.10321
G1 F2015.8 X104.726 Y140.03 E1479.12858
G1 X105.329 Y140.031 E1479.15395
G1 X105.932 Y140.031 E1479.17932
G1 F2019.8 X106.535 Y140.031 E1479.20464
G1 X107.138 Y140.031 E1479.22996
G1 X107.741 Y140.031 E1479.25528
G1 X108.344 Y140.031 E1479.2806
G1 F2023.8 X108.947 Y140.031 E1479.30587
G1 X109.55 Y140.031 E1479.33114
G1 X110.153 Y140.032 E1479.35641
G1 X110.756 Y140.032 E1479.38168
G1 F2027.8 X111.359 Y140.032 E1479.4069
G1 X111.962 Y140.032 E1479.43212
G1 X112.565 Y140.032 E1479.45734
G1 X113.168 Y140.032 E1479.48256
G1 F2031.9 X113.771 Y140.032 E1479.50773
G1 X114.374 Y140.032 E1479.5329
G1 X114.977 Y140.033 E1479.55807
G1 F2035.9 X115.58 Y140.033 E1479.58319
G1 X116.183 Y140.033 E1479.60831
G1 X116.786 Y140.033 E1479.63343
G1 X117.389 Y140.033 E1479.65855
G1 F2040 X117.992 Y140.033 E1479.68362
G1 X118.595 Y140.033 E1479.70869
G1 X119.198 Y140.033 E1479.73376
G1 X119.801 Y140.033 E1479.75883
G1 X119.825 Y129.927 E1480.17899
G1 F1758.6 X119.745 Y129.425 E1480.20351
G1 F1550.2 X119.747 Y128.867 E1480.23404
G1 F1540.8 X119.741 Y128.693 E1480.24362
G1 F1734.7 X119.825 Y128.201 E1480.26803
G1 F2011.8 X119.825 Y127.228 E1480.30904
G1 F2015.8 X119.825 Y126.255 E1480.34998
G1 F2019.8 X119.825 Y125.282 E1480.39084
G1 F2023.8 X119.825 Y124.309 E1480.43162
G1 F2027.8 X119.825 Y123.336 E1480.47231
G1 F2031.9 X119.825 Y122.363 E1480.51293
G1 F2035.9 X119.825 Y121.39 E1480.55346
G1 F2040 X119.825 Y120.417 E1480.59391
G1 X102.789 Y109.484 E1481.43549
G1 X93.436 Y109.483 E1481.82435
G1 X93.319 Y109.437 E1481.82957
M204 S5000
M205 X30 Y30
G0 F7200 X93.221 Y109.262
G0 X92.517 Y109.261
G0 X82.043 Y103.676
G0 X80.969 Y102.806
G0 X80.494 Y101.42
G0 X81.196 Y100.755
M204 S3000
M205 X20 Y20
G1 F2040 X81.382 Y100.309 E1481.84966
G1 X81.718 Y99.881 E1481.87229
G1 X82.114 Y99.583 E1481.89289
G1 X82.579 Y99.396 E1481.91373
G1 X83.108 Y99.333 E1481.93588
G1 X83.589 Y99.398 E1481.95606
G1 X84.235 Y99.713 E1481.98594
G1 X84.456 Y99.903 E1481.99805
G1 X84.749 Y100.278 E1482.01784
G1 X84.97 Y100.788 E1482.04095
G1 X85.015 Y101.482 E1482.06986
G1 X84.89 Y101.999 E1482.09198
G1 X84.626 Y102.472 E1482.1145
G1 X84.261 Y102.837 E1482.13596
G1 X83.826 Y103.087 E1482.15682
G1 X83.334 Y103.22 E1482.178
G1 X82.788 Y103.214 E1482.20071
G1 X82.274 Y103.063 E1482.22298
G1 X81.747 Y102.708 E1482.2494
G1 X81.506 Y102.448 E1482.26414
G1 X81.207 Y101.844 E1482.29216
G1 X81.125 Y101.317 E1482.31433
G1 X81.125 Y101.251 E1482.31707
G1 X81.196 Y100.755 E1482.3379
M204 S5000
M205 X30 Y30
G0 F7200 X81.273 Y100.571
G0 X80.628 Y100.303
G0 X80.571 Y101.995
G0 X81.293 Y103.174
G0 X92.866 Y110.304
M204 S3000
M205 X20 Y20
;TYPE:SKIN
G1 F1500 X92.622 Y110.126 E1482.35046
G1 X92.377 Y109.796 E1482.36755
G1 X92.245 Y109.348 E1482.38697
G1 X92.241 Y103.872 E1482.61463
G1 X85.621 Y99.622 E1482.9417
G1 X85.486 Y99.58 E1482.94757
G1 X85.871 Y100.418 E1482.98592
G1 X85.947 Y100.766 E1483.00072
G1 X85.989 Y101.413 E1483.02768
G1 X85.946 Y101.836 E1483.04536
G1 X85.725 Y102.523 E1483.07536
G1 X85.396 Y103.078 E1483.10218
G1 X84.849 Y103.627 E1483.1344
G1 X84.174 Y104.005 E1483.16657
G1 X83.473 Y104.188 E1483.19669
G1 X82.83 Y104.197 E1483.22343
G1 X82.113 Y104.044 E1483.25391
G1 X81.727 Y103.871 E1483.27149
G1 X81.037 Y103.406 E1483.30608
G1 X80.614 Y102.848 E1483.3352
G1 X80.319 Y102.242 E1483.36322
G1 X80.215 Y101.923 E1483.37717
G1 X76.459 Y134.746 E1484.75069
G1 X76.47 Y134.836 E1484.75446
G1 X76.756 Y134.431 E1484.77508
G1 X77.287 Y133.914 E1484.80589
G1 X77.588 Y133.709 E1484.82103
G1 X78.268 Y133.42 E1484.85175
G1 X79.023 Y133.309 E1484.88347
G1 X79.793 Y133.398 E1484.9157
G1 X80.491 Y133.674 E1484.94691
G1 X80.816 Y133.864 E1484.96256
G1 X81.461 Y134.499 E1485.00019
G1 X81.589 Y134.688 E1485.00968
G1 X81.98 Y135.554 E1485.04918
G1 X82.066 Y136.43 E1485.08578
G1 X81.88 Y137.256 E1485.12098
G1 X81.727 Y137.63 E1485.13778
G1 X81.309 Y138.251 E1485.1689
G1 X80.743 Y138.75 E1485.20027
G1 X80.125 Y139.058 E1485.22898
G1 X87.201 Y139.058 E1485.52317
G1 X87.034 Y138.821 E1485.53522
G1 X86.747 Y138.18 E1485.56442
G1 X86.655 Y137.845 E1485.57886
G1 X86.605 Y137.091 E1485.61028
G1 X86.721 Y136.382 E1485.64015
G1 X87.214 Y135.444 E1485.6842
G1 X87.774 Y134.906 E1485.71649
G1 X88.468 Y134.506 E1485.74979
G1 X89.196 Y134.331 E1485.78092
G1 X89.933 Y134.322 E1485.81156
G1 X90.662 Y134.505 E1485.84281
G1 X91.349 Y134.879 E1485.87533
G1 X91.928 Y135.44 E1485.90885
G1 X92.339 Y136.154 E1485.9431
G1 X92.522 Y136.936 E1485.97649
G1 X92.549 Y137.294 E1485.99142
G1 X92.496 Y137.845 E1486.01443
G1 X92.404 Y138.18 E1486.02887
G1 X92.117 Y138.821 E1486.05807
G1 X91.95 Y139.058 E1486.07013
G1 X118.85 Y139.059 E1487.1885
G1 X118.85 Y131.396 E1487.50709
G1 X118.288 Y131.747 E1487.53464
G1 X117.589 Y131.966 E1487.56509
G1 X117.281 Y132.002 E1487.57798
G1 X116.546 Y131.966 E1487.60858
G1 X115.831 Y131.738 E1487.63978
G1 X115.254 Y131.39 E1487.66779
G1 X114.755 Y130.873 E1487.69767
G1 X114.346 Y130.196 E1487.73055
G1 X114.147 Y129.22 E1487.77196
G1 X114.15 Y128.952 E1487.78311
G1 X114.339 Y127.998 E1487.82354
G1 X114.786 Y127.239 E1487.86016
G1 X115.565 Y126.563 E1487.90304
G1 X116.3 Y126.264 E1487.93603
G1 X116.941 Y126.168 E1487.96298
G1 X117.702 Y126.231 E1487.99473
G1 X118.399 Y126.483 E1488.02554
G1 X118.85 Y126.79 E1488.04822
G1 X118.85 Y120.954 E1488.29085
G1 X102.504 Y110.459 E1489.09846
G1 X93.381 Y110.457 E1489.47775
G1 X92.866 Y110.304 E1489.50008
M204 S5000
M205 X30 Y30
G0 F7200 X81.684 Y123.086
M204 S3000
M205 X20 Y20
G1 F1500 X81.796 Y122.741 E1489.51516
G1 X82.131 Y122.099 E1489.54527
G1 X82.357 Y121.806 E1489.56066
G1 X82.906 Y121.321 E1489.59111
G1 X83.466 Y121.02 E1489.61754
G1 X84.185 Y120.823 E1489.64854
G1 X84.975 Y120.828 E1489.68138
G1 X85.695 Y121.018 E1489.71234
G1 X86.392 Y121.412 E1489.74563
G1 X86.932 Y121.955 E1489.77747
G1 X87.333 Y122.628 E1489.81004
G1 X87.537 Y123.513 E1489.8478
G1 X87.553 Y123.742 E1489.85734
G1 X87.479 Y124.506 E1489.88925
G1 X87.098 Y125.366 E1489.92836
G1 X86.927 Y125.609 E1489.94071
G1 X86.352 Y126.167 E1489.97402
G1 X86.086 Y126.347 E1489.98738
G1 X85.462 Y126.633 E1490.01592
G1 X84.81 Y126.754 E1490.04348
G1 X83.979 Y126.718 E1490.07807
G1 X82.936 Y126.304 E1490.12472
G1 X82.109 Y125.5 E1490.17267
G1 X81.747 Y124.679 E1490.20998
G1 X81.648 Y124.303 E1490.22614
G1 X81.593 Y123.733 E1490.24995
G1 X81.594 Y123.669 E1490.25261
G1 X81.684 Y123.086 E1490.27714
M204 S5000
M205 X30 Y30
G0 F7200 X81.726 Y136.406
G0 X81.308 Y138.583
M204 S3000
M205 X20 Y20
G1 F1500 X81.53 Y138.805 E1490.29019
M204 S5000
M205 X30 Y30
G0 F7200 X81.638 Y138.206
M204 S3000
M205 X20 Y20
G1 F1500 X82.237 Y138.805 E1490.32541
M204 S5000
M205 X30 Y30
G0 F7200 X82.944 Y138.805
M204 S3000
M205 X20 Y20
G1 F1500 X81.923 Y137.784 E1490.38544
M204 S5000
M205 X30 Y30
G0 F7200 X82.129 Y137.283
M204 S3000
M205 X20 Y20
G1 F1500 X83.651 Y138.805 E1490.47493
M204 S5000
M205 X30 Y30
G0 F7200 X84.359 Y138.806
M204 S3000
M205 X20 Y20
G1 F1500 X82.257 Y136.704 E1490.59852
M204 S5000
M205 X30 Y30
G0 F7200 X82.276 Y136.016
M204 S3000
M205 X20 Y20
G1 F1500 X85.066 Y138.806 E1490.76256
M204 S5000
M205 X30 Y30
G0 F7200 X85.773 Y138.806
M204 S3000
M205 X20 Y20
G1 F1500 X82.032 Y135.065 E1490.98251
G1 X81.944 Y134.977
M204 S5000
M205 X30 Y30
G0 F7200 X80.299 Y133.332
M204 S3000
M205 X20 Y20
G1 F1500 X77.224 Y130.257 E1491.16331
M204 S5000
M205 X30 Y30
G0 F7200 X77.151 Y130.891
M204 S3000
M205 X20 Y20
G1 F1500 X79.352 Y133.092 E1491.29272
M204 S5000
M205 X30 Y30
G0 F7200 X78.661 Y133.108
M204 S3000
M205 X20 Y20
G1 F1500 X77.079 Y131.526 E1491.38574
M204 S5000
M205 X30 Y30
G0 F7200 X77.006 Y132.161
M204 S3000
M205 X20 Y20
G1 F1500 X78.074 Y133.228 E1491.4485
M204 S5000
M205 X30 Y30
G0 F7200 X77.578 Y133.44
M204 S3000
M205 X20 Y20
G1 F1500 X76.934 Y132.796 E1491.48637
M204 S5000
M205 X30 Y30
G0 F7200 X76.861 Y133.43
M204 S3000
M205 X20 Y20
G1 F1500 X77.14 Y133.708 E1491.50274
M204 S5000
M205 X30 Y30
G0 F7200 X77.296 Y129.622
M204 S3000
M205 X20 Y20
G1 F1500 X86.48 Y138.806 E1492.04273
M204 S5000
M205 X30 Y30
G0 F7200 X86.462 Y138.08
M204 S3000
M205 X20 Y20
G1 F1500 X77.369 Y128.988 E1492.57733
M204 S5000
M205 X30 Y30
G0 F7200 X77.441 Y128.353
M204 S3000
M205 X20 Y20
G1 F1500 X86.366 Y137.277 E1493.10206
M204 S5000
M205 X30 Y30
G0 F7200 X86.427 Y136.632
M204 S3000
M205 X20 Y20
G1 F1500 X77.514 Y127.719 E1493.62611
M204 S5000
M205 X30 Y30
G0 F7200 X77.586 Y127.084
M204 S3000
M205 X20 Y20
G1 F1500 X86.592 Y136.089 E1494.1556
M204 S5000
M205 X30 Y30
G0 F7200 X86.833 Y135.623
M204 S3000
M205 X20 Y20
G1 F1500 X77.659 Y126.449 E1494.69499
M204 S5000
M205 X30 Y30
G0 F7200 X77.732 Y125.815
M204 S3000
M205 X20 Y20
G1 F1500 X87.11 Y135.193 E1495.24638
M204 S5000
M205 X30 Y30
G0 F7200 X87.471 Y134.847
M204 S3000
M205 X20 Y20
G1 F1500 X77.804 Y125.18 E1495.81477
M204 S5000
M205 X30 Y30
G0 F7200 X77.877 Y124.546
M204 S3000
M205 X20 Y20
G1 F1500 X87.882 Y134.551 E1496.40302
M204 S5000
M205 X30 Y30
G0 F7200 X88.331 Y134.293
M204 S3000
M205 X20 Y20
G1 F1500 X77.949 Y123.911 E1497.01344
M204 S5000
M205 X30 Y30
G0 F7200 X78.022 Y123.276
M204 S3000
M205 X20 Y20
G1 F1500 X88.891 Y134.146 E1497.65253
M204 S5000
M205 X30 Y30
G0 F7200 X89.53 Y134.078
M204 S3000
M205 X20 Y20
G1 F1500 X78.094 Y122.642 E1498.32492
M204 S5000
M205 X30 Y30
G0 F7200 X78.167 Y122.007
M204 S3000
M205 X20 Y20
G1 F1500 X90.322 Y134.162 E1499.03959
G1 X90.41 Y134.25
M204 S5000
M205 X30 Y30
G0 F7200 X92.684 Y136.524
M204 S3000
M205 X20 Y20
G1 F1500 X94.966 Y138.807 E1499.17379
M204 S5000
M205 X30 Y30
G0 F7200 X94.259 Y138.807
M204 S3000
M205 X20 Y20
G1 F1500 X92.793 Y137.341 E1499.25999
M204 S5000
M205 X30 Y30
G0 F7200 X92.718 Y137.973
M204 S3000
M205 X20 Y20
G1 F1500 X93.552 Y138.807 E1499.30902
M204 S5000
M205 X30 Y30
G0 F7200 X92.845 Y138.807
M204 S3000
M205 X20 Y20
G1 F1500 X92.535 Y138.497 E1499.32725
M204 S5000
M205 X30 Y30
G0 F7200 X95.673 Y138.807
M204 S3000
M205 X20 Y20
G1 F1500 X83.775 Y126.908 E1500.02683
M204 S5000
M205 X30 Y30
G0 F7200 X84.567 Y126.994
M204 S3000
M205 X20 Y20
G1 F1500 X96.38 Y138.807 E1500.72139
M204 S5000
M205 X30 Y30
G0 F7200 X97.087 Y138.807
M204 S3000
M205 X20 Y20
G1 F1500 X85.214 Y126.934 E1501.41948
M204 S5000
M205 X30 Y30
G0 F7200 X85.761 Y126.773
M204 S3000
M205 X20 Y20
G1 F1500 X97.794 Y138.807 E1502.127
M204 S5000
M205 X30 Y30
G0 F7200 X98.502 Y138.807
M204 S3000
M205 X20 Y20
G1 F1500 X86.238 Y126.543 E1502.84808
M204 S5000
M205 X30 Y30
G0 F7200 X86.637 Y126.235
M204 S3000
M205 X20 Y20
G1 F1500 X99.209 Y138.807 E1503.58727
M204 S5000
M205 X30 Y30
G0 F7200 X99.916 Y138.807
M204 S3000
M205 X20 Y20
G1 F1500 X86.996 Y125.887 E1504.34691
M204 S5000
M205 X30 Y30
G0 F7200 X87.31 Y125.493
M204 S3000
M205 X20 Y20
G1 F1500 X100.623 Y138.807 E1505.1297
M204 S5000
M205 X30 Y30
G0 F7200 X101.33 Y138.807
M204 S3000
M205 X20 Y20
G1 F1500 X87.529 Y125.005 E1505.94117
M204 S5000
M205 X30 Y30
G0 F7200 X87.73 Y124.499
M204 S3000
M205 X20 Y20
G1 F1500 X102.037 Y138.807 E1506.7824
M204 S5000
M205 X30 Y30
G0 F7200 X102.744 Y138.807
M204 S3000
M205 X20 Y20
G1 F1500 X87.794 Y123.856 E1507.66143
M204 S5000
M205 X30 Y30
G0 F7200 X87.683 Y123.038
M204 S3000
M205 X20 Y20
G1 F1500 X103.451 Y138.807 E1508.58856
M204 S5000
M205 X30 Y30
G0 F7200 X104.158 Y138.807
M204 S3000
M205 X20 Y20
G1 F1500 X79.109 Y113.757 E1510.06137
M204 S5000
M205 X30 Y30
G0 F7200 X79.181 Y113.122
M204 S3000
M205 X20 Y20
G1 F1500 X104.866 Y138.807 E1511.57155
M204 S5000
M205 X30 Y30
G0 F7200 X105.573 Y138.807
M204 S3000
M205 X20 Y20
G1 F1500 X79.254 Y112.488 E1513.11901
M204 S5000
M205 X30 Y30
G0 F7200 X79.326 Y111.853
M204 S3000
M205 X20 Y20
G1 F1500 X106.28 Y138.807 E1514.7038
M204 S5000
M205 X30 Y30
G0 F7200 X106.987 Y138.807
M204 S3000
M205 X20 Y20
G1 F1500 X79.399 Y111.219 E1516.32587
M204 S5000
M205 X30 Y30
G0 F7200 X79.471 Y110.584
M204 S3000
M205 X20 Y20
G1 F1500 X107.694 Y138.807 E1517.98527
M204 S5000
M205 X30 Y30
G0 F7200 X108.401 Y138.807
M204 S3000
M205 X20 Y20
G1 F1500 X79.544 Y109.95 E1519.68195
M204 S5000
M205 X30 Y30
G0 F7200 X79.616 Y109.315
M204 S3000
M205 X20 Y20
G1 F1500 X109.108 Y138.807 E1521.41597
M204 S5000
M205 X30 Y30
G0 F7200 X109.815 Y138.807
M204 S3000
M205 X20 Y20
G1 F1500 X79.689 Y108.68 E1523.18729
M204 S5000
M205 X30 Y30
G0 F7200 X79.761 Y108.045
M204 S3000
M205 X20 Y20
G1 F1500 X110.522 Y138.807 E1524.99595
M204 S5000
M205 X30 Y30
G0 F7200 X111.23 Y138.807
M204 S3000
M205 X20 Y20
G1 F1500 X79.834 Y107.411 E1526.84191
M204 S5000
M205 X30 Y30
G0 F7200 X79.907 Y106.777
M204 S3000
M205 X20 Y20
G1 F1500 X111.937 Y138.807 E1528.72516
M204 S5000
M205 X30 Y30
G0 F7200 X112.644 Y138.807
M204 S3000
M205 X20 Y20
G1 F1500 X79.979 Y106.142 E1530.64573
M204 S5000
M205 X30 Y30
G0 F7200 X80.052 Y105.508
M204 S3000
M205 X20 Y20
G1 F1500 X113.351 Y138.807 E1532.60359
M204 S5000
M205 X30 Y30
G0 F7200 X114.058 Y138.807
M204 S3000
M205 X20 Y20
G1 F1500 X80.124 Y104.873 E1534.59878
M204 S5000
M205 X30 Y30
G0 F7200 X80.197 Y104.238
M204 S3000
M205 X20 Y20
G1 F1500 X114.765 Y138.807 E1536.63127
M204 S5000
M205 X30 Y30
G0 F7200 X115.472 Y138.807
M204 S3000
M205 X20 Y20
G1 F1500 X80.269 Y103.603 E1538.7011
M204 S5000
M205 X30 Y30
G0 F7200 X80.53 Y103.157
M204 S3000
M205 X20 Y20
G1 F1500 X80.342 Y102.969 E1538.71216
M204 S5000
M205 X30 Y30
G0 F7200 X81.167 Y103.794
M204 S3000
M205 X20 Y20
G1 F1500 X116.179 Y138.807 E1540.77076
M204 S5000
M205 X30 Y30
G0 F7200 X116.886 Y138.807
M204 S3000
M205 X20 Y20
G1 F1500 X82.452 Y104.372 E1542.79537
M204 S5000
M205 X30 Y30
G0 F7200 X83.227 Y104.441
M204 S3000
M205 X20 Y20
G1 F1500 X117.593 Y138.807 E1544.81596
M204 S5000
M205 X30 Y30
G0 F7200 X118.301 Y138.807
M204 S3000
M205 X20 Y20
G1 F1500 X83.844 Y104.35 E1546.8419
M204 S5000
M205 X30 Y30
G0 F7200 X84.376 Y104.175
M204 S3000
M205 X20 Y20
G1 F1500 X118.6 Y138.399 E1548.85414
M204 S5000
M205 X30 Y30
G0 F7200 X118.6 Y137.692
M204 S3000
M205 X20 Y20
G1 F1500 X84.83 Y103.922 E1550.83969
M204 S5000
M205 X30 Y30
G0 F7200 X85.221 Y103.605
M204 S3000
M205 X20 Y20
G1 F1500 X118.6 Y136.984 E1552.80225
M204 S5000
M205 X30 Y30
G0 F7200 X118.6 Y136.277
M204 S3000
M205 X20 Y20
G1 F1500 X92.9 Y110.578 E1554.31328
M204 S5000
M205 X30 Y30
G0 F7200 X93.734 Y110.705
M204 S3000
M205 X20 Y20
G1 F1500 X118.6 Y135.57 E1555.77527
M204 S5000
M205 X30 Y30
G0 F7200 X118.6 Y134.863
M204 S3000
M205 X20 Y20
G1 F1500 X115.667 Y131.93 E1555.94772
G1 X115.579 Y131.842
M204 S5000
M205 X30 Y30
G0 F7200 X116.666 Y132.222
M204 S3000
M205 X20 Y20
G1 F1500 X118.6 Y134.156 E1556.06143
M204 S5000
M205 X30 Y30
G0 F7200 X118.6 Y133.449
M204 S3000
M205 X20 Y20
G1 F1500 X117.389 Y132.238 E1556.13264
M204 S5000
M205 X30 Y30
G0 F7200 X117.968 Y132.11
M204 S3000
M205 X20 Y20
G1 F1500 X118.6 Y132.742 E1556.1698
M204 S5000
M205 X30 Y30
G0 F7200 X118.6 Y132.035
M204 S3000
M205 X20 Y20
G1 F1500 X118.486 Y131.921 E1556.1765
M204 S5000
M205 X30 Y30
G0 F7200 X116.736 Y131.666
G0 X114.25 Y130.514
M204 S3000
M205 X20 Y20
G1 F1500 X94.441 Y110.705 E1557.34119
M204 S5000
M205 X30 Y30
G0 F7200 X95.149 Y110.706
M204 S3000
M205 X20 Y20
G1 F1500 X113.949 Y129.505 E1558.44653
M204 S5000
M205 X30 Y30
G0 F7200 X113.929 Y128.778
M204 S3000
M205 X20 Y20
G1 F1500 X95.856 Y110.706 E1559.50912
M204 S5000
M205 X30 Y30
G0 F7200 X96.563 Y110.706
M204 S3000
M205 X20 Y20
G1 F1500 X114.046 Y128.188 E1560.53703
M204 S5000
M205 X30 Y30
G0 F7200 X114.24 Y127.675
M204 S3000
M205 X20 Y20
G1 F1500 X97.271 Y110.706 E1561.53474
M204 S5000
M205 X30 Y30
G0 F7200 X97.978 Y110.706
M204 S3000
M205 X20 Y20
G1 F1500 X114.502 Y127.23 E1562.50629
M204 S5000
M205 X30 Y30
G0 F7200 X114.84 Y126.861
M204 S3000
M205 X20 Y20
G1 F1500 X98.685 Y110.706 E1563.45614
M204 S5000
M205 X30 Y30
G0 F7200 X99.393 Y110.707
M204 S3000
M205 X20 Y20
G1 F1500 X115.217 Y126.531 E1564.38653
M204 S5000
M205 X30 Y30
G0 F7200 X115.648 Y126.255
M204 S3000
M205 X20 Y20
G1 F1500 X100.1 Y110.707 E1565.30069
M204 S5000
M205 X30 Y30
G0 F7200 X100.808 Y110.708
M204 S3000
M205 X20 Y20
G1 F1500 X116.154 Y126.053 E1566.20295
M204 S5000
M205 X30 Y30
G0 F7200 X116.75 Y125.942
M204 S3000
M205 X20 Y20
G1 F1500 X101.515 Y110.708 E1567.09868
M204 S5000
M205 X30 Y30
G0 F7200 X102.222 Y110.708
M204 S3000
M205 X20 Y20
G1 F1500 X117.474 Y125.959 E1567.99541
G1 X117.562 Y126.047
M204 S5000
M205 X30 Y30
G0 F7200 X118.46 Y126.238
M204 S3000
M205 X20 Y20
G1 F1500 X103.825 Y111.604 E1568.85586
G1 X103.737 Y111.516
M204 S5000
M205 X30 Y30
G0 F7200 X105.801 Y112.872
M204 S3000
M205 X20 Y20
G1 F1500 X118.6 Y125.671 E1569.6084
M204 S5000
M205 X30 Y30
G0 F7200 X118.6 Y124.964
M204 S3000
M205 X20 Y20
G1 F1500 X107.777 Y114.141 E1570.24475
G1 X107.689 Y114.053
M204 S5000
M205 X30 Y30
G0 F7200 X109.752 Y115.409
M204 S3000
M205 X20 Y20
G1 F1500 X118.6 Y124.257 E1570.76497
M204 S5000
M205 X30 Y30
G0 F7200 X118.6 Y123.549
M204 S3000
M205 X20 Y20
G1 F1500 X111.729 Y116.678 E1571.16896
G1 X111.641 Y116.59
M204 S5000
M205 X30 Y30
G0 F7200 X113.704 Y117.947
M204 S3000
M205 X20 Y20
G1 F1500 X118.6 Y122.842 E1571.4568
M204 S5000
M205 X30 Y30
G0 F7200 X118.6 Y122.135
M204 S3000
M205 X20 Y20
G1 F1500 X115.68 Y119.216 E1571.62846
G1 X115.592 Y119.128
M204 S5000
M205 X30 Y30
G0 F7200 X117.656 Y120.484
M204 S3000
M205 X20 Y20
G1 F1500 X118.6 Y121.428 E1571.68396
G1 X118.688 Y121.516
M204 S5000
M205 X30 Y30
G0 F7200 X92.588 Y110.112
G0 X92.104 Y109.781
M204 S3000
M205 X20 Y20
G1 F1500 X85.574 Y103.252 E1572.06787
M204 S5000
M205 X30 Y30
G0 F7200 X85.842 Y102.813
M204 S3000
M205 X20 Y20
G1 F1500 X91.993 Y108.964 E1572.42952
M204 S5000
M205 X30 Y30
G0 F7200 X91.993 Y108.256
M204 S3000
M205 X20 Y20
G1 F1500 X86.052 Y102.316 E1572.7788
M204 S5000
M205 X30 Y30
G0 F7200 X86.199 Y101.756
M204 S3000
M205 X20 Y20
G1 F1500 X91.993 Y107.549 E1573.11944
M204 S5000
M205 X30 Y30
G0 F7200 X91.992 Y106.841
M204 S3000
M205 X20 Y20
G1 F1500 X86.216 Y101.065 E1573.45904
M204 S5000
M205 X30 Y30
G0 F7200 X86.052 Y100.194
M204 S3000
M205 X20 Y20
G1 F1500 X91.991 Y106.133 E1573.80823
M204 S5000
M205 X30 Y30
G0 F7200 X91.991 Y105.426
M204 S3000
M205 X20 Y20
G1 F1500 X88.029 Y101.464 E1574.04119
G1 X87.941 Y101.376
M204 S5000
M205 X30 Y30
G0 F7200 X90.005 Y102.733
M204 S3000
M205 X20 Y20
G1 F1500 X91.991 Y104.718 E1574.15793
G1 X92.079 Y104.806
M204 S5000
M205 X30 Y30
G0 F7200 X79.036 Y114.392
M204 S3000
M205 X20 Y20
G1 F1500 X85.298 Y120.654 E1574.52611
M204 S5000
M205 X30 Y30
G0 F7200 X84.511 Y120.574
M204 S3000
M205 X20 Y20
G1 F1500 X78.964 Y115.027 E1574.85225
M204 S5000
M205 X30 Y30
G0 F7200 X78.891 Y115.661
M204 S3000
M205 X20 Y20
G1 F1500 X83.879 Y120.648 E1575.14549
M204 S5000
M205 X30 Y30
G0 F7200 X83.331 Y120.807
M204 S3000
M205 X20 Y20
G1 F1500 X78.819 Y116.296 E1575.41075
M204 S5000
M205 X30 Y30
G0 F7200 X78.746 Y116.93
M204 S3000
M205 X20 Y20
G1 F1500 X82.871 Y121.055 E1575.65329
M204 S5000
M205 X30 Y30
G0 F7200 X82.476 Y121.367
M204 S3000
M205 X20 Y20
G1 F1500 X78.674 Y117.564 E1575.87686
M204 S5000
M205 X30 Y30
G0 F7200 X78.601 Y118.199
M204 S3000
M205 X20 Y20
G1 F1500 X82.11 Y121.708 E1576.08318
M204 S5000
M205 X30 Y30
G0 F7200 X81.827 Y122.132
M204 S3000
M205 X20 Y20
G1 F1500 X78.529 Y118.834 E1576.27709
M204 S5000
M205 X30 Y30
G0 F7200 X78.457 Y119.469
M204 S3000
M205 X20 Y20
G1 F1500 X81.585 Y122.598 E1576.46103
M204 S5000
M205 X30 Y30
G0 F7200 X81.422 Y123.141
M204 S3000
M205 X20 Y20
G1 F1500 X78.384 Y120.103 E1576.63965
M204 S5000
M205 X30 Y30
G0 F7200 X78.312 Y120.738
M204 S3000
M205 X20 Y20
G1 F1500 X81.345 Y123.771 E1576.81798
M204 S5000
M205 X30 Y30
G0 F7200 X81.468 Y124.602
M204 S3000
M205 X20 Y20
G1 F1500 X78.239 Y121.372 E1577.00786
G1 X78.151 Y121.284
M204 S5000
M205 X30 Y30
G1 F1500 E1570.50786
;MESH:Hip Servo Mount L.stl
G0 F7200 X92.844 Y103.36
G0 X93.456 Y102.406
G0 X105.272 Y95.382
G0 X106.209 Y94.78
G0 X103.886 Y88.588
G0 X103.434 Y86.865
G1 F1500 E1577.00786
G0 F7200 X103.56 Y86.89
M204 S3000
M205 X20 Y20
;TYPE:WALL-INNER
G1 F3082.8 X103.796 Y86.422 E1577.03628
G1 F3078.1 X104.032 Y86.107 E1577.05765
G1 F3101.9 X104.669 Y85.564 E1577.10275
G1 X105.484 Y85.282 E1577.14922
G1 F3078.1 X105.76 Y85.251 E1577.1643
G1 F3257.7 X106.6 Y85.407 E1577.20813
G1 F3729.1 X107.074 Y85.606 E1577.23117
G1 F4020 X107.277 Y85.732 E1577.2411
G1 X107.767 Y86.159 E1577.26813
G1 X107.926 Y86.352 E1577.27852
G1 X108.15 Y86.744 E1577.29729
G1 X108.365 Y87.436 E1577.32742
G1 X108.357 Y88.098 E1577.35494
G1 X108.205 Y88.687 E1577.38023
G1 X107.865 Y89.294 E1577.40916
G1 X107.22 Y89.856 E1577.44473
G1 X106.653 Y90.109 E1577.47054
G1 X106.411 Y90.166 E1577.48088
G1 X105.755 Y90.209 E1577.50821
G1 X105.464 Y90.171 E1577.52041
G1 F3792.5 X104.732 Y89.923 E1577.55447
G1 F3406.8 X104.043 Y89.42 E1577.59632
G1 F3150.5 X103.939 Y89.358 E1577.60274
G1 F3078.1 X103.556 Y88.686 E1577.64474
G1 F3092.3 X103.412 Y87.932 E1577.68623
G1 F3097.1 X103.404 Y87.66 E1577.70091
G1 F3101.9 X103.56 Y86.89 E1577.74325
M204 S5000
M205 X30 Y30
G0 F7200 X103.434 Y86.865
G0 X103.507 Y88.73
G0 X104.3 Y89.75
G0 X114.132 Y97.21
G0 X114.132 Y97.454
M204 S3000
M205 X20 Y20
G1 F4020 X114.42 Y97.642 E1577.75755
G1 X114.529 Y97.789 E1577.76515
G1 X114.627 Y98.058 E1577.77706
G1 X114.626 Y107.337 E1578.16283
G1 X125.336 Y124.018 E1578.98699
G1 X132.77 Y124.018 E1579.29606
G1 X132.228 Y123.721 E1579.32175
G1 X131.728 Y123.179 E1579.35241
G1 X131.433 Y122.615 E1579.37887
G1 X131.318 Y122.186 E1579.39734
G1 X131.289 Y121.445 E1579.42817
G1 X131.507 Y120.743 E1579.45873
G1 X131.848 Y120.203 E1579.48528
G1 X132.218 Y119.838 E1579.50689
G1 X132.779 Y119.5 E1579.53412
G1 X133.407 Y119.332 E1579.56114
G1 X134.049 Y119.333 E1579.58784
G1 X134.672 Y119.496 E1579.61461
G1 X135.247 Y119.835 E1579.64236
G1 X135.699 Y120.296 E1579.6692
G1 X135.998 Y120.83 E1579.69465
G1 X136.144 Y121.352 E1579.71718
G1 X136.169 Y121.991 E1579.74377
G1 X136.029 Y122.615 E1579.77036
G1 X135.734 Y123.179 E1579.79682
G1 X135.234 Y123.721 E1579.82748
G1 X134.692 Y124.018 E1579.85317
G1 X144.176 Y124.019 E1580.24747
G1 X144.176 Y95.388 E1581.43781
G1 X143.708 Y96.016 E1581.47037
G1 X143.495 Y96.21 E1581.48235
G1 X142.927 Y96.554 E1581.50996
G1 X142.706 Y96.644 E1581.51988
G1 X142.264 Y96.745 E1581.53873
G1 X141.53 Y96.75 E1581.56924
G1 X140.904 Y96.554 E1581.59652
G1 X140.334 Y96.211 E1581.62417
G1 X139.754 Y95.533 E1581.66127
G1 X139.501 Y94.912 E1581.68915
G1 X139.419 Y94.288 E1581.71531
G1 X139.5 Y93.623 E1581.74317
G1 X139.761 Y92.994 E1581.77148
G1 X140.335 Y92.33 E1581.80797
G1 X140.878 Y91.996 E1581.83447
G1 X141.515 Y91.792 E1581.86228
G1 X142.172 Y91.772 E1581.88961
G1 X142.706 Y91.894 E1581.91238
G1 X142.926 Y91.983 E1581.92225
G1 X143.494 Y92.327 E1581.94986
G1 X143.708 Y92.521 E1581.96187
G1 X144.176 Y93.15 E1581.99446
G1 X144.176 Y84.614 E1582.34935
G1 F3538.7 X144.108 Y84.114 E1582.37318
G1 F3180.4 X144.112 Y83.616 E1582.39935
G1 F3200.6 X144.027 Y83.055 E1582.42898
G1 F3185.4 X143.84 Y82.465 E1582.46145
G1 F3200.6 X143.533 Y81.936 E1582.49339
G1 F3221.2 X143.222 Y81.561 E1582.51867
G1 F3205.7 X142.858 Y81.239 E1582.54401
G1 F3216 X142.452 Y80.972 E1582.56926
G1 F3221.2 X142.005 Y80.775 E1582.5946
G1 F3210.9 X141.534 Y80.643 E1582.62006
G1 X141.05 Y80.589 E1582.64541
G1 F3200.6 X140.523 Y80.609 E1582.67295
G1 F3145.5 X140.034 Y80.674 E1582.69916
G1 F3501.7 X139.405 Y80.673 E1582.72918
G1 F4020 X106.389 Y84.446 E1584.11076
G1 F3477.5 X105.744 Y84.598 E1584.14261
G1 F3082.8 X105.397 Y84.635 E1584.16153
G1 F3068.7 X104.845 Y84.793 E1584.1928
G1 F3078.1 X104.393 Y84.99 E1584.21958
G1 F3082.8 X103.983 Y85.267 E1584.2464
G1 F3059.4 X103.621 Y85.595 E1584.27309
G1 F3064 X103.23 Y86.083 E1584.3072
G1 F3082.8 X102.962 Y86.638 E1584.34061
G1 F3073.4 X102.829 Y87.113 E1584.36743
G1 F3068.7 X102.759 Y87.601 E1584.39428
G1 F3082.8 X102.774 Y88.095 E1584.42108
G1 F3054.7 X102.865 Y88.581 E1584.44813
G1 F3073.4 X103.021 Y89.045 E1584.47475
G1 F3092.3 X103.279 Y89.52 E1584.50397
G1 F3155.4 X103.497 Y89.889 E1584.52667
G1 F3589.3 X103.804 Y90.477 E1584.55755
G1 F4020 X108.254 Y97.41 E1584.90006
G1 X113.932 Y97.411 E1585.13612
G1 X114.132 Y97.454 E1585.14463
M204 S5000
M205 X30 Y30
G0 F7200 X114.132 Y97.21
G0 X125.793 Y89.896
G0 X125.98 Y89.828
M204 S3000
M205 X20 Y20
G1 F4020 X125.928 Y89.288 E1585.16718
G1 X125.934 Y89.098 E1585.17509
G1 X126.026 Y88.557 E1585.1979
G1 X126.246 Y88.051 E1585.22084
G1 X126.619 Y87.544 E1585.24701
G1 X127.126 Y87.136 E1585.27407
G1 X127.336 Y87.026 E1585.28392
G1 X128.058 Y86.785 E1585.31557
G1 X128.658 Y86.781 E1585.34051
G1 X128.895 Y86.819 E1585.35049
G1 X129.515 Y87.025 E1585.37765
G1 X129.726 Y87.135 E1585.38755
G1 X130.233 Y87.543 E1585.4146
G1 X130.564 Y87.967 E1585.43697
G1 X130.813 Y88.515 E1585.46199
G1 X130.935 Y89.195 E1585.49071
G1 X130.863 Y89.879 E1585.51931
G1 X130.487 Y90.711 E1585.55727
G1 X129.823 Y91.358 E1585.59581
G1 X129.201 Y91.653 E1585.62443
G1 X128.574 Y91.774 E1585.65098
G1 X127.964 Y91.727 E1585.67642
G1 X127.352 Y91.535 E1585.70308
G1 X126.779 Y91.163 E1585.73149
G1 X126.221 Y90.468 E1585.76854
G1 X125.98 Y89.828 E1585.79697
M204 S5000
M205 X30 Y30
G0 F7200 X125.793 Y89.896
G0 X125.886 Y88.514
G0 X126.585 Y87.366
G0 X127.879 Y86.699
G0 X138.315 Y84.455
G0 X138.504 Y84.393
M204 S3000
M205 X20 Y20
G1 F4020 X138.429 Y83.893 E1585.81799
G1 X138.477 Y83.279 E1585.8436
G1 X138.608 Y82.835 E1585.86285
G1 X138.898 Y82.309 E1585.88782
G1 X139.04 Y82.134 E1585.89719
G1 F3743 X139.513 Y81.704 E1585.92573
G1 F3289.7 X140.161 Y81.307 E1585.96434
G1 F3155.4 X140.851 Y81.196 E1586.00136
G1 F3236.7 X141.565 Y81.288 E1586.03853
G1 F3257.7 X142.156 Y81.513 E1586.07097
G1 X142.667 Y81.889 E1586.10352
G1 F3241.9 X143.027 Y82.302 E1586.13177
G1 X143.351 Y82.943 E1586.16879
G1 F3252.4 X143.473 Y83.5 E1586.19809
G1 F3205.7 X143.477 Y84.06 E1586.22729
G1 F3538.7 X143.221 Y84.742 E1586.2617
G1 F4020 X142.893 Y85.302 E1586.28868
G1 X142.749 Y85.481 E1586.29823
G1 X142.314 Y85.846 E1586.32184
G1 X141.918 Y86.063 E1586.34061
G1 X141.687 Y86.145 E1586.3508
G1 X140.92 Y86.28 E1586.38318
G1 X140.171 Y86.163 E1586.4147
G1 X139.562 Y85.873 E1586.44274
G1 X138.962 Y85.331 E1586.47636
G1 X138.634 Y84.782 E1586.50294
G1 X138.504 Y84.393 E1586.52
M204 S5000
M205 X30 Y30
G0 F7200 X138.315 Y84.455
G0 X138.419 Y82.773
G0 X139.082 Y82.993
M204 S3000
M205 X20 Y20
;TYPE:WALL-OUTER
G1 F2040 X139.376 Y82.504 E1586.54372
G1 X139.816 Y82.104 E1586.56844
G1 X140.324 Y81.859 E1586.59189
G1 X140.829 Y81.766 E1586.61324
G1 X141.417 Y81.827 E1586.63781
G1 X141.866 Y82.001 E1586.65783
G1 X142.295 Y82.306 E1586.67972
G1 X142.591 Y82.658 E1586.69884
G1 X142.817 Y83.11 E1586.71985
G1 X142.919 Y83.584 E1586.74001
G1 X142.917 Y83.962 E1586.75572
G1 X142.79 Y84.49 E1586.7783
G1 X142.442 Y85.085 E1586.80696
G1 X142.073 Y85.408 E1586.82735
G1 X141.6 Y85.653 E1586.84949
G1 X140.911 Y85.775 E1586.87858
G1 X140.335 Y85.682 E1586.90284
G1 X139.853 Y85.461 E1586.92489
G1 X139.354 Y85.011 E1586.95282
G1 X139.102 Y84.59 E1586.97322
G1 X138.982 Y84.247 E1586.98833
G1 X138.925 Y83.83 E1587.00583
G1 X138.974 Y83.335 E1587.02651
G1 X139.082 Y82.993 E1587.04142
M204 S5000
M205 X30 Y30
G0 F7200 X139.185 Y82.822
G0 X138.578 Y82.464
G0 X138.293 Y83.684
G0 X139.232 Y94.148
G0 X139.925 Y94.237
M204 S3000
M205 X20 Y20
G1 F2040 X139.997 Y93.732 E1587.06263
G1 X140.193 Y93.261 E1587.08384
G1 X140.675 Y92.705 E1587.11443
G1 X141.104 Y92.442 E1587.13535
G1 X141.628 Y92.289 E1587.15804
G1 X142.152 Y92.281 E1587.17983
G1 X142.668 Y92.411 E1587.20196
G1 X143.279 Y92.781 E1587.23165
G1 X143.704 Y93.352 E1587.26125
G1 F1777 X143.969 Y93.857 E1587.28847
G1 F1581.4 X143.967 Y94.652 E1587.3311
G1 F1786.3 X143.703 Y95.186 E1587.35939
G1 F2040 X143.279 Y95.756 E1587.38892
G1 X142.668 Y96.126 E1587.41862
G1 X142.152 Y96.257 E1587.44075
G1 X141.638 Y96.249 E1587.46212
G1 X141.113 Y96.1 E1587.48481
G1 X140.668 Y95.827 E1587.50652
G1 X140.194 Y95.278 E1587.53667
G1 X139.989 Y94.782 E1587.55899
G1 X139.925 Y94.301 E1587.57916
G1 X139.925 Y94.237 E1587.58182
M204 S5000
M205 X30 Y30
G0 F7200 X139.953 Y94.039
G0 X139.258 Y93.95
G0 X127.92 Y91.868
G0 X126.68 Y91.266
G0 X125.844 Y89.857
G0 X125.866 Y88.411
G0 X126.506 Y88.697
M204 S3000
M205 X20 Y20
G1 F2040 X126.734 Y88.204 E1587.6044
G1 X127.057 Y87.81 E1587.62558
G1 X127.494 Y87.5 E1587.64786
G1 X128.165 Y87.282 E1587.67719
G1 X128.737 Y87.293 E1587.70098
G1 X129.357 Y87.499 E1587.72814
G1 X129.796 Y87.81 E1587.75051
G1 X130.141 Y88.235 E1587.77327
G1 X130.342 Y88.683 E1587.79368
G1 X130.427 Y89.19 E1587.81505
G1 X130.377 Y89.738 E1587.83793
G1 X130.076 Y90.417 E1587.86881
G1 X129.532 Y90.94 E1587.90018
G1 X129.062 Y91.168 E1587.9219
G1 X128.564 Y91.267 E1587.94301
G1 X128.05 Y91.235 E1587.96442
G1 X127.565 Y91.077 E1587.98563
G1 X127.104 Y90.772 E1588.00861
G1 X126.654 Y90.212 E1588.03848
G1 X126.474 Y89.716 E1588.06042
G1 X126.426 Y89.24 E1588.08031
G1 X126.506 Y88.697 E1588.10312
M204 S5000
M205 X30 Y30
G0 F7200 X126.589 Y88.516
G0 X125.948 Y88.229
G0 X114.826 Y97.987
G0 X114.058 Y97.987
M204 S3000
M205 X20 Y20
G1 F2040 X114.127 Y98.16 E1588.11087
G1 X114.126 Y107.483 E1588.49847
G1 X125.063 Y124.518 E1589.34011
G1 X125.927 Y124.518 E1589.37603
G1 F2035.9 X126.791 Y124.518 E1589.41202
G1 F2031.9 X127.655 Y124.518 E1589.44809
G1 F2027.8 X128.519 Y124.518 E1589.48423
G1 F2023.8 X129.383 Y124.518 E1589.52043
G1 F2019.8 X130.247 Y124.518 E1589.55671
G1 F2015.8 X131.111 Y124.518 E1589.59307
G1 F2011.8 X131.975 Y124.518 E1589.62949
G1 F2007.9 X132.839 Y124.518 E1589.66599
G1 F1734.7 X133.337 Y124.435 E1589.69067
G1 F1540.8 X133.509 Y124.441 E1589.70014
G1 X134.125 Y124.435 E1589.73405
G1 F1734.7 X134.621 Y124.519 E1589.75865
G1 F2007.9 X135.459 Y124.519 E1589.79405
G1 F2011.8 X136.297 Y124.519 E1589.82937
G1 X137.135 Y124.519 E1589.8647
G1 F2015.8 X137.973 Y124.519 E1589.89996
G1 F2019.8 X138.811 Y124.519 E1589.93515
G1 F2023.8 X139.649 Y124.519 E1589.97027
G1 X140.487 Y124.519 E1590.00539
G1 F2027.8 X141.325 Y124.519 E1590.04043
G1 F2031.9 X142.163 Y124.519 E1590.07541
G1 F2035.9 X143.001 Y124.519 E1590.11032
G1 X143.839 Y124.519 E1590.14523
G1 F2040 X144.677 Y124.519 E1590.18007
G1 X144.676 Y95.268 E1591.39619
G1 F1786.3 X144.605 Y94.707 E1591.42304
G1 F1593.8 X144.607 Y93.942 E1591.46375
G1 F1578.9 X144.599 Y93.736 E1591.47482
G1 F1752.6 X144.672 Y93.272 E1591.49755
G1 F2007.9 X144.672 Y92.39 E1591.53481
G1 F2011.8 X144.672 Y91.508 E1591.57199
G1 F2015.8 X144.673 Y90.626 E1591.6091
G1 X144.673 Y89.744 E1591.64621
G1 F2019.8 X144.673 Y88.862 E1591.68325
G1 F2023.8 X144.674 Y87.98 E1591.72021
G1 F2027.8 X144.674 Y87.098 E1591.7571
G1 F2031.9 X144.674 Y86.216 E1591.79391
G1 X144.675 Y85.334 E1591.83073
G1 F2035.9 X144.675 Y84.452 E1591.86747
G1 F2040 X144.676 Y83.57 E1591.90414
G1 X144.578 Y82.928 E1591.93114
G1 X144.362 Y82.232 E1591.96144
G1 X143.993 Y81.613 E1591.9914
G1 X143.629 Y81.17 E1592.01524
G1 X143.201 Y80.789 E1592.03906
G1 X142.721 Y80.478 E1592.06284
G1 X142.197 Y80.243 E1592.08672
G1 X141.642 Y80.09 E1592.11065
G1 X141.073 Y80.023 E1592.13447
G1 X140.492 Y80.045 E1592.15864
G1 X105.287 Y84.069 E1593.63183
G1 X104.647 Y84.245 E1593.65942
G1 X104.116 Y84.487 E1593.68368
G1 X103.627 Y84.808 E1593.708
G1 X103.198 Y85.198 E1593.73211
G1 X102.736 Y85.774 E1593.76281
G1 X102.424 Y86.433 E1593.79312
G1 X102.259 Y86.992 E1593.81735
G1 X102.183 Y87.571 E1593.84163
G1 X102.197 Y88.155 E1593.86592
G1 X102.303 Y88.729 E1593.89018
G1 X102.493 Y89.277 E1593.9143
G1 X102.775 Y89.802 E1593.93907
G1 X107.981 Y97.91 E1594.33967
G1 X113.941 Y97.91 E1594.58746
G1 X114.058 Y97.987 E1594.59328
M204 S5000
M205 X30 Y30
G0 F7200 X114.127 Y98.16
G0 X114.127 Y98.174
G0 X114.826 Y98.174
G0 X104.62 Y90.031
G0 X103.545 Y88.796
G0 X103.287 Y87.598
G0 X103.973 Y87.736
M204 S3000
M205 X20 Y20
G1 F2040 X104.114 Y87.043 E1594.62268
G1 X104.382 Y86.57 E1594.64529
G1 X104.948 Y86.071 E1594.67666
G1 X105.671 Y85.825 E1594.70841
G1 X106.423 Y85.874 E1594.73974
G1 X106.949 Y86.109 E1594.76369
G1 X107.472 Y86.565 E1594.79254
G1 X107.716 Y86.992 E1594.81298
G1 X107.856 Y87.481 E1594.83413
G1 X107.862 Y88.027 E1594.85683
G1 X107.729 Y88.519 E1594.87802
G1 X107.469 Y88.971 E1594.8997
G1 X106.919 Y89.451 E1594.93005
G1 X106.421 Y89.664 E1594.95257
G1 X105.672 Y89.713 E1594.98378
G1 X104.945 Y89.467 E1595.01569
G1 X104.378 Y88.967 E1595.04711
G1 X104.114 Y88.497 E1595.06953
G1 X103.976 Y87.819 E1595.09829
G1 X103.973 Y87.736 E1595.10175
M204 S5000
M205 X30 Y30
G0 F7200 X104.012 Y87.54
G0 X103.326 Y87.402
G0 X103.507 Y88.73
G0 X111.208 Y97.278
G0 X114.754 Y97.282
G0 X131.125 Y122.236
G0 X131.801 Y122.056
M204 S3000
M205 X20 Y20
G1 F2040 X131.793 Y121.547 E1595.12291
G1 X131.927 Y121.021 E1595.14548
G1 X132.181 Y120.58 E1595.16664
G1 X132.536 Y120.224 E1595.18754
G1 X132.971 Y119.97 E1595.20848
G1 X133.466 Y119.834 E1595.22982
G1 X133.974 Y119.831 E1595.25094
G1 X134.477 Y119.964 E1595.27257
G1 X134.918 Y120.217 E1595.29371
G1 X135.282 Y120.581 E1595.31511
G1 X135.536 Y121.022 E1595.33627
G1 X135.661 Y121.482 E1595.35609
G1 X135.67 Y122.024 E1595.37863
G1 X135.546 Y122.485 E1595.39847
G1 X135.3 Y122.929 E1595.41958
G1 F2023.8 X134.921 Y123.321 E1595.44243
G1 F1988.3 X134.448 Y123.592 E1595.46568
G1 F1723 X134.039 Y123.779 E1595.48782
G1 F1529.2 X133.423 Y123.779 E1595.52198
G1 F1723 X133.014 Y123.592 E1595.54412
G1 F2003.9 X132.571 Y123.338 E1595.56573
G1 F2040 X132.178 Y122.958 E1595.58846
G1 X131.916 Y122.485 E1595.61094
G1 X131.801 Y122.056 E1595.62941
M204 S5000
M205 X30 Y30
G0 F7200 X131.798 Y121.856
G0 X131.093 Y121.856
G0 X114.754 Y97.282
G0 X114.385 Y97.044
M204 S3000
M205 X20 Y20
;TYPE:SKIN
G1 F1500 X114.614 Y97.18 E1595.64048
G1 X114.949 Y97.564 E1595.66167
G1 X115.102 Y97.994 E1595.68064
G1 X115.101 Y107.196 E1596.06322
G1 X125.596 Y123.542 E1596.87082
G1 X131.423 Y123.544 E1597.11308
G1 X131.094 Y123.032 E1597.13838
G1 X130.862 Y122.325 E1597.16932
G1 X130.818 Y121.981 E1597.18374
G1 X130.853 Y121.248 E1597.21424
G1 X131.038 Y120.603 E1597.24214
G1 X131.417 Y119.97 E1597.27282
G1 X131.946 Y119.439 E1597.30398
G1 X132.583 Y119.07 E1597.33458
G1 X133.351 Y118.857 E1597.36772
G1 X134.104 Y118.859 E1597.39902
G1 X134.865 Y119.06 E1597.43175
G1 X135.539 Y119.455 E1597.46423
G1 X136.087 Y120.014 E1597.49677
G1 X136.438 Y120.648 E1597.5269
G1 X136.601 Y121.22 E1597.55163
G1 X136.644 Y121.557 E1597.56575
G1 X136.609 Y122.297 E1597.59655
G1 X136.368 Y123.032 E1597.62871
G1 X136.039 Y123.544 E1597.65401
G1 X143.701 Y123.544 E1597.97256
G1 X143.701 Y96.641 E1599.09106
G1 X143.176 Y96.961 E1599.11662
G1 X142.798 Y97.111 E1599.13353
G1 X142.076 Y97.241 E1599.16403
G1 X141.314 Y97.181 E1599.19581
G1 X140.678 Y96.978 E1599.22356
G1 X140.041 Y96.586 E1599.25466
G1 X139.357 Y95.802 E1599.29792
G1 X139.035 Y95.035 E1599.3325
G1 X138.941 Y94.251 E1599.36533
G1 X139.037 Y93.507 E1599.39652
G1 X139.352 Y92.74 E1599.43099
G1 X140.039 Y91.95 E1599.47452
G1 X140.725 Y91.534 E1599.50787
G1 X141.422 Y91.332 E1599.53804
G1 X142.082 Y91.298 E1599.56552
G1 X142.849 Y91.441 E1599.59796
G1 X143.174 Y91.576 E1599.61259
G1 X143.701 Y91.896 E1599.63822
G1 X143.701 Y84.867 E1599.93045
G1 X143.283 Y85.572 E1599.96453
G1 X143.068 Y85.833 E1599.97859
G1 X142.736 Y86.127 E1599.99702
G1 X142.163 Y86.472 E1600.02483
G1 X141.77 Y86.613 E1600.04219
G1 X140.927 Y86.761 E1600.07777
G1 X140.027 Y86.617 E1600.11567
G1 X139.309 Y86.278 E1600.14868
G1 X138.605 Y85.65 E1600.1879
G1 X138.21 Y84.995 E1600.2197
G1 X138.056 Y84.557 E1600.239
G1 X137.959 Y83.967 E1600.26386
G1 X137.957 Y83.652 E1600.27696
G1 X138.051 Y82.992 E1600.30467
G1 X138.254 Y82.462 E1600.32827
G1 X138.698 Y81.8 E1600.36141
G1 X139.187 Y81.359 E1600.38879
G1 X139.488 Y81.156 E1600.40388
G1 X139.432 Y81.149 E1600.40623
G1 X106.521 Y84.912 E1601.78342
G1 X106.798 Y84.978 E1601.79526
G1 X107.298 Y85.186 E1601.81777
G1 X107.56 Y85.35 E1601.83063
G1 X108.076 Y85.795 E1601.85895
G1 X108.314 Y86.08 E1601.87439
G1 X108.584 Y86.554 E1601.89707
G1 X108.794 Y87.211 E1601.92575
G1 X108.839 Y87.552 E1601.94005
G1 X108.826 Y88.208 E1601.96733
G1 X108.628 Y88.921 E1601.99809
G1 X108.202 Y89.626 E1602.03234
G1 X107.486 Y90.257 E1602.07201
G1 X106.839 Y90.548 E1602.10151
G1 X106.446 Y90.64 E1602.11829
G1 X105.741 Y90.682 E1602.14765
G1 X105.357 Y90.632 E1602.16375
G1 X104.643 Y90.395 E1602.19503
G1 X104.163 Y90.112 E1602.2182
G1 X104.215 Y90.239 E1602.2239
G1 X108.514 Y96.935 E1602.55473
G1 X113.984 Y96.939 E1602.78214
G1 X114.385 Y97.044 E1602.79938
M204 S5000
M205 X30 Y30
G0 F7200 X125.51 Y89.906
M204 S3000
M205 X20 Y20
G1 F1500 X125.446 Y89.175 E1602.82988
G1 X125.449 Y89.11 E1602.83259
G1 X125.568 Y88.416 E1602.86186
G1 X125.822 Y87.832 E1602.88834
G1 X126.258 Y87.232 E1602.91917
G1 X126.828 Y86.765 E1602.94981
G1 X127.184 Y86.576 E1602.96657
G1 X127.983 Y86.314 E1603.00153
G1 X128.693 Y86.309 E1603.03105
G1 X129.049 Y86.368 E1603.04605
G1 X129.664 Y86.573 E1603.073
G1 X130.025 Y86.764 E1603.08998
G1 X130.586 Y87.223 E1603.12012
G1 X131.007 Y87.786 E1603.14934
G1 X131.294 Y88.428 E1603.17858
G1 X131.41 Y89.173 E1603.20993
G1 X131.326 Y90.007 E1603.24478
G1 X130.953 Y90.842 E1603.2828
G1 X130.812 Y91.053 E1603.29335
G1 X130.119 Y91.733 E1603.33371
G1 X129.349 Y92.112 E1603.36939
G1 X128.61 Y92.241 E1603.40058
G1 X127.867 Y92.2 E1603.43152
G1 X127.129 Y91.958 E1603.46381
G1 X126.442 Y91.507 E1603.49798
G1 X125.794 Y90.701 E1603.54097
G1 X125.51 Y89.906 E1603.57607
M204 S5000
M205 X30 Y30
G0 F7200 X125.886 Y88.514
G0 X126.585 Y87.366
G0 X128.05 Y86.642
G0 X129.695 Y86.938
G0 X130.692 Y87.895
G0 X143.261 Y85.986
M204 S3000
M205 X20 Y20
G1 F1500 X143.45 Y86.175 E1603.58718
M204 S5000
M205 X30 Y30
G0 F7200 X142.889 Y86.32
M204 S3000
M205 X20 Y20
G1 F1500 X143.45 Y86.882 E1603.6202
M204 S5000
M205 X30 Y30
G0 F7200 X143.45 Y87.589
M204 S3000
M205 X20 Y20
G1 F1500 X142.451 Y86.59 E1603.67894
M204 S5000
M205 X30 Y30
G0 F7200 X141.963 Y86.808
M204 S3000
M205 X20 Y20
G1 F1500 X143.45 Y88.296 E1603.76639
M204 S5000
M205 X30 Y30
G0 F7200 X143.45 Y89.003
M204 S3000
M205 X20 Y20
G1 F1500 X141.381 Y86.933 E1603.88807
M204 S5000
M205 X30 Y30
G0 F7200 X140.72 Y86.98
M204 S3000
M205 X20 Y20
G1 F1500 X143.45 Y89.71 E1604.04859
M204 S5000
M205 X30 Y30
G0 F7200 X143.45 Y90.417
M204 S3000
M205 X20 Y20
G1 F1500 X139.845 Y86.812 E1604.26055
G1 X139.757 Y86.724
M204 S5000
M205 X30 Y30
G0 F7200 X137.899 Y84.866
M204 S3000
M205 X20 Y20
G1 F1500 X134.947 Y81.914 E1604.43411
M204 S5000
M205 X30 Y30
G0 F7200 X135.581 Y81.841
M204 S3000
M205 X20 Y20
G1 F1500 X137.711 Y83.971 E1604.55935
M204 S5000
M205 X30 Y30
G0 F7200 X137.752 Y83.305
M204 S3000
M205 X20 Y20
G1 F1500 X136.216 Y81.769 E1604.64966
M204 S5000
M205 X30 Y30
G0 F7200 X136.85 Y81.696
M204 S3000
M205 X20 Y20
G1 F1500 X137.882 Y82.728 E1604.71034
M204 S5000
M205 X30 Y30
G0 F7200 X138.101 Y82.24
M204 S3000
M205 X20 Y20
G1 F1500 X137.485 Y81.624 E1604.74656
M204 S5000
M205 X30 Y30
G0 F7200 X138.119 Y81.551
M204 S3000
M205 X20 Y20
G1 F1500 X138.385 Y81.817 E1604.7622
M204 S5000
M205 X30 Y30
G0 F7200 X134.312 Y81.986
M204 S3000
M205 X20 Y20
G1 F1500 X143.45 Y91.124 E1605.29948
M204 S5000
M205 X30 Y30
G0 F7200 X142.789 Y91.17
M204 S3000
M205 X20 Y20
G1 F1500 X133.677 Y82.059 E1605.8352
M204 S5000
M205 X30 Y30
G0 F7200 X133.043 Y82.131
M204 S3000
M205 X20 Y20
G1 F1500 X141.965 Y91.053 E1606.35978
M204 S5000
M205 X30 Y30
G0 F7200 X141.31 Y91.105
M204 S3000
M205 X20 Y20
G1 F1500 X132.408 Y82.203 E1606.88318
M204 S5000
M205 X30 Y30
G0 F7200 X131.774 Y82.276
M204 S3000
M205 X20 Y20
G1 F1500 X140.758 Y91.261 E1607.41143
M204 S5000
M205 X30 Y30
G0 F7200 X140.292 Y91.502
M204 S3000
M205 X20 Y20
G1 F1500 X131.139 Y82.348 E1607.94962
M204 S5000
M205 X30 Y30
G0 F7200 X130.505 Y82.421
M204 S3000
M205 X20 Y20
G1 F1500 X139.857 Y91.773 E1608.49949
M204 S5000
M205 X30 Y30
G0 F7200 X139.529 Y92.152
M204 S3000
M205 X20 Y20
G1 F1500 X129.87 Y82.493 E1609.0674
M204 S5000
M205 X30 Y30
G0 F7200 X129.235 Y82.566
M204 S3000
M205 X20 Y20
G1 F1500 X139.201 Y92.531 E1609.65333
M204 S5000
M205 X30 Y30
G0 F7200 X138.971 Y93.009
M204 S3000
M205 X20 Y20
G1 F1500 X128.6 Y82.638 E1610.26311
M204 S5000
M205 X30 Y30
G0 F7200 X127.966 Y82.711
M204 S3000
M205 X20 Y20
G1 F1500 X138.783 Y93.528 E1610.8991
M204 S5000
M205 X30 Y30
G0 F7200 X138.7 Y94.152
M204 S3000
M205 X20 Y20
G1 F1500 X127.332 Y82.784 E1611.5675
M204 S5000
M205 X30 Y30
G0 F7200 X126.697 Y82.856
M204 S3000
M205 X20 Y20
G1 F1500 X138.77 Y94.929 E1612.27735
G1 X138.858 Y95.017
M204 S5000
M205 X30 Y30
G0 F7200 X139.606 Y96.472
M204 S3000
M205 X20 Y20
G1 F1500 X131.543 Y88.409 E1612.75142
M204 S5000
M205 X30 Y30
G0 F7200 X131.656 Y89.23
M204 S3000
M205 X20 Y20
G1 F1500 X143.45 Y101.024 E1613.44486
M204 S5000
M205 X30 Y30
G0 F7200 X143.45 Y101.731
M204 S3000
M205 X20 Y20
G1 F1500 X131.589 Y89.87 E1614.14224
M204 S5000
M205 X30 Y30
G0 F7200 X131.419 Y90.407
M204 S3000
M205 X20 Y20
G1 F1500 X143.45 Y102.438 E1614.84962
M204 S5000
M205 X30 Y30
G0 F7200 X143.45 Y103.145
M204 S3000
M205 X20 Y20
G1 F1500 X131.2 Y90.895 E1615.56987
M204 S5000
M205 X30 Y30
G0 F7200 X130.908 Y91.31
M204 S3000
M205 X20 Y20
G1 F1500 X143.45 Y103.852 E1616.30729
M204 S5000
M205 X30 Y30
G0 F7200 X143.45 Y104.559
M204 S3000
M205 X20 Y20
G1 F1500 X130.551 Y91.66 E1617.06571
M204 S5000
M205 X30 Y30
G0 F7200 X130.173 Y91.989
M204 S3000
M205 X20 Y20
G1 F1500 X143.45 Y105.266 E1617.84634
M204 S5000
M205 X30 Y30
G0 F7200 X143.45 Y105.974
M204 S3000
M205 X20 Y20
G1 F1500 X129.697 Y92.22 E1618.655
M204 S5000
M205 X30 Y30
G0 F7200 X129.165 Y92.396
M204 S3000
M205 X20 Y20
G1 F1500 X143.45 Y106.681 E1619.4949
M204 S5000
M205 X30 Y30
G0 F7200 X143.45 Y107.388
M204 S3000
M205 X20 Y20
G1 F1500 X128.551 Y92.488 E1620.37093
M204 S5000
M205 X30 Y30
G0 F7200 X127.791 Y92.436
M204 S3000
M205 X20 Y20
G1 F1500 X143.45 Y108.095 E1621.29162
M204 S5000
M205 X30 Y30
G0 F7200 X143.45 Y108.802
M204 S3000
M205 X20 Y20
G1 F1500 X126.49 Y91.842 E1622.2888
M204 S5000
M205 X30 Y30
G0 F7200 X125.98 Y91.332
M204 S3000
M205 X20 Y20
G1 F1500 X118.447 Y83.799 E1622.73172
M204 S5000
M205 X30 Y30
G0 F7200 X117.813 Y83.872
M204 S3000
M205 X20 Y20
G1 F1500 X143.45 Y109.509 E1624.23907
M204 S5000
M205 X30 Y30
G0 F7200 X143.45 Y110.216
M204 S3000
M205 X20 Y20
G1 F1500 X117.178 Y83.944 E1625.78377
M204 S5000
M205 X30 Y30
G0 F7200 X116.543 Y84.017
M204 S3000
M205 X20 Y20
G1 F1500 X143.45 Y110.923 E1627.36577
M204 S5000
M205 X30 Y30
G0 F7200 X143.45 Y111.63
M204 S3000
M205 X20 Y20
G1 F1500 X115.908 Y84.089 E1628.9851
M204 S5000
M205 X30 Y30
G0 F7200 X115.274 Y84.161
M204 S3000
M205 X20 Y20
G1 F1500 X143.45 Y112.338 E1630.64177
M204 S5000
M205 X30 Y30
G0 F7200 X143.45 Y113.045
M204 S3000
M205 X20 Y20
G1 F1500 X114.639 Y84.234 E1632.33575
M204 S5000
M205 X30 Y30
G0 F7200 X114.005 Y84.306
M204 S3000
M205 X20 Y20
G1 F1500 X143.45 Y113.752 E1634.06703
M204 S5000
M205 X30 Y30
G0 F7200 X143.45 Y114.459
M204 S3000
M205 X20 Y20
G1 F1500 X113.371 Y84.379 E1635.83559
M204 S5000
M205 X30 Y30
G0 F7200 X112.736 Y84.451
M204 S3000
M205 X20 Y20
G1 F1500 X143.45 Y115.166 E1637.64148
M204 S5000
M205 X30 Y30
G0 F7200 X143.45 Y115.873
M204 S3000
M205 X20 Y20
G1 F1500 X112.101 Y84.524 E1639.48468
M204 S5000
M205 X30 Y30
G0 F7200 X111.466 Y84.596
M204 S3000
M205 X20 Y20
G1 F1500 X143.45 Y116.58 E1641.36522
M204 S5000
M205 X30 Y30
G0 F7200 X143.45 Y117.287
M204 S3000
M205 X20 Y20
G1 F1500 X110.832 Y84.669 E1643.28303
M204 S5000
M205 X30 Y30
G0 F7200 X110.197 Y84.741
M204 S3000
M205 X20 Y20
G1 F1500 X143.45 Y117.994 E1645.23818
M204 S5000
M205 X30 Y30
G0 F7200 X143.45 Y118.702
M204 S3000
M205 X20 Y20
G1 F1500 X109.563 Y84.814 E1647.23064
M204 S5000
M205 X30 Y30
G0 F7200 X108.928 Y84.886
M204 S3000
M205 X20 Y20
G1 F1500 X143.45 Y119.409 E1649.26043
M204 S5000
M205 X30 Y30
G0 F7200 X143.45 Y120.116
M204 S3000
M205 X20 Y20
G1 F1500 X108.294 Y84.959 E1651.3275
M204 S5000
M205 X30 Y30
G0 F7200 X108.195 Y85.568
M204 S3000
M205 X20 Y20
G1 F1500 X107.659 Y85.031 E1651.35904
M204 S5000
M205 X30 Y30
G0 F7200 X108.311 Y85.683
M204 S3000
M205 X20 Y20
G1 F1500 X143.45 Y120.823 E1653.42511
M204 S5000
M205 X30 Y30
G0 F7200 X143.45 Y121.53
M204 S3000
M205 X20 Y20
G1 F1500 X109.019 Y87.099 E1655.44952
M204 S5000
M205 X30 Y30
G0 F7200 X109.079 Y87.866
M204 S3000
M205 X20 Y20
G1 F1500 X143.45 Y122.237 E1657.4704
M204 S5000
M205 X30 Y30
G0 F7200 X143.45 Y122.944
M204 S3000
M205 X20 Y20
G1 F1500 X109.001 Y88.495 E1659.49587
M204 S5000
M205 X30 Y30
G0 F7200 X108.843 Y89.044
M204 S3000
M205 X20 Y20
G1 F1500 X143.092 Y123.293 E1661.50958
M204 S5000
M205 X30 Y30
G0 F7200 X142.385 Y123.293
M204 S3000
M205 X20 Y20
G1 F1500 X108.579 Y89.487 E1663.49725
M204 S5000
M205 X30 Y30
G0 F7200 X108.279 Y89.895
M204 S3000
M205 X20 Y20
G1 F1500 X141.678 Y123.293 E1665.46095
M204 S5000
M205 X30 Y30
G0 F7200 X140.97 Y123.293
M204 S3000
M205 X20 Y20
G1 F1500 X115.19 Y97.512 E1666.97674
M204 S5000
M205 X30 Y30
G0 F7200 X115.348 Y98.377
M204 S3000
M205 X20 Y20
G1 F1500 X140.263 Y123.293 E1668.44168
M204 S5000
M205 X30 Y30
G0 F7200 X139.556 Y123.292
M204 S3000
M205 X20 Y20
G1 F1500 X136.484 Y120.22 E1668.6223
G1 X136.396 Y120.132
M204 S5000
M205 X30 Y30
G0 F7200 X136.859 Y121.303
M204 S3000
M205 X20 Y20
G1 F1500 X138.848 Y123.292 E1668.73925
M204 S5000
M205 X30 Y30
G0 F7200 X138.141 Y123.292
M204 S3000
M205 X20 Y20
G1 F1500 X136.871 Y122.021 E1668.81395
M204 S5000
M205 X30 Y30
G0 F7200 X136.765 Y122.623
M204 S3000
M205 X20 Y20
G1 F1500 X137.434 Y123.292 E1668.85328
M204 S5000
M205 X30 Y30
G0 F7200 X136.727 Y123.292
M204 S3000
M205 X20 Y20
G1 F1500 X136.581 Y123.146 E1668.86187
M204 S5000
M205 X30 Y30
G0 F7200 X136.308 Y121.43
G0 X135.282 Y119.019
M204 S3000
M205 X20 Y20
G1 F1500 X115.348 Y99.084 E1670.03394
M204 S5000
M205 X30 Y30
G0 F7200 X115.348 Y99.791
M204 S3000
M205 X20 Y20
G1 F1500 X134.169 Y118.613 E1671.14057
M204 S5000
M205 X30 Y30
G0 F7200 X133.457 Y118.607
M204 S3000
M205 X20 Y20
G1 F1500 X115.348 Y100.498 E1672.20531
M204 S5000
M205 X30 Y30
G0 F7200 X115.348 Y101.206
M204 S3000
M205 X20 Y20
G1 F1500 X132.872 Y118.73 E1673.23565
M204 S5000
M205 X30 Y30
G0 F7200 X132.349 Y118.914
M204 S3000
M205 X20 Y20
G1 F1500 X115.348 Y101.913 E1674.23525
M204 S5000
M205 X30 Y30
G0 F7200 X115.348 Y102.62
M204 S3000
M205 X20 Y20
G1 F1500 X131.902 Y119.174 E1675.20856
M204 S5000
M205 X30 Y30
G0 F7200 X131.526 Y119.505
M204 S3000
M205 X20 Y20
G1 F1500 X115.348 Y103.328 E1676.15973
M204 S5000
M205 X30 Y30
G0 F7200 X115.348 Y104.035
M204 S3000
M205 X20 Y20
G1 F1500 X131.185 Y119.872 E1677.09089
M204 S5000
M205 X30 Y30
G0 F7200 X130.92 Y120.313
M204 S3000
M205 X20 Y20
G1 F1500 X115.349 Y104.743 E1678.00638
M204 S5000
M205 X30 Y30
G0 F7200 X115.349 Y105.45
M204 S3000
M205 X20 Y20
G1 F1500 X130.716 Y120.816 E1678.90987
M204 S5000
M205 X30 Y30
G0 F7200 X130.594 Y121.402
M204 S3000
M205 X20 Y20
G1 F1500 X115.349 Y106.157 E1679.80621
M204 S5000
M205 X30 Y30
G0 F7200 X115.349 Y106.864
M204 S3000
M205 X20 Y20
G1 F1500 X130.584 Y122.098 E1680.70194
M204 S5000
M205 X30 Y30
G0 F7200 X130.832 Y123.054
M204 S3000
M205 X20 Y20
G1 F1500 X116.157 Y108.378 E1681.56481
G1 X116.069 Y108.29
M204 S5000
M205 X30 Y30
G0 F7200 X117.425 Y110.354
M204 S3000
M205 X20 Y20
G1 F1500 X130.363 Y123.292 E1682.32551
M204 S5000
M205 X30 Y30
G0 F7200 X129.656 Y123.292
M204 S3000
M205 X20 Y20
G1 F1500 X118.694 Y112.33 E1682.97004
G1 X118.606 Y112.242
M204 S5000
M205 X30 Y30
G0 F7200 X119.962 Y114.305
M204 S3000
M205 X20 Y20
G1 F1500 X128.949 Y123.292 E1683.49844
M204 S5000
M205 X30 Y30
G0 F7200 X128.241 Y123.291
M204 S3000
M205 X20 Y20
G1 F1500 X121.231 Y116.281 E1683.9106
G1 X121.143 Y116.193
M204 S5000
M205 X30 Y30
G0 F7200 X122.499 Y118.257
M204 S3000
M205 X20 Y20
G1 F1500 X127.534 Y123.291 E1684.20661
M204 S5000
M205 X30 Y30
G0 F7200 X126.827 Y123.291
M204 S3000
M205 X20 Y20
G1 F1500 X123.768 Y120.232 E1684.38647
G1 X123.68 Y120.144
M204 S5000
M205 X30 Y30
G0 F7200 X125.036 Y122.208
M204 S3000
M205 X20 Y20
G1 F1500 X126.12 Y123.291 E1684.45017
G1 X126.208 Y123.379
M204 S5000
M205 X30 Y30
G0 F7200 X143.45 Y100.317
M204 S3000
M205 X20 Y20
G1 F1500 X139.964 Y96.83 E1684.65516
G1 X139.876 Y96.742
M204 S5000
M205 X30 Y30
G0 F7200 X141.269 Y97.428
M204 S3000
M205 X20 Y20
G1 F1500 X143.45 Y99.61 E1684.78343
M204 S5000
M205 X30 Y30
G0 F7200 X143.45 Y98.903
M204 S3000
M205 X20 Y20
G1 F1500 X142.036 Y97.488 E1684.86659
M204 S5000
M205 X30 Y30
G0 F7200 X142.647 Y97.392
M204 S3000
M205 X20 Y20
G1 F1500 X143.45 Y98.195 E1684.91381
M204 S5000
M205 X30 Y30
G0 F7200 X143.45 Y97.488
M204 S3000
M205 X20 Y20
G1 F1500 X143.172 Y97.21 E1684.93015
M204 S5000
M205 X30 Y30
G0 F7200 X141.505 Y96.884
G0 X140.36 Y96.392
G0 X129.332 Y86.199
M204 S3000
M205 X20 Y20
G1 F1500 X126.062 Y82.929 E1685.12242
M204 S5000
M205 X30 Y30
G0 F7200 X125.428 Y83.001
M204 S3000
M205 X20 Y20
G1 F1500 X128.484 Y86.057 E1685.3021
M204 S5000
M205 X30 Y30
G0 F7200 X127.818 Y86.099
M204 S3000
M205 X20 Y20
G1 F1500 X124.793 Y83.074 E1685.47996
M204 S5000
M205 X30 Y30
G0 F7200 X124.158 Y83.146
M204 S3000
M205 X20 Y20
G1 F1500 X127.288 Y86.276 E1685.66399
M204 S5000
M205 X30 Y30
G0 F7200 X126.797 Y86.492
M204 S3000
M205 X20 Y20
G1 F1500 X123.524 Y83.219 E1685.85643
M204 S5000
M205 X30 Y30
G0 F7200 X122.889 Y83.291
M204 S3000
M205 X20 Y20
G1 F1500 X126.393 Y86.795 E1686.06245
M204 S5000
M205 X30 Y30
G0 F7200 X126.021 Y87.131
M204 S3000
M205 X20 Y20
G1 F1500 X122.255 Y83.364 E1686.28391
M204 S5000
M205 X30 Y30
G0 F7200 X121.62 Y83.436
M204 S3000
M205 X20 Y20
G1 F1500 X125.724 Y87.54 E1686.52521
M204 S5000
M205 X30 Y30
G0 F7200 X125.476 Y87.999
M204 S3000
M205 X20 Y20
G1 F1500 X120.985 Y83.509 E1686.78923
M204 S5000
M205 X30 Y30
G0 F7200 X120.351 Y83.582
M204 S3000
M205 X20 Y20
G1 F1500 X125.295 Y88.526 E1687.07992
M204 S5000
M205 X30 Y30
G0 F7200 X125.193 Y89.13
M204 S3000
M205 X20 Y20
G1 F1500 X119.716 Y83.654 E1687.40191
M204 S5000
M205 X30 Y30
G0 F7200 X119.082 Y83.727
M204 S3000
M205 X20 Y20
G1 F1500 X125.259 Y89.904 E1687.7651
G1 X125.347 Y89.992
M204 S5000
M205 X30 Y30
G0 F7200 X114.502 Y96.824
M204 S3000
M205 X20 Y20
G1 F1500 X107.902 Y90.224 E1688.15315
M204 S5000
M205 X30 Y30
G0 F7200 X107.497 Y90.526
M204 S3000
M205 X20 Y20
G1 F1500 X113.66 Y96.689 E1688.51551
M204 S5000
M205 X30 Y30
G0 F7200 X112.952 Y96.689
M204 S3000
M205 X20 Y20
G1 F1500 X107.009 Y90.745 E1688.86497
M204 S5000
M205 X30 Y30
G0 F7200 X106.447 Y90.89
M204 S3000
M205 X20 Y20
G1 F1500 X112.244 Y96.688 E1689.20584
M204 S5000
M205 X30 Y30
G0 F7200 X111.536 Y96.687
M204 S3000
M205 X20 Y20
G1 F1500 X105.783 Y90.934 E1689.54409
M204 S5000
M205 X30 Y30
G0 F7200 X104.88 Y90.738
M204 S3000
M205 X20 Y20
G1 F1500 X110.829 Y96.686 E1689.89384
M204 S5000
M205 X30 Y30
G0 F7200 X110.121 Y96.686
M204 S3000
M205 X20 Y20
G1 F1500 X106.014 Y92.579 E1690.13532
G1 X105.926 Y92.491
M204 S5000
M205 X30 Y30
G0 F7200 X107.282 Y94.555
M204 S3000
M205 X20 Y20
G1 F1500 X109.413 Y96.685 E1690.26058
M204 S5000
M205 X30 Y30
G0 F7200 X108.705 Y96.684
M204 S3000
M205 X20 Y20
G1 F1500 X108.551 Y96.53 E1690.26964
M204 S5000
M205 X30 Y30
G1 F1500 E1683.76964
;MESH:NONMESH
G0 F600 X108.551 Y96.53 Z1.7
G0 F7200 X102.961 Y89.685
G0 X102.007 Y90.298
G0 X93.61 Y102.505
G0 X93 Y103.457
G0 X82.789 Y103.461
G0 X81.559 Y102.87
G0 X80.419 Y101.322
G1 F1500 E1690.26964
G0 F7200 X80.532 Y101.308
;TIME_ELAPSED:1543.886774
;LAYER:7
M204 S3000
M205 X20 Y20
;TYPE:WALL-INNER
;MESH:Exterior Hip L.stl
G1 F3092.3 X80.64 Y100.612 E1690.30771
G1 F3121.1 X80.882 Y100.033 E1690.34131
G1 F3126 X81.259 Y99.519 E1690.37539
G1 F3121.1 X81.757 Y99.131 E1690.4092
G1 F3097.1 X82.323 Y98.874 E1690.44274
G1 F3092.3 X82.989 Y98.75 E1690.47936
G1 F3078.1 X83.434 Y98.791 E1690.50362
G1 X83.87 Y98.889 E1690.52789
G1 F3101.9 X84.501 Y99.193 E1690.56562
G1 F3040.8 X84.856 Y99.468 E1690.59031
G1 F3145.5 X84.922 Y99.599 E1690.5981
G1 F3647.9 X85.244 Y100.143 E1690.62706
G1 F4020 X85.417 Y100.562 E1690.64591
G1 X85.472 Y100.8 E1690.65606
G1 X85.514 Y101.45 E1690.68314
G1 X85.49 Y101.694 E1690.69334
G1 X85.373 Y102.129 E1690.71207
G1 X85.035 Y102.775 E1690.74238
G1 X84.563 Y103.235 E1690.76978
G1 X84.02 Y103.554 E1690.79596
G1 X83.405 Y103.715 E1690.82239
G1 X82.853 Y103.722 E1690.84534
G1 X82.22 Y103.58 E1690.87231
G1 X81.994 Y103.478 E1690.88262
G1 X81.467 Y103.123 E1690.90904
G1 X81.094 Y102.743 E1690.93118
G1 X80.759 Y102.066 E1690.96258
G1 F3538.7 X80.561 Y101.391 E1690.99581
G1 F3116.3 X80.532 Y101.308 E1691.00052
M204 S5000
M205 X30 Y30
G0 F7200 X80.419 Y101.322
G0 X80.969 Y102.806
G0 X92.498 Y110.112
G0 X92.903 Y109.817
M204 S3000
M205 X20 Y20
G1 F4020 X92.701 Y109.562 E1691.01405
G1 X92.627 Y109.288 E1691.02585
G1 X92.626 Y103.554 E1691.26424
G1 X85.85 Y99.205 E1691.59898
G1 F3424.2 X85.267 Y98.935 E1691.63034
G1 F3009 X84.643 Y98.527 E1691.67175
G1 F3064 X84.124 Y98.292 E1691.70283
G1 F3073.4 X83.522 Y98.137 E1691.73663
G1 F3054.7 X82.787 Y98.118 E1691.77686
G1 F3059.4 X82.058 Y98.272 E1691.81757
G1 F3087.6 X81.494 Y98.533 E1691.85121
G1 F3097.1 X81.091 Y98.812 E1691.87766
G1 F3092.3 X80.728 Y99.152 E1691.90454
G1 F3097.1 X80.424 Y99.544 E1691.93131
G1 F3087.6 X80.187 Y99.976 E1691.95798
G1 F3097.1 X80.018 Y100.437 E1691.98448
G1 F3092.3 X79.918 Y100.971 E1692.01384
G1 F3050.1 X79.882 Y101.315 E1692.03279
G1 F3453.6 X79.742 Y101.839 E1692.05904
G1 F4020 X75.984 Y134.715 E1693.43477
G1 F3483.5 X75.985 Y135.381 E1693.46672
G1 F3130.8 X75.915 Y135.89 E1693.49415
G1 F3210.9 X75.892 Y136.411 E1693.52129
G1 F3205.7 X75.966 Y137.018 E1693.55317
G1 F3180.4 X76.174 Y137.586 E1693.58496
G1 F3185.4 X76.465 Y138.124 E1693.61705
G1 X76.95 Y138.668 E1693.65529
G1 F3190.5 X77.449 Y139.02 E1693.68728
G1 F3200.6 X77.993 Y139.29 E1693.719
G1 F3190.5 X78.747 Y139.47 E1693.7596
G1 F3165.4 X79.495 Y139.465 E1693.7991
G1 F3532.5 X80.036 Y139.534 E1693.8249
G1 F4020 X88.538 Y139.533 E1694.17837
G1 X88.096 Y139.296 E1694.19923
G1 X87.614 Y138.827 E1694.22719
G1 X87.449 Y138.592 E1694.23912
G1 X87.182 Y137.987 E1694.26662
G1 X87.121 Y137.756 E1694.27655
G1 X87.08 Y137.13 E1694.30263
G1 X87.177 Y136.536 E1694.32765
G1 X87.587 Y135.749 E1694.36455
G1 X88.067 Y135.28 E1694.39245
G1 X88.647 Y134.954 E1694.42011
G1 X89.259 Y134.802 E1694.44633
G1 X89.901 Y134.8 E1694.47302
G1 X90.482 Y134.952 E1694.49799
G1 X91.075 Y135.271 E1694.52598
G1 X91.535 Y135.719 E1694.55268
G1 X91.885 Y136.294 E1694.58066
G1 X92.06 Y137.05 E1694.61293
G1 X92.075 Y137.291 E1694.62297
G1 X92.03 Y137.756 E1694.64239
G1 X91.969 Y137.987 E1694.65232
G1 X91.702 Y138.592 E1694.67981
G1 X91.537 Y138.827 E1694.69175
G1 X91.061 Y139.289 E1694.71933
G1 X90.641 Y139.533 E1694.73953
G1 X119.325 Y139.534 E1695.93207
G1 X119.325 Y130.049 E1696.32641
G1 X119.026 Y130.592 E1696.35218
G1 X118.483 Y131.093 E1696.3829
G1 X117.921 Y131.387 E1696.40927
G1 X117.493 Y131.502 E1696.42769
G1 X116.76 Y131.531 E1696.45819
G1 X116.136 Y131.355 E1696.48514
G1 X115.605 Y131.058 E1696.51044
G1 X115.121 Y130.584 E1696.5386
G1 X114.79 Y129.995 E1696.56669
G1 X114.608 Y129.105 E1696.60446
G1 X114.787 Y128.182 E1696.64355
G1 X115.128 Y127.581 E1696.67228
G1 X115.817 Y126.97 E1696.71056
G1 X116.425 Y126.723 E1696.73785
G1 X116.977 Y126.643 E1696.76104
G1 X117.617 Y126.701 E1696.78776
G1 X118.223 Y126.926 E1696.81463
G1 X118.426 Y127.052 E1696.82456
G1 X118.916 Y127.479 E1696.85159
G1 X119.075 Y127.672 E1696.86198
G1 X119.325 Y128.129 E1696.88364
G1 X119.325 Y120.694 E1697.19275
G1 X102.642 Y109.984 E1698.01697
G1 X93.291 Y109.98 E1698.40574
G1 X93.113 Y109.937 E1698.41336
G1 X92.903 Y109.817 E1698.42341
M204 S5000
M205 X30 Y30
G0 F7200 X92.903 Y110.184
G0 X82.478 Y122.161
G0 X81.961 Y123.124
G0 X82.156 Y123.156
M204 S3000
M205 X20 Y20
G1 F4020 X82.232 Y122.927 E1698.43344
G1 X82.534 Y122.349 E1698.46056
G1 X82.675 Y122.16 E1698.47036
G1 X83.159 Y121.725 E1698.49741
G1 X83.641 Y121.462 E1698.52024
G1 X84.232 Y121.302 E1698.5457
G1 X84.892 Y121.299 E1698.57314
G1 X85.514 Y121.46 E1698.59985
G1 X86.077 Y121.774 E1698.62665
G1 X86.548 Y122.233 E1698.65399
G1 X86.896 Y122.839 E1698.68305
G1 X87.086 Y123.669 E1698.71845
G1 X87.019 Y124.365 E1698.74752
G1 X86.639 Y125.228 E1698.78672
G1 X85.968 Y125.877 E1698.82553
G1 X85.366 Y126.159 E1698.85317
G1 X84.753 Y126.286 E1698.8792
G1 X84.173 Y126.252 E1698.90335
G1 X83.95 Y126.2 E1698.91287
G1 X83.283 Y125.928 E1698.94282
G1 X83.097 Y125.795 E1698.95233
G1 X82.509 Y125.225 E1698.98637
G1 X82.182 Y124.487 E1699.01993
G1 X82.121 Y124.256 E1699.02987
G1 X82.077 Y123.804 E1699.04875
G1 X82.156 Y123.156 E1699.07589
M204 S5000
M205 X30 Y30
G0 F7200 X81.961 Y123.124
G0 X76.47 Y135.572
G0 X76.571 Y135.617
M204 S3000
M205 X20 Y20
G1 F3311.4 X77.054 Y134.799 E1699.12383
G1 F3736.1 X77.59 Y134.281 E1699.15718
G1 F4020 X77.786 Y134.144 E1699.16712
G1 X78.382 Y133.884 E1699.19415
G1 X79.012 Y133.787 E1699.22066
G1 X79.647 Y133.85 E1699.24719
G1 X80.453 Y134.175 E1699.28332
G1 X81.142 Y134.849 E1699.32339
G1 X81.519 Y135.694 E1699.36186
G1 X81.586 Y136.405 E1699.39155
G1 X81.414 Y137.155 E1699.42354
G1 X81.325 Y137.374 E1699.43337
G1 X80.97 Y137.916 E1699.4603
G1 X80.491 Y138.345 E1699.48704
G1 X80.097 Y138.565 E1699.5058
G1 F3557.5 X79.418 Y138.839 E1699.5402
G1 F3205.7 X78.758 Y138.829 E1699.57461
G1 F3226.3 X78.135 Y138.679 E1699.60781
G1 F3236.7 X77.561 Y138.352 E1699.64192
G1 X77.026 Y137.845 E1699.67998
G1 F3221.2 X76.655 Y137.138 E1699.7214
G1 F3226.3 X76.523 Y136.466 E1699.75688
G1 F3231.5 X76.513 Y136.383 E1699.76121
G1 F3190.5 X76.571 Y135.617 E1699.80145
M204 S5000
M205 X30 Y30
G0 F7200 X77.122 Y135.823
M204 S3000
M205 X20 Y20
;TYPE:WALL-OUTER
G1 F2040 X77.427 Y135.134 E1699.83277
G1 X77.968 Y134.611 E1699.86406
G1 X78.416 Y134.395 E1699.88473
G1 X78.947 Y134.283 E1699.9073
G1 X79.495 Y134.326 E1699.93015
G1 X80.174 Y134.602 E1699.96062
G1 X80.725 Y135.136 E1699.99252
G1 X81.027 Y135.828 E1700.02391
G1 X81.077 Y136.38 E1700.04696
G1 X80.917 Y137.083 E1700.07693
G1 X80.661 Y137.507 E1700.09752
G1 X80.3 Y137.869 E1700.11878
G1 X79.853 Y138.128 E1700.14026
G1 X79.343 Y138.269 E1700.16226
G1 X78.823 Y138.271 E1700.18388
G1 X78.308 Y138.134 E1700.20603
G1 X77.903 Y137.908 E1700.22531
G1 X77.494 Y137.52 E1700.24875
G1 X77.161 Y136.88 E1700.27875
G1 X77.077 Y136.378 E1700.29991
G1 X77.122 Y135.823 E1700.32306
M204 S5000
M205 X30 Y30
G0 F7200 X77.203 Y135.64
G0 X76.564 Y135.358
G0 X77.598 Y134.08
G0 X78.905 Y133.642
G0 X80.353 Y133.983
G0 X86.999 Y138.066
G0 X87.639 Y137.785
M204 S3000
M205 X20 Y20
G1 F2040 X87.575 Y137.256 E1700.34521
G1 X87.577 Y137.191 E1700.34791
G1 X87.661 Y136.69 E1700.36903
G1 X88 Y136.045 E1700.39933
G1 X88.383 Y135.674 E1700.4215
G1 X88.824 Y135.428 E1700.44249
G1 X89.321 Y135.298 E1700.46385
G1 X89.844 Y135.3 E1700.48559
G1 X90.315 Y135.424 E1700.50584
G1 X90.773 Y135.677 E1700.5276
G1 X91.14 Y136.033 E1700.54885
G1 X91.417 Y136.485 E1700.57089
G1 X91.582 Y137.204 E1700.60156
G1 X91.512 Y137.785 E1700.62589
G1 X91.225 Y138.433 E1700.65536
G1 X90.682 Y138.959 E1700.68679
G1 F2015.8 X90.175 Y139.2 E1700.71041
G1 F1783.2 X89.74 Y139.344 E1700.7322
G1 F1700 X89.229 Y139.325 E1700.75771
G1 F1847.8 X88.473 Y138.964 E1700.79616
G1 F1939.2 X87.926 Y138.433 E1700.82951
G1 F2007.9 X87.639 Y137.785 E1700.85944
M204 S5000
M205 X30 Y30
G0 F7200 X87.615 Y137.587
G0 X86.911 Y137.654
G0 X81.999 Y124.566
G0 X82.639 Y124.285
M204 S3000
M205 X20 Y20
G1 F2040 X82.575 Y123.756 E1700.8816
G1 X82.656 Y123.196 E1700.90512
G1 X82.996 Y122.544 E1700.93569
G1 X83.403 Y122.161 E1700.95893
G1 X83.826 Y121.927 E1700.97903
G1 X84.321 Y121.798 E1701.00029
G1 X84.82 Y121.797 E1701.02104
G1 X85.324 Y121.927 E1701.04268
G1 X85.775 Y122.179 E1701.06416
G1 X86.142 Y122.535 E1701.08542
G1 X86.417 Y122.985 E1701.10734
G1 X86.581 Y123.701 E1701.13788
G1 X86.527 Y124.251 E1701.16086
G1 X86.223 Y124.934 E1701.19194
G1 X85.678 Y125.458 E1701.22337
G1 X85.174 Y125.694 E1701.24651
G1 X84.713 Y125.782 E1701.26602
G1 X84.175 Y125.748 E1701.28843
G1 X83.474 Y125.465 E1701.31986
G1 X82.931 Y124.933 E1701.35147
G1 X82.639 Y124.285 E1701.38102
M204 S5000
M205 X30 Y30
G0 F7200 X82.615 Y124.087
G0 X81.911 Y124.154
G0 X82.043 Y122.994
G0 X93.243 Y110.184
G0 X93.243 Y109.447
M204 S3000
M205 X20 Y20
G1 F2040 X93.163 Y109.366 E1701.38575
G1 X93.126 Y109.252 E1701.39073
G1 X93.126 Y103.281 E1701.63898
G1 X84.919 Y98.013 E1702.04443
G1 X84.315 Y97.747 E1702.07187
G1 X83.605 Y97.56 E1702.10239
G1 X82.734 Y97.537 E1702.13862
G1 X81.872 Y97.72 E1702.17525
G1 X81.208 Y98.034 E1702.20579
G1 X80.729 Y98.362 E1702.22993
G1 X80.301 Y98.764 E1702.25434
G1 X79.943 Y99.227 E1702.27867
G1 X79.661 Y99.737 E1702.3029
G1 X79.463 Y100.283 E1702.32705
G1 X79.349 Y100.87 E1702.35191
G1 X75.351 Y135.847 E1703.81555
G1 X75.329 Y136.433 E1703.83993
G1 X75.412 Y137.149 E1703.8699
G1 X75.656 Y137.819 E1703.89954
G1 X76 Y138.451 E1703.92946
G1 X76.571 Y139.094 E1703.96521
G1 X77.16 Y139.507 E1703.99512
G1 X77.802 Y139.824 E1704.02489
G1 X78.511 Y139.991 E1704.05517
G1 X78.881 Y140.034 E1704.07066
G1 X88.322 Y140.033 E1704.46317
G1 F1888.9 X88.983 Y139.994 E1704.4929
G1 F1672.1 X89.191 Y139.963 E1704.50357
G1 F1606.3 X89.806 Y139.969 E1704.53604
G1 F1783.2 X90.254 Y140.028 E1704.55753
G1 F1992.2 X90.857 Y140.028 E1704.5832
G1 X91.46 Y140.028 E1704.60887
G1 X92.063 Y140.028 E1704.63455
G1 X92.666 Y140.028 E1704.66022
G1 F1996.1 X93.269 Y140.028 E1704.68584
G1 X93.872 Y140.028 E1704.71146
G1 X94.475 Y140.028 E1704.73708
G1 X95.078 Y140.028 E1704.7627
G1 F2000 X95.681 Y140.029 E1704.78827
G1 X96.284 Y140.029 E1704.81385
G1 X96.887 Y140.029 E1704.83942
G1 F2003.9 X97.49 Y140.029 E1704.86494
G1 X98.093 Y140.029 E1704.89046
G1 X98.696 Y140.029 E1704.91598
G1 X99.299 Y140.029 E1704.9415
G1 F2007.9 X99.902 Y140.029 E1704.96697
G1 X100.505 Y140.03 E1704.99244
G1 X101.108 Y140.03 E1705.01791
G1 X101.711 Y140.03 E1705.04338
G1 F2011.8 X102.314 Y140.03 E1705.06881
G1 X102.917 Y140.03 E1705.09423
G1 X103.52 Y140.03 E1705.11965
G1 X104.123 Y140.03 E1705.14507
G1 F2015.8 X104.726 Y140.03 E1705.17044
G1 X105.329 Y140.031 E1705.19581
G1 X105.932 Y140.031 E1705.22118
G1 F2019.8 X106.535 Y140.031 E1705.2465
G1 X107.138 Y140.031 E1705.27182
G1 X107.741 Y140.031 E1705.29714
G1 X108.344 Y140.031 E1705.32246
G1 F2023.8 X108.947 Y140.031 E1705.34773
G1 X109.55 Y140.031 E1705.373
G1 X110.153 Y140.032 E1705.39827
G1 X110.756 Y140.032 E1705.42354
G1 F2027.8 X111.359 Y140.032 E1705.44876
G1 X111.962 Y140.032 E1705.47398
G1 X112.565 Y140.032 E1705.4992
G1 X113.168 Y140.032 E1705.52442
G1 F2031.9 X113.771 Y140.032 E1705.54959
G1 X114.374 Y140.032 E1705.57476
G1 X114.977 Y140.033 E1705.59993
G1 F2035.9 X115.58 Y140.033 E1705.62505
G1 X116.183 Y140.033 E1705.65017
G1 X116.786 Y140.033 E1705.67529
G1 X117.389 Y140.033 E1705.70041
G1 F2040 X117.992 Y140.033 E1705.72548
G1 X118.595 Y140.033 E1705.75055
G1 X119.198 Y140.033 E1705.77562
G1 X119.801 Y140.033 E1705.80069
G1 X119.825 Y129.927 E1706.22085
G1 F1758.6 X119.745 Y129.425 E1706.24537
G1 F1550.2 X119.747 Y128.867 E1706.2759
G1 F1540.8 X119.741 Y128.693 E1706.28548
G1 F1734.7 X119.825 Y128.201 E1706.30989
G1 F2011.8 X119.825 Y127.228 E1706.35091
G1 F2015.8 X119.825 Y126.255 E1706.39184
G1 F2019.8 X119.825 Y125.282 E1706.4327
G1 F2023.8 X119.825 Y124.309 E1706.47348
G1 F2027.8 X119.825 Y123.336 E1706.51417
G1 F2031.9 X119.825 Y122.363 E1706.55479
G1 F2035.9 X119.825 Y121.39 E1706.59532
G1 F2040 X119.825 Y120.417 E1706.63577
G1 X102.789 Y109.484 E1707.47735
G1 X93.347 Y109.483 E1707.86991
G1 X93.243 Y109.447 E1707.87448
M204 S5000
M205 X30 Y30
G0 F7200 X93.163 Y109.366
G0 X93.136 Y109.283
G0 X92.427 Y109.282
G0 X82.043 Y103.676
G0 X80.969 Y102.806
G0 X80.494 Y101.42
G0 X81.196 Y100.755
M204 S3000
M205 X20 Y20
G1 F2040 X81.382 Y100.309 E1707.89457
G1 X81.718 Y99.881 E1707.9172
G1 X82.114 Y99.583 E1707.9378
G1 X82.579 Y99.396 E1707.95864
G1 X83.108 Y99.333 E1707.98079
G1 X83.589 Y99.398 E1708.00097
G1 X84.235 Y99.713 E1708.03085
G1 X84.456 Y99.903 E1708.04296
G1 X84.749 Y100.278 E1708.06275
G1 X84.97 Y100.788 E1708.08586
G1 X85.015 Y101.482 E1708.11477
G1 X84.89 Y101.999 E1708.13688
G1 X84.645 Y102.443 E1708.15797
G1 X84.261 Y102.837 E1708.18084
G1 X83.807 Y103.094 E1708.20253
G1 X83.334 Y103.22 E1708.22288
G1 X82.788 Y103.214 E1708.24558
G1 X82.274 Y103.063 E1708.26786
G1 X81.747 Y102.708 E1708.29427
G1 X81.506 Y102.448 E1708.30901
G1 X81.207 Y101.844 E1708.33703
G1 X81.125 Y101.317 E1708.35921
G1 X81.125 Y101.251 E1708.36195
G1 X81.196 Y100.755 E1708.38278
M204 S5000
M205 X30 Y30
G0 F7200 X81.273 Y100.571
G0 X80.628 Y100.303
G0 X80.571 Y101.995
G0 X81.151 Y103.013
G0 X114.438 Y129.275
G0 X115.125 Y129.139
M204 S3000
M205 X20 Y20
G1 F2040 X115.121 Y129.068 E1708.38574
G1 X115.263 Y128.352 E1708.41609
G1 X115.541 Y127.878 E1708.43893
G1 X116.083 Y127.406 E1708.46881
G1 X116.563 Y127.204 E1708.49046
G1 X117.042 Y127.139 E1708.51056
G1 X117.552 Y127.197 E1708.5319
G1 X118.066 Y127.401 E1708.55489
G1 X118.621 Y127.885 E1708.58551
G1 F2007.9 X118.896 Y128.369 E1708.60902
G1 F1728.8 X119.091 Y128.794 E1708.63196
G1 F1540.8 X119.089 Y129.368 E1708.66356
G1 F1758.6 X118.865 Y129.864 E1708.6898
G1 F2040 X118.645 Y130.248 E1708.7082
G1 X118.263 Y130.643 E1708.73105
G1 X117.791 Y130.904 E1708.75347
G1 X117.363 Y131.019 E1708.7719
G1 X116.82 Y131.028 E1708.79448
G1 X116.359 Y130.904 E1708.81432
G1 X115.886 Y130.642 E1708.8368
G1 X115.523 Y130.274 E1708.8583
G1 X115.26 Y129.808 E1708.88054
G1 X115.125 Y129.139 E1708.90892
M204 S5000
M205 X30 Y30
G0 F7200 X115.121 Y129.068
G0 X115.146 Y128.942
G0 X114.459 Y128.804
G0 X92.498 Y110.112
G0 X92.273 Y109.772
M204 S3000
M205 X20 Y20
;TYPE:SKIN
G1 F1500 X92.153 Y109.327 E1708.92808
G1 X92.151 Y103.814 E1709.15728
G1 X85.621 Y99.622 E1709.47989
G1 X85.486 Y99.58 E1709.48577
G1 X85.871 Y100.418 E1709.52411
G1 X85.947 Y100.766 E1709.53892
G1 X85.989 Y101.413 E1709.56588
G1 X85.946 Y101.836 E1709.58356
G1 X85.725 Y102.524 E1709.6136
G1 X85.315 Y103.167 E1709.6453
G1 X84.818 Y103.645 E1709.67397
G1 X84.163 Y104.009 E1709.70513
G1 X83.473 Y104.188 E1709.73476
G1 X82.83 Y104.197 E1709.7615
G1 X82.113 Y104.044 E1709.79198
G1 X81.727 Y103.871 E1709.80957
G1 X81.037 Y103.406 E1709.84416
G1 X80.614 Y102.848 E1709.87327
G1 X80.319 Y102.242 E1709.90129
G1 X80.215 Y101.923 E1709.91524
G1 X76.459 Y134.746 E1711.28877
G1 X76.47 Y134.836 E1711.29254
G1 X76.756 Y134.431 E1711.31315
G1 X77.287 Y133.914 E1711.34396
G1 X77.588 Y133.709 E1711.3591
G1 X78.268 Y133.42 E1711.38982
G1 X79.023 Y133.309 E1711.42155
G1 X79.793 Y133.398 E1711.45377
G1 X80.491 Y133.674 E1711.48498
G1 X80.816 Y133.864 E1711.50063
G1 X81.461 Y134.499 E1711.53826
G1 X81.589 Y134.688 E1711.54775
G1 X81.98 Y135.554 E1711.58726
G1 X82.066 Y136.43 E1711.62385
G1 X81.88 Y137.256 E1711.65905
G1 X81.727 Y137.63 E1711.67585
G1 X81.309 Y138.251 E1711.70697
G1 X80.743 Y138.75 E1711.73834
G1 X80.125 Y139.058 E1711.76705
G1 X87.201 Y139.058 E1712.06124
G1 X87.034 Y138.821 E1712.07329
G1 X86.747 Y138.18 E1712.10249
G1 X86.655 Y137.845 E1712.11693
G1 X86.605 Y137.091 E1712.14835
G1 X86.721 Y136.382 E1712.17822
G1 X87.214 Y135.444 E1712.22228
G1 X87.774 Y134.906 E1712.25456
G1 X88.468 Y134.506 E1712.28786
G1 X89.196 Y134.331 E1712.31899
G1 X89.933 Y134.322 E1712.34964
G1 X90.662 Y134.505 E1712.38088
G1 X91.349 Y134.879 E1712.4134
G1 X91.928 Y135.44 E1712.44692
G1 X92.339 Y136.154 E1712.48117
G1 X92.522 Y136.936 E1712.51456
G1 X92.549 Y137.294 E1712.52949
G1 X92.496 Y137.845 E1712.5525
G1 X92.404 Y138.18 E1712.56695
G1 X92.117 Y138.821 E1712.59615
G1 X91.95 Y139.058 E1712.6082
G1 X118.85 Y139.059 E1713.72657
G1 X118.85 Y131.396 E1714.04516
G1 X118.288 Y131.747 E1714.07271
G1 X117.589 Y131.966 E1714.10316
G1 X117.281 Y132.002 E1714.11606
G1 X116.546 Y131.966 E1714.14665
G1 X115.831 Y131.738 E1714.17785
G1 X115.254 Y131.39 E1714.20587
G1 X114.755 Y130.873 E1714.23574
G1 X114.346 Y130.196 E1714.26862
G1 X114.147 Y129.22 E1714.31004
G1 X114.15 Y128.952 E1714.32118
G1 X114.339 Y127.998 E1714.36161
G1 X114.786 Y127.239 E1714.39823
G1 X115.565 Y126.563 E1714.44112
G1 X116.3 Y126.264 E1714.4741
G1 X116.941 Y126.168 E1714.50105
G1 X117.702 Y126.231 E1714.5328
G1 X118.399 Y126.483 E1714.56361
G1 X118.85 Y126.79 E1714.58629
G1 X118.85 Y120.954 E1714.82893
G1 X102.504 Y110.459 E1715.63653
G1 X93.305 Y110.458 E1716.01898
G1 X93.084 Y110.426 E1716.02827
G1 X92.66 Y110.231 E1716.04767
G1 X92.439 Y110.026 E1716.0602
G1 X92.273 Y109.772 E1716.07282
M204 S5000
M205 X30 Y30
G0 F7200 X81.684 Y123.086
M204 S3000
M205 X20 Y20
G1 F1500 X81.796 Y122.741 E1716.0879
G1 X82.131 Y122.099 E1716.118
G1 X82.357 Y121.806 E1716.13339
G1 X82.906 Y121.321 E1716.16384
G1 X83.466 Y121.02 E1716.19027
G1 X84.185 Y120.823 E1716.22127
G1 X84.974 Y120.828 E1716.25407
G1 X85.695 Y121.017 E1716.28506
G1 X86.331 Y121.371 E1716.31532
G1 X86.9 Y121.905 E1716.34777
G1 X87.333 Y122.627 E1716.38277
G1 X87.537 Y123.513 E1716.42057
G1 X87.553 Y123.742 E1716.43011
G1 X87.479 Y124.506 E1716.46202
G1 X87.098 Y125.366 E1716.50113
G1 X86.927 Y125.609 E1716.51348
G1 X86.352 Y126.167 E1716.54679
G1 X86.086 Y126.347 E1716.56015
G1 X85.462 Y126.633 E1716.58868
G1 X84.81 Y126.754 E1716.61625
G1 X83.979 Y126.718 E1716.65084
G1 X82.936 Y126.304 E1716.69749
G1 X82.109 Y125.5 E1716.74544
G1 X81.747 Y124.679 E1716.78275
G1 X81.648 Y124.303 E1716.79891
G1 X81.593 Y123.733 E1716.82272
G1 X81.594 Y123.669 E1716.82538
G1 X81.684 Y123.086 E1716.84991
M204 S5000
M205 X30 Y30
G0 F7200 X80.599 Y103.248
M204 S3000
M205 X20 Y20
G1 F1500 X80.273 Y103.574 E1716.86907
M204 S5000
M205 X30 Y30
G0 F7200 X80.924 Y103.63
M204 S3000
M205 X20 Y20
G1 F1500 X80.182 Y104.372 E1716.9127
M204 S5000
M205 X30 Y30
G0 F7200 X80.091 Y105.17
M204 S3000
M205 X20 Y20
G1 F1500 X81.346 Y103.914 E1716.98652
M204 S5000
M205 X30 Y30
G0 F7200 X81.794 Y104.174
M204 S3000
M205 X20 Y20
G1 F1500 X79.999 Y105.969 E1717.09206
M204 S5000
M205 X30 Y30
G0 F7200 X79.908 Y106.767
M204 S3000
M205 X20 Y20
G1 F1500 X82.33 Y104.345 E1717.23446
M204 S5000
M205 X30 Y30
G0 F7200 X82.937 Y104.445
M204 S3000
M205 X20 Y20
G1 F1500 X79.817 Y107.565 E1717.41791
M204 S5000
M205 X30 Y30
G0 F7200 X79.726 Y108.364
M204 S3000
M205 X20 Y20
G1 F1500 X83.705 Y104.385 E1717.65186
G1 X83.793 Y104.297
M204 S5000
M205 X30 Y30
G0 F7200 X84.934 Y103.863
M204 S3000
M205 X20 Y20
G1 F1500 X79.635 Y109.162 E1717.96342
M204 S5000
M205 X30 Y30
G0 F7200 X79.543 Y109.96
M204 S3000
M205 X20 Y20
G1 F1500 X88.036 Y101.467 E1718.46277
M204 S5000
M205 X30 Y30
G0 F7200 X87.606 Y101.191
M204 S3000
M205 X20 Y20
G1 F1500 X85.575 Y103.222 E1718.58219
G1 X85.487 Y103.31
M204 S5000
M205 X30 Y30
G0 F7200 X86.184 Y101.906
M204 S3000
M205 X20 Y20
G1 F1500 X87.175 Y100.914 E1718.64049
M204 S5000
M205 X30 Y30
G0 F7200 X86.745 Y100.638
M204 S3000
M205 X20 Y20
G1 F1500 X86.223 Y101.16 E1718.67118
M204 S5000
M205 X30 Y30
G0 F7200 X86.138 Y100.537
M204 S3000
M205 X20 Y20
G1 F1500 X86.314 Y100.361 E1718.68152
M204 S5000
M205 X30 Y30
G0 F7200 X88.467 Y101.744
M204 S3000
M205 X20 Y20
G1 F1500 X79.452 Y110.759 E1719.21157
M204 S5000
M205 X30 Y30
G0 F7200 X79.361 Y111.557
M204 S3000
M205 X20 Y20
G1 F1500 X88.898 Y102.02 E1719.77231
M204 S5000
M205 X30 Y30
G0 F7200 X89.328 Y102.297
M204 S3000
M205 X20 Y20
G1 F1500 X79.27 Y112.355 E1720.36368
M204 S5000
M205 X30 Y30
G0 F7200 X79.178 Y113.154
M204 S3000
M205 X20 Y20
G1 F1500 X89.758 Y102.574 E1720.98575
M204 S5000
M205 X30 Y30
G0 F7200 X90.189 Y102.85
M204 S3000
M205 X20 Y20
G1 F1500 X79.087 Y113.952 E1721.6385
M204 S5000
M205 X30 Y30
G0 F7200 X78.996 Y114.75
M204 S3000
M205 X20 Y20
G1 F1500 X90.619 Y103.127 E1722.32189
M204 S5000
M205 X30 Y30
G0 F7200 X91.05 Y103.403
M204 S3000
M205 X20 Y20
G1 F1500 X78.905 Y115.549 E1723.036
M204 S5000
M205 X30 Y30
G0 F7200 X78.814 Y116.347
M204 S3000
M205 X20 Y20
G1 F1500 X91.481 Y103.68 E1723.78077
M204 S5000
M205 X30 Y30
G0 F7200 X91.901 Y103.967
M204 S3000
M205 X20 Y20
G1 F1500 X78.722 Y117.145 E1724.55561
M204 S5000
M205 X30 Y30
G0 F7200 X78.631 Y117.943
M204 S3000
M205 X20 Y20
G1 F1500 X91.901 Y104.674 E1725.33581
M204 S5000
M205 X30 Y30
G0 F7200 X91.901 Y105.38
M204 S3000
M205 X20 Y20
G1 F1500 X78.54 Y118.742 E1726.12142
M204 S5000
M205 X30 Y30
G0 F7200 X78.449 Y119.54
M204 S3000
M205 X20 Y20
G1 F1500 X91.901 Y106.087 E1726.91237
M204 S5000
M205 X30 Y30
G0 F7200 X91.902 Y106.794
M204 S3000
M205 X20 Y20
G1 F1500 X78.358 Y120.338 E1727.70871
M204 S5000
M205 X30 Y30
G0 F7200 X78.266 Y121.137
M204 S3000
M205 X20 Y20
G1 F1500 X91.902 Y107.501 E1728.51045
M204 S5000
M205 X30 Y30
G0 F7200 X91.903 Y108.207
M204 S3000
M205 X20 Y20
G1 F1500 X78.175 Y121.935 E1729.3176
M204 S5000
M205 X30 Y30
G0 F7200 X78.084 Y122.733
M204 S3000
M205 X20 Y20
G1 F1500 X91.903 Y108.914 E1730.13011
M204 S5000
M205 X30 Y30
G0 F7200 X91.962 Y109.563
M204 S3000
M205 X20 Y20
G1 F1500 X77.993 Y123.532 E1730.95143
M204 S5000
M205 X30 Y30
G0 F7200 X77.901 Y124.33
M204 S3000
M205 X20 Y20
G1 F1500 X92.167 Y110.064 E1731.79022
M204 S5000
M205 X30 Y30
G0 F7200 X92.509 Y110.43
M204 S3000
M205 X20 Y20
G1 F1500 X77.81 Y125.128 E1732.65443
M204 S5000
M205 X30 Y30
G0 F7200 X77.719 Y125.927
M204 S3000
M205 X20 Y20
G1 F1500 X92.993 Y110.653 E1733.55249
M204 S5000
M205 X30 Y30
G0 F7200 X93.647 Y110.706
M204 S3000
M205 X20 Y20
G1 F1500 X83.64 Y120.713 E1734.14086
M204 S5000
M205 X30 Y30
G0 F7200 X84.486 Y120.574
M204 S3000
M205 X20 Y20
G1 F1500 X94.354 Y110.706 E1734.72106
M204 S5000
M205 X30 Y30
G0 F7200 X95.061 Y110.706
M204 S3000
M205 X20 Y20
G1 F1500 X85.151 Y120.616 E1735.30373
M204 S5000
M205 X30 Y30
G0 F7200 X85.716 Y120.758
M204 S3000
M205 X20 Y20
G1 F1500 X95.768 Y110.706 E1735.89475
M204 S5000
M205 X30 Y30
G0 F7200 X96.475 Y110.706
M204 S3000
M205 X20 Y20
G1 F1500 X86.181 Y121 E1736.5
M204 S5000
M205 X30 Y30
G0 F7200 X86.605 Y121.283
M204 S3000
M205 X20 Y20
G1 F1500 X97.182 Y110.706 E1737.12188
M204 S5000
M205 X30 Y30
G0 F7200 X97.889 Y110.707
M204 S3000
M205 X20 Y20
G1 F1500 X86.969 Y121.627 E1737.76394
M204 S5000
M205 X30 Y30
G0 F7200 X87.271 Y122.031
M204 S3000
M205 X20 Y20
G1 F1500 X98.596 Y110.707 E1738.42978
M204 S5000
M205 X30 Y30
G0 F7200 X99.303 Y110.707
M204 S3000
M205 X20 Y20
G1 F1500 X87.535 Y122.475 E1739.12169
M204 S5000
M205 X30 Y30
G0 F7200 X87.683 Y123.034
M204 S3000
M205 X20 Y20
G1 F1500 X100.01 Y110.707 E1739.84647
M204 S5000
M205 X30 Y30
G0 F7200 X100.717 Y110.707
M204 S3000
M205 X20 Y20
G1 F1500 X87.794 Y123.63 E1740.60629
M204 S5000
M205 X30 Y30
G0 F7200 X87.741 Y124.39
M204 S3000
M205 X20 Y20
G1 F1500 X101.424 Y110.707 E1741.4108
M204 S5000
M205 X30 Y30
G0 F7200 X102.131 Y110.707
M204 S3000
M205 X20 Y20
G1 F1500 X87.24 Y125.598 E1742.28633
G1 X87.152 Y125.686
M204 S5000
M205 X30 Y30
G0 F7200 X86.406 Y126.432
M204 S3000
M205 X20 Y20
G1 F1500 X79.707 Y133.131 E1742.68021
M204 S5000
M205 X30 Y30
G0 F7200 X80.237 Y133.308
M204 S3000
M205 X20 Y20
G1 F1500 X102.678 Y110.867 E1743.99965
M204 S5000
M205 X30 Y30
G0 F7200 X103.109 Y111.143
M204 S3000
M205 X20 Y20
G1 F1500 X80.731 Y133.522 E1745.31542
M204 S5000
M205 X30 Y30
G0 F7200 X81.131 Y133.829
M204 S3000
M205 X20 Y20
G1 F1500 X103.54 Y111.42 E1746.63299
M204 S5000
M205 X30 Y30
G0 F7200 X103.97 Y111.696
M204 S3000
M205 X20 Y20
G1 F1500 X81.488 Y134.179 E1747.95487
M204 S5000
M205 X30 Y30
G0 F7200 X81.806 Y134.568
M204 S3000
M205 X20 Y20
G1 F1500 X104.401 Y111.973 E1749.28337
M204 S5000
M205 X30 Y30
G0 F7200 X104.832 Y112.249
M204 S3000
M205 X20 Y20
G1 F1500 X82.027 Y135.053 E1750.62419
M204 S5000
M205 X30 Y30
G0 F7200 X82.232 Y135.556
M204 S3000
M205 X20 Y20
G1 F1500 X105.262 Y112.526 E1751.97826
M204 S5000
M205 X30 Y30
G0 F7200 X105.693 Y112.802
M204 S3000
M205 X20 Y20
G1 F1500 X82.295 Y136.2 E1753.35398
M204 S5000
M205 X30 Y30
G0 F7200 X82.189 Y137.013
M204 S3000
M205 X20 Y20
G1 F1500 X106.123 Y113.079 E1754.76121
M204 S5000
M205 X30 Y30
G0 F7200 X106.554 Y113.355
M204 S3000
M205 X20 Y20
G1 F1500 X81.506 Y138.404 E1756.23396
G1 X81.462 Y138.447
G1 X81.103 Y138.806 E1756.25507
M204 S5000
M205 X30 Y30
G0 F7200 X81.81 Y138.806
M204 S3000
M205 X20 Y20
G1 F1500 X106.985 Y113.632 E1757.73523
M204 S5000
M205 X30 Y30
G0 F7200 X107.415 Y113.908
M204 S3000
M205 X20 Y20
G1 F1500 X82.517 Y138.806 E1759.19914
M204 S5000
M205 X30 Y30
G0 F7200 X83.225 Y138.806
M204 S3000
M205 X20 Y20
G1 F1500 X107.846 Y114.185 E1760.64676
M204 S5000
M205 X30 Y30
G0 F7200 X108.277 Y114.461
M204 S3000
M205 X20 Y20
G1 F1500 X88.496 Y134.242 E1761.80981
M204 S5000
M205 X30 Y30
G0 F7200 X89.364 Y134.08
M204 S3000
M205 X20 Y20
G1 F1500 X108.707 Y114.737 E1762.9471
M204 S5000
M205 X30 Y30
G0 F7200 X109.138 Y115.014
M204 S3000
M205 X20 Y20
G1 F1500 X90.055 Y134.097 E1764.06911
M204 S5000
M205 X30 Y30
G0 F7200 X90.621 Y134.238
M204 S3000
M205 X20 Y20
G1 F1500 X109.569 Y115.29 E1765.18318
M204 S5000
M205 X30 Y30
G0 F7200 X109.999 Y115.567
M204 S3000
M205 X20 Y20
G1 F1500 X91.106 Y134.46 E1766.29401
M204 S5000
M205 X30 Y30
G0 F7200 X91.548 Y134.725
M204 S3000
M205 X20 Y20
G1 F1500 X110.43 Y115.843 E1767.4042
M204 S5000
M205 X30 Y30
G0 F7200 X110.86 Y116.12
M204 S3000
M205 X20 Y20
G1 F1500 X91.91 Y135.07 E1768.51839
M204 S5000
M205 X30 Y30
G0 F7200 X92.227 Y135.46
M204 S3000
M205 X20 Y20
G1 F1500 X111.291 Y116.396 E1769.63928
M204 S5000
M205 X30 Y30
G0 F7200 X111.722 Y116.673
M204 S3000
M205 X20 Y20
G1 F1500 X92.486 Y135.909 E1770.77028
M204 S5000
M205 X30 Y30
G0 F7200 X92.664 Y136.437
M204 S3000
M205 X20 Y20
G1 F1500 X112.152 Y116.949 E1771.9161
M204 S5000
M205 X30 Y30
G0 F7200 X112.583 Y117.226
M204 S3000
M205 X20 Y20
G1 F1500 X92.778 Y137.03 E1773.08053
M204 S5000
M205 X30 Y30
G0 F7200 X92.757 Y137.759
M204 S3000
M205 X20 Y20
G1 F1500 X113.014 Y117.502 E1774.27157
M204 S5000
M205 X30 Y30
G0 F7200 X113.444 Y117.779
M204 S3000
M205 X20 Y20
G1 F1500 X92.416 Y138.807 E1775.50793
M204 S5000
M205 X30 Y30
G0 F7200 X93.123 Y138.807
M204 S3000
M205 X20 Y20
G1 F1500 X113.875 Y118.055 E1776.72807
M204 S5000
M205 X30 Y30
G0 F7200 X114.305 Y118.332
M204 S3000
M205 X20 Y20
G1 F1500 X93.83 Y138.807 E1777.93192
M204 S5000
M205 X30 Y30
G0 F7200 X94.537 Y138.807
M204 S3000
M205 X20 Y20
G1 F1500 X114.736 Y118.608 E1779.11955
M204 S5000
M205 X30 Y30
G0 F7200 X115.167 Y118.885
M204 S3000
M205 X20 Y20
G1 F1500 X95.244 Y138.807 E1780.29091
M204 S5000
M205 X30 Y30
G0 F7200 X95.951 Y138.807
M204 S3000
M205 X20 Y20
G1 F1500 X115.597 Y119.161 E1781.44602
M204 S5000
M205 X30 Y30
G0 F7200 X116.027 Y119.438
M204 S3000
M205 X20 Y20
G1 F1500 X96.658 Y138.807 E1782.58485
M204 S5000
M205 X30 Y30
G0 F7200 X97.365 Y138.807
M204 S3000
M205 X20 Y20
G1 F1500 X116.458 Y119.715 E1783.70741
M204 S5000
M205 X30 Y30
G0 F7200 X116.888 Y119.991
M204 S3000
M205 X20 Y20
G1 F1500 X98.072 Y138.807 E1784.81372
M204 S5000
M205 X30 Y30
G0 F7200 X98.779 Y138.807
M204 S3000
M205 X20 Y20
G1 F1500 X117.319 Y120.268 E1785.90377
M204 S5000
M205 X30 Y30
G0 F7200 X117.75 Y120.544
M204 S3000
M205 X20 Y20
G1 F1500 X99.487 Y138.807 E1786.97757
M204 S5000
M205 X30 Y30
G0 F7200 X100.194 Y138.807
M204 S3000
M205 X20 Y20
G1 F1500 X118.18 Y120.821 E1788.03507
M204 S5000
M205 X30 Y30
G0 F7200 X118.6 Y121.109
M204 S3000
M205 X20 Y20
G1 F1500 X100.901 Y138.807 E1789.07568
M204 S5000
M205 X30 Y30
G0 F7200 X101.608 Y138.807
M204 S3000
M205 X20 Y20
G1 F1500 X118.6 Y121.816 E1790.07471
M204 S5000
M205 X30 Y30
G0 F7200 X118.6 Y122.523
M204 S3000
M205 X20 Y20
G1 F1500 X102.315 Y138.807 E1791.03218
M204 S5000
M205 X30 Y30
G0 F7200 X103.022 Y138.807
M204 S3000
M205 X20 Y20
G1 F1500 X114.359 Y127.47 E1791.69875
G1 X114.447 Y127.382
M204 S5000
M205 X30 Y30
G0 F7200 X113.97 Y128.567
M204 S3000
M205 X20 Y20
G1 F1500 X103.729 Y138.807 E1792.30085
M204 S5000
M205 X30 Y30
G0 F7200 X104.436 Y138.807
M204 S3000
M205 X20 Y20
G1 F1500 X113.913 Y129.331 E1792.85803
M204 S5000
M205 X30 Y30
G0 F7200 X114.032 Y129.918
M204 S3000
M205 X20 Y20
G1 F1500 X105.143 Y138.807 E1793.38067
M204 S5000
M205 X30 Y30
G0 F7200 X105.851 Y138.807
M204 S3000
M205 X20 Y20
G1 F1500 X114.21 Y130.448 E1793.87215
M204 S5000
M205 X30 Y30
G0 F7200 X114.474 Y130.891
M204 S3000
M205 X20 Y20
G1 F1500 X106.558 Y138.807 E1794.33758
M204 S5000
M205 X30 Y30
G0 F7200 X107.265 Y138.807
M204 S3000
M205 X20 Y20
G1 F1500 X114.798 Y131.275 E1794.78046
M204 S5000
M205 X30 Y30
G0 F7200 X115.158 Y131.621
M204 S3000
M205 X20 Y20
G1 F1500 X107.972 Y138.807 E1795.20297
M204 S5000
M205 X30 Y30
G0 F7200 X108.679 Y138.807
M204 S3000
M205 X20 Y20
G1 F1500 X115.599 Y131.888 E1795.60981
M204 S5000
M205 X30 Y30
G0 F7200 X116.106 Y132.087
M204 S3000
M205 X20 Y20
G1 F1500 X109.386 Y138.807 E1796.00492
M204 S5000
M205 X30 Y30
G0 F7200 X110.093 Y138.807
M204 S3000
M205 X20 Y20
G1 F1500 X116.678 Y132.222 E1796.3921
M204 S5000
M205 X30 Y30
G0 F7200 X117.368 Y132.24
M204 S3000
M205 X20 Y20
G1 F1500 X110.8 Y138.807 E1796.77824
M204 S5000
M205 X30 Y30
G0 F7200 X111.507 Y138.807
M204 S3000
M205 X20 Y20
G1 F1500 X118.316 Y131.999 E1797.17855
M204 S5000
M205 X30 Y30
G0 F7200 X118.6 Y132.422
M204 S3000
M205 X20 Y20
G1 F1500 X112.215 Y138.807 E1797.55397
M204 S5000
M205 X30 Y30
G0 F7200 X112.922 Y138.807
M204 S3000
M205 X20 Y20
G1 F1500 X118.6 Y133.129 E1797.88781
M204 S5000
M205 X30 Y30
G0 F7200 X118.6 Y133.836
M204 S3000
M205 X20 Y20
G1 F1500 X113.629 Y138.807 E1798.18009
M204 S5000
M205 X30 Y30
G0 F7200 X114.336 Y138.807
M204 S3000
M205 X20 Y20
G1 F1500 X118.6 Y134.544 E1798.43077
M204 S5000
M205 X30 Y30
G0 F7200 X118.6 Y135.251
M204 S3000
M205 X20 Y20
G1 F1500 X115.043 Y138.807 E1798.63987
M204 S5000
M205 X30 Y30
G0 F7200 X115.75 Y138.807
M204 S3000
M205 X20 Y20
G1 F1500 X118.6 Y135.958 E1798.80741
M204 S5000
M205 X30 Y30
G0 F7200 X118.6 Y136.665
M204 S3000
M205 X20 Y20
G1 F1500 X116.457 Y138.807 E1798.93338
M204 S5000
M205 X30 Y30
G0 F7200 X117.164 Y138.807
M204 S3000
M205 X20 Y20
G1 F1500 X118.6 Y137.372 E1799.01779
M204 S5000
M205 X30 Y30
G0 F7200 X118.6 Y138.079
M204 S3000
M205 X20 Y20
G1 F1500 X117.871 Y138.807 E1799.06062
G1 X117.783 Y138.895
M204 S5000
M205 X30 Y30
G0 F7200 X114.656 Y130.051
G0 X114.656 Y128.128
G0 X115.74 Y126.853
G0 X118.43 Y126.228
M204 S3000
M205 X20 Y20
G1 F1500 X118.6 Y126.058 E1799.07061
M204 S5000
M205 X30 Y30
G0 F7200 X117.911 Y126.04
M204 S3000
M205 X20 Y20
G1 F1500 X118.6 Y125.351 E1799.11113
M204 S5000
M205 X30 Y30
G0 F7200 X118.6 Y124.644
M204 S3000
M205 X20 Y20
G1 F1500 X117.298 Y125.946 E1799.18768
M204 S5000
M205 X30 Y30
G0 F7200 X116.565 Y125.972
M204 S3000
M205 X20 Y20
G1 F1500 X118.6 Y123.937 E1799.30733
M204 S5000
M205 X30 Y30
G0 F7200 X118.6 Y123.23
M204 S3000
M205 X20 Y20
G1 F1500 X115.524 Y126.305 E1799.48816
G1 X115.436 Y126.393
M204 S5000
M205 X30 Y30
G0 F7200 X85.195 Y126.936
M204 S3000
M205 X20 Y20
G1 F1500 X79.07 Y133.061 E1799.84828
M204 S5000
M205 X30 Y30
G0 F7200 X78.256 Y133.168
M204 S3000
M205 X20 Y20
G1 F1500 X84.437 Y126.987 E1800.2117
M204 S5000
M205 X30 Y30
G0 F7200 X83.799 Y126.917
M204 S3000
M205 X20 Y20
G1 F1500 X76.808 Y133.909 E1800.62277
M204 S5000
M205 X30 Y30
G0 F7200 X76.899 Y133.111
M204 S3000
M205 X20 Y20
G1 F1500 X83.296 Y126.714 E1800.99889
M204 S5000
M205 X30 Y30
G0 F7200 X82.793 Y126.509
M204 S3000
M205 X20 Y20
G1 F1500 X76.99 Y132.313 E1801.34012
M204 S5000
M205 X30 Y30
G0 F7200 X77.081 Y131.514
M204 S3000
M205 X20 Y20
G1 F1500 X82.434 Y126.161 E1801.65485
M204 S5000
M205 X30 Y30
G0 F7200 X82.076 Y125.813
M204 S3000
M205 X20 Y20
G1 F1500 X77.172 Y130.716 E1801.94316
M204 S5000
M205 X30 Y30
G0 F7200 X77.264 Y129.918
M204 S3000
M205 X20 Y20
G1 F1500 X81.788 Y125.394 E1802.20915
M204 S5000
M205 X30 Y30
G0 F7200 X81.572 Y124.902
M204 S3000
M205 X20 Y20
G1 F1500 X77.355 Y129.119 E1802.4571
M204 S5000
M205 X30 Y30
G0 F7200 X77.446 Y128.321
M204 S3000
M205 X20 Y20
G1 F1500 X81.402 Y124.365 E1802.68969
M204 S5000
M205 X30 Y30
G0 F7200 X81.339 Y123.721
M204 S3000
M205 X20 Y20
G1 F1500 X77.537 Y127.523 E1802.91324
M204 S5000
M205 X30 Y30
G0 F7200 X77.628 Y126.725
M204 S3000
M205 X20 Y20
G1 F1500 X81.497 Y122.856 E1803.14072
G1 X81.585 Y122.768
M204 S5000
M205 X30 Y30
G0 F7200 X81.918 Y124.097
G0 X86.528 Y136.209
M204 S3000
M205 X20 Y20
G1 F1500 X83.931 Y138.807 E1803.29344
M204 S5000
M205 X30 Y30
G0 F7200 X84.638 Y138.807
M204 S3000
M205 X20 Y20
G1 F1500 X86.354 Y137.091 E1803.39434
M204 S5000
M205 X30 Y30
G0 F7200 X86.393 Y137.759
M204 S3000
M205 X20 Y20
G1 F1500 X85.345 Y138.807 E1803.45596
M204 S5000
M205 X30 Y30
G0 F7200 X86.052 Y138.807
M204 S3000
M205 X20 Y20
G1 F1500 X86.536 Y138.323 E1803.48441
M204 S5000
M205 X30 Y30
G1 F1500 E1796.98441
;MESH:Hip Servo Mount L.stl
G0 F7200 X87.803 Y135.903
G0 X88.796 Y135.198
G0 X105.826 Y111.671
G0 X106.427 Y110.733
G0 X113.392 Y108.032
G0 X114.345 Y107.42
G0 X114.826 Y97.653
G1 F1500 E1803.48441
G0 F7200 X114.5 Y97.653
M204 S3000
M205 X20 Y20
;TYPE:WALL-INNER
G1 F4020 X114.584 Y97.819 E1803.49215
G1 X114.626 Y98.05 E1803.50191
G1 X114.626 Y107.337 E1803.88802
G1 X125.336 Y124.018 E1804.71217
G1 X132.77 Y124.018 E1805.02124
G1 X132.228 Y123.721 E1805.04694
G1 X131.728 Y123.179 E1805.07759
G1 X131.433 Y122.615 E1805.10406
G1 X131.318 Y122.186 E1805.12252
G1 X131.289 Y121.445 E1805.15335
G1 X131.507 Y120.743 E1805.18391
G1 X131.848 Y120.203 E1805.21047
G1 X132.218 Y119.838 E1805.23207
G1 X132.779 Y119.5 E1805.2593
G1 X133.407 Y119.332 E1805.28633
G1 X134.049 Y119.333 E1805.31302
G1 X134.672 Y119.496 E1805.3398
G1 X135.247 Y119.835 E1805.36755
G1 X135.699 Y120.296 E1805.39439
G1 X135.998 Y120.83 E1805.41983
G1 X136.144 Y121.352 E1805.44237
G1 X136.169 Y121.991 E1805.46895
G1 X136.029 Y122.615 E1805.49554
G1 X135.734 Y123.179 E1805.522
G1 X135.234 Y123.721 E1805.55266
G1 X134.692 Y124.018 E1805.57836
G1 X144.176 Y124.019 E1805.97266
G1 X144.176 Y95.388 E1807.16299
G1 X143.708 Y96.016 E1807.19556
G1 X143.495 Y96.21 E1807.20753
G1 X142.927 Y96.554 E1807.23514
G1 X142.706 Y96.644 E1807.24506
G1 X142.264 Y96.745 E1807.26391
G1 X141.53 Y96.75 E1807.29443
G1 X140.904 Y96.554 E1807.3217
G1 X140.334 Y96.211 E1807.34936
G1 X139.754 Y95.533 E1807.38645
G1 X139.501 Y94.912 E1807.41433
G1 X139.419 Y94.288 E1807.4405
G1 X139.5 Y93.623 E1807.46835
G1 X139.755 Y93.009 E1807.49599
G1 X140.336 Y92.326 E1807.53327
G1 X140.921 Y91.97 E1807.56174
G1 X141.5 Y91.803 E1807.5868
G1 X142.072 Y91.775 E1807.61061
G1 X142.706 Y91.894 E1807.63742
G1 X142.926 Y91.983 E1807.64729
G1 X143.494 Y92.327 E1807.6749
G1 X143.708 Y92.521 E1807.68691
G1 X144.176 Y93.15 E1807.7195
G1 X144.176 Y84.967 E1808.05971
G1 F3495.7 X144.101 Y84.322 E1808.09076
G1 F3150.5 X144.113 Y83.615 E1808.12827
G1 F3190.5 X144.023 Y83.055 E1808.15798
G1 F3185.4 X143.842 Y82.464 E1808.19041
G1 F3195.5 X143.53 Y81.939 E1808.22235
G1 F3205.7 X143.222 Y81.562 E1808.24773
G1 F3216 X142.859 Y81.239 E1808.27299
G1 F3205.7 X142.45 Y80.975 E1808.29837
G1 F3216 X142.006 Y80.772 E1808.32374
G1 F3221.2 X141.534 Y80.645 E1808.3491
G1 F3216 X141.051 Y80.587 E1808.37438
G1 F3210.9 X140.523 Y80.609 E1808.40189
G1 F3150.5 X140.047 Y80.672 E1808.42736
G1 F3501.7 X139.483 Y80.663 E1808.45428
G1 F4020 X106.389 Y84.446 E1809.83913
G1 F3477.5 X105.744 Y84.598 E1809.87098
G1 F3082.8 X105.397 Y84.635 E1809.8899
G1 F3068.7 X104.845 Y84.793 E1809.92117
G1 F3078.1 X104.393 Y84.99 E1809.94794
G1 F3082.8 X103.983 Y85.267 E1809.97477
G1 F3059.4 X103.621 Y85.595 E1810.00145
G1 F3064 X103.23 Y86.083 E1810.03556
G1 F3082.8 X102.962 Y86.638 E1810.06897
G1 F3073.4 X102.829 Y87.113 E1810.0958
G1 F3068.7 X102.759 Y87.601 E1810.12265
G1 F3082.8 X102.774 Y88.095 E1810.14944
G1 F3054.7 X102.865 Y88.581 E1810.1765
G1 F3073.4 X103.021 Y89.045 E1810.20312
G1 F3092.3 X103.279 Y89.52 E1810.23233
G1 F3155.4 X103.497 Y89.889 E1810.25503
G1 F3589.3 X103.804 Y90.477 E1810.28592
G1 F4020 X108.196 Y97.32 E1810.62397
G1 X114.01 Y97.321 E1810.86569
G1 X114.27 Y97.431 E1810.87743
G1 X114.5 Y97.653 E1810.89072
M204 S5000
M205 X30 Y30
G0 F7200 X114.826 Y97.653
G0 X125.737 Y89.067
G0 X125.934 Y89.098
M204 S3000
M205 X20 Y20
G1 F4020 X126.026 Y88.557 E1810.91353
G1 X126.246 Y88.051 E1810.93647
G1 X126.619 Y87.544 E1810.96264
G1 X127.126 Y87.136 E1810.9897
G1 X127.336 Y87.026 E1810.99955
G1 X128.058 Y86.785 E1811.0312
G1 X128.658 Y86.781 E1811.05615
G1 X128.895 Y86.819 E1811.06613
G1 X129.515 Y87.025 E1811.09329
G1 X129.726 Y87.135 E1811.10318
G1 X130.233 Y87.543 E1811.13024
G1 X130.564 Y87.967 E1811.1526
G1 X130.821 Y88.524 E1811.1781
G1 X130.932 Y89.173 E1811.20548
G1 X130.863 Y89.877 E1811.23489
G1 X130.487 Y90.711 E1811.27292
G1 X129.823 Y91.358 E1811.31147
G1 X129.201 Y91.653 E1811.34009
G1 X128.574 Y91.774 E1811.36663
G1 X127.964 Y91.727 E1811.39207
G1 X127.352 Y91.535 E1811.41874
G1 X126.779 Y91.163 E1811.44714
G1 X126.214 Y90.46 E1811.48464
G1 X125.988 Y89.836 E1811.51223
G1 X125.928 Y89.288 E1811.53515
G1 X125.934 Y89.098 E1811.54305
M204 S5000
M205 X30 Y30
G0 F7200 X125.737 Y89.067
G0 X126.163 Y87.895
G0 X127.157 Y86.94
G0 X138.233 Y83.663
G0 X138.43 Y83.69
M204 S3000
M205 X20 Y20
G1 F4020 X138.545 Y83.011 E1811.57168
G1 X138.815 Y82.429 E1811.59836
G1 X139.223 Y81.938 E1811.6249
G1 X139.574 Y81.666 E1811.64336
G1 F3501.7 X140.174 Y81.304 E1811.67681
G1 F3140.6 X140.771 Y81.208 E1811.70898
G1 F3210.9 X141.221 Y81.226 E1811.73243
G1 F3252.4 X141.83 Y81.362 E1811.76449
G1 F3257.7 X142.406 Y81.67 E1811.798
G1 X142.873 Y82.103 E1811.83067
G1 F3241.9 X143.247 Y82.654 E1811.86501
G1 F3195.5 X143.493 Y83.509 E1811.91154
G1 F3126 X143.456 Y84.267 E1811.95211
G1 F3284.3 X143.119 Y84.974 E1811.99197
G1 F3743 X142.685 Y85.538 E1812.02375
G1 F4020 X142.48 Y85.721 E1812.03517
G1 X141.947 Y86.046 E1812.06112
G1 X141.731 Y86.135 E1812.07084
G1 X141.182 Y86.257 E1812.09422
G1 X140.796 Y86.267 E1812.11027
G1 X140.149 Y86.159 E1812.13754
G1 X139.382 Y85.757 E1812.17355
G1 X138.776 Y85.065 E1812.21179
G1 X138.516 Y84.445 E1812.23974
G1 X138.431 Y83.893 E1812.26296
G1 X138.43 Y83.69 E1812.2714
M204 S5000
M205 X30 Y30
G0 F7200 X138.233 Y83.663
G0 X105.586 Y85.18
G0 X104.62 Y85.507
G0 X103.434 Y86.865
G0 X103.56 Y86.89
M204 S3000
M205 X20 Y20
G1 F3082.8 X103.796 Y86.422 E1812.29982
G1 F3078.1 X104.032 Y86.107 E1812.32119
G1 F3101.9 X104.669 Y85.564 E1812.36629
G1 X105.484 Y85.282 E1812.41275
G1 F3078.1 X105.76 Y85.251 E1812.42783
G1 F3257.7 X106.6 Y85.407 E1812.47167
G1 F3729.1 X107.074 Y85.606 E1812.49471
G1 F4020 X107.277 Y85.732 E1812.50464
G1 X107.767 Y86.159 E1812.53166
G1 X107.926 Y86.352 E1812.54206
G1 X108.15 Y86.744 E1812.56083
G1 X108.365 Y87.436 E1812.59096
G1 X108.357 Y88.098 E1812.61848
G1 X108.195 Y88.716 E1812.64504
G1 X107.84 Y89.315 E1812.67399
G1 X107.22 Y89.856 E1812.7082
G1 X106.653 Y90.109 E1812.73401
G1 X106.411 Y90.166 E1812.74435
G1 X105.755 Y90.209 E1812.77168
G1 X105.464 Y90.171 E1812.78388
G1 F3792.5 X104.732 Y89.923 E1812.81794
G1 F3406.8 X104.043 Y89.42 E1812.85979
G1 F3150.5 X103.939 Y89.358 E1812.86622
G1 F3078.1 X103.556 Y88.686 E1812.90821
G1 F3092.3 X103.412 Y87.932 E1812.9497
G1 F3097.1 X103.404 Y87.66 E1812.96439
G1 F3101.9 X103.56 Y86.89 E1813.00672
M204 S5000
M205 X30 Y30
G0 F7200 X103.973 Y87.736
M204 S3000
M205 X20 Y20
;TYPE:WALL-OUTER
G1 F2040 X104.114 Y87.043 E1813.03612
G1 X104.382 Y86.57 E1813.05872
G1 X104.948 Y86.071 E1813.09009
G1 X105.671 Y85.825 E1813.12185
G1 X106.423 Y85.874 E1813.15318
G1 X106.949 Y86.109 E1813.17713
G1 X107.472 Y86.565 E1813.20598
G1 X107.716 Y86.992 E1813.22642
G1 X107.856 Y87.481 E1813.24757
G1 X107.862 Y88.027 E1813.27027
G1 X107.736 Y88.501 E1813.29066
G1 X107.469 Y88.971 E1813.31314
G1 X106.919 Y89.451 E1813.34349
G1 X106.421 Y89.664 E1813.366
G1 X105.672 Y89.713 E1813.39721
G1 X104.945 Y89.467 E1813.42912
G1 X104.378 Y88.967 E1813.46055
G1 X104.114 Y88.497 E1813.48296
G1 X103.976 Y87.819 E1813.51173
G1 X103.973 Y87.736 E1813.51518
M204 S5000
M205 X30 Y30
G0 F7200 X104.012 Y87.54
G0 X103.326 Y87.402
G0 X103.507 Y88.73
G0 X104.3 Y89.75
G0 X114.008 Y97.12
G0 X114.008 Y97.857
M204 S3000
M205 X20 Y20
G1 F2040 X114.123 Y98.026 E1813.52368
G1 X114.126 Y107.483 E1813.91685
G1 X125.063 Y124.518 E1814.75849
G1 X125.927 Y124.518 E1814.79441
G1 F2035.9 X126.791 Y124.518 E1814.83041
G1 F2031.9 X127.655 Y124.518 E1814.86647
G1 F2027.8 X128.519 Y124.518 E1814.90261
G1 F2023.8 X129.383 Y124.518 E1814.93882
G1 F2019.8 X130.247 Y124.518 E1814.9751
G1 F2015.8 X131.111 Y124.518 E1815.01145
G1 F2011.8 X131.975 Y124.518 E1815.04787
G1 F2007.9 X132.839 Y124.518 E1815.08437
G1 F1734.7 X133.337 Y124.435 E1815.10905
G1 F1540.8 X133.509 Y124.441 E1815.11852
G1 X134.125 Y124.435 E1815.15243
G1 F1734.7 X134.621 Y124.519 E1815.17703
G1 F2007.9 X135.459 Y124.519 E1815.21243
G1 F2011.8 X136.297 Y124.519 E1815.24776
G1 X137.135 Y124.519 E1815.28308
G1 F2015.8 X137.973 Y124.519 E1815.31834
G1 F2019.8 X138.811 Y124.519 E1815.35353
G1 F2023.8 X139.649 Y124.519 E1815.38865
G1 X140.487 Y124.519 E1815.42377
G1 F2027.8 X141.325 Y124.519 E1815.45882
G1 F2031.9 X142.163 Y124.519 E1815.4938
G1 F2035.9 X143.001 Y124.519 E1815.52871
G1 X143.839 Y124.519 E1815.56361
G1 F2040 X144.677 Y124.519 E1815.59845
G1 X144.676 Y95.268 E1816.81457
G1 F1786.3 X144.605 Y94.707 E1816.84142
G1 F1593.8 X144.607 Y93.942 E1816.88213
G1 F1578.9 X144.599 Y93.736 E1816.8932
G1 F1752.6 X144.672 Y93.272 E1816.91593
G1 F2007.9 X144.672 Y92.39 E1816.95319
G1 F2011.8 X144.672 Y91.508 E1816.99037
G1 F2015.8 X144.673 Y90.626 E1817.02748
G1 X144.673 Y89.744 E1817.06459
G1 F2019.8 X144.673 Y88.862 E1817.10163
G1 F2023.8 X144.674 Y87.98 E1817.13859
G1 F2027.8 X144.674 Y87.098 E1817.17548
G1 F2031.9 X144.674 Y86.216 E1817.21229
G1 X144.675 Y85.334 E1817.24911
G1 F2035.9 X144.675 Y84.452 E1817.28585
G1 F2040 X144.676 Y83.57 E1817.32252
G1 X144.578 Y82.928 E1817.34952
G1 X144.361 Y82.232 E1817.37983
G1 X143.993 Y81.613 E1817.40977
G1 X143.629 Y81.17 E1817.43361
G1 X143.201 Y80.789 E1817.45743
G1 X142.721 Y80.478 E1817.48121
G1 X142.197 Y80.242 E1817.5051
G1 X141.642 Y80.09 E1817.52903
G1 X141.073 Y80.023 E1817.55285
G1 X140.492 Y80.045 E1817.57702
G1 X105.287 Y84.069 E1819.05021
G1 X104.647 Y84.245 E1819.0778
G1 X104.116 Y84.487 E1819.10206
G1 X103.627 Y84.808 E1819.12638
G1 X103.198 Y85.198 E1819.15049
G1 X102.736 Y85.774 E1819.18118
G1 X102.424 Y86.433 E1819.2115
G1 X102.259 Y86.992 E1819.23573
G1 X102.183 Y87.571 E1819.26001
G1 X102.197 Y88.155 E1819.28429
G1 X102.303 Y88.729 E1819.30856
G1 X102.493 Y89.277 E1819.33268
G1 X102.775 Y89.802 E1819.35745
G1 X107.923 Y97.82 E1819.7536
G1 X113.894 Y97.82 E1820.00184
G1 X114.008 Y97.857 E1820.00683
M204 S5000
M205 X30 Y30
G0 F7200 X114.12 Y98.022
G0 X114.826 Y98.022
G0 X125.866 Y88.411
G0 X126.506 Y88.697
M204 S3000
M205 X20 Y20
G1 F2040 X126.734 Y88.204 E1820.02941
G1 X127.057 Y87.81 E1820.05059
G1 X127.494 Y87.5 E1820.07286
G1 X128.165 Y87.282 E1820.1022
G1 X128.737 Y87.293 E1820.12598
G1 X129.357 Y87.499 E1820.15314
G1 X129.796 Y87.81 E1820.17551
G1 X130.138 Y88.229 E1820.198
G1 X130.335 Y88.666 E1820.21793
G1 X130.428 Y89.195 E1820.24026
G1 X130.377 Y89.738 E1820.26293
G1 X130.076 Y90.417 E1820.29381
G1 X129.532 Y90.94 E1820.32519
G1 X129.062 Y91.168 E1820.3469
G1 X128.564 Y91.267 E1820.36801
G1 X128.05 Y91.235 E1820.38942
G1 X127.565 Y91.077 E1820.41063
G1 X127.104 Y90.772 E1820.43361
G1 X126.654 Y90.212 E1820.46348
G1 X126.474 Y89.716 E1820.48542
G1 X126.426 Y89.24 E1820.50531
G1 X126.506 Y88.697 E1820.52813
M204 S5000
M205 X30 Y30
G0 F7200 X126.589 Y88.516
G0 X125.948 Y88.229
G0 X126.585 Y87.366
G0 X138.233 Y83.663
G0 X138.926 Y83.755
M204 S3000
M205 X20 Y20
G1 F2040 X139.007 Y83.203 E1820.55132
G1 X139.211 Y82.734 E1820.57258
G1 X139.529 Y82.334 E1820.59383
G1 X139.932 Y82.031 E1820.61479
G1 X140.336 Y81.855 E1820.63311
G1 X140.834 Y81.769 E1820.65412
G1 X141.156 Y81.781 E1820.66752
G1 X141.654 Y81.903 E1820.68884
G1 X142.047 Y82.11 E1820.7073
G1 X142.441 Y82.459 E1820.72919
G1 X142.732 Y82.89 E1820.75081
G1 X142.927 Y83.608 E1820.78174
G1 X142.888 Y84.168 E1820.80508
G1 X142.69 Y84.712 E1820.82915
G1 X142.262 Y85.269 E1820.85835
G1 X141.652 Y85.64 E1820.88803
G1 X141.142 Y85.759 E1820.90981
G1 X140.826 Y85.768 E1820.92295
G1 X140.313 Y85.68 E1820.94459
G1 X139.696 Y85.357 E1820.97354
G1 X139.194 Y84.776 E1821.00547
G1 X138.996 Y84.305 E1821.02671
G1 X138.926 Y83.823 E1821.04696
G1 X138.926 Y83.755 E1821.04979
M204 S5000
M205 X30 Y30
G0 F7200 X138.955 Y83.557
G0 X138.259 Y83.465
G0 X139.232 Y94.148
G0 X139.925 Y94.237
M204 S3000
M205 X20 Y20
G1 F2040 X139.997 Y93.732 E1821.07099
G1 X140.193 Y93.261 E1821.0922
G1 X140.648 Y92.729 E1821.12131
G1 X141.103 Y92.443 E1821.14365
G1 X141.597 Y92.293 E1821.16511
G1 X142.152 Y92.281 E1821.18819
G1 X142.668 Y92.411 E1821.21032
G1 X143.279 Y92.781 E1821.24001
G1 X143.704 Y93.352 E1821.26961
G1 F1777 X143.969 Y93.857 E1821.29683
G1 F1581.4 X143.967 Y94.652 E1821.33946
G1 F1786.3 X143.703 Y95.186 E1821.36775
G1 F2040 X143.279 Y95.756 E1821.39728
G1 X142.668 Y96.126 E1821.42698
G1 X142.152 Y96.257 E1821.44911
G1 X141.638 Y96.249 E1821.47049
G1 X141.113 Y96.1 E1821.49317
G1 X140.668 Y95.827 E1821.51488
G1 X140.194 Y95.278 E1821.54503
G1 X139.989 Y94.782 E1821.56735
G1 X139.925 Y94.301 E1821.58752
G1 X139.925 Y94.237 E1821.59018
M204 S5000
M205 X30 Y30
G0 F7200 X139.953 Y94.039
G0 X139.258 Y93.95
G0 X131.154 Y121.43
G0 X131.801 Y122.056
M204 S3000
M205 X20 Y20
G1 F2040 X131.793 Y121.547 E1821.61135
G1 X131.927 Y121.021 E1821.63391
G1 X132.181 Y120.58 E1821.65507
G1 X132.536 Y120.224 E1821.67597
G1 X132.971 Y119.97 E1821.69692
G1 X133.466 Y119.834 E1821.71826
G1 X133.974 Y119.831 E1821.73938
G1 X134.477 Y119.964 E1821.76101
G1 X134.918 Y120.217 E1821.78215
G1 X135.282 Y120.581 E1821.80355
G1 X135.536 Y121.022 E1821.82471
G1 X135.661 Y121.482 E1821.84453
G1 X135.67 Y122.024 E1821.86706
G1 X135.546 Y122.485 E1821.88691
G1 X135.3 Y122.929 E1821.90801
G1 F2023.8 X134.921 Y123.321 E1821.93086
G1 F1988.3 X134.448 Y123.592 E1821.95412
G1 F1723 X134.039 Y123.779 E1821.97626
G1 F1529.2 X133.423 Y123.779 E1822.01042
G1 F1723 X133.014 Y123.592 E1822.03256
G1 F2003.9 X132.571 Y123.338 E1822.05417
G1 F2040 X132.178 Y122.958 E1822.0769
G1 X131.916 Y122.485 E1822.09938
G1 X131.801 Y122.056 E1822.11784
M204 S5000
M205 X30 Y30
G0 F7200 X131.798 Y121.856
G0 X131.093 Y121.856
G0 X125.516 Y89.921
M204 S3000
M205 X20 Y20
;TYPE:SKIN
G1 F1500 X125.446 Y89.175 E1822.14899
G1 X125.449 Y89.11 E1822.1517
G1 X125.568 Y88.416 E1822.18097
G1 X125.822 Y87.832 E1822.20745
G1 X126.258 Y87.232 E1822.23829
G1 X126.828 Y86.765 E1822.26892
G1 X127.184 Y86.576 E1822.28568
G1 X127.983 Y86.314 E1822.32064
G1 X128.693 Y86.309 E1822.35016
G1 X129.049 Y86.368 E1822.36516
G1 X129.664 Y86.573 E1822.39211
G1 X130.025 Y86.764 E1822.40909
G1 X130.591 Y87.227 E1822.43949
G1 X130.998 Y87.758 E1822.46731
G1 X131.292 Y88.436 E1822.49803
G1 X131.41 Y89.176 E1822.52919
G1 X131.325 Y90.006 E1822.56388
G1 X130.959 Y90.831 E1822.6014
G1 X130.812 Y91.053 E1822.61247
G1 X130.119 Y91.733 E1822.65283
G1 X129.349 Y92.112 E1822.68851
G1 X128.61 Y92.241 E1822.7197
G1 X127.867 Y92.2 E1822.75064
G1 X127.129 Y91.958 E1822.78293
G1 X126.449 Y91.516 E1822.81665
G1 X125.789 Y90.692 E1822.86054
G1 X125.516 Y89.921 E1822.89455
M204 S5000
M205 X30 Y30
G0 F7200 X108.314 Y86.08
M204 S3000
M205 X20 Y20
G1 F1500 X108.584 Y86.554 E1822.91723
G1 X108.794 Y87.211 E1822.9459
G1 X108.837 Y87.514 E1822.95863
G1 X108.83 Y88.171 E1822.98594
G1 X108.642 Y88.9 E1823.01724
G1 X108.205 Y89.622 E1823.05233
G1 X107.486 Y90.257 E1823.09221
G1 X106.839 Y90.548 E1823.12171
G1 X106.446 Y90.64 E1823.13849
G1 X105.741 Y90.682 E1823.16785
G1 X105.357 Y90.632 E1823.18395
G1 X104.643 Y90.395 E1823.21523
G1 X104.163 Y90.112 E1823.23839
G1 X104.215 Y90.239 E1823.2441
G1 X108.456 Y96.845 E1823.57047
G1 X113.964 Y96.847 E1823.79947
G1 X114.39 Y96.957 E1823.81776
G1 X114.703 Y97.165 E1823.83338
G1 X114.944 Y97.466 E1823.84941
G1 X115.102 Y97.931 E1823.86983
G1 X115.101 Y107.196 E1824.25503
G1 X125.596 Y123.542 E1825.06263
G1 X131.423 Y123.544 E1825.30489
G1 X131.094 Y123.032 E1825.33019
G1 X130.862 Y122.325 E1825.36113
G1 X130.818 Y121.981 E1825.37554
G1 X130.853 Y121.248 E1825.40605
G1 X131.038 Y120.603 E1825.43395
G1 X131.417 Y119.97 E1825.46462
G1 X131.946 Y119.439 E1825.49579
G1 X132.583 Y119.07 E1825.52639
G1 X133.351 Y118.857 E1825.55953
G1 X134.104 Y118.859 E1825.59083
G1 X134.865 Y119.06 E1825.62356
G1 X135.539 Y119.455 E1825.65604
G1 X136.087 Y120.014 E1825.68858
G1 X136.438 Y120.648 E1825.71871
G1 X136.601 Y121.22 E1825.74344
G1 X136.644 Y121.557 E1825.75756
G1 X136.609 Y122.297 E1825.78836
G1 X136.368 Y123.032 E1825.82052
G1 X136.039 Y123.544 E1825.84582
G1 X143.701 Y123.544 E1826.16437
G1 X143.701 Y96.641 E1827.28287
G1 X143.176 Y96.961 E1827.30843
G1 X142.798 Y97.111 E1827.32534
G1 X142.076 Y97.241 E1827.35584
G1 X141.314 Y97.181 E1827.38762
G1 X140.678 Y96.978 E1827.41537
G1 X140.041 Y96.586 E1827.44647
G1 X139.357 Y95.802 E1827.48973
G1 X139.035 Y95.035 E1827.52431
G1 X138.941 Y94.25 E1827.55718
G1 X139.034 Y93.529 E1827.5874
G1 X139.349 Y92.745 E1827.62253
G1 X140.012 Y91.973 E1827.66484
G1 X140.723 Y91.536 E1827.69954
G1 X141.405 Y91.336 E1827.72908
G1 X142.081 Y91.298 E1827.75723
G1 X142.849 Y91.441 E1827.78971
G1 X143.174 Y91.576 E1827.80434
G1 X143.701 Y91.895 E1827.82995
G1 X143.7 Y84.994 E1828.11686
G1 X143.681 Y84.915 E1828.12024
G1 X143.465 Y85.308 E1828.13889
G1 X143.034 Y85.858 E1828.16794
G1 X142.725 Y86.13 E1828.18505
G1 X142.197 Y86.452 E1828.21076
G1 X141.875 Y86.587 E1828.22528
G1 X141.217 Y86.731 E1828.25328
G1 X140.781 Y86.743 E1828.27142
G1 X140.008 Y86.615 E1828.30399
G1 X139.19 Y86.193 E1828.34226
G1 X138.983 Y86.025 E1828.35334
G1 X138.362 Y85.31 E1828.39272
G1 X138.076 Y84.632 E1828.42331
G1 X137.955 Y83.94 E1828.45252
G1 X138.024 Y83.117 E1828.48685
G1 X138.271 Y82.431 E1828.51717
G1 X138.422 Y82.163 E1828.52996
G1 X138.92 Y81.57 E1828.56215
G1 X139.522 Y81.141 E1828.59288
G1 X106.521 Y84.912 E1829.97383
G1 X106.798 Y84.978 E1829.98567
G1 X107.298 Y85.186 E1830.00819
G1 X107.56 Y85.35 E1830.02104
G1 X108.076 Y85.795 E1830.04937
G1 X108.314 Y86.08 E1830.0648
M204 S5000
M205 X30 Y30
G0 F7200 X107.808 Y85.231
M204 S3000
M205 X20 Y20
G1 F1500 X108.053 Y84.986 E1830.07921
M204 S5000
M205 X30 Y30
G0 F7200 X108.186 Y85.56
M204 S3000
M205 X20 Y20
G1 F1500 X108.852 Y84.895 E1830.11834
M204 S5000
M205 X30 Y30
G0 F7200 X109.651 Y84.803
M204 S3000
M205 X20 Y20
G1 F1500 X108.514 Y85.939 E1830.18516
M204 S5000
M205 X30 Y30
G0 F7200 X108.772 Y86.388
M204 S3000
M205 X20 Y20
G1 F1500 X110.449 Y84.712 E1830.28373
M204 S5000
M205 X30 Y30
G0 F7200 X111.247 Y84.62
M204 S3000
M205 X20 Y20
G1 F1500 X108.959 Y86.909 E1830.41829
M204 S5000
M205 X30 Y30
G0 F7200 X109.08 Y87.495
M204 S3000
M205 X20 Y20
G1 F1500 X112.046 Y84.529 E1830.59268
M204 S5000
M205 X30 Y30
G0 F7200 X112.844 Y84.438
M204 S3000
M205 X20 Y20
G1 F1500 X109.078 Y88.204 E1830.8141
G1 X108.99 Y88.292
M204 S5000
M205 X30 Y30
G0 F7200 X108.696 Y89.293
M204 S3000
M205 X20 Y20
G1 F1500 X113.642 Y84.347 E1831.10491
M204 S5000
M205 X30 Y30
G0 F7200 X114.44 Y84.256
M204 S3000
M205 X20 Y20
G1 F1500 X106.054 Y92.642 E1831.59797
M204 S5000
M205 X30 Y30
G0 F7200 X106.331 Y93.072
M204 S3000
M205 X20 Y20
G1 F1500 X115.239 Y84.164 E1832.12173
M204 S5000
M205 X30 Y30
G0 F7200 X116.037 Y84.073
M204 S3000
M205 X20 Y20
G1 F1500 X106.607 Y93.503 E1832.67618
M204 S5000
M205 X30 Y30
G0 F7200 X106.884 Y93.934
M204 S3000
M205 X20 Y20
G1 F1500 X116.835 Y83.982 E1833.26129
M204 S5000
M205 X30 Y30
G0 F7200 X117.634 Y83.891
M204 S3000
M205 X20 Y20
G1 F1500 X107.16 Y94.364 E1833.87709
M204 S5000
M205 X30 Y30
G0 F7200 X107.437 Y94.795
M204 S3000
M205 X20 Y20
G1 F1500 X118.433 Y83.799 E1834.52361
M204 S5000
M205 X30 Y30
G0 F7200 X119.231 Y83.708
M204 S3000
M205 X20 Y20
G1 F1500 X107.713 Y95.226 E1835.20083
M204 S5000
M205 X30 Y30
G0 F7200 X107.99 Y95.656
M204 S3000
M205 X20 Y20
G1 F1500 X120.029 Y83.616 E1835.9087
M204 S5000
M205 X30 Y30
G0 F7200 X120.828 Y83.525
M204 S3000
M205 X20 Y20
G1 F1500 X108.266 Y96.087 E1836.6473
M204 S5000
M205 X30 Y30
G0 F7200 X108.543 Y96.517
M204 S3000
M205 X20 Y20
G1 F1500 X121.626 Y83.434 E1837.41653
M204 S5000
M205 X30 Y30
G0 F7200 X122.424 Y83.343
M204 S3000
M205 X20 Y20
G1 F1500 X109.172 Y96.595 E1838.1957
M204 S5000
M205 X30 Y30
G0 F7200 X109.879 Y96.595
M204 S3000
M205 X20 Y20
G1 F1500 X123.223 Y83.251 E1838.98027
M204 S5000
M205 X30 Y30
G0 F7200 X124.021 Y83.16
M204 S3000
M205 X20 Y20
G1 F1500 X110.585 Y96.596 E1839.77026
M204 S5000
M205 X30 Y30
G0 F7200 X111.292 Y96.597
M204 S3000
M205 X20 Y20
G1 F1500 X124.819 Y83.069 E1840.56562
M204 S5000
M205 X30 Y30
G0 F7200 X125.618 Y82.978
M204 S3000
M205 X20 Y20
G1 F1500 X111.999 Y96.597 E1841.36637
M204 S5000
M205 X30 Y30
G0 F7200 X112.705 Y96.597
M204 S3000
M205 X20 Y20
G1 F1500 X126.416 Y82.887 E1842.17249
M204 S5000
M205 X30 Y30
G0 F7200 X127.215 Y82.795
M204 S3000
M205 X20 Y20
G1 F1500 X113.412 Y96.597 E1842.98403
M204 S5000
M205 X30 Y30
G0 F7200 X114.091 Y96.626
M204 S3000
M205 X20 Y20
G1 F1500 X128.013 Y82.703 E1843.80262
M204 S5000
M205 X30 Y30
G0 F7200 X128.812 Y82.612
M204 S3000
M205 X20 Y20
G1 F1500 X114.609 Y96.814 E1844.63767
M204 S5000
M205 X30 Y30
G0 F7200 X114.999 Y97.132
M204 S3000
M205 X20 Y20
G1 F1500 X129.61 Y82.521 E1845.49674
M204 S5000
M205 X30 Y30
G0 F7200 X130.408 Y82.43
M204 S3000
M205 X20 Y20
G1 F1500 X115.249 Y97.589 E1846.38803
M204 S5000
M205 X30 Y30
G0 F7200 X115.348 Y98.197
M204 S3000
M205 X20 Y20
G1 F1500 X125.42 Y88.126 E1846.9802
M204 S5000
M205 X30 Y30
G0 F7200 X125.206 Y89.046
M204 S3000
M205 X20 Y20
G1 F1500 X115.348 Y98.904 E1847.55981
M204 S5000
M205 X30 Y30
G0 F7200 X115.348 Y99.611
M204 S3000
M205 X20 Y20
G1 F1500 X125.242 Y89.718 E1848.14151
M204 S5000
M205 X30 Y30
G0 F7200 X125.379 Y90.288
M204 S3000
M205 X20 Y20
G1 F1500 X115.348 Y100.318 E1848.73126
M204 S5000
M205 X30 Y30
G0 F7200 X115.349 Y101.025
M204 S3000
M205 X20 Y20
G1 F1500 X125.564 Y90.81 E1849.33187
M204 S5000
M205 X30 Y30
G0 F7200 X125.879 Y91.202
M204 S3000
M205 X20 Y20
G1 F1500 X115.349 Y101.732 E1849.95099
M204 S5000
M205 X30 Y30
G0 F7200 X115.349 Y102.439
M204 S3000
M205 X20 Y20
G1 F1500 X126.193 Y91.595 E1850.58858
M204 S5000
M205 X30 Y30
G0 F7200 X126.59 Y91.905
M204 S3000
M205 X20 Y20
G1 F1500 X115.349 Y103.146 E1851.2495
M204 S5000
M205 X30 Y30
G0 F7200 X115.349 Y103.853
M204 S3000
M205 X20 Y20
G1 F1500 X127.019 Y92.184 E1851.93563
M204 S5000
M205 X30 Y30
G0 F7200 X127.551 Y92.358
M204 S3000
M205 X20 Y20
G1 F1500 X115.35 Y104.559 E1852.653
M204 S5000
M205 X30 Y30
G0 F7200 X115.35 Y105.266
M204 S3000
M205 X20 Y20
G1 F1500 X128.152 Y92.464 E1853.40571
M204 S5000
M205 X30 Y30
G0 F7200 X128.879 Y92.445
M204 S3000
M205 X20 Y20
G1 F1500 X115.35 Y105.974 E1854.20116
M204 S5000
M205 X30 Y30
G0 F7200 X115.35 Y106.681
M204 S3000
M205 X20 Y20
G1 F1500 X129.919 Y92.111 E1855.05779
G1 X130.007 Y92.023
M204 S5000
M205 X30 Y30
G0 F7200 X131.253 Y90.777
M204 S3000
M205 X20 Y20
G1 F1500 X137.757 Y84.274 E1855.44017
M204 S5000
M205 X30 Y30
G0 F7200 X137.892 Y84.845
M204 S3000
M205 X20 Y20
G1 F1500 X115.454 Y107.283 E1856.75944
M204 S5000
M205 X30 Y30
G0 F7200 X115.731 Y107.714
M204 S3000
M205 X20 Y20
G1 F1500 X138.1 Y85.344 E1858.07468
M204 S5000
M205 X30 Y30
G0 F7200 X138.406 Y85.746
M204 S3000
M205 X20 Y20
G1 F1500 X116.007 Y108.144 E1859.39163
M204 S5000
M205 X30 Y30
G0 F7200 X116.284 Y108.575
M204 S3000
M205 X20 Y20
G1 F1500 X138.736 Y86.123 E1860.71172
M204 S5000
M205 X30 Y30
G0 F7200 X139.127 Y86.439
M204 S3000
M205 X20 Y20
G1 F1500 X116.56 Y109.006 E1862.03857
M204 S5000
M205 X30 Y30
G0 F7200 X116.837 Y109.436
M204 S3000
M205 X20 Y20
G1 F1500 X139.59 Y86.683 E1863.37636
M204 S5000
M205 X30 Y30
G0 F7200 X140.099 Y86.882
M204 S3000
M205 X20 Y20
G1 F1500 X117.113 Y109.867 E1864.72782
M204 S5000
M205 X30 Y30
G0 F7200 X117.39 Y110.298
M204 S3000
M205 X20 Y20
G1 F1500 X140.707 Y86.981 E1866.09877
M204 S5000
M205 X30 Y30
G0 F7200 X141.463 Y86.931
M204 S3000
M205 X20 Y20
G1 F1500 X117.666 Y110.728 E1867.49794
M204 S5000
M205 X30 Y30
G0 F7200 X117.943 Y111.159
M204 S3000
M205 X20 Y20
G1 F1500 X142.61 Y86.492 E1868.94827
M204 S5000
M205 X30 Y30
G0 F7200 X143.45 Y86.359
M204 S3000
M205 X20 Y20
G1 F1500 X118.219 Y111.589 E1870.43172
M204 S5000
M205 X30 Y30
G0 F7200 X118.496 Y112.02
M204 S3000
M205 X20 Y20
G1 F1500 X143.45 Y87.066 E1871.89892
M204 S5000
M205 X30 Y30
G0 F7200 X143.45 Y87.773
M204 S3000
M205 X20 Y20
G1 F1500 X118.772 Y112.451 E1873.3499
M204 S5000
M205 X30 Y30
G0 F7200 X119.049 Y112.881
M204 S3000
M205 X20 Y20
G1 F1500 X139.005 Y92.925 E1874.52323
G1 X139.093 Y92.837
M204 S5000
M205 X30 Y30
G0 F7200 X138.732 Y93.905
M204 S3000
M205 X20 Y20
G1 F1500 X119.325 Y113.312 E1875.66429
M204 S5000
M205 X30 Y30
G0 F7200 X119.602 Y113.743
M204 S3000
M205 X20 Y20
G1 F1500 X138.73 Y94.615 E1876.78894
M204 S5000
M205 X30 Y30
G0 F7200 X138.84 Y95.211
M204 S3000
M205 X20 Y20
G1 F1500 X119.878 Y114.173 E1877.90384
M204 S5000
M205 X30 Y30
G0 F7200 X120.155 Y114.604
M204 S3000
M205 X20 Y20
G1 F1500 X139.047 Y95.711 E1879.01464
M204 S5000
M205 X30 Y30
G0 F7200 X139.321 Y96.144
M204 S3000
M205 X20 Y20
G1 F1500 X120.431 Y115.034 E1880.1253
M204 S5000
M205 X30 Y30
G0 F7200 X120.708 Y115.465
M204 S3000
M205 X20 Y20
G1 F1500 X139.65 Y96.523 E1881.23902
M204 S5000
M205 X30 Y30
G0 F7200 X140.017 Y96.863
M204 S3000
M205 X20 Y20
G1 F1500 X120.984 Y115.896 E1882.35809
M204 S5000
M205 X30 Y30
G0 F7200 X121.261 Y116.326
M204 S3000
M205 X20 Y20
G1 F1500 X140.455 Y97.132 E1883.48662
M204 S5000
M205 X30 Y30
G0 F7200 X140.964 Y97.33
M204 S3000
M205 X20 Y20
G1 F1500 X121.537 Y116.757 E1884.62885
M204 S5000
M205 X30 Y30
G0 F7200 X121.813 Y117.188
M204 S3000
M205 X20 Y20
G1 F1500 X141.552 Y97.449 E1885.78943
M204 S5000
M205 X30 Y30
G0 F7200 X142.245 Y97.464
M204 S3000
M205 X20 Y20
G1 F1500 X122.09 Y117.618 E1886.97444
M204 S5000
M205 X30 Y30
G0 F7200 X122.366 Y118.049
M204 S3000
M205 X20 Y20
G1 F1500 X143.232 Y97.183 E1888.20128
M204 S5000
M205 X30 Y30
G0 F7200 X143.45 Y97.672
M204 S3000
M205 X20 Y20
G1 F1500 X122.643 Y118.479 E1889.42465
M204 S5000
M205 X30 Y30
G0 F7200 X122.919 Y118.91
M204 S3000
M205 X20 Y20
G1 F1500 X143.45 Y98.379 E1890.63179
M204 S5000
M205 X30 Y30
G0 F7200 X143.45 Y99.086
M204 S3000
M205 X20 Y20
G1 F1500 X123.196 Y119.341 E1891.82268
M204 S5000
M205 X30 Y30
G0 F7200 X123.472 Y119.771
M204 S3000
M205 X20 Y20
G1 F1500 X143.45 Y99.793 E1892.99731
M204 S5000
M205 X30 Y30
G0 F7200 X143.45 Y100.501
M204 S3000
M205 X20 Y20
G1 F1500 X123.749 Y120.202 E1894.15565
M204 S5000
M205 X30 Y30
G0 F7200 X124.025 Y120.633
M204 S3000
M205 X20 Y20
G1 F1500 X143.45 Y101.208 E1895.29777
M204 S5000
M205 X30 Y30
G0 F7200 X143.45 Y101.915
M204 S3000
M205 X20 Y20
G1 F1500 X124.302 Y121.063 E1896.4236
M204 S5000
M205 X30 Y30
G0 F7200 X124.578 Y121.494
M204 S3000
M205 X20 Y20
G1 F1500 X143.45 Y102.622 E1897.5332
M204 S5000
M205 X30 Y30
G0 F7200 X143.45 Y103.329
M204 S3000
M205 X20 Y20
G1 F1500 X124.855 Y121.925 E1898.62654
M204 S5000
M205 X30 Y30
G0 F7200 X125.131 Y122.355
M204 S3000
M205 X20 Y20
G1 F1500 X143.45 Y104.036 E1899.70363
M204 S5000
M205 X30 Y30
G0 F7200 X143.45 Y104.743
M204 S3000
M205 X20 Y20
G1 F1500 X125.408 Y122.786 E1900.76446
M204 S5000
M205 X30 Y30
G0 F7200 X125.684 Y123.216
M204 S3000
M205 X20 Y20
G1 F1500 X143.45 Y105.45 E1901.80903
M204 S5000
M205 X30 Y30
G0 F7200 X143.45 Y106.157
M204 S3000
M205 X20 Y20
G1 F1500 X126.316 Y123.292 E1902.81648
M204 S5000
M205 X30 Y30
G0 F7200 X127.023 Y123.292
M204 S3000
M205 X20 Y20
G1 F1500 X143.45 Y106.865 E1903.78232
M204 S5000
M205 X30 Y30
G0 F7200 X143.45 Y107.572
M204 S3000
M205 X20 Y20
G1 F1500 X127.73 Y123.292 E1904.7066
M204 S5000
M205 X30 Y30
G0 F7200 X128.436 Y123.293
M204 S3000
M205 X20 Y20
G1 F1500 X130.635 Y121.094 E1904.83589
M204 S5000
M205 X30 Y30
G0 F7200 X130.571 Y121.865
M204 S3000
M205 X20 Y20
G1 F1500 X129.143 Y123.293 E1904.91985
M204 S5000
M205 X30 Y30
G0 F7200 X129.85 Y123.293
M204 S3000
M205 X20 Y20
G1 F1500 X130.652 Y122.492 E1904.96698
M204 S5000
M205 X30 Y30
G0 F7200 X130.823 Y123.028
M204 S3000
M205 X20 Y20
G1 F1500 X130.558 Y123.293 E1904.98256
M204 S5000
M205 X30 Y30
G0 F7200 X131.33 Y120.774
G0 X133.05 Y118.679
M204 S3000
M205 X20 Y20
G1 F1500 X143.45 Y108.279 E1905.59404
M204 S5000
M205 X30 Y30
G0 F7200 X143.45 Y108.986
M204 S3000
M205 X20 Y20
G1 F1500 X133.827 Y118.609 E1906.15983
M204 S5000
M205 X30 Y30
G0 F7200 X134.452 Y118.691
M204 S3000
M205 X20 Y20
G1 F1500 X143.45 Y109.693 E1906.68888
M204 S5000
M205 X30 Y30
G0 F7200 X143.45 Y110.4
M204 S3000
M205 X20 Y20
G1 F1500 X134.998 Y118.852 E1907.18583
M204 S5000
M205 X30 Y30
G0 F7200 X135.443 Y119.114
M204 S3000
M205 X20 Y20
G1 F1500 X143.45 Y111.107 E1907.65661
M204 S5000
M205 X30 Y30
G0 F7200 X143.45 Y111.814
M204 S3000
M205 X20 Y20
G1 F1500 X135.846 Y119.419 E1908.10372
M204 S5000
M205 X30 Y30
G0 F7200 X136.197 Y119.775
M204 S3000
M205 X20 Y20
G1 F1500 X143.45 Y112.521 E1908.5302
M204 S5000
M205 X30 Y30
G0 F7200 X143.45 Y113.229
M204 S3000
M205 X20 Y20
G1 F1500 X136.475 Y120.203 E1908.94027
M204 S5000
M205 X30 Y30
G0 F7200 X136.707 Y120.679
M204 S3000
M205 X20 Y20
G1 F1500 X143.45 Y113.936 E1909.33674
M204 S5000
M205 X30 Y30
G0 F7200 X143.45 Y114.643
M204 S3000
M205 X20 Y20
G1 F1500 X136.852 Y121.241 E1909.72467
M204 S5000
M205 X30 Y30
G0 F7200 X136.876 Y121.924
M204 S3000
M205 X20 Y20
G1 F1500 X143.45 Y115.35 E1910.1112
M204 S5000
M205 X30 Y30
G0 F7200 X143.45 Y116.057
M204 S3000
M205 X20 Y20
G1 F1500 X136.71 Y122.797 E1910.50749
M204 S5000
M205 X30 Y30
G0 F7200 X136.922 Y123.293
M204 S3000
M205 X20 Y20
G1 F1500 X143.45 Y116.764 E1910.89134
M204 S5000
M205 X30 Y30
G0 F7200 X143.45 Y117.471
M204 S3000
M205 X20 Y20
G1 F1500 X137.629 Y123.293 E1911.23362
M204 S5000
M205 X30 Y30
G0 F7200 X138.336 Y123.293
M204 S3000
M205 X20 Y20
G1 F1500 X143.45 Y118.178 E1911.53433
M204 S5000
M205 X30 Y30
G0 F7200 X143.45 Y118.885
M204 S3000
M205 X20 Y20
G1 F1500 X139.043 Y123.293 E1911.79348
M204 S5000
M205 X30 Y30
G0 F7200 X139.75 Y123.293
M204 S3000
M205 X20 Y20
G1 F1500 X143.45 Y119.592 E1912.01105
M204 S5000
M205 X30 Y30
G0 F7200 X143.45 Y120.3
M204 S3000
M205 X20 Y20
G1 F1500 X140.456 Y123.293 E1912.18706
M204 S5000
M205 X30 Y30
G0 F7200 X141.163 Y123.293
M204 S3000
M205 X20 Y20
G1 F1500 X143.45 Y121.007 E1912.3215
M204 S5000
M205 X30 Y30
G0 F7200 X143.45 Y121.714
M204 S3000
M205 X20 Y20
G1 F1500 X141.871 Y123.293 E1912.41433
M204 S5000
M205 X30 Y30
G0 F7200 X142.578 Y123.293
M204 S3000
M205 X20 Y20
G1 F1500 X143.45 Y122.421 E1912.4656
M204 S5000
M205 X30 Y30
G0 F7200 X143.45 Y123.128
M204 S3000
M205 X20 Y20
G1 F1500 X143.285 Y123.293 E1912.47531
M204 S5000
M205 X30 Y30
G0 F7200 X139.277 Y94.269
G0 X139.632 Y92.935
G0 X140.854 Y91.846
G0 X143.352 Y91.406
M204 S3000
M205 X20 Y20
G1 F1500 X143.45 Y91.309 E1912.48104
M204 S5000
M205 X30 Y30
G0 F7200 X142.866 Y91.185
M204 S3000
M205 X20 Y20
G1 F1500 X143.45 Y90.602 E1912.51535
M204 S5000
M205 X30 Y30
G0 F7200 X143.45 Y89.895
M204 S3000
M205 X20 Y20
G1 F1500 X142.266 Y91.078 E1912.58493
M204 S5000
M205 X30 Y30
G0 F7200 X141.559 Y91.078
M204 S3000
M205 X20 Y20
G1 F1500 X143.45 Y89.188 E1912.69609
M204 S5000
M205 X30 Y30
G0 F7200 X143.45 Y88.48
M204 S3000
M205 X20 Y20
G1 F1500 X140.628 Y91.302 E1912.86201
G1 X140.54 Y91.39
M204 S5000
M205 X30 Y30
G0 F7200 X137.732 Y83.592
M204 S3000
M205 X20 Y20
G1 F1500 X131.607 Y89.717 E1913.22213
M204 S5000
M205 X30 Y30
G0 F7200 X131.632 Y88.984
M204 S3000
M205 X20 Y20
G1 F1500 X137.901 Y82.715 E1913.59073
G1 X137.989 Y82.627
M204 S5000
M205 X30 Y30
G0 F7200 X137.594 Y81.608
M204 S3000
M205 X20 Y20
G1 F1500 X131.323 Y87.879 E1913.95944
M204 S5000
M205 X30 Y30
G0 F7200 X131.065 Y87.43
M204 S3000
M205 X20 Y20
G1 F1500 X136.796 Y81.699 E1914.2964
M204 S5000
M205 X30 Y30
G0 F7200 X135.997 Y81.791
M204 S3000
M205 X20 Y20
G1 F1500 X130.751 Y87.037 E1914.60484
M204 S5000
M205 X30 Y30
G0 F7200 X130.363 Y86.718
M204 S3000
M205 X20 Y20
G1 F1500 X135.198 Y81.882 E1914.88915
M204 S5000
M205 X30 Y30
G0 F7200 X134.4 Y81.974
M204 S3000
M205 X20 Y20
G1 F1500 X129.94 Y86.434 E1915.15138
M204 S5000
M205 X30 Y30
G0 F7200 X129.433 Y86.233
M204 S3000
M205 X20 Y20
G1 F1500 X133.602 Y82.065 E1915.39648
M204 S5000
M205 X30 Y30
G0 F7200 X132.803 Y82.156
M204 S3000
M205 X20 Y20
G1 F1500 X128.873 Y86.086 E1915.62755
M204 S5000
M205 X30 Y30
G0 F7200 X128.189 Y86.063
M204 S3000
M205 X20 Y20
G1 F1500 X132.005 Y82.247 E1915.85191
M204 S5000
M205 X30 Y30
G0 F7200 X131.207 Y82.339
M204 S3000
M205 X20 Y20
G1 F1500 X127.26 Y86.286 E1916.08398
G1 X127.172 Y86.374
M204 S5000
M205 X30 Y30
G0 F7200 X128.801 Y86.642
G0 X131.537 Y88.372
M204 S3000
M205 X20 Y20
G1 F1500 X138.392 Y81.517 E1916.48703
G1 X138.48 Y81.429
M204 S5000
M205 X30 Y30
G0 F7200 X107.437 Y90.552
M204 S3000
M205 X20 Y20
G1 F1500 X105.778 Y92.21 E1916.58454
M204 S5000
M205 X30 Y30
G0 F7200 X105.502 Y91.78
M204 S3000
M205 X20 Y20
G1 F1500 X106.389 Y90.893 E1916.63669
M204 S5000
M205 X30 Y30
G0 F7200 X105.653 Y90.922
M204 S3000
M205 X20 Y20
G1 F1500 X105.225 Y91.349 E1916.66183
M204 S5000
M205 X30 Y30
G0 F7200 X104.949 Y90.919
M204 S3000
M205 X20 Y20
G1 F1500 X105.07 Y90.798 E1916.66894
M204 S5000
M205 X30 Y30
G1 F1500 E1910.16894
;MESH:NONMESH
G0 F600 X105.07 Y90.798 Z1.9
G0 F7200 X102.961 Y89.685
G0 X102.007 Y90.298
G0 X93.52 Y102.447
G0 X92.91 Y103.399
G0 X82.789 Y103.461
G0 X81.559 Y102.87
G0 X80.419 Y101.322
G1 F1500 E1916.66894
G0 F7200 X80.532 Y101.308
;TIME_ELAPSED:1759.201054
;LAYER:8
M204 S3000
M205 X20 Y20
;TYPE:WALL-INNER
;MESH:Exterior Hip L.stl
G1 F3092.3 X80.64 Y100.612 E1916.70701
G1 F3121.1 X80.882 Y100.033 E1916.74061
G1 F3126 X81.259 Y99.519 E1916.7747
G1 F3121.1 X81.757 Y99.131 E1916.8085
G1 F3097.1 X82.323 Y98.874 E1916.84205
G1 F3092.3 X82.989 Y98.75 E1916.87866
G1 F3078.1 X83.434 Y98.791 E1916.90292
G1 X83.87 Y98.889 E1916.92719
G1 F3101.9 X84.501 Y99.193 E1916.96493
G1 F3040.8 X84.856 Y99.468 E1916.98961
G1 F3145.5 X84.922 Y99.599 E1916.9974
G1 F3647.9 X85.244 Y100.143 E1917.02637
G1 F4020 X85.417 Y100.562 E1917.04521
G1 X85.472 Y100.8 E1917.05537
G1 X85.514 Y101.45 E1917.08245
G1 X85.49 Y101.694 E1917.09264
G1 X85.373 Y102.129 E1917.11137
G1 X85.035 Y102.776 E1917.14172
G1 X84.538 Y103.256 E1917.17044
G1 X83.988 Y103.565 E1917.19667
G1 X83.405 Y103.715 E1917.2217
G1 X82.853 Y103.722 E1917.24465
G1 X82.22 Y103.58 E1917.27162
G1 X81.994 Y103.478 E1917.28193
G1 X81.467 Y103.123 E1917.30835
G1 X81.094 Y102.743 E1917.33049
G1 X80.759 Y102.066 E1917.36189
G1 F3538.7 X80.561 Y101.391 E1917.39511
G1 F3116.3 X80.532 Y101.308 E1917.39983
M204 S5000
M205 X30 Y30
G0 F7200 X80.419 Y101.322
G0 X80.969 Y102.806
G0 X92.412 Y110.112
G0 X92.786 Y109.791
M204 S3000
M205 X20 Y20
G1 F4020 X92.653 Y109.632 E1917.40845
G1 X92.541 Y109.286 E1917.42357
G1 X92.54 Y103.499 E1917.66416
G1 X85.85 Y99.205 E1917.99466
G1 F3424.2 X85.267 Y98.935 E1918.02602
G1 F3009 X84.643 Y98.527 E1918.06743
G1 F3064 X84.124 Y98.292 E1918.09851
G1 F3073.4 X83.522 Y98.137 E1918.13232
G1 F3054.7 X82.787 Y98.118 E1918.17254
G1 F3059.4 X82.058 Y98.272 E1918.21325
G1 F3087.6 X81.494 Y98.533 E1918.24689
G1 F3097.1 X81.091 Y98.812 E1918.27334
G1 F3092.3 X80.728 Y99.152 E1918.30022
G1 F3097.1 X80.424 Y99.544 E1918.32699
G1 F3087.6 X80.187 Y99.976 E1918.35366
G1 F3097.1 X80.018 Y100.437 E1918.38016
G1 F3092.3 X79.918 Y100.971 E1918.40952
G1 F3050.1 X79.882 Y101.315 E1918.42847
G1 F3453.6 X79.742 Y101.839 E1918.45472
G1 F4020 X75.984 Y134.715 E1919.83045
G1 F3483.5 X75.985 Y135.381 E1919.8624
G1 F3130.8 X75.915 Y135.89 E1919.88983
G1 F3210.9 X75.892 Y136.411 E1919.91697
G1 F3205.7 X75.966 Y137.018 E1919.94885
G1 F3180.4 X76.174 Y137.586 E1919.98064
G1 F3185.4 X76.465 Y138.124 E1920.01273
G1 X76.95 Y138.668 E1920.05097
G1 F3190.5 X77.449 Y139.02 E1920.08296
G1 F3200.6 X77.993 Y139.29 E1920.11468
G1 F3190.5 X78.747 Y139.47 E1920.15528
G1 F3165.4 X79.495 Y139.465 E1920.19478
G1 F3532.5 X80.036 Y139.534 E1920.22058
G1 F4020 X88.538 Y139.533 E1920.57406
G1 X88.096 Y139.296 E1920.59491
G1 X87.614 Y138.827 E1920.62287
G1 X87.449 Y138.592 E1920.6348
G1 X87.182 Y137.987 E1920.6623
G1 X87.121 Y137.756 E1920.67223
G1 X87.08 Y137.13 E1920.69831
G1 X87.177 Y136.536 E1920.72334
G1 X87.587 Y135.749 E1920.76023
G1 X88.067 Y135.28 E1920.78813
G1 X88.647 Y134.954 E1920.81579
G1 X89.259 Y134.802 E1920.84201
G1 X89.901 Y134.8 E1920.8687
G1 X90.482 Y134.952 E1920.89367
G1 X91.075 Y135.271 E1920.92166
G1 X91.535 Y135.719 E1920.94836
G1 X91.885 Y136.294 E1920.97634
G1 X92.06 Y137.05 E1921.00861
G1 X92.075 Y137.291 E1921.01865
G1 X92.03 Y137.756 E1921.03807
G1 X91.969 Y137.987 E1921.048
G1 X91.702 Y138.592 E1921.0755
G1 X91.537 Y138.827 E1921.08743
G1 X91.061 Y139.289 E1921.11501
G1 X90.641 Y139.533 E1921.13521
G1 X119.325 Y139.534 E1922.32775
G1 X119.325 Y130.049 E1922.72209
G1 X119.026 Y130.592 E1922.74786
G1 X118.483 Y131.093 E1922.77858
G1 X117.921 Y131.387 E1922.80495
G1 X117.493 Y131.502 E1922.82337
G1 X116.76 Y131.531 E1922.85387
G1 X116.136 Y131.355 E1922.88082
G1 X115.605 Y131.058 E1922.90612
G1 X115.121 Y130.584 E1922.93428
G1 X114.79 Y129.995 E1922.96237
G1 X114.608 Y129.105 E1923.00014
G1 X114.787 Y128.182 E1923.03923
G1 X115.128 Y127.581 E1923.06796
G1 X115.817 Y126.97 E1923.10625
G1 X116.425 Y126.723 E1923.13353
G1 X116.977 Y126.643 E1923.15672
G1 X117.617 Y126.701 E1923.18344
G1 X118.223 Y126.926 E1923.21031
G1 X118.426 Y127.052 E1923.22024
G1 X118.916 Y127.479 E1923.24727
G1 X119.075 Y127.672 E1923.25766
G1 X119.325 Y128.129 E1923.27932
G1 X119.325 Y120.694 E1923.58843
G1 X102.642 Y109.984 E1924.41265
G1 X93.25 Y109.984 E1924.80313
G1 X92.943 Y109.9 E1924.81636
G1 X92.786 Y109.791 E1924.82431
M204 S5000
M205 X30 Y30
G0 F7200 X92.786 Y110.184
G0 X82.478 Y122.161
G0 X81.961 Y123.124
G0 X82.156 Y123.156
M204 S3000
M205 X20 Y20
G1 F4020 X82.232 Y122.927 E1924.83434
G1 X82.534 Y122.349 E1924.86145
G1 X82.675 Y122.16 E1924.87125
G1 X83.159 Y121.725 E1924.89831
G1 X83.641 Y121.462 E1924.92114
G1 X84.232 Y121.302 E1924.94659
G1 X84.903 Y121.299 E1924.97449
G1 X85.515 Y121.46 E1925.0008
G1 X86.077 Y121.774 E1925.02757
G1 X86.533 Y122.217 E1925.054
G1 X86.886 Y122.795 E1925.08215
G1 X87.086 Y123.669 E1925.11943
G1 X87.019 Y124.365 E1925.1485
G1 X86.639 Y125.228 E1925.1877
G1 X85.968 Y125.877 E1925.22652
G1 X85.366 Y126.159 E1925.25415
G1 X84.753 Y126.286 E1925.28018
G1 X84.173 Y126.252 E1925.30434
G1 X83.95 Y126.2 E1925.31386
G1 X83.283 Y125.928 E1925.3438
G1 X83.097 Y125.795 E1925.35331
G1 X82.509 Y125.225 E1925.38736
G1 X82.182 Y124.487 E1925.42092
G1 X82.121 Y124.256 E1925.43085
G1 X82.077 Y123.804 E1925.44973
G1 X82.156 Y123.156 E1925.47687
M204 S5000
M205 X30 Y30
G0 F7200 X81.961 Y123.124
G0 X76.47 Y135.572
G0 X76.571 Y135.617
M204 S3000
M205 X20 Y20
G1 F3311.4 X77.054 Y134.799 E1925.52482
G1 F3736.1 X77.59 Y134.281 E1925.55816
G1 F4020 X77.786 Y134.144 E1925.5681
G1 X78.382 Y133.884 E1925.59514
G1 X79.012 Y133.787 E1925.62164
G1 X79.647 Y133.85 E1925.64817
G1 X80.453 Y134.175 E1925.6843
G1 X81.142 Y134.849 E1925.72437
G1 X81.519 Y135.694 E1925.76284
G1 X81.586 Y136.405 E1925.79253
G1 X81.414 Y137.155 E1925.82452
G1 X81.325 Y137.374 E1925.83435
G1 X80.97 Y137.916 E1925.86129
G1 X80.491 Y138.345 E1925.88802
G1 X80.097 Y138.565 E1925.90678
G1 F3557.5 X79.418 Y138.839 E1925.94118
G1 F3205.7 X78.758 Y138.829 E1925.97559
G1 F3226.3 X78.135 Y138.679 E1926.00879
G1 F3236.7 X77.561 Y138.352 E1926.0429
G1 X77.026 Y137.845 E1926.08096
G1 F3221.2 X76.655 Y137.138 E1926.12239
G1 F3226.3 X76.523 Y136.466 E1926.15786
G1 F3231.5 X76.513 Y136.383 E1926.16219
G1 F3190.5 X76.571 Y135.617 E1926.20243
M204 S5000
M205 X30 Y30
G0 F7200 X77.122 Y135.823
M204 S3000
M205 X20 Y20
;TYPE:WALL-OUTER
G1 F2040 X77.427 Y135.134 E1926.23376
G1 X77.968 Y134.611 E1926.26504
G1 X78.416 Y134.395 E1926.28572
G1 X78.947 Y134.283 E1926.30828
G1 X79.495 Y134.326 E1926.33113
G1 X80.174 Y134.602 E1926.36161
G1 X80.725 Y135.136 E1926.39351
G1 X81.027 Y135.828 E1926.4249
G1 X81.077 Y136.38 E1926.44794
G1 X80.917 Y137.083 E1926.47792
G1 X80.661 Y137.507 E1926.49851
G1 X80.3 Y137.869 E1926.51976
G1 X79.853 Y138.128 E1926.54124
G1 X79.343 Y138.269 E1926.56324
G1 X78.823 Y138.271 E1926.58486
G1 X78.308 Y138.134 E1926.60701
G1 X77.903 Y137.908 E1926.6263
G1 X77.494 Y137.52 E1926.64973
G1 X77.161 Y136.88 E1926.67973
G1 X77.077 Y136.378 E1926.70089
G1 X77.122 Y135.823 E1926.72404
M204 S5000
M205 X30 Y30
G0 F7200 X77.203 Y135.64
G0 X76.564 Y135.358
G0 X77.598 Y134.08
G0 X78.905 Y133.642
G0 X80.353 Y133.983
G0 X86.999 Y138.066
G0 X87.639 Y137.785
M204 S3000
M205 X20 Y20
G1 F2040 X87.575 Y137.256 E1926.74619
G1 X87.577 Y137.191 E1926.7489
G1 X87.661 Y136.69 E1926.77002
G1 X88 Y136.045 E1926.80031
G1 X88.383 Y135.674 E1926.82248
G1 X88.824 Y135.428 E1926.84347
G1 X89.321 Y135.298 E1926.86483
G1 X89.844 Y135.3 E1926.88658
G1 X90.315 Y135.424 E1926.90683
G1 X90.773 Y135.677 E1926.92858
G1 X91.14 Y136.033 E1926.94984
G1 X91.417 Y136.485 E1926.97188
G1 X91.582 Y137.204 E1927.00255
G1 X91.512 Y137.785 E1927.02688
G1 X91.225 Y138.433 E1927.05634
G1 X90.682 Y138.959 E1927.08777
G1 F2015.8 X90.175 Y139.2 E1927.11139
G1 F1783.2 X89.74 Y139.344 E1927.13318
G1 F1700 X89.229 Y139.325 E1927.1587
G1 F1847.8 X88.473 Y138.964 E1927.19715
G1 F1939.2 X87.926 Y138.433 E1927.23049
G1 F2007.9 X87.639 Y137.785 E1927.26043
M204 S5000
M205 X30 Y30
G0 F7200 X87.615 Y137.587
G0 X86.911 Y137.654
G0 X81.999 Y124.566
G0 X82.639 Y124.285
M204 S3000
M205 X20 Y20
G1 F2040 X82.575 Y123.756 E1927.28258
G1 X82.656 Y123.196 E1927.30611
G1 X82.996 Y122.544 E1927.33668
G1 X83.403 Y122.161 E1927.35991
G1 X83.826 Y121.927 E1927.38001
G1 X84.321 Y121.798 E1927.40128
G1 X84.82 Y121.797 E1927.42202
G1 X85.324 Y121.927 E1927.44366
G1 X85.77 Y122.175 E1927.46488
G1 X86.141 Y122.534 E1927.48634
G1 X86.417 Y122.985 E1927.50833
G1 X86.581 Y123.701 E1927.53886
G1 X86.527 Y124.251 E1927.56184
G1 X86.223 Y124.934 E1927.59292
G1 X85.678 Y125.458 E1927.62435
G1 X85.174 Y125.694 E1927.64749
G1 X84.713 Y125.782 E1927.667
G1 X84.175 Y125.748 E1927.68942
G1 X83.474 Y125.465 E1927.72085
G1 X82.931 Y124.933 E1927.75245
G1 X82.639 Y124.285 E1927.782
M204 S5000
M205 X30 Y30
G0 F7200 X82.615 Y124.087
G0 X81.911 Y124.154
G0 X82.043 Y122.994
G0 X92.341 Y109.366
G0 X93.077 Y109.367
M204 S3000
M205 X20 Y20
G1 F2040 X93.04 Y109.252 E1927.78702
G1 X93.04 Y103.226 E1928.03755
G1 X84.919 Y98.013 E1928.43876
G1 X84.315 Y97.747 E1928.4662
G1 X83.605 Y97.56 E1928.49673
G1 X82.734 Y97.537 E1928.53295
G1 X81.872 Y97.72 E1928.56959
G1 X81.208 Y98.034 E1928.60012
G1 X80.729 Y98.362 E1928.62426
G1 X80.301 Y98.764 E1928.64867
G1 X79.943 Y99.227 E1928.673
G1 X79.661 Y99.737 E1928.69723
G1 X79.463 Y100.283 E1928.72138
G1 X79.349 Y100.87 E1928.74624
G1 X75.351 Y135.847 E1930.20988
G1 X75.329 Y136.433 E1930.23426
G1 X75.412 Y137.149 E1930.26423
G1 X75.656 Y137.819 E1930.29388
G1 X76 Y138.451 E1930.32379
G1 X76.571 Y139.094 E1930.35954
G1 X77.16 Y139.507 E1930.38945
G1 X77.802 Y139.824 E1930.41922
G1 X78.511 Y139.991 E1930.4495
G1 X78.881 Y140.034 E1930.46499
G1 X88.322 Y140.033 E1930.8575
G1 F1888.9 X88.983 Y139.994 E1930.88723
G1 F1672.1 X89.191 Y139.963 E1930.8979
G1 F1606.3 X89.806 Y139.969 E1930.93037
G1 F1783.2 X90.254 Y140.028 E1930.95186
G1 F1992.2 X90.857 Y140.028 E1930.97754
G1 X91.46 Y140.028 E1931.00321
G1 X92.063 Y140.028 E1931.02888
G1 X92.666 Y140.028 E1931.05455
G1 F1996.1 X93.269 Y140.028 E1931.08017
G1 X93.872 Y140.028 E1931.10579
G1 X94.475 Y140.028 E1931.13141
G1 X95.078 Y140.028 E1931.15704
G1 F2000 X95.681 Y140.029 E1931.18261
G1 X96.284 Y140.029 E1931.20818
G1 X96.887 Y140.029 E1931.23375
G1 F2003.9 X97.49 Y140.029 E1931.25927
G1 X98.093 Y140.029 E1931.28479
G1 X98.696 Y140.029 E1931.31031
G1 X99.299 Y140.029 E1931.33583
G1 F2007.9 X99.902 Y140.029 E1931.36131
G1 X100.505 Y140.03 E1931.38678
G1 X101.108 Y140.03 E1931.41225
G1 X101.711 Y140.03 E1931.43772
G1 F2011.8 X102.314 Y140.03 E1931.46314
G1 X102.917 Y140.03 E1931.48856
G1 X103.52 Y140.03 E1931.51398
G1 X104.123 Y140.03 E1931.5394
G1 F2015.8 X104.726 Y140.03 E1931.56477
G1 X105.329 Y140.031 E1931.59014
G1 X105.932 Y140.031 E1931.61551
G1 F2019.8 X106.535 Y140.031 E1931.64083
G1 X107.138 Y140.031 E1931.66615
G1 X107.741 Y140.031 E1931.69147
G1 X108.344 Y140.031 E1931.7168
G1 F2023.8 X108.947 Y140.031 E1931.74207
G1 X109.55 Y140.031 E1931.76734
G1 X110.153 Y140.032 E1931.79261
G1 X110.756 Y140.032 E1931.81788
G1 F2027.8 X111.359 Y140.032 E1931.8431
G1 X111.962 Y140.032 E1931.86832
G1 X112.565 Y140.032 E1931.89354
G1 X113.168 Y140.032 E1931.91876
G1 F2031.9 X113.771 Y140.032 E1931.94393
G1 X114.374 Y140.032 E1931.9691
G1 X114.977 Y140.033 E1931.99427
G1 F2035.9 X115.58 Y140.033 E1932.01939
G1 X116.183 Y140.033 E1932.04451
G1 X116.786 Y140.033 E1932.06963
G1 X117.389 Y140.033 E1932.09475
G1 F2040 X117.992 Y140.033 E1932.11982
G1 X118.595 Y140.033 E1932.14489
G1 X119.198 Y140.033 E1932.16996
G1 X119.801 Y140.033 E1932.19503
G1 X119.825 Y129.927 E1932.61519
G1 F1758.6 X119.745 Y129.425 E1932.6397
G1 F1550.2 X119.747 Y128.867 E1932.67023
G1 F1540.8 X119.741 Y128.693 E1932.67982
G1 F1734.7 X119.825 Y128.201 E1932.70422
G1 F2011.8 X119.825 Y127.228 E1932.74524
G1 F2015.8 X119.825 Y126.255 E1932.78618
G1 F2019.8 X119.825 Y125.282 E1932.82703
G1 F2023.8 X119.825 Y124.309 E1932.86781
G1 F2027.8 X119.825 Y123.336 E1932.90851
G1 F2031.9 X119.825 Y122.363 E1932.94912
G1 F2035.9 X119.825 Y121.39 E1932.98965
G1 F2040 X119.825 Y120.417 E1933.03011
G1 X102.789 Y109.484 E1933.87169
G1 X93.208 Y109.483 E1934.27002
G1 X93.077 Y109.367 E1934.27729
M204 S5000
M205 X30 Y30
G0 F7200 X93.04 Y109.252
G0 X93.04 Y109.172
G0 X92.341 Y109.171
G0 X82.043 Y103.676
G0 X80.969 Y102.806
G0 X80.494 Y101.42
G0 X81.196 Y100.755
M204 S3000
M205 X20 Y20
G1 F2040 X81.382 Y100.309 E1934.29739
G1 X81.718 Y99.881 E1934.32001
G1 X82.114 Y99.583 E1934.34061
G1 X82.579 Y99.396 E1934.36145
G1 X83.108 Y99.333 E1934.3836
G1 X83.589 Y99.398 E1934.40378
G1 X84.235 Y99.713 E1934.43366
G1 X84.456 Y99.903 E1934.44577
G1 X84.749 Y100.278 E1934.46556
G1 X84.97 Y100.788 E1934.48867
G1 X85.018 Y101.526 E1934.51942
G1 X84.865 Y102.059 E1934.54247
G1 X84.608 Y102.492 E1934.5634
G1 X84.261 Y102.837 E1934.58375
G1 X83.822 Y103.088 E1934.60477
G1 X83.334 Y103.22 E1934.62579
G1 X82.788 Y103.214 E1934.64849
G1 X82.274 Y103.063 E1934.67076
G1 X81.747 Y102.708 E1934.69718
G1 X81.506 Y102.448 E1934.71192
G1 X81.207 Y101.844 E1934.73994
G1 X81.125 Y101.317 E1934.76211
G1 X81.125 Y101.251 E1934.76486
G1 X81.196 Y100.755 E1934.78569
M204 S5000
M205 X30 Y30
G0 F7200 X81.273 Y100.571
G0 X80.628 Y100.303
G0 X80.571 Y101.995
G0 X81.151 Y103.013
G0 X114.438 Y129.275
G0 X115.125 Y129.139
M204 S3000
M205 X20 Y20
G1 F2040 X115.121 Y129.068 E1934.78865
G1 X115.263 Y128.352 E1934.81899
G1 X115.541 Y127.878 E1934.84184
G1 X116.083 Y127.406 E1934.87172
G1 X116.563 Y127.204 E1934.89337
G1 X117.042 Y127.139 E1934.91347
G1 X117.552 Y127.197 E1934.93481
G1 X118.066 Y127.401 E1934.9578
G1 X118.621 Y127.885 E1934.98842
G1 F2007.9 X118.896 Y128.369 E1935.01193
G1 F1728.8 X119.091 Y128.794 E1935.03487
G1 F1540.8 X119.089 Y129.368 E1935.06647
G1 F1758.6 X118.865 Y129.864 E1935.09271
G1 F2040 X118.645 Y130.248 E1935.11111
G1 X118.263 Y130.643 E1935.13396
G1 X117.791 Y130.904 E1935.15638
G1 X117.363 Y131.019 E1935.17481
G1 X116.82 Y131.028 E1935.19739
G1 X116.359 Y130.904 E1935.21723
G1 X115.886 Y130.642 E1935.23971
G1 X115.523 Y130.274 E1935.2612
G1 X115.26 Y129.808 E1935.28345
G1 X115.125 Y129.139 E1935.31182
M204 S5000
M205 X30 Y30
G0 F7200 X115.121 Y129.068
G0 X115.146 Y128.942
G0 X114.459 Y128.804
G0 X93.125 Y110.457
M204 S3000
M205 X20 Y20
;TYPE:SKIN
G1 F1500 X92.757 Y110.337 E1935.32792
G1 X92.376 Y110.052 E1935.3477
G1 X92.178 Y109.752 E1935.36264
G1 X92.068 Y109.335 E1935.38057
G1 X92.065 Y103.759 E1935.6124
G1 X85.621 Y99.622 E1935.93076
G1 X85.486 Y99.58 E1935.93664
G1 X85.871 Y100.418 E1935.97498
G1 X85.947 Y100.766 E1935.98979
G1 X85.989 Y101.413 E1936.01675
G1 X85.946 Y101.836 E1936.03443
G1 X85.725 Y102.525 E1936.06451
G1 X85.324 Y103.157 E1936.09563
G1 X84.85 Y103.617 E1936.12309
G1 X84.211 Y103.995 E1936.15395
G1 X83.51 Y104.184 E1936.18414
G1 X82.83 Y104.198 E1936.21242
G1 X82.113 Y104.044 E1936.24291
G1 X81.727 Y103.871 E1936.26049
G1 X81.037 Y103.406 E1936.29508
G1 X80.614 Y102.848 E1936.3242
G1 X80.319 Y102.242 E1936.35222
G1 X80.215 Y101.923 E1936.36617
G1 X76.46 Y134.749 E1937.73981
G1 X76.47 Y134.836 E1937.74345
G1 X76.756 Y134.431 E1937.76407
G1 X77.287 Y133.914 E1937.79488
G1 X77.588 Y133.709 E1937.81002
G1 X78.268 Y133.42 E1937.84074
G1 X79.023 Y133.309 E1937.87246
G1 X79.793 Y133.398 E1937.90469
G1 X80.491 Y133.674 E1937.9359
G1 X80.816 Y133.864 E1937.95155
G1 X81.461 Y134.499 E1937.98918
G1 X81.589 Y134.688 E1937.99867
G1 X81.98 Y135.554 E1938.03817
G1 X82.066 Y136.43 E1938.07477
G1 X81.88 Y137.256 E1938.10997
G1 X81.727 Y137.63 E1938.12677
G1 X81.309 Y138.251 E1938.15789
G1 X80.743 Y138.75 E1938.18926
G1 X80.125 Y139.058 E1938.21797
G1 X87.201 Y139.058 E1938.51215
G1 X87.034 Y138.821 E1938.52421
G1 X86.747 Y138.18 E1938.55341
G1 X86.655 Y137.845 E1938.56785
G1 X86.605 Y137.091 E1938.59927
G1 X86.721 Y136.382 E1938.62914
G1 X87.214 Y135.444 E1938.67319
G1 X87.774 Y134.906 E1938.70548
G1 X88.468 Y134.506 E1938.73878
G1 X89.196 Y134.331 E1938.76991
G1 X89.933 Y134.322 E1938.80055
G1 X90.662 Y134.505 E1938.8318
G1 X91.349 Y134.879 E1938.86432
G1 X91.928 Y135.44 E1938.89784
G1 X92.339 Y136.154 E1938.93209
G1 X92.522 Y136.936 E1938.96548
G1 X92.549 Y137.294 E1938.98041
G1 X92.496 Y137.845 E1939.00342
G1 X92.404 Y138.18 E1939.01786
G1 X92.117 Y138.821 E1939.04706
G1 X91.95 Y139.058 E1939.05912
G1 X118.85 Y139.059 E1940.17749
G1 X118.85 Y131.396 E1940.49608
G1 X118.288 Y131.747 E1940.52363
G1 X117.589 Y131.966 E1940.55408
G1 X117.281 Y132.002 E1940.56697
G1 X116.546 Y131.966 E1940.59757
G1 X115.831 Y131.738 E1940.62877
G1 X115.254 Y131.39 E1940.65678
G1 X114.755 Y130.873 E1940.68666
G1 X114.346 Y130.196 E1940.71954
G1 X114.147 Y129.22 E1940.76095
G1 X114.15 Y128.952 E1940.7721
G1 X114.339 Y127.998 E1940.81253
G1 X114.786 Y127.239 E1940.84915
G1 X115.565 Y126.563 E1940.89203
G1 X116.3 Y126.264 E1940.92502
G1 X116.941 Y126.168 E1940.95197
G1 X117.702 Y126.231 E1940.98371
G1 X118.399 Y126.483 E1941.01453
G1 X118.85 Y126.79 E1941.03721
G1 X118.85 Y120.954 E1941.27984
G1 X102.504 Y110.459 E1942.08745
G1 X93.125 Y110.457 E1942.47738
M204 S5000
M205 X30 Y30
G0 F7200 X81.684 Y123.086
M204 S3000
M205 X20 Y20
G1 F1500 X81.796 Y122.741 E1942.49246
G1 X82.131 Y122.099 E1942.52257
G1 X82.357 Y121.806 E1942.53795
G1 X82.906 Y121.321 E1942.56841
G1 X83.466 Y121.02 E1942.59484
G1 X84.185 Y120.823 E1942.62583
G1 X84.973 Y120.828 E1942.6586
G1 X85.694 Y121.016 E1942.68957
G1 X86.373 Y121.394 E1942.72188
G1 X86.928 Y121.945 E1942.7544
G1 X87.333 Y122.628 E1942.78741
G1 X87.537 Y123.513 E1942.82517
G1 X87.553 Y123.742 E1942.83471
G1 X87.479 Y124.506 E1942.86663
G1 X87.098 Y125.366 E1942.90573
G1 X86.927 Y125.609 E1942.91809
G1 X86.352 Y126.167 E1942.9514
G1 X86.086 Y126.347 E1942.96475
G1 X85.462 Y126.633 E1942.99329
G1 X84.81 Y126.754 E1943.02086
G1 X83.979 Y126.718 E1943.05544
G1 X82.936 Y126.304 E1943.10209
G1 X82.109 Y125.5 E1943.15005
G1 X81.747 Y124.679 E1943.18735
G1 X81.648 Y124.303 E1943.20352
G1 X81.593 Y123.733 E1943.22732
G1 X81.594 Y123.669 E1943.22998
G1 X81.684 Y123.086 E1943.25451
M204 S5000
M205 X30 Y30
G0 F7200 X81.726 Y136.406
G0 X81.308 Y138.583
M204 S3000
M205 X20 Y20
G1 F1500 X81.53 Y138.805 E1943.26756
M204 S5000
M205 X30 Y30
G0 F7200 X81.638 Y138.206
M204 S3000
M205 X20 Y20
G1 F1500 X82.237 Y138.805 E1943.30278
M204 S5000
M205 X30 Y30
G0 F7200 X82.944 Y138.805
M204 S3000
M205 X20 Y20
G1 F1500 X81.923 Y137.784 E1943.36281
M204 S5000
M205 X30 Y30
G0 F7200 X82.129 Y137.283
M204 S3000
M205 X20 Y20
G1 F1500 X83.651 Y138.805 E1943.4523
M204 S5000
M205 X30 Y30
G0 F7200 X84.359 Y138.806
M204 S3000
M205 X20 Y20
G1 F1500 X82.257 Y136.704 E1943.57589
M204 S5000
M205 X30 Y30
G0 F7200 X82.276 Y136.016
M204 S3000
M205 X20 Y20
G1 F1500 X85.066 Y138.806 E1943.73993
M204 S5000
M205 X30 Y30
G0 F7200 X85.773 Y138.806
M204 S3000
M205 X20 Y20
G1 F1500 X82.032 Y135.065 E1943.95989
G1 X81.944 Y134.977
M204 S5000
M205 X30 Y30
G0 F7200 X80.299 Y133.332
M204 S3000
M205 X20 Y20
G1 F1500 X77.224 Y130.257 E1944.14069
M204 S5000
M205 X30 Y30
G0 F7200 X77.151 Y130.891
M204 S3000
M205 X20 Y20
G1 F1500 X79.352 Y133.092 E1944.2701
M204 S5000
M205 X30 Y30
G0 F7200 X78.661 Y133.108
M204 S3000
M205 X20 Y20
G1 F1500 X77.079 Y131.526 E1944.36311
M204 S5000
M205 X30 Y30
G0 F7200 X77.006 Y132.161
M204 S3000
M205 X20 Y20
G1 F1500 X78.074 Y133.228 E1944.42588
M204 S5000
M205 X30 Y30
G0 F7200 X77.578 Y133.44
M204 S3000
M205 X20 Y20
G1 F1500 X76.934 Y132.796 E1944.46374
M204 S5000
M205 X30 Y30
G0 F7200 X76.861 Y133.43
M204 S3000
M205 X20 Y20
G1 F1500 X77.14 Y133.708 E1944.48012
M204 S5000
M205 X30 Y30
G0 F7200 X77.296 Y129.622
M204 S3000
M205 X20 Y20
G1 F1500 X86.48 Y138.806 E1945.0201
M204 S5000
M205 X30 Y30
G0 F7200 X86.462 Y138.08
M204 S3000
M205 X20 Y20
G1 F1500 X77.369 Y128.988 E1945.5547
M204 S5000
M205 X30 Y30
G0 F7200 X77.441 Y128.353
M204 S3000
M205 X20 Y20
G1 F1500 X86.366 Y137.277 E1946.07943
M204 S5000
M205 X30 Y30
G0 F7200 X86.427 Y136.632
M204 S3000
M205 X20 Y20
G1 F1500 X77.514 Y127.719 E1946.60348
M204 S5000
M205 X30 Y30
G0 F7200 X77.586 Y127.084
M204 S3000
M205 X20 Y20
G1 F1500 X86.592 Y136.089 E1947.13297
M204 S5000
M205 X30 Y30
G0 F7200 X86.833 Y135.623
M204 S3000
M205 X20 Y20
G1 F1500 X77.659 Y126.449 E1947.67237
M204 S5000
M205 X30 Y30
G0 F7200 X77.732 Y125.815
M204 S3000
M205 X20 Y20
G1 F1500 X87.11 Y135.193 E1948.22376
M204 S5000
M205 X30 Y30
G0 F7200 X87.471 Y134.847
M204 S3000
M205 X20 Y20
G1 F1500 X77.804 Y125.18 E1948.79214
M204 S5000
M205 X30 Y30
G0 F7200 X77.877 Y124.546
M204 S3000
M205 X20 Y20
G1 F1500 X87.882 Y134.551 E1949.38039
M204 S5000
M205 X30 Y30
G0 F7200 X88.331 Y134.293
M204 S3000
M205 X20 Y20
G1 F1500 X77.949 Y123.911 E1949.99082
M204 S5000
M205 X30 Y30
G0 F7200 X78.022 Y123.276
M204 S3000
M205 X20 Y20
G1 F1500 X88.891 Y134.146 E1950.6299
M204 S5000
M205 X30 Y30
G0 F7200 X89.53 Y134.078
M204 S3000
M205 X20 Y20
G1 F1500 X78.094 Y122.642 E1951.30229
M204 S5000
M205 X30 Y30
G0 F7200 X78.167 Y122.007
M204 S3000
M205 X20 Y20
G1 F1500 X90.322 Y134.162 E1952.01696
G1 X90.41 Y134.25
M204 S5000
M205 X30 Y30
G0 F7200 X92.684 Y136.524
M204 S3000
M205 X20 Y20
G1 F1500 X94.966 Y138.807 E1952.15116
M204 S5000
M205 X30 Y30
G0 F7200 X94.259 Y138.807
M204 S3000
M205 X20 Y20
G1 F1500 X92.793 Y137.341 E1952.23736
M204 S5000
M205 X30 Y30
G0 F7200 X92.718 Y137.973
M204 S3000
M205 X20 Y20
G1 F1500 X93.552 Y138.807 E1952.2864
M204 S5000
M205 X30 Y30
G0 F7200 X92.845 Y138.807
M204 S3000
M205 X20 Y20
G1 F1500 X92.535 Y138.497 E1952.30462
M204 S5000
M205 X30 Y30
G0 F7200 X95.673 Y138.807
M204 S3000
M205 X20 Y20
G1 F1500 X83.775 Y126.908 E1953.00421
M204 S5000
M205 X30 Y30
G0 F7200 X84.567 Y126.994
M204 S3000
M205 X20 Y20
G1 F1500 X96.38 Y138.807 E1953.69877
M204 S5000
M205 X30 Y30
G0 F7200 X97.087 Y138.807
M204 S3000
M205 X20 Y20
G1 F1500 X85.214 Y126.934 E1954.39685
M204 S5000
M205 X30 Y30
G0 F7200 X85.761 Y126.773
M204 S3000
M205 X20 Y20
G1 F1500 X97.794 Y138.807 E1955.10438
M204 S5000
M205 X30 Y30
G0 F7200 X98.502 Y138.807
M204 S3000
M205 X20 Y20
G1 F1500 X86.238 Y126.543 E1955.82545
M204 S5000
M205 X30 Y30
G0 F7200 X86.637 Y126.235
M204 S3000
M205 X20 Y20
G1 F1500 X99.209 Y138.807 E1956.56464
M204 S5000
M205 X30 Y30
G0 F7200 X99.916 Y138.807
M204 S3000
M205 X20 Y20
G1 F1500 X86.996 Y125.887 E1957.32429
M204 S5000
M205 X30 Y30
G0 F7200 X87.31 Y125.493
M204 S3000
M205 X20 Y20
G1 F1500 X100.623 Y138.807 E1958.10707
M204 S5000
M205 X30 Y30
G0 F7200 X101.33 Y138.807
M204 S3000
M205 X20 Y20
G1 F1500 X87.529 Y125.005 E1958.91854
M204 S5000
M205 X30 Y30
G0 F7200 X87.73 Y124.499
M204 S3000
M205 X20 Y20
G1 F1500 X102.037 Y138.807 E1959.75977
M204 S5000
M205 X30 Y30
G0 F7200 X102.744 Y138.807
M204 S3000
M205 X20 Y20
G1 F1500 X87.794 Y123.856 E1960.6388
M204 S5000
M205 X30 Y30
G0 F7200 X87.683 Y123.038
M204 S3000
M205 X20 Y20
G1 F1500 X103.451 Y138.807 E1961.56593
M204 S5000
M205 X30 Y30
G0 F7200 X104.158 Y138.807
M204 S3000
M205 X20 Y20
G1 F1500 X79.109 Y113.757 E1963.03874
M204 S5000
M205 X30 Y30
G0 F7200 X79.181 Y113.122
M204 S3000
M205 X20 Y20
G1 F1500 X104.866 Y138.807 E1964.54892
M204 S5000
M205 X30 Y30
G0 F7200 X105.573 Y138.807
M204 S3000
M205 X20 Y20
G1 F1500 X79.254 Y112.488 E1966.09638
M204 S5000
M205 X30 Y30
G0 F7200 X79.326 Y111.853
M204 S3000
M205 X20 Y20
G1 F1500 X106.28 Y138.807 E1967.68117
M204 S5000
M205 X30 Y30
G0 F7200 X106.987 Y138.807
M204 S3000
M205 X20 Y20
G1 F1500 X79.399 Y111.219 E1969.30324
M204 S5000
M205 X30 Y30
G0 F7200 X79.471 Y110.584
M204 S3000
M205 X20 Y20
G1 F1500 X107.694 Y138.807 E1970.96265
M204 S5000
M205 X30 Y30
G0 F7200 X108.401 Y138.807
M204 S3000
M205 X20 Y20
G1 F1500 X79.544 Y109.95 E1972.65933
M204 S5000
M205 X30 Y30
G0 F7200 X79.616 Y109.315
M204 S3000
M205 X20 Y20
G1 F1500 X109.108 Y138.807 E1974.39334
M204 S5000
M205 X30 Y30
G0 F7200 X109.815 Y138.807
M204 S3000
M205 X20 Y20
G1 F1500 X79.689 Y108.68 E1976.16467
M204 S5000
M205 X30 Y30
G0 F7200 X79.761 Y108.045
M204 S3000
M205 X20 Y20
G1 F1500 X110.522 Y138.807 E1977.97332
M204 S5000
M205 X30 Y30
G0 F7200 X111.23 Y138.807
M204 S3000
M205 X20 Y20
G1 F1500 X79.834 Y107.411 E1979.81929
M204 S5000
M205 X30 Y30
G0 F7200 X79.907 Y106.777
M204 S3000
M205 X20 Y20
G1 F1500 X111.937 Y138.807 E1981.70253
M204 S5000
M205 X30 Y30
G0 F7200 X112.644 Y138.807
M204 S3000
M205 X20 Y20
G1 F1500 X79.979 Y106.142 E1983.62311
M204 S5000
M205 X30 Y30
G0 F7200 X80.052 Y105.508
M204 S3000
M205 X20 Y20
G1 F1500 X113.351 Y138.807 E1985.58096
M204 S5000
M205 X30 Y30
G0 F7200 X114.058 Y138.807
M204 S3000
M205 X20 Y20
G1 F1500 X80.124 Y104.873 E1987.57615
M204 S5000
M205 X30 Y30
G0 F7200 X80.197 Y104.238
M204 S3000
M205 X20 Y20
G1 F1500 X114.765 Y138.807 E1989.60864
M204 S5000
M205 X30 Y30
G0 F7200 X115.472 Y138.807
M204 S3000
M205 X20 Y20
G1 F1500 X80.269 Y103.603 E1991.67848
M204 S5000
M205 X30 Y30
G0 F7200 X80.53 Y103.157
M204 S3000
M205 X20 Y20
G1 F1500 X80.342 Y102.969 E1991.68953
M204 S5000
M205 X30 Y30
G0 F7200 X81.167 Y103.794
M204 S3000
M205 X20 Y20
G1 F1500 X116.179 Y138.807 E1993.74813
M204 S5000
M205 X30 Y30
G0 F7200 X116.886 Y138.807
M204 S3000
M205 X20 Y20
G1 F1500 X82.451 Y104.371 E1995.77281
M204 S5000
M205 X30 Y30
G0 F7200 X83.225 Y104.438
M204 S3000
M205 X20 Y20
G1 F1500 X117.593 Y138.807 E1997.79354
M204 S5000
M205 X30 Y30
G0 F7200 X118.301 Y138.807
M204 S3000
M205 X20 Y20
G1 F1500 X83.845 Y104.351 E1999.81942
M204 S5000
M205 X30 Y30
G0 F7200 X84.384 Y104.182
M204 S3000
M205 X20 Y20
G1 F1500 X118.6 Y138.399 E2001.83122
M204 S5000
M205 X30 Y30
G0 F7200 X118.6 Y137.692
M204 S3000
M205 X20 Y20
G1 F1500 X84.827 Y103.919 E2003.81694
M204 S5000
M205 X30 Y30
G0 F7200 X85.22 Y103.605
M204 S3000
M205 X20 Y20
G1 F1500 X118.6 Y136.984 E2005.77953
M204 S5000
M205 X30 Y30
G0 F7200 X118.6 Y136.277
M204 S3000
M205 X20 Y20
G1 F1500 X92.993 Y110.67 E2007.28512
M204 S5000
M205 X30 Y30
G0 F7200 X93.735 Y110.706
M204 S3000
M205 X20 Y20
G1 F1500 X118.6 Y135.57 E2008.74706
M204 S5000
M205 X30 Y30
G0 F7200 X118.6 Y134.863
M204 S3000
M205 X20 Y20
G1 F1500 X115.667 Y131.93 E2008.91951
G1 X115.579 Y131.842
M204 S5000
M205 X30 Y30
G0 F7200 X116.666 Y132.222
M204 S3000
M205 X20 Y20
G1 F1500 X118.6 Y134.156 E2009.03322
M204 S5000
M205 X30 Y30
G0 F7200 X118.6 Y133.449
M204 S3000
M205 X20 Y20
G1 F1500 X117.389 Y132.238 E2009.10442
M204 S5000
M205 X30 Y30
G0 F7200 X117.968 Y132.11
M204 S3000
M205 X20 Y20
G1 F1500 X118.6 Y132.742 E2009.14158
M204 S5000
M205 X30 Y30
G0 F7200 X118.6 Y132.035
M204 S3000
M205 X20 Y20
G1 F1500 X118.486 Y131.921 E2009.14829
M204 S5000
M205 X30 Y30
G0 F7200 X116.736 Y131.666
G0 X114.25 Y130.514
M204 S3000
M205 X20 Y20
G1 F1500 X94.442 Y110.706 E2010.31292
M204 S5000
M205 X30 Y30
G0 F7200 X95.149 Y110.706
M204 S3000
M205 X20 Y20
G1 F1500 X113.949 Y129.505 E2011.41826
M204 S5000
M205 X30 Y30
G0 F7200 X113.929 Y128.778
M204 S3000
M205 X20 Y20
G1 F1500 X95.857 Y110.706 E2012.48082
M204 S5000
M205 X30 Y30
G0 F7200 X96.564 Y110.706
M204 S3000
M205 X20 Y20
G1 F1500 X114.046 Y128.188 E2013.5087
M204 S5000
M205 X30 Y30
G0 F7200 X114.24 Y127.675
M204 S3000
M205 X20 Y20
G1 F1500 X97.271 Y110.706 E2014.50641
M204 S5000
M205 X30 Y30
G0 F7200 X97.979 Y110.707
M204 S3000
M205 X20 Y20
G1 F1500 X114.502 Y127.23 E2015.4779
M204 S5000
M205 X30 Y30
G0 F7200 X114.84 Y126.861
M204 S3000
M205 X20 Y20
G1 F1500 X98.686 Y110.707 E2016.42769
M204 S5000
M205 X30 Y30
G0 F7200 X99.393 Y110.707
M204 S3000
M205 X20 Y20
G1 F1500 X115.217 Y126.531 E2017.35808
M204 S5000
M205 X30 Y30
G0 F7200 X115.648 Y126.255
M204 S3000
M205 X20 Y20
G1 F1500 X100.101 Y110.708 E2018.27219
M204 S5000
M205 X30 Y30
G0 F7200 X100.808 Y110.708
M204 S3000
M205 X20 Y20
G1 F1500 X116.154 Y126.053 E2019.17444
M204 S5000
M205 X30 Y30
G0 F7200 X116.75 Y125.942
M204 S3000
M205 X20 Y20
G1 F1500 X101.515 Y110.708 E2020.07017
M204 S5000
M205 X30 Y30
G0 F7200 X102.222 Y110.708
M204 S3000
M205 X20 Y20
G1 F1500 X117.474 Y125.959 E2020.9669
G1 X117.562 Y126.047
M204 S5000
M205 X30 Y30
G0 F7200 X118.46 Y126.238
M204 S3000
M205 X20 Y20
G1 F1500 X103.825 Y111.604 E2021.82736
G1 X103.737 Y111.516
M204 S5000
M205 X30 Y30
G0 F7200 X105.801 Y112.872
M204 S3000
M205 X20 Y20
G1 F1500 X118.6 Y125.671 E2022.57989
M204 S5000
M205 X30 Y30
G0 F7200 X118.6 Y124.964
M204 S3000
M205 X20 Y20
G1 F1500 X107.777 Y114.141 E2023.21624
G1 X107.689 Y114.053
M204 S5000
M205 X30 Y30
G0 F7200 X109.752 Y115.409
M204 S3000
M205 X20 Y20
G1 F1500 X118.6 Y124.257 E2023.73647
M204 S5000
M205 X30 Y30
G0 F7200 X118.6 Y123.549
M204 S3000
M205 X20 Y20
G1 F1500 X111.729 Y116.678 E2024.14046
G1 X111.641 Y116.59
M204 S5000
M205 X30 Y30
G0 F7200 X113.704 Y117.947
M204 S3000
M205 X20 Y20
G1 F1500 X118.6 Y122.842 E2024.42829
M204 S5000
M205 X30 Y30
G0 F7200 X118.6 Y122.135
M204 S3000
M205 X20 Y20
G1 F1500 X115.68 Y119.216 E2024.59995
G1 X115.592 Y119.128
M204 S5000
M205 X30 Y30
G0 F7200 X117.656 Y120.484
M204 S3000
M205 X20 Y20
G1 F1500 X118.6 Y121.428 E2024.65545
G1 X118.688 Y121.516
M204 S5000
M205 X30 Y30
G0 F7200 X92.412 Y110.112
G0 X91.876 Y109.554
M204 S3000
M205 X20 Y20
G1 F1500 X85.564 Y103.242 E2025.02657
M204 S5000
M205 X30 Y30
G0 F7200 X85.839 Y102.809
M204 S3000
M205 X20 Y20
G1 F1500 X91.817 Y108.787 E2025.37806
M204 S5000
M205 X30 Y30
G0 F7200 X91.817 Y108.08
M204 S3000
M205 X20 Y20
G1 F1500 X86.053 Y102.316 E2025.71696
M204 S5000
M205 X30 Y30
G0 F7200 X86.199 Y101.756
M204 S3000
M205 X20 Y20
G1 F1500 X91.816 Y107.372 E2026.04719
M204 S5000
M205 X30 Y30
G0 F7200 X91.816 Y106.665
M204 S3000
M205 X20 Y20
G1 F1500 X86.216 Y101.065 E2026.37645
M204 S5000
M205 X30 Y30
G0 F7200 X86.054 Y100.196
M204 S3000
M205 X20 Y20
G1 F1500 X91.816 Y105.958 E2026.71523
M204 S5000
M205 X30 Y30
G0 F7200 X91.815 Y105.25
M204 S3000
M205 X20 Y20
G1 F1500 X88.029 Y101.464 E2026.93783
G1 X87.941 Y101.376
M204 S5000
M205 X30 Y30
G0 F7200 X90.005 Y102.733
M204 S3000
M205 X20 Y20
G1 F1500 X91.815 Y104.543 E2027.04425
G1 X91.903 Y104.631
M204 S5000
M205 X30 Y30
G0 F7200 X79.036 Y114.392
M204 S3000
M205 X20 Y20
G1 F1500 X85.297 Y120.652 E2027.41235
M204 S5000
M205 X30 Y30
G0 F7200 X84.511 Y120.573
M204 S3000
M205 X20 Y20
G1 F1500 X78.964 Y115.027 E2027.73846
M204 S5000
M205 X30 Y30
G0 F7200 X78.891 Y115.661
M204 S3000
M205 X20 Y20
G1 F1500 X83.879 Y120.648 E2028.0317
M204 S5000
M205 X30 Y30
G0 F7200 X83.331 Y120.807
M204 S3000
M205 X20 Y20
G1 F1500 X78.819 Y116.296 E2028.29696
M204 S5000
M205 X30 Y30
G0 F7200 X78.746 Y116.93
M204 S3000
M205 X20 Y20
G1 F1500 X82.871 Y121.055 E2028.5395
M204 S5000
M205 X30 Y30
G0 F7200 X82.476 Y121.367
M204 S3000
M205 X20 Y20
G1 F1500 X78.674 Y117.564 E2028.76307
M204 S5000
M205 X30 Y30
G0 F7200 X78.601 Y118.199
M204 S3000
M205 X20 Y20
G1 F1500 X82.11 Y121.708 E2028.96939
M204 S5000
M205 X30 Y30
G0 F7200 X81.827 Y122.132
M204 S3000
M205 X20 Y20
G1 F1500 X78.529 Y118.834 E2029.1633
M204 S5000
M205 X30 Y30
G0 F7200 X78.457 Y119.469
M204 S3000
M205 X20 Y20
G1 F1500 X81.585 Y122.598 E2029.34724
M204 S5000
M205 X30 Y30
G0 F7200 X81.422 Y123.141
M204 S3000
M205 X20 Y20
G1 F1500 X78.384 Y120.103 E2029.52586
M204 S5000
M205 X30 Y30
G0 F7200 X78.312 Y120.738
M204 S3000
M205 X20 Y20
G1 F1500 X81.345 Y123.771 E2029.70419
M204 S5000
M205 X30 Y30
G0 F7200 X81.468 Y124.602
M204 S3000
M205 X20 Y20
G1 F1500 X78.239 Y121.372 E2029.89407
G1 X78.151 Y121.284
M204 S5000
M205 X30 Y30
G1 F1500 E2023.39407
;MESH:Hip Servo Mount L.stl
G0 F7200 X92.824 Y103.344
G0 X93.434 Y102.392
G0 X105.259 Y95.362
G0 X106.196 Y94.759
G0 X103.886 Y88.588
G0 X103.434 Y86.865
G1 F1500 E2029.89407
G0 F7200 X103.56 Y86.89
M204 S3000
M205 X20 Y20
;TYPE:WALL-INNER
G1 F3082.8 X103.796 Y86.422 E2029.92249
G1 F3078.1 X104.032 Y86.107 E2029.94386
G1 F3101.9 X104.669 Y85.564 E2029.98896
G1 X105.484 Y85.282 E2030.03543
G1 F3078.1 X105.76 Y85.251 E2030.05051
G1 F3257.7 X106.6 Y85.407 E2030.09434
G1 F3729.1 X107.074 Y85.606 E2030.11738
G1 F4020 X107.277 Y85.732 E2030.12731
G1 X107.767 Y86.159 E2030.15434
G1 X107.926 Y86.352 E2030.16473
G1 X108.15 Y86.744 E2030.1835
G1 X108.365 Y87.436 E2030.21363
G1 X108.357 Y88.098 E2030.24115
G1 X108.207 Y88.681 E2030.26618
G1 X107.866 Y89.293 E2030.29531
G1 X107.22 Y89.856 E2030.33093
G1 X106.653 Y90.109 E2030.35675
G1 X106.411 Y90.166 E2030.36708
G1 X105.755 Y90.209 E2030.39442
G1 X105.464 Y90.171 E2030.40662
G1 F3865.4 X104.732 Y89.923 E2030.44004
G1 F3589.3 X103.953 Y89.354 E2030.48495
G1 F3372.5 X103.558 Y88.695 E2030.52303
G1 F3185.4 X103.412 Y87.932 E2030.56379
G1 F3097.1 X103.404 Y87.66 E2030.57847
G1 F3101.9 X103.56 Y86.89 E2030.62081
M204 S5000
M205 X30 Y30
G0 F7200 X103.434 Y86.865
G0 X103.507 Y88.73
G0 X104.62 Y90.031
G0 X114.754 Y97.106
G0 X114.469 Y97.523
M204 S3000
M205 X20 Y20
G1 F4020 X114.586 Y97.74 E2030.63106
G1 X114.624 Y97.918 E2030.63862
G1 X114.626 Y107.337 E2031.03022
G1 X125.336 Y124.018 E2031.85437
G1 X132.77 Y124.018 E2032.16344
G1 X132.228 Y123.721 E2032.18914
G1 X131.728 Y123.179 E2032.2198
G1 X131.433 Y122.615 E2032.24626
G1 X131.318 Y122.186 E2032.26472
G1 X131.289 Y121.445 E2032.29555
G1 X131.507 Y120.743 E2032.32611
G1 X131.848 Y120.203 E2032.35267
G1 X132.218 Y119.838 E2032.37427
G1 X132.779 Y119.5 E2032.4015
G1 X133.407 Y119.332 E2032.42853
G1 X134.049 Y119.333 E2032.45522
G1 X134.672 Y119.496 E2032.482
G1 X135.22 Y119.819 E2032.50844
G1 X135.686 Y120.273 E2032.53549
G1 X135.997 Y120.83 E2032.56201
G1 X136.144 Y121.352 E2032.58456
G1 X136.169 Y121.991 E2032.61115
G1 X136.029 Y122.615 E2032.63773
G1 X135.734 Y123.179 E2032.6642
G1 X135.234 Y123.721 E2032.69485
G1 X134.692 Y124.018 E2032.72055
G1 X144.176 Y124.019 E2033.11485
G1 X144.176 Y95.388 E2034.30519
G1 X143.708 Y96.016 E2034.33775
G1 X143.495 Y96.21 E2034.34973
G1 X142.927 Y96.554 E2034.37734
G1 X142.706 Y96.643 E2034.38724
G1 X142.072 Y96.763 E2034.41407
G1 X141.432 Y96.718 E2034.44074
G1 X140.904 Y96.554 E2034.46373
G1 X140.334 Y96.211 E2034.49138
G1 X139.754 Y95.533 E2034.52848
G1 X139.501 Y94.912 E2034.55636
G1 X139.419 Y94.288 E2034.58252
G1 X139.5 Y93.623 E2034.61038
G1 X139.755 Y93.009 E2034.63802
G1 X140.332 Y92.33 E2034.67506
G1 X140.9 Y91.98 E2034.7028
G1 X141.52 Y91.792 E2034.72974
G1 X142.072 Y91.775 E2034.7527
G1 X142.706 Y91.895 E2034.77952
G1 X142.926 Y91.984 E2034.78939
G1 X143.494 Y92.327 E2034.81698
G1 X143.708 Y92.521 E2034.82898
G1 X144.176 Y93.151 E2034.86161
G1 X144.176 Y84.948 E2035.20265
G1 F3501.7 X144.102 Y84.311 E2035.23326
G1 F3155.4 X144.112 Y83.607 E2035.27055
G1 F3221.2 X144.031 Y83.054 E2035.29955
G1 F3216 X143.842 Y82.463 E2035.3318
G1 F3200.6 X143.53 Y81.938 E2035.36369
G1 X143.221 Y81.562 E2035.3891
G1 F3216 X142.861 Y81.238 E2035.41427
G1 F3210.9 X142.45 Y80.975 E2035.43967
G1 F3216 X142.006 Y80.773 E2035.46502
G1 X141.533 Y80.645 E2035.49049
G1 F3210.9 X141.05 Y80.587 E2035.51581
G1 F3205.7 X140.277 Y80.62 E2035.55615
G1 F3563.8 X140.265 Y80.575 E2035.55833
G1 F4020 X106.389 Y84.446 E2036.9759
G1 F3477.5 X105.744 Y84.598 E2037.00774
G1 F3082.8 X105.397 Y84.635 E2037.02666
G1 F3068.7 X104.845 Y84.793 E2037.05793
G1 F3078.1 X104.393 Y84.99 E2037.08471
G1 F3082.8 X103.983 Y85.267 E2037.11153
G1 F3059.4 X103.621 Y85.595 E2037.13822
G1 F3064 X103.23 Y86.083 E2037.17233
G1 F3082.8 X102.962 Y86.638 E2037.20574
G1 F3073.4 X102.829 Y87.113 E2037.23256
G1 F3068.7 X102.759 Y87.601 E2037.25942
G1 F3082.8 X102.774 Y88.095 E2037.28621
G1 F3054.7 X102.865 Y88.581 E2037.31326
G1 F3073.4 X103.021 Y89.045 E2037.33988
G1 F3092.3 X103.279 Y89.52 E2037.3691
G1 F3155.4 X103.497 Y89.889 E2037.3918
G1 F3589.3 X103.804 Y90.477 E2037.42269
G1 F4020 X108.141 Y97.234 E2037.7565
G1 X113.928 Y97.235 E2037.99709
G1 X114.207 Y97.31 E2038.0091
G1 X114.469 Y97.523 E2038.02314
M204 S5000
M205 X30 Y30
G0 F7200 X114.826 Y97.523
G0 X125.737 Y89.067
G0 X125.934 Y89.098
M204 S3000
M205 X20 Y20
G1 F4020 X126.026 Y88.557 E2038.04596
G1 X126.246 Y88.051 E2038.0689
G1 X126.619 Y87.544 E2038.09506
G1 X127.126 Y87.136 E2038.12212
G1 X127.336 Y87.026 E2038.13198
G1 X128.058 Y86.785 E2038.16362
G1 X128.658 Y86.781 E2038.18857
G1 X128.895 Y86.819 E2038.19855
G1 X129.515 Y87.025 E2038.22571
G1 X129.726 Y87.135 E2038.2356
G1 X130.233 Y87.543 E2038.26266
G1 X130.564 Y87.968 E2038.28505
G1 X130.832 Y88.554 E2038.31184
G1 X130.933 Y89.193 E2038.33874
G1 X130.863 Y89.878 E2038.36737
G1 X130.487 Y90.711 E2038.40536
G1 X129.823 Y91.358 E2038.44391
G1 X129.201 Y91.653 E2038.47253
G1 X128.574 Y91.774 E2038.49908
G1 X127.964 Y91.727 E2038.52451
G1 X127.352 Y91.535 E2038.55118
G1 X126.779 Y91.163 E2038.57958
G1 X126.214 Y90.46 E2038.61708
G1 X125.988 Y89.834 E2038.64475
G1 X125.928 Y89.288 E2038.66759
G1 X125.934 Y89.098 E2038.67549
M204 S5000
M205 X30 Y30
G0 F7200 X125.737 Y89.067
G0 X126.163 Y87.895
G0 X127.157 Y86.94
G0 X138.239 Y83.964
G0 X138.437 Y83.926
M204 S3000
M205 X20 Y20
G1 F4020 X138.429 Y83.69 E2038.68531
G1 X138.489 Y83.217 E2038.70513
G1 X138.694 Y82.645 E2038.73039
G1 X138.901 Y82.301 E2038.74708
G1 X139.284 Y81.884 E2038.77062
G1 X139.815 Y81.53 E2038.79716
G1 X140.418 Y81.321 E2038.82369
G1 F3570.2 X140.401 Y81.234 E2038.82784
G1 F3221.2 X141.155 Y81.212 E2038.86698
G1 F3247.2 X141.816 Y81.359 E2038.90183
G1 X142.419 Y81.677 E2038.93692
G1 X142.893 Y82.128 E2038.97059
G1 F3241.9 X143.238 Y82.64 E2039.00242
G1 F3231.5 X143.427 Y83.203 E2039.03314
G1 F3226.3 X143.488 Y83.658 E2039.05692
G1 F3160.4 X143.458 Y84.256 E2039.08858
G1 F3289.7 X143.127 Y84.958 E2039.12801
G1 F3743 X142.692 Y85.53 E2039.1601
G1 F4020 X142.485 Y85.716 E2039.17167
G1 X141.937 Y86.049 E2039.19833
G1 X141.721 Y86.138 E2039.20804
G1 X141.169 Y86.261 E2039.23156
G1 X140.511 Y86.241 E2039.25893
G1 X139.903 Y86.06 E2039.2853
G1 X139.416 Y85.763 E2039.30901
G1 X139.074 Y85.447 E2039.32837
G1 X138.808 Y85.092 E2039.34682
G1 X138.576 Y84.644 E2039.36779
G1 X138.437 Y83.926 E2039.3982
M204 S5000
M205 X30 Y30
G0 F7200 X138.985 Y83.28
M204 S3000
M205 X20 Y20
;TYPE:WALL-OUTER
G1 F2040 X139.158 Y82.833 E2039.41812
G1 X139.321 Y82.573 E2039.43088
G1 X139.692 Y82.193 E2039.45296
G1 X140.136 Y81.929 E2039.47444
G1 X140.607 Y81.791 E2039.49484
G1 X141.136 Y81.777 E2039.51684
G1 X141.642 Y81.9 E2039.53849
G1 X142.059 Y82.117 E2039.55804
G1 X142.461 Y82.484 E2039.58067
G1 X142.715 Y82.867 E2039.59977
G1 X142.883 Y83.338 E2039.62056
G1 X142.925 Y83.658 E2039.63398
G1 X142.891 Y84.157 E2039.65478
G1 X142.721 Y84.666 E2039.67709
G1 X142.266 Y85.264 E2039.70833
G1 X141.642 Y85.643 E2039.73868
G1 X141.127 Y85.763 E2039.76067
G1 X140.603 Y85.746 E2039.78246
G1 X140.092 Y85.591 E2039.80466
G1 X139.702 Y85.353 E2039.82366
G1 X139.475 Y85.146 E2039.83643
G1 X139.196 Y84.774 E2039.85576
G1 X139.059 Y84.495 E2039.86869
G1 X138.928 Y83.832 E2039.89678
G1 X138.985 Y83.28 E2039.91985
M204 S5000
M205 X30 Y30
G0 F7200 X139.057 Y83.094
G0 X138.407 Y82.83
G0 X139.232 Y94.148
G0 X139.925 Y94.237
M204 S3000
M205 X20 Y20
G1 F2040 X139.997 Y93.732 E2039.94106
G1 X140.193 Y93.261 E2039.96227
G1 X140.662 Y92.712 E2039.99229
G1 X141.107 Y92.441 E2040.01395
G1 X141.628 Y92.289 E2040.03652
G1 X142.152 Y92.281 E2040.0583
G1 X142.668 Y92.412 E2040.08044
G1 X143.278 Y92.781 E2040.11008
G1 X143.704 Y93.352 E2040.1397
G1 F1834.5 X143.968 Y93.854 E2040.16592
G1 F1723 X143.967 Y94.638 E2040.20451
G1 F1906.5 X143.703 Y95.186 E2040.23157
G1 F2040 X143.279 Y95.756 E2040.26111
G1 X142.668 Y96.126 E2040.2908
G1 X142.152 Y96.257 E2040.31294
G1 X141.638 Y96.249 E2040.33431
G1 X141.113 Y96.1 E2040.357
G1 X140.668 Y95.827 E2040.3787
G1 X140.194 Y95.278 E2040.40886
G1 X139.989 Y94.782 E2040.43117
G1 X139.925 Y94.301 E2040.45134
G1 X139.925 Y94.237 E2040.454
M204 S5000
M205 X30 Y30
G0 F7200 X139.953 Y94.039
G0 X139.258 Y93.95
G0 X127.92 Y91.868
G0 X126.68 Y91.266
G0 X125.844 Y89.857
G0 X125.866 Y88.411
G0 X126.506 Y88.697
M204 S3000
M205 X20 Y20
G1 F2040 X126.734 Y88.204 E2040.47659
G1 X127.057 Y87.81 E2040.49777
G1 X127.494 Y87.5 E2040.52004
G1 X128.165 Y87.282 E2040.54938
G1 X128.737 Y87.293 E2040.57316
G1 X129.357 Y87.499 E2040.60032
G1 X129.796 Y87.81 E2040.62269
G1 X130.138 Y88.229 E2040.64518
G1 X130.343 Y88.686 E2040.666
G1 X130.428 Y89.193 E2040.68737
G1 X130.377 Y89.738 E2040.71013
G1 X130.076 Y90.417 E2040.74101
G1 X129.532 Y90.94 E2040.77238
G1 X129.062 Y91.168 E2040.7941
G1 X128.564 Y91.267 E2040.81521
G1 X128.05 Y91.235 E2040.83662
G1 X127.565 Y91.077 E2040.85783
G1 X127.104 Y90.772 E2040.88081
G1 X126.654 Y90.212 E2040.91068
G1 X126.474 Y89.715 E2040.93266
G1 X126.426 Y89.24 E2040.9525
G1 X126.506 Y88.697 E2040.97532
M204 S5000
M205 X30 Y30
G0 F7200 X126.589 Y88.516
G0 X125.948 Y88.229
G0 X114.051 Y97.034
G0 X114.051 Y97.804
M204 S3000
M205 X20 Y20
G1 F2040 X114.126 Y97.923 E2040.98117
G1 X114.126 Y107.483 E2041.37863
G1 X125.063 Y124.518 E2042.22027
G1 X125.927 Y124.518 E2042.25619
G1 F2035.9 X126.791 Y124.518 E2042.29218
G1 F2031.9 X127.655 Y124.518 E2042.32825
G1 F2027.8 X128.519 Y124.518 E2042.36438
G1 F2023.8 X129.383 Y124.518 E2042.40059
G1 F2019.8 X130.247 Y124.518 E2042.43687
G1 F2015.8 X131.111 Y124.518 E2042.47322
G1 F2011.8 X131.975 Y124.518 E2042.50965
G1 F2007.9 X132.839 Y124.518 E2042.54614
G1 F1734.7 X133.337 Y124.435 E2042.57083
G1 F1540.8 X133.509 Y124.441 E2042.5803
G1 X134.125 Y124.435 E2042.61421
G1 F1734.7 X134.621 Y124.519 E2042.63881
G1 F2007.9 X135.459 Y124.519 E2042.6742
G1 F2011.8 X136.297 Y124.519 E2042.70953
G1 X137.135 Y124.519 E2042.74486
G1 F2015.8 X137.973 Y124.519 E2042.78012
G1 F2019.8 X138.811 Y124.519 E2042.8153
G1 F2023.8 X139.649 Y124.519 E2042.85042
G1 X140.487 Y124.519 E2042.88554
G1 F2027.8 X141.325 Y124.519 E2042.92059
G1 F2031.9 X142.163 Y124.519 E2042.95557
G1 F2035.9 X143.001 Y124.519 E2042.99048
G1 X143.839 Y124.519 E2043.02539
G1 F2040 X144.677 Y124.519 E2043.06023
G1 X144.676 Y95.267 E2044.27639
G1 F1786.3 X144.605 Y94.706 E2044.30323
G1 F1593.8 X144.607 Y93.942 E2044.34389
G1 F1576.5 X144.598 Y93.736 E2044.35499
G1 F1752.6 X144.672 Y93.272 E2044.37772
G1 F2007.9 X144.672 Y92.389 E2044.41502
G1 F2011.8 X144.672 Y91.506 E2044.45225
G1 F2015.8 X144.672 Y90.623 E2044.4894
G1 X144.673 Y89.74 E2044.52655
G1 F2019.8 X144.673 Y88.857 E2044.56363
G1 F2023.8 X144.673 Y87.974 E2044.60063
G1 F2027.8 X144.673 Y87.091 E2044.63756
G1 F2031.9 X144.674 Y86.208 E2044.67442
G1 X144.674 Y85.325 E2044.71128
G1 F2035.9 X144.674 Y84.442 E2044.74806
G1 F2040 X144.675 Y83.559 E2044.78477
G1 X144.578 Y82.928 E2044.81132
G1 X144.361 Y82.232 E2044.84163
G1 X143.993 Y81.613 E2044.87157
G1 X143.629 Y81.17 E2044.8954
G1 X143.202 Y80.789 E2044.9192
G1 X142.721 Y80.478 E2044.94301
G1 X142.197 Y80.243 E2044.96688
G1 X141.641 Y80.09 E2044.99086
G1 X141.073 Y80.023 E2045.01464
G1 X140.491 Y80.045 E2045.03885
G1 X105.287 Y84.069 E2046.51199
G1 X104.647 Y84.245 E2046.53959
G1 X104.116 Y84.487 E2046.56385
G1 X103.627 Y84.808 E2046.58817
G1 X103.198 Y85.198 E2046.61228
G1 X102.736 Y85.774 E2046.64297
G1 X102.424 Y86.433 E2046.67329
G1 X102.259 Y86.992 E2046.69752
G1 X102.183 Y87.571 E2046.7218
G1 X102.197 Y88.155 E2046.74608
G1 X102.303 Y88.729 E2046.77035
G1 X102.493 Y89.277 E2046.79447
G1 X102.775 Y89.802 E2046.81924
G1 X107.868 Y97.734 E2047.21114
G1 X113.894 Y97.734 E2047.46167
G1 X114.051 Y97.804 E2047.46882
M204 S5000
M205 X30 Y30
G0 F7200 X114.126 Y97.923
G0 X114.126 Y97.983
G0 X114.826 Y97.983
G0 X104.62 Y90.031
G0 X103.545 Y88.796
G0 X103.287 Y87.598
G0 X103.973 Y87.736
M204 S3000
M205 X20 Y20
G1 F2040 X104.114 Y87.043 E2047.49822
G1 X104.382 Y86.57 E2047.52083
G1 X104.948 Y86.071 E2047.5522
G1 X105.671 Y85.825 E2047.58395
G1 X106.423 Y85.874 E2047.61528
G1 X106.949 Y86.109 E2047.63923
G1 X107.472 Y86.565 E2047.66808
G1 X107.716 Y86.992 E2047.68853
G1 X107.856 Y87.481 E2047.70967
G1 X107.862 Y88.027 E2047.73237
G1 X107.736 Y88.5 E2047.75272
G1 X107.469 Y88.971 E2047.77523
G1 X106.919 Y89.451 E2047.80558
G1 X106.421 Y89.664 E2047.8281
G1 X105.672 Y89.713 E2047.85931
G1 X104.945 Y89.467 E2047.89122
G1 X104.378 Y88.967 E2047.92265
G1 X104.114 Y88.497 E2047.94506
G1 X103.976 Y87.819 E2047.97382
G1 X103.973 Y87.736 E2047.97728
M204 S5000
M205 X30 Y30
G0 F7200 X104.012 Y87.54
G0 X103.326 Y87.402
G0 X103.507 Y88.73
G0 X111.067 Y97.103
G0 X114.754 Y97.106
G0 X131.125 Y122.236
G0 X131.801 Y122.056
M204 S3000
M205 X20 Y20
G1 F2040 X131.793 Y121.547 E2047.99844
G1 X131.927 Y121.021 E2048.02101
G1 X132.181 Y120.58 E2048.04217
G1 X132.536 Y120.224 E2048.06307
G1 X132.971 Y119.97 E2048.08401
G1 X133.466 Y119.834 E2048.10535
G1 X133.974 Y119.831 E2048.12647
G1 X134.477 Y119.964 E2048.14811
G1 X134.918 Y120.217 E2048.16924
G1 X135.281 Y120.581 E2048.19062
G1 X135.521 Y120.993 E2048.21044
G1 X135.661 Y121.482 E2048.23159
G1 X135.67 Y122.024 E2048.25412
G1 X135.546 Y122.485 E2048.27397
G1 X135.3 Y122.929 E2048.29507
G1 F2023.8 X134.921 Y123.321 E2048.31792
G1 F1988.3 X134.448 Y123.592 E2048.34118
G1 F1723 X134.039 Y123.779 E2048.36332
G1 F1529.2 X133.423 Y123.779 E2048.39748
G1 F1723 X133.014 Y123.592 E2048.41962
G1 F2003.9 X132.571 Y123.338 E2048.44123
G1 F2040 X132.178 Y122.958 E2048.46396
G1 X131.916 Y122.485 E2048.48644
G1 X131.801 Y122.056 E2048.5049
M204 S5000
M205 X30 Y30
G0 F7200 X131.798 Y121.856
G0 X131.093 Y121.856
G0 X114.754 Y97.106
G0 X114.393 Y96.873
M204 S3000
M205 X20 Y20
;TYPE:SKIN
G1 F1500 X114.646 Y97.031 E2048.5173
G1 X114.947 Y97.385 E2048.53662
G1 X115.098 Y97.877 E2048.55802
G1 X115.101 Y107.196 E2048.94546
G1 X125.596 Y123.542 E2049.75306
G1 X131.423 Y123.544 E2049.99532
G1 X131.094 Y123.032 E2050.02062
G1 X130.862 Y122.325 E2050.05156
G1 X130.818 Y121.981 E2050.06598
G1 X130.853 Y121.248 E2050.09649
G1 X131.038 Y120.603 E2050.12438
G1 X131.417 Y119.97 E2050.15506
G1 X131.946 Y119.439 E2050.18622
G1 X132.583 Y119.07 E2050.21683
G1 X133.345 Y118.858 E2050.24971
G1 X134.106 Y118.859 E2050.28135
G1 X134.865 Y119.059 E2050.31398
G1 X135.538 Y119.458 E2050.34651
G1 X136.089 Y120.022 E2050.37929
G1 X136.436 Y120.644 E2050.4089
G1 X136.601 Y121.22 E2050.43381
G1 X136.644 Y121.557 E2050.44794
G1 X136.609 Y122.297 E2050.47874
G1 X136.368 Y123.032 E2050.5109
G1 X136.039 Y123.544 E2050.5362
G1 X143.701 Y123.544 E2050.85475
G1 X143.701 Y96.64 E2051.97328
G1 X143.176 Y96.961 E2051.99887
G1 X142.798 Y97.111 E2052.01578
G1 X142.076 Y97.241 E2052.04628
G1 X141.314 Y97.181 E2052.07805
G1 X140.678 Y96.978 E2052.10581
G1 X140.041 Y96.586 E2052.13691
G1 X139.357 Y95.802 E2052.18016
G1 X139.035 Y95.035 E2052.21475
G1 X138.941 Y94.25 E2052.24762
G1 X139.034 Y93.529 E2052.27784
G1 X139.349 Y92.743 E2052.31305
G1 X140.018 Y91.97 E2052.35555
G1 X140.727 Y91.535 E2052.39013
G1 X141.437 Y91.329 E2052.42087
G1 X142.082 Y91.298 E2052.44771
G1 X142.798 Y91.427 E2052.47796
G1 X143.173 Y91.576 E2052.49474
G1 X143.701 Y91.897 E2052.52043
G1 X143.7 Y84.976 E2052.80817
G1 X143.685 Y84.913 E2052.81086
G1 X143.473 Y85.289 E2052.82881
G1 X143.075 Y85.812 E2052.85613
G1 X142.767 Y86.097 E2052.87358
G1 X142.186 Y86.456 E2052.90197
G1 X141.821 Y86.604 E2052.91835
G1 X141.151 Y86.738 E2052.94675
G1 X140.41 Y86.711 E2052.97758
G1 X139.665 Y86.468 E2053.01016
G1 X139.15 Y86.158 E2053.03515
G1 X138.718 Y85.763 E2053.05949
G1 X138.361 Y85.281 E2053.08442
G1 X138.118 Y84.777 E2053.10769
G1 X137.97 Y84.013 E2053.14004
G1 X137.957 Y83.631 E2053.15593
G1 X138.029 Y83.105 E2053.178
G1 X138.246 Y82.481 E2053.20547
G1 X138.494 Y82.053 E2053.22604
G1 X138.955 Y81.54 E2053.25471
G1 X139.552 Y81.135 E2053.2847
G1 X106.521 Y84.912 E2054.66692
G1 X106.798 Y84.978 E2054.67876
G1 X107.298 Y85.186 E2054.70128
G1 X107.56 Y85.35 E2054.71413
G1 X108.076 Y85.795 E2054.74245
G1 X108.314 Y86.08 E2054.75789
G1 X108.584 Y86.554 E2054.78057
G1 X108.794 Y87.211 E2054.80925
G1 X108.839 Y87.552 E2054.82355
G1 X108.826 Y88.206 E2054.85074
G1 X108.635 Y88.906 E2054.88091
G1 X108.205 Y89.622 E2054.91563
G1 X107.486 Y90.257 E2054.95551
G1 X106.839 Y90.548 E2054.98501
G1 X106.446 Y90.64 E2055.00179
G1 X105.741 Y90.682 E2055.03115
G1 X105.357 Y90.632 E2055.04725
G1 X104.641 Y90.394 E2055.07862
G1 X104.162 Y90.111 E2055.10175
G1 X104.215 Y90.239 E2055.10751
G1 X108.401 Y96.759 E2055.42964
G1 X113.978 Y96.763 E2055.66151
G1 X114.393 Y96.873 E2055.67935
M204 S5000
M205 X30 Y30
G0 F7200 X125.509 Y89.905
M204 S3000
M205 X20 Y20
G1 F1500 X125.446 Y89.144 E2055.7111
G1 X125.568 Y88.417 E2055.74175
G1 X125.822 Y87.832 E2055.76826
G1 X126.258 Y87.232 E2055.7991
G1 X126.828 Y86.765 E2055.82974
G1 X127.184 Y86.576 E2055.84649
G1 X127.983 Y86.314 E2055.88145
G1 X128.693 Y86.309 E2055.91097
G1 X129.049 Y86.368 E2055.92597
G1 X129.664 Y86.573 E2055.95293
G1 X130.025 Y86.764 E2055.96991
G1 X130.592 Y87.227 E2056.00034
G1 X130.999 Y87.77 E2056.02855
G1 X131.294 Y88.43 E2056.05861
G1 X131.413 Y89.188 E2056.09051
G1 X131.325 Y90.008 E2056.1248
G1 X130.959 Y90.831 E2056.16224
G1 X130.812 Y91.053 E2056.17331
G1 X130.119 Y91.733 E2056.21368
G1 X129.349 Y92.112 E2056.24936
G1 X128.61 Y92.241 E2056.28055
G1 X127.867 Y92.2 E2056.31148
G1 X127.149 Y91.967 E2056.34287
G1 X126.45 Y91.515 E2056.37748
G1 X125.794 Y90.702 E2056.42091
G1 X125.509 Y89.905 E2056.4561
M204 S5000
M205 X30 Y30
G0 F7200 X125.886 Y88.514
G0 X126.585 Y87.366
G0 X138.379 Y81.81
M204 S3000
M205 X20 Y20
G1 F1500 X138.118 Y81.549 E2056.47144
M204 S5000
M205 X30 Y30
G0 F7200 X137.484 Y81.622
M204 S3000
M205 X20 Y20
G1 F1500 X138.1 Y82.238 E2056.50766
M204 S5000
M205 X30 Y30
G0 F7200 X137.892 Y82.737
M204 S3000
M205 X20 Y20
G1 F1500 X136.849 Y81.694 E2056.56899
M204 S5000
M205 X30 Y30
G0 F7200 X136.214 Y81.767
M204 S3000
M205 X20 Y20
G1 F1500 X137.752 Y83.304 E2056.65939
M204 S5000
M205 X30 Y30
G0 F7200 X137.721 Y83.98
M204 S3000
M205 X20 Y20
G1 F1500 X135.579 Y81.839 E2056.7853
M204 S5000
M205 X30 Y30
G0 F7200 X134.945 Y81.912
M204 S3000
M205 X20 Y20
G1 F1500 X137.869 Y84.836 E2056.95722
G1 X137.957 Y84.924
M204 S5000
M205 X30 Y30
G0 F7200 X139.811 Y86.778
M204 S3000
M205 X20 Y20
G1 F1500 X143.45 Y90.417 E2057.17118
M204 S5000
M205 X30 Y30
G0 F7200 X143.45 Y91.124
M204 S3000
M205 X20 Y20
G1 F1500 X134.31 Y81.984 E2057.70857
M204 S5000
M205 X30 Y30
G0 F7200 X133.676 Y82.057
M204 S3000
M205 X20 Y20
G1 F1500 X142.791 Y91.172 E2058.2445
M204 S5000
M205 X30 Y30
G0 F7200 X141.964 Y91.052
M204 S3000
M205 X20 Y20
G1 F1500 X133.042 Y82.13 E2058.76908
M204 S5000
M205 X30 Y30
G0 F7200 X132.407 Y82.202
M204 S3000
M205 X20 Y20
G1 F1500 X141.311 Y91.106 E2059.2926
M204 S5000
M205 X30 Y30
G0 F7200 X140.76 Y91.262
M204 S3000
M205 X20 Y20
G1 F1500 X131.772 Y82.275 E2059.82103
M204 S5000
M205 X30 Y30
G0 F7200 X131.137 Y82.347
M204 S3000
M205 X20 Y20
G1 F1500 X140.295 Y91.505 E2060.35949
M204 S5000
M205 X30 Y30
G0 F7200 X139.856 Y91.773
M204 S3000
M205 X20 Y20
G1 F1500 X130.503 Y82.42 E2060.90941
M204 S5000
M205 X30 Y30
G0 F7200 X129.869 Y82.493
M204 S3000
M205 X20 Y20
G1 F1500 X139.527 Y92.151 E2061.47726
M204 S5000
M205 X30 Y30
G0 F7200 X139.201 Y92.531
M204 S3000
M205 X20 Y20
G1 F1500 X129.234 Y82.565 E2062.06325
M204 S5000
M205 X30 Y30
G0 F7200 X128.6 Y82.638
M204 S3000
M205 X20 Y20
G1 F1500 X138.969 Y93.007 E2062.67291
M204 S5000
M205 X30 Y30
G0 F7200 X138.783 Y93.528
M204 S3000
M205 X20 Y20
G1 F1500 X127.965 Y82.71 E2063.30897
M204 S5000
M205 X30 Y30
G0 F7200 X127.33 Y82.783
M204 S3000
M205 X20 Y20
G1 F1500 X138.7 Y94.152 E2063.97745
M204 S5000
M205 X30 Y30
G0 F7200 X138.77 Y94.929
M204 S3000
M205 X20 Y20
G1 F1500 X126.696 Y82.855 E2064.68736
M204 S5000
M205 X30 Y30
G0 F7200 X126.061 Y82.928
M204 S3000
M205 X20 Y20
G1 F1500 X129.332 Y86.199 E2064.87968
M204 S5000
M205 X30 Y30
G0 F7200 X128.484 Y86.057
M204 S3000
M205 X20 Y20
G1 F1500 X125.427 Y83 E2065.05942
M204 S5000
M205 X30 Y30
G0 F7200 X124.792 Y83.073
M204 S3000
M205 X20 Y20
G1 F1500 X127.818 Y86.099 E2065.23733
M204 S5000
M205 X30 Y30
G0 F7200 X127.288 Y86.276
M204 S3000
M205 X20 Y20
G1 F1500 X124.158 Y83.145 E2065.4214
M204 S5000
M205 X30 Y30
G0 F7200 X123.523 Y83.218
M204 S3000
M205 X20 Y20
G1 F1500 X126.797 Y86.492 E2065.61389
M204 S5000
M205 X30 Y30
G0 F7200 X126.393 Y86.795
M204 S3000
M205 X20 Y20
G1 F1500 X122.888 Y83.29 E2065.81998
M204 S5000
M205 X30 Y30
G0 F7200 X122.254 Y83.363
M204 S3000
M205 X20 Y20
G1 F1500 X126.021 Y87.131 E2066.04149
M204 S5000
M205 X30 Y30
G0 F7200 X125.724 Y87.54
M204 S3000
M205 X20 Y20
G1 F1500 X121.619 Y83.435 E2066.28285
M204 S5000
M205 X30 Y30
G0 F7200 X120.985 Y83.508
M204 S3000
M205 X20 Y20
G1 F1500 X125.476 Y87.999 E2066.5469
M204 S5000
M205 X30 Y30
G0 F7200 X125.295 Y88.526
M204 S3000
M205 X20 Y20
G1 F1500 X120.35 Y83.581 E2066.83765
M204 S5000
M205 X30 Y30
G0 F7200 X119.716 Y83.653
M204 S3000
M205 X20 Y20
G1 F1500 X125.193 Y89.13 E2067.15968
M204 S5000
M205 X30 Y30
G0 F7200 X125.257 Y89.902
M204 S3000
M205 X20 Y20
G1 F1500 X119.081 Y83.726 E2067.5228
M204 S5000
M205 X30 Y30
G0 F7200 X118.446 Y83.798
M204 S3000
M205 X20 Y20
G1 F1500 X126.001 Y91.353 E2067.96701
M204 S5000
M205 X30 Y30
G0 F7200 X126.499 Y91.851
M204 S3000
M205 X20 Y20
G1 F1500 X143.45 Y108.802 E2068.96366
M204 S5000
M205 X30 Y30
G0 F7200 X143.45 Y109.509
M204 S3000
M205 X20 Y20
G1 F1500 X117.812 Y83.871 E2070.47108
M204 S5000
M205 X30 Y30
G0 F7200 X117.178 Y83.944
M204 S3000
M205 X20 Y20
G1 F1500 X143.45 Y110.216 E2072.01577
M204 S5000
M205 X30 Y30
G0 F7200 X143.45 Y110.923
M204 S3000
M205 X20 Y20
G1 F1500 X116.543 Y84.016 E2073.5978
M204 S5000
M205 X30 Y30
G0 F7200 X115.908 Y84.089
M204 S3000
M205 X20 Y20
G1 F1500 X143.45 Y111.63 E2075.21713
M204 S5000
M205 X30 Y30
G0 F7200 X143.45 Y112.338
M204 S3000
M205 X20 Y20
G1 F1500 X115.273 Y84.161 E2076.87383
M204 S5000
M205 X30 Y30
G0 F7200 X114.639 Y84.234
M204 S3000
M205 X20 Y20
G1 F1500 X143.45 Y113.045 E2078.56781
M204 S5000
M205 X30 Y30
G0 F7200 X143.45 Y113.752
M204 S3000
M205 X20 Y20
G1 F1500 X114.004 Y84.306 E2080.29912
M204 S5000
M205 X30 Y30
G0 F7200 X113.37 Y84.379
M204 S3000
M205 X20 Y20
G1 F1500 X143.45 Y114.459 E2082.06771
M204 S5000
M205 X30 Y30
G0 F7200 X143.45 Y115.166
M204 S3000
M205 X20 Y20
G1 F1500 X112.736 Y84.451 E2083.8736
M204 S5000
M205 X30 Y30
G0 F7200 X112.101 Y84.524
M204 S3000
M205 X20 Y20
G1 F1500 X143.45 Y115.873 E2085.7168
M204 S5000
M205 X30 Y30
G0 F7200 X143.45 Y116.58
M204 S3000
M205 X20 Y20
G1 F1500 X111.466 Y84.596 E2087.59734
M204 S5000
M205 X30 Y30
G0 F7200 X110.831 Y84.668
M204 S3000
M205 X20 Y20
G1 F1500 X143.45 Y117.287 E2089.51521
M204 S5000
M205 X30 Y30
G0 F7200 X143.45 Y117.994
M204 S3000
M205 X20 Y20
G1 F1500 X110.197 Y84.741 E2091.47036
M204 S5000
M205 X30 Y30
G0 F7200 X109.563 Y84.814
M204 S3000
M205 X20 Y20
G1 F1500 X143.45 Y118.702 E2093.46282
M204 S5000
M205 X30 Y30
G0 F7200 X143.45 Y119.409
M204 S3000
M205 X20 Y20
G1 F1500 X108.928 Y84.886 E2095.49261
M204 S5000
M205 X30 Y30
G0 F7200 X108.294 Y84.959
M204 S3000
M205 X20 Y20
G1 F1500 X143.45 Y120.116 E2097.55968
M204 S5000
M205 X30 Y30
G0 F7200 X143.45 Y120.823
M204 S3000
M205 X20 Y20
G1 F1500 X108.311 Y85.683 E2099.62574
G1 X108.195 Y85.568
G1 X107.659 Y85.031 E2099.65729
M204 S5000
M205 X30 Y30
G0 F7200 X109.019 Y87.099
M204 S3000
M205 X20 Y20
G1 F1500 X143.45 Y121.53 E2101.6817
M204 S5000
M205 X30 Y30
G0 F7200 X143.45 Y122.237
M204 S3000
M205 X20 Y20
G1 F1500 X109.081 Y87.867 E2103.70249
M204 S5000
M205 X30 Y30
G0 F7200 X109.002 Y88.496
M204 S3000
M205 X20 Y20
G1 F1500 X143.45 Y122.944 E2105.7279
M204 S5000
M205 X30 Y30
G0 F7200 X143.092 Y123.293
M204 S3000
M205 X20 Y20
G1 F1500 X108.844 Y89.045 E2107.74155
M204 S5000
M205 X30 Y30
G0 F7200 X108.576 Y89.485
M204 S3000
M205 X20 Y20
G1 F1500 X142.385 Y123.293 E2109.72936
M204 S5000
M205 X30 Y30
G0 F7200 X141.678 Y123.293
M204 S3000
M205 X20 Y20
G1 F1500 X108.278 Y89.893 E2111.69316
M204 S5000
M205 X30 Y30
G0 F7200 X107.902 Y90.224
M204 S3000
M205 X20 Y20
G1 F1500 X114.26 Y96.583 E2112.06701
M204 S5000
M205 X30 Y30
G0 F7200 X113.48 Y96.51
M204 S3000
M205 X20 Y20
G1 F1500 X107.497 Y90.526 E2112.41882
M204 S5000
M205 X30 Y30
G0 F7200 X107.009 Y90.745
M204 S3000
M205 X20 Y20
G1 F1500 X112.773 Y96.51 E2112.75775
M204 S5000
M205 X30 Y30
G0 F7200 X112.066 Y96.51
M204 S3000
M205 X20 Y20
G1 F1500 X106.447 Y90.89 E2113.08815
M204 S5000
M205 X30 Y30
G0 F7200 X105.783 Y90.934
M204 S3000
M205 X20 Y20
G1 F1500 X111.359 Y96.51 E2113.416
M204 S5000
M205 X30 Y30
G0 F7200 X110.651 Y96.509
M204 S3000
M205 X20 Y20
G1 F1500 X104.88 Y90.738 E2113.75531
G1 X104.792 Y90.65
M204 S5000
M205 X30 Y30
G0 F7200 X106.013 Y92.578
M204 S3000
M205 X20 Y20
G1 F1500 X109.944 Y96.509 E2113.98644
M204 S5000
M205 X30 Y30
G0 F7200 X109.237 Y96.509
M204 S3000
M205 X20 Y20
G1 F1500 X107.281 Y94.553 E2114.10145
G1 X107.193 Y94.465
M204 S5000
M205 X30 Y30
G0 F7200 X114.754 Y97.106
G0 X115.269 Y97.592
M204 S3000
M205 X20 Y20
G1 F1500 X140.97 Y123.293 E2115.61257
M204 S5000
M205 X30 Y30
G0 F7200 X140.263 Y123.293
M204 S3000
M205 X20 Y20
G1 F1500 X115.346 Y98.375 E2117.07762
M204 S5000
M205 X30 Y30
G0 F7200 X115.346 Y99.082
M204 S3000
M205 X20 Y20
G1 F1500 X135.273 Y119.01 E2118.24928
G1 X135.361 Y119.098
M204 S5000
M205 X30 Y30
G0 F7200 X134.172 Y118.615
M204 S3000
M205 X20 Y20
G1 F1500 X115.346 Y99.79 E2119.35615
M204 S5000
M205 X30 Y30
G0 F7200 X115.346 Y100.497
M204 S3000
M205 X20 Y20
G1 F1500 X133.458 Y118.609 E2120.42107
M204 S5000
M205 X30 Y30
G0 F7200 X132.869 Y118.727
M204 S3000
M205 X20 Y20
G1 F1500 X115.347 Y101.205 E2121.45129
M204 S5000
M205 X30 Y30
G0 F7200 X115.347 Y101.912
M204 S3000
M205 X20 Y20
G1 F1500 X132.349 Y118.914 E2122.45094
M204 S5000
M205 X30 Y30
G0 F7200 X131.902 Y119.174
M204 S3000
M205 X20 Y20
G1 F1500 X115.348 Y102.62 E2123.42426
M204 S5000
M205 X30 Y30
G0 F7200 X115.348 Y103.327
M204 S3000
M205 X20 Y20
G1 F1500 X131.526 Y119.505 E2124.37546
M204 S5000
M205 X30 Y30
G0 F7200 X131.185 Y119.872
M204 S3000
M205 X20 Y20
G1 F1500 X115.348 Y104.035 E2125.30662
M204 S5000
M205 X30 Y30
G0 F7200 X115.348 Y104.742
M204 S3000
M205 X20 Y20
G1 F1500 X130.92 Y120.313 E2126.22216
M204 S5000
M205 X30 Y30
G0 F7200 X130.716 Y120.816
M204 S3000
M205 X20 Y20
G1 F1500 X115.348 Y105.449 E2127.12571
M204 S5000
M205 X30 Y30
G0 F7200 X115.349 Y106.157
M204 S3000
M205 X20 Y20
G1 F1500 X130.594 Y121.402 E2128.02206
M204 S5000
M205 X30 Y30
G0 F7200 X130.584 Y122.098
M204 S3000
M205 X20 Y20
G1 F1500 X115.349 Y106.864 E2128.91779
G1 X115.261 Y106.776
M204 S5000
M205 X30 Y30
G0 F7200 X116.157 Y108.378
M204 S3000
M205 X20 Y20
G1 F1500 X130.832 Y123.054 E2129.78065
M204 S5000
M205 X30 Y30
G0 F7200 X130.363 Y123.292
M204 S3000
M205 X20 Y20
G1 F1500 X117.425 Y110.354 E2130.54136
G1 X117.337 Y110.266
M204 S5000
M205 X30 Y30
G0 F7200 X118.694 Y112.33
M204 S3000
M205 X20 Y20
G1 F1500 X129.656 Y123.292 E2131.18588
M204 S5000
M205 X30 Y30
G0 F7200 X128.949 Y123.292
M204 S3000
M205 X20 Y20
G1 F1500 X119.962 Y114.305 E2131.71428
G1 X119.874 Y114.217
M204 S5000
M205 X30 Y30
G0 F7200 X121.231 Y116.281
M204 S3000
M205 X20 Y20
G1 F1500 X128.241 Y123.291 E2132.12644
M204 S5000
M205 X30 Y30
G0 F7200 X127.534 Y123.291
M204 S3000
M205 X20 Y20
G1 F1500 X122.499 Y118.257 E2132.42245
G1 X122.411 Y118.169
M204 S5000
M205 X30 Y30
G0 F7200 X123.768 Y120.232
M204 S3000
M205 X20 Y20
G1 F1500 X126.827 Y123.291 E2132.60231
M204 S5000
M205 X30 Y30
G0 F7200 X126.12 Y123.291
M204 S3000
M205 X20 Y20
G1 F1500 X125.036 Y122.208 E2132.66601
G1 X124.948 Y122.12
M204 S5000
M205 X30 Y30
G0 F7200 X132.736 Y119.368
G0 X134.07 Y119.192
G0 X135.314 Y119.708
G0 X136.132 Y120.774
G0 X136.581 Y123.146
M204 S3000
M205 X20 Y20
G1 F1500 X136.727 Y123.292 E2132.6746
M204 S5000
M205 X30 Y30
G0 F7200 X136.765 Y122.623
M204 S3000
M205 X20 Y20
G1 F1500 X137.434 Y123.292 E2132.71393
M204 S5000
M205 X30 Y30
G0 F7200 X138.141 Y123.292
M204 S3000
M205 X20 Y20
G1 F1500 X136.871 Y122.021 E2132.78863
M204 S5000
M205 X30 Y30
G0 F7200 X136.862 Y121.306
M204 S3000
M205 X20 Y20
G1 F1500 X138.848 Y123.292 E2132.9054
M204 S5000
M205 X30 Y30
G0 F7200 X139.556 Y123.292
M204 S3000
M205 X20 Y20
G1 F1500 X136.482 Y120.219 E2133.08611
G1 X136.394 Y120.131
M204 S5000
M205 X30 Y30
G0 F7200 X143.45 Y108.095
M204 S3000
M205 X20 Y20
G1 F1500 X127.791 Y92.435 E2134.00683
M204 S5000
M205 X30 Y30
G0 F7200 X128.551 Y92.488
M204 S3000
M205 X20 Y20
G1 F1500 X143.45 Y107.388 E2134.88286
M204 S5000
M205 X30 Y30
G0 F7200 X143.45 Y106.681
M204 S3000
M205 X20 Y20
G1 F1500 X129.165 Y92.396 E2135.72277
M204 S5000
M205 X30 Y30
G0 F7200 X129.697 Y92.22
M204 S3000
M205 X20 Y20
G1 F1500 X143.45 Y105.974 E2136.53142
M204 S5000
M205 X30 Y30
G0 F7200 X143.45 Y105.266
M204 S3000
M205 X20 Y20
G1 F1500 X130.173 Y91.989 E2137.31206
M204 S5000
M205 X30 Y30
G0 F7200 X130.551 Y91.66
M204 S3000
M205 X20 Y20
G1 F1500 X143.45 Y104.559 E2138.07047
M204 S5000
M205 X30 Y30
G0 F7200 X143.45 Y103.852
M204 S3000
M205 X20 Y20
G1 F1500 X130.908 Y91.31 E2138.80789
M204 S5000
M205 X30 Y30
G0 F7200 X131.2 Y90.895
M204 S3000
M205 X20 Y20
G1 F1500 X143.45 Y103.145 E2139.52814
M204 S5000
M205 X30 Y30
G0 F7200 X143.45 Y102.438
M204 S3000
M205 X20 Y20
G1 F1500 X131.419 Y90.407 E2140.23552
M204 S5000
M205 X30 Y30
G0 F7200 X131.589 Y89.87
M204 S3000
M205 X20 Y20
G1 F1500 X143.45 Y101.731 E2140.9329
M204 S5000
M205 X30 Y30
G0 F7200 X143.45 Y101.024
M204 S3000
M205 X20 Y20
G1 F1500 X131.653 Y89.226 E2141.62655
M204 S5000
M205 X30 Y30
G0 F7200 X131.54 Y88.406
M204 S3000
M205 X20 Y20
G1 F1500 X139.606 Y96.472 E2142.1008
M204 S5000
M205 X30 Y30
G0 F7200 X139.964 Y96.83
M204 S3000
M205 X20 Y20
G1 F1500 X143.45 Y100.317 E2142.30579
M204 S5000
M205 X30 Y30
G0 F7200 X143.45 Y99.61
M204 S3000
M205 X20 Y20
G1 F1500 X141.269 Y97.428 E2142.43406
M204 S5000
M205 X30 Y30
G0 F7200 X142.036 Y97.488
M204 S3000
M205 X20 Y20
G1 F1500 X143.45 Y98.903 E2142.51722
M204 S5000
M205 X30 Y30
G0 F7200 X143.45 Y98.195
M204 S3000
M205 X20 Y20
G1 F1500 X142.647 Y97.392 E2142.56444
M204 S5000
M205 X30 Y30
G0 F7200 X143.172 Y97.21
M204 S3000
M205 X20 Y20
G1 F1500 X143.45 Y97.488 E2142.58078
M204 S5000
M205 X30 Y30
G0 F7200 X140.854 Y96.692
G0 X139.632 Y95.602
G0 X139.277 Y94.269
G0 X139.632 Y92.935
G0 X143.45 Y89.71
M204 S3000
M205 X20 Y20
G1 F1500 X140.71 Y86.97 E2142.74188
M204 S5000
M205 X30 Y30
G0 F7200 X141.391 Y86.944
M204 S3000
M205 X20 Y20
G1 F1500 X143.45 Y89.003 E2142.86295
M204 S5000
M205 X30 Y30
G0 F7200 X143.45 Y88.296
M204 S3000
M205 X20 Y20
G1 F1500 X141.965 Y86.811 E2142.95026
M204 S5000
M205 X30 Y30
G0 F7200 X142.449 Y86.588
M204 S3000
M205 X20 Y20
G1 F1500 X143.45 Y87.589 E2143.00911
M204 S5000
M205 X30 Y30
G0 F7200 X143.45 Y86.882
M204 S3000
M205 X20 Y20
G1 F1500 X142.888 Y86.32 E2143.04216
M204 S5000
M205 X30 Y30
G0 F7200 X143.256 Y85.98
M204 S3000
M205 X20 Y20
G1 F1500 X143.45 Y86.175 E2143.05359
M204 S5000
M205 X30 Y30
G1 F1500 E2136.55359
;MESH:NONMESH
G0 F600 X143.45 Y86.175 Z2.1
G0 F7200 X128.115 Y87.042
G0 X106.473 Y89.899
G0 X102.961 Y89.685
G0 X102.007 Y90.298
G0 X93.434 Y102.392
G0 X92.824 Y103.344
G0 X82.789 Y103.461
G0 X81.559 Y102.87
G0 X80.419 Y101.322
G1 F1500 E2143.05359
G0 F7200 X80.532 Y101.308
;TIME_ELAPSED:1974.204834
;LAYER:9
M204 S3000
M205 X20 Y20
;TYPE:WALL-INNER
;MESH:Exterior Hip L.stl
G1 F3092.3 X80.64 Y100.612 E2143.09166
G1 F3121.1 X80.882 Y100.033 E2143.12526
G1 F3126 X81.259 Y99.519 E2143.15934
G1 F3121.1 X81.757 Y99.131 E2143.19315
G1 F3097.1 X82.323 Y98.874 E2143.2267
G1 F3092.3 X82.989 Y98.75 E2143.26331
G1 F3078.1 X83.434 Y98.791 E2143.28757
G1 X83.87 Y98.889 E2143.31184
G1 F3101.9 X84.508 Y99.198 E2143.35003
G1 F3036.3 X84.856 Y99.468 E2143.37428
G1 F3145.5 X84.922 Y99.599 E2143.38207
G1 F3647.9 X85.244 Y100.143 E2143.41104
G1 F4020 X85.417 Y100.562 E2143.42988
G1 X85.472 Y100.8 E2143.44004
G1 X85.514 Y101.45 E2143.46712
G1 X85.49 Y101.694 E2143.47731
G1 X85.299 Y102.307 E2143.50401
G1 X84.973 Y102.834 E2143.52977
G1 X84.563 Y103.235 E2143.55361
G1 X84.019 Y103.554 E2143.57983
G1 X83.405 Y103.715 E2143.60622
G1 X82.853 Y103.722 E2143.62917
G1 X82.22 Y103.58 E2143.65614
G1 X81.994 Y103.478 E2143.66645
G1 X81.467 Y103.123 E2143.69287
G1 X81.094 Y102.743 E2143.71501
G1 X80.759 Y102.066 E2143.74641
G1 F3538.7 X80.561 Y101.391 E2143.77963
G1 F3116.3 X80.532 Y101.308 E2143.78435
M204 S5000
M205 X30 Y30
G0 F7200 X80.419 Y101.322
G0 X76.191 Y134.743
G0 X77.441 Y134.131
G0 X78.778 Y133.592
G0 X79.781 Y133.674
G0 X80.757 Y134.175
G0 X81.74 Y135.793
G0 X81.271 Y137.872
G0 X80.202 Y138.747
G0 X87.762 Y139.297
G0 X86.868 Y137.327
G0 X87.045 Y136.328
G0 X87.855 Y135.191
G0 X89.107 Y134.618
G0 X90.552 Y134.754
G0 X91.728 Y135.633
G0 X92.24 Y137.773
G0 X91.681 Y138.982
G0 X119.103 Y139.312
G0 X119.09 Y130.854
G0 X117.974 Y131.591
G0 X116.601 Y131.704
G0 X115.359 Y131.12
G0 X114.558 Y129.923
G0 X114.429 Y128.899
G0 X115.097 Y127.32
G0 X116.261 Y126.558
G0 X117.642 Y126.492
G0 X118.567 Y126.895
G0 X119.11 Y120.812
G0 X102.58 Y110.196
G0 X92.819 Y110.103
G0 X92.783 Y109.855
M204 S3000
M205 X20 Y20
G1 F4020 X92.532 Y109.567 E2143.80023
G1 X92.456 Y109.283 E2143.81246
G1 X92.455 Y103.445 E2144.05517
G1 X85.849 Y99.205 E2144.38152
G1 F3418.4 X85.267 Y98.935 E2144.41289
G1 F3004.5 X84.646 Y98.528 E2144.45419
G1 F3064 X84.124 Y98.292 E2144.48544
G1 F3073.4 X83.522 Y98.137 E2144.51925
G1 F3054.7 X82.787 Y98.118 E2144.55947
G1 F3059.4 X82.058 Y98.272 E2144.60018
G1 F3087.6 X81.494 Y98.533 E2144.63382
G1 F3097.1 X81.091 Y98.812 E2144.66027
G1 F3092.3 X80.728 Y99.152 E2144.68715
G1 F3097.1 X80.424 Y99.544 E2144.71392
G1 F3087.6 X80.187 Y99.976 E2144.74059
G1 F3097.1 X80.018 Y100.437 E2144.76709
G1 F3092.3 X79.918 Y100.971 E2144.79645
G1 F3050.1 X79.882 Y101.315 E2144.8154
G1 F3453.6 X79.742 Y101.839 E2144.84165
G1 F4020 X75.983 Y134.715 E2146.21738
G1 F3483.5 X75.985 Y135.381 E2146.24934
G1 F3140.6 X75.92 Y135.79 E2146.27137
G1 F3221.2 X75.892 Y136.411 E2146.30363
G1 F3205.7 X75.966 Y137.018 E2146.33551
G1 F3180.4 X76.174 Y137.586 E2146.3673
G1 F3185.4 X76.465 Y138.124 E2146.39939
G1 X76.95 Y138.668 E2146.43763
G1 F3190.5 X77.449 Y139.02 E2146.46962
G1 F3200.6 X77.993 Y139.29 E2146.50133
G1 F3190.5 X78.747 Y139.47 E2146.54194
G1 F3165.4 X79.495 Y139.465 E2146.58143
G1 F3532.5 X80.036 Y139.534 E2146.60724
G1 F4020 X88.538 Y139.533 E2146.96071
G1 X88.096 Y139.296 E2146.98156
G1 X87.614 Y138.827 E2147.00952
G1 X87.449 Y138.592 E2147.02146
G1 X87.182 Y137.987 E2147.04895
G1 X87.121 Y137.756 E2147.05889
G1 X87.08 Y137.13 E2147.08497
G1 X87.177 Y136.536 E2147.10999
G1 X87.587 Y135.749 E2147.14688
G1 X88.067 Y135.28 E2147.17478
G1 X88.647 Y134.954 E2147.20245
G1 X89.259 Y134.802 E2147.22866
G1 X89.901 Y134.8 E2147.25535
G1 X90.482 Y134.952 E2147.28032
G1 X91.075 Y135.271 E2147.30832
G1 X91.535 Y135.719 E2147.33501
G1 X91.885 Y136.294 E2147.363
G1 X92.06 Y137.05 E2147.39526
G1 X92.075 Y137.291 E2147.4053
G1 X92.03 Y137.756 E2147.42472
G1 X91.969 Y137.987 E2147.43466
G1 X91.702 Y138.592 E2147.46215
G1 X91.537 Y138.827 E2147.47409
G1 X91.061 Y139.289 E2147.50167
G1 X90.641 Y139.533 E2147.52186
G1 X119.325 Y139.534 E2148.7144
G1 X119.325 Y130.049 E2149.10874
G1 X119.026 Y130.592 E2149.13451
G1 X118.483 Y131.093 E2149.16523
G1 X117.921 Y131.387 E2149.1916
G1 X117.493 Y131.502 E2149.21003
G1 X116.76 Y131.531 E2149.24052
G1 X116.136 Y131.355 E2149.26748
G1 X115.605 Y131.058 E2149.29277
G1 X115.121 Y130.584 E2149.32094
G1 X114.79 Y129.995 E2149.34903
G1 X114.608 Y129.105 E2149.3868
G1 X114.787 Y128.182 E2149.42589
G1 X115.128 Y127.581 E2149.45461
G1 X115.817 Y126.97 E2149.4929
G1 X116.425 Y126.723 E2149.52018
G1 X116.977 Y126.643 E2149.54337
G1 X117.617 Y126.701 E2149.57009
G1 X118.223 Y126.926 E2149.59697
G1 X118.426 Y127.052 E2149.6069
G1 X118.916 Y127.479 E2149.63392
G1 X119.075 Y127.672 E2149.64432
G1 X119.325 Y128.129 E2149.66597
G1 X119.325 Y120.694 E2149.97508
G1 X102.642 Y109.984 E2150.79931
G1 X93.126 Y109.981 E2151.19494
G1 X92.783 Y109.855 E2151.21013
M204 S5000
M205 X30 Y30
G1 F1500 E2144.71013
G0 F7200 X92.84 Y110.056
G0 X84.103 Y121.098
G0 X82.991 Y121.661
G0 X82.006 Y123.139
G1 F1500 E2151.21013
G0 F7200 X82.156 Y123.156
M204 S3000
M205 X20 Y20
G1 F4020 X82.232 Y122.927 E2151.22016
G1 X82.534 Y122.35 E2151.24724
G1 X82.675 Y122.16 E2151.25707
G1 X83.159 Y121.725 E2151.28413
G1 X83.641 Y121.462 E2151.30696
G1 X84.232 Y121.302 E2151.33241
G1 X84.891 Y121.299 E2151.35981
G1 X85.488 Y121.451 E2151.38542
G1 X86.073 Y121.77 E2151.41313
G1 X86.527 Y122.217 E2151.43961
G1 X86.885 Y122.791 E2151.46774
G1 X87.086 Y123.669 E2151.50519
G1 X87.019 Y124.365 E2151.53426
G1 X86.639 Y125.228 E2151.57346
G1 X85.968 Y125.877 E2151.61227
G1 X85.366 Y126.159 E2151.63991
G1 X84.753 Y126.286 E2151.66594
G1 X84.173 Y126.252 E2151.69009
G1 X83.95 Y126.2 E2151.69961
G1 X83.283 Y125.928 E2151.72956
G1 X83.096 Y125.795 E2151.7391
G1 X82.509 Y125.225 E2151.77312
G1 X82.182 Y124.487 E2151.80668
G1 X82.121 Y124.256 E2151.81661
G1 X82.077 Y123.804 E2151.83549
G1 X82.156 Y123.156 E2151.86263
M204 S5000
M205 X30 Y30
G1 F1500 E2145.36263
G0 F7200 X82.006 Y123.139
G0 X81.983 Y124.274
G0 X78.09 Y133.719
G0 X76.47 Y135.572
G1 F1500 E2151.86263
G0 F7200 X76.571 Y135.617
M204 S3000
M205 X20 Y20
G1 F3311.4 X77.052 Y134.802 E2151.91039
G1 F3736.1 X77.59 Y134.281 E2151.9439
G1 F4020 X77.786 Y134.144 E2151.95384
G1 X78.382 Y133.884 E2151.98087
G1 X79.012 Y133.787 E2152.00737
G1 X79.647 Y133.85 E2152.0339
G1 X80.453 Y134.175 E2152.07004
G1 X81.142 Y134.849 E2152.11011
G1 X81.519 Y135.694 E2152.14858
G1 X81.586 Y136.405 E2152.17827
G1 X81.414 Y137.155 E2152.21026
G1 X81.325 Y137.374 E2152.22009
G1 X80.97 Y137.916 E2152.24702
G1 X80.491 Y138.345 E2152.27376
G1 X80.097 Y138.565 E2152.29252
G1 F3557.5 X79.418 Y138.839 E2152.32692
G1 F3205.7 X78.758 Y138.829 E2152.36133
G1 F3226.3 X78.135 Y138.679 E2152.39453
G1 F3236.7 X77.561 Y138.352 E2152.42864
G1 X77.026 Y137.845 E2152.4667
G1 F3221.2 X76.655 Y137.138 E2152.50812
G1 F3226.3 X76.523 Y136.466 E2152.5436
G1 F3231.5 X76.513 Y136.383 E2152.54792
G1 F3190.5 X76.571 Y135.617 E2152.58817
M204 S5000
M205 X30 Y30
G0 F7200 X77.122 Y135.823
M204 S3000
M205 X20 Y20
;TYPE:WALL-OUTER
G1 F2040 X77.426 Y135.136 E2152.6194
G1 X77.968 Y134.611 E2152.65077
G1 X78.416 Y134.395 E2152.67145
G1 X78.947 Y134.283 E2152.69401
G1 X79.495 Y134.326 E2152.71686
G1 X80.174 Y134.602 E2152.74734
G1 X80.725 Y135.136 E2152.77924
G1 X81.027 Y135.828 E2152.81063
G1 X81.077 Y136.38 E2152.83367
G1 X80.917 Y137.083 E2152.86365
G1 X80.661 Y137.507 E2152.88424
G1 X80.3 Y137.869 E2152.90549
G1 X79.853 Y138.128 E2152.92697
G1 X79.343 Y138.269 E2152.94897
G1 X78.823 Y138.271 E2152.97059
G1 X78.308 Y138.134 E2152.99275
G1 X77.903 Y137.908 E2153.01203
G1 X77.494 Y137.52 E2153.03547
G1 X77.161 Y136.88 E2153.06546
G1 X77.077 Y136.378 E2153.08662
G1 X77.122 Y135.823 E2153.10977
M204 S5000
M205 X30 Y30
G0 F7200 X77.202 Y135.641
G0 X76.564 Y135.359
G0 X77.598 Y134.08
G0 X78.905 Y133.642
G0 X80.526 Y134.054
G0 X81.258 Y134.763
G0 X81.732 Y136.699
G0 X81.271 Y137.872
G0 X80.202 Y138.747
G0 X87.762 Y139.297
G0 X86.999 Y138.066
G0 X87.639 Y137.785
M204 S3000
M205 X20 Y20
G1 F2040 X87.575 Y137.256 E2153.13192
G1 X87.577 Y137.191 E2153.13463
G1 X87.661 Y136.69 E2153.15575
G1 X88 Y136.045 E2153.18604
G1 X88.383 Y135.674 E2153.20821
G1 X88.824 Y135.428 E2153.22921
G1 X89.321 Y135.298 E2153.25056
G1 X89.844 Y135.3 E2153.27231
G1 X90.315 Y135.424 E2153.29256
G1 X90.773 Y135.677 E2153.31431
G1 X91.14 Y136.033 E2153.33557
G1 X91.417 Y136.485 E2153.35761
G1 X91.582 Y137.204 E2153.38828
G1 X91.512 Y137.785 E2153.41261
G1 X91.225 Y138.433 E2153.44207
G1 X90.682 Y138.959 E2153.4735
G1 F2015.8 X90.175 Y139.2 E2153.49712
G1 F1783.2 X89.74 Y139.344 E2153.51892
G1 F1700 X89.229 Y139.325 E2153.54443
G1 F1847.8 X88.473 Y138.964 E2153.58288
G1 F1939.2 X87.926 Y138.433 E2153.61622
G1 F2007.9 X87.639 Y137.785 E2153.64616
M204 S5000
M205 X30 Y30
G0 F7200 X87.615 Y137.587
G1 F1500 E2147.14616
G0 F7200 X86.96 Y137.65
G0 X87.01 Y136.311
G0 X84.011 Y126.46
G0 X82.467 Y125.377
G1 F1500 E2153.64616
G0 F7200 X82.639 Y124.285
M204 S3000
M205 X20 Y20
G1 F2040 X82.575 Y123.756 E2153.66831
G1 X82.656 Y123.196 E2153.69184
G1 X82.997 Y122.543 E2153.72246
G1 X83.403 Y122.161 E2153.74564
G1 X83.826 Y121.927 E2153.76574
G1 X84.321 Y121.798 E2153.78701
G1 X84.838 Y121.799 E2153.8085
G1 X85.324 Y121.927 E2153.82939
G1 X85.775 Y122.179 E2153.85087
G1 X86.14 Y122.533 E2153.87201
G1 X86.417 Y122.985 E2153.89405
G1 X86.581 Y123.701 E2153.92459
G1 X86.527 Y124.251 E2153.94757
G1 X86.223 Y124.934 E2153.97865
G1 X85.678 Y125.458 E2154.01008
G1 X85.174 Y125.694 E2154.03322
G1 X84.713 Y125.782 E2154.05273
G1 X84.175 Y125.748 E2154.07514
G1 X83.472 Y125.464 E2154.10667
G1 X82.931 Y124.933 E2154.13818
G1 X82.639 Y124.285 E2154.16773
M204 S5000
M205 X30 Y30
G0 F7200 X82.615 Y124.087
G1 F1500 E2147.66773
G0 F7200 X81.96 Y124.15
G0 X82.043 Y122.994
G0 X82.991 Y121.661
G0 X83.954 Y121.233
G0 X84.998 Y121.087
G0 X92.643 Y110.062
G1 F1500 E2154.16773
G0 F7200 X93.039 Y109.422
M204 S3000
M205 X20 Y20
G1 F2040 X92.956 Y109.265 E2154.17511
G1 X92.955 Y103.172 E2154.42843
G1 X84.922 Y98.014 E2154.82533
G1 X84.315 Y97.747 E2154.8529
G1 X83.605 Y97.56 E2154.88342
G1 X82.734 Y97.537 E2154.91965
G1 X81.872 Y97.72 E2154.95628
G1 X81.208 Y98.034 E2154.98682
G1 X80.729 Y98.362 E2155.01096
G1 X80.301 Y98.764 E2155.03537
G1 X79.943 Y99.227 E2155.0597
G1 X79.661 Y99.737 E2155.08393
G1 X79.463 Y100.283 E2155.10808
G1 X79.349 Y100.87 E2155.13294
G1 X75.352 Y135.831 E2156.59591
G1 X75.329 Y136.433 E2156.62096
G1 X75.412 Y137.149 E2156.65093
G1 X75.656 Y137.819 E2156.68057
G1 X76 Y138.451 E2156.71049
G1 X76.571 Y139.094 E2156.74624
G1 X77.16 Y139.507 E2156.77615
G1 X77.802 Y139.824 E2156.80592
G1 X78.511 Y139.991 E2156.8362
G1 X78.881 Y140.034 E2156.85169
G1 X88.322 Y140.033 E2157.2442
G1 F1888.9 X88.983 Y139.994 E2157.27393
G1 F1672.1 X89.191 Y139.963 E2157.28459
G1 F1606.3 X89.806 Y139.969 E2157.31707
G1 F1783.2 X90.254 Y140.028 E2157.33856
G1 F1992.2 X90.857 Y140.028 E2157.36423
G1 X91.46 Y140.028 E2157.3899
G1 X92.063 Y140.028 E2157.41557
G1 X92.666 Y140.028 E2157.44125
G1 F1996.1 X93.269 Y140.028 E2157.46687
G1 X93.872 Y140.028 E2157.49249
G1 X94.475 Y140.028 E2157.51811
G1 X95.078 Y140.028 E2157.54373
G1 F2000 X95.681 Y140.029 E2157.5693
G1 X96.284 Y140.029 E2157.59487
G1 X96.887 Y140.029 E2157.62045
G1 F2003.9 X97.49 Y140.029 E2157.64597
G1 X98.093 Y140.029 E2157.67149
G1 X98.696 Y140.029 E2157.69701
G1 X99.299 Y140.029 E2157.72253
G1 F2007.9 X99.902 Y140.029 E2157.748
G1 X100.505 Y140.03 E2157.77347
G1 X101.108 Y140.03 E2157.79894
G1 X101.711 Y140.03 E2157.82441
G1 F2011.8 X102.314 Y140.03 E2157.84983
G1 X102.917 Y140.03 E2157.87526
G1 X103.52 Y140.03 E2157.90068
G1 X104.123 Y140.03 E2157.9261
G1 F2015.8 X104.726 Y140.03 E2157.95147
G1 X105.329 Y140.031 E2157.97684
G1 X105.932 Y140.031 E2158.00221
G1 F2019.8 X106.535 Y140.031 E2158.02753
G1 X107.138 Y140.031 E2158.05285
G1 X107.741 Y140.031 E2158.07817
G1 X108.344 Y140.031 E2158.10349
G1 F2023.8 X108.947 Y140.031 E2158.12876
G1 X109.55 Y140.031 E2158.15403
G1 X110.153 Y140.032 E2158.1793
G1 X110.756 Y140.032 E2158.20457
G1 F2027.8 X111.359 Y140.032 E2158.22979
G1 X111.962 Y140.032 E2158.25501
G1 X112.565 Y140.032 E2158.28023
G1 X113.168 Y140.032 E2158.30545
G1 F2031.9 X113.771 Y140.032 E2158.33062
G1 X114.374 Y140.032 E2158.35579
G1 X114.977 Y140.033 E2158.38096
G1 F2035.9 X115.58 Y140.033 E2158.40608
G1 X116.183 Y140.033 E2158.4312
G1 X116.786 Y140.033 E2158.45632
G1 X117.389 Y140.033 E2158.48144
G1 F2040 X117.992 Y140.033 E2158.50651
G1 X118.595 Y140.033 E2158.53158
G1 X119.198 Y140.033 E2158.55665
G1 X119.801 Y140.033 E2158.58172
G1 X119.825 Y129.927 E2159.00188
G1 F1758.6 X119.745 Y129.425 E2159.0264
G1 F1550.2 X119.747 Y128.867 E2159.05693
G1 F1540.8 X119.741 Y128.693 E2159.06651
G1 F1734.7 X119.825 Y128.201 E2159.09092
G1 F2011.8 X119.825 Y127.228 E2159.13193
G1 F2015.8 X119.825 Y126.255 E2159.17287
G1 F2019.8 X119.825 Y125.282 E2159.21373
G1 F2023.8 X119.825 Y124.309 E2159.25451
G1 F2027.8 X119.825 Y123.336 E2159.2952
G1 F2031.9 X119.825 Y122.363 E2159.33582
G1 F2035.9 X119.825 Y121.39 E2159.37635
G1 F2040 X119.825 Y120.417 E2159.4168
G1 X102.789 Y109.484 E2160.25838
G1 X93.15 Y109.479 E2160.65913
G1 X93.039 Y109.422 E2160.66431
M204 S5000
M205 X30 Y30
G0 F7200 X92.956 Y109.265
G0 X92.956 Y109.242
G0 X92.256 Y109.241
G0 X92.24 Y103.563
G0 X85.731 Y99.381
G0 X85.683 Y100.789
G0 X85.578 Y102.182
G0 X84.79 Y103.316
G0 X83.415 Y103.861
G0 X82.043 Y103.676
G0 X80.969 Y102.806
G0 X80.494 Y101.42
G0 X81.196 Y100.755
M204 S3000
M205 X20 Y20
G1 F2040 X81.382 Y100.309 E2160.68441
G1 X81.718 Y99.881 E2160.70703
G1 X82.114 Y99.583 E2160.72763
G1 X82.579 Y99.396 E2160.74847
G1 X83.108 Y99.333 E2160.77062
G1 X83.589 Y99.398 E2160.7908
G1 X84.235 Y99.713 E2160.82068
G1 X84.456 Y99.903 E2160.83279
G1 X84.749 Y100.278 E2160.85258
G1 X84.97 Y100.788 E2160.87569
G1 X85.018 Y101.526 E2160.90644
G1 X84.865 Y102.059 E2160.92949
G1 X84.61 Y102.49 E2160.95031
G1 X84.261 Y102.837 E2160.97077
G1 X83.805 Y103.095 E2160.99255
G1 X83.334 Y103.22 E2161.01281
G1 X82.788 Y103.214 E2161.03552
G1 X82.274 Y103.063 E2161.05779
G1 X81.747 Y102.708 E2161.08421
G1 X81.506 Y102.448 E2161.09894
G1 X81.207 Y101.844 E2161.12696
G1 X81.125 Y101.317 E2161.14914
G1 X81.125 Y101.251 E2161.15188
G1 X81.196 Y100.755 E2161.17271
M204 S5000
M205 X30 Y30
G0 F7200 X81.273 Y100.571
G0 X80.628 Y100.303
G0 X79.952 Y101.858
G0 X76.191 Y134.743
G0 X77.441 Y134.131
G0 X78.778 Y133.592
G0 X79.781 Y133.674
G0 X80.757 Y134.175
G0 X81.74 Y135.793
G0 X81.271 Y137.872
G0 X80.202 Y138.747
G0 X87.762 Y139.297
G0 X86.868 Y137.327
G0 X87.045 Y136.328
G0 X87.855 Y135.191
G0 X89.107 Y134.618
G0 X90.552 Y134.754
G0 X91.728 Y135.633
G0 X92.24 Y137.773
G0 X91.681 Y138.982
G0 X119.103 Y139.312
G0 X119.09 Y130.854
G0 X117.974 Y131.591
G0 X116.601 Y131.704
G0 X115.359 Y131.12
G0 X114.711 Y130.151
G0 X115.125 Y129.139
M204 S3000
M205 X20 Y20
G1 F2040 X115.121 Y129.068 E2161.17567
G1 X115.263 Y128.352 E2161.20602
G1 X115.541 Y127.878 E2161.22886
G1 X116.083 Y127.406 E2161.25874
G1 X116.563 Y127.204 E2161.2804
G1 X117.042 Y127.139 E2161.30049
G1 X117.552 Y127.197 E2161.32183
G1 X118.066 Y127.401 E2161.34482
G1 X118.621 Y127.885 E2161.37544
G1 F2007.9 X118.896 Y128.369 E2161.39895
G1 F1728.8 X119.091 Y128.794 E2161.42189
G1 F1540.8 X119.089 Y129.368 E2161.45349
G1 F1758.6 X118.865 Y129.864 E2161.47974
G1 F2040 X118.645 Y130.248 E2161.49814
G1 X118.263 Y130.643 E2161.52098
G1 X117.791 Y130.904 E2161.54341
G1 X117.363 Y131.019 E2161.56183
G1 X116.82 Y131.028 E2161.58441
G1 X116.359 Y130.904 E2161.60426
G1 X115.886 Y130.642 E2161.62674
G1 X115.523 Y130.274 E2161.64823
G1 X115.26 Y129.808 E2161.67047
G1 X115.125 Y129.139 E2161.69885
M204 S5000
M205 X30 Y30
G0 F7200 X115.121 Y129.068
G0 X115.146 Y128.942
G0 X114.459 Y128.804
G0 X114.656 Y130.051
G0 X115.492 Y131.151
G0 X116.736 Y131.666
G0 X118.069 Y131.49
G0 X119.137 Y130.671
G0 X119.197 Y139.406
G0 X91.092 Y139.419
G0 X92.154 Y137.91
G0 X92.017 Y136.243
G0 X91.16 Y135.161
G0 X89.913 Y134.658
G0 X88.583 Y134.828
G0 X87.478 Y135.661
G0 X86.928 Y137.199
G0 X87.393 Y138.806
G0 X78.618 Y139.361
G0 X76.239 Y137.555
G0 X75.988 Y135.893
G0 X80.079 Y100.455
G0 X82.79 Y98.178
G0 X84.625 Y98.582
G0 X92.321 Y103.518
G0 X92.306 Y109.633
G0 X92.095 Y109.754
M204 S3000
M205 X20 Y20
;TYPE:SKIN
G1 F1500 X91.983 Y109.327 E2161.7172
G1 X91.98 Y103.705 E2161.95094
G1 X85.62 Y99.623 E2162.26513
G1 X85.487 Y99.581 E2162.27093
G1 X85.853 Y100.368 E2162.30702
G1 X85.947 Y100.766 E2162.32402
G1 X85.989 Y101.413 E2162.35097
G1 X85.946 Y101.836 E2162.36865
G1 X85.725 Y102.525 E2162.39873
G1 X85.333 Y103.145 E2162.42923
G1 X84.854 Y103.615 E2162.45713
G1 X84.205 Y103.998 E2162.48846
G1 X83.51 Y104.184 E2162.51837
G1 X82.83 Y104.198 E2162.54665
G1 X82.113 Y104.044 E2162.57714
G1 X81.727 Y103.871 E2162.59472
G1 X81.195 Y103.514 E2162.62136
G1 X80.955 Y103.296 E2162.63484
G1 X80.614 Y102.848 E2162.65825
G1 X80.319 Y102.242 E2162.68627
G1 X80.215 Y101.923 E2162.70022
G1 X76.459 Y134.748 E2164.07383
G1 X76.469 Y134.837 E2164.07755
G1 X76.788 Y134.395 E2164.10021
G1 X77.254 Y133.942 E2164.12723
G1 X77.542 Y133.737 E2164.14193
G1 X78.27 Y133.42 E2164.17494
G1 X79.023 Y133.309 E2164.20659
G1 X79.793 Y133.398 E2164.23881
G1 X80.52 Y133.688 E2164.27135
G1 X80.816 Y133.864 E2164.28567
G1 X81.461 Y134.499 E2164.3233
G1 X81.589 Y134.688 E2164.33279
G1 X81.98 Y135.554 E2164.3723
G1 X82.066 Y136.43 E2164.40889
G1 X81.88 Y137.256 E2164.44409
G1 X81.727 Y137.63 E2164.46089
G1 X81.309 Y138.251 E2164.49201
G1 X80.743 Y138.75 E2164.52338
G1 X80.125 Y139.058 E2164.55209
G1 X87.201 Y139.058 E2164.84628
G1 X87.034 Y138.821 E2164.85833
G1 X86.747 Y138.18 E2164.88753
G1 X86.655 Y137.845 E2164.90197
G1 X86.605 Y137.091 E2164.93339
G1 X86.721 Y136.382 E2164.96326
G1 X87.214 Y135.444 E2165.00732
G1 X87.774 Y134.906 E2165.0396
G1 X88.468 Y134.506 E2165.0729
G1 X89.196 Y134.331 E2165.10403
G1 X89.933 Y134.322 E2165.13468
G1 X90.662 Y134.505 E2165.16592
G1 X91.349 Y134.879 E2165.19844
G1 X91.928 Y135.44 E2165.23196
G1 X92.339 Y136.154 E2165.26621
G1 X92.522 Y136.936 E2165.2996
G1 X92.549 Y137.294 E2165.31453
G1 X92.496 Y137.845 E2165.33754
G1 X92.404 Y138.18 E2165.35199
G1 X92.117 Y138.821 E2165.38119
G1 X91.95 Y139.058 E2165.39324
G1 X118.85 Y139.059 E2166.51161
G1 X118.85 Y131.396 E2166.8302
G1 X118.288 Y131.747 E2166.85775
G1 X117.589 Y131.966 E2166.8882
G1 X117.281 Y132.002 E2166.9011
G1 X116.546 Y131.966 E2166.93169
G1 X115.831 Y131.738 E2166.96289
G1 X115.254 Y131.39 E2166.99091
G1 X114.755 Y130.873 E2167.02078
G1 X114.346 Y130.196 E2167.05366
G1 X114.147 Y129.22 E2167.09508
G1 X114.15 Y128.952 E2167.10622
G1 X114.339 Y127.998 E2167.14665
G1 X114.786 Y127.239 E2167.18327
G1 X115.565 Y126.563 E2167.22615
G1 X116.3 Y126.264 E2167.25914
G1 X116.941 Y126.168 E2167.28609
G1 X117.702 Y126.231 E2167.31784
G1 X118.399 Y126.483 E2167.34865
G1 X118.85 Y126.79 E2167.37133
G1 X118.85 Y120.954 E2167.61397
G1 X102.502 Y110.459 E2168.42164
G1 X93.054 Y110.45 E2168.81444
G1 X92.722 Y110.361 E2168.82873
G1 X92.502 Y110.237 E2168.83923
G1 X92.24 Y109.992 E2168.85415
G1 X92.095 Y109.754 E2168.86573
M204 S5000
M205 X30 Y30
G1 F1500 E2162.36573
G0 F7200 X92.384 Y109.601
G0 X84.103 Y121.098
G0 X82.991 Y121.661
G0 X82.007 Y123.137
G1 F1500 E2168.86573
G0 F7200 X81.684 Y123.086
M204 S3000
M205 X20 Y20
G1 F1500 X81.797 Y122.738 E2168.88094
G1 X82.131 Y122.1 E2168.91088
G1 X82.357 Y121.806 E2168.9263
G1 X82.903 Y121.324 E2168.95658
G1 X83.465 Y121.02 E2168.98315
G1 X84.185 Y120.823 E2169.01418
G1 X84.99 Y120.83 E2169.04765
G1 X85.731 Y121.033 E2169.07959
G1 X86.384 Y121.407 E2169.11088
G1 X86.922 Y121.941 E2169.14239
G1 X87.33 Y122.626 E2169.17554
G1 X87.537 Y123.513 E2169.21341
G1 X87.553 Y123.742 E2169.22295
G1 X87.479 Y124.506 E2169.25487
G1 X87.098 Y125.366 E2169.29397
G1 X86.927 Y125.609 E2169.30633
G1 X86.352 Y126.167 E2169.33964
G1 X86.086 Y126.347 E2169.35299
G1 X85.462 Y126.633 E2169.38153
G1 X84.834 Y126.75 E2169.40809
G1 X83.974 Y126.721 E2169.44386
G1 X82.937 Y126.302 E2169.49036
G1 X82.111 Y125.504 E2169.53811
G1 X81.747 Y124.679 E2169.5756
G1 X81.648 Y124.303 E2169.59177
G1 X81.593 Y123.733 E2169.61557
G1 X81.594 Y123.669 E2169.61823
G1 X81.684 Y123.086 E2169.64276
M204 S5000
M205 X30 Y30
G1 F1500 E2163.14276
G0 F7200 X82.007 Y123.137
G0 X82.516 Y121.993
G0 X82.156 Y103.822
G0 X81.045 Y102.906
G1 F1500 E2169.64276
G0 F7200 X80.6 Y103.247
M204 S3000
M205 X20 Y20
G1 F1500 X80.273 Y103.574 E2169.66199
M204 S5000
M205 X30 Y30
G0 F7200 X80.936 Y103.618
M204 S3000
M205 X20 Y20
G1 F1500 X80.182 Y104.372 E2169.70632
M204 S5000
M205 X30 Y30
G0 F7200 X80.091 Y105.17
M204 S3000
M205 X20 Y20
G1 F1500 X81.346 Y103.915 E2169.78011
M204 S5000
M205 X30 Y30
G0 F7200 X81.794 Y104.174
M204 S3000
M205 X20 Y20
G1 F1500 X79.999 Y105.969 E2169.88565
M204 S5000
M205 X30 Y30
G0 F7200 X79.908 Y106.767
M204 S3000
M205 X20 Y20
G1 F1500 X82.33 Y104.345 E2170.02805
M204 S5000
M205 X30 Y30
G0 F7200 X82.94 Y104.443
M204 S3000
M205 X20 Y20
G1 F1500 X79.817 Y107.565 E2170.21164
M204 S5000
M205 X30 Y30
G0 F7200 X79.726 Y108.364
M204 S3000
M205 X20 Y20
G1 F1500 X83.7 Y104.389 E2170.44533
G1 X83.788 Y104.301
M204 S5000
M205 X30 Y30
G0 F7200 X83.656 Y103.809
G0 X84.634 Y103.367
G0 X84.948 Y103.848
M204 S3000
M205 X20 Y20
G1 F1500 X79.635 Y109.162 E2170.75774
M204 S5000
M205 X30 Y30
G0 F7200 X79.543 Y109.961
M204 S3000
M205 X20 Y20
G1 F1500 X88.035 Y101.469 E2171.25704
M204 S5000
M205 X30 Y30
G0 F7200 X88.466 Y101.745
M204 S3000
M205 X20 Y20
G1 F1500 X79.451 Y110.759 E2171.78706
M204 S5000
M205 X30 Y30
G0 F7200 X79.36 Y111.558
M204 S3000
M205 X20 Y20
G1 F1500 X88.896 Y102.022 E2172.34774
M204 S5000
M205 X30 Y30
G0 F7200 X89.327 Y102.298
M204 S3000
M205 X20 Y20
G1 F1500 X79.269 Y112.356 E2172.93911
M204 S5000
M205 X30 Y30
G0 F7200 X79.178 Y113.154
M204 S3000
M205 X20 Y20
G1 F1500 X89.758 Y102.575 E2173.56114
M204 S5000
M205 X30 Y30
G0 F7200 X90.188 Y102.851
M204 S3000
M205 X20 Y20
G1 F1500 X79.087 Y113.953 E2174.21387
M204 S5000
M205 X30 Y30
G0 F7200 X78.995 Y114.751
M204 S3000
M205 X20 Y20
G1 F1500 X90.619 Y103.127 E2174.89731
M204 S5000
M205 X30 Y30
G0 F7200 X91.049 Y103.404
M204 S3000
M205 X20 Y20
G1 F1500 X78.904 Y115.549 E2175.61139
M204 S5000
M205 X30 Y30
G0 F7200 X78.813 Y116.348
M204 S3000
M205 X20 Y20
G1 F1500 X91.48 Y103.68 E2176.35619
M204 S5000
M205 X30 Y30
G0 F7200 X91.73 Y104.138
M204 S3000
M205 X20 Y20
G1 F1500 X78.722 Y117.146 E2177.12102
M204 S5000
M205 X30 Y30
G0 F7200 X78.63 Y117.944
M204 S3000
M205 X20 Y20
G1 F1500 X91.73 Y104.845 E2177.89122
M204 S5000
M205 X30 Y30
G0 F7200 X91.73 Y105.552
M204 S3000
M205 X20 Y20
G1 F1500 X78.539 Y118.743 E2178.6668
M204 S5000
M205 X30 Y30
G0 F7200 X78.448 Y119.541
M204 S3000
M205 X20 Y20
G1 F1500 X91.73 Y106.259 E2179.44773
M204 S5000
M205 X30 Y30
G0 F7200 X91.73 Y106.966
M204 S3000
M205 X20 Y20
G1 F1500 X78.357 Y120.339 E2180.23401
M204 S5000
M205 X30 Y30
G0 F7200 X78.266 Y121.137
M204 S3000
M205 X20 Y20
G1 F1500 X91.73 Y107.673 E2181.02564
M204 S5000
M205 X30 Y30
G0 F7200 X91.73 Y108.38
M204 S3000
M205 X20 Y20
G1 F1500 X78.174 Y121.936 E2181.82268
M204 S5000
M205 X30 Y30
G0 F7200 X78.082 Y122.735
M204 S3000
M205 X20 Y20
G1 F1500 X91.73 Y109.087 E2182.62513
M204 S5000
M205 X30 Y30
G0 F7200 X91.829 Y109.696
M204 S3000
M205 X20 Y20
G1 F1500 X77.991 Y123.533 E2183.43872
M204 S5000
M205 X30 Y30
G0 F7200 X77.9 Y124.331
M204 S3000
M205 X20 Y20
G1 F1500 X92.066 Y110.166 E2184.2716
M204 S5000
M205 X30 Y30
G0 F7200 X92.449 Y110.489
M204 S3000
M205 X20 Y20
G1 F1500 X77.809 Y125.13 E2185.1324
M204 S5000
M205 X30 Y30
G0 F7200 X77.718 Y125.928
M204 S3000
M205 X20 Y20
G1 F1500 X92.964 Y110.682 E2186.02881
M204 S5000
M205 X30 Y30
G0 F7200 X93.649 Y110.703
M204 S3000
M205 X20 Y20
G1 F1500 X83.64 Y120.713 E2186.61733
M204 S5000
M205 X30 Y30
G0 F7200 X84.486 Y120.574
M204 S3000
M205 X20 Y20
G1 F1500 X94.357 Y110.703 E2187.19771
M204 S5000
M205 X30 Y30
G0 F7200 X95.063 Y110.704
M204 S3000
M205 X20 Y20
G1 F1500 X85.152 Y120.615 E2187.78044
M204 S5000
M205 X30 Y30
G0 F7200 X85.707 Y120.767
M204 S3000
M205 X20 Y20
G1 F1500 X95.77 Y110.704 E2188.3721
M204 S5000
M205 X30 Y30
G0 F7200 X96.476 Y110.705
M204 S3000
M205 X20 Y20
G1 F1500 X86.179 Y121.002 E2188.97753
M204 S5000
M205 X30 Y30
G0 F7200 X86.612 Y121.276
M204 S3000
M205 X20 Y20
G1 F1500 X97.184 Y110.705 E2189.59909
M204 S5000
M205 X30 Y30
G0 F7200 X97.89 Y110.706
M204 S3000
M205 X20 Y20
G1 F1500 X86.965 Y121.63 E2190.24141
M204 S5000
M205 X30 Y30
G0 F7200 X87.268 Y122.034
M204 S3000
M205 X20 Y20
G1 F1500 X98.597 Y110.706 E2190.90748
M204 S5000
M205 X30 Y30
G0 F7200 X99.303 Y110.706
M204 S3000
M205 X20 Y20
G1 F1500 X87.536 Y122.474 E2191.59937
M204 S5000
M205 X30 Y30
G0 F7200 X87.683 Y123.034
M204 S3000
M205 X20 Y20
G1 F1500 X100.011 Y110.706 E2192.3242
M204 S5000
M205 X30 Y30
G0 F7200 X100.718 Y110.706
M204 S3000
M205 X20 Y20
G1 F1500 X87.794 Y123.63 E2193.08409
M204 S5000
M205 X30 Y30
G0 F7200 X87.741 Y124.39
M204 S3000
M205 X20 Y20
G1 F1500 X101.424 Y110.707 E2193.88859
M204 S5000
M205 X30 Y30
G0 F7200 X102.131 Y110.707
M204 S3000
M205 X20 Y20
G1 F1500 X87.24 Y125.598 E2194.76413
G1 X87.152 Y125.686
M204 S5000
M205 X30 Y30
G0 F7200 X86.728 Y125.339
G0 X86.406 Y126.432
M204 S3000
M205 X20 Y20
G1 F1500 X79.707 Y133.131 E2195.158
M204 S5000
M205 X30 Y30
G0 F7200 X80.237 Y133.308
M204 S3000
M205 X20 Y20
G1 F1500 X102.678 Y110.867 E2196.47745
M204 S5000
M205 X30 Y30
G0 F7200 X103.108 Y111.144
M204 S3000
M205 X20 Y20
G1 F1500 X80.731 Y133.522 E2197.79316
M204 S5000
M205 X30 Y30
G0 F7200 X81.131 Y133.829
M204 S3000
M205 X20 Y20
G1 F1500 X103.539 Y111.42 E2199.11069
M204 S5000
M205 X30 Y30
G0 F7200 X103.97 Y111.697
M204 S3000
M205 X20 Y20
G1 F1500 X81.488 Y134.179 E2200.43255
M204 S5000
M205 X30 Y30
G0 F7200 X81.806 Y134.568
M204 S3000
M205 X20 Y20
G1 F1500 X104.4 Y111.973 E2201.76102
M204 S5000
M205 X30 Y30
G0 F7200 X104.831 Y112.25
M204 S3000
M205 X20 Y20
G1 F1500 X82.027 Y135.053 E2203.10178
M204 S5000
M205 X30 Y30
G0 F7200 X82.232 Y135.556
M204 S3000
M205 X20 Y20
G1 F1500 X105.262 Y112.526 E2204.45585
M204 S5000
M205 X30 Y30
G0 F7200 X105.692 Y112.803
M204 S3000
M205 X20 Y20
G1 F1500 X82.295 Y136.2 E2205.83151
M204 S5000
M205 X30 Y30
G0 F7200 X82.189 Y137.013
M204 S3000
M205 X20 Y20
G1 F1500 X106.123 Y113.079 E2207.23873
M204 S5000
M205 X30 Y30
G0 F7200 X106.553 Y113.356
M204 S3000
M205 X20 Y20
G1 F1500 X81.506 Y138.404 E2208.71143
G1 X81.462 Y138.447
G1 X81.103 Y138.806 E2208.73254
M204 S5000
M205 X30 Y30
G0 F7200 X81.81 Y138.806
M204 S3000
M205 X20 Y20
G1 F1500 X106.984 Y113.632 E2210.21267
M204 S5000
M205 X30 Y30
G0 F7200 X107.415 Y113.909
M204 S3000
M205 X20 Y20
G1 F1500 X82.517 Y138.806 E2211.67655
M204 S5000
M205 X30 Y30
G0 F7200 X83.225 Y138.806
M204 S3000
M205 X20 Y20
G1 F1500 X107.845 Y114.185 E2213.12414
M204 S5000
M205 X30 Y30
G0 F7200 X108.276 Y114.462
M204 S3000
M205 X20 Y20
G1 F1500 X88.496 Y134.242 E2214.28713
M204 S5000
M205 X30 Y30
G0 F7200 X89.364 Y134.08
M204 S3000
M205 X20 Y20
G1 F1500 X108.707 Y114.738 E2215.4244
M204 S5000
M205 X30 Y30
G0 F7200 X109.137 Y115.015
M204 S3000
M205 X20 Y20
G1 F1500 X90.055 Y134.097 E2216.54634
M204 S5000
M205 X30 Y30
G0 F7200 X90.621 Y134.238
M204 S3000
M205 X20 Y20
G1 F1500 X109.568 Y115.291 E2217.66036
M204 S5000
M205 X30 Y30
G0 F7200 X109.998 Y115.568
M204 S3000
M205 X20 Y20
G1 F1500 X91.106 Y134.46 E2218.77113
M204 S5000
M205 X30 Y30
G0 F7200 X91.548 Y134.725
M204 S3000
M205 X20 Y20
G1 F1500 X110.429 Y115.844 E2219.88126
M204 S5000
M205 X30 Y30
G0 F7200 X110.86 Y116.121
M204 S3000
M205 X20 Y20
G1 F1500 X91.91 Y135.07 E2220.99542
M204 S5000
M205 X30 Y30
G0 F7200 X92.227 Y135.46
M204 S3000
M205 X20 Y20
G1 F1500 X111.29 Y116.397 E2222.11625
M204 S5000
M205 X30 Y30
G0 F7200 X111.721 Y116.674
M204 S3000
M205 X20 Y20
G1 F1500 X92.486 Y135.909 E2223.2472
M204 S5000
M205 X30 Y30
G0 F7200 X92.664 Y136.437
M204 S3000
M205 X20 Y20
G1 F1500 X112.152 Y116.95 E2224.39299
M204 S5000
M205 X30 Y30
G0 F7200 X112.582 Y117.226
M204 S3000
M205 X20 Y20
G1 F1500 X92.778 Y137.03 E2225.55739
M204 S5000
M205 X30 Y30
G0 F7200 X92.757 Y137.759
M204 S3000
M205 X20 Y20
G1 F1500 X113.013 Y117.503 E2226.74836
M204 S5000
M205 X30 Y30
G0 F7200 X113.443 Y117.779
M204 S3000
M205 X20 Y20
G1 F1500 X92.416 Y138.807 E2227.9847
M204 S5000
M205 X30 Y30
G0 F7200 X93.123 Y138.807
M204 S3000
M205 X20 Y20
G1 F1500 X113.874 Y118.056 E2229.20478
M204 S5000
M205 X30 Y30
G0 F7200 X114.305 Y118.332
M204 S3000
M205 X20 Y20
G1 F1500 X93.83 Y138.807 E2230.40863
M204 S5000
M205 X30 Y30
G0 F7200 X94.537 Y138.807
M204 S3000
M205 X20 Y20
G1 F1500 X114.735 Y118.609 E2231.59619
M204 S5000
M205 X30 Y30
G0 F7200 X115.166 Y118.885
M204 S3000
M205 X20 Y20
G1 F1500 X95.244 Y138.807 E2232.76753
M204 S5000
M205 X30 Y30
G0 F7200 X95.951 Y138.807
M204 S3000
M205 X20 Y20
G1 F1500 X115.597 Y119.162 E2233.92261
M204 S5000
M205 X30 Y30
G0 F7200 X116.027 Y119.438
M204 S3000
M205 X20 Y20
G1 F1500 X96.658 Y138.807 E2235.06143
M204 S5000
M205 X30 Y30
G0 F7200 X97.365 Y138.807
M204 S3000
M205 X20 Y20
G1 F1500 X116.458 Y119.715 E2236.184
M204 S5000
M205 X30 Y30
G0 F7200 X116.888 Y119.991
M204 S3000
M205 X20 Y20
G1 F1500 X98.072 Y138.807 E2237.29031
M204 S5000
M205 X30 Y30
G0 F7200 X98.779 Y138.807
M204 S3000
M205 X20 Y20
G1 F1500 X117.319 Y120.268 E2238.38036
M204 S5000
M205 X30 Y30
G0 F7200 X117.75 Y120.544
M204 S3000
M205 X20 Y20
G1 F1500 X99.487 Y138.807 E2239.45415
M204 S5000
M205 X30 Y30
G0 F7200 X100.194 Y138.807
M204 S3000
M205 X20 Y20
G1 F1500 X118.18 Y120.821 E2240.51166
M204 S5000
M205 X30 Y30
G0 F7200 X118.6 Y121.109
M204 S3000
M205 X20 Y20
G1 F1500 X100.901 Y138.807 E2241.55227
M204 S5000
M205 X30 Y30
G0 F7200 X101.608 Y138.807
M204 S3000
M205 X20 Y20
G1 F1500 X118.6 Y121.816 E2242.5513
M204 S5000
M205 X30 Y30
G0 F7200 X118.6 Y122.523
M204 S3000
M205 X20 Y20
G1 F1500 X102.315 Y138.807 E2243.50877
M204 S5000
M205 X30 Y30
G0 F7200 X103.022 Y138.807
M204 S3000
M205 X20 Y20
G1 F1500 X114.359 Y127.47 E2244.17534
G1 X114.447 Y127.382
M204 S5000
M205 X30 Y30
G0 F7200 X114.915 Y127.65
G0 X114.534 Y128.68
G0 X113.97 Y128.567
M204 S3000
M205 X20 Y20
G1 F1500 X103.729 Y138.807 E2244.77744
M204 S5000
M205 X30 Y30
G0 F7200 X104.436 Y138.807
M204 S3000
M205 X20 Y20
G1 F1500 X113.913 Y129.331 E2245.33462
M204 S5000
M205 X30 Y30
G0 F7200 X114.032 Y129.918
M204 S3000
M205 X20 Y20
G1 F1500 X105.143 Y138.807 E2245.85726
M204 S5000
M205 X30 Y30
G0 F7200 X105.851 Y138.807
M204 S3000
M205 X20 Y20
G1 F1500 X114.21 Y130.448 E2246.34874
M204 S5000
M205 X30 Y30
G0 F7200 X114.474 Y130.891
M204 S3000
M205 X20 Y20
G1 F1500 X106.558 Y138.807 E2246.81417
M204 S5000
M205 X30 Y30
G0 F7200 X107.265 Y138.807
M204 S3000
M205 X20 Y20
G1 F1500 X114.798 Y131.275 E2247.25705
M204 S5000
M205 X30 Y30
G0 F7200 X115.158 Y131.621
M204 S3000
M205 X20 Y20
G1 F1500 X107.972 Y138.807 E2247.67956
M204 S5000
M205 X30 Y30
G0 F7200 X108.679 Y138.807
M204 S3000
M205 X20 Y20
G1 F1500 X115.599 Y131.888 E2248.0864
M204 S5000
M205 X30 Y30
G0 F7200 X116.106 Y132.087
M204 S3000
M205 X20 Y20
G1 F1500 X109.386 Y138.807 E2248.48151
M204 S5000
M205 X30 Y30
G0 F7200 X110.093 Y138.807
M204 S3000
M205 X20 Y20
G1 F1500 X116.678 Y132.222 E2248.86868
M204 S5000
M205 X30 Y30
G0 F7200 X117.368 Y132.24
M204 S3000
M205 X20 Y20
G1 F1500 X110.8 Y138.807 E2249.25483
M204 S5000
M205 X30 Y30
G0 F7200 X111.507 Y138.807
M204 S3000
M205 X20 Y20
G1 F1500 X118.316 Y131.999 E2249.65514
M204 S5000
M205 X30 Y30
G0 F7200 X118.6 Y132.422
M204 S3000
M205 X20 Y20
G1 F1500 X112.215 Y138.807 E2250.03056
M204 S5000
M205 X30 Y30
G0 F7200 X112.922 Y138.807
M204 S3000
M205 X20 Y20
G1 F1500 X118.6 Y133.129 E2250.3644
M204 S5000
M205 X30 Y30
G0 F7200 X118.6 Y133.836
M204 S3000
M205 X20 Y20
G1 F1500 X113.629 Y138.807 E2250.65668
M204 S5000
M205 X30 Y30
G0 F7200 X114.336 Y138.807
M204 S3000
M205 X20 Y20
G1 F1500 X118.6 Y134.544 E2250.90735
M204 S5000
M205 X30 Y30
G0 F7200 X118.6 Y135.251
M204 S3000
M205 X20 Y20
G1 F1500 X115.043 Y138.807 E2251.11646
M204 S5000
M205 X30 Y30
G0 F7200 X115.75 Y138.807
M204 S3000
M205 X20 Y20
G1 F1500 X118.6 Y135.958 E2251.284
M204 S5000
M205 X30 Y30
G0 F7200 X118.6 Y136.665
M204 S3000
M205 X20 Y20
G1 F1500 X116.457 Y138.807 E2251.40997
M204 S5000
M205 X30 Y30
G0 F7200 X117.164 Y138.807
M204 S3000
M205 X20 Y20
G1 F1500 X118.6 Y137.372 E2251.49437
M204 S5000
M205 X30 Y30
G0 F7200 X118.6 Y138.079
M204 S3000
M205 X20 Y20
G1 F1500 X117.871 Y138.807 E2251.53721
G1 X117.783 Y138.895
M204 S5000
M205 X30 Y30
G0 F7200 X117.783 Y139.384
G0 X119.103 Y139.312
G0 X119.09 Y130.854
G0 X118.048 Y131.495
G0 X116.736 Y131.666
G0 X115.492 Y131.151
G0 X114.656 Y130.051
G0 X114.656 Y128.128
G0 X115.74 Y126.853
G0 X117.075 Y126.49
G0 X118.209 Y126.757
G0 X118.43 Y126.228
M204 S3000
M205 X20 Y20
G1 F1500 X118.6 Y126.058 E2251.5472
M204 S5000
M205 X30 Y30
G0 F7200 X117.911 Y126.04
M204 S3000
M205 X20 Y20
G1 F1500 X118.6 Y125.351 E2251.58771
M204 S5000
M205 X30 Y30
G0 F7200 X118.6 Y124.644
M204 S3000
M205 X20 Y20
G1 F1500 X117.298 Y125.946 E2251.66427
M204 S5000
M205 X30 Y30
G0 F7200 X116.565 Y125.972
M204 S3000
M205 X20 Y20
G1 F1500 X118.6 Y123.937 E2251.78392
M204 S5000
M205 X30 Y30
G0 F7200 X118.6 Y123.23
M204 S3000
M205 X20 Y20
G1 F1500 X115.524 Y126.305 E2251.96474
G1 X115.436 Y126.393
M204 S5000
M205 X30 Y30
G1 F1500 E2245.46474
G0 F7200 X115.735 Y126.857
G0 X86.222 Y125.954
G0 X85.087 Y126.372
G1 F1500 E2251.96474
G0 F7200 X85.195 Y126.936
M204 S3000
M205 X20 Y20
G1 F1500 X79.07 Y133.061 E2252.32487
M204 S5000
M205 X30 Y30
G0 F7200 X78.256 Y133.168
M204 S3000
M205 X20 Y20
G1 F1500 X84.437 Y126.987 E2252.68829
M204 S5000
M205 X30 Y30
G0 F7200 X83.799 Y126.918
M204 S3000
M205 X20 Y20
G1 F1500 X76.805 Y133.911 E2253.09948
M204 S5000
M205 X30 Y30
G0 F7200 X76.897 Y133.113
M204 S3000
M205 X20 Y20
G1 F1500 X83.294 Y126.716 E2253.4756
M204 S5000
M205 X30 Y30
G0 F7200 X82.793 Y126.51
M204 S3000
M205 X20 Y20
G1 F1500 X76.988 Y132.315 E2253.81691
M204 S5000
M205 X30 Y30
G0 F7200 X77.079 Y131.516
M204 S3000
M205 X20 Y20
G1 F1500 X82.433 Y126.162 E2254.13171
M204 S5000
M205 X30 Y30
G0 F7200 X82.073 Y125.815
M204 S3000
M205 X20 Y20
G1 F1500 X77.17 Y130.718 E2254.41998
M204 S5000
M205 X30 Y30
G0 F7200 X77.262 Y129.92
M204 S3000
M205 X20 Y20
G1 F1500 X81.788 Y125.394 E2254.6861
M204 S5000
M205 X30 Y30
G0 F7200 X81.572 Y124.902
M204 S3000
M205 X20 Y20
G1 F1500 X77.353 Y129.121 E2254.93416
M204 S5000
M205 X30 Y30
G0 F7200 X77.444 Y128.323
M204 S3000
M205 X20 Y20
G1 F1500 X81.402 Y124.365 E2255.16687
M204 S5000
M205 X30 Y30
G0 F7200 X81.339 Y123.721
M204 S3000
M205 X20 Y20
G1 F1500 X77.535 Y127.525 E2255.39053
M204 S5000
M205 X30 Y30
G0 F7200 X77.626 Y126.726
M204 S3000
M205 X20 Y20
G1 F1500 X81.496 Y122.856 E2255.61807
G1 X81.584 Y122.768
M204 S5000
M205 X30 Y30
G1 F1500 E2249.11807
G0 F7200 X82.075 Y122.931
G0 X81.997 Y124.41
G0 X83.051 Y125.944
G0 X84.011 Y126.46
G0 X87.312 Y135.734
G1 F1500 E2255.61807
G0 F7200 X86.528 Y136.209
M204 S3000
M205 X20 Y20
G1 F1500 X83.931 Y138.807 E2255.7708
M204 S5000
M205 X30 Y30
G0 F7200 X84.638 Y138.807
M204 S3000
M205 X20 Y20
G1 F1500 X86.354 Y137.091 E2255.87169
M204 S5000
M205 X30 Y30
G0 F7200 X86.393 Y137.759
M204 S3000
M205 X20 Y20
G1 F1500 X85.345 Y138.807 E2255.93331
M204 S5000
M205 X30 Y30
G0 F7200 X86.052 Y138.807
M204 S3000
M205 X20 Y20
G1 F1500 X86.536 Y138.323 E2255.96177
M204 S5000
M205 X30 Y30
G0 F7200 X87.063 Y138.09
G0 X87.762 Y139.297
G0 X80.032 Y139.323
G0 X81.115 Y138.069
G0 X81.619 Y137.2
G0 X81.662 Y135.495
G0 X81.084 Y134.493
G0 X80.153 Y133.825
G0 X79.028 Y133.577
G0 X77.697 Y133.953
G0 X76.753 Y134.899
G0 X79.952 Y101.858
G0 X81.165 Y103.134
G0 X82.169 Y103.785
G0 X83.55 Y103.9
G0 X84.554 Y103.428
G0 X85.587 Y103.21
M204 S3000
M205 X20 Y20
G1 F1500 X87.604 Y101.192 E2256.08039
M204 S5000
M205 X30 Y30
G0 F7200 X87.174 Y100.916
M204 S3000
M205 X20 Y20
G1 F1500 X86.184 Y101.906 E2256.1386
M204 S5000
M205 X30 Y30
G0 F7200 X86.223 Y101.159
M204 S3000
M205 X20 Y20
G1 F1500 X86.743 Y100.639 E2256.16917
M204 S5000
M205 X30 Y30
G0 F7200 X86.312 Y100.363
M204 S3000
M205 X20 Y20
G1 F1500 X86.139 Y100.536 E2256.17934
M204 S5000
M205 X30 Y30
G0 F7200 X85.591 Y100.662
G0 X85.055 Y99.193
G0 X82.79 Y98.178
G0 X80.079 Y100.455
G0 X75.969 Y136.407
G0 X77.486 Y138.956
G0 X78.912 Y139.395
G0 X88.059 Y139.419
G0 X86.997 Y137.91
G0 X87.043 Y136.494
G0 X87.991 Y135.161
G0 X89.238 Y134.658
G0 X90.567 Y134.828
G0 X91.646 Y135.634
G0 X92.226 Y137.163
G0 X91.758 Y138.806
G0 X119.197 Y139.406
G0 X119.137 Y130.671
G0 X118.069 Y131.49
G0 X116.736 Y131.666
G0 X115.492 Y131.151
G0 X114.656 Y130.051
G0 X114.656 Y128.128
G0 X115.74 Y126.853
G0 X117.075 Y126.49
G0 X118.409 Y126.853
G0 X119.138 Y120.795
G0 X119.645 Y120.519
G0 X119.595 Y120.585
M204 S3000
M205 X20 Y20
;TYPE:SKIN
G1 F1000 X119.484 Y120.474 E2256.17947
G1 X119.09 Y120.221 E2256.17986
G1 X119.595 Y120.726 E2256.18046
G1 X119.595 Y120.867 E2256.18057
G1 X118.694 Y119.967 E2256.18163
G1 X118.299 Y119.713 E2256.18202
G1 X119.595 Y121.009 E2256.18355
G1 X119.595 Y121.15 E2256.18366
G1 X117.905 Y119.46 E2256.18565
G1 X117.509 Y119.206 E2256.18604
G1 X119.595 Y121.292 E2256.18849
G1 X119.595 Y121.433 E2256.18861
G1 X117.115 Y118.953 E2256.19153
G1 X116.719 Y118.699 E2256.19192
G1 X119.595 Y121.574 E2256.1953
G1 X119.595 Y121.716 E2256.19542
G1 X116.324 Y118.446 E2256.19926
G1 X115.93 Y118.192 E2256.19965
G1 X119.595 Y121.857 E2256.20396
G1 X119.595 Y121.999 E2256.20408
G1 X115.534 Y117.939 E2256.20886
G1 X115.14 Y117.685 E2256.20925
G1 X119.595 Y122.14 E2256.21449
G1 X119.595 Y122.282 E2256.2146
G1 X114.745 Y117.432 E2256.22031
G1 X114.349 Y117.178 E2256.2207
G1 X119.595 Y122.423 E2256.22687
G1 X119.595 Y122.564 E2256.22698
G1 X113.955 Y116.925 E2256.23362
G1 X113.559 Y116.671 E2256.23401
G1 X119.595 Y122.706 E2256.2411
G1 X119.595 Y122.847 E2256.24122
G1 X113.165 Y116.418 E2256.24878
G1 X112.77 Y116.164 E2256.24917
G1 X119.595 Y122.989 E2256.2572
G1 X119.595 Y123.13 E2256.25732
G1 X112.374 Y115.91 E2256.26581
G1 X111.98 Y115.657 E2256.2662
G1 X119.595 Y123.272 E2256.27515
G1 X119.595 Y123.413 E2256.27527
G1 X111.584 Y115.403 E2256.28469
G1 X111.19 Y115.15 E2256.28508
G1 X119.595 Y123.554 E2256.29496
G1 X119.595 Y123.696 E2256.29508
G1 X110.795 Y114.896 E2256.30543
G1 X110.4 Y114.643 E2256.30582
G1 X119.595 Y123.837 E2256.31663
G1 X119.595 Y123.979 E2256.31675
G1 X110.005 Y114.389 E2256.32802
G1 X109.61 Y114.135 E2256.32841
G1 X119.595 Y124.12 E2256.34015
G1 X119.595 Y124.261 E2256.34027
G1 X109.215 Y113.882 E2256.35248
G1 X108.82 Y113.628 E2256.35287
G1 X119.595 Y124.403 E2256.36554
G1 X119.595 Y124.544 E2256.36566
G1 X108.425 Y113.375 E2256.37879
G1 X108.03 Y113.121 E2256.37918
G1 X119.595 Y124.686 E2256.39278
G1 X119.595 Y124.827 E2256.3929
G1 X107.635 Y112.867 E2256.40696
G1 X107.24 Y112.614 E2256.40735
G1 X119.595 Y124.969 E2256.42188
G1 X119.595 Y125.11 E2256.422
G1 X106.845 Y112.36 E2256.43699
G1 X106.45 Y112.107 E2256.43738
G1 X119.595 Y125.251 E2256.45284
G1 X119.595 Y125.393 E2256.45296
G1 X106.055 Y111.853 E2256.46888
G1 X105.66 Y111.599 E2256.46927
G1 X119.595 Y125.534 E2256.48565
G1 X119.595 Y125.676 E2256.48577
G1 X105.265 Y111.346 E2256.50262
G1 X104.87 Y111.092 E2256.50301
G1 X119.595 Y125.817 E2256.52033
G1 X119.595 Y125.959 E2256.52045
G1 X104.475 Y110.839 E2256.53823
G1 X104.08 Y110.585 E2256.53862
G1 X119.595 Y126.1 E2256.55686
G1 X119.595 Y126.241 E2256.55698
G1 X103.685 Y110.331 E2256.57569
G1 X103.29 Y110.078 E2256.57608
G1 X119.595 Y126.383 E2256.59525
G1 X119.595 Y126.524 E2256.59537
G1 X102.895 Y109.824 E2256.61501
G1 X102.721 Y109.713 E2256.61518
G1 X102.642 Y109.713 E2256.61524
G1 X119.595 Y126.666 E2256.63518
G1 X119.595 Y126.807 E2256.6353
G1 X102.5 Y109.713 E2256.6554
G1 X102.359 Y109.713 E2256.65552
G1 X119.595 Y126.949 E2256.67578
G1 X119.595 Y127.09 E2256.6759
G1 X102.217 Y109.713 E2256.69634
G1 X102.076 Y109.713 E2256.69645
G1 X119.595 Y127.231 E2256.71705
G1 X119.595 Y127.373 E2256.71717
G1 X101.935 Y109.713 E2256.73794
G1 X101.793 Y109.713 E2256.73806
G1 X119.595 Y127.514 E2256.75899
G1 X119.595 Y127.656 E2256.75911
G1 X101.652 Y109.713 E2256.78021
G1 X101.51 Y109.713 E2256.78033
G1 X119.595 Y127.797 E2256.80159
G1 X119.595 Y127.938 E2256.80171
G1 X101.369 Y109.713 E2256.82314
G1 X101.227 Y109.713 E2256.82326
G1 X119.595 Y128.08 E2256.84486
G1 X119.595 Y128.221 E2256.84497
G1 X101.086 Y109.713 E2256.86674
G1 X100.945 Y109.713 E2256.86686
G1 X119.595 Y128.363 E2256.88879
G1 X119.595 Y128.504 E2256.8889
G1 X100.803 Y109.713 E2256.911
G1 X100.662 Y109.713 E2256.91112
G1 X118.125 Y127.176 E2256.93165
G1 X117.884 Y127.076 E2256.93187
G1 X100.52 Y109.713 E2256.95229
G1 X100.379 Y109.713 E2256.95241
G1 X117.641 Y126.976 E2256.97271
G1 X117.48 Y126.955 E2256.97284
G1 X100.238 Y109.713 E2256.99312
G1 X100.096 Y109.713 E2256.99323
G1 X117.316 Y126.933 E2257.01348
G1 X117.154 Y126.912 E2257.01362
G1 X99.955 Y109.713 E2257.03384
G1 X99.813 Y109.713 E2257.03396
G1 X117.01 Y126.91 E2257.05419
G1 X116.886 Y126.927 E2257.05429
G1 X99.672 Y109.713 E2257.07453
G1 X99.53 Y109.713 E2257.07465
G1 X116.761 Y126.943 E2257.09491
G1 X116.635 Y126.959 E2257.09502
G1 X99.389 Y109.713 E2257.1153
G1 X99.248 Y109.713 E2257.11541
G1 X116.51 Y126.975 E2257.13571
G1 X116.41 Y127.016 E2257.1358
G1 X99.106 Y109.713 E2257.15615
G1 X98.965 Y109.713 E2257.15627
G1 X116.31 Y127.058 E2257.17666
G1 X116.21 Y127.099 E2257.17675
G1 X98.823 Y109.713 E2257.1972
G1 X98.682 Y109.713 E2257.19732
G1 X116.11 Y127.141 E2257.21781
G1 X116.01 Y127.182 E2257.2179
G1 X98.54 Y109.713 E2257.23844
G1 X98.399 Y109.713 E2257.23856
G1 X115.921 Y127.235 E2257.25916
G1 X115.846 Y127.301 E2257.25925
G1 X98.258 Y109.713 E2257.27993
G1 X98.116 Y109.713 E2257.28005
G1 X115.771 Y127.367 E2257.30081
G1 X115.696 Y127.434 E2257.30089
G1 X97.975 Y109.713 E2257.32173
G1 X97.833 Y109.713 E2257.32185
G1 X115.621 Y127.5 E2257.34277
G1 X115.545 Y127.566 E2257.34285
G1 X97.692 Y109.713 E2257.36384
G1 X97.551 Y109.713 E2257.36396
G1 X115.47 Y127.632 E2257.38503
G1 X115.394 Y127.698 E2257.38512
G1 X97.409 Y109.713 E2257.40626
G1 X97.268 Y109.713 E2257.40638
G1 X115.33 Y127.775 E2257.42762
G1 X115.278 Y127.865 E2257.42771
G1 X97.126 Y109.713 E2257.44905
G1 X96.985 Y109.713 E2257.44917
G1 X115.227 Y127.955 E2257.47062
G1 X115.175 Y128.045 E2257.47071
G1 X96.843 Y109.713 E2257.49226
G1 X96.702 Y109.713 E2257.49238
G1 X115.124 Y128.134 E2257.51404
G1 X115.072 Y128.224 E2257.51413
G1 X96.561 Y109.713 E2257.5359
G1 X96.419 Y109.713 E2257.53602
G1 X115.032 Y128.326 E2257.5579
G1 X115.009 Y128.444 E2257.558
G1 X96.278 Y109.713 E2257.58003
G1 X96.136 Y109.713 E2257.58015
G1 X114.986 Y128.562 E2257.60231
G1 X114.962 Y128.679 E2257.60241
G1 X95.995 Y109.713 E2257.62472
G1 X95.853 Y109.713 E2257.62483
G1 X114.938 Y128.798 E2257.64728
G1 X114.915 Y128.916 E2257.64738
G1 X95.712 Y109.713 E2257.66996
G1 X95.571 Y109.713 E2257.67007
G1 X114.891 Y129.033 E2257.69279
G1 X114.899 Y129.182 E2257.69292
G1 X95.429 Y109.713 E2257.71581
G1 X95.288 Y109.713 E2257.71593
G1 X114.934 Y129.359 E2257.73903
G1 X114.97 Y129.537 E2257.73918
G1 X95.146 Y109.713 E2257.76249
G1 X95.005 Y109.713 E2257.76261
G1 X115.005 Y129.713 E2257.78613
G1 X115.041 Y129.89 E2257.78628
G1 X94.864 Y109.713 E2257.81001
G1 X94.722 Y109.713 E2257.81013
G1 X115.221 Y130.212 E2257.83423
M204 S5000
M205 X30 Y30
G0 F7200 X114.814 Y130.446
G0 X114.463 Y129.089
G0 X115.032 Y127.474
G0 X116.404 Y126.579
G0 X117.748 Y126.579
G0 X118.983 Y127.355
G0 X118.953 Y128.004
M204 S3000
M205 X20 Y20
G1 F1000 X119.595 Y128.646 E2257.83499
G1 X119.595 Y128.787 E2257.8351
G1 X119.109 Y128.301 E2257.83567
G1 X119.16 Y128.494 E2257.83584
G1 X119.595 Y128.928 E2257.83635
G1 X119.595 Y129.07 E2257.83647
G1 X119.212 Y128.687 E2257.83692
G1 X119.242 Y128.859 E2257.83706
G1 X119.595 Y129.211 E2257.83748
G1 X119.595 Y129.353 E2257.8376
G1 X119.242 Y129.001 E2257.83801
G1 X119.242 Y129.142 E2257.83813
G1 X119.595 Y129.494 E2257.83854
G1 X119.595 Y129.636 E2257.83866
G1 X119.242 Y129.283 E2257.83908
G1 X119.231 Y129.413 E2257.83919
G1 X119.595 Y129.777 E2257.83961
G1 X119.595 Y129.918 E2257.83973
G1 X119.201 Y129.525 E2257.84019
G1 X119.172 Y129.637 E2257.84029
G1 X119.595 Y130.06 E2257.84079
G1 X119.595 Y130.201 E2257.8409
G1 X119.142 Y129.749 E2257.84144
G1 X119.112 Y129.86 E2257.84153
G1 X119.595 Y130.343 E2257.8421
G1 X119.595 Y130.484 E2257.84222
G1 X119.073 Y129.962 E2257.84283
G1 X119.021 Y130.052 E2257.84292
G1 X119.595 Y130.625 E2257.84359
G1 X119.595 Y130.767 E2257.84371
G1 X118.97 Y130.142 E2257.84444
G1 X118.917 Y130.231 E2257.84453
G1 X119.595 Y130.908 E2257.84533
G1 X119.595 Y131.05 E2257.84545
G1 X118.866 Y130.321 E2257.8463
G1 X118.814 Y130.41 E2257.84639
G1 X119.595 Y131.191 E2257.84731
G1 X119.595 Y131.333 E2257.84742
G1 X118.745 Y130.483 E2257.84842
G1 X118.675 Y130.554 E2257.84851
G1 X119.595 Y131.474 E2257.84959
G1 X119.595 Y131.615 E2257.84971
G1 X118.604 Y130.625 E2257.85087
G1 X118.533 Y130.695 E2257.85095
G1 X119.595 Y131.757 E2257.8522
G1 X119.595 Y131.898 E2257.85232
G1 X118.463 Y130.766 E2257.85365
G1 X118.388 Y130.833 E2257.85373
G1 X119.595 Y132.04 E2257.85515
G1 X119.595 Y132.181 E2257.85527
G1 X118.298 Y130.885 E2257.8568
G1 X118.209 Y130.937 E2257.85688
G1 X119.595 Y132.323 E2257.85851
G1 X119.595 Y132.464 E2257.85863
G1 X118.12 Y130.989 E2257.86036
G1 X118.03 Y131.041 E2257.86045
G1 X119.595 Y132.605 E2257.86229
G1 X119.595 Y132.747 E2257.86241
G1 X117.94 Y131.092 E2257.86435
G1 X117.836 Y131.13 E2257.86445
G1 X119.595 Y132.888 E2257.86651
G1 X119.595 Y133.03 E2257.86663
G1 X117.724 Y131.159 E2257.86883
G1 X117.613 Y131.189 E2257.86893
G1 X119.595 Y133.171 E2257.87126
G1 X119.595 Y133.312 E2257.87138
G1 X117.502 Y131.219 E2257.87384
G1 X117.39 Y131.249 E2257.87393
G1 X119.595 Y133.454 E2257.87653
G1 X119.595 Y133.595 E2257.87664
G1 X117.255 Y131.256 E2257.87939
G1 X117.114 Y131.256 E2257.87951
G1 X119.595 Y133.737 E2257.88243
G1 X119.595 Y133.878 E2257.88255
G1 X116.973 Y131.256 E2257.88563
G1 X116.831 Y131.256 E2257.88575
G1 X119.595 Y134.02 E2257.889
G1 X119.595 Y134.161 E2257.88911
G1 X116.654 Y131.221 E2257.89257
G1 X116.461 Y131.169 E2257.89274
G1 X119.595 Y134.302 E2257.89642
G1 X119.595 Y134.444 E2257.89654
G1 X116.268 Y131.118 E2257.90045
G1 X115.955 Y130.946 E2257.90075
G1 X119.595 Y134.585 E2257.90503
G1 X119.595 Y134.727 E2257.90515
G1 X94.581 Y109.713 E2257.93456
G1 X94.439 Y109.713 E2257.93468
G1 X119.595 Y134.868 E2257.96426
G1 X119.595 Y135.01 E2257.96438
G1 X94.298 Y109.713 E2257.99413
G1 X94.156 Y109.713 E2257.99425
G1 X119.595 Y135.151 E2258.02416
G1 X119.595 Y135.292 E2258.02428
G1 X94.015 Y109.713 E2258.05436
G1 X93.874 Y109.713 E2258.05447
G1 X119.595 Y135.434 E2258.08472
G1 X119.595 Y135.575 E2258.08484
G1 X93.732 Y109.713 E2258.11525
G1 X93.591 Y109.713 E2258.11537
G1 X119.595 Y135.717 E2258.14594
G1 X119.595 Y135.858 E2258.14606
G1 X93.449 Y109.713 E2258.17681
G1 X93.308 Y109.713 E2258.17692
G1 X119.595 Y135.999 E2258.20784
G1 X119.595 Y136.141 E2258.20795
G1 X93.166 Y109.713 E2258.23903
G1 X93.025 Y109.713 E2258.23915
G1 X119.595 Y136.282 E2258.27039
G1 X119.595 Y136.424 E2258.27051
G1 X92.884 Y109.713 E2258.30192
G1 X92.742 Y109.713 E2258.30204
G1 X85.106 Y102.077 E2258.31102
G1 X85.136 Y101.965 E2258.31111
G1 X92.725 Y109.554 E2258.32004
G1 X92.725 Y109.412 E2258.32016
G1 X85.166 Y101.853 E2258.32904
G1 X85.195 Y101.742 E2258.32914
G1 X92.725 Y109.271 E2258.33799
G1 X92.725 Y109.129 E2258.33811
G1 X85.226 Y101.631 E2258.34693
G1 X85.245 Y101.509 E2258.34703
G1 X92.725 Y108.988 E2258.35583
G1 X92.725 Y108.847 E2258.35595
G1 X85.236 Y101.358 E2258.36475
G1 X85.226 Y101.206 E2258.36488
G1 X92.725 Y108.705 E2258.3737
G1 X92.725 Y108.564 E2258.37381
G1 X85.216 Y101.055 E2258.38264
G1 X85.206 Y100.904 E2258.38277
G1 X92.725 Y108.422 E2258.39161
G1 X92.725 Y108.281 E2258.39173
G1 X85.196 Y100.752 E2258.40058
G1 X85.103 Y100.518 E2258.40079
G1 X92.725 Y108.139 E2258.40975
G1 X92.725 Y107.998 E2258.40987
G1 X85.004 Y100.277 E2258.41895
G1 X84.673 Y99.805 E2258.41943
G1 X92.725 Y107.857 E2258.4289
G1 X92.725 Y107.715 E2258.42902
G1 X82.776 Y97.766 E2258.44072
G1 X82.921 Y97.77 E2258.44084
G1 X92.725 Y107.574 E2258.45236
G1 X92.725 Y107.433 E2258.45248
G1 X83.067 Y97.775 E2258.46384
G1 X83.212 Y97.778 E2258.46396
G1 X92.725 Y107.292 E2258.47515
G1 X92.725 Y107.15 E2258.47526
G1 X83.357 Y97.782 E2258.48628
G1 X83.503 Y97.787 E2258.4864
G1 X92.725 Y107.009 E2258.49725
G1 X92.725 Y106.867 E2258.49736
G1 X83.671 Y97.814 E2258.50801
G1 X83.863 Y97.864 E2258.50818
G1 X92.725 Y106.726 E2258.5186
G1 X92.725 Y106.585 E2258.51871
G1 X84.055 Y97.915 E2258.52891
G1 X84.25 Y97.968 E2258.52908
G1 X92.725 Y106.443 E2258.53904
G1 X92.725 Y106.302 E2258.53916
G1 X84.503 Y98.079 E2258.54883
G1 X84.755 Y98.19 E2258.54906
G1 X92.725 Y106.16 E2258.55843
G1 X92.725 Y106.019 E2258.55855
G1 X85.116 Y98.41 E2258.5675
G1 X85.511 Y98.664 E2258.56789
G1 X92.725 Y105.877 E2258.57637
G1 X92.725 Y105.736 E2258.57649
G1 X85.907 Y98.917 E2258.5845
G1 X86.302 Y99.171 E2258.58489
G1 X92.725 Y105.595 E2258.59245
G1 X92.725 Y105.453 E2258.59257
G1 X86.696 Y99.424 E2258.59966
G1 X87.092 Y99.678 E2258.60005
G1 X92.726 Y105.312 E2258.60667
G1 X92.726 Y105.171 E2258.60679
G1 X87.487 Y99.932 E2258.61295
G1 X87.882 Y100.186 E2258.61334
G1 X92.726 Y105.03 E2258.61904
G1 X92.726 Y104.888 E2258.61915
G1 X88.278 Y100.44 E2258.62439
G1 X88.672 Y100.693 E2258.62477
G1 X92.726 Y104.747 E2258.62954
G1 X92.726 Y104.605 E2258.62966
G1 X89.067 Y100.947 E2258.63396
G1 X89.463 Y101.201 E2258.63435
G1 X92.726 Y104.464 E2258.63819
G1 X92.726 Y104.322 E2258.63831
G1 X89.858 Y101.454 E2258.64168
G1 X90.252 Y101.708 E2258.64207
G1 X92.726 Y104.181 E2258.64498
G1 X92.726 Y104.04 E2258.6451
G1 X90.648 Y101.961 E2258.64754
G1 X91.043 Y102.215 E2258.64793
G1 X92.726 Y103.898 E2258.64991
G1 X92.726 Y103.757 E2258.65003
G1 X91.438 Y102.469 E2258.65154
G1 X91.834 Y102.723 E2258.65193
G1 X92.726 Y103.615 E2258.65298
G1 X92.726 Y103.474 E2258.6531
G1 X92.228 Y102.976 E2258.65368
G1 X92.726 Y103.333 E2258.65419
M204 S5000
M205 X30 Y30
G0 F7200 X92.269 Y103.546
G0 X84.101 Y98.351
G0 X80.778 Y99.19
G0 X79.983 Y100.953
G0 X75.969 Y136.407
G0 X77.486 Y138.956
G0 X78.912 Y139.395
G0 X88.059 Y139.419
G0 X86.997 Y137.91
G0 X87.043 Y136.494
G0 X87.991 Y135.161
G0 X89.238 Y134.658
G0 X90.567 Y134.828
G0 X91.646 Y135.634
G0 X92.226 Y137.163
G0 X91.758 Y138.806
G0 X119.197 Y139.406
G0 X119.137 Y130.671
G0 X118.069 Y131.49
G0 X116.736 Y131.666
G0 X115.492 Y131.151
G0 X114.656 Y130.051
G0 X114.656 Y128.128
G0 X115.74 Y126.853
G0 X117.075 Y126.49
G0 X118.409 Y126.853
G0 X119.19 Y120.767
G0 X102.603 Y110.122
G0 X92.789 Y110.089
G0 X92.742 Y109.713
M204 S3000
M205 X20 Y20
G1 F1000 X119.595 Y136.565 E2258.68577
G1 X119.595 Y136.707 E2258.68589
G1 X85.062 Y102.174 E2258.7265
G1 X85.011 Y102.264 E2258.72658
G1 X119.595 Y136.848 E2258.76725
G1 X119.595 Y136.989 E2258.76737
G1 X84.959 Y102.354 E2258.8081
G1 X84.907 Y102.444 E2258.80818
G1 X119.595 Y137.131 E2258.84897
G1 X119.595 Y137.272 E2258.84909
G1 X84.855 Y102.533 E2258.88994
G1 X84.802 Y102.621 E2258.89003
G1 X119.595 Y137.414 E2258.93094
G1 X119.595 Y137.555 E2258.93106
G1 X84.731 Y102.692 E2258.97206
G1 X84.661 Y102.763 E2258.97214
G1 X119.595 Y137.697 E2259.01322
G1 X119.595 Y137.838 E2259.01333
G1 X84.59 Y102.833 E2259.0545
G1 X84.519 Y102.904 E2259.05458
G1 X119.595 Y137.979 E2259.09583
G1 X119.595 Y138.121 E2259.09595
G1 X84.449 Y102.975 E2259.13727
G1 X84.371 Y103.038 E2259.13736
G1 X119.595 Y138.262 E2259.17878
G1 X119.595 Y138.404 E2259.1789
G1 X84.281 Y103.09 E2259.22042
G1 X84.191 Y103.142 E2259.22051
G1 X119.595 Y138.545 E2259.26214
G1 X119.595 Y138.686 E2259.26226
G1 X84.102 Y103.194 E2259.304
G1 X84.012 Y103.246 E2259.30408
G1 X119.595 Y138.828 E2259.34592
G1 X119.595 Y138.969 E2259.34604
G1 X83.922 Y103.297 E2259.38799
G1 X83.814 Y103.33 E2259.38808
G1 X119.595 Y139.111 E2259.43016
G1 X119.595 Y139.252 E2259.43028
G1 X83.703 Y103.36 E2259.47248
G1 X83.591 Y103.39 E2259.47258
G1 X119.595 Y139.394 E2259.51492
G1 X119.595 Y139.535 E2259.51503
G1 X83.479 Y103.42 E2259.5575
G1 X83.367 Y103.449 E2259.5576
G1 X119.595 Y139.676 E2259.6002
G1 X119.595 Y139.818 E2259.60032
G1 X83.227 Y103.451 E2259.64308
G1 X83.086 Y103.451 E2259.6432
G1 X119.438 Y139.802 E2259.68595
G1 X119.296 Y139.802 E2259.68607
G1 X82.945 Y103.451 E2259.72881
G1 X82.803 Y103.451 E2259.72893
G1 X119.155 Y139.802 E2259.77168
G1 X119.013 Y139.802 E2259.77179
G1 X82.616 Y103.405 E2259.81459
G1 X82.423 Y103.353 E2259.81476
G1 X118.872 Y139.802 E2259.85762
G1 X118.731 Y139.802 E2259.85774
G1 X82.229 Y103.301 E2259.90066
G1 X81.819 Y103.032 E2259.90107
G1 X118.589 Y139.802 E2259.94431
G1 X118.448 Y139.802 E2259.94443
G1 X79.572 Y100.926 E2259.99014
G1 X79.557 Y101.054 E2259.99025
G1 X118.306 Y139.802 E2260.03581
G1 X118.165 Y139.802 E2260.03593
G1 X79.543 Y101.18 E2260.08135
G1 X79.529 Y101.307 E2260.08145
G1 X118.023 Y139.802 E2260.12672
G1 X117.882 Y139.802 E2260.12684
G1 X79.514 Y101.434 E2260.17195
G1 X79.5 Y101.561 E2260.17206
G1 X117.741 Y139.802 E2260.21703
G1 X117.599 Y139.802 E2260.21715
G1 X79.485 Y101.688 E2260.26197
G1 X79.471 Y101.815 E2260.26207
G1 X117.458 Y139.802 E2260.30674
G1 X117.316 Y139.802 E2260.30686
G1 X79.456 Y101.942 E2260.35138
G1 X79.442 Y102.069 E2260.35149
G1 X117.175 Y139.802 E2260.39586
G1 X117.033 Y139.802 E2260.39598
G1 X79.427 Y102.196 E2260.4402
G1 X79.413 Y102.323 E2260.4403
G1 X116.892 Y139.802 E2260.48438
G1 X116.751 Y139.802 E2260.48449
G1 X79.398 Y102.449 E2260.52842
G1 X79.384 Y102.577 E2260.52853
G1 X116.609 Y139.802 E2260.5723
G1 X116.468 Y139.802 E2260.57242
G1 X79.369 Y102.703 E2260.61604
G1 X79.355 Y102.831 E2260.61615
G1 X116.326 Y139.802 E2260.65962
G1 X116.185 Y139.802 E2260.65974
G1 X79.34 Y102.957 E2260.70307
G1 X79.326 Y103.084 E2260.70318
G1 X116.044 Y139.802 E2260.74635
G1 X115.902 Y139.802 E2260.74647
G1 X79.311 Y103.211 E2260.7895
G1 X79.297 Y103.338 E2260.78961
G1 X115.761 Y139.802 E2260.83248
G1 X115.619 Y139.802 E2260.8326
G1 X79.282 Y103.465 E2260.87533
G1 X79.268 Y103.592 E2260.87544
G1 X115.478 Y139.802 E2260.91802
G1 X115.336 Y139.802 E2260.91814
G1 X79.253 Y103.719 E2260.96057
G1 X79.239 Y103.846 E2260.96067
G1 X115.195 Y139.802 E2261.00295
G1 X115.054 Y139.802 E2261.00307
G1 X79.224 Y103.972 E2261.04521
G1 X79.21 Y104.1 E2261.04531
G1 X114.912 Y139.802 E2261.0873
G1 X114.771 Y139.802 E2261.08741
G1 X79.195 Y104.226 E2261.12925
G1 X79.181 Y104.354 E2261.12935
G1 X114.629 Y139.802 E2261.17104
G1 X114.488 Y139.802 E2261.17116
G1 X79.166 Y104.48 E2261.21269
G1 X79.151 Y104.607 E2261.2128
G1 X114.346 Y139.802 E2261.25418
G1 X114.205 Y139.802 E2261.2543
G1 X79.137 Y104.734 E2261.29554
G1 X79.122 Y104.861 E2261.29565
G1 X114.064 Y139.802 E2261.33673
G1 X113.922 Y139.802 E2261.33685
G1 X79.108 Y104.988 E2261.37779
G1 X79.093 Y105.114 E2261.3779
G1 X113.781 Y139.802 E2261.41869
G1 X113.639 Y139.802 E2261.4188
G1 X79.079 Y105.242 E2261.45944
G1 X79.064 Y105.368 E2261.45955
G1 X113.498 Y139.802 E2261.50004
G1 X113.356 Y139.802 E2261.50016
G1 X79.05 Y105.496 E2261.5405
G1 X79.035 Y105.622 E2261.54061
G1 X113.215 Y139.802 E2261.5808
G1 X113.074 Y139.802 E2261.58092
G1 X79.021 Y105.749 E2261.62096
G1 X79.006 Y105.876 E2261.62107
G1 X112.932 Y139.802 E2261.66096
G1 X112.791 Y139.802 E2261.66108
G1 X78.992 Y106.003 E2261.70082
G1 X78.977 Y106.13 E2261.70093
G1 X112.649 Y139.802 E2261.74053
G1 X112.508 Y139.802 E2261.74064
G1 X78.963 Y106.257 E2261.78009
G1 X78.948 Y106.384 E2261.7802
G1 X112.367 Y139.802 E2261.81949
G1 X112.225 Y139.802 E2261.81961
G1 X78.934 Y106.511 E2261.85876
G1 X78.919 Y106.638 E2261.85887
G1 X112.084 Y139.802 E2261.89786
G1 X111.942 Y139.802 E2261.89798
G1 X78.905 Y106.765 E2261.93683
G1 X78.89 Y106.891 E2261.93694
G1 X111.801 Y139.802 E2261.97564
G1 X111.659 Y139.802 E2261.97576
G1 X78.876 Y107.019 E2262.01431
G1 X78.861 Y107.145 E2262.01441
G1 X111.518 Y139.802 E2262.05281
G1 X111.377 Y139.802 E2262.05293
G1 X78.847 Y107.273 E2262.09118
G1 X78.832 Y107.399 E2262.09129
G1 X111.235 Y139.802 E2262.12939
G1 X111.094 Y139.802 E2262.12951
G1 X78.818 Y107.526 E2262.16746
G1 X78.803 Y107.653 E2262.16757
G1 X110.952 Y139.802 E2262.20537
G1 X110.811 Y139.802 E2262.20549
G1 X78.789 Y107.78 E2262.24315
G1 X78.774 Y107.907 E2262.24325
G1 X110.669 Y139.802 E2262.28076
G1 X110.528 Y139.802 E2262.28088
G1 X78.76 Y108.034 E2262.31823
G1 X78.745 Y108.161 E2262.31834
G1 X110.387 Y139.802 E2262.35555
G1 X110.245 Y139.802 E2262.35567
G1 X78.731 Y108.288 E2262.39272
G1 X78.716 Y108.415 E2262.39283
G1 X110.104 Y139.802 E2262.42974
G1 X109.962 Y139.802 E2262.42986
G1 X78.702 Y108.542 E2262.46662
G1 X78.687 Y108.668 E2262.46672
G1 X109.821 Y139.802 E2262.50333
G1 X109.68 Y139.802 E2262.50345
G1 X78.673 Y108.796 E2262.53991
G1 X78.658 Y108.922 E2262.54002
G1 X109.538 Y139.802 E2262.57633
G1 X109.397 Y139.802 E2262.57645
G1 X78.643 Y109.049 E2262.61261
G1 X78.629 Y109.176 E2262.61272
G1 X109.255 Y139.802 E2262.64873
G1 X109.114 Y139.802 E2262.64885
G1 X78.614 Y109.303 E2262.68471
G1 X78.6 Y109.43 E2262.68482
G1 X108.972 Y139.802 E2262.72053
G1 X108.831 Y139.802 E2262.72065
G1 X78.585 Y109.557 E2262.75622
G1 X78.571 Y109.684 E2262.75632
G1 X108.69 Y139.802 E2262.79174
G1 X108.548 Y139.802 E2262.79186
G1 X78.556 Y109.81 E2262.82713
G1 X78.542 Y109.938 E2262.82724
G1 X108.407 Y139.802 E2262.86235
G1 X108.265 Y139.802 E2262.86247
G1 X78.527 Y110.064 E2262.89744
G1 X78.513 Y110.191 E2262.89755
G1 X108.124 Y139.802 E2262.93237
G1 X107.982 Y139.802 E2262.93249
G1 X78.498 Y110.318 E2262.96716
G1 X78.484 Y110.445 E2262.96726
G1 X107.841 Y139.802 E2263.00178
G1 X107.7 Y139.802 E2263.0019
G1 X78.469 Y110.572 E2263.03627
G1 X78.455 Y110.699 E2263.03638
G1 X107.558 Y139.802 E2263.0706
G1 X107.417 Y139.802 E2263.07072
G1 X78.44 Y110.826 E2263.1048
G1 X78.426 Y110.953 E2263.1049
G1 X107.275 Y139.802 E2263.13883
G1 X107.134 Y139.802 E2263.13894
G1 X78.411 Y111.08 E2263.17272
G1 X78.397 Y111.207 E2263.17282
G1 X106.993 Y139.802 E2263.20645
G1 X106.851 Y139.802 E2263.20657
G1 X78.382 Y111.333 E2263.24005
G1 X78.368 Y111.461 E2263.24015
G1 X106.71 Y139.802 E2263.27348
G1 X106.568 Y139.802 E2263.2736
G1 X78.353 Y111.587 E2263.30678
G1 X78.339 Y111.715 E2263.30688
G1 X106.427 Y139.802 E2263.33991
G1 X106.285 Y139.802 E2263.34003
G1 X78.324 Y111.841 E2263.37291
G1 X78.31 Y111.968 E2263.37302
G1 X106.144 Y139.802 E2263.40575
G1 X106.003 Y139.802 E2263.40587
G1 X78.295 Y112.095 E2263.43845
G1 X78.281 Y112.222 E2263.43855
G1 X105.861 Y139.802 E2263.47099
G1 X105.72 Y139.802 E2263.4711
G1 X78.266 Y112.349 E2263.50339
G1 X78.252 Y112.476 E2263.50349
G1 X105.578 Y139.802 E2263.53563
G1 X105.437 Y139.802 E2263.53574
G1 X78.237 Y112.603 E2263.56773
G1 X78.223 Y112.73 E2263.56783
G1 X105.295 Y139.802 E2263.59967
G1 X105.154 Y139.802 E2263.59979
G1 X78.208 Y112.857 E2263.63147
G1 X78.194 Y112.984 E2263.63158
G1 X105.013 Y139.802 E2263.66311
G1 X104.871 Y139.802 E2263.66323
G1 X78.179 Y113.11 E2263.69462
G1 X78.165 Y113.238 E2263.69473
G1 X104.73 Y139.802 E2263.72596
G1 X104.588 Y139.802 E2263.72608
G1 X78.15 Y113.364 E2263.75717
G1 X78.136 Y113.491 E2263.75728
G1 X104.447 Y139.802 E2263.78822
G1 X104.306 Y139.802 E2263.78833
G1 X78.121 Y113.618 E2263.81913
G1 X78.107 Y113.745 E2263.81923
G1 X104.164 Y139.802 E2263.84987
G1 X104.023 Y139.802 E2263.84999
G1 X78.092 Y113.872 E2263.88048
G1 X78.078 Y113.999 E2263.88059
G1 X103.881 Y139.802 E2263.91093
G1 X103.74 Y139.802 E2263.91105
G1 X78.063 Y114.126 E2263.94124
G1 X78.049 Y114.252 E2263.94135
G1 X85.627 Y121.83 E2263.95026
G1 X85.347 Y121.693 E2263.95052
G1 X78.034 Y114.38 E2263.95912
G1 X78.02 Y114.506 E2263.95922
G1 X85.156 Y121.642 E2263.96761
G1 X84.964 Y121.592 E2263.96778
G1 X78.005 Y114.634 E2263.97596
G1 X77.991 Y114.76 E2263.97607
G1 X84.796 Y121.565 E2263.98407
G1 X84.654 Y121.565 E2263.98419
G1 X77.976 Y114.887 E2263.99204
G1 X77.962 Y115.014 E2263.99215
G1 X84.513 Y121.565 E2263.99985
G1 X84.371 Y121.565 E2263.99997
G1 X77.947 Y115.141 E2264.00752
G1 X77.933 Y115.268 E2264.00763
G1 X84.243 Y121.578 E2264.01505
G1 X84.13 Y121.607 E2264.01515
G1 X77.918 Y115.395 E2264.02245
G1 X77.904 Y115.522 E2264.02256
G1 X84.018 Y121.636 E2264.02975
G1 X83.905 Y121.665 E2264.02984
G1 X77.889 Y115.649 E2264.03692
G1 X77.875 Y115.776 E2264.03702
G1 X83.794 Y121.695 E2264.04398
G1 X83.692 Y121.734 E2264.04407
G1 X77.86 Y115.903 E2264.05093
G1 X77.846 Y116.029 E2264.05104
G1 X83.601 Y121.785 E2264.05781
G1 X83.511 Y121.836 E2264.05789
G1 X77.831 Y116.157 E2264.06457
G1 X77.817 Y116.283 E2264.06468
G1 X83.42 Y121.887 E2264.07126
G1 X83.33 Y121.938 E2264.07135
G1 X77.802 Y116.41 E2264.07785
G1 X77.788 Y116.537 E2264.07796
G1 X83.24 Y121.99 E2264.08437
G1 X83.167 Y122.058 E2264.08445
G1 X77.773 Y116.664 E2264.0908
G1 X77.759 Y116.791 E2264.0909
G1 X83.096 Y122.128 E2264.09718
G1 X83.024 Y122.198 E2264.09726
G1 X77.744 Y116.918 E2264.10347
G1 X77.73 Y117.045 E2264.10358
G1 X82.952 Y122.267 E2264.10972
G1 X82.881 Y122.337 E2264.1098
G1 X77.715 Y117.172 E2264.11587
G1 X77.701 Y117.299 E2264.11598
G1 X82.809 Y122.407 E2264.12199
G1 X82.761 Y122.501 E2264.12207
G1 X77.686 Y117.426 E2264.12804
G1 X77.672 Y117.552 E2264.12815
G1 X82.713 Y122.593 E2264.13408
G1 X82.665 Y122.687 E2264.13416
G1 X77.658 Y117.68 E2264.14005
G1 X77.643 Y117.806 E2264.14016
G1 X82.616 Y122.779 E2264.146
G1 X82.567 Y122.872 E2264.14609
G1 X77.628 Y117.933 E2264.1519
G1 X77.614 Y118.06 E2264.15201
G1 X82.519 Y122.965 E2264.15777
G1 X82.47 Y123.058 E2264.15786
G1 X77.599 Y118.187 E2264.16359
G1 X77.585 Y118.314 E2264.1637
G1 X82.43 Y123.159 E2264.16939
G1 X82.411 Y123.281 E2264.1695
G1 X77.57 Y118.441 E2264.17519
G1 X77.556 Y118.568 E2264.17529
G1 X82.391 Y123.403 E2264.18098
G1 X82.371 Y123.525 E2264.18108
G1 X77.541 Y118.694 E2264.18676
G1 X77.527 Y118.822 E2264.18687
G1 X82.351 Y123.646 E2264.19254
G1 X82.348 Y123.785 E2264.19266
G1 X77.512 Y118.948 E2264.19835
G1 X77.498 Y119.076 E2264.19845
G1 X82.363 Y123.941 E2264.20417
G1 X82.378 Y124.097 E2264.2043
G1 X77.483 Y119.202 E2264.21006
G1 X77.469 Y119.329 E2264.21017
G1 X82.394 Y124.254 E2264.21596
G1 X82.474 Y124.476 E2264.21615
G1 X77.454 Y119.456 E2264.22206
G1 X77.44 Y119.583 E2264.22216
G1 X82.586 Y124.73 E2264.22821
G1 X82.698 Y124.983 E2264.22844
G1 X77.425 Y119.71 E2264.23465
G1 X77.411 Y119.837 E2264.23475
G1 X97.376 Y139.802 E2264.25823
G1 X97.234 Y139.802 E2264.25835
G1 X77.396 Y119.964 E2264.28168
G1 X77.382 Y120.091 E2264.28178
G1 X97.093 Y139.802 E2264.30496
G1 X96.952 Y139.802 E2264.30508
G1 X77.367 Y120.218 E2264.32811
G1 X77.353 Y120.345 E2264.32821
G1 X96.81 Y139.802 E2264.35109
G1 X96.669 Y139.802 E2264.35121
G1 X77.338 Y120.471 E2264.37394
G1 X77.324 Y120.599 E2264.37405
G1 X96.527 Y139.802 E2264.39663
G1 X96.386 Y139.802 E2264.39675
G1 X77.309 Y120.725 E2264.41918
G1 X77.295 Y120.853 E2264.41929
G1 X96.245 Y139.802 E2264.44157
G1 X96.103 Y139.802 E2264.44169
G1 X77.28 Y120.979 E2264.46382
G1 X77.266 Y121.106 E2264.46393
G1 X95.962 Y139.802 E2264.48591
G1 X95.82 Y139.802 E2264.48603
G1 X77.251 Y121.233 E2264.50787
G1 X77.237 Y121.36 E2264.50797
G1 X95.679 Y139.802 E2264.52966
G1 X95.537 Y139.802 E2264.52978
G1 X77.222 Y121.487 E2264.55132
G1 X77.208 Y121.614 E2264.55142
G1 X95.396 Y139.802 E2264.57281
G1 X95.255 Y139.802 E2264.57293
G1 X77.193 Y121.741 E2264.59417
G1 X77.179 Y121.868 E2264.59427
G1 X90.659 Y135.348 E2264.61012
G1 X90.367 Y135.198 E2264.6104
G1 X77.164 Y121.995 E2264.62592
G1 X77.15 Y122.122 E2264.62603
G1 X90.176 Y135.148 E2264.64135
G1 X89.985 Y135.099 E2264.64151
G1 X77.135 Y122.248 E2264.65662
G1 X77.12 Y122.375 E2264.65673
G1 X89.811 Y135.066 E2264.67165
G1 X89.67 Y135.066 E2264.67177
G1 X77.106 Y122.502 E2264.68654
G1 X77.091 Y122.629 E2264.68665
G1 X89.528 Y135.066 E2264.70127
G1 X89.387 Y135.066 E2264.70139
G1 X77.077 Y122.756 E2264.71587
G1 X77.062 Y122.883 E2264.71597
G1 X89.255 Y135.075 E2264.73031
G1 X89.142 Y135.104 E2264.73041
G1 X77.048 Y123.01 E2264.74463
G1 X77.033 Y123.136 E2264.74474
G1 X89.03 Y135.133 E2264.75884
G1 X88.918 Y135.163 E2264.75894
G1 X77.019 Y123.264 E2264.77293
G1 X77.004 Y123.39 E2264.77304
G1 X88.806 Y135.192 E2264.78692
G1 X88.702 Y135.229 E2264.78701
G1 X76.99 Y123.518 E2264.80078
G1 X76.975 Y123.644 E2264.80088
G1 X88.611 Y135.28 E2264.81457
G1 X88.521 Y135.331 E2264.81465
G1 X76.961 Y123.771 E2264.82825
G1 X76.946 Y123.898 E2264.82835
G1 X88.43 Y135.382 E2264.84186
G1 X88.34 Y135.434 E2264.84194
G1 X76.932 Y124.025 E2264.85536
G1 X76.917 Y124.152 E2264.85547
G1 X88.25 Y135.485 E2264.86879
G1 X88.175 Y135.551 E2264.86888
G1 X76.903 Y124.279 E2264.88213
G1 X76.888 Y124.406 E2264.88224
G1 X88.104 Y135.621 E2264.89543
G1 X88.031 Y135.69 E2264.89551
G1 X76.874 Y124.533 E2264.90863
G1 X76.859 Y124.66 E2264.90874
G1 X87.96 Y135.76 E2264.92179
G1 X87.888 Y135.83 E2264.92187
G1 X76.845 Y124.787 E2264.93486
G1 X76.83 Y124.913 E2264.93496
G1 X87.817 Y135.9 E2264.94788
G1 X87.766 Y135.991 E2264.94797
G1 X76.816 Y125.041 E2264.96085
G1 X76.801 Y125.167 E2264.96095
G1 X87.718 Y136.084 E2264.97379
G1 X87.669 Y136.177 E2264.97388
G1 X76.787 Y125.295 E2264.98667
G1 X76.772 Y125.421 E2264.98678
G1 X87.621 Y136.27 E2264.99954
G1 X87.573 Y136.363 E2264.99962
G1 X76.758 Y125.548 E2265.01234
G1 X76.743 Y125.675 E2265.01245
G1 X87.524 Y136.456 E2265.02513
G1 X87.476 Y136.549 E2265.02521
G1 X76.729 Y125.802 E2265.03785
G1 X76.714 Y125.929 E2265.03796
G1 X87.433 Y136.647 E2265.05056
G1 X87.413 Y136.769 E2265.05066
G1 X76.7 Y126.056 E2265.06326
G1 X76.685 Y126.183 E2265.06337
G1 X87.393 Y136.89 E2265.07596
G1 X87.373 Y137.012 E2265.07606
G1 X76.671 Y126.31 E2265.08865
G1 X76.656 Y126.437 E2265.08875
G1 X87.353 Y137.134 E2265.10133
G1 X87.346 Y137.267 E2265.10144
G1 X76.642 Y126.564 E2265.11403
G1 X76.627 Y126.69 E2265.11413
G1 X87.361 Y137.424 E2265.12676
G1 X87.376 Y137.581 E2265.12689
G1 X76.612 Y126.817 E2265.13955
G1 X76.598 Y126.944 E2265.13965
G1 X87.391 Y137.737 E2265.15234
G1 X87.462 Y137.949 E2265.15253
G1 X76.583 Y127.071 E2265.16532
G1 X76.569 Y127.198 E2265.16543
G1 X87.573 Y138.202 E2265.17837
G1 X87.686 Y138.456 E2265.1786
G1 X76.554 Y127.325 E2265.19169
G1 X76.54 Y127.452 E2265.19179
G1 X88.891 Y139.802 E2265.20632
G1 X88.749 Y139.802 E2265.20644
G1 X76.525 Y127.579 E2265.22081
G1 X76.511 Y127.706 E2265.22092
G1 X88.608 Y139.802 E2265.23514
G1 X88.466 Y139.802 E2265.23526
G1 X76.496 Y127.832 E2265.24933
G1 X76.482 Y127.96 E2265.24944
G1 X88.325 Y139.802 E2265.26337
G1 X88.183 Y139.802 E2265.26349
G1 X76.467 Y128.086 E2265.27726
G1 X76.453 Y128.214 E2265.27737
G1 X88.042 Y139.802 E2265.291
G1 X87.901 Y139.802 E2265.29111
G1 X76.438 Y128.34 E2265.30459
G1 X76.424 Y128.467 E2265.3047
G1 X87.759 Y139.802 E2265.31803
G1 X87.618 Y139.802 E2265.31815
G1 X76.409 Y128.594 E2265.33133
G1 X76.395 Y128.721 E2265.33143
G1 X87.476 Y139.802 E2265.34446
G1 X87.335 Y139.802 E2265.34458
G1 X76.38 Y128.848 E2265.35746
G1 X76.366 Y128.975 E2265.35757
G1 X87.194 Y139.802 E2265.3703
G1 X87.052 Y139.802 E2265.37042
G1 X76.351 Y129.102 E2265.383
G1 X76.337 Y129.229 E2265.38311
G1 X86.911 Y139.802 E2265.39554
G1 X86.769 Y139.802 E2265.39566
G1 X76.322 Y129.355 E2265.40794
G1 X76.308 Y129.483 E2265.40805
G1 X86.628 Y139.802 E2265.42019
G1 X86.486 Y139.802 E2265.4203
G1 X76.293 Y129.609 E2265.43229
G1 X76.279 Y129.737 E2265.4324
G1 X86.345 Y139.802 E2265.44423
G1 X86.204 Y139.802 E2265.44435
G1 X76.265 Y129.863 E2265.45604
G1 X76.25 Y129.99 E2265.45614
G1 X86.062 Y139.802 E2265.46768
G1 X85.921 Y139.802 E2265.4678
G1 X76.236 Y130.117 E2265.47919
G1 X76.221 Y130.244 E2265.4793
G1 X85.779 Y139.802 E2265.49053
G1 X85.638 Y139.802 E2265.49065
G1 X80.979 Y135.143 E2265.49613
G1 X81.091 Y135.396 E2265.49636
G1 X85.496 Y139.802 E2265.50154
G1 X85.355 Y139.802 E2265.50166
G1 X81.202 Y135.649 E2265.50654
G1 X81.261 Y135.85 E2265.50672
G1 X85.214 Y139.802 E2265.51136
G1 X85.072 Y139.802 E2265.51148
G1 X81.276 Y136.007 E2265.51595
G1 X81.291 Y136.163 E2265.51608
G1 X84.931 Y139.802 E2265.52036
G1 X84.789 Y139.802 E2265.52047
G1 X81.307 Y136.32 E2265.52457
G1 X81.296 Y136.451 E2265.52468
G1 X84.648 Y139.802 E2265.52862
G1 X84.507 Y139.802 E2265.52874
G1 X81.27 Y136.566 E2265.53254
G1 X81.243 Y136.68 E2265.53264
G1 X84.365 Y139.802 E2265.53631
G1 X84.224 Y139.802 E2265.53643
G1 X81.217 Y136.796 E2265.53996
G1 X81.191 Y136.911 E2265.54006
G1 X84.082 Y139.802 E2265.54346
G1 X83.941 Y139.802 E2265.54358
G1 X81.165 Y137.026 E2265.54684
G1 X81.138 Y137.141 E2265.54694
G1 X83.799 Y139.802 E2265.55007
G1 X83.658 Y139.802 E2265.55019
G1 X81.091 Y137.235 E2265.55321
G1 X81.037 Y137.323 E2265.55329
G1 X83.517 Y139.802 E2265.55621
G1 X83.375 Y139.802 E2265.55632
G1 X80.984 Y137.411 E2265.55914
G1 X80.931 Y137.499 E2265.55922
G1 X83.234 Y139.802 E2265.56193
G1 X83.092 Y139.802 E2265.56205
G1 X80.877 Y137.587 E2265.56465
G1 X80.823 Y137.675 E2265.56474
G1 X82.951 Y139.802 E2265.56724
G1 X82.809 Y139.802 E2265.56736
G1 X80.753 Y137.745 E2265.56978
G1 X80.681 Y137.815 E2265.56986
G1 X82.668 Y139.802 E2265.5722
G1 X82.527 Y139.802 E2265.57231
G1 X80.609 Y137.885 E2265.57457
G1 X80.538 Y137.955 E2265.57465
G1 X82.385 Y139.802 E2265.57682
G1 X82.244 Y139.802 E2265.57694
G1 X80.466 Y138.025 E2265.57903
G1 X80.389 Y138.089 E2265.57911
G1 X82.102 Y139.802 E2265.58113
G1 X81.961 Y139.802 E2265.58125
G1 X80.299 Y138.14 E2265.5832
G1 X80.208 Y138.191 E2265.58329
G1 X81.82 Y139.802 E2265.58518
G1 X81.678 Y139.802 E2265.5853
G1 X80.118 Y138.242 E2265.58713
G1 X80.027 Y138.293 E2265.58722
G1 X81.537 Y139.802 E2265.589
G1 X81.395 Y139.802 E2265.58911
G1 X79.937 Y138.344 E2265.59083
G1 X79.83 Y138.378 E2265.59092
G1 X81.254 Y139.802 E2265.5926
G1 X81.112 Y139.802 E2265.59271
G1 X79.717 Y138.407 E2265.59436
G1 X79.606 Y138.437 E2265.59445
G1 X80.971 Y139.802 E2265.59606
G1 X80.83 Y139.802 E2265.59617
G1 X79.493 Y138.466 E2265.59774
G1 X79.381 Y138.496 E2265.59784
G1 X80.688 Y139.802 E2265.59938
G1 X80.547 Y139.802 E2265.59949
G1 X79.246 Y138.501 E2265.60102
G1 X79.104 Y138.501 E2265.60114
G1 X80.405 Y139.802 E2265.60267
G1 X80.264 Y139.802 E2265.60279
G1 X78.963 Y138.501 E2265.60432
G1 X78.821 Y138.501 E2265.60444
G1 X80.122 Y139.802 E2265.60597
G1 X79.981 Y139.802 E2265.60609
G1 X78.641 Y138.462 E2265.60766
G1 X78.449 Y138.412 E2265.60783
G1 X79.84 Y139.802 E2265.60946
G1 X79.698 Y139.802 E2265.60958
G1 X78.258 Y138.362 E2265.61127
G1 X77.95 Y138.195 E2265.61156
G1 X79.557 Y139.802 E2265.61345
G1 X79.415 Y139.802 E2265.61357
G1 X75.576 Y135.963 E2265.61809
G1 X75.571 Y136.099 E2265.6182
G1 X79.274 Y139.802 E2265.62255
G1 X79.133 Y139.802 E2265.62267
G1 X75.566 Y136.236 E2265.62686
G1 X75.56 Y136.371 E2265.62698
G1 X78.991 Y139.802 E2265.63101
G1 X78.843 Y139.796 E2265.63113
G1 X75.57 Y136.523 E2265.63498
G1 X75.589 Y136.683 E2265.63512
G1 X78.684 Y139.778 E2265.63876
G1 X78.52 Y139.756 E2265.63889
G1 X75.608 Y136.843 E2265.64232
G1 X75.626 Y137.003 E2265.64245
G1 X78.335 Y139.712 E2265.64564
G1 X78.15 Y139.668 E2265.6458
G1 X75.671 Y137.19 E2265.64871
G1 X75.751 Y137.411 E2265.64891
G1 X77.964 Y139.624 E2265.65151
G1 X77.729 Y139.53 E2265.65172
G1 X75.831 Y137.632 E2265.65395
G1 X75.965 Y137.908 E2265.65421
G1 X77.45 Y139.393 E2265.65595
G1 X77.097 Y139.181 E2265.6563
G1 X76.134 Y138.218 E2265.65743
M204 S5000
M205 X30 Y30
G0 F7200 X76.547 Y137.995
G0 X77.195 Y137.441
M204 S3000
M205 X20 Y20
G1 F1000 X75.583 Y135.828 E2265.65932
G1 X75.597 Y135.701 E2265.65943
G1 X77.04 Y137.144 E2265.66113
G1 X76.926 Y136.889 E2265.66136
G1 X75.612 Y135.574 E2265.66291
G1 X75.627 Y135.448 E2265.66301
G1 X76.899 Y136.721 E2265.66451
G1 X76.872 Y136.552 E2265.66465
G1 X75.641 Y135.321 E2265.6661
G1 X75.656 Y135.194 E2265.6662
G1 X76.845 Y136.383 E2265.6676
G1 X76.851 Y136.248 E2265.66771
G1 X75.67 Y135.067 E2265.6691
G1 X75.685 Y134.94 E2265.66921
G1 X76.863 Y136.119 E2265.67059
G1 X76.876 Y135.99 E2265.6707
G1 X75.699 Y134.813 E2265.67209
G1 X75.714 Y134.686 E2265.67219
G1 X76.888 Y135.861 E2265.67357
G1 X76.908 Y135.739 E2265.67368
G1 X75.728 Y134.559 E2265.67506
G1 X75.743 Y134.433 E2265.67517
G1 X76.952 Y135.642 E2265.67659
G1 X76.995 Y135.543 E2265.67668
G1 X75.757 Y134.305 E2265.67814
G1 X75.772 Y134.179 E2265.67824
G1 X77.038 Y135.445 E2265.67973
G1 X77.081 Y135.347 E2265.67982
G1 X75.786 Y134.051 E2265.68134
G1 X75.801 Y133.925 E2265.68145
G1 X77.125 Y135.249 E2265.68301
G1 X77.168 Y135.151 E2265.6831
G1 X75.815 Y133.798 E2265.68469
G1 X75.83 Y133.671 E2265.68479
G1 X77.211 Y135.053 E2265.68642
G1 X77.267 Y134.967 E2265.6865
G1 X75.844 Y133.544 E2265.68818
G1 X75.859 Y133.417 E2265.68828
G1 X77.339 Y134.898 E2265.69002
G1 X77.411 Y134.828 E2265.69011
G1 X75.873 Y133.29 E2265.69192
G1 X75.888 Y133.163 E2265.69202
G1 X77.482 Y134.758 E2265.6939
G1 X77.554 Y134.688 E2265.69398
G1 X75.902 Y133.036 E2265.69592
G1 X75.917 Y132.909 E2265.69603
G1 X77.626 Y134.618 E2265.69804
G1 X77.698 Y134.549 E2265.69812
G1 X75.931 Y132.782 E2265.7002
G1 X75.946 Y132.656 E2265.7003
G1 X77.769 Y134.479 E2265.70245
G1 X77.843 Y134.412 E2265.70253
G1 X75.96 Y132.528 E2265.70475
G1 X75.975 Y132.402 E2265.70485
G1 X77.94 Y134.367 E2265.70716
G1 X78.035 Y134.321 E2265.70725
G1 X75.989 Y132.274 E2265.70966
G1 X76.004 Y132.148 E2265.70976
G1 X78.131 Y134.276 E2265.71226
G1 X78.227 Y134.23 E2265.71235
G1 X76.018 Y132.021 E2265.71495
G1 X76.033 Y131.894 E2265.71506
G1 X78.323 Y134.184 E2265.71775
G1 X78.43 Y134.15 E2265.71784
G1 X76.047 Y131.767 E2265.72065
G1 X76.062 Y131.64 E2265.72075
G1 X78.548 Y134.126 E2265.72367
G1 X78.667 Y134.104 E2265.72378
G1 X76.076 Y131.513 E2265.72682
G1 X76.091 Y131.386 E2265.72693
G1 X78.785 Y134.08 E2265.7301
G1 X78.903 Y134.057 E2265.7302
G1 X76.105 Y131.259 E2265.73349
G1 X76.12 Y131.132 E2265.73359
G1 X79.046 Y134.059 E2265.73703
G1 X79.198 Y134.069 E2265.73716
G1 X76.134 Y131.006 E2265.74076
G1 X76.149 Y130.879 E2265.74087
G1 X79.348 Y134.078 E2265.74463
G1 X79.5 Y134.088 E2265.74476
G1 X76.163 Y130.752 E2265.74868
G1 X76.178 Y130.625 E2265.74879
G1 X79.722 Y134.169 E2265.75296
G1 X79.958 Y134.264 E2265.75317
G1 X76.192 Y130.498 E2265.7576
G1 X76.207 Y130.371 E2265.7577
G1 X80.195 Y134.359 E2265.76239
M204 S5000
M205 X30 Y30
G1 F1500 E2259.26239
G0 F7200 X80.352 Y133.97
G0 X83.25 Y126.166
G1 F1500 E2265.76239
G0 F7200 X83.401 Y125.686
M204 S3000
M205 X20 Y20
G1 F1000 X97.517 Y139.802 E2265.77899
G1 X97.659 Y139.802 E2265.77911
G1 X83.638 Y125.781 E2265.7956
G1 X83.874 Y125.877 E2265.79581
G1 X97.8 Y139.802 E2265.81218
G1 X97.942 Y139.802 E2265.8123
G1 X84.111 Y125.971 E2265.82857
G1 X84.267 Y125.986 E2265.8287
G1 X98.083 Y139.802 E2265.84494
G1 X98.224 Y139.802 E2265.84506
G1 X84.418 Y125.996 E2265.86129
G1 X84.569 Y126.006 E2265.86142
G1 X98.366 Y139.802 E2265.87764
G1 X98.507 Y139.802 E2265.87776
G1 X84.72 Y126.015 E2265.89397
G1 X84.838 Y125.992 E2265.89407
G1 X98.649 Y139.802 E2265.91031
G1 X98.79 Y139.802 E2265.91043
G1 X84.957 Y125.969 E2265.9267
G1 X85.075 Y125.946 E2265.9268
G1 X98.932 Y139.802 E2265.94309
G1 X99.073 Y139.802 E2265.94321
G1 X85.194 Y125.923 E2265.95953
G1 X85.306 Y125.893 E2265.95963
G1 X99.214 Y139.802 E2265.97598
G1 X99.356 Y139.802 E2265.9761
G1 X85.402 Y125.848 E2265.99251
G1 X85.497 Y125.802 E2265.9926
G1 X99.497 Y139.802 E2266.00906
G1 X99.639 Y139.802 E2266.00918
G1 X85.593 Y125.756 E2266.02569
G1 X85.688 Y125.71 E2266.02578
G1 X99.78 Y139.802 E2266.04235
G1 X99.921 Y139.802 E2266.04247
G1 X85.784 Y125.665 E2266.05909
G1 X85.863 Y125.603 E2266.05918
G1 X100.063 Y139.802 E2266.07588
G1 X100.204 Y139.802 E2266.07599
G1 X85.936 Y125.534 E2266.09277
G1 X86.007 Y125.464 E2266.09285
G1 X100.346 Y139.802 E2266.10971
G1 X100.487 Y139.802 E2266.10983
G1 X86.079 Y125.394 E2266.12677
G1 X86.151 Y125.324 E2266.12686
G1 X100.629 Y139.802 E2266.14388
G1 X100.77 Y139.802 E2266.144
G1 X86.223 Y125.255 E2266.16111
G1 X86.294 Y125.185 E2266.16119
G1 X100.911 Y139.802 E2266.17838
G1 X101.053 Y139.802 E2266.1785
G1 X86.366 Y125.116 E2266.19577
G1 X86.428 Y125.036 E2266.19585
G1 X101.194 Y139.802 E2266.21321
G1 X101.336 Y139.802 E2266.21333
G1 X86.472 Y124.938 E2266.23081
G1 X86.515 Y124.84 E2266.2309
G1 X101.477 Y139.802 E2266.24849
G1 X101.619 Y139.802 E2266.24861
G1 X86.558 Y124.742 E2266.26632
G1 X86.602 Y124.644 E2266.26641
G1 X101.76 Y139.802 E2266.28424
G1 X101.901 Y139.802 E2266.28435
G1 X86.645 Y124.546 E2266.30229
G1 X86.688 Y124.447 E2266.30238
G1 X102.043 Y139.802 E2266.32044
G1 X102.184 Y139.802 E2266.32056
G1 X86.732 Y124.35 E2266.33873
G1 X86.759 Y124.235 E2266.33883
G1 X102.326 Y139.802 E2266.35713
G1 X102.467 Y139.802 E2266.35725
G1 X86.771 Y124.107 E2266.3757
G1 X86.784 Y123.978 E2266.37581
G1 X102.608 Y139.802 E2266.39442
G1 X102.75 Y139.802 E2266.39454
G1 X86.798 Y123.85 E2266.4133
G1 X86.81 Y123.721 E2266.4134
G1 X102.891 Y139.802 E2266.43231
G1 X103.033 Y139.802 E2266.43243
G1 X86.783 Y123.552 E2266.45154
G1 X86.74 Y123.368 E2266.4517
G1 X103.174 Y139.802 E2266.47102
G1 X103.316 Y139.802 E2266.47114
G1 X86.699 Y123.185 E2266.49068
G1 X86.656 Y123.001 E2266.49084
G1 X103.457 Y139.802 E2266.5106
G1 X103.598 Y139.802 E2266.51071
G1 X86.537 Y122.741 E2266.53078
M204 S5000
M205 X30 Y30
G1 F1500 E2260.03078
G0 F7200 X86.896 Y122.522
G0 X87.226 Y123.663
G0 X86.912 Y125.185
G0 X89.977 Y134.562
G0 X91.873 Y135.983
G1 F1500 E2266.53078
G0 F7200 X91.513 Y136.202
M204 S3000
M205 X20 Y20
G1 F1000 X95.113 Y139.802 E2266.53501
G1 X94.972 Y139.802 E2266.53513
G1 X91.651 Y136.482 E2266.53903
G1 X91.694 Y136.666 E2266.53919
G1 X94.83 Y139.802 E2266.54288
G1 X94.689 Y139.802 E2266.54299
G1 X91.736 Y136.849 E2266.54647
G1 X91.778 Y137.033 E2266.54662
G1 X94.547 Y139.802 E2266.54988
G1 X94.406 Y139.802 E2266.55
G1 X91.812 Y137.208 E2266.55305
G1 X91.799 Y137.337 E2266.55315
G1 X94.265 Y139.802 E2266.55605
G1 X94.123 Y139.802 E2266.55617
G1 X91.786 Y137.465 E2266.55892
G1 X91.773 Y137.594 E2266.55903
G1 X93.982 Y139.802 E2266.56162
G1 X93.84 Y139.802 E2266.56174
G1 X91.761 Y137.723 E2266.56419
G1 X91.737 Y137.84 E2266.56429
G1 X93.699 Y139.802 E2266.56659
G1 X93.558 Y139.802 E2266.56671
G1 X91.694 Y137.938 E2266.5689
G1 X91.65 Y138.036 E2266.56899
G1 X93.416 Y139.802 E2266.57107
G1 X93.275 Y139.802 E2266.57119
G1 X91.607 Y138.134 E2266.57315
G1 X91.563 Y138.233 E2266.57324
G1 X93.133 Y139.802 E2266.57508
G1 X92.992 Y139.802 E2266.5752
G1 X91.52 Y138.33 E2266.57693
G1 X91.476 Y138.428 E2266.57702
G1 X92.85 Y139.802 E2266.57864
G1 X92.709 Y139.802 E2266.57875
G1 X91.433 Y138.527 E2266.58025
G1 X91.374 Y138.609 E2266.58034
G1 X92.568 Y139.802 E2266.58174
G1 X92.426 Y139.802 E2266.58186
G1 X91.302 Y138.678 E2266.58318
G1 X91.23 Y138.748 E2266.58326
G1 X92.285 Y139.802 E2266.5845
G1 X92.143 Y139.802 E2266.58462
G1 X91.158 Y138.817 E2266.58578
G1 X91.087 Y138.887 E2266.58586
G1 X92.002 Y139.802 E2266.58694
G1 X91.86 Y139.802 E2266.58706
G1 X91.015 Y138.957 E2266.58805
G1 X90.943 Y139.027 E2266.58813
G1 X91.719 Y139.802 E2266.58905
G1 X91.578 Y139.802 E2266.58916
G1 X90.872 Y139.097 E2266.58999
G1 X90.794 Y139.16 E2266.59008
G1 X91.436 Y139.802 E2266.59083
G1 X91.295 Y139.802 E2266.59095
G1 X90.699 Y139.206 E2266.59165
G1 X90.603 Y139.251 E2266.59174
G1 X91.153 Y139.802 E2266.59239
G1 X91.012 Y139.802 E2266.5925
G1 X90.507 Y139.297 E2266.5931
G1 X90.411 Y139.343 E2266.59318
G1 X90.87 Y139.802 E2266.59372
G1 X90.729 Y139.802 E2266.59384
G1 X90.315 Y139.389 E2266.59433
G1 X90.206 Y139.42 E2266.59442
G1 X90.588 Y139.802 E2266.59487
G1 X90.446 Y139.802 E2266.59499
G1 X90.087 Y139.443 E2266.59541
G1 X89.969 Y139.466 E2266.59551
G1 X90.305 Y139.802 E2266.59591
G1 X90.163 Y139.802 E2266.59602
G1 X89.85 Y139.489 E2266.59639
G1 X89.732 Y139.512 E2266.59649
G1 X90.022 Y139.802 E2266.59683
G1 X89.881 Y139.802 E2266.59695
G1 X89.584 Y139.506 E2266.5973
G1 X89.434 Y139.497 E2266.59742
G1 X89.739 Y139.802 E2266.59778
G1 X89.598 Y139.802 E2266.5979
G1 X89.282 Y139.487 E2266.59827
G1 X89.131 Y139.477 E2266.5984
G1 X89.456 Y139.802 E2266.59878
G1 X89.315 Y139.802 E2266.5989
G1 X88.898 Y139.385 E2266.59939
G1 X88.661 Y139.29 E2266.5996
G1 X89.173 Y139.802 E2266.6002
G1 X89.032 Y139.802 E2266.60032
G1 X88.424 Y139.194 E2266.60103
M204 S5000
M205 X30 Y30
G0 F7200 X88.004 Y139.397
G0 X80.032 Y139.323
G0 X81.115 Y138.069
G0 X81.619 Y137.2
G0 X81.662 Y135.495
G0 X81.084 Y134.493
G0 X80.153 Y133.825
G0 X79.028 Y133.577
G0 X77.697 Y133.953
G0 X76.753 Y134.899
G0 X79.952 Y101.858
G0 X80.842 Y102.685
G0 X81.264 Y102.478
M204 S3000
M205 X20 Y20
G1 F1000 X79.594 Y100.807 E2266.603
G1 X79.616 Y100.688 E2266.6031
G1 X81.127 Y102.199 E2266.60488
G1 X80.99 Y101.92 E2266.60513
G1 X79.64 Y100.57 E2266.60672
G1 X79.662 Y100.451 E2266.60682
G1 X80.95 Y101.739 E2266.60834
G1 X80.928 Y101.575 E2266.60847
G1 X79.687 Y100.334 E2266.60993
G1 X79.724 Y100.23 E2266.61003
G1 X80.906 Y101.412 E2266.61142
G1 X80.892 Y101.256 E2266.61155
G1 X79.762 Y100.127 E2266.61287
G1 X79.799 Y100.023 E2266.61297
G1 X80.909 Y101.132 E2266.61427
G1 X80.925 Y101.007 E2266.61438
G1 X79.837 Y99.919 E2266.61565
G1 X79.876 Y99.817 E2266.61575
G1 X80.942 Y100.882 E2266.617
G1 X80.958 Y100.757 E2266.6171
G1 X79.927 Y99.726 E2266.61832
G1 X79.978 Y99.635 E2266.6184
G1 X80.992 Y100.649 E2266.61959
G1 X81.033 Y100.549 E2266.61968
G1 X80.028 Y99.544 E2266.62087
G1 X80.078 Y99.453 E2266.62095
G1 X81.075 Y100.45 E2266.62212
G1 X81.116 Y100.349 E2266.62222
G1 X80.128 Y99.361 E2266.62338
G1 X80.189 Y99.281 E2266.62346
G1 X81.158 Y100.25 E2266.6246
G1 X81.207 Y100.158 E2266.62469
G1 X80.25 Y99.201 E2266.62581
G1 X80.312 Y99.121 E2266.6259
G1 X81.269 Y100.078 E2266.62702
G1 X81.33 Y99.998 E2266.62711
G1 X80.374 Y99.042 E2266.62823
G1 X80.436 Y98.962 E2266.62831
G1 X81.391 Y99.917 E2266.62944
G1 X81.453 Y99.837 E2266.62952
G1 X80.503 Y98.888 E2266.63064
G1 X80.576 Y98.819 E2266.63072
G1 X81.514 Y99.757 E2266.63182
G1 X81.588 Y99.69 E2266.63191
G1 X80.649 Y98.75 E2266.63301
G1 X80.721 Y98.682 E2266.63309
G1 X81.669 Y99.629 E2266.63421
G1 X81.749 Y99.568 E2266.63429
G1 X80.794 Y98.613 E2266.63542
G1 X80.866 Y98.544 E2266.6355
G1 X81.829 Y99.506 E2266.63663
G1 X81.909 Y99.446 E2266.63671
G1 X80.95 Y98.487 E2266.63784
G1 X81.034 Y98.429 E2266.63793
G1 X81.991 Y99.386 E2266.63905
G1 X82.091 Y99.344 E2266.63914
G1 X81.118 Y98.371 E2266.64029
G1 X81.202 Y98.314 E2266.64037
G1 X82.191 Y99.303 E2266.64153
G1 X82.291 Y99.262 E2266.64162
G1 X81.286 Y98.256 E2266.64281
G1 X81.375 Y98.205 E2266.64289
G1 X82.391 Y99.22 E2266.64408
G1 X82.491 Y99.178 E2266.64417
G1 X81.472 Y98.159 E2266.64537
G1 X81.568 Y98.114 E2266.64546
G1 X82.611 Y99.158 E2266.64669
G1 X82.736 Y99.141 E2266.64679
G1 X81.664 Y98.069 E2266.64805
G1 X81.76 Y98.024 E2266.64814
G1 X82.861 Y99.125 E2266.64944
G1 X82.986 Y99.108 E2266.64954
G1 X81.856 Y97.978 E2266.65087
G1 X81.955 Y97.935 E2266.65096
G1 X83.122 Y99.103 E2266.65233
G1 X83.285 Y99.125 E2266.65247
G1 X82.071 Y97.91 E2266.6539
G1 X82.188 Y97.886 E2266.654
G1 X83.449 Y99.146 E2266.65548
G1 X83.612 Y99.168 E2266.65562
G1 X82.305 Y97.861 E2266.65715
G1 X82.421 Y97.836 E2266.65725
G1 X83.852 Y99.267 E2266.65893
G1 X84.13 Y99.404 E2266.65919
G1 X82.538 Y97.811 E2266.66106
G1 X82.655 Y97.787 E2266.66116
G1 X84.542 Y99.674 E2266.66338
M204 S5000
M205 X30 Y30
G1 F1500 E2260.16338
;MESH:Hip Servo Mount L.stl
G0 F7200 X84.851 Y99.321
G0 X92.739 Y103.29
G0 X93.349 Y102.338
G0 X105.21 Y95.285
G0 X106.163 Y94.672
G0 X103.979 Y90.359
G0 X103.434 Y86.865
G1 F1500 E2266.66338
G0 F7200 X103.56 Y86.89
M204 S3000
M205 X20 Y20
;TYPE:WALL-INNER
G1 F3082.8 X103.796 Y86.422 E2266.6918
G1 F3078.1 X104.032 Y86.107 E2266.71317
G1 F3101.9 X104.669 Y85.564 E2266.75827
G1 X105.484 Y85.282 E2266.80474
G1 F3078.1 X105.76 Y85.251 E2266.81982
G1 F3257.7 X106.6 Y85.407 E2266.86365
G1 F3729.1 X107.074 Y85.606 E2266.88669
G1 F4020 X107.277 Y85.732 E2266.89662
G1 X107.767 Y86.159 E2266.92365
G1 X107.926 Y86.352 E2266.93404
G1 X108.15 Y86.744 E2266.95281
G1 X108.365 Y87.436 E2266.98294
G1 X108.357 Y88.098 E2267.01046
G1 X108.196 Y88.716 E2267.03701
G1 X107.84 Y89.315 E2267.06598
G1 X107.22 Y89.856 E2267.10019
G1 X106.653 Y90.109 E2267.12601
G1 X106.411 Y90.166 E2267.13634
G1 X105.755 Y90.209 E2267.16368
G1 X105.464 Y90.171 E2267.17588
G1 F3792.5 X104.732 Y89.923 E2267.20994
G1 F3406.8 X104.043 Y89.42 E2267.25179
G1 F3150.5 X103.939 Y89.358 E2267.25821
G1 F3078.1 X103.556 Y88.686 E2267.30021
G1 F3092.3 X103.412 Y87.932 E2267.3417
G1 F3097.1 X103.404 Y87.66 E2267.35638
G1 F3101.9 X103.56 Y86.89 E2267.39871
M204 S5000
M205 X30 Y30
G0 F7200 X103.434 Y86.865
G0 X104.423 Y85.049
G0 X105.4 Y84.699
G0 X141.048 Y80.663
G0 X143.772 Y82.489
G0 X144.037 Y83.624
G0 X144.064 Y92.81
G0 X142.875 Y91.791
G0 X141.505 Y91.654
G0 X140.244 Y92.218
G0 X139.364 Y93.597
G0 X139.364 Y94.94
G0 X140.244 Y96.32
G0 X141.505 Y96.884
G0 X142.876 Y96.747
G0 X144.064 Y95.726
G0 X144.048 Y123.891
G0 X135.314 Y123.83
G0 X136.132 Y122.764
G0 X136.308 Y121.43
G0 X135.792 Y120.186
G0 X134.726 Y119.368
G0 X133.392 Y119.192
G0 X132.148 Y119.708
G0 X131.33 Y120.774
G0 X131.154 Y122.108
G0 X131.67 Y123.352
G0 X125.409 Y123.884
G0 X114.764 Y107.297
G0 X114.776 Y97.596
G0 X114.435 Y97.397
M204 S3000
M205 X20 Y20
G1 F4020 X114.566 Y97.602 E2267.40883
G1 X114.627 Y97.899 E2267.42143
G1 X114.626 Y107.337 E2267.81382
G1 X125.336 Y124.018 E2268.63797
G1 X132.77 Y124.018 E2268.94704
G1 X132.228 Y123.721 E2268.97274
G1 X131.728 Y123.179 E2269.0034
G1 X131.433 Y122.615 E2269.02986
G1 X131.318 Y122.186 E2269.04832
G1 X131.289 Y121.445 E2269.07916
G1 X131.507 Y120.743 E2269.10972
G1 X131.848 Y120.203 E2269.13627
G1 X132.218 Y119.838 E2269.15788
G1 X132.779 Y119.5 E2269.18511
G1 X133.407 Y119.332 E2269.21213
G1 X134.049 Y119.333 E2269.23882
G1 X134.672 Y119.496 E2269.2656
G1 X135.247 Y119.835 E2269.29335
G1 X135.699 Y120.296 E2269.32019
G1 X135.998 Y120.83 E2269.34564
G1 X136.144 Y121.352 E2269.36817
G1 X136.169 Y121.991 E2269.39476
G1 X136.029 Y122.615 E2269.42134
G1 X135.734 Y123.179 E2269.44781
G1 X135.234 Y123.721 E2269.47846
G1 X134.692 Y124.018 E2269.50416
G1 X144.176 Y124.019 E2269.89846
G1 X144.176 Y95.388 E2271.0888
G1 X143.708 Y96.016 E2271.12136
G1 X143.495 Y96.21 E2271.13334
G1 X142.927 Y96.554 E2271.16095
G1 X142.706 Y96.644 E2271.17087
G1 X142.264 Y96.745 E2271.18972
G1 X141.53 Y96.75 E2271.22023
G1 X140.904 Y96.554 E2271.2475
G1 X140.334 Y96.211 E2271.27516
G1 X139.754 Y95.533 E2271.31226
G1 X139.501 Y94.912 E2271.34014
G1 X139.419 Y94.288 E2271.3663
G1 X139.5 Y93.623 E2271.39415
G1 X139.755 Y93.009 E2271.42179
G1 X140.339 Y92.322 E2271.45928
G1 X140.928 Y91.968 E2271.48785
G1 X141.506 Y91.801 E2271.51287
G1 X142.072 Y91.775 E2271.53642
G1 X142.706 Y91.894 E2271.56324
G1 X142.926 Y91.983 E2271.57311
G1 X143.494 Y92.327 E2271.60072
G1 X143.708 Y92.521 E2271.61272
G1 X144.176 Y93.15 E2271.64532
G1 X144.176 Y84.93 E2271.98707
G1 F3507.9 X144.103 Y84.294 E2272.01757
G1 F3130.8 X144.107 Y83.616 E2272.05376
G1 F3190.5 X144.03 Y83.054 E2272.08348
G1 F3216 X143.842 Y82.463 E2272.11571
G1 F3180.4 X143.527 Y81.94 E2272.14779
G1 F3185.4 X143.222 Y81.562 E2272.17328
G1 F3210.9 X142.858 Y81.239 E2272.19861
G1 F3185.4 X142.449 Y80.978 E2272.22406
G1 F3200.6 X142.006 Y80.772 E2272.24958
G1 F3216 X141.533 Y80.645 E2272.27503
G1 F3210.9 X141.051 Y80.587 E2272.3003
G1 F3221.2 X140.482 Y80.611 E2272.32985
G1 F3557.5 X139.799 Y80.628 E2272.36194
G1 F3980.2 X138.515 Y80.774 E2272.41621
G1 X137.23 Y80.921 E2272.47052
G1 X135.946 Y81.068 E2272.52479
G1 X134.661 Y81.215 E2272.5791
G1 F3988.1 X133.376 Y81.362 E2272.6333
G1 X132.092 Y81.508 E2272.68746
G1 X130.807 Y81.655 E2272.74166
G1 X129.522 Y81.802 E2272.79586
G1 X128.238 Y81.949 E2272.85002
G1 F3996 X126.953 Y82.096 E2272.90412
G1 X125.668 Y82.242 E2272.95821
G1 X124.384 Y82.389 E2273.01226
G1 X123.099 Y82.536 E2273.06636
G1 F4004 X121.814 Y82.683 E2273.12034
G1 X120.53 Y82.83 E2273.17429
G1 X119.245 Y82.976 E2273.22827
G1 X117.96 Y83.123 E2273.28226
G1 F4012 X116.676 Y83.27 E2273.3361
G1 X115.391 Y83.417 E2273.38998
G1 X114.106 Y83.564 E2273.44386
G1 X112.822 Y83.71 E2273.49769
G1 X111.537 Y83.857 E2273.55157
G1 F4020 X110.252 Y84.004 E2273.60535
G1 X108.968 Y84.151 E2273.65908
G1 X107.683 Y84.298 E2273.71285
G1 X106.398 Y84.444 E2273.76662
G1 F3477.5 X105.744 Y84.598 E2273.79891
G1 F3082.8 X105.397 Y84.635 E2273.81783
G1 F3068.7 X104.845 Y84.793 E2273.8491
G1 F3078.1 X104.393 Y84.99 E2273.87587
G1 F3082.8 X103.983 Y85.267 E2273.9027
G1 F3059.4 X103.621 Y85.595 E2273.92938
G1 F3064 X103.23 Y86.083 E2273.96349
G1 F3082.8 X102.962 Y86.638 E2273.99691
G1 F3073.4 X102.829 Y87.113 E2274.02373
G1 F3068.7 X102.759 Y87.601 E2274.05058
G1 F3082.8 X102.774 Y88.095 E2274.07737
G1 F3054.7 X102.865 Y88.581 E2274.10443
G1 F3073.4 X103.021 Y89.045 E2274.13105
G1 F3092.3 X103.279 Y89.52 E2274.16026
G1 F3155.4 X103.497 Y89.889 E2274.18296
G1 F3589.3 X103.804 Y90.476 E2274.21381
G1 F4020 X108.087 Y97.149 E2274.54347
G1 X113.925 Y97.15 E2274.78618
G1 X114.209 Y97.226 E2274.79841
G1 X114.435 Y97.397 E2274.81019
M204 S5000
M205 X30 Y30
G1 F1500 E2268.31019
G0 F7200 X114.729 Y97.613
G0 X126.02 Y90.569
G1 F1500 E2274.81019
G0 F7200 X126.215 Y90.461
M204 S3000
M205 X20 Y20
G1 F4020 X125.98 Y89.826 E2274.83834
G1 X125.928 Y89.288 E2274.86081
G1 X125.934 Y89.098 E2274.86871
G1 X126.026 Y88.557 E2274.89153
G1 X126.246 Y88.051 E2274.91447
G1 X126.619 Y87.544 E2274.94064
G1 X127.126 Y87.136 E2274.96769
G1 X127.336 Y87.026 E2274.97755
G1 X128.058 Y86.785 E2275.00919
G1 X128.658 Y86.781 E2275.03414
G1 X128.895 Y86.819 E2275.04412
G1 X129.515 Y87.025 E2275.07128
G1 X129.726 Y87.135 E2275.08117
G1 X130.233 Y87.543 E2275.10823
G1 X130.564 Y87.967 E2275.13059
G1 X130.831 Y88.546 E2275.1571
G1 X130.934 Y89.202 E2275.18471
G1 X130.863 Y89.879 E2275.21301
G1 X130.487 Y90.711 E2275.25097
G1 X129.823 Y91.358 E2275.28951
G1 X129.201 Y91.653 E2275.31813
G1 X128.574 Y91.774 E2275.34468
G1 X127.964 Y91.727 E2275.37012
G1 X127.352 Y91.535 E2275.39679
G1 X126.779 Y91.163 E2275.42519
G1 X126.215 Y90.461 E2275.46263
M204 S5000
M205 X30 Y30
G1 F1500 E2268.96263
G0 F7200 X126.107 Y90.556
G0 X125.779 Y89.185
G0 X126.163 Y87.895
G0 X127.157 Y86.94
G0 X128.801 Y86.642
G0 X129.857 Y87.059
G0 X130.761 Y87.846
G0 X138.238 Y84.343
G0 X138.335 Y83.213
G1 F1500 E2275.46263
G0 F7200 X138.486 Y83.226
M204 S3000
M205 X20 Y20
G1 F4020 X138.704 Y82.621 E2275.48936
G1 X138.83 Y82.414 E2275.49944
G1 X139.258 Y81.915 E2275.52677
G1 X139.826 Y81.525 E2275.55542
G1 F3576.5 X140.462 Y81.234 E2275.5881
G1 F3231.5 X141.19 Y81.221 E2275.62576
G1 F3252.4 X141.823 Y81.358 E2275.65904
G1 F3231.5 X142.527 Y81.772 E2275.70128
G1 F3216 X142.749 Y81.97 E2275.71674
G1 X143.242 Y82.645 E2275.76018
G1 F3221.2 X143.428 Y83.211 E2275.79109
G1 F3190.5 X143.469 Y83.639 E2275.81361
G1 F3130.8 X143.462 Y84.239 E2275.84564
G1 F3300.5 X143.138 Y84.939 E2275.8847
G1 F3750 X142.708 Y85.516 E2275.91678
G1 F4020 X142.495 Y85.71 E2275.92875
G1 X141.927 Y86.054 E2275.95636
G1 X141.705 Y86.144 E2275.96632
G1 X141.162 Y86.261 E2275.98941
G1 X140.549 Y86.243 E2276.01491
G1 X139.925 Y86.07 E2276.04183
G1 X139.332 Y85.71 E2276.07067
G1 X138.76 Y85.041 E2276.10727
G1 X138.511 Y84.429 E2276.13474
G1 X138.429 Y83.864 E2276.15847
G1 X138.486 Y83.226 E2276.1851
M204 S5000
M205 X30 Y30
G0 F7200 X138.29 Y83.201
G0 X138.347 Y84.559
G0 X138.994 Y84.298
M204 S3000
M205 X20 Y20
;TYPE:WALL-OUTER
G1 F2040 X138.925 Y83.801 E2276.20596
G1 X138.982 Y83.289 E2276.22738
G1 X139.182 Y82.772 E2276.25043
G1 X139.666 Y82.208 E2276.28133
G1 X140.146 Y81.926 E2276.30447
G1 X140.626 Y81.789 E2276.32523
G1 X141.126 Y81.776 E2276.34602
G1 X141.641 Y81.897 E2276.36802
G1 X142.277 Y82.279 E2276.39886
G1 X142.719 Y82.873 E2276.42964
G1 X142.9 Y83.403 E2276.45293
G1 X142.896 Y84.14 E2276.48357
G1 X142.728 Y84.652 E2276.50597
G1 X142.279 Y85.256 E2276.53726
G1 X141.668 Y85.626 E2276.56696
G1 X141.118 Y85.763 E2276.59052
G1 X140.593 Y85.744 E2276.61236
G1 X140.123 Y85.604 E2276.63275
G1 X139.664 Y85.324 E2276.65511
G1 X139.181 Y84.757 E2276.68607
G1 X138.994 Y84.298 E2276.70668
M204 S5000
M205 X30 Y30
G0 F7200 X138.967 Y84.1
G0 X138.27 Y84.188
G0 X138.67 Y85.262
G0 X139.716 Y86.192
G0 X141.123 Y86.474
G0 X142.879 Y85.639
G0 X143.785 Y84.255
G0 X143.936 Y92.434
G0 X142.75 Y91.689
G0 X141.286 Y91.644
G0 X140.097 Y92.278
G0 X139.294 Y93.671
G0 X139.985 Y93.76
M204 S3000
M205 X20 Y20
G1 F2040 X140.193 Y93.261 E2276.72916
G1 X140.665 Y92.709 E2276.75935
G1 X141.127 Y92.432 E2276.78175
G1 X141.628 Y92.289 E2276.80341
G1 X142.152 Y92.281 E2276.8252
G1 X142.668 Y92.411 E2276.84732
G1 X143.279 Y92.781 E2276.87702
G1 X143.704 Y93.352 E2276.90661
G1 F1777 X143.969 Y93.857 E2276.93383
G1 F1581.4 X143.967 Y94.652 E2276.97647
G1 F1786.3 X143.703 Y95.186 E2277.00475
G1 F2040 X143.279 Y95.756 E2277.03428
G1 X142.668 Y96.126 E2277.06398
G1 X142.152 Y96.257 E2277.08611
G1 X141.638 Y96.249 E2277.10749
G1 X141.113 Y96.1 E2277.13018
G1 X140.668 Y95.827 E2277.15188
G1 X140.194 Y95.278 E2277.18204
G1 X139.989 Y94.782 E2277.20435
G1 X139.924 Y94.285 E2277.22519
G1 X139.985 Y93.76 E2277.24716
M204 S5000
M205 X30 Y30
G0 F7200 X140.062 Y93.576
G1 F1500 E2270.74716
G0 F7200 X139.456 Y93.331
G0 X131.044 Y90.037
G0 X130.966 Y88.515
G0 X130.268 Y87.366
G0 X128.801 Y86.642
G0 X127.157 Y86.94
G0 X126.244 Y87.794
G1 F1500 E2277.24716
G0 F7200 X126.506 Y88.697
M204 S3000
M205 X20 Y20
G1 F2040 X126.734 Y88.204 E2277.26974
G1 X127.057 Y87.81 E2277.29093
G1 X127.494 Y87.5 E2277.3132
G1 X128.165 Y87.282 E2277.34253
G1 X128.737 Y87.293 E2277.36632
G1 X129.357 Y87.499 E2277.39348
G1 X129.796 Y87.81 E2277.41585
G1 X130.144 Y88.239 E2277.43881
G1 X130.343 Y88.686 E2277.45916
G1 X130.427 Y89.192 E2277.48048
G1 X130.377 Y89.738 E2277.50328
G1 X130.076 Y90.417 E2277.53416
G1 X129.532 Y90.94 E2277.56553
G1 X129.062 Y91.168 E2277.58725
G1 X128.564 Y91.267 E2277.60836
G1 X128.05 Y91.235 E2277.62977
G1 X127.565 Y91.077 E2277.65098
G1 X127.104 Y90.772 E2277.67396
G1 X126.654 Y90.212 E2277.70382
G1 X126.474 Y89.715 E2277.7258
G1 X126.426 Y89.24 E2277.74565
G1 X126.506 Y88.697 E2277.76847
M204 S5000
M205 X30 Y30
G0 F7200 X126.589 Y88.516
G1 F1500 E2271.26847
G0 F7200 X125.991 Y88.249
G0 X125.953 Y90.424
G0 X114.719 Y97.359
G1 F1500 E2277.76847
G0 F7200 X114.063 Y97.731
M204 S3000
M205 X20 Y20
G1 F2040 X114.126 Y97.879 E2277.77516
G1 X114.126 Y107.483 E2278.17444
G1 X125.063 Y124.518 E2279.01608
G1 X125.927 Y124.518 E2279.052
G1 F2035.9 X126.791 Y124.518 E2279.08799
G1 F2031.9 X127.655 Y124.518 E2279.12406
G1 F2027.8 X128.519 Y124.518 E2279.1602
G1 F2023.8 X129.383 Y124.518 E2279.1964
G1 F2019.8 X130.247 Y124.518 E2279.23268
G1 F2015.8 X131.111 Y124.518 E2279.26904
G1 F2011.8 X131.975 Y124.518 E2279.30546
G1 F2007.9 X132.839 Y124.518 E2279.34196
G1 F1734.7 X133.337 Y124.435 E2279.36664
G1 F1540.8 X133.509 Y124.441 E2279.37611
G1 X134.125 Y124.435 E2279.41002
G1 F1734.7 X134.621 Y124.519 E2279.43462
G1 F2007.9 X135.459 Y124.519 E2279.47002
G1 F2011.8 X136.297 Y124.519 E2279.50534
G1 X137.135 Y124.519 E2279.54067
G1 F2015.8 X137.973 Y124.519 E2279.57593
G1 F2019.8 X138.811 Y124.519 E2279.61112
G1 F2023.8 X139.649 Y124.519 E2279.64624
G1 X140.487 Y124.519 E2279.68136
G1 F2027.8 X141.325 Y124.519 E2279.7164
G1 F2031.9 X142.163 Y124.519 E2279.75138
G1 F2035.9 X143.001 Y124.519 E2279.78629
G1 X143.839 Y124.519 E2279.8212
G1 F2040 X144.677 Y124.519 E2279.85604
G1 X144.676 Y95.268 E2281.07216
G1 F1786.3 X144.605 Y94.707 E2281.09901
G1 F1593.8 X144.607 Y93.942 E2281.13972
G1 F1578.9 X144.599 Y93.736 E2281.15079
G1 F1752.6 X144.672 Y93.272 E2281.17352
G1 F2007.9 X144.672 Y92.39 E2281.21078
G1 F2011.8 X144.672 Y91.508 E2281.24796
G1 F2015.8 X144.673 Y90.626 E2281.28507
G1 X144.673 Y89.744 E2281.32218
G1 F2019.8 X144.673 Y88.862 E2281.35922
G1 F2023.8 X144.674 Y87.98 E2281.39618
G1 F2027.8 X144.674 Y87.098 E2281.43307
G1 F2031.9 X144.674 Y86.216 E2281.46988
G1 X144.675 Y85.334 E2281.5067
G1 F2035.9 X144.675 Y84.452 E2281.54344
G1 F2040 X144.676 Y83.57 E2281.58011
G1 X144.578 Y82.928 E2281.60711
G1 X144.361 Y82.232 E2281.63742
G1 X143.993 Y81.613 E2281.66736
G1 X143.629 Y81.17 E2281.6912
G1 X143.201 Y80.789 E2281.71502
G1 X142.721 Y80.478 E2281.7388
G1 X142.197 Y80.242 E2281.76269
G1 X141.641 Y80.09 E2281.78666
G1 X141.073 Y80.023 E2281.81044
G1 X140.491 Y80.045 E2281.83465
G1 X105.287 Y84.069 E2283.30779
G1 X104.647 Y84.245 E2283.33539
G1 X104.116 Y84.487 E2283.35965
G1 X103.627 Y84.808 E2283.38397
G1 X103.198 Y85.198 E2283.40807
G1 X102.736 Y85.774 E2283.43877
G1 X102.424 Y86.433 E2283.46909
G1 X102.259 Y86.992 E2283.49332
G1 X102.183 Y87.571 E2283.5176
G1 X102.197 Y88.155 E2283.54188
G1 X102.303 Y88.729 E2283.56615
G1 X102.493 Y89.277 E2283.59026
G1 X102.775 Y89.802 E2283.61504
G1 X107.814 Y97.649 E2284.00275
G1 X113.908 Y97.651 E2284.25611
G1 X114.063 Y97.731 E2284.26337
M204 S5000
M205 X30 Y30
G0 F7200 X114.126 Y97.879
G0 X114.126 Y97.919
G0 X114.826 Y97.919
G0 X114.764 Y107.297
G0 X125.409 Y123.884
G0 X132.148 Y123.83
G0 X131.33 Y122.764
G0 X131.154 Y121.43
G0 X131.67 Y120.186
G0 X132.736 Y119.368
G0 X134.07 Y119.192
G0 X135.314 Y119.708
G0 X136.132 Y120.774
G0 X136.308 Y122.108
G0 X135.792 Y123.352
G0 X144.048 Y123.891
G0 X144.064 Y95.726
G0 X142.876 Y96.747
G0 X141.505 Y96.884
G0 X140.244 Y96.32
G0 X139.364 Y94.94
G0 X139.364 Y93.597
G0 X140.244 Y92.218
G0 X141.505 Y91.654
G0 X142.875 Y91.791
G0 X144.064 Y92.81
G0 X143.952 Y83.06
G0 X141.984 Y80.846
G0 X140.551 Y80.681
G0 X104.871 Y84.845
G0 X103.213 Y87.078
G0 X103.973 Y87.736
M204 S3000
M205 X20 Y20
G1 F2040 X104.114 Y87.043 E2284.29277
G1 X104.382 Y86.57 E2284.31537
G1 X104.948 Y86.071 E2284.34674
G1 X105.671 Y85.825 E2284.37849
G1 X106.423 Y85.874 E2284.40982
G1 X106.949 Y86.109 E2284.43377
G1 X107.472 Y86.565 E2284.46262
G1 X107.716 Y86.992 E2284.48307
G1 X107.856 Y87.481 E2284.50422
G1 X107.862 Y88.027 E2284.52692
G1 X107.737 Y88.499 E2284.54722
G1 X107.469 Y88.971 E2284.56978
G1 X106.919 Y89.451 E2284.60013
G1 X106.421 Y89.664 E2284.62265
G1 X105.672 Y89.713 E2284.65386
G1 X104.945 Y89.467 E2284.68577
G1 X104.378 Y88.967 E2284.7172
G1 X104.114 Y88.497 E2284.73961
G1 X103.976 Y87.819 E2284.76837
G1 X103.973 Y87.736 E2284.77183
M204 S5000
M205 X30 Y30
G0 F7200 X104.012 Y87.54
G0 X103.326 Y87.402
G0 X104.023 Y85.311
G0 X105.4 Y84.699
G0 X141.048 Y80.663
G0 X143.772 Y82.489
G0 X144.037 Y83.624
G0 X144.064 Y92.81
G0 X142.875 Y91.791
G0 X141.505 Y91.654
G0 X140.244 Y92.218
G0 X139.364 Y93.597
G0 X139.364 Y94.94
G0 X140.244 Y96.32
G0 X141.505 Y96.884
G0 X142.876 Y96.747
G0 X144.064 Y95.726
G0 X144.048 Y123.891
G0 X135.314 Y123.83
G0 X136.132 Y122.764
G0 X136.308 Y121.43
G0 X135.792 Y120.186
G0 X134.726 Y119.368
G0 X133.392 Y119.192
G0 X132.148 Y119.708
G0 X131.33 Y120.774
G0 X131.125 Y122.236
G0 X131.801 Y122.056
M204 S3000
M205 X20 Y20
G1 F2040 X131.793 Y121.547 E2284.79299
G1 X131.927 Y121.021 E2284.81556
G1 X132.181 Y120.58 E2284.83672
G1 X132.536 Y120.224 E2284.85762
G1 X132.971 Y119.97 E2284.87856
G1 X133.466 Y119.834 E2284.8999
G1 X133.974 Y119.831 E2284.92102
G1 X134.477 Y119.964 E2284.94266
G1 X134.918 Y120.217 E2284.96379
G1 X135.282 Y120.581 E2284.98519
G1 X135.536 Y121.022 E2285.00635
G1 X135.661 Y121.482 E2285.02617
G1 X135.67 Y122.024 E2285.04871
G1 X135.546 Y122.485 E2285.06856
G1 X135.3 Y122.929 E2285.08966
G1 F2023.8 X134.921 Y123.321 E2285.11251
G1 F1988.3 X134.448 Y123.592 E2285.13576
G1 F1723 X134.039 Y123.779 E2285.1579
G1 F1529.2 X133.423 Y123.779 E2285.19206
G1 F1723 X133.014 Y123.592 E2285.2142
G1 F2003.9 X132.571 Y123.338 E2285.23581
G1 F2040 X132.178 Y122.958 E2285.25854
G1 X131.916 Y122.485 E2285.28102
G1 X131.801 Y122.056 E2285.29949
M204 S5000
M205 X30 Y30
G0 F7200 X131.798 Y121.856
G0 X131.093 Y121.856
G0 X131.326 Y122.903
G0 X131.964 Y123.784
G0 X125.454 Y123.803
G0 X114.838 Y107.274
G0 X114.776 Y97.534
G0 X114.995 Y97.4
M204 S3000
M205 X20 Y20
;TYPE:SKIN
G1 F1500 X115.098 Y97.788 E2285.31618
G1 X115.101 Y107.196 E2285.70732
G1 X125.596 Y123.542 E2286.51492
G1 X131.423 Y123.544 E2286.75718
G1 X131.094 Y123.032 E2286.78248
G1 X130.862 Y122.325 E2286.81342
G1 X130.818 Y121.981 E2286.82784
G1 X130.853 Y121.248 E2286.85835
G1 X131.038 Y120.603 E2286.88624
G1 X131.417 Y119.97 E2286.91692
G1 X131.946 Y119.439 E2286.94808
G1 X132.583 Y119.07 E2286.97868
G1 X133.351 Y118.857 E2287.01182
G1 X134.104 Y118.859 E2287.04313
G1 X134.865 Y119.06 E2287.07585
G1 X135.539 Y119.455 E2287.10833
G1 X136.087 Y120.014 E2287.14087
G1 X136.438 Y120.648 E2287.171
G1 X136.601 Y121.22 E2287.19573
G1 X136.644 Y121.557 E2287.20985
G1 X136.609 Y122.297 E2287.24065
G1 X136.368 Y123.032 E2287.27281
G1 X136.039 Y123.544 E2287.29812
G1 X143.701 Y123.544 E2287.61666
G1 X143.701 Y96.641 E2288.73516
G1 X143.176 Y96.961 E2288.76072
G1 X142.798 Y97.111 E2288.77763
G1 X142.076 Y97.241 E2288.80813
G1 X141.314 Y97.181 E2288.83991
G1 X140.678 Y96.978 E2288.86767
G1 X140.041 Y96.586 E2288.89876
G1 X139.357 Y95.802 E2288.94202
G1 X139.035 Y95.035 E2288.9766
G1 X138.941 Y94.25 E2289.00947
G1 X139.034 Y93.529 E2289.0397
G1 X139.348 Y92.747 E2289.07473
G1 X140.018 Y91.966 E2289.11751
G1 X140.752 Y91.524 E2289.15313
G1 X141.433 Y91.328 E2289.1826
G1 X142.083 Y91.298 E2289.20965
G1 X142.849 Y91.441 E2289.24205
G1 X143.174 Y91.576 E2289.25668
G1 X143.701 Y91.895 E2289.28229
G1 X143.7 Y84.957 E2289.57074
G1 X143.686 Y84.896 E2289.57334
G1 X143.507 Y85.234 E2289.58924
G1 X143.058 Y85.834 E2289.6204
G1 X142.78 Y86.089 E2289.63608
G1 X142.174 Y86.461 E2289.66564
G1 X141.803 Y86.61 E2289.68226
G1 X141.146 Y86.739 E2289.7101
G1 X140.458 Y86.719 E2289.73872
G1 X139.705 Y86.491 E2289.77143
G1 X139.028 Y86.081 E2289.80433
G1 X138.45 Y85.411 E2289.84112
G1 X138.292 Y85.16 E2289.85345
G1 X138.049 Y84.559 E2289.8804
G1 X137.954 Y83.906 E2289.90784
G1 X138.015 Y83.147 E2289.93949
G1 X138.255 Y82.459 E2289.96979
G1 X138.467 Y82.106 E2289.98691
G1 X138.92 Y81.58 E2290.01577
G1 X139.199 Y81.35 E2290.0308
G1 X139.581 Y81.133 E2290.04907
G1 X106.521 Y84.912 E2291.43249
G1 X106.798 Y84.978 E2291.44433
G1 X107.298 Y85.186 E2291.46685
G1 X107.56 Y85.35 E2291.4797
G1 X108.076 Y85.795 E2291.50803
G1 X108.314 Y86.08 E2291.52346
G1 X108.584 Y86.554 E2291.54614
G1 X108.794 Y87.211 E2291.57482
G1 X108.837 Y87.514 E2291.58754
G1 X108.831 Y88.161 E2291.61444
G1 X108.642 Y88.898 E2291.64607
G1 X108.204 Y89.624 E2291.68133
G1 X107.487 Y90.257 E2291.72109
G1 X106.839 Y90.548 E2291.75062
G1 X106.446 Y90.64 E2291.7674
G1 X105.741 Y90.682 E2291.79677
G1 X105.357 Y90.632 E2291.81286
G1 X104.643 Y90.395 E2291.84414
G1 X104.165 Y90.116 E2291.86715
G1 X104.216 Y90.238 E2291.87265
G1 X108.347 Y96.674 E2292.1906
G1 X113.99 Y96.676 E2292.42521
G1 X114.4 Y96.79 E2292.44291
G1 X114.796 Y97.085 E2292.46344
G1 X114.995 Y97.4 E2292.47893
M204 S5000
M205 X30 Y30
G1 F1500 E2285.97893
G0 F7200 X114.708 Y97.558
G0 X126.02 Y90.569
G1 F1500 E2292.47893
G0 F7200 X125.509 Y89.926
M204 S3000
M205 X20 Y20
G1 F1500 X125.447 Y89.142 E2292.51162
G1 X125.568 Y88.417 E2292.54218
G1 X125.822 Y87.832 E2292.5687
G1 X126.258 Y87.232 E2292.59953
G1 X126.828 Y86.765 E2292.63017
G1 X127.184 Y86.576 E2292.64693
G1 X127.983 Y86.314 E2292.68188
G1 X128.693 Y86.309 E2292.7114
G1 X129.049 Y86.368 E2292.72641
G1 X129.664 Y86.573 E2292.75336
G1 X130.025 Y86.764 E2292.77034
G1 X130.591 Y87.227 E2292.80074
G1 X130.968 Y87.716 E2292.82641
G1 X131.286 Y88.399 E2292.85773
G1 X131.41 Y89.177 E2292.89049
G1 X131.325 Y90.006 E2292.92513
G1 X130.959 Y90.831 E2292.96266
G1 X130.812 Y91.053 E2292.97373
G1 X130.119 Y91.733 E2293.01409
G1 X129.349 Y92.112 E2293.04977
G1 X128.61 Y92.241 E2293.08096
G1 X127.867 Y92.2 E2293.1119
G1 X127.129 Y91.958 E2293.14419
G1 X126.445 Y91.514 E2293.17809
G1 X125.809 Y90.71 E2293.22071
G1 X125.509 Y89.926 E2293.25561
M204 S5000
M205 X30 Y30
G1 F1500 E2286.75561
G0 F7200 X125.844 Y89.87
G0 X125.777 Y88.614
G0 X108.143 Y86.228
G1 F1500 E2293.25561
G0 F7200 X107.808 Y85.231
M204 S3000
M205 X20 Y20
G1 F1500 X108.053 Y84.986 E2293.27002
M204 S5000
M205 X30 Y30
G0 F7200 X108.186 Y85.56
M204 S3000
M205 X20 Y20
G1 F1500 X108.852 Y84.895 E2293.30915
M204 S5000
M205 X30 Y30
G0 F7200 X109.65 Y84.804
M204 S3000
M205 X20 Y20
G1 F1500 X108.514 Y85.939 E2293.37591
M204 S5000
M205 X30 Y30
G0 F7200 X108.772 Y86.388
M204 S3000
M205 X20 Y20
G1 F1500 X110.448 Y84.712 E2293.47445
M204 S5000
M205 X30 Y30
G0 F7200 X111.246 Y84.621
M204 S3000
M205 X20 Y20
G1 F1500 X108.959 Y86.909 E2293.60895
M204 S5000
M205 X30 Y30
G0 F7200 X109.084 Y87.491
M204 S3000
M205 X20 Y20
G1 F1500 X112.045 Y84.53 E2293.78304
M204 S5000
M205 X30 Y30
G0 F7200 X112.843 Y84.439
M204 S3000
M205 X20 Y20
G1 F1500 X109.077 Y88.205 E2294.00447
G1 X108.989 Y88.293
M204 S5000
M205 X30 Y30
G0 F7200 X108.492 Y88.188
G0 X108.69 Y89.299
M204 S3000
M205 X20 Y20
G1 F1500 X113.641 Y84.347 E2294.2956
M204 S5000
M205 X30 Y30
G0 F7200 X114.44 Y84.256
M204 S3000
M205 X20 Y20
G1 F1500 X106.055 Y92.641 E2294.7886
M204 S5000
M205 X30 Y30
G0 F7200 X106.331 Y93.072
M204 S3000
M205 X20 Y20
G1 F1500 X115.239 Y84.164 E2295.31236
M204 S5000
M205 X30 Y30
G0 F7200 X116.037 Y84.073
M204 S3000
M205 X20 Y20
G1 F1500 X106.608 Y93.502 E2295.86675
M204 S5000
M205 X30 Y30
G0 F7200 X106.884 Y93.933
M204 S3000
M205 X20 Y20
G1 F1500 X116.835 Y83.982 E2296.45183
M204 S5000
M205 X30 Y30
G0 F7200 X117.634 Y83.891
M204 S3000
M205 X20 Y20
G1 F1500 X107.161 Y94.364 E2297.0676
M204 S5000
M205 X30 Y30
G0 F7200 X107.437 Y94.794
M204 S3000
M205 X20 Y20
G1 F1500 X118.432 Y83.799 E2297.71407
M204 S5000
M205 X30 Y30
G0 F7200 X119.23 Y83.708
M204 S3000
M205 X20 Y20
G1 F1500 X107.714 Y95.225 E2298.39119
M204 S5000
M205 X30 Y30
G0 F7200 X107.99 Y95.655
M204 S3000
M205 X20 Y20
G1 F1500 X120.029 Y83.617 E2299.09901
M204 S5000
M205 X30 Y30
G0 F7200 X120.827 Y83.526
M204 S3000
M205 X20 Y20
G1 F1500 X108.267 Y96.086 E2299.83749
M204 S5000
M205 X30 Y30
G0 F7200 X108.637 Y96.423
M204 S3000
M205 X20 Y20
G1 F1500 X121.625 Y83.435 E2300.60113
M204 S5000
M205 X30 Y30
G0 F7200 X122.424 Y83.343
M204 S3000
M205 X20 Y20
G1 F1500 X109.344 Y96.423 E2301.37019
M204 S5000
M205 X30 Y30
G0 F7200 X110.051 Y96.423
M204 S3000
M205 X20 Y20
G1 F1500 X123.222 Y83.252 E2302.14459
M204 S5000
M205 X30 Y30
G0 F7200 X124.02 Y83.161
M204 S3000
M205 X20 Y20
G1 F1500 X110.758 Y96.423 E2302.92435
M204 S5000
M205 X30 Y30
G0 F7200 X111.465 Y96.423
M204 S3000
M205 X20 Y20
G1 F1500 X124.819 Y83.07 E2303.70948
M204 S5000
M205 X30 Y30
G0 F7200 X125.617 Y82.978
M204 S3000
M205 X20 Y20
G1 F1500 X112.172 Y96.423 E2304.5
M204 S5000
M205 X30 Y30
G0 F7200 X112.879 Y96.423
M204 S3000
M205 X20 Y20
G1 F1500 X126.415 Y82.887 E2305.29586
M204 S5000
M205 X30 Y30
G0 F7200 X127.214 Y82.796
M204 S3000
M205 X20 Y20
G1 F1500 X113.586 Y96.423 E2306.09711
M204 S5000
M205 X30 Y30
G0 F7200 X114.221 Y96.496
M204 S3000
M205 X20 Y20
G1 F1500 X128.012 Y82.705 E2306.90796
M204 S5000
M205 X30 Y30
G0 F7200 X128.81 Y82.614
M204 S3000
M205 X20 Y20
G1 F1500 X114.715 Y96.709 E2307.7367
M204 S5000
M205 X30 Y30
G0 F7200 X115.069 Y97.062
M204 S3000
M205 X20 Y20
G1 F1500 X129.609 Y82.522 E2308.59159
M204 S5000
M205 X30 Y30
G0 F7200 X130.407 Y82.431
M204 S3000
M205 X20 Y20
G1 F1500 X115.293 Y97.545 E2309.48024
M204 S5000
M205 X30 Y30
G0 F7200 X115.346 Y98.2
M204 S3000
M205 X20 Y20
G1 F1500 X125.42 Y88.125 E2310.07258
M204 S5000
M205 X30 Y30
G0 F7200 X125.211 Y89.041
M204 S3000
M205 X20 Y20
G1 F1500 X115.346 Y98.907 E2310.65263
M204 S5000
M205 X30 Y30
G0 F7200 X115.346 Y99.613
M204 S3000
M205 X20 Y20
G1 F1500 X125.241 Y89.719 E2311.23439
M204 S5000
M205 X30 Y30
G0 F7200 X125.379 Y90.288
M204 S3000
M205 X20 Y20
G1 F1500 X115.346 Y100.32 E2311.82426
M204 S5000
M205 X30 Y30
G0 F7200 X115.347 Y101.027
M204 S3000
M205 X20 Y20
G1 F1500 X125.571 Y90.803 E2312.4254
M204 S5000
M205 X30 Y30
G0 F7200 X125.879 Y91.202
M204 S3000
M205 X20 Y20
G1 F1500 X115.347 Y101.734 E2313.04464
M204 S5000
M205 X30 Y30
G0 F7200 X115.348 Y102.44
M204 S3000
M205 X20 Y20
G1 F1500 X126.19 Y91.597 E2313.68214
M204 S5000
M205 X30 Y30
G0 F7200 X126.59 Y91.905
M204 S3000
M205 X20 Y20
G1 F1500 X115.348 Y103.147 E2314.34312
M204 S5000
M205 X30 Y30
G0 F7200 X115.348 Y103.854
M204 S3000
M205 X20 Y20
G1 F1500 X127.019 Y92.183 E2315.02933
M204 S5000
M205 X30 Y30
G0 F7200 X127.551 Y92.358
M204 S3000
M205 X20 Y20
G1 F1500 X115.349 Y104.56 E2315.74676
M204 S5000
M205 X30 Y30
G0 F7200 X115.349 Y105.267
M204 S3000
M205 X20 Y20
G1 F1500 X128.152 Y92.464 E2316.49953
M204 S5000
M205 X30 Y30
G0 F7200 X128.879 Y92.445
M204 S3000
M205 X20 Y20
G1 F1500 X115.35 Y105.974 E2317.29498
M204 S5000
M205 X30 Y30
G0 F7200 X115.35 Y106.681
M204 S3000
M205 X20 Y20
G1 F1500 X129.919 Y92.111 E2318.15161
G1 X130.007 Y92.023
M204 S5000
M205 X30 Y30
G0 F7200 X129.781 Y91.545
G0 X130.525 Y90.866
G0 X131.253 Y90.777
M204 S3000
M205 X20 Y20
G1 F1500 X137.756 Y84.275 E2318.53394
M204 S5000
M205 X30 Y30
G0 F7200 X137.895 Y84.843
M204 S3000
M205 X20 Y20
G1 F1500 X115.454 Y107.283 E2319.85335
M204 S5000
M205 X30 Y30
G0 F7200 X115.731 Y107.714
M204 S3000
M205 X20 Y20
G1 F1500 X138.109 Y85.336 E2321.16909
M204 S5000
M205 X30 Y30
G0 F7200 X138.409 Y85.743
M204 S3000
M205 X20 Y20
G1 F1500 X116.007 Y108.144 E2322.48621
M204 S5000
M205 X30 Y30
G0 F7200 X116.284 Y108.575
M204 S3000
M205 X20 Y20
G1 F1500 X138.736 Y86.123 E2323.80631
M204 S5000
M205 X30 Y30
G0 F7200 X139.131 Y86.435
M204 S3000
M205 X20 Y20
G1 F1500 X116.56 Y109.006 E2325.13339
M204 S5000
M205 X30 Y30
G0 F7200 X116.837 Y109.436
M204 S3000
M205 X20 Y20
G1 F1500 X139.572 Y86.701 E2326.47013
M204 S5000
M205 X30 Y30
G0 F7200 X140.106 Y86.874
M204 S3000
M205 X20 Y20
G1 F1500 X117.113 Y109.867 E2327.82203
M204 S5000
M205 X30 Y30
G0 F7200 X117.39 Y110.298
M204 S3000
M205 X20 Y20
G1 F1500 X140.714 Y86.973 E2329.19342
M204 S5000
M205 X30 Y30
G0 F7200 X141.465 Y86.929
M204 S3000
M205 X20 Y20
G1 F1500 X117.666 Y110.728 E2330.59271
M204 S5000
M205 X30 Y30
G0 F7200 X117.943 Y111.159
M204 S3000
M205 X20 Y20
G1 F1500 X142.619 Y86.483 E2332.04356
M204 S5000
M205 X30 Y30
G0 F7200 X143.45 Y86.359
M204 S3000
M205 X20 Y20
G1 F1500 X118.219 Y111.589 E2333.52702
M204 S5000
M205 X30 Y30
G0 F7200 X118.496 Y112.02
M204 S3000
M205 X20 Y20
G1 F1500 X143.45 Y87.066 E2334.99422
M204 S5000
M205 X30 Y30
G0 F7200 X143.45 Y87.773
M204 S3000
M205 X20 Y20
G1 F1500 X118.772 Y112.451 E2336.44519
M204 S5000
M205 X30 Y30
G0 F7200 X119.049 Y112.881
M204 S3000
M205 X20 Y20
G1 F1500 X139.005 Y92.925 E2337.61853
G1 X139.093 Y92.837
M204 S5000
M205 X30 Y30
G0 F7200 X139.566 Y93.06
G0 X138.732 Y93.905
M204 S3000
M205 X20 Y20
G1 F1500 X119.325 Y113.312 E2338.75958
M204 S5000
M205 X30 Y30
G0 F7200 X119.602 Y113.743
M204 S3000
M205 X20 Y20
G1 F1500 X138.73 Y94.615 E2339.88424
M204 S5000
M205 X30 Y30
G0 F7200 X138.84 Y95.211
M204 S3000
M205 X20 Y20
G1 F1500 X119.878 Y114.173 E2340.99913
M204 S5000
M205 X30 Y30
G0 F7200 X120.155 Y114.604
M204 S3000
M205 X20 Y20
G1 F1500 X139.047 Y95.711 E2342.10994
M204 S5000
M205 X30 Y30
G0 F7200 X139.321 Y96.144
M204 S3000
M205 X20 Y20
G1 F1500 X120.431 Y115.034 E2343.2206
M204 S5000
M205 X30 Y30
G0 F7200 X120.708 Y115.465
M204 S3000
M205 X20 Y20
G1 F1500 X139.65 Y96.523 E2344.33431
M204 S5000
M205 X30 Y30
G0 F7200 X140.017 Y96.863
M204 S3000
M205 X20 Y20
G1 F1500 X120.984 Y115.896 E2345.45338
M204 S5000
M205 X30 Y30
G0 F7200 X121.261 Y116.326
M204 S3000
M205 X20 Y20
G1 F1500 X140.455 Y97.132 E2346.58191
M204 S5000
M205 X30 Y30
G0 F7200 X140.964 Y97.33
M204 S3000
M205 X20 Y20
G1 F1500 X121.537 Y116.757 E2347.72415
M204 S5000
M205 X30 Y30
G0 F7200 X121.813 Y117.188
M204 S3000
M205 X20 Y20
G1 F1500 X141.552 Y97.449 E2348.88472
M204 S5000
M205 X30 Y30
G0 F7200 X142.245 Y97.464
M204 S3000
M205 X20 Y20
G1 F1500 X122.09 Y117.618 E2350.06973
M204 S5000
M205 X30 Y30
G0 F7200 X122.366 Y118.049
M204 S3000
M205 X20 Y20
G1 F1500 X143.232 Y97.183 E2351.29657
M204 S5000
M205 X30 Y30
G0 F7200 X143.45 Y97.672
M204 S3000
M205 X20 Y20
G1 F1500 X122.643 Y118.479 E2352.51994
M204 S5000
M205 X30 Y30
G0 F7200 X122.919 Y118.91
M204 S3000
M205 X20 Y20
G1 F1500 X143.45 Y98.379 E2353.72709
M204 S5000
M205 X30 Y30
G0 F7200 X143.45 Y99.086
M204 S3000
M205 X20 Y20
G1 F1500 X123.196 Y119.341 E2354.91798
M204 S5000
M205 X30 Y30
G0 F7200 X123.472 Y119.771
M204 S3000
M205 X20 Y20
G1 F1500 X143.45 Y99.793 E2356.0926
M204 S5000
M205 X30 Y30
G0 F7200 X143.45 Y100.501
M204 S3000
M205 X20 Y20
G1 F1500 X123.749 Y120.202 E2357.25095
M204 S5000
M205 X30 Y30
G0 F7200 X124.025 Y120.633
M204 S3000
M205 X20 Y20
G1 F1500 X143.45 Y101.208 E2358.39306
M204 S5000
M205 X30 Y30
G0 F7200 X143.45 Y101.915
M204 S3000
M205 X20 Y20
G1 F1500 X124.302 Y121.063 E2359.51889
M204 S5000
M205 X30 Y30
G0 F7200 X124.578 Y121.494
M204 S3000
M205 X20 Y20
G1 F1500 X143.45 Y102.622 E2360.62849
M204 S5000
M205 X30 Y30
G0 F7200 X143.45 Y103.329
M204 S3000
M205 X20 Y20
G1 F1500 X124.855 Y121.925 E2361.72184
M204 S5000
M205 X30 Y30
G0 F7200 X125.131 Y122.355
M204 S3000
M205 X20 Y20
G1 F1500 X143.45 Y104.036 E2362.79893
M204 S5000
M205 X30 Y30
G0 F7200 X143.45 Y104.743
M204 S3000
M205 X20 Y20
G1 F1500 X125.408 Y122.786 E2363.85976
M204 S5000
M205 X30 Y30
G0 F7200 X125.684 Y123.216
M204 S3000
M205 X20 Y20
G1 F1500 X143.45 Y105.45 E2364.90433
M204 S5000
M205 X30 Y30
G0 F7200 X143.45 Y106.157
M204 S3000
M205 X20 Y20
G1 F1500 X126.316 Y123.292 E2365.91177
M204 S5000
M205 X30 Y30
G0 F7200 X127.023 Y123.292
M204 S3000
M205 X20 Y20
G1 F1500 X143.45 Y106.865 E2366.87762
M204 S5000
M205 X30 Y30
G0 F7200 X143.45 Y107.572
M204 S3000
M205 X20 Y20
G1 F1500 X127.73 Y123.292 E2367.80189
M204 S5000
M205 X30 Y30
G0 F7200 X128.436 Y123.293
M204 S3000
M205 X20 Y20
G1 F1500 X130.635 Y121.094 E2367.93118
M204 S5000
M205 X30 Y30
G0 F7200 X130.571 Y121.865
M204 S3000
M205 X20 Y20
G1 F1500 X129.143 Y123.293 E2368.01514
M204 S5000
M205 X30 Y30
G0 F7200 X129.85 Y123.293
M204 S3000
M205 X20 Y20
G1 F1500 X130.652 Y122.492 E2368.06227
M204 S5000
M205 X30 Y30
G0 F7200 X130.823 Y123.028
M204 S3000
M205 X20 Y20
G1 F1500 X130.558 Y123.293 E2368.07785
M204 S5000
M205 X30 Y30
G0 F7200 X130.556 Y123.868
G0 X131.964 Y123.784
G0 X131.228 Y122.686
G0 X131.154 Y121.43
G0 X131.67 Y120.186
G0 X132.624 Y119.433
G0 X133.05 Y118.679
M204 S3000
M205 X20 Y20
G1 F1500 X143.45 Y108.279 E2368.68933
M204 S5000
M205 X30 Y30
G0 F7200 X143.45 Y108.986
M204 S3000
M205 X20 Y20
G1 F1500 X133.827 Y118.609 E2369.25513
M204 S5000
M205 X30 Y30
G0 F7200 X134.452 Y118.691
M204 S3000
M205 X20 Y20
G1 F1500 X143.45 Y109.693 E2369.78417
M204 S5000
M205 X30 Y30
G0 F7200 X143.45 Y110.4
M204 S3000
M205 X20 Y20
G1 F1500 X134.998 Y118.852 E2370.28112
M204 S5000
M205 X30 Y30
G0 F7200 X135.443 Y119.114
M204 S3000
M205 X20 Y20
G1 F1500 X143.45 Y111.107 E2370.7519
M204 S5000
M205 X30 Y30
G0 F7200 X143.45 Y111.814
M204 S3000
M205 X20 Y20
G1 F1500 X135.846 Y119.419 E2371.19902
M204 S5000
M205 X30 Y30
G0 F7200 X136.197 Y119.775
M204 S3000
M205 X20 Y20
G1 F1500 X143.45 Y112.521 E2371.62549
M204 S5000
M205 X30 Y30
G0 F7200 X143.45 Y113.229
M204 S3000
M205 X20 Y20
G1 F1500 X136.475 Y120.203 E2372.03557
M204 S5000
M205 X30 Y30
G0 F7200 X136.707 Y120.679
M204 S3000
M205 X20 Y20
G1 F1500 X143.45 Y113.936 E2372.43203
M204 S5000
M205 X30 Y30
G0 F7200 X143.45 Y114.643
M204 S3000
M205 X20 Y20
G1 F1500 X136.852 Y121.241 E2372.81997
M204 S5000
M205 X30 Y30
G0 F7200 X136.876 Y121.924
M204 S3000
M205 X20 Y20
G1 F1500 X143.45 Y115.35 E2373.20649
M204 S5000
M205 X30 Y30
G0 F7200 X143.45 Y116.057
M204 S3000
M205 X20 Y20
G1 F1500 X136.71 Y122.797 E2373.60278
M204 S5000
M205 X30 Y30
G0 F7200 X136.922 Y123.293
M204 S3000
M205 X20 Y20
G1 F1500 X143.45 Y116.764 E2373.98663
M204 S5000
M205 X30 Y30
G0 F7200 X143.45 Y117.471
M204 S3000
M205 X20 Y20
G1 F1500 X137.629 Y123.293 E2374.32891
M204 S5000
M205 X30 Y30
G0 F7200 X138.336 Y123.293
M204 S3000
M205 X20 Y20
G1 F1500 X143.45 Y118.178 E2374.62963
M204 S5000
M205 X30 Y30
G0 F7200 X143.45 Y118.885
M204 S3000
M205 X20 Y20
G1 F1500 X139.043 Y123.293 E2374.88877
M204 S5000
M205 X30 Y30
G0 F7200 X139.75 Y123.293
M204 S3000
M205 X20 Y20
G1 F1500 X143.45 Y119.592 E2375.10634
M204 S5000
M205 X30 Y30
G0 F7200 X143.45 Y120.3
M204 S3000
M205 X20 Y20
G1 F1500 X140.456 Y123.293 E2375.28235
M204 S5000
M205 X30 Y30
G0 F7200 X141.163 Y123.293
M204 S3000
M205 X20 Y20
G1 F1500 X143.45 Y121.007 E2375.41679
M204 S5000
M205 X30 Y30
G0 F7200 X143.45 Y121.714
M204 S3000
M205 X20 Y20
G1 F1500 X141.871 Y123.293 E2375.50963
M204 S5000
M205 X30 Y30
G0 F7200 X142.578 Y123.293
M204 S3000
M205 X20 Y20
G1 F1500 X143.45 Y122.421 E2375.5609
M204 S5000
M205 X30 Y30
G0 F7200 X143.45 Y123.128
M204 S3000
M205 X20 Y20
G1 F1500 X143.285 Y123.293 E2375.5706
M204 S5000
M205 X30 Y30
G0 F7200 X143.285 Y123.869
G0 X143.936 Y96.103
G0 X142.876 Y96.747
G0 X141.505 Y96.884
G0 X140.244 Y96.32
G0 X139.364 Y94.94
G0 X139.364 Y93.597
G0 X140.244 Y92.218
G0 X141.505 Y91.654
G0 X143.06 Y91.887
G0 X143.352 Y91.406
M204 S3000
M205 X20 Y20
G1 F1500 X143.45 Y91.309 E2375.57633
M204 S5000
M205 X30 Y30
G0 F7200 X142.866 Y91.185
M204 S3000
M205 X20 Y20
G1 F1500 X143.45 Y90.602 E2375.61064
M204 S5000
M205 X30 Y30
G0 F7200 X143.45 Y89.895
M204 S3000
M205 X20 Y20
G1 F1500 X142.267 Y91.077 E2375.68017
M204 S5000
M205 X30 Y30
G0 F7200 X141.563 Y91.074
M204 S3000
M205 X20 Y20
G1 F1500 X143.45 Y89.188 E2375.79109
M204 S5000
M205 X30 Y30
G0 F7200 X143.45 Y88.48
M204 S3000
M205 X20 Y20
G1 F1500 X140.632 Y91.298 E2375.95677
G1 X140.544 Y91.386
M204 S5000
M205 X30 Y30
G0 F7200 X140.807 Y91.865
G0 X143.039 Y91.804
G0 X143.936 Y92.434
G0 X143.965 Y84.926
G0 X142.601 Y85.892
G0 X141.312 Y86.45
G0 X139.855 Y86.262
G0 X138.851 Y85.508
G0 X138.413 Y84.547
G0 X137.726 Y83.597
M204 S3000
M205 X20 Y20
G1 F1500 X131.608 Y89.716 E2376.31652
M204 S5000
M205 X30 Y30
G0 F7200 X131.632 Y88.984
M204 S3000
M205 X20 Y20
G1 F1500 X137.899 Y82.718 E2376.68496
G1 X137.987 Y82.63
M204 S5000
M205 X30 Y30
G0 F7200 X138.46 Y82.822
G0 X139.715 Y81.346
G0 X137.528 Y81.039
G0 X137.592 Y81.61
M204 S3000
M205 X20 Y20
G1 F1500 X131.32 Y87.882 E2377.05373
M204 S5000
M205 X30 Y30
G0 F7200 X131.063 Y87.432
M204 S3000
M205 X20 Y20
G1 F1500 X136.794 Y81.701 E2377.39069
M204 S5000
M205 X30 Y30
G0 F7200 X135.995 Y81.793
M204 S3000
M205 X20 Y20
G1 F1500 X130.751 Y87.037 E2377.69902
M204 S5000
M205 X30 Y30
G0 F7200 X130.363 Y86.718
M204 S3000
M205 X20 Y20
G1 F1500 X135.197 Y81.884 E2377.98324
M204 S5000
M205 X30 Y30
G0 F7200 X134.399 Y81.975
M204 S3000
M205 X20 Y20
G1 F1500 X129.94 Y86.434 E2378.24541
M204 S5000
M205 X30 Y30
G0 F7200 X129.433 Y86.233
M204 S3000
M205 X20 Y20
G1 F1500 X133.6 Y82.066 E2378.49042
M204 S5000
M205 X30 Y30
G0 F7200 X132.802 Y82.158
M204 S3000
M205 X20 Y20
G1 F1500 X128.873 Y86.086 E2378.7214
M204 S5000
M205 X30 Y30
G0 F7200 X128.189 Y86.063
M204 S3000
M205 X20 Y20
G1 F1500 X132.004 Y82.249 E2378.94568
M204 S5000
M205 X30 Y30
G0 F7200 X131.205 Y82.34
M204 S3000
M205 X20 Y20
G1 F1500 X127.26 Y86.286 E2379.17766
G1 X127.172 Y86.374
M204 S5000
M205 X30 Y30
G0 F7200 X127.336 Y86.867
G0 X128.801 Y86.642
G0 X130.268 Y87.366
G0 X130.97 Y88.51
G0 X131.539 Y88.37
M204 S3000
M205 X20 Y20
G1 F1500 X138.39 Y81.519 E2379.58047
G1 X138.478 Y81.431
M204 S5000
M205 X30 Y30
G0 F7200 X138.422 Y80.936
G0 X106.408 Y84.657
G0 X107.418 Y85.575
G0 X108.575 Y87.549
G0 X108.333 Y88.897
G0 X107.175 Y90.049
G0 X107.437 Y90.552
M204 S3000
M205 X20 Y20
G1 F1500 X105.778 Y92.21 E2379.67798
M204 S5000
M205 X30 Y30
G0 F7200 X105.502 Y91.78
M204 S3000
M205 X20 Y20
G1 F1500 X106.389 Y90.893 E2379.73013
M204 S5000
M205 X30 Y30
G0 F7200 X105.653 Y90.922
M204 S3000
M205 X20 Y20
G1 F1500 X105.225 Y91.349 E2379.75527
M204 S5000
M205 X30 Y30
G0 F7200 X104.949 Y90.919
M204 S3000
M205 X20 Y20
G1 F1500 X105.07 Y90.798 E2379.76238
M204 S5000
M205 X30 Y30
G0 F7200 X105.253 Y90.259
G0 X102.921 Y88.565
G0 X104.023 Y85.311
G0 X105.4 Y84.699
G0 X141.048 Y80.663
G0 X143.772 Y82.489
G0 X144.037 Y83.624
G0 X144.064 Y92.81
G0 X142.875 Y91.791
G0 X141.505 Y91.654
G0 X140.244 Y92.218
G0 X139.364 Y93.597
G0 X139.364 Y94.94
G0 X140.244 Y96.32
G0 X141.505 Y96.884
G0 X142.876 Y96.747
G0 X144.064 Y95.726
G0 X144.048 Y123.891
G0 X135.314 Y123.83
G0 X136.132 Y122.764
G0 X136.308 Y121.43
G0 X135.792 Y120.186
G0 X134.726 Y119.368
G0 X133.392 Y119.192
G0 X132.148 Y119.708
G0 X131.33 Y120.774
G0 X131.154 Y122.108
G0 X131.67 Y123.352
G0 X125.437 Y123.832
G0 X125.161 Y124.339
G0 X125.021 Y124.031
M204 S3000
M205 X20 Y20
;TYPE:SKIN
G1 F1000 X125.278 Y124.288 E2379.76269
G1 X125.42 Y124.288 E2379.7628
G1 X124.768 Y123.636 E2379.76357
G1 X124.514 Y123.241 E2379.76396
G1 X125.561 Y124.288 E2379.76519
G1 X125.703 Y124.288 E2379.76531
G1 X124.261 Y122.847 E2379.76701
G1 X124.007 Y122.451 E2379.7674
G1 X125.844 Y124.288 E2379.76956
G1 X125.985 Y124.288 E2379.76967
G1 X123.754 Y122.057 E2379.7723
G1 X123.5 Y121.661 E2379.77269
G1 X126.127 Y124.288 E2379.77578
G1 X126.268 Y124.288 E2379.7759
G1 X123.246 Y121.266 E2379.77945
G1 X122.993 Y120.872 E2379.77984
G1 X126.41 Y124.288 E2379.78386
G1 X126.551 Y124.288 E2379.78397
G1 X122.739 Y120.476 E2379.78846
G1 X122.486 Y120.082 E2379.78885
G1 X126.693 Y124.288 E2379.79379
G1 X126.834 Y124.288 E2379.79391
G1 X122.232 Y119.687 E2379.79932
G1 X121.979 Y119.292 E2379.79971
G1 X126.975 Y124.288 E2379.80559
G1 X127.117 Y124.288 E2379.8057
G1 X121.725 Y118.897 E2379.81204
G1 X121.471 Y118.501 E2379.81243
G1 X127.258 Y124.288 E2379.81924
G1 X127.4 Y124.288 E2379.81936
G1 X121.218 Y118.107 E2379.82663
G1 X120.964 Y117.712 E2379.82702
G1 X127.541 Y124.288 E2379.83475
G1 X127.682 Y124.288 E2379.83487
G1 X120.711 Y117.317 E2379.84306
G1 X120.457 Y116.922 E2379.84346
G1 X127.824 Y124.288 E2379.85212
G1 X127.965 Y124.288 E2379.85224
G1 X120.204 Y116.527 E2379.86136
G1 X119.95 Y116.132 E2379.86175
G1 X128.107 Y124.288 E2379.87134
G1 X128.248 Y124.288 E2379.87146
G1 X119.697 Y115.737 E2379.88152
G1 X119.443 Y115.342 E2379.88191
G1 X128.39 Y124.288 E2379.89243
G1 X128.531 Y124.288 E2379.89254
G1 X119.189 Y114.947 E2379.90353
G1 X118.936 Y114.552 E2379.90392
G1 X128.672 Y124.288 E2379.91537
G1 X128.814 Y124.288 E2379.91549
G1 X118.682 Y114.157 E2379.9274
G1 X118.429 Y113.762 E2379.92779
G1 X128.955 Y124.288 E2379.94017
G1 X129.097 Y124.288 E2379.94029
G1 X118.175 Y113.367 E2379.95313
G1 X117.922 Y112.973 E2379.95352
G1 X129.238 Y124.288 E2379.96682
G1 X129.38 Y124.288 E2379.96694
G1 X117.668 Y112.577 E2379.98071
G1 X117.415 Y112.182 E2379.9811
G1 X129.521 Y124.288 E2379.99534
G1 X129.662 Y124.288 E2379.99546
G1 X117.161 Y111.787 E2380.01016
G1 X116.908 Y111.392 E2380.01055
G1 X129.804 Y124.288 E2380.02571
G1 X129.945 Y124.288 E2380.02583
G1 X116.654 Y110.998 E2380.04146
G1 X116.401 Y110.602 E2380.04185
G1 X130.087 Y124.288 E2380.05794
G1 X130.228 Y124.288 E2380.05806
G1 X116.147 Y110.208 E2380.07462
G1 X115.894 Y109.812 E2380.07501
G1 X130.369 Y124.288 E2380.09203
G1 X130.511 Y124.288 E2380.09215
G1 X115.64 Y109.417 E2380.10964
G1 X115.387 Y109.023 E2380.11002
G1 X130.652 Y124.288 E2380.12797
G1 X130.794 Y124.288 E2380.12809
G1 X115.133 Y108.627 E2380.14651
G1 X114.88 Y108.233 E2380.1469
G1 X130.935 Y124.288 E2380.16578
G1 X131.077 Y124.288 E2380.1659
G1 X114.626 Y107.838 E2380.18524
G1 X114.373 Y107.443 E2380.18563
G1 X131.218 Y124.288 E2380.20544
G1 X131.359 Y124.288 E2380.20556
G1 X114.355 Y107.284 E2380.22555
G1 X114.355 Y107.142 E2380.22567
G1 X131.501 Y124.288 E2380.24583
G1 X131.642 Y124.288 E2380.24595
G1 X114.355 Y107.001 E2380.26628
G1 X114.355 Y106.86 E2380.26639
G1 X131.784 Y124.288 E2380.28689
G1 X131.925 Y124.288 E2380.28701
G1 X114.355 Y106.718 E2380.30767
G1 X114.355 Y106.577 E2380.30778
G1 X132.067 Y124.288 E2380.32861
G1 X132.208 Y124.288 E2380.32873
G1 X114.355 Y106.435 E2380.34972
G1 X114.355 Y106.294 E2380.34984
G1 X132.349 Y124.288 E2380.371
G1 X132.491 Y124.288 E2380.37112
G1 X114.355 Y106.152 E2380.39244
G1 X114.355 Y106.011 E2380.39256
G1 X132.632 Y124.288 E2380.41405
G1 X132.774 Y124.288 E2380.41417
G1 X114.355 Y105.87 E2380.43583
G1 X114.355 Y105.728 E2380.43595
G1 X132.915 Y124.288 E2380.45777
G1 X133.056 Y124.288 E2380.45789
G1 X114.355 Y105.587 E2380.47988
G1 X114.355 Y105.445 E2380.48
G1 X131.977 Y123.067 E2380.50072
G1 X131.782 Y122.731 E2380.50105
G1 X114.355 Y105.304 E2380.52154
G1 X114.355 Y105.163 E2380.52166
G1 X131.677 Y122.485 E2380.54202
G1 X131.626 Y122.292 E2380.54219
G1 X114.355 Y105.021 E2380.5625
G1 X114.355 Y104.88 E2380.56262
G1 X131.574 Y122.099 E2380.58287
G1 X131.562 Y121.946 E2380.58299
G1 X114.355 Y104.738 E2380.60323
G1 X114.355 Y104.597 E2380.60335
G1 X131.562 Y121.804 E2380.62358
G1 X131.562 Y121.663 E2380.6237
G1 X114.355 Y104.455 E2380.64393
G1 X114.355 Y104.314 E2380.64405
G1 X131.562 Y121.521 E2380.66428
G1 X131.584 Y121.401 E2380.66438
G1 X114.355 Y104.173 E2380.68464
G1 X114.355 Y104.031 E2380.68476
G1 X131.613 Y121.29 E2380.70506
G1 X131.643 Y121.178 E2380.70515
G1 X114.355 Y103.89 E2380.72548
G1 X114.355 Y103.748 E2380.7256
G1 X131.673 Y121.067 E2380.74597
G1 X131.703 Y120.955 E2380.74606
G1 X114.355 Y103.607 E2380.76646
G1 X114.355 Y103.465 E2380.76658
G1 X131.75 Y120.86 E2380.78703
G1 X131.802 Y120.771 E2380.78712
G1 X114.355 Y103.324 E2380.80764
G1 X114.355 Y103.183 E2380.80775
G1 X131.854 Y120.681 E2380.82833
G1 X131.906 Y120.592 E2380.82842
G1 X114.355 Y103.041 E2380.84906
G1 X114.355 Y102.9 E2380.84917
G1 X131.958 Y120.503 E2380.86987
G1 X132.014 Y120.418 E2380.86996
G1 X114.355 Y102.758 E2380.89072
G1 X114.355 Y102.617 E2380.89084
G1 X132.085 Y120.347 E2380.91169
G1 X132.156 Y120.276 E2380.91177
G1 X114.355 Y102.476 E2380.93271
G1 X114.355 Y102.334 E2380.93282
G1 X132.226 Y120.206 E2380.95384
G1 X132.297 Y120.135 E2380.95392
G1 X114.355 Y102.193 E2380.97502
G1 X114.355 Y102.051 E2380.97514
G1 X132.368 Y120.064 E2380.99632
G1 X132.449 Y120.004 E2380.9964
G1 X114.355 Y101.91 E2381.01768
G1 X114.355 Y101.768 E2381.0178
G1 X132.539 Y119.952 E2381.03918
G1 X132.628 Y119.9 E2381.03927
G1 X114.355 Y101.627 E2381.06076
G1 X114.355 Y101.486 E2381.06087
G1 X132.718 Y119.848 E2381.08247
G1 X132.807 Y119.796 E2381.08255
G1 X114.355 Y101.344 E2381.10425
G1 X114.355 Y101.203 E2381.10437
G1 X132.897 Y119.745 E2381.12617
G1 X133.009 Y119.716 E2381.12627
G1 X114.355 Y101.061 E2381.1482
G1 X114.355 Y100.92 E2381.14832
G1 X133.121 Y119.686 E2381.17039
G1 X133.233 Y119.656 E2381.17048
G1 X114.355 Y100.778 E2381.19268
G1 X114.355 Y100.637 E2381.1928
G1 X133.344 Y119.626 E2381.21513
G1 X133.46 Y119.6 E2381.21523
G1 X114.355 Y100.496 E2381.23769
G1 X114.355 Y100.354 E2381.23781
G1 X133.601 Y119.6 E2381.26044
G1 X133.742 Y119.6 E2381.26056
G1 X114.355 Y100.213 E2381.28336
G1 X114.355 Y100.071 E2381.28348
G1 X133.884 Y119.6 E2381.30644
G1 X134.029 Y119.604 E2381.30656
G1 X114.355 Y99.93 E2381.3297
G1 X114.355 Y99.789 E2381.32982
G1 X134.222 Y119.655 E2381.35318
G1 X134.414 Y119.706 E2381.35334
G1 X114.355 Y99.647 E2381.37693
G1 X114.355 Y99.506 E2381.37705
G1 X134.638 Y119.788 E2381.4009
G1 X134.974 Y119.983 E2381.40122
G1 X114.355 Y99.364 E2381.42547
G1 X114.355 Y99.223 E2381.42558
G1 X139.42 Y124.288 E2381.45506
G1 X139.562 Y124.288 E2381.45518
G1 X114.355 Y99.081 E2381.48482
G1 X114.355 Y98.94 E2381.48494
G1 X139.703 Y124.288 E2381.51474
G1 X139.845 Y124.288 E2381.51486
G1 X114.355 Y98.799 E2381.54483
G1 X114.355 Y98.657 E2381.54495
G1 X139.986 Y124.288 E2381.57509
G1 X140.128 Y124.288 E2381.57521
G1 X114.355 Y98.516 E2381.60552
G1 X114.355 Y98.374 E2381.60564
G1 X140.269 Y124.288 E2381.63611
G1 X140.41 Y124.288 E2381.63623
G1 X114.355 Y98.233 E2381.66686
G1 X114.355 Y98.091 E2381.66698
G1 X140.552 Y124.288 E2381.69779
G1 X140.693 Y124.288 E2381.69791
G1 X114.355 Y97.95 E2381.72888
G1 X114.355 Y97.809 E2381.72899
G1 X140.835 Y124.288 E2381.76013
G1 X140.976 Y124.288 E2381.76025
G1 X114.355 Y97.667 E2381.79155
G1 X114.355 Y97.526 E2381.79167
G1 X141.118 Y124.288 E2381.82314
G1 X141.259 Y124.288 E2381.82326
G1 X106.746 Y89.776 E2381.86384
G1 X106.846 Y89.734 E2381.86393
G1 X141.4 Y124.288 E2381.90457
G1 X141.542 Y124.288 E2381.90468
G1 X106.946 Y89.692 E2381.94537
G1 X107.045 Y89.65 E2381.94546
G1 X141.683 Y124.288 E2381.98619
G1 X141.825 Y124.288 E2381.98631
G1 X107.12 Y89.584 E2382.02712
G1 X107.195 Y89.518 E2382.0272
G1 X141.966 Y124.288 E2382.06809
G1 X142.107 Y124.288 E2382.0682
G1 X107.271 Y89.452 E2382.10917
G1 X107.346 Y89.386 E2382.10925
G1 X142.249 Y124.288 E2382.15029
G1 X142.39 Y124.288 E2382.15041
G1 X107.422 Y89.32 E2382.19153
G1 X107.497 Y89.253 E2382.19161
G1 X142.532 Y124.288 E2382.23281
G1 X142.673 Y124.288 E2382.23293
G1 X107.572 Y89.188 E2382.2742
G1 X107.647 Y89.121 E2382.27429
G1 X142.815 Y124.288 E2382.31564
G1 X142.956 Y124.288 E2382.31576
G1 X107.699 Y89.031 E2382.35722
G1 X107.751 Y88.942 E2382.35731
G1 X143.097 Y124.288 E2382.39887
G1 X143.239 Y124.288 E2382.39899
G1 X107.802 Y88.852 E2382.44066
G1 X107.854 Y88.763 E2382.44074
G1 X143.38 Y124.288 E2382.48252
G1 X143.522 Y124.288 E2382.48264
G1 X107.906 Y88.673 E2382.52452
G1 X107.953 Y88.578 E2382.52461
G1 X143.663 Y124.288 E2382.5666
G1 X143.805 Y124.288 E2382.56672
G1 X107.982 Y88.466 E2382.60884
G1 X108.012 Y88.355 E2382.60894
G1 X143.946 Y124.288 E2382.65119
G1 X144.087 Y124.288 E2382.65131
G1 X108.042 Y88.243 E2382.6937
G1 X108.072 Y88.131 E2382.69379
G1 X144.229 Y124.288 E2382.73631
G1 X144.37 Y124.288 E2382.73643
G1 X108.093 Y88.011 E2382.77909
G1 X108.093 Y87.87 E2382.7792
G1 X144.445 Y124.222 E2382.82195
G1 X144.445 Y124.08 E2382.82207
G1 X108.093 Y87.728 E2382.86482
G1 X108.093 Y87.587 E2382.86493
G1 X144.445 Y123.939 E2382.90768
G1 X144.445 Y123.798 E2382.9078
G1 X108.079 Y87.432 E2382.95056
G1 X108.028 Y87.239 E2382.95073
G1 X144.445 Y123.656 E2382.99355
G1 X144.445 Y123.515 E2382.99367
G1 X107.976 Y87.046 E2383.03655
G1 X107.866 Y86.794 E2383.03678
G1 X144.445 Y123.373 E2383.07979
G1 X144.445 Y123.232 E2383.07991
G1 X107.673 Y86.46 E2383.12315
M204 S5000
M205 X30 Y30
G0 F7200 X108.081 Y86.227
G0 X108.503 Y87.43
G0 X108.327 Y88.762
G0 X107.261 Y90.004
G0 X105.586 Y90.358
G0 X104.304 Y89.836
G0 X104.615 Y89.483
M204 S3000
M205 X20 Y20
G1 F1000 X112.55 Y97.418 E2383.13248
G1 X112.692 Y97.418 E2383.1326
G1 X105.003 Y89.729 E2383.14164
G1 X105.217 Y89.802 E2383.14183
G1 X112.833 Y97.418 E2383.15079
G1 X112.975 Y97.418 E2383.15091
G1 X105.431 Y89.875 E2383.15978
G1 X105.643 Y89.946 E2383.15996
G1 X113.116 Y97.418 E2383.16875
G1 X113.258 Y97.418 E2383.16887
G1 X105.776 Y89.937 E2383.17767
G1 X105.909 Y89.928 E2383.17778
G1 X113.399 Y97.418 E2383.18658
G1 X113.54 Y97.418 E2383.1867
G1 X106.041 Y89.919 E2383.19552
G1 X106.174 Y89.91 E2383.19563
G1 X113.682 Y97.418 E2383.20446
G1 X113.823 Y97.418 E2383.20458
G1 X106.306 Y89.901 E2383.21342
G1 X106.439 Y89.893 E2383.21353
G1 X113.965 Y97.418 E2383.22238
G1 X114.106 Y97.418 E2383.22249
G1 X106.546 Y89.859 E2383.23138
G1 X106.646 Y89.817 E2383.23147
G1 X114.247 Y97.418 E2383.24041
M204 S5000
M205 X30 Y30
G0 F7200 X114.219 Y97.012
G0 X108.177 Y96.92
G0 X107.78 Y97.174
M204 S3000
M205 X20 Y20
G1 F1000 X108.025 Y97.418 E2383.2407
G1 X108.166 Y97.418 E2383.24082
G1 X107.526 Y96.778 E2383.24157
G1 X107.273 Y96.383 E2383.24196
G1 X108.308 Y97.418 E2383.24318
G1 X108.449 Y97.418 E2383.24329
G1 X107.019 Y95.988 E2383.24497
G1 X106.766 Y95.593 E2383.24536
G1 X108.591 Y97.418 E2383.24751
G1 X108.732 Y97.418 E2383.24763
G1 X106.512 Y95.198 E2383.25024
G1 X106.258 Y94.803 E2383.25063
G1 X108.873 Y97.418 E2383.2537
G1 X109.015 Y97.418 E2383.25382
G1 X106.004 Y94.407 E2383.25736
G1 X105.75 Y94.012 E2383.25775
G1 X109.156 Y97.418 E2383.26176
G1 X109.298 Y97.418 E2383.26188
G1 X105.496 Y93.617 E2383.26635
G1 X105.243 Y93.222 E2383.26674
G1 X109.439 Y97.418 E2383.27167
G1 X109.581 Y97.418 E2383.27179
G1 X104.989 Y92.827 E2383.27719
G1 X104.735 Y92.432 E2383.27758
G1 X109.722 Y97.418 E2383.28344
G1 X109.863 Y97.418 E2383.28356
G1 X104.482 Y92.037 E2383.28989
G1 X104.228 Y91.641 E2383.29028
G1 X110.005 Y97.418 E2383.29707
G1 X110.146 Y97.418 E2383.29719
G1 X103.974 Y91.246 E2383.30445
G1 X103.721 Y90.851 E2383.30484
G1 X110.288 Y97.418 E2383.31256
G1 X110.429 Y97.418 E2383.31268
G1 X103.467 Y90.456 E2383.32086
G1 X103.213 Y90.061 E2383.32125
G1 X110.57 Y97.418 E2383.3299
G1 X110.712 Y97.418 E2383.33002
G1 X102.965 Y89.671 E2383.33913
G1 X102.801 Y89.366 E2383.33942
G1 X110.853 Y97.418 E2383.34889
G1 X110.995 Y97.418 E2383.34901
G1 X102.672 Y89.096 E2383.35879
G1 X102.596 Y88.879 E2383.35898
G1 X111.136 Y97.418 E2383.36903
G1 X111.278 Y97.418 E2383.36914
G1 X102.522 Y88.663 E2383.37944
G1 X102.49 Y88.49 E2383.37959
G1 X111.419 Y97.418 E2383.39009
G1 X111.56 Y97.418 E2383.3902
G1 X102.459 Y88.317 E2383.40091
G1 X102.427 Y88.144 E2383.40105
G1 X111.702 Y97.418 E2383.41196
G1 X111.843 Y97.418 E2383.41207
G1 X102.422 Y87.997 E2383.42315
G1 X102.418 Y87.852 E2383.42327
G1 X111.985 Y97.418 E2383.43452
G1 X112.126 Y97.418 E2383.43464
G1 X102.415 Y87.707 E2383.44606
G1 X102.414 Y87.565 E2383.44618
G1 X112.268 Y97.418 E2383.45777
G1 X112.409 Y97.418 E2383.45788
G1 X102.43 Y87.44 E2383.46962
G1 X102.447 Y87.314 E2383.46972
G1 X104.136 Y89.004 E2383.47171
G1 X103.944 Y88.671 E2383.47203
G1 X102.463 Y87.189 E2383.47377
G1 X102.479 Y87.064 E2383.47388
G1 X103.868 Y88.453 E2383.47551
G1 X103.832 Y88.275 E2383.47566
G1 X102.507 Y86.951 E2383.47722
G1 X102.54 Y86.842 E2383.47731
G1 X103.796 Y88.099 E2383.47879
G1 X103.76 Y87.921 E2383.47894
G1 X102.572 Y86.733 E2383.48034
G1 X102.604 Y86.624 E2383.48043
G1 X103.733 Y87.752 E2383.48176
G1 X103.757 Y87.635 E2383.48186
G1 X102.637 Y86.515 E2383.48318
G1 X102.682 Y86.419 E2383.48326
G1 X103.78 Y87.517 E2383.48455
G1 X103.804 Y87.399 E2383.48465
G1 X102.727 Y86.322 E2383.48592
G1 X102.773 Y86.227 E2383.48601
G1 X103.828 Y87.282 E2383.48725
G1 X103.852 Y87.164 E2383.48735
G1 X102.818 Y86.131 E2383.48856
G1 X102.864 Y86.035 E2383.48865
G1 X103.876 Y87.046 E2383.48984
G1 X103.905 Y86.935 E2383.48994
G1 X102.91 Y85.939 E2383.49111
G1 X102.964 Y85.852 E2383.49119
G1 X103.957 Y86.845 E2383.49236
G1 X104.009 Y86.755 E2383.49245
G1 X103.027 Y85.774 E2383.4936
G1 X103.09 Y85.695 E2383.49369
G1 X104.06 Y86.665 E2383.49483
G1 X104.112 Y86.576 E2383.49491
G1 X103.153 Y85.617 E2383.49604
G1 X103.215 Y85.538 E2383.49612
G1 X104.163 Y86.486 E2383.49724
G1 X104.22 Y86.401 E2383.49732
G1 X103.278 Y85.459 E2383.49843
G1 X103.341 Y85.381 E2383.49851
G1 X104.295 Y86.334 E2383.49964
G1 X104.371 Y86.269 E2383.49972
G1 X103.413 Y85.311 E2383.50085
G1 X103.487 Y85.244 E2383.50093
G1 X104.446 Y86.202 E2383.50206
G1 X104.521 Y86.136 E2383.50214
G1 X103.562 Y85.177 E2383.50327
G1 X103.636 Y85.11 E2383.50335
G1 X104.596 Y86.07 E2383.50448
G1 X104.671 Y86.003 E2383.50456
G1 X103.709 Y85.042 E2383.50569
G1 X103.785 Y84.976 E2383.50578
G1 X104.747 Y85.938 E2383.50691
G1 X104.822 Y85.871 E2383.50699
G1 X103.871 Y84.92 E2383.50811
G1 X103.956 Y84.864 E2383.50819
G1 X104.926 Y85.834 E2383.50934
G1 X105.031 Y85.798 E2383.50943
G1 X104.042 Y84.808 E2383.51059
G1 X104.127 Y84.752 E2383.51068
G1 X105.136 Y85.762 E2383.51186
G1 X105.242 Y85.726 E2383.51196
G1 X104.212 Y84.696 E2383.51317
G1 X104.309 Y84.651 E2383.51326
G1 X105.348 Y85.69 E2383.51448
G1 X105.453 Y85.654 E2383.51457
G1 X104.406 Y84.607 E2383.5158
G1 X104.504 Y84.563 E2383.51589
G1 X105.559 Y85.618 E2383.51713
G1 X105.675 Y85.593 E2383.51723
G1 X104.6 Y84.519 E2383.51849
G1 X104.698 Y84.475 E2383.51858
G1 X105.827 Y85.603 E2383.51991
G1 X105.979 Y85.614 E2383.52004
G1 X104.804 Y84.439 E2383.52142
G1 X104.915 Y84.409 E2383.52151
G1 X106.13 Y85.624 E2383.52294
G1 X106.282 Y85.634 E2383.52307
G1 X105.026 Y84.379 E2383.52455
G1 X105.136 Y84.347 E2383.52464
G1 X106.433 Y85.644 E2383.52617
G1 X106.653 Y85.723 E2383.52636
G1 X105.247 Y84.317 E2383.52801
G1 X105.363 Y84.291 E2383.52811
G1 X106.895 Y85.823 E2383.52991
G1 X107.041 Y85.884 E2383.53005
G1 X107.499 Y86.286 E2383.53055
G1 X105.489 Y84.276 E2383.53292
G1 X105.617 Y84.262 E2383.53302
G1 X144.445 Y123.091 E2383.57868
G1 X144.445 Y122.949 E2383.5788
G1 X105.743 Y84.247 E2383.62431
G1 X105.87 Y84.233 E2383.62442
G1 X144.445 Y122.808 E2383.66978
G1 X144.445 Y122.666 E2383.6699
G1 X105.997 Y84.218 E2383.71511
G1 X106.124 Y84.204 E2383.71521
G1 X144.445 Y122.525 E2383.76028
G1 X144.445 Y122.383 E2383.7604
G1 X106.251 Y84.189 E2383.80531
G1 X106.378 Y84.175 E2383.80541
G1 X144.445 Y122.242 E2383.85018
G1 X144.445 Y122.101 E2383.8503
G1 X106.505 Y84.16 E2383.89491
G1 X106.632 Y84.146 E2383.89502
G1 X144.445 Y121.959 E2383.93948
G1 X144.445 Y121.818 E2383.9396
G1 X106.758 Y84.131 E2383.98392
G1 X106.886 Y84.117 E2383.98402
G1 X144.445 Y121.676 E2384.02819
G1 X144.445 Y121.535 E2384.02831
G1 X107.012 Y84.102 E2384.07233
G1 X107.14 Y84.088 E2384.07243
G1 X144.445 Y121.393 E2384.1163
G1 X144.445 Y121.252 E2384.11642
G1 X107.266 Y84.073 E2384.16014
G1 X107.393 Y84.059 E2384.16024
G1 X144.445 Y121.111 E2384.20381
G1 X144.445 Y120.969 E2384.20393
G1 X107.52 Y84.044 E2384.24735
G1 X107.647 Y84.03 E2384.24746
G1 X144.445 Y120.828 E2384.29073
G1 X144.445 Y120.686 E2384.29085
G1 X107.774 Y84.015 E2384.33397
G1 X107.901 Y84.001 E2384.33408
G1 X144.445 Y120.545 E2384.37705
G1 X144.445 Y120.404 E2384.37717
G1 X108.028 Y83.986 E2384.41999
G1 X108.155 Y83.972 E2384.4201
G1 X144.445 Y120.262 E2384.46277
G1 X144.445 Y120.121 E2384.46289
G1 X108.282 Y83.957 E2384.50542
G1 X108.409 Y83.943 E2384.50552
G1 X144.445 Y119.979 E2384.5479
G1 X144.445 Y119.838 E2384.54801
G1 X108.535 Y83.928 E2384.59024
G1 X108.663 Y83.914 E2384.59035
G1 X144.445 Y119.696 E2384.63243
G1 X144.445 Y119.555 E2384.63254
G1 X108.789 Y83.899 E2384.67447
G1 X108.917 Y83.885 E2384.67458
G1 X144.445 Y119.414 E2384.71636
G1 X144.445 Y119.272 E2384.71648
G1 X109.043 Y83.87 E2384.75811
G1 X109.17 Y83.856 E2384.75821
G1 X144.445 Y119.131 E2384.79969
G1 X144.445 Y118.989 E2384.79981
G1 X109.297 Y83.841 E2384.84114
G1 X109.424 Y83.827 E2384.84125
G1 X144.445 Y118.848 E2384.88243
G1 X144.445 Y118.706 E2384.88255
G1 X109.551 Y83.812 E2384.92358
G1 X109.678 Y83.798 E2384.92369
G1 X144.445 Y118.565 E2384.96457
G1 X144.445 Y118.424 E2384.96469
G1 X109.805 Y83.783 E2385.00542
G1 X109.932 Y83.769 E2385.00553
G1 X144.445 Y118.282 E2385.04611
G1 X144.445 Y118.141 E2385.04623
G1 X110.059 Y83.754 E2385.08667
G1 X110.185 Y83.739 E2385.08677
G1 X144.445 Y117.999 E2385.12706
G1 X144.445 Y117.858 E2385.12718
G1 X110.312 Y83.725 E2385.16731
G1 X110.439 Y83.71 E2385.16742
G1 X144.445 Y117.717 E2385.20741
G1 X144.445 Y117.575 E2385.20753
G1 X110.566 Y83.696 E2385.24737
G1 X110.693 Y83.681 E2385.24747
G1 X144.445 Y117.434 E2385.28716
G1 X144.445 Y117.292 E2385.28728
G1 X110.82 Y83.667 E2385.32682
G1 X110.947 Y83.652 E2385.32693
G1 X144.445 Y117.151 E2385.36632
G1 X144.445 Y117.009 E2385.36644
G1 X111.074 Y83.638 E2385.40568
G1 X111.201 Y83.623 E2385.40579
G1 X144.445 Y116.868 E2385.44488
G1 X144.445 Y116.727 E2385.445
G1 X111.328 Y83.609 E2385.48394
G1 X111.454 Y83.594 E2385.48405
G1 X144.445 Y116.585 E2385.52284
G1 X144.445 Y116.444 E2385.52296
G1 X111.582 Y83.58 E2385.5616
G1 X111.708 Y83.565 E2385.56171
G1 X144.445 Y116.302 E2385.6002
G1 X144.445 Y116.161 E2385.60032
G1 X111.836 Y83.551 E2385.63867
G1 X111.962 Y83.536 E2385.63877
G1 X144.445 Y116.019 E2385.67697
G1 X144.445 Y115.878 E2385.67709
G1 X112.089 Y83.522 E2385.71514
G1 X112.216 Y83.507 E2385.71524
G1 X144.445 Y115.737 E2385.75314
G1 X144.445 Y115.595 E2385.75326
G1 X112.343 Y83.493 E2385.79101
G1 X112.47 Y83.478 E2385.79112
G1 X144.445 Y115.454 E2385.82872
G1 X144.445 Y115.312 E2385.82883
G1 X112.597 Y83.464 E2385.86629
G1 X112.724 Y83.449 E2385.86639
G1 X144.445 Y115.171 E2385.90369
G1 X144.445 Y115.03 E2385.90381
G1 X112.851 Y83.435 E2385.94096
G1 X112.977 Y83.42 E2385.94107
G1 X144.445 Y114.888 E2385.97807
G1 X144.445 Y114.747 E2385.97819
G1 X113.105 Y83.406 E2386.01504
G1 X113.231 Y83.391 E2386.01515
G1 X144.445 Y114.605 E2386.05186
G1 X144.445 Y114.464 E2386.05197
G1 X113.359 Y83.377 E2386.08853
G1 X113.485 Y83.362 E2386.08863
G1 X144.445 Y114.322 E2386.12504
G1 X144.445 Y114.181 E2386.12516
G1 X113.612 Y83.348 E2386.16141
G1 X113.739 Y83.333 E2386.16152
G1 X144.445 Y114.04 E2386.19763
G1 X144.445 Y113.898 E2386.19775
G1 X113.866 Y83.319 E2386.23371
G1 X113.993 Y83.304 E2386.23381
G1 X144.445 Y113.757 E2386.26962
G1 X144.445 Y113.615 E2386.26974
G1 X114.12 Y83.29 E2386.3054
G1 X114.247 Y83.275 E2386.30551
G1 X144.445 Y113.474 E2386.34102
G1 X144.445 Y113.332 E2386.34114
G1 X114.374 Y83.261 E2386.3765
G1 X114.501 Y83.246 E2386.3766
G1 X144.445 Y113.191 E2386.41182
G1 X144.445 Y113.05 E2386.41193
G1 X114.628 Y83.232 E2386.447
G1 X114.754 Y83.217 E2386.4471
G1 X144.445 Y112.908 E2386.48202
G1 X144.445 Y112.767 E2386.48213
G1 X114.882 Y83.203 E2386.5169
G1 X115.008 Y83.188 E2386.517
G1 X144.445 Y112.625 E2386.55162
G1 X144.445 Y112.484 E2386.55174
G1 X115.136 Y83.174 E2386.5862
G1 X115.262 Y83.16 E2386.58631
G1 X144.445 Y112.343 E2386.62062
G1 X144.445 Y112.201 E2386.62074
G1 X115.389 Y83.145 E2386.65491
G1 X115.516 Y83.131 E2386.65502
G1 X144.445 Y112.06 E2386.68903
G1 X144.445 Y111.918 E2386.68915
G1 X115.643 Y83.116 E2386.72302
G1 X115.77 Y83.102 E2386.72313
G1 X144.445 Y111.777 E2386.75685
G1 X144.445 Y111.635 E2386.75696
G1 X115.896 Y83.087 E2386.79054
G1 X116.024 Y83.073 E2386.79064
G1 X144.445 Y111.494 E2386.82406
G1 X144.445 Y111.353 E2386.82418
G1 X116.15 Y83.058 E2386.85745
G1 X116.278 Y83.044 E2386.85756
G1 X144.445 Y111.211 E2386.89068
G1 X144.445 Y111.07 E2386.8908
G1 X116.404 Y83.029 E2386.92377
G1 X116.531 Y83.015 E2386.92388
G1 X144.445 Y110.928 E2386.9567
G1 X144.445 Y110.787 E2386.95682
G1 X116.658 Y83 E2386.9895
G1 X116.785 Y82.986 E2386.9896
G1 X144.445 Y110.645 E2387.02213
G1 X144.445 Y110.504 E2387.02225
G1 X116.912 Y82.971 E2387.05462
G1 X117.039 Y82.957 E2387.05473
G1 X144.445 Y110.363 E2387.08696
G1 X144.445 Y110.221 E2387.08707
G1 X117.166 Y82.942 E2387.11915
G1 X117.293 Y82.928 E2387.11926
G1 X144.445 Y110.08 E2387.15119
G1 X144.445 Y109.938 E2387.15131
G1 X117.42 Y82.913 E2387.18308
G1 X117.547 Y82.899 E2387.18319
G1 X144.445 Y109.797 E2387.21482
G1 X144.445 Y109.655 E2387.21494
G1 X117.673 Y82.884 E2387.24642
G1 X117.801 Y82.87 E2387.24653
G1 X144.445 Y109.514 E2387.27786
G1 X144.445 Y109.373 E2387.27798
G1 X117.927 Y82.855 E2387.30916
G1 X118.055 Y82.841 E2387.30927
G1 X144.445 Y109.231 E2387.3403
G1 X144.445 Y109.09 E2387.34042
G1 X118.181 Y82.826 E2387.3713
G1 X118.308 Y82.812 E2387.37141
G1 X144.445 Y108.948 E2387.40214
G1 X144.445 Y108.807 E2387.40226
G1 X118.435 Y82.797 E2387.43284
G1 X118.562 Y82.783 E2387.43295
G1 X144.445 Y108.666 E2387.46339
G1 X144.445 Y108.524 E2387.46351
G1 X118.689 Y82.768 E2387.49379
G1 X118.816 Y82.754 E2387.4939
G1 X126.695 Y90.632 E2387.50316
G1 X126.45 Y90.325 E2387.50349
G1 X126.405 Y90.201 E2387.5036
G1 X118.943 Y82.739 E2387.51237
G1 X119.07 Y82.725 E2387.51248
G1 X126.323 Y89.977 E2387.52101
G1 X126.244 Y89.758 E2387.5212
G1 X119.196 Y82.71 E2387.52949
G1 X119.324 Y82.696 E2387.5296
G1 X126.23 Y89.602 E2387.53772
G1 X126.215 Y89.446 E2387.53785
G1 X119.45 Y82.681 E2387.5458
G1 X119.578 Y82.667 E2387.54591
G1 X126.2 Y89.289 E2387.5537
G1 X126.2 Y89.147 E2387.55382
G1 X119.704 Y82.652 E2387.56145
G1 X119.831 Y82.638 E2387.56156
G1 X126.219 Y89.025 E2387.56907
G1 X126.239 Y88.903 E2387.56917
G1 X119.958 Y82.623 E2387.57656
G1 X120.085 Y82.609 E2387.57667
G1 X126.258 Y88.781 E2387.58392
G1 X126.277 Y88.659 E2387.58403
G1 X120.212 Y82.594 E2387.59116
G1 X120.339 Y82.58 E2387.59126
G1 X126.316 Y88.556 E2387.59829
G1 X126.359 Y88.458 E2387.59838
G1 X120.466 Y82.565 E2387.60531
G1 X120.592 Y82.55 E2387.60542
G1 X126.403 Y88.36 E2387.61225
G1 X126.446 Y88.263 E2387.61234
G1 X120.72 Y82.536 E2387.61907
G1 X120.846 Y82.521 E2387.61918
G1 X126.49 Y88.164 E2387.62581
G1 X126.542 Y88.075 E2387.6259
G1 X120.973 Y82.507 E2387.63245
G1 X121.1 Y82.492 E2387.63255
G1 X126.604 Y87.996 E2387.63903
G1 X126.667 Y87.918 E2387.63911
G1 X121.227 Y82.478 E2387.64551
G1 X121.354 Y82.463 E2387.64561
G1 X126.729 Y87.838 E2387.65193
G1 X126.792 Y87.76 E2387.65202
G1 X121.481 Y82.449 E2387.65826
G1 X121.608 Y82.434 E2387.65837
G1 X126.854 Y87.681 E2387.66454
G1 X126.931 Y87.616 E2387.66462
G1 X121.735 Y82.42 E2387.67073
G1 X121.862 Y82.405 E2387.67084
G1 X127.011 Y87.555 E2387.67689
G1 X127.093 Y87.495 E2387.67698
G1 X121.989 Y82.391 E2387.68298
G1 X122.115 Y82.376 E2387.68309
G1 X127.174 Y87.435 E2387.68903
G1 X127.255 Y87.375 E2387.68912
G1 X122.243 Y82.362 E2387.69501
G1 X122.369 Y82.347 E2387.69512
G1 X127.337 Y87.314 E2387.70096
G1 X127.439 Y87.276 E2387.70105
G1 X122.497 Y82.333 E2387.70686
G1 X122.623 Y82.318 E2387.70697
G1 X127.545 Y87.24 E2387.71276
G1 X127.651 Y87.205 E2387.71285
G1 X122.75 Y82.304 E2387.71861
G1 X122.877 Y82.289 E2387.71872
G1 X127.757 Y87.17 E2387.72446
G1 X127.863 Y87.134 E2387.72455
G1 X123.004 Y82.275 E2387.73026
G1 X123.131 Y82.26 E2387.73037
G1 X127.97 Y87.099 E2387.73606
G1 X128.076 Y87.063 E2387.73615
G1 X123.258 Y82.246 E2387.74182
G1 X123.385 Y82.231 E2387.74192
G1 X128.204 Y87.05 E2387.74759
G1 X128.345 Y87.05 E2387.74771
G1 X123.512 Y82.217 E2387.75339
G1 X123.639 Y82.202 E2387.7535
G1 X128.486 Y87.05 E2387.7592
G1 X128.628 Y87.05 E2387.75932
G1 X123.766 Y82.188 E2387.76503
G1 X123.892 Y82.173 E2387.76514
G1 X128.787 Y87.068 E2387.7709
G1 X128.999 Y87.138 E2387.77108
G1 X124.02 Y82.159 E2387.77694
G1 X124.146 Y82.144 E2387.77704
G1 X129.211 Y87.209 E2387.783
G1 X129.423 Y87.28 E2387.78318
G1 X124.274 Y82.13 E2387.78924
G1 X124.4 Y82.115 E2387.78934
G1 X129.848 Y87.563 E2387.79575
M204 S5000
M205 X30 Y30
G0 F7200 X130.129 Y87.187
G0 X130.966 Y88.515
G0 X131.005 Y89.895
G0 X129.904 Y91.473
G0 X128.595 Y91.913
G0 X126.888 Y91.473
G0 X127.144 Y91.081
M204 S3000
M205 X20 Y20
G1 F1000 X144.445 Y108.383 E2387.8161
G1 X144.445 Y108.241 E2387.81621
G1 X127.501 Y91.298 E2387.83614
G1 X127.713 Y91.368 E2387.83632
G1 X144.445 Y108.1 E2387.856
G1 X144.445 Y107.958 E2387.85612
G1 X127.924 Y91.438 E2387.87554
G1 X128.097 Y91.469 E2387.87569
G1 X144.445 Y107.817 E2387.89492
G1 X144.445 Y107.676 E2387.89503
G1 X128.248 Y91.479 E2387.91408
G1 X128.4 Y91.489 E2387.91421
G1 X144.445 Y107.534 E2387.93307
G1 X144.445 Y107.393 E2387.93319
G1 X128.552 Y91.499 E2387.95188
G1 X128.673 Y91.479 E2387.95198
G1 X144.445 Y107.251 E2387.97053
G1 X144.445 Y107.11 E2387.97065
G1 X128.791 Y91.456 E2387.98905
G1 X128.91 Y91.433 E2387.98915
G1 X144.445 Y106.968 E2388.00742
G1 X144.445 Y106.827 E2388.00754
G1 X129.028 Y91.41 E2388.02567
G1 X129.143 Y91.383 E2388.02577
G1 X144.445 Y106.686 E2388.04376
G1 X144.445 Y106.544 E2388.04388
G1 X129.239 Y91.338 E2388.06176
G1 X129.334 Y91.292 E2388.06185
G1 X144.445 Y106.403 E2388.07962
G1 X144.445 Y106.261 E2388.07974
G1 X129.43 Y91.247 E2388.09739
G1 X129.526 Y91.201 E2388.09748
G1 X144.445 Y106.12 E2388.11502
G1 X144.445 Y105.979 E2388.11514
G1 X129.622 Y91.155 E2388.13257
G1 X129.705 Y91.097 E2388.13266
G1 X144.445 Y105.837 E2388.14999
G1 X144.445 Y105.696 E2388.15011
G1 X129.777 Y91.027 E2388.16736
G1 X129.848 Y90.957 E2388.16744
G1 X144.445 Y105.554 E2388.1846
G1 X144.445 Y105.413 E2388.18472
G1 X129.92 Y90.888 E2388.2018
G1 X129.993 Y90.819 E2388.20189
G1 X144.445 Y105.271 E2388.21888
G1 X144.445 Y105.13 E2388.219
G1 X130.064 Y90.749 E2388.23591
G1 X130.136 Y90.68 E2388.23599
G1 X144.445 Y104.989 E2388.25282
G1 X144.445 Y104.847 E2388.25293
G1 X130.208 Y90.61 E2388.26968
G1 X130.274 Y90.535 E2388.26976
G1 X144.445 Y104.706 E2388.28642
G1 X144.445 Y104.564 E2388.28654
G1 X130.317 Y90.436 E2388.30316
G1 X130.36 Y90.338 E2388.30324
G1 X144.445 Y104.423 E2388.31981
G1 X144.445 Y104.281 E2388.31993
G1 X130.403 Y90.24 E2388.33644
G1 X130.447 Y90.142 E2388.33653
G1 X144.445 Y104.14 E2388.35299
G1 X144.445 Y103.999 E2388.3531
G1 X130.49 Y90.044 E2388.36951
G1 X130.534 Y89.946 E2388.3696
G1 X144.445 Y103.857 E2388.38596
G1 X144.445 Y103.716 E2388.38608
G1 X130.577 Y89.847 E2388.40239
G1 X130.608 Y89.737 E2388.40248
G1 X144.445 Y103.574 E2388.41875
G1 X144.445 Y103.433 E2388.41887
G1 X130.62 Y89.608 E2388.43513
G1 X130.633 Y89.479 E2388.43524
G1 X144.445 Y103.292 E2388.45148
G1 X144.445 Y103.15 E2388.4516
G1 X130.645 Y89.35 E2388.46782
G1 X130.657 Y89.221 E2388.46793
G1 X144.445 Y103.009 E2388.48415
G1 X144.445 Y102.867 E2388.48426
G1 X130.637 Y89.06 E2388.5005
G1 X130.61 Y88.891 E2388.50064
G1 X144.445 Y102.726 E2388.51691
G1 X144.445 Y102.584 E2388.51703
G1 X130.582 Y88.722 E2388.53333
G1 X130.516 Y88.514 E2388.53351
G1 X144.445 Y102.443 E2388.54989
G1 X144.445 Y102.302 E2388.55001
G1 X130.406 Y88.262 E2388.56652
G1 X130.338 Y88.109 E2388.56666
G1 X130.116 Y87.831 E2388.56695
G1 X144.445 Y102.16 E2388.5838
G1 X144.445 Y102.019 E2388.58392
G1 X124.527 Y82.101 E2388.60734
G1 X124.654 Y82.086 E2388.60745
G1 X144.445 Y101.877 E2388.63072
G1 X144.445 Y101.736 E2388.63084
G1 X124.781 Y82.072 E2388.65396
G1 X124.908 Y82.057 E2388.65407
G1 X144.445 Y101.594 E2388.67704
G1 X144.445 Y101.453 E2388.67716
G1 X125.035 Y82.043 E2388.69998
G1 X125.162 Y82.028 E2388.70009
G1 X144.445 Y101.312 E2388.72277
G1 X144.445 Y101.17 E2388.72288
G1 X125.289 Y82.014 E2388.74541
G1 X125.415 Y81.999 E2388.74552
G1 X144.445 Y101.029 E2388.76789
G1 X144.445 Y100.887 E2388.76801
G1 X125.542 Y81.984 E2388.79024
G1 X125.669 Y81.97 E2388.79035
G1 X144.445 Y100.746 E2388.81243
G1 X144.445 Y100.605 E2388.81254
G1 X125.796 Y81.955 E2388.83447
G1 X125.923 Y81.941 E2388.83458
G1 X144.445 Y100.463 E2388.85636
G1 X144.445 Y100.322 E2388.85648
G1 X126.05 Y81.926 E2388.87811
G1 X126.177 Y81.912 E2388.87822
G1 X144.445 Y100.18 E2388.8997
G1 X144.445 Y100.039 E2388.89981
G1 X126.304 Y81.897 E2388.92115
G1 X126.431 Y81.883 E2388.92125
G1 X140.268 Y95.721 E2388.93753
G1 X139.985 Y95.387 E2388.93789
G1 X139.923 Y95.234 E2388.93803
G1 X126.557 Y81.868 E2388.95374
G1 X126.685 Y81.854 E2388.95385
G1 X139.827 Y94.996 E2388.9693
G1 X139.756 Y94.784 E2388.96949
G1 X126.811 Y81.839 E2388.98471
G1 X126.939 Y81.825 E2388.98482
G1 X139.734 Y94.621 E2388.99987
G1 X139.713 Y94.458 E2389
G1 X127.065 Y81.81 E2389.01488
G1 X127.192 Y81.796 E2389.01498
G1 X139.693 Y94.296 E2389.02968
G1 X139.702 Y94.164 E2389.02979
G1 X127.319 Y81.781 E2389.04435
G1 X127.446 Y81.767 E2389.04446
G1 X139.718 Y94.039 E2389.05889
G1 X139.734 Y93.914 E2389.059
G1 X127.573 Y81.752 E2389.0733
G1 X127.7 Y81.738 E2389.0734
G1 X139.751 Y93.789 E2389.08757
G1 X139.774 Y93.671 E2389.08767
G1 X127.827 Y81.723 E2389.10172
G1 X127.954 Y81.709 E2389.10183
G1 X139.815 Y93.57 E2389.11578
G1 X139.856 Y93.47 E2389.11587
G1 X128.081 Y81.694 E2389.12971
G1 X128.208 Y81.68 E2389.12982
G1 X139.896 Y93.369 E2389.14357
G1 X139.937 Y93.268 E2389.14366
G1 X128.334 Y81.665 E2389.1573
G1 X128.462 Y81.651 E2389.15741
G1 X139.978 Y93.168 E2389.17095
G1 X140.039 Y93.087 E2389.17103
G1 X128.588 Y81.636 E2389.1845
G1 X128.716 Y81.622 E2389.18461
G1 X140.104 Y93.011 E2389.198
G1 X140.169 Y92.934 E2389.19808
G1 X128.842 Y81.607 E2389.2114
G1 X128.969 Y81.593 E2389.21151
G1 X140.234 Y92.857 E2389.22475
G1 X140.299 Y92.781 E2389.22484
G1 X129.096 Y81.578 E2389.23801
G1 X129.223 Y81.564 E2389.23812
G1 X140.364 Y92.705 E2389.25122
G1 X140.429 Y92.628 E2389.2513
G1 X129.35 Y81.549 E2389.26433
G1 X129.477 Y81.535 E2389.26444
G1 X140.494 Y92.552 E2389.27739
G1 X140.575 Y92.492 E2389.27748
G1 X129.604 Y81.52 E2389.29038
G1 X129.731 Y81.506 E2389.29048
G1 X140.663 Y92.438 E2389.30334
G1 X140.751 Y92.385 E2389.30342
G1 X129.858 Y81.491 E2389.31623
G1 X129.985 Y81.477 E2389.31634
G1 X140.84 Y92.332 E2389.3291
G1 X140.927 Y92.278 E2389.32919
G1 X130.111 Y81.462 E2389.34191
G1 X130.239 Y81.448 E2389.34202
G1 X141.016 Y92.225 E2389.35469
G1 X141.124 Y92.192 E2389.35478
G1 X130.365 Y81.433 E2389.36743
G1 X130.493 Y81.419 E2389.36754
G1 X141.233 Y92.16 E2389.38017
G1 X141.342 Y92.127 E2389.38027
G1 X130.619 Y81.404 E2389.39288
G1 X130.746 Y81.39 E2389.39298
G1 X141.451 Y92.095 E2389.40557
G1 X141.56 Y92.063 E2389.40566
G1 X130.873 Y81.375 E2389.41823
G1 X131 Y81.361 E2389.41834
G1 X141.695 Y92.056 E2389.43092
G1 X141.832 Y92.052 E2389.43103
G1 X131.127 Y81.346 E2389.44362
G1 X131.253 Y81.332 E2389.44372
G1 X141.97 Y92.048 E2389.45633
G1 X142.107 Y92.044 E2389.45644
G1 X131.381 Y81.317 E2389.46905
G1 X131.507 Y81.303 E2389.46916
G1 X142.279 Y92.074 E2389.48182
G1 X142.462 Y92.116 E2389.48198
G1 X131.634 Y81.288 E2389.49471
G1 X131.761 Y81.274 E2389.49482
G1 X142.644 Y92.157 E2389.50762
G1 X142.931 Y92.302 E2389.50788
G1 X131.888 Y81.26 E2389.52087
G1 X132.015 Y81.245 E2389.52098
G1 X143.29 Y92.519 E2389.53423
M204 S5000
M205 X30 Y30
G0 F7200 X143.533 Y92.118
G0 X142.179 Y91.633
G0 X140.854 Y91.846
G0 X139.632 Y92.935
G0 X139.277 Y94.269
G0 X139.605 Y95.535
G0 X140.375 Y96.471
G0 X140.619 Y96.071
M204 S3000
M205 X20 Y20
G1 F1000 X144.445 Y99.897 E2389.53873
G1 X144.445 Y99.756 E2389.53885
G1 X140.978 Y96.289 E2389.54293
G1 X141.197 Y96.367 E2389.54312
G1 X144.445 Y99.615 E2389.54694
G1 X144.445 Y99.473 E2389.54706
G1 X141.398 Y96.426 E2389.55064
G1 X141.591 Y96.477 E2389.55081
G1 X144.445 Y99.332 E2389.55416
G1 X144.445 Y99.19 E2389.55428
G1 X141.737 Y96.482 E2389.55747
G1 X141.883 Y96.487 E2389.55759
G1 X144.445 Y99.049 E2389.5606
G1 X144.445 Y98.907 E2389.56072
G1 X142.029 Y96.491 E2389.56356
G1 X142.168 Y96.489 E2389.56368
G1 X144.445 Y98.766 E2389.56635
G1 X144.445 Y98.625 E2389.56647
G1 X142.283 Y96.462 E2389.56901
G1 X142.398 Y96.436 E2389.56911
G1 X144.445 Y98.483 E2389.57152
G1 X144.445 Y98.342 E2389.57164
G1 X142.513 Y96.41 E2389.57391
G1 X142.628 Y96.383 E2389.57401
G1 X144.445 Y98.2 E2389.57614
G1 X144.445 Y98.059 E2389.57626
G1 X142.737 Y96.351 E2389.57827
G1 X142.826 Y96.298 E2389.57835
G1 X144.445 Y97.918 E2389.58026
G1 X144.445 Y97.776 E2389.58038
G1 X142.914 Y96.245 E2389.58218
G1 X143.002 Y96.191 E2389.58226
G1 X144.445 Y97.635 E2389.58396
G1 X144.445 Y97.493 E2389.58408
G1 X143.09 Y96.138 E2389.58567
G1 X143.178 Y96.085 E2389.58576
G1 X144.445 Y97.352 E2389.58725
G1 X144.445 Y97.21 E2389.58736
G1 X143.266 Y96.032 E2389.58875
G1 X143.354 Y95.978 E2389.58884
G1 X144.445 Y97.069 E2389.59012
G1 X144.445 Y96.928 E2389.59024
G1 X143.439 Y95.921 E2389.59142
G1 X143.5 Y95.841 E2389.5915
G1 X144.445 Y96.786 E2389.59262
G1 X144.445 Y96.645 E2389.59273
G1 X143.56 Y95.759 E2389.59377
G1 X143.621 Y95.679 E2389.59386
G1 X144.445 Y96.503 E2389.59483
G1 X144.445 Y96.362 E2389.59494
G1 X143.681 Y95.598 E2389.59584
G1 X143.741 Y95.516 E2389.59593
G1 X144.445 Y96.22 E2389.59675
G1 X144.445 Y96.079 E2389.59687
G1 X143.802 Y95.436 E2389.59763
G1 X143.862 Y95.354 E2389.59771
G1 X144.445 Y95.938 E2389.5984
G1 X144.445 Y95.796 E2389.59852
G1 X143.923 Y95.274 E2389.59913
G1 X143.961 Y95.171 E2389.59922
G1 X144.445 Y95.655 E2389.59979
G1 X144.445 Y95.513 E2389.59991
G1 X143.997 Y95.065 E2389.60044
G1 X144.032 Y94.959 E2389.60053
G1 X144.445 Y95.372 E2389.60101
G1 X144.445 Y95.231 E2389.60113
G1 X144.068 Y94.853 E2389.60158
G1 X144.103 Y94.747 E2389.60167
G1 X144.445 Y95.089 E2389.60207
G1 X144.445 Y94.948 E2389.60219
G1 X144.128 Y94.63 E2389.60256
G1 X144.128 Y94.489 E2389.60268
G1 X144.445 Y94.806 E2389.60305
G1 X144.445 Y94.665 E2389.60317
G1 X144.128 Y94.347 E2389.60354
G1 X144.128 Y94.206 E2389.60366
G1 X144.445 Y94.523 E2389.60403
G1 X144.445 Y94.382 E2389.60415
G1 X144.128 Y94.065 E2389.60452
G1 X144.128 Y93.923 E2389.60464
G1 X144.445 Y94.241 E2389.60501
G1 X144.445 Y94.099 E2389.60513
G1 X144.087 Y93.741 E2389.60555
G1 X144.017 Y93.529 E2389.60574
G1 X144.445 Y93.958 E2389.60624
G1 X144.445 Y93.816 E2389.60636
G1 X143.946 Y93.317 E2389.60695
G1 X143.932 Y93.277 E2389.60698
G1 X143.598 Y92.828 E2389.60745
G1 X144.445 Y93.675 E2389.60844
G1 X144.445 Y93.533 E2389.60856
G1 X132.142 Y81.231 E2389.62303
G1 X132.269 Y81.216 E2389.62313
G1 X144.445 Y93.392 E2389.63745
G1 X144.445 Y93.251 E2389.63757
G1 X132.396 Y81.202 E2389.65174
G1 X132.523 Y81.187 E2389.65184
G1 X144.445 Y93.109 E2389.66586
G1 X144.445 Y92.968 E2389.66598
G1 X132.65 Y81.173 E2389.67985
G1 X132.776 Y81.158 E2389.67996
G1 X144.445 Y92.826 E2389.69368
G1 X144.445 Y92.685 E2389.69379
G1 X132.904 Y81.144 E2389.70737
G1 X133.03 Y81.129 E2389.70747
G1 X144.445 Y92.544 E2389.72089
G1 X144.445 Y92.402 E2389.72101
G1 X133.158 Y81.115 E2389.73429
G1 X133.284 Y81.1 E2389.73439
G1 X144.445 Y92.261 E2389.74752
G1 X144.445 Y92.119 E2389.74763
G1 X133.411 Y81.086 E2389.76061
G1 X133.538 Y81.071 E2389.76071
G1 X144.445 Y91.978 E2389.77354
G1 X144.445 Y91.836 E2389.77366
G1 X133.665 Y81.057 E2389.78633
G1 X133.792 Y81.042 E2389.78644
G1 X144.445 Y91.695 E2389.79897
G1 X144.445 Y91.554 E2389.79909
G1 X133.919 Y81.028 E2389.81146
G1 X134.046 Y81.013 E2389.81157
G1 X144.445 Y91.412 E2389.8238
G1 X144.445 Y91.271 E2389.82391
G1 X134.173 Y80.999 E2389.83599
G1 X134.3 Y80.984 E2389.8361
G1 X144.445 Y91.129 E2389.84803
G1 X144.445 Y90.988 E2389.84815
G1 X134.427 Y80.97 E2389.85993
G1 X134.553 Y80.955 E2389.86003
G1 X144.445 Y90.846 E2389.87166
G1 X144.445 Y90.705 E2389.87178
G1 X134.681 Y80.941 E2389.88326
G1 X134.807 Y80.926 E2389.88337
G1 X144.445 Y90.564 E2389.8947
G1 X144.445 Y90.422 E2389.89482
G1 X139.554 Y85.531 E2389.90057
G1 X139.913 Y85.749 E2389.90092
G1 X144.445 Y90.281 E2389.90625
G1 X144.445 Y90.139 E2389.90637
G1 X140.161 Y85.856 E2389.91141
G1 X140.362 Y85.915 E2389.91158
G1 X144.445 Y89.998 E2389.91638
G1 X144.445 Y89.857 E2389.9165
G1 X140.563 Y85.974 E2389.92106
G1 X140.711 Y85.981 E2389.92119
G1 X144.445 Y89.715 E2389.92558
G1 X144.445 Y89.574 E2389.9257
G1 X140.857 Y85.986 E2389.92991
G1 X141.003 Y85.99 E2389.93004
G1 X144.445 Y89.432 E2389.93408
G1 X144.445 Y89.291 E2389.9342
G1 X141.147 Y85.993 E2389.93808
G1 X141.262 Y85.967 E2389.93818
G1 X144.445 Y89.149 E2389.94192
G1 X144.445 Y89.008 E2389.94204
G1 X141.378 Y85.941 E2389.94564
G1 X141.493 Y85.914 E2389.94574
G1 X144.445 Y88.867 E2389.94921
G1 X144.445 Y88.725 E2389.94933
G1 X141.608 Y85.888 E2389.95267
G1 X141.723 Y85.861 E2389.95277
G1 X144.445 Y88.584 E2389.95597
G1 X144.445 Y88.442 E2389.95609
G1 X141.811 Y85.808 E2389.95918
G1 X141.899 Y85.755 E2389.95927
G1 X144.445 Y88.301 E2389.96226
G1 X144.445 Y88.159 E2389.96238
G1 X141.987 Y85.701 E2389.96527
G1 X142.075 Y85.648 E2389.96536
G1 X144.445 Y88.018 E2389.96814
G1 X144.445 Y87.877 E2389.96826
G1 X142.163 Y85.594 E2389.97094
G1 X142.251 Y85.541 E2389.97103
G1 X144.445 Y87.735 E2389.97361
G1 X144.445 Y87.594 E2389.97373
G1 X142.339 Y85.487 E2389.9762
G1 X142.427 Y85.434 E2389.97629
G1 X144.445 Y87.452 E2389.97866
G1 X144.445 Y87.311 E2389.97878
G1 X142.489 Y85.354 E2389.98108
G1 X142.549 Y85.274 E2389.98116
G1 X144.445 Y87.17 E2389.98339
G1 X144.445 Y87.028 E2389.98351
G1 X142.61 Y85.192 E2389.98567
G1 X142.67 Y85.111 E2389.98575
G1 X144.445 Y86.887 E2389.98784
G1 X144.445 Y86.745 E2389.98796
G1 X142.73 Y85.031 E2389.98998
G1 X142.791 Y84.949 E2389.99006
G1 X144.445 Y86.604 E2389.99201
G1 X144.445 Y86.462 E2389.99212
G1 X142.851 Y84.869 E2389.994
G1 X142.911 Y84.787 E2389.99408
G1 X144.445 Y86.321 E2389.99589
G1 X144.445 Y86.18 E2389.996
G1 X142.955 Y84.69 E2389.99776
G1 X142.991 Y84.584 E2389.99785
G1 X144.445 Y86.038 E2389.99956
G1 X144.445 Y85.897 E2389.99968
G1 X143.026 Y84.478 E2390.00134
G1 X143.061 Y84.371 E2390.00144
G1 X144.445 Y85.755 E2390.00307
G1 X144.445 Y85.614 E2390.00318
G1 X143.097 Y84.265 E2390.00477
G1 X143.128 Y84.155 E2390.00486
G1 X144.445 Y85.472 E2390.00641
G1 X144.445 Y85.331 E2390.00653
G1 X143.128 Y84.014 E2390.00808
G1 X143.128 Y83.872 E2390.0082
G1 X144.445 Y85.19 E2390.00975
G1 X144.445 Y85.048 E2390.00986
G1 X143.128 Y83.731 E2390.01141
G1 X143.128 Y83.589 E2390.01153
G1 X144.445 Y84.907 E2390.01308
G1 X144.445 Y84.765 E2390.0132
G1 X143.128 Y83.448 E2390.01475
G1 X143.099 Y83.278 E2390.01489
G1 X144.445 Y84.624 E2390.01647
G1 X144.445 Y84.482 E2390.01659
G1 X143.029 Y83.066 E2390.01826
G1 X142.958 Y82.854 E2390.01844
G1 X144.445 Y84.341 E2390.02019
G1 X144.445 Y84.2 E2390.02031
G1 X142.67 Y82.424 E2390.0224
M204 S5000
M205 X30 Y30
G0 F7200 X143.048 Y82.143
G0 X143.685 Y81.601
M204 S3000
M205 X20 Y20
G1 F1000 X143.049 Y80.965 E2390.02314
G1 X142.644 Y80.702 E2390.02354
G1 X143.974 Y82.031 E2390.02511
G1 X144.159 Y82.358 E2390.02542
G1 X142.374 Y80.573 E2390.02752
G1 X142.117 Y80.458 E2390.02775
G1 X144.225 Y82.565 E2390.03023
G1 X144.29 Y82.771 E2390.03041
G1 X141.923 Y80.405 E2390.03319
G1 X141.728 Y80.351 E2390.03336
G1 X144.353 Y82.976 E2390.03645
G1 X144.378 Y83.143 E2390.03659
G1 X141.545 Y80.309 E2390.03992
G1 X141.385 Y80.291 E2390.04006
G1 X144.403 Y83.309 E2390.0436
G1 X144.428 Y83.476 E2390.04374
G1 X141.224 Y80.272 E2390.04751
G1 X141.064 Y80.253 E2390.04765
G1 X144.445 Y83.634 E2390.05162
G1 X144.445 Y83.775 E2390.05174
G1 X140.928 Y80.258 E2390.05588
G1 X140.792 Y80.264 E2390.05599
G1 X144.445 Y83.917 E2390.06028
G1 X144.445 Y84.058 E2390.0604
G1 X140.656 Y80.269 E2390.06486
G1 X140.52 Y80.275 E2390.06497
G1 X142.228 Y81.982 E2390.06698
G1 X141.869 Y81.765 E2390.06733
G1 X140.392 Y80.288 E2390.06906
G1 X140.265 Y80.302 E2390.06917
G1 X141.612 Y81.65 E2390.07075
G1 X141.429 Y81.608 E2390.07091
G1 X140.138 Y80.317 E2390.07243
G1 X140.011 Y80.331 E2390.07254
G1 X141.246 Y81.566 E2390.07399
G1 X141.082 Y81.544 E2390.07412
G1 X139.884 Y80.346 E2390.07553
G1 X139.757 Y80.36 E2390.07564
G1 X140.945 Y81.548 E2390.07704
G1 X140.809 Y81.553 E2390.07715
G1 X139.63 Y80.375 E2390.07854
G1 X139.503 Y80.389 E2390.07864
G1 X140.671 Y81.557 E2390.08002
G1 X140.541 Y81.569 E2390.08012
G1 X139.377 Y80.404 E2390.08149
G1 X139.249 Y80.418 E2390.0816
G1 X140.432 Y81.601 E2390.08299
G1 X140.323 Y81.633 E2390.08309
G1 X139.123 Y80.433 E2390.0845
G1 X138.995 Y80.447 E2390.0846
G1 X140.214 Y81.665 E2390.08604
G1 X140.104 Y81.697 E2390.08613
G1 X138.869 Y80.462 E2390.08758
G1 X138.742 Y80.476 E2390.08769
G1 X140 Y81.735 E2390.08917
G1 X139.912 Y81.788 E2390.08926
G1 X138.615 Y80.491 E2390.09078
G1 X138.488 Y80.505 E2390.09089
G1 X139.824 Y81.841 E2390.09246
G1 X139.736 Y81.894 E2390.09254
G1 X138.361 Y80.52 E2390.09416
G1 X138.234 Y80.534 E2390.09427
G1 X139.648 Y81.948 E2390.09593
G1 X139.56 Y82.001 E2390.09601
G1 X138.107 Y80.549 E2390.09772
G1 X137.98 Y80.563 E2390.09783
G1 X139.483 Y82.066 E2390.0996
G1 X139.418 Y82.142 E2390.09968
G1 X137.854 Y80.578 E2390.10152
G1 X137.726 Y80.592 E2390.10163
G1 X139.353 Y82.218 E2390.10354
G1 X139.288 Y82.295 E2390.10362
G1 X137.6 Y80.607 E2390.10561
G1 X137.472 Y80.621 E2390.10571
G1 X139.223 Y82.372 E2390.10777
G1 X139.158 Y82.448 E2390.10786
G1 X137.346 Y80.636 E2390.10999
G1 X137.219 Y80.65 E2390.11009
G1 X139.093 Y82.525 E2390.1123
G1 X139.028 Y82.601 E2390.11238
G1 X137.092 Y80.665 E2390.11466
G1 X136.965 Y80.679 E2390.11476
G1 X138.972 Y82.686 E2390.11712
G1 X138.931 Y82.787 E2390.11721
G1 X136.838 Y80.694 E2390.11968
G1 X136.711 Y80.708 E2390.11978
G1 X138.89 Y82.887 E2390.12234
G1 X138.849 Y82.988 E2390.12243
G1 X136.584 Y80.723 E2390.1251
G1 X136.457 Y80.737 E2390.1252
G1 X138.808 Y83.088 E2390.12797
G1 X138.767 Y83.188 E2390.12806
G1 X136.33 Y80.752 E2390.13092
G1 X136.203 Y80.766 E2390.13103
G1 X138.748 Y83.311 E2390.13402
G1 X138.732 Y83.437 E2390.13413
G1 X136.077 Y80.781 E2390.13725
G1 X135.949 Y80.795 E2390.13736
G1 X138.716 Y83.562 E2390.14061
G1 X138.7 Y83.687 E2390.14072
G1 X135.823 Y80.81 E2390.1441
G1 X135.696 Y80.825 E2390.14421
G1 X138.697 Y83.826 E2390.14774
G1 X138.718 Y83.988 E2390.14787
G1 X135.569 Y80.839 E2390.15157
G1 X135.442 Y80.854 E2390.15168
G1 X138.738 Y84.149 E2390.15556
G1 X138.759 Y84.311 E2390.15569
G1 X135.315 Y80.868 E2390.15974
G1 X135.188 Y80.883 E2390.15985
G1 X138.843 Y84.538 E2390.16415
G1 X138.94 Y84.775 E2390.16436
G1 X135.061 Y80.897 E2390.16892
G1 X134.935 Y80.912 E2390.16902
G1 X139.414 Y85.391 E2390.17429
M204 S5000
M205 X30 Y30
G0 F7200 X139.057 Y85.694
G0 X139.994 Y86.308
G0 X141.312 Y86.45
G0 X142.601 Y85.892
G0 X143.785 Y84.255
G0 X143.936 Y92.434
G0 X142.75 Y91.689
G0 X141.286 Y91.644
G0 X140.097 Y92.278
G0 X139.34 Y93.46
G0 X139.289 Y94.907
G0 X140.716 Y96.692
G0 X142.063 Y96.974
G0 X143.04 Y96.733
G0 X143.936 Y96.103
G0 X143.954 Y123.797
G0 X135.498 Y123.784
G0 X136.234 Y122.667
G0 X136.334 Y121.432
G0 X135.922 Y120.289
G0 X135.514 Y120.524
M204 S3000
M205 X20 Y20
G1 F1000 X139.279 Y124.288 E2390.17872
G1 X139.138 Y124.288 E2390.17884
G1 X135.71 Y120.86 E2390.18287
G1 X135.791 Y121.083 E2390.18306
G1 X138.996 Y124.288 E2390.18683
G1 X138.855 Y124.288 E2390.18695
G1 X135.842 Y121.276 E2390.19049
G1 X135.893 Y121.468 E2390.19066
G1 X138.713 Y124.288 E2390.19397
G1 X138.572 Y124.288 E2390.19409
G1 X135.898 Y121.614 E2390.19724
G1 X135.898 Y121.756 E2390.19735
G1 X138.431 Y124.288 E2390.20033
G1 X138.289 Y124.288 E2390.20045
G1 X135.898 Y121.897 E2390.20326
G1 X135.898 Y122.038 E2390.20338
G1 X138.148 Y124.288 E2390.20602
G1 X138.006 Y124.288 E2390.20614
G1 X135.871 Y122.154 E2390.20865
G1 X135.842 Y122.265 E2390.20875
G1 X137.865 Y124.288 E2390.21113
G1 X137.723 Y124.288 E2390.21124
G1 X135.811 Y122.376 E2390.21349
G1 X135.782 Y122.488 E2390.21359
G1 X137.582 Y124.288 E2390.21571
G1 X137.441 Y124.288 E2390.21582
G1 X135.752 Y122.6 E2390.21781
G1 X135.701 Y122.69 E2390.21789
G1 X137.299 Y124.288 E2390.21977
G1 X137.158 Y124.288 E2390.21989
G1 X135.649 Y122.779 E2390.22167
G1 X135.597 Y122.869 E2390.22175
G1 X137.016 Y124.288 E2390.22342
G1 X136.875 Y124.288 E2390.22354
G1 X135.546 Y122.959 E2390.2251
G1 X135.493 Y123.048 E2390.22519
G1 X136.733 Y124.288 E2390.22665
G1 X136.592 Y124.288 E2390.22676
G1 X135.434 Y123.13 E2390.22812
G1 X135.363 Y123.201 E2390.22821
G1 X136.451 Y124.288 E2390.22949
G1 X136.309 Y124.288 E2390.2296
G1 X135.292 Y123.272 E2390.2308
G1 X135.222 Y123.342 E2390.23088
G1 X136.168 Y124.288 E2390.23199
G1 X136.026 Y124.288 E2390.23211
G1 X135.151 Y123.413 E2390.23314
G1 X135.08 Y123.484 E2390.23322
G1 X135.885 Y124.288 E2390.23417
G1 X135.743 Y124.288 E2390.23429
G1 X134.996 Y123.541 E2390.23517
G1 X134.906 Y123.593 E2390.23525
G1 X135.602 Y124.288 E2390.23607
G1 X135.461 Y124.288 E2390.23619
G1 X134.816 Y123.644 E2390.23695
G1 X134.727 Y123.697 E2390.23703
G1 X135.319 Y124.288 E2390.23773
G1 X135.178 Y124.288 E2390.23785
G1 X134.638 Y123.748 E2390.23848
G1 X134.544 Y123.796 E2390.23857
G1 X135.036 Y124.288 E2390.23915
G1 X134.895 Y124.288 E2390.23926
G1 X134.432 Y123.825 E2390.23981
G1 X134.32 Y123.855 E2390.23991
G1 X134.754 Y124.288 E2390.24042
G1 X134.612 Y124.288 E2390.24053
G1 X134.208 Y123.885 E2390.24101
G1 X134.097 Y123.914 E2390.2411
G1 X134.471 Y124.288 E2390.24154
G1 X134.329 Y124.288 E2390.24166
G1 X133.976 Y123.936 E2390.24208
G1 X133.835 Y123.936 E2390.24219
G1 X134.188 Y124.288 E2390.24261
G1 X134.046 Y124.288 E2390.24273
G1 X133.694 Y123.936 E2390.24314
G1 X133.552 Y123.936 E2390.24326
G1 X133.905 Y124.288 E2390.24367
G1 X133.764 Y124.288 E2390.24379
G1 X133.399 Y123.923 E2390.24422
G1 X133.206 Y123.873 E2390.24438
G1 X133.622 Y124.288 E2390.24487
G1 X133.481 Y124.288 E2390.24499
G1 X133.013 Y123.821 E2390.24554
G1 X132.767 Y123.716 E2390.24576
G1 X133.339 Y124.288 E2390.24643
G1 X133.198 Y124.288 E2390.24655
G1 X132.432 Y123.523 E2390.24745
;TIME_ELAPSED:3726.321146
G1 F1500 E2383.74745
M140 S0
M204 S4000
M107
G91 ;Relative positioning
G1 E-2 F2700 ;Retract a bit
G1 E-2 Z0.2 F2400 ;Retract and raise Z
G1 X5 Y5 F3000 ;Wipe out
G1 Z10 ;Raise Z more
G90 ;Absolute positioning

G1 X0 Y220 ;Present print
M106 S0 ;Turn-off fan
M104 S0 ;Turn-off hotend
M140 S0 ;Turn-off bed

M84 X Y E ;Disable all steppers but Z
M82 ;absolute extrusion mode
M104 S0
;End of Gcode
;SETTING_3 {"global_quality": "[general]\\nversion = 4\\nname = 20240330 - Robot
;SETTING_3  build\\ndefinition = hellbot_magna_I\\n\\n[metadata]\\ntype = qualit
;SETTING_3 y_changes\\nquality_type = fast\\nsetting_version = 20\\n\\n[values]\
;SETTING_3 \nacceleration_enabled = True\\nadhesion_type = none\\njerk_enabled =
;SETTING_3  True\\njerk_travel_enabled = True\\nlayer_height = 0.2\\nremove_empt
;SETTING_3 y_first_layers = False\\nsmooth_spiralized_contours = False\\nsupport
;SETTING_3 _enable = False\\nsupport_type = everywhere\\n\\n", "extruder_quality
;SETTING_3 ": ["[general]\\nversion = 4\\nname = 20240330 - Robot build\\ndefini
;SETTING_3 tion = hellbot_magna_I\\n\\n[metadata]\\ntype = quality_changes\\nqua
;SETTING_3 lity_type = fast\\nintent_category = default\\nposition = 0\\nsetting
;SETTING_3 _version = 20\\n\\n[values]\\nhole_xy_offset = 0.25\\ninfill_sparse_d
;SETTING_3 ensity = 20\\nironing_enabled = True\\nironing_only_highest_layer = T
;SETTING_3 rue\\nline_width = 0.5\\nmeshfix_union_all = False\\nspeed_print = 50
;SETTING_3 \\nsupport_angle = 75\\ntop_bottom_thickness = 1.5\\nxy_offset_layer_
;SETTING_3 0 = -0.2\\n\\n"]}
